date,open,high,low,close,volume
2015-01-02,24.6272013529,24.6382565215,23.7339980442,24.1717567444,212818400
2015-01-05,23.9418224925,24.0214149815,23.305084267,23.4907989502,257142000
2015-01-06,23.5549087226,23.7516785199,23.1326263729,23.4930038452,263188400
2015-01-07,23.7008371638,23.921927069,23.5902922112,23.8224372864,160423600
2015-01-08,24.1496489732,24.795231035,24.0324699168,24.7377471924,237458000
2015-01-09,24.910198777,25.0384313246,24.3663178221,24.7642803192,214798000
2015-01-12,24.8947167451,24.9013491707,24.0545763281,24.1540660858,198603200
2015-01-13,24.6360488635,24.938942649,24.0789030296,24.3685302734,268367600
2015-01-14,24.1076346371,24.4282142076,23.9882459296,24.2756633759,195826400
2015-01-15,24.3198871861,24.3331520393,23.5814477848,23.6168212891,240056000
2015-01-16,23.6632528006,23.7848529259,23.2586578605,23.4333190918,314053200
2015-01-20,23.8423374397,24.0921701423,23.5460777407,24.0368976593,199599600
2015-01-21,24.0877388729,24.5542385989,23.937397705,24.2203941345,194303600
2015-01-22,24.3773679508,24.8659763292,24.2579792263,24.8505001068,215185600
2015-01-23,24.828389995,25.148969592,24.6581498716,24.9787311554,185859200
2015-01-26,25.1467674203,25.2838437801,24.9389440393,25.0052700043,222460000
2015-01-27,24.8549238325,24.8681903723,24.1054292764,24.1297492981,382274800
2015-01-28,26.0067981603,26.1151334001,25.4938697815,25.4938697815,585908400
2015-01-29,25.7171795334,26.3517082137,25.5491507212,26.2875919342,337745600
2015-01-30,26.177042138,26.5307856088,25.8343521492,25.9028911591,334982000
2015-02-02,26.0996629713,26.3472825759,25.664115605,26.2278938293,250956400
2015-02-03,26.1991493386,26.329591551,26.0023794912,26.2323131561,207662800
2015-02-04,26.1991531649,26.6435443365,26.1571455442,26.4335079193,280598800
2015-02-05,26.6399309246,26.6865445266,26.4690205934,26.6221752167,168984800
2015-02-06,26.6399313348,26.6909834412,26.2914503713,26.3979930878,174826400
2015-02-09,26.3136495203,26.5999795949,26.2870134163,26.5733451843,155559200
2015-02-10,26.673233915,27.1127204216,26.6710155092,27.083864212,248034000
2015-02-11,27.2503252404,27.7275447766,27.1903961329,27.7186660767,294247200
2015-02-12,27.9805830528,28.2957709867,27.8718219375,28.0693683624,297898000
2015-02-13,28.2513715504,28.2513715504,27.8895734794,28.2069797516,217088800
2015-02-17,28.2979926551,28.6065220226,28.1714741246,28.3734607697,252609600
2015-02-18,28.3290630419,28.5843201635,28.2891097386,28.5710029602,179566800
2015-02-19,28.5177288527,28.6398088528,28.4844358467,28.5110702515,149449600
2015-02-20,28.5488087737,28.7441368103,28.4222919404,28.7441368103,195793600
2015-02-23,28.8595528889,29.5209999084,28.7796462875,29.5209999084,283896400
2015-02-24,29.5076887689,29.6541847994,29.1148142825,29.3367767334,276912400
2015-02-25,29.2013771092,29.2102575031,28.4444844007,28.5865402222,298846800
2015-02-26,28.5865415042,29.0482237915,28.1026650049,28.9483413696,365150000
2015-02-27,28.8551148596,28.9816350659,28.4644622162,28.51329422,248059200
2015-03-02,28.6886443797,28.917265414,28.4777807463,28.6531295776,192386800
2015-03-03,28.6242805638,28.7485790005,28.4311709189,28.7130641937,151265200
2015-03-04,28.6553496205,28.7574504365,28.4822192048,28.531047821,126665200
2015-03-05,28.5399333518,28.5776665634,27.9139992859,28.0582752228,226068400
2015-03-06,28.499972304,28.7152761142,28.0249745719,28.100440979,291368400
2015-03-09,28.4023136222,28.7596749796,27.7586222075,28.2203044891,354114000
2015-03-10,28.0582761123,28.2380651677,27.4789539411,27.6365470886,275426400
2015-03-11,27.6898147277,27.6942532314,27.1038340144,27.1326885223,275756000
2015-03-12,27.1482210356,27.7231045414,26.9972865335,27.6232204437,193450800
2015-03-13,27.6121256131,27.8340880349,27.2081540731,27.4323348999,207309200
2015-03-16,27.4967055111,27.734205246,27.2725246737,27.734205246,143497200
2015-03-17,27.9450716261,28.2602578855,27.889581016,28.1981086731,204092400
2015-03-18,28.189227437,28.6686670787,28.0493917215,28.5155124664,261083600
2015-03-19,28.5776620753,28.6886432872,28.2780131417,28.3002090454,183238000
2015-03-20,28.4666913531,28.4999843742,27.7808280234,27.9450798035,274780400
2015-03-23,28.2158659444,28.377897577,28.0826871258,28.2358417511,150838800
2015-03-24,28.2402803699,28.4200677007,28.0915642566,28.1204204559,131369200
2015-03-25,28.0871232267,28.1492724298,27.3857212067,27.3857212067,206620800
2015-03-26,27.2481071322,27.7186663784,27.2125923321,27.5766105652,190291600
2015-03-27,27.6498667868,27.6787213003,27.281409941,27.3568763733,158184800
2015-03-30,27.5344436785,28.0560551177,27.5233448781,28.0493965149,188398800
2015-03-31,27.9872387541,28.0760240546,27.6032447429,27.6187820435,168362400
2015-04-01,27.7053511469,27.771940555,27.3235754867,27.5788326263,162485600
2015-04-02,27.7519663609,27.8696061948,27.5655187056,27.8163356781,128880400
2015-04-06,27.6276687886,28.3024348976,27.5965941784,28.2669200897,148776000
2015-04-07,28.3312805233,28.4378215266,27.9628238208,27.9694824219,140049200
2015-04-08,27.9339715188,28.0560515329,27.7386451898,27.8784809113,149316800
2015-04-09,27.9339710587,28.0960043753,27.6698369225,28.0915641785,129936000
2015-04-10,27.9561743069,28.2358475121,27.8030213438,28.2114315033,160752000
2015-04-13,28.4933213129,28.5377165166,28.1026685833,28.1559391022,145460400
2015-04-14,28.1892342148,28.2536035355,27.9472959308,28.0338611603,102098400
2015-04-15,28.0582749078,28.2180864539,27.9694895867,28.1403999329,115881600
2015-04-16,28.0294170724,28.2114262081,27.9916838634,28.0050010681,113476000
2015-04-17,27.8673842383,27.9983412614,27.6254443049,27.6898136139,207828000
2015-04-20,27.8718214133,28.4378245764,27.7830361053,28.3224048615,188217200
2015-04-21,28.4333843749,28.4555785825,28.1159763864,28.1692485809,129740400
2015-04-22,28.1870127532,28.6043015747,28.0382983091,28.5488109589,150618000
2015-04-23,28.4777824219,28.9483417224,28.4422676178,28.7818698883,183083600
2015-04-24,28.963880449,28.9949550556,28.6842056028,28.9172668457,178103600
2015-04-27,29.3678528962,29.5498637413,29.1103756266,29.4433193207,387816800
2015-04-28,29.8450675211,29.8628215336,28.7596714577,28.9794120789,475696000
2015-04-29,28.8906274409,29.2080320543,28.4777772323,28.5532436371,253544400
2015-04-30,28.5532472012,28.5532472012,27.6520802665,27.7785987854,332781600
2015-05-01,27.9894643236,28.8839744106,27.8118953815,28.6220569611,234050400
2015-05-04,28.7441351844,28.9816366143,28.4689005471,28.5665645599,203953200
2015-05-05,28.4444899595,28.5110793797,27.9184399749,27.9228801727,197085600
2015-05-06,28.091566948,28.1337403552,27.38128779,27.7475261688,288564000
2015-05-07,27.8099284799,28.1019149476,27.642761317,27.9191455841,175763600
2015-05-08,28.2356489082,28.4451656342,28.1086019298,28.4451656342,222201600
2015-05-11,28.393904465,28.4317952868,28.0016183141,28.155412674,168143200
2015-05-12,27.9949336014,28.2802320192,27.8210799844,28.0551147461,192640000
2015-05-13,28.1175176493,28.3493229901,28.0551088461,28.0863132477,138776800
2015-05-14,28.3983648987,28.7416133881,28.3426424985,28.7416133881,180814000
2015-05-15,28.7683636877,28.8619769161,28.5766784864,28.7014961243,152832000
2015-05-18,28.6145662266,29.1361270432,28.6101074826,29.0179958344,203531600
2015-05-19,29.1294433676,29.1717929372,28.8954085993,28.9912528992,178532800
2015-05-20,28.9756522822,29.1940831701,28.8285443082,28.989025116,145819600
2015-05-21,28.9912527286,29.3389599704,28.9377579988,29.2854652405,158921600
2015-05-22,29.3322747198,29.6376324043,29.2876940759,29.5417881012,182384000
2015-05-26,29.5551568613,29.6242520803,28.7794987478,28.8909435272,282790400
2015-05-27,29.051431958,29.4793796159,28.9867954653,29.4303436279,183332800
2015-05-28,29.3902280484,29.4102872998,29.2208331465,29.3723964691,122933200
2015-05-29,29.2497940858,29.2988300578,28.9533505823,29.0380496979,203538000
2015-06-01,29.0380525157,29.2854600711,28.9867888676,29.0960025787,128451200
2015-06-02,28.9444417062,29.1227540548,28.8240828265,28.9667320251,134670400
2015-06-03,29.1227540961,29.185162908,28.9533558342,29.0023918152,123934000
2015-06-04,28.882034259,29.104923855,28.7326986378,28.8329982758,153800400
2015-06-05,28.8641992394,28.9065488018,28.6101052663,28.674741745,142507200
2015-06-08,28.7304670378,28.7995656682,28.2690873511,28.4852905273,210699200
2015-06-09,28.2401120177,28.5477007582,27.9993925389,28.400592804,224301600
2015-06-10,28.5120414541,28.8285443249,28.4964392478,28.7260169983,156349200
2015-06-11,28.7928695231,29.015759066,28.6368475233,28.661365509,141563600
2015-06-12,28.5722121867,28.6034165879,28.3314910627,28.3448638916,147544800
2015-06-15,28.1063789221,28.3604729365,28.019452112,28.2891483307,175955600
2015-06-16,28.3136687717,28.496438196,28.1665625035,28.4407157898,125976400
2015-06-17,28.4674497074,28.5031111463,28.24901723,28.3738365173,131672400
2015-06-18,28.3582454456,28.5989649287,28.3560160734,28.5031223297,141628800
2015-06-19,28.4652267725,28.4897447613,28.1732419801,28.2178192139,218867600
2015-06-22,28.4161981129,28.5432451324,28.3248142499,28.4429454803,136157200
2015-06-23,28.4139648154,28.442939849,28.2802297051,28.3136634827,121075600
2015-06-24,28.3537851634,28.9310700985,28.3337259161,28.5543861389,221123600
2015-06-25,28.7215488218,28.7973304559,28.4184188843,28.4184188843,127752400
2015-06-26,28.4563130465,28.527637646,28.1977620109,28.2512550354,176267200
2015-06-29,27.9637246654,28.1888436026,27.7452938437,27.7564373016,196645600
2015-06-30,27.9882490116,28.1108389806,27.8299975883,27.9570446014,177482800
2015-07-01,28.2846867651,28.2936025519,28.0818564402,28.2178192139,120955200
2015-07-02,28.1799300519,28.2378818196,28.0328221108,28.1821594238,108844000
2015-07-06,27.8478230674,28.1353508132,27.8277621221,28.0840854645,112241600
2015-07-07,28.0595651751,28.117516934,27.5870387193,28.0149879456,187787200
2015-07-08,27.7452942484,27.7809556951,27.3128879411,27.3195743561,243046400
2015-07-09,27.6048763034,27.6516829148,26.5728980794,26.7623538971,314380000
2015-07-10,27.1791539654,27.6048721482,27.0164438356,27.4778251648,245418000
2015-07-13,27.8678887698,28.0305989398,27.7096373445,28.008310318,165762000
2015-07-14,28.0930044581,28.1665584318,27.8701148655,27.9971618652,127072400
2015-07-15,28.0216846158,28.3404168554,27.9904802036,28.2668628693,134596800
2015-07-16,28.4719133001,28.6569137525,28.3849865035,28.6435375214,144889600
2015-07-17,28.7705846619,28.8909435272,28.5989587493,28.8909435272,184658800
2015-07-20,29.1918508744,29.6376300697,29.1316697308,29.4370307922,235600800
2015-07-21,29.6108822096,29.6264827117,29.0469718415,29.1428127289,307025600
2015-07-22,27.1902984765,27.9726413522,27.1902984765,27.9102325439,461802400
2015-07-23,28.1286599387,28.327031498,27.874565993,27.896856308,203998000
2015-07-24,27.9325156681,28.0261288621,27.6160129455,27.7497463226,168649200
2015-07-27,27.4354813303,27.55138488,27.2192798367,27.364156723,177822000
2015-07-28,27.5001144409,27.618247341,27.3151173908,27.5001144409,134472400
2015-07-29,27.4488539932,27.5268650114,27.252710061,27.4131908417,148046800
2015-07-30,27.2638544589,27.3195768561,27.1278916735,27.2749996185,134513200
2015-07-31,27.3262543745,27.3351701592,26.9495722481,27.0364990234,171540000
2015-08-03,27.0810856498,27.3195774472,26.1939843182,26.3990440369,279904000
2015-08-04,26.1716957892,26.2341046036,25.2422465878,25.5520629883,496554400
2015-08-05,25.1753779318,26.1761533923,24.9859221248,25.7214584351,397250400
2015-08-06,25.965512864,26.0841788119,25.5513009241,25.7774372101,211612000
2015-08-07,25.6542846212,26.02819462,25.6363723354,25.8647480011,154681600
2015-08-10,26.0908857822,26.8655742046,26.0908857822,26.8051223755,219806400
2015-08-11,26.3774816207,26.4603246803,25.3744173018,25.4102401733,388331200
2015-08-12,25.1952945256,25.8423609665,24.5459886217,25.8020591736,404870000
2015-08-13,25.9811756061,26.0617791825,25.6453279406,25.7819061279,194143200
2015-08-14,25.5960673775,26.0416247562,25.5266594137,25.9632606506,171718000
2015-08-17,25.9811838089,26.3416605536,25.8602784061,26.2319507599,163538800
2015-08-18,26.0685041895,26.2946421681,25.9744672231,26.0841770172,138242800
2015-08-19,25.9946130976,26.0886500489,25.6766776671,25.7505645752,193146000
2015-08-20,25.5423390493,25.6027908874,24.9937867475,25.2221641541,274006400
2015-08-21,24.7251019495,25.0542328917,23.6548678029,23.6794967651,513102000
2015-08-24,21.241259443,24.3601668105,20.598669887,23.0884227753,648825200
2015-08-25,24.8773646862,24.8773646862,23.1734968129,23.2272319794,414406400
2015-08-26,23.977291651,24.6042081894,23.5205401741,24.5594291687,387098400
2015-08-27,25.1281287695,25.3542650188,24.6333115938,25.282617569,338464400
2015-08-28,25.1146925253,25.3699366602,24.9736370954,25.3654594421,212657600
2015-08-31,25.0833527856,25.6430991272,25.0766361029,25.246799469,224917200
2015-09-01,24.662420602,25.049764058,24.0377435697,24.118347168,307383600
2015-09-02,24.6803314914,25.1527557373,24.4340417839,25.1527557373,247555200
2015-09-03,25.1863432122,25.2512739859,24.6377925395,24.7116794586,212935600
2015-09-04,24.3982150178,24.729583776,24.2952219331,24.4653835297,199985200
2015-09-08,25.0206592474,25.2020164993,24.7004843001,25.1460418701,219374400
2015-09-09,25.4706979393,25.5289103288,24.5773415506,24.6624240875,340043200
2015-09-10,24.6892850472,25.3632199615,24.6064437015,25.204252243,251571200
2015-09-11,25.0296152816,25.5714492798,25.0228985995,25.5714492798,199662000
2015-09-14,26.1020819405,26.171489914,25.7169763298,25.81772995,233453600
2015-09-15,25.9565498933,26.0908886347,25.6184627227,26.0349140167,173364800
2015-09-16,26.028201298,26.0931320697,25.846844055,26.0640258789,148694000
2015-09-17,25.8961020409,26.0819365027,25.4617383923,25.5065174103,256450400
2015-09-18,25.1236496121,25.5915983492,25.0475249446,25.4012832642,297141200
2015-09-21,25.4505414204,25.8311698854,25.4483036654,25.7953453064,200888000
2015-09-22,25.3856101086,25.5647295834,25.1930572711,25.390089035,201384800
2015-09-23,25.4415845548,25.6856347947,25.367699352,25.596075058,143026800
2015-09-24,25.3565011273,25.8602726729,25.1594710933,25.7483234406,200878000
2015-09-25,26.0707463304,26.126720965,25.5289105698,25.6834011078,224607600
2015-09-28,25.4908459398,25.6520531461,25.1751499176,25.1751499176,208436000
2015-09-29,25.2624734949,25.4147245754,24.1496974419,24.4183750153,293461600
2015-09-30,24.666902685,24.9736443115,24.3444899367,24.6960105896,265892000
2015-10-01,24.4206127538,24.5437576294,24.0265508602,24.5348014832,255716400
2015-10-02,24.1832765397,24.8549720141,24.0802834387,24.7139148712,232079200
2015-10-05,24.6019673357,24.935577341,24.4206100916,24.8034763336,208258800
2015-10-06,24.7698871858,25.0184146248,24.5773343644,24.9221382141,192787200
2015-10-07,25.0184186954,25.0251353773,24.4967364723,24.8034763336,187062400
2015-10-08,24.6713762691,24.6713762691,24.2280564874,24.5168857574,247918400
2015-10-09,24.6288293187,25.1393175076,24.5146406317,25.1034946442,211064400
2015-10-12,25.2400745332,25.2445517508,24.9512453104,24.9870681763,121868800
2015-10-13,24.8124335676,25.1773875351,24.7810879119,25.0296154022,132197200
2015-10-14,24.9176741519,24.9691698707,24.5303288416,24.675863266,177849600
2015-10-15,24.8370586152,25.0990194285,24.7385427367,25.0452842712,150694000
2015-10-16,25.0273672585,25.0766251885,24.7474942096,24.8616828918,156930400
2015-10-19,24.8079543661,25.0206572568,24.6534638552,25.0161800385,119036800
2015-10-20,24.9288556329,25.5624887334,24.8124291764,25.4729290009,195871200
2015-10-21,25.5244306608,25.8781907238,25.4572604231,25.4706954956,167180800
2015-10-22,25.5983106725,25.8602714539,25.5468132764,25.8602714539,166616400
2015-10-23,26.128955175,26.6954198346,26.0461138204,26.6618347168,237467600
2015-10-26,26.4379324999,26.4491263988,25.7304124946,25.8110160828,265335200
2015-10-27,25.8378791655,26.0931232391,25.5221815593,25.6475658417,279537600
2015-10-28,26.1804451446,26.7110850722,25.9856528832,26.704366684,342205600
2015-10-29,26.5767555191,27.0223148353,26.4804790804,26.9864902496,204909200
2015-10-30,27.0894713821,27.1409687742,26.7446675846,26.7558631897,197461200
2015-11-02,27.0469363305,27.1723189293,26.7804965999,27.1320171356,128813200
2015-11-03,27.0446963941,27.6492215798,27.0245446435,27.4432353973,182076000
2015-11-04,27.5686328442,27.7231234183,27.2305472023,27.3156280518,179544400
2015-11-05,27.3988123395,27.5876930235,27.0233017362,27.1896953583,158210800
2015-11-06,27.2324177707,27.3898169057,27.1222383762,27.2211742401,132169200
2015-11-09,27.1986922132,27.3898202477,26.9940733128,27.1109981537,135485600
2015-11-10,26.2857689754,26.5488511069,26.0968883087,26.2565364838,236511600
2015-11-11,26.1666004103,26.4026991471,25.9057655595,26.1081371307,180872000
2015-11-12,26.1418601561,26.2677794542,26.0046973283,26.0204372406,130102400
2015-11-13,25.9035184519,25.9867161362,25.244687558,25.260427475,183249600
2015-11-16,25.0445637408,25.6876546849,24.9591187268,25.6741638184,152426800
2015-11-17,25.8405454017,25.8697778863,25.480774832,25.5639724731,110467600
2015-11-18,26.0294338204,26.4184352757,25.9709705492,26.3734645844,186698800
2015-11-19,26.4521707589,26.926619048,26.2542972657,26.7085075378,173183200
2015-11-20,26.8029371358,26.9648343502,26.7242375776,26.8254241943,137148400
2015-11-23,26.8186799035,26.9221155802,26.3847060471,26.4768981934,129930000
2015-11-24,26.3824603845,26.8366705659,26.3352406416,26.7309875488,171212800
2015-11-25,26.8051871309,26.809685229,26.5151215642,26.539855957,85553200
2015-11-27,26.5983132686,26.6252967044,26.4431615148,26.4903812408,52185600
2015-11-30,26.5308600718,26.8501581125,26.4768949065,26.600566864,156721200
2015-12-01,26.7017536034,26.7152444668,26.2767742518,26.3847045898,139409600
2015-12-02,26.384704316,26.5578450667,26.1013858948,26.1463565826,133546400
2015-12-03,26.2070691979,26.261034367,25.6831522728,25.9035110474,166278000
2015-12-04,25.9237527585,26.8141858956,25.883278447,26.7647171021,231108000
2015-12-07,26.7534701685,26.9513435893,26.4903863364,26.5960693359,128336800
2015-12-08,26.4251775422,26.6680233637,26.276772906,26.5848274231,137238000
2015-12-09,26.4521616228,26.4634051523,25.8765285939,25.9979515076,185445600
2015-12-10,26.0923874997,26.2947589956,25.9732136509,26.1216182709,116850800
2015-12-11,25.9012654989,25.9462361904,25.3750994885,25.4493026733,187544800
2015-12-14,25.2244447921,25.3368732318,24.6870369877,25.2919025421,257274800
2015-12-15,25.1704820892,25.3638591616,24.8129587239,24.8444385529,213292400
2015-12-16,24.9748481111,25.1817159836,24.4644238604,25.0355587006,224954000
2015-12-17,25.188467206,25.2401850438,24.5049037933,24.5049037933,179091200
2015-12-18,24.4891645596,24.6263256834,23.7921068326,23.8415756226,385813200
2015-12-21,24.1226447149,24.1428827253,23.7381396735,24.1338882446,190362400
2015-12-22,24.1496315879,24.2215857278,23.9360165019,24.1114063263,131157600
2015-12-23,24.1204036777,24.4756780617,24.1046637602,24.4217128754,130629600
2015-12-24,24.5094017476,24.5094017476,24.2733013197,24.2912902832,54281600
2015-12-28,24.1923536929,24.2148407559,23.8753063475,24.0192146301,106816800
2015-12-29,24.0506904129,24.6060871518,24.0282050692,24.4509353638,123724800
2015-12-30,24.4149673392,24.4419490745,24.1001672751,24.13164711,100855200
2015-12-31,24.0619375358,24.066433919,23.569500372,23.6684379578,163649200
2016-01-04,23.0725656211,23.6931711179,22.935402781,23.6886730194,270597600
2016-01-05,23.7786198863,23.8011052357,23.0275985781,23.0950546265,223164000
2016-01-06,22.6116151796,23.0186074407,22.4564650449,22.6430950165,273829600
2016-01-07,22.1888840737,22.5149259676,21.6829559321,21.6874523163,324377600
2016-01-08,22.1596473735,22.2855666839,21.7571533313,21.8021240234,283192000
2016-01-11,22.2540851262,22.2743214214,21.8875673231,22.1551475525,198957600
2016-01-12,22.6093586432,22.6408384673,22.2248518913,22.4766921997,196616800
2016-01-13,22.5576420654,22.753268168,21.8785750446,21.8988113403,249758400
2016-01-14,22.0269818096,22.5936221607,21.5277992151,22.3777580261,252680400
2016-01-15,21.6312341093,21.9707685246,21.4423551279,21.8403511047,319335600
2016-01-19,22.1281644221,22.1821295882,21.4738301359,21.734664917,212350800
2016-01-20,21.3838864038,22.0786949725,21.0061268217,21.7638950348,289337600
2016-01-21,21.8246147149,22.0089973427,21.3479190854,21.6537246704,208646000
2016-01-22,22.1776304166,22.8139757115,22.119168871,22.8049812317,263202000
2016-01-25,22.8274747458,22.8297237954,22.3080557872,22.3597736359,207178000
2016-01-26,22.4699457221,22.6835590494,22.051711832,22.4834365845,300308000
2016-01-27,21.5952578478,21.7279226013,20.9881431613,21.0061321259,533478800
2016-01-28,21.0893356247,21.2534802537,20.7745355206,21.156791687,222715200
2016-01-29,21.3141798,21.8875637054,21.2152422427,21.8875637054,257666000
2016-02-01,21.6919416391,21.7459068054,21.4513448666,21.6829471588,163774000
2016-02-02,21.4558386682,21.5952505228,21.1995020149,21.244474411,149428800
2016-02-03,21.3614025242,21.7751383392,21.1545346168,21.6649589539,183857200
2016-02-04,21.6717423442,22.0040758253,21.5202711613,21.8390388489,185886800
2016-02-05,21.8209546885,21.9113858476,21.1811579894,21.2557621002,185672400
2016-02-08,21.054553989,21.6355719093,21.0342078834,21.4795799255,216085600
2016-02-09,21.3168062567,21.6898337518,21.2354183769,21.4750595093,177324800
2016-02-10,21.6853080958,21.7825212868,21.2738479741,21.3122806549,169374400
2016-02-11,21.2037641956,21.414015896,20.932470733,21.1834163666,200298800
2016-02-12,21.294194098,21.364277419,21.0274231575,21.2489776611,161405600
2016-02-16,21.4818362203,21.8955575527,21.3891455453,21.8480815887,196231600
2016-02-17,21.854867382,22.203026236,21.7373080783,22.18268013,179452800
2016-02-18,22.3454520118,22.3567565529,21.7237402017,21.7621746063,156084000
2016-02-19,21.7033933885,21.8752124024,21.6581786755,21.712436676,141496800
2016-02-22,21.7734780057,21.9068643491,21.6853081028,21.9023418427,137123200
2016-02-23,21.7938198749,21.8164272265,21.3755778326,21.4072284698,127770400
2016-02-24,21.2467214161,21.7893049434,21.0975097387,21.7260036469,145022800
2016-02-25,21.7146991408,21.875213623,21.5338368292,21.875213623,110330800
2016-02-26,21.9746813648,22.1600644161,21.8345147437,21.9091205597,115964400
2016-02-29,21.8978210322,22.2075471809,21.8503450634,21.8593883514,140865200
2016-03-01,22.0764244237,22.7817837205,22.0244259429,22.7275257111,201628400
2016-03-02,22.7230075331,22.8089162016,22.5263198548,22.7772655487,132678400
2016-03-03,22.7388250648,22.9942914537,22.7094339509,22.9468154907,147822800
2016-03-04,23.1435036039,23.4554892496,22.9174265991,23.288192749,184220400
2016-03-07,23.1480215341,23.2474959559,22.8247313881,23.030462265,143315600
2016-03-08,22.7840416584,23.0055978956,22.6981330123,22.8405609131,126247600
2016-03-09,22.9038677013,22.9649094769,22.6687473385,22.8609142303,108806800
2016-03-10,22.9264711824,23.1141137961,22.6416136573,22.8722114563,134054400
2016-03-11,23.1141107646,23.1231540511,22.9468142765,23.1186332703,109632800
2016-03-14,23.0395104494,23.2655874744,23.0101193322,23.1774158478,100304400
2016-03-15,23.502964802,23.778779019,23.4780961939,23.6431331635,160270800
2016-03-16,23.6499135497,24.0342437345,23.6453910441,23.9573783875,153214000
2016-03-17,23.8556461135,24.0704203149,23.7290435357,23.9189491272,137682800
2016-03-18,24.0410235357,24.0771966779,23.7810364069,23.9460716248,176820800
2016-03-21,23.94833792,24.3371906561,23.7697368737,23.9438171387,142010800
2016-03-22,23.7946025171,24.2557997705,23.7855592308,24.1269359589,129777600
2016-03-23,24.072683411,24.2060680335,23.9415583169,23.993555069,102814000
2016-03-24,23.8443440771,24.0206838804,23.7132189888,23.8895587921,104532000
2016-03-28,23.9641620098,24.0071171917,23.7516490777,23.7810401917,77645600
2016-03-29,23.7132199359,24.3688436788,23.7109586826,24.3439750671,124760400
2016-03-30,24.5632680058,24.9634235631,24.5519634651,24.7689971924,182404400
2016-03-31,24.8051622002,24.8458561185,24.6152566732,24.6401252747,103553600
2016-04-01,24.592656064,24.8684702831,24.4615309886,24.8662090302,103496000
2016-04-04,24.9634243557,25.3635816506,24.9295124575,25.121679306,149424800
2016-04-05,24.757687973,25.0335021357,24.73734015,24.825510025,106314800
2016-04-06,24.9204749668,25.090032761,24.6876141472,25.0855102539,105616400
2016-04-07,24.8571683603,24.9634248387,24.4434487129,24.53840065,127207600
2016-04-08,24.6220481224,24.8164727653,24.4547498922,24.5655288696,94326800
2016-04-11,24.635608807,25.0063749165,24.6039581677,24.6469116211,117630000
2016-04-12,24.7192609007,24.9815110757,24.5655301807,24.9679470062,108929200
2016-04-13,25.0493330396,25.3974901122,25.0493330396,25.329668045,133029200
2016-04-14,25.2347209053,25.4087994746,25.1691583539,25.3432369232,101895600
2016-04-15,25.3454929977,25.3884481804,24.8074303504,24.8345584869,187756000
2016-04-18,24.6175271695,24.6310912391,24.1766776597,24.2987594604,243286000
2016-04-19,24.3891884339,24.4163182974,24.0161627287,24.1698951721,129539600
2016-04-20,24.1088520366,24.4366630088,23.9777269577,24.2196292877,122444000
2016-04-21,24.1744120862,24.1744120862,23.8556427093,23.9573783875,126210000
2016-04-22,23.7403440237,24.0726774585,23.65217414,23.8918151855,134732400
2016-04-25,23.7380856058,23.8850360045,23.6273083559,23.7561721802,112126400
2016-04-26,23.4916642154,23.8059111385,23.4916642154,23.5911369324,224064800
2016-04-27,21.703389075,22.3160574555,21.6310445138,22.1148490906,458408400
2016-04-28,22.0673766266,22.1284166591,21.3077577507,21.4388828278,328970800
2016-04-29,21.2489802732,21.4140172695,20.9143872236,21.1924610138,274126000
2016-05-02,21.2444552171,21.2693238242,20.8895144086,21.1698493958,192640400
2016-05-03,21.2964529642,21.6446117554,21.1788936817,21.5180091858,227325200
2016-05-04,21.5225355803,21.6807905583,21.2105498561,21.2941989899,164102000
2016-05-05,21.3806288163,21.3965504917,21.0803902683,21.2077636719,143562000
2016-05-06,21.2373321858,21.2555271455,20.8916019222,21.0894870758,174799600
2016-05-09,21.153174647,21.3283130714,21.0599178828,21.1054096222,131745600
2016-05-10,21.2282311178,21.2828194605,20.9507376284,21.2487010956,134747200
2016-05-11,21.2623514912,21.2828214709,21.0303479762,21.041721344,114876400
2016-05-12,21.0894817389,21.103128389,20.3502581113,20.5481414795,305258800
2016-05-13,20.4708114964,20.8506583599,20.4708114964,20.5890865326,177571200
2016-05-16,21.0144273132,21.4693342826,20.8461122204,21.3533325195,245039200
2016-05-17,21.5057293493,21.5398459864,21.1554507473,21.2646274567,187667600
2016-05-18,21.4170213203,21.6558464422,21.3556079066,21.5080013275,168249600
2016-05-19,21.5261989453,21.5261989453,21.2828237715,21.4261188507,121768400
2016-05-20,21.5262014628,21.7058899557,21.498906415,21.6581249237,128104000
2016-05-23,21.8059590887,22.1061975211,21.7604673654,21.9333324432,152074400
2016-05-24,22.1130279424,22.3109113625,22.0265945081,22.2676963806,140560800
2016-05-25,22.4428365137,22.6862116902,22.3154631085,22.6589183807,152675200
2016-05-26,22.6725583882,22.9113851882,22.4360066084,22.8386001587,225324800
2016-05-27,22.6179713446,22.8522481176,22.5747546344,22.8249530792,145364800
2016-05-31,22.6543606931,22.8363241265,22.4769472999,22.7134990692,169228800
2016-06-01,22.5224367595,22.640713509,22.3654950806,22.3950634003,116693200
2016-06-02,22.1994562889,22.2540446308,21.9788261656,22.2267513275,160766400
2016-06-03,22.2426751732,22.3518518677,22.1653400906,22.2722434998,114019600
2016-06-06,22.2881667083,23.1752356548,22.188088354,22.4337368011,93170000
2016-06-07,22.5747554615,22.7157772286,22.5087937511,22.5247154236,89638000
2016-06-08,22.5224407159,22.6452657918,22.4451073729,22.5042457581,83392400
2016-06-09,22.4041634463,22.74306858,22.3950651006,22.6657352448,106405600
2016-06-10,22.4109865272,22.5974982732,22.3996148967,22.4792232513,126851600
2016-06-13,22.4473833954,22.5451884564,22.0857314776,22.1403198242,152082000
2016-06-14,22.1357763514,22.3996232659,22.0061279153,22.1676197052,127727600
2016-06-15,22.2495018271,22.3837002976,22.0698133496,22.094833374,117780800
2016-06-16,21.9378853636,22.2335755536,21.8514536741,22.188085556,125307200
2016-06-17,21.9765569199,21.983380247,21.6763183813,21.6831417084,244032800
2016-06-20,21.8355296657,21.9651780537,21.6148995571,21.630821228,137647600
2016-06-21,21.5944314416,21.9151399088,21.5352930577,21.8150615692,142185600
2016-06-22,21.8923977438,22.0379678341,21.6876892619,21.7331809998,116876400
2016-06-23,21.8218885256,21.9014969006,21.6649450612,21.8582801819,128960800
2016-06-24,21.1327022645,21.5307458282,21.0735638777,21.2441539764,301245600
2016-06-27,21.1531733979,21.1645467659,20.8119931818,20.9348182678,181958400
2016-06-28,21.1304365314,21.3033017266,20.9575713361,21.2873783112,161779600
2016-06-29,21.37380215,21.5057255747,21.2964670703,21.4716072083,146124000
2016-06-30,21.4806999378,21.7832116449,21.4488566002,21.7445449829,143345600
2016-07-01,21.7195327094,21.9424378873,21.6831410543,21.8105144501,104106000
2016-07-05,21.6967919238,21.699066945,21.4852600731,21.6058101654,110820800
2016-07-06,21.5170944884,21.7581963082,21.4647811704,21.7286262512,123796400
2016-07-07,21.767297884,21.9492613666,21.749102924,21.82188797,100558400
2016-07-08,21.9469814275,22.0379631484,21.8469030962,21.9901981354,115648400
2016-07-11,22.0061279965,22.2108365109,22.0015796896,22.0584430695,95179600
2016-07-12,22.1016544669,22.2222045349,22.090282834,22.1585178375,96670000
2016-07-13,22.1562418216,22.2153784703,22.0265916867,22.033416748,103568800
2016-07-14,22.1516994418,22.5156247476,22.1357777639,22.4701347351,155676000
2016-07-15,22.4996930731,22.5861264879,22.4041630481,22.4678497314,120548000
2016-07-18,22.4496548807,22.7749133845,22.4269098827,22.7066783905,145975600
2016-07-19,22.6452646947,22.745344767,22.5952246585,22.7157764435,95119600
2016-07-20,22.7453482713,22.8499766651,22.6862098799,22.7362499237,105104000
2016-07-21,22.7066872529,22.9728074775,22.5474687342,22.6157054901,130808000
2016-07-22,22.5770368741,22.5861352232,22.360954989,22.4405651093,113254800
2016-07-25,22.3473033138,22.4815000275,22.0447897838,22.1403198242,161531600
2016-07-26,22.0220448507,22.2836166877,21.9310631158,21.9879264832,224959200
2016-07-27,23.716568801,23.7347654922,23.3708403449,23.4163303375,369379200
2016-07-28,23.3890389824,23.7575124655,23.386763962,23.7324924469,159479200
2016-07-29,23.6983802367,23.7802636339,23.5823784682,23.7029285431,110934800
2016-08-01,23.7484210958,24.1441897054,23.7484210958,24.1214447021,152671600
2016-08-02,24.1214413276,24.1259896335,23.6551610172,23.764339447,135266400
2016-08-03,23.8393964824,24.0736732675,23.8302981358,24.0623016357,120810400
2016-08-04,24.1446356066,24.2406831778,24.0760292016,24.2109546661,109634800
2016-08-05,24.3024265923,24.6180139492,24.2818457184,24.5791378021,162213600
2016-08-08,24.5882753715,24.7826595306,24.5059501592,24.7826595306,112148800
2016-08-09,24.750651066,24.9130176838,24.7003399389,24.8832874298,105260800
2016-08-10,24.8604142232,24.9038650505,24.6431635762,24.6980476379,96034000
2016-08-11,24.816966776,24.910728733,24.6637478042,24.6820430756,109938000
2016-08-12,24.6477374333,24.7986707897,24.6477374333,24.7392120361,74641600
2016-08-15,24.7300613113,25.0502215088,24.7163407332,25.0365009308,103472800
2016-08-16,25.0708013124,25.2080140661,24.9747537807,25.0136299133,135177600
2016-08-17,24.9496021552,25.011348253,24.775800586,24.9770450592,101424000
2016-08-18,24.9793353176,25.0639478948,24.9313097938,24.9450321198,87938800
2016-08-19,24.8741382751,25.0845304066,24.7803780625,25.0090637207,101472400
2016-08-22,24.8947178137,24.9496018763,24.6637448389,24.8146781921,103280800
2016-08-23,24.8329706022,24.9999118722,24.8192500233,24.8924293518,85030800
2016-08-24,24.8284045714,24.8695680642,24.6248744528,24.704914093,94700400
2016-08-25,24.5585507941,24.6706062694,24.3961841987,24.5997142792,100344800
2016-08-26,24.5631233135,24.6866120131,24.3115677354,24.4556407928,111065200
2016-08-29,24.3824671459,24.5699893285,24.3070004549,24.4282035828,99881200
2016-08-30,24.1949461628,24.3550254444,24.1263397595,24.2406826019,99455600
2016-08-31,24.1629197968,24.3710227723,24.158345108,24.2635402679,118649600
2016-09-01,24.2726883491,24.4236216758,24.1537726101,24.4076137543,106806000
2016-09-02,24.6294447274,24.6980511228,24.4282019759,24.6363067627,107210000
2016-09-06,24.6751765671,24.7666511559,24.5859893227,24.6294384003,107521600
2016-09-07,24.6591733226,24.8718510405,24.4853717453,24.7803764343,169457200
2016-09-08,24.526537846,24.5311107916,24.0668791657,24.1309108734,212008000
2016-09-09,23.9296644726,24.1766453747,23.5843486786,23.5843486786,186228000
2016-09-12,23.4745805532,24.176645376,23.4471376491,24.112613678,181171200
2016-09-13,24.5859887929,24.8787060751,24.5242427052,24.6866092682,248704800
2016-09-14,24.864989328,25.8483364906,24.8352590795,25.5601921082,443554800
2016-09-15,26.0381432273,26.4657859385,25.953528925,26.4291954041,359934400
2016-09-16,26.3262900828,26.5572613105,26.0793091862,26.2805519104,319547600
2016-09-19,26.342293588,26.5686918329,25.8986429865,25.9741096497,188092000
2016-09-20,25.8529145924,26.0976081791,25.7294241265,25.971830368,138057200
2016-09-21,26.0358573702,26.0678732172,25.7134115547,25.9672527313,144012800
2016-09-22,26.1502022956,26.285127729,26.0701626714,26.2119483948,124296000
2016-09-23,26.1662062857,26.2508205869,25.5098797215,25.7751541138,209924800
2016-09-26,25.5304638132,25.9306636691,25.5098829438,25.8140335083,119477600
2016-09-27,25.841477769,25.8826412547,25.6905444065,25.8620586395,98429600
2016-09-28,25.9992721588,26.2165228289,25.9398134012,26.0587291718,118564400
2016-09-29,25.878064309,26.024422959,25.5670517417,25.6539516449,143548000
2016-09-30,25.7179874648,25.9260922395,25.5670558462,25.8529129028,145516400
2016-10-03,25.7751612689,25.8529153028,25.6768263625,25.731710434,86807200
2016-10-04,25.8552027451,26.1410598487,25.7568678317,25.8414821625,118947200
2016-10-05,25.9329525298,25.9924112861,25.7705859309,25.8529129028,85812400
2016-10-06,26.0015606836,26.1479193768,25.871209918,26.0450115204,115117200
2016-10-07,26.141054695,26.1982261044,25.9581072316,26.0838832855,97433600
2016-10-10,26.3034232572,26.6990502078,26.2348186075,26.5389709473,144944000
2016-10-11,26.916296469,27.1426964865,26.573268043,26.5961380005,256164000
2016-10-12,26.8362621834,26.9803352676,26.6990511347,26.8339748383,150347200
2016-10-13,26.7081952134,26.8568412234,26.4635016566,26.7516460419,140769600
2016-10-14,26.9574647648,27.023783815,26.7859505211,26.9002933502,142608800
2016-10-17,26.831690749,26.9483191874,26.7059129295,26.8820018768,94499600
2016-10-18,27.0260712902,27.0329315808,26.8591299912,26.8637046814,98214000
2016-10-19,26.8133970295,26.9300272194,26.0244321005,26.7836685181,80138400
2016-10-20,26.7242048984,26.8431206673,26.6030017844,26.76994133,96503200
2016-10-21,26.7127710167,26.7356409782,26.5915678978,26.6647472382,92770800
2016-10-24,26.7790855695,26.9254442257,26.7562173566,26.9048633575,94154800
2016-10-25,26.973473528,27.0672354883,26.8271148418,27.0420799255,192516000
2016-10-26,26.1410575786,26.4589305106,25.9123719156,26.4337749481,264536800
2016-10-27,26.3880346563,26.4955171813,26.0930299848,26.1799316406,138248000
2016-10-28,26.0404334121,26.3468713199,25.9443841211,26.0061302185,151446800
2016-10-31,25.9901251968,26.1227632962,25.8872156046,25.964969635,105677600
2016-11-01,25.9466753615,26.0175673593,25.2766262927,25.4961643219,175303200
2016-11-02,25.4755786282,25.6928292711,25.4367024912,25.51902771,113326800
2016-11-03,25.5098377403,25.6201694465,25.181138203,25.2454986572,107730400
2016-11-04,24.9466788366,25.3420378943,24.8501381607,25.0179347992,123348000
2016-11-07,25.3029624639,25.4018022296,25.1604487833,25.3788166046,130240000
2016-11-08,25.3558301213,25.6799332318,25.2156155243,25.5282249451,97016800
2016-11-09,25.2569947482,25.5879934286,24.8363526377,25.4868545532,236705600
2016-11-10,25.5351286711,25.5351286711,24.3260671807,24.7765922546,228538000
2016-11-11,24.6225807613,25.0248353844,24.4915607542,24.9236965179,136575600
2016-11-14,24.758185073,24.7811706895,23.9237950945,24.2984657288,204702000
2016-11-15,24.496147239,24.7512916367,24.4019056774,24.6202716827,129058000
2016-11-16,24.526033583,25.3374399392,24.5030479597,25.2822723389,235362000
2016-11-17,25.2408986936,25.3650231696,25.0156371197,25.2730789185,110528000
2016-11-18,25.2202169655,25.4087019271,25.206425939,25.298368454,113715600
2016-11-21,25.3121537873,25.7419903548,25.2868690771,25.6822280884,117058400
2016-11-22,25.7328036776,25.8408380632,25.6063818409,25.6983261108,103862000
2016-11-23,25.5971800231,25.6316593338,25.3604247786,25.5672988892,109705600
2016-11-25,25.5443137547,25.7144112348,25.502938929,25.6960220337,45903600
2016-11-28,25.6132760843,25.8523304727,25.6040814824,25.6454563141,108776000
2016-11-29,25.4638639787,25.7511886792,25.3006637592,25.6201686859,114115200
2016-11-30,25.6523397549,25.7902552111,25.3466259618,25.4040908813,144649200
2016-12-01,25.3696208388,25.5006408241,25.0616078668,25.1673431396,148347600
2016-12-02,25.0937868574,25.3052573928,25.0202318123,25.2615852356,106112000
2016-12-05,25.284574981,25.2914704936,24.882320379,25.0799999237,137298000
2016-12-06,25.169642732,25.3673222581,25.0983867704,25.2730789185,104782000
2016-12-07,25.1144732293,25.5581025543,25.0914876083,25.5213241577,119994800
2016-12-08,25.4822534961,25.8431332543,25.4224894666,25.7718772888,108273200
2016-12-09,25.8155521383,26.3649168893,25.8155521383,26.192522049,137610400
2016-12-12,26.0408088981,26.4338688241,25.8569204135,26.0431079865,105497600
2016-12-13,26.1672308385,26.6453394981,26.1465443046,26.4775428772,174935200
2016-12-14,26.4430635669,26.709699942,26.4292725443,26.4775428772,136127200
2016-12-15,26.5212156626,26.8315277086,26.4867381052,26.6223545074,186098000
2016-12-16,26.7717673469,26.7786628593,26.5832824081,26.6568374634,177404400
2016-12-19,26.6177649428,26.9809420859,26.6062712516,26.8108463287,111117600
2016-12-20,26.8338288108,27.0085227254,26.8200377859,26.8820991516,85700000
2016-12-21,26.8476225932,26.9855381084,26.8430244156,26.9073848724,95132800
2016-12-22,26.7441892059,26.7809676181,26.5809889472,26.7303981781,104343600
2016-12-23,26.5694887914,26.7832584381,26.5694887914,26.7832584381,56998000
2016-12-27,26.7832620958,27.0774841016,26.7763665826,26.9533596039,73187600
2016-12-28,27.0131168285,27.1280467026,26.7097020312,26.8384246826,83623600
2016-12-29,26.7671693164,26.9188776053,26.7556773802,26.8315315247,60158000
2016-12-30,26.8131385089,26.9395603113,26.5327093509,26.6223545074,122345200
2017-01-03,26.6177630057,26.7395884075,26.378708626,26.6982135773,115127600
2017-01-04,26.6292496905,26.7809579559,26.606264068,26.6683254242,84472400
2017-01-05,26.645343649,26.8614123902,26.6200589345,26.8039474487,88774400
2017-01-06,26.8430252663,27.1602328903,26.7717692945,27.1027679443,127007600
2017-01-09,27.1119588155,27.4521520423,27.1096614805,27.3510131836,134247600
2017-01-10,27.3004364184,27.4406509789,27.1924038301,27.3785896301,97848400
2017-01-11,27.2935464967,27.5670801631,27.2613662716,27.5257053375,110354400
2017-01-12,27.3303255738,27.4222698277,27.1717217796,27.4107761383,108344800
2017-01-13,27.3785950715,27.4958240355,27.3096364448,27.3625049591,104447600
2017-01-17,27.2016075541,27.6383415195,27.1740255008,27.5831756592,137759200
2017-01-18,27.5831668556,27.6980967175,27.5165073253,27.5808677673,94852000
2017-01-19,27.4452505271,27.6038525391,27.4383550162,27.5325965881,102389200
2017-01-20,27.6866118664,27.6866118664,27.5211142856,27.5831756592,130391600
2017-01-23,27.5831713908,27.7693572365,27.530302874,27.6015605927,88200800
2017-01-24,27.479730395,27.6061521896,27.4682367075,27.5762710571,92844000
2017-01-25,27.6797114389,28.0658758998,27.6475312134,28.0153064728,129510400
2017-01-26,27.9670353961,28.1440283859,27.9509452837,28.0290985107,105350400
2017-01-27,28.0750688708,28.1233392064,27.9509443992,28.0313949585,82251600
2017-01-30,27.796944536,27.9578456879,27.7348831642,27.9578456879,121510000
2017-01-31,27.847505244,27.9026710854,27.7256798738,27.8934764862,196804000
2017-02-01,29.1990908504,29.9944073217,29.1944944259,29.5944499969,447940000
2017-02-02,29.4174529245,29.741554275,29.3714799202,29.5438747406,134841600
2017-02-03,29.4933008372,29.6955785181,29.4588232813,29.670293808,98029200
2017-02-06,29.681783087,29.996689742,29.6289128327,29.9484176636,107383600
2017-02-07,30.0058951131,30.3621784851,29.985208574,30.2334575653,152735200
2017-02-08,30.1920829134,30.3920597957,30.1622000202,30.3506832123,92016400
2017-02-09,30.3922374097,30.5769231962,30.2698838246,30.5699977875,113399600
2017-02-10,30.5792319757,30.6900420313,30.4845800321,30.5007381439,80262000
2017-02-13,30.7223580242,30.893192961,30.6461750195,30.7708358765,92141600
2017-02-14,30.812393328,31.1863794394,30.7616046558,31.1702213287,132904800
2017-02-15,31.2856627168,31.4588050301,31.0778898273,31.2833518982,142492400
2017-02-16,31.320280663,31.3733766373,31.1286694693,31.2464084625,90338400
2017-02-17,31.1886897454,31.35721387,31.1886897454,31.3318195343,88792800
2017-02-21,31.4495607368,31.5696070295,31.3918466471,31.5580635071,98028800
2017-02-22,31.495720139,31.6550115335,31.4218479622,31.6527042389,83347600
2017-02-23,31.7150472126,31.7381307346,31.4657219262,31.5188179016,83152800
2017-02-24,31.3756915614,31.548833847,31.2302509143,31.548833847,87106400
2017-02-27,31.6596282929,31.7288858774,31.4610917625,31.6111469269,81029600
2017-02-28,31.6457857608,31.7288941795,31.5580592292,31.6250095367,93931600
2017-03-01,31.8327748931,32.3545088601,31.7658281164,32.2714004517,145658400
2017-03-02,32.3198848607,32.3845243486,32.0336217552,32.0797958374,104844000
2017-03-03,32.0382324779,32.280632263,31.9943692236,32.2690887451,84432400
2017-03-06,32.1744440235,32.2667886646,31.9966871943,32.1675186157,87000000
2017-03-07,32.1028842688,32.3152716934,32.0405520665,32.2090797424,69785200
2017-03-08,32.0774800713,32.2737093225,32.0474711497,32.0890235901,74828800
2017-03-09,32.0290063154,32.040546313,31.6388585806,32.0151519775,88623600
2017-03-10,32.1467589426,32.1721532916,32.0059363747,32.1213645935,78451200
2017-03-13,32.0544028984,32.1882964702,32.0474774903,32.1352005005,69686800
2017-03-14,32.158288228,32.2390858318,32.0520927638,32.0867233276,61236400
2017-03-15,32.183682753,32.4930293988,32.0959562178,32.4260826111,102767200
2017-03-16,32.4861047908,32.555362398,32.3799093233,32.4791793823,76928000
2017-03-17,32.5507486605,32.5507486605,32.2944979451,32.3175849915,175540000
2017-03-20,32.4122259868,32.6661693484,32.3729808351,32.6569366455,86168000
2017-03-21,32.8069962593,32.9662877055,32.2575570154,32.282951355,158119600
2017-03-22,32.285251118,32.6892495948,32.2644713763,32.647693634,103440800
2017-03-23,32.6107741143,32.6846498539,32.4607188619,32.532283783,81385200
2017-03-24,32.6661688673,32.7215756515,32.4006855117,32.4676322937,89582400
2017-03-27,32.1790597986,32.6015272541,32.0012994598,32.5230369568,94300400
2017-03-28,32.5299688497,33.2525468238,32.4630185361,33.1971435547,133499200
2017-03-29,33.1694378123,33.3564344099,33.0563204582,33.2710151672,116760000
2017-03-30,33.2871748638,33.3587397626,33.1278834321,33.2271499634,84829200
2017-03-31,33.1786609922,33.305632636,33.0147515025,33.1648101807,78646800
2017-04-03,33.1763640098,33.2710124259,33.02399799,33.1740531921,79942800
2017-04-04,33.0701788336,33.4487831833,33.0517098991,33.421081543,79565600
2017-04-05,33.2941029995,33.5803661409,33.1994510508,33.2479324341,110871600
2017-04-06,33.3102472248,33.3633466993,33.1163288176,33.1648101807,84596000
2017-04-07,33.1809762021,33.2848608363,33.074784273,33.0909423828,66688800
2017-04-10,33.1509782987,33.2156178047,32.9893760112,33.0517082214,75733600
2017-04-11,32.9986034714,33.0932554095,32.3337361319,32.696182251,121517600
2017-04-12,32.6892572956,32.8162254573,32.5530493856,32.7354278564,81400000
2017-04-13,32.7608229636,32.8693257216,32.562286377,32.562286377,71291600
2017-04-17,32.6615580234,32.7539026843,32.5207354977,32.7423591614,66328400
2017-04-18,32.6453975826,32.790834689,32.5761399725,32.5969161987,58790000
2017-04-19,32.75389425,32.7815958798,32.4237678963,32.4768638611,69313600
2017-04-20,32.6015336851,32.9939887714,32.5876828679,32.8831787109,93278400
2017-04-21,32.8831820806,32.9385853552,32.746977667,32.8439369202,69283600
2017-04-24,33.1278784711,33.2317630998,33.0540027656,33.1601982117,68537200
2017-04-25,33.2225470319,33.4510926249,33.2133108028,33.3656768799,75486000
2017-04-26,33.3518158906,33.3818283422,33.1001833242,33.1694374084,80164800
2017-04-27,33.2248328454,33.2802396165,33.0840103845,33.1948204041,56985200
2017-04-28,33.2640872656,33.3125686441,33.0747869094,33.1625099182,83441600
2017-05-01,33.4972504419,33.9820465569,33.4649307009,33.8389167786,134411600
2017-05-02,34.0605409781,34.1875126626,33.8989422535,34.0536155701,181408800
2017-05-03,33.6103708466,34.048999969,33.3056423354,33.9497299194,182788000
2017-05-04,33.8250700242,33.9681998197,33.6611604821,33.8273773193,93487600
2017-05-05,33.8804836215,34.3929851056,33.8804836215,34.3883705139,109310800
2017-05-08,34.4045151798,35.4826137117,34.4045151798,35.3233222961,195009600
2017-05-09,35.5218706443,35.7550378463,35.4249113858,35.5495758057,156521600
2017-05-10,35.4664617242,35.5380266282,35.1155590904,35.3810424805,103222800
2017-05-11,35.3393207195,35.7148541232,35.3068675648,35.6870346069,109020400
2017-05-12,35.8609010787,36.2596133918,35.853947082,36.1854362488,130108000
2017-05-15,36.1645497958,36.3129075332,35.9420149583,36.0926895142,104038800
2017-05-16,36.1483373869,36.1761533668,35.8655298003,36.0393867493,80194000
2017-05-17,35.6058965376,35.8307517572,34.7041588403,34.829334259,203070800
2017-05-18,35.0657657985,35.545608827,35.0333126639,35.3601608276,134272800
2017-05-19,35.5548935268,35.693976914,35.38103664,35.4807128906,107843200
2017-05-22,35.6986287701,35.8330785756,35.4459575063,35.6963119507,91865600
2017-05-23,35.9072363282,35.9072363282,35.5386606244,35.6522483826,79675600
2017-05-24,35.6615245584,35.7380220147,35.3903082334,35.5456199646,76712000
2017-05-25,35.6360229622,35.7797470538,35.4737572495,35.6684761047,76942400
2017-05-26,35.6986054911,35.7542409549,35.5386566278,35.6082000732,87710400
2017-05-30,35.5641714111,35.7982974586,35.5433094295,35.6221237183,80507600
2017-05-31,35.6916693285,35.7380304695,35.323093482,35.4111785889,97804800
2017-06-01,35.5062128446,35.5433031635,35.2859948238,35.5085296631,65616400
2017-06-02,35.6012621325,36.0347442627,35.4413131971,36.0347442627,111082800
2017-06-05,35.7774309262,35.8029300795,35.5734412363,35.6823883057,101326800
2017-06-06,35.6754445651,36.1182011114,35.6476285851,35.8029403687,106499600
2017-06-07,35.9350699064,36.1576047993,35.8098909341,36.0162010193,84278400
2017-06-08,35.9883811534,36.0556042704,35.791341903,35.92811203,85003200
2017-06-09,35.9744677694,35.9744677694,33.8487779802,34.5349311829,259530800
2017-06-12,33.7838860208,33.8650171472,33.0351394935,33.7097053528,289229200
2017-06-13,34.1130442024,34.180267317,33.6471054264,33.9809112549,136661600
2017-06-14,34.1918465762,34.1918465762,33.343424314,33.6494140625,126124800
2017-06-15,33.222894618,33.4917905886,32.9655862771,33.4477462769,128661600
2017-06-16,33.3295304774,33.4964334043,32.9632714731,32.9794998169,201444400
2017-06-19,33.3017076546,34.0156803536,33.3017076546,33.9229545593,130165600
2017-06-20,34.0458159786,34.0458159786,33.5984259217,33.6146507263,99600400
2017-06-21,33.7328871245,33.8603829348,33.5219398326,33.8140182495,85063200
2017-06-22,33.7908264054,34.0064072529,33.6401483106,33.7583732605,76425200
2017-06-23,33.6424783882,34.1130508939,33.6378412127,33.9090576172,141757600
2017-06-26,34.1153541891,34.3726625022,33.7004173425,33.8024139404,102769600
2017-06-27,33.6146437448,33.881226391,33.2924291661,33.3179283142,99047600
2017-06-28,33.4941136025,33.8696433861,33.1858069327,33.8047370911,88329600
2017-06-29,33.545109801,33.6424692374,32.981811624,33.3063430786,125997600
2017-06-30,33.4848386128,33.6030635699,33.3295268715,33.3851623535,92096400
2017-07-03,33.5845234286,33.6818828838,33.1719032693,33.2646255493,57111200
2017-07-05,33.3086754096,33.5636634907,33.0838201291,33.4013977051,86278400
2017-07-06,33.1533625328,33.2646299912,33.0119587377,33.0861358643,96515200
2017-07-07,33.1255295657,33.5543779527,33.1255295657,33.4222450256,76806800
2017-07-10,33.4060369174,33.832565162,33.2344967694,33.6262550354,84362400
2017-07-11,33.5497432846,33.8093719843,33.4686121899,33.7351913452,79127200
2017-07-12,33.8140149391,33.8858752423,33.5706180507,33.7838821411,99538000
2017-07-13,33.7282475523,34.4213585177,33.7143395626,34.2544555664,100797600
2017-07-14,34.3008131537,34.6160738581,34.1524553832,34.5488471985,80528400
2017-07-17,34.4978474554,34.9800074873,34.4398951544,34.6693840027,95174000
2017-07-18,34.5859313969,34.8015157888,34.4630728057,34.7899246216,71475200
2017-07-19,34.8826564072,35.1005576772,34.7597977825,35.0078353882,83692000
2017-07-20,35.1190848466,35.1747203138,34.815415438,34.8501853943,68974800
2017-07-21,34.7690666314,34.8733800744,34.5117582524,34.8339729309,105010400
2017-07-24,34.9058325432,35.336997831,34.7482004353,35.2558631897,85972800
2017-07-25,35.1886462767,35.6615356094,35.1886462767,35.4065475464,75415600
2017-07-26,35.5479490228,35.6823952718,35.4807223612,35.5734481812,63124000
2017-07-27,35.6406675024,35.6963029884,34.1454987438,34.9011955261,129905200
2017-07-28,34.7458848882,34.8246991764,34.5836191367,34.6554794312,68854800
2017-07-31,34.7482023072,34.8478821158,34.3379025151,34.4769859314,79383600
2017-08-01,34.5627637722,34.8223890242,34.402814809,34.7829818726,141474400
2017-08-02,36.9225699714,37.031520581,36.1993263821,36.4264984131,279747200
2017-08-03,36.4056376807,36.4427280037,35.9350652603,36.0625610352,108389200
2017-08-04,36.1784588607,36.4867619442,36.0903702442,36.2526359558,82239600
2017-08-07,36.4079516149,36.8391168592,36.3175461703,36.8136177063,87481200
2017-08-08,36.764940344,37.5136830657,36.6884428839,37.1080169678,144823600
2017-08-09,36.9179363169,37.3838751282,36.8831663476,37.335193634,104526000
2017-08-10,37.2118522547,37.2351256286,35.985422861,36.1459999084,163217200
2017-08-11,36.443879427,36.9023371803,36.3205383615,36.6486701965,105028400
2017-08-14,37.0768695301,37.2839897267,36.944217721,37.2002105713,88490800
2017-08-15,37.3887183671,37.74710486,37.2677032243,37.6074752808,117862000
2017-08-16,37.6866047244,37.8192530221,37.2700347388,37.4562110901,110686400
2017-08-17,37.3561411451,37.4003584254,36.7324509382,36.7371063232,111762400
2017-08-18,36.7371032958,37.1187631637,36.471803187,36.6533241272,109712400
2017-08-21,36.6533330616,36.7440935538,36.0971334194,36.5858459473,105474000
2017-08-22,36.8232134304,37.2351280285,36.7743443134,37.1839294434,86418400
2017-08-23,37.0186966803,37.344502596,36.9744794022,37.23046875,77596400
2017-08-24,37.3351947396,37.4073407811,36.8976844116,37.0652427673,79275600
2017-08-25,37.153661072,37.3654366368,37.0652300902,37.2025337219,101920400
2017-08-28,37.2677073145,37.7005658046,37.2188346482,37.5772247314,103864000
2017-08-29,37.258393218,37.9612035484,37.2351198477,37.9123344421,118067600
2017-08-30,38.1194630777,38.140406985,37.8425262445,38.0147399902,109078400
2017-08-31,38.0822250053,38.2870193348,38.044989027,38.1660041809,107140400
2017-09-01,38.3521748202,38.3847554086,38.0798934277,38.1776351929,66364400
2017-09-05,38.1078222417,38.2241820042,37.3654463883,37.7191810608,117874000
2017-09-06,37.8657951641,37.9309563465,37.3561388404,37.6796188354,86606800
2017-09-07,37.7215046354,37.7564146926,37.3189008762,37.5283470154,87714000
2017-09-08,37.4352537017,37.5027407848,36.893016916,36.9162902832,114446000
2017-09-11,37.351486088,37.7122020844,37.2095270268,37.5842056274,126323200
2017-09-12,37.8425199179,38.156692679,36.9488778458,37.4352607727,286856000
2017-09-13,37.2048698449,37.2258173013,36.7487415581,37.1536712646,179629600
2017-09-14,37.0000789234,37.0954912308,36.7906292182,36.8348464966,95042800
2017-09-15,36.8790712736,37.4608702102,36.7696927895,37.2072067261,196458400
2017-09-18,37.2607301492,37.3514906386,36.769691719,36.9256134033,113077600
2017-09-19,37.1210923367,37.1816016894,36.8720842768,36.9395713806,83242400
2017-09-20,36.7464227465,36.830201943,35.7992558384,36.3205490112,211805600
2017-09-21,36.257697013,36.257697013,35.547901863,35.6968421936,150046800
2017-09-22,35.2663174317,35.4362052522,35.0382532775,35.3477706909,186581600
2017-09-25,34.905596846,35.3337998463,34.7124392472,35.0359191895,177549200
2017-09-26,35.322169363,35.8201890065,35.3012254579,35.6386680603,146640000
2017-09-27,35.7922738939,36.006375492,35.7317645274,35.8923416138,102016800
2017-09-28,35.8132122753,35.90397276,35.536275436,35.6712532043,88022000
2017-09-29,35.6549576811,35.8690592041,35.3733655116,35.8667297363,105199200
2017-10-02,35.8993092478,35.9435265215,35.5409227757,35.7945861816,74795200
2017-10-03,35.8411410756,36.092478647,35.8178712483,35.9505195618,64921200
2017-10-04,35.7526949343,35.8062194205,35.4804135682,35.7177848816,80655200
2017-10-05,35.8806964639,36.1739253528,35.8504453388,36.1622886658,85135200
2017-10-06,36.0645442954,36.18555944,35.9691284399,36.1413421631,69630400
2017-10-09,36.2600093637,36.4741107868,36.1855410017,36.2669906616,65051600
2017-10-10,36.3182113209,36.7696878026,36.0948025482,36.2809753418,62468000
2017-10-11,36.297273194,36.5323186915,36.2460746023,36.4322509766,67622400
2017-10-12,36.3856982472,36.6230696001,36.2414097306,36.3042449951,64500400
2017-10-13,36.474124297,36.6021207254,36.3996559075,36.5346336365,65576800
2017-10-16,36.7464194116,37.2351319387,36.6882395179,37.2072067261,96486000
2017-10-17,37.1839206608,37.4375840583,37.0559242282,37.3444976807,75989200
2017-10-18,37.3328674436,37.4003580974,37.1420392711,37.179271698,65496800
2017-10-19,36.4787899292,36.5555878078,36.0761860969,36.2995948792,170336800
2017-10-20,36.4462021076,36.7115022034,36.2949358486,36.3624229431,95896400
2017-10-23,36.5113655599,36.6975418872,36.1878855673,36.3438072205,87937200
2017-10-24,36.3717320911,36.6347062841,36.3507881866,36.5602378845,71028800
2017-10-25,36.5160217812,36.6649621362,36.1343618995,36.3996620178,84828400
2017-10-26,36.5904862677,36.7301193891,36.4857632021,36.6323776245,68002000
2017-10-27,37.0698844386,38.0729083811,36.9325807975,37.9449119568,177816800
2017-10-30,38.1403993496,39.1131687223,38.10083746,38.7989959717,178803200
2017-10-31,39.0736128068,39.4808720379,38.8502040172,39.3389129639,144187200
2017-11-01,39.5320690959,39.548361169,38.5406850844,38.8385658264,134551200
2017-11-02,38.7710770702,39.213242779,38.4638855706,39.1224822998,165573600
2017-11-03,40.4932024085,40.5537082142,39.8229689564,40.1441230774,237594400
2017-11-06,40.1138700561,40.7235977277,39.9626037601,40.5513839722,140105200
2017-11-07,40.4722668826,40.7841102974,40.4001243741,40.6817131042,97446000
2017-11-08,40.6467871833,41.0144844055,40.5699893251,41.0144844055,97638000
2017-11-09,40.7515072203,40.9819007778,40.2930495726,40.9307022095,117930400
2017-11-10,40.8980266822,40.9610878546,40.7018403278,40.7952613831,100582000
2017-11-13,40.5219879789,40.7555441056,40.4986309407,40.6317596436,67928400
2017-11-14,40.4145426408,40.5173078866,39.9801281881,40.0174980164,99130000
2017-11-15,39.6975307724,39.7792768333,39.3261774272,39.4896659851,116632400
2017-11-16,39.9801338371,40.1412881258,39.7746068804,39.9614524841,94550000
2017-11-17,39.9474277433,40.0291737915,39.6204506782,39.7395629883,87598000
2017-11-20,39.772276717,39.8353378777,39.6017817189,39.6998748779,65049600
2017-11-21,39.8867155637,40.5686990351,39.8867155637,40.4379081726,100525200
2017-11-22,40.4893000148,40.8723320123,40.4168981683,40.862991333,102355600
2017-11-24,40.8956702845,40.9890912893,40.7905671994,40.8653068542,56106800
2017-11-27,40.883994008,40.8910004056,40.4846115286,40.659778595,82867200
2017-11-28,40.7088390862,40.8419642432,40.13896149,40.4215660095,105715200
2017-11-29,40.3187995659,40.3865292817,39.0412471323,39.5830955505,166665600
2017-11-30,39.8049743166,40.2043569151,39.3401998428,40.1366271973,166108800
2017-12-01,39.6928549537,40.0945716951,39.3541993516,39.9497680664,159037200
2017-12-04,40.2837540912,40.3164518018,39.6181213616,39.65782547,130169600
2017-12-05,39.4850051348,40.0595548753,39.3308572088,39.6204681396,109400800
2017-12-06,39.1206515361,39.7512523705,38.8777547305,39.4733200073,114240000
2017-12-07,39.4779973089,39.8073123487,39.4499717102,39.5457305908,102693200
2017-12-08,39.8189773533,39.9380896711,39.4289391274,39.5573921204,93420800
2017-12-11,39.5176926518,40.3795152581,39.4219337924,40.3281326294,141095200
2017-12-12,40.2066887549,40.2627435124,40.0455380092,40.1015892029,77636800
2017-12-13,40.2884390583,40.5313359055,40.1716609741,40.2347221375,95273600
2017-12-14,40.2650761133,40.4355746572,40.0899090126,40.2230377197,81906000
2017-12-15,40.5523514158,40.6784701561,40.2790911752,40.6317596436,160677200
2017-12-18,40.8442894293,41.3861376952,40.8396173097,41.2039642334,117684400
2017-12-19,40.8793210834,40.9634014162,40.6597777943,40.7648773193,109745600
2017-12-20,40.841962837,40.9704194323,40.4636030142,40.7205162048,93902400
2017-12-21,40.6784741814,41.1105544841,40.6621271041,40.8746604919,83799600
2017-12-22,40.7975865349,40.9704193687,40.7555481385,40.8746604919,65397600
2017-12-26,39.8913977422,40.047879961,39.6298123875,39.8376808167,132742000
2017-12-27,39.7278951036,39.8867115453,39.6368083647,39.8446731567,85992800
2017-12-28,39.9380945636,40.1366186814,39.8166443893,39.95677948,65920800
2017-12-29,39.8260010788,39.8423481584,39.52237733,39.5247116089,103999600
2018-01-02,39.7419066149,40.2417165236,39.5317039878,40.2323722839,102223600
2018-01-03,40.295439868,40.7672242607,40.1623147236,40.2253723145,118071600
2018-01-04,40.2977800096,40.5149891009,40.1903461671,40.4122238159,89738400
2018-01-05,40.5079826573,40.9587443543,40.4168958936,40.8723297119,94640000
2018-01-08,40.7205162048,41.0147956711,40.6224194856,40.7205162048,82271200
2018-01-09,40.7672296572,40.8863420194,40.5009757694,40.7158470154,86336000
2018-01-10,40.4425811833,40.7088350346,40.4052113464,40.7064971924,95839600
2018-01-11,40.7765593411,40.986761973,40.753205869,40.937713623,74670800
2018-01-12,41.1479252141,41.4235233539,41.0241407264,41.3604621887,101672400
2018-01-16,41.5496322648,41.8976321661,41.1385747772,41.1502532959,118263600
2018-01-17,41.1409167455,41.8649422773,40.8886792252,41.8299102783,137547200
2018-01-18,41.8929551066,42.0634536198,41.6313734238,41.8672637939,124773600
2018-01-19,41.7154480907,41.9419977544,41.435181531,41.6804161072,129700400
2018-01-22,41.4094916666,41.5215975817,41.2460031314,41.3394241333,108434400
2018-01-23,41.4094970081,41.9093069167,41.2973910786,41.3487701416,130756400
2018-01-24,41.3978182754,41.409496793,40.4519153679,40.6901435852,204420400
2018-01-25,40.7578842273,40.860649508,39.8283317077,39.9637947083,166116000
2018-01-26,40.1716566227,40.1716566227,39.7185571348,40.0572128296,156572000
2018-01-29,39.7419111419,39.7419111419,39.0202235699,39.2280883789,202561600
2018-01-30,38.6605580744,39.0903006335,38.4667059979,38.9968795776,184192800
2018-01-31,38.973510589,39.3401954267,38.8870959606,39.1043014526,129915600
2018-02-01,39.0435772207,39.3822328912,38.9478183536,39.1860466003,188923200
2018-02-02,38.7703224253,38.9571680655,37.3923425116,37.4857635498,346375200
2018-02-05,37.1587720039,38.2751697286,36.4347467645,36.5491905212,290954000
2018-02-06,36.1614967504,38.2378106446,35.9676447311,38.0766563416,272975200
2018-02-07,38.0906682451,38.1630700749,37.1517751719,37.2615432739,206434400
2018-02-08,37.4367111435,37.6025375667,36.2082071619,36.2362327576,217562000
2018-02-09,36.8342311856,37.0265261872,35.2325385981,36.6794548035,282690400
2018-02-12,37.1695822064,38.4335823667,36.9374175972,38.1568641663,243278000
2018-02-13,37.9786296035,38.6352537517,37.9082763772,38.5391044617,130196800
2018-02-14,38.2342463624,39.2895341183,38.1967277395,39.2496681213,162579600
2018-02-15,39.8171706769,40.591048938,39.6319106572,40.5676002502,204588800
2018-02-16,40.4198655706,40.9967577748,40.2815064816,40.4362792969,160704400
2018-02-20,40.3471595876,40.865421002,40.1994181921,40.3002586365,135722000
2018-02-21,40.5300888594,40.8326031333,40.1032818363,40.1173553467,149886400
2018-02-22,40.2885387954,40.792730361,40.2674339008,40.4526939392,123967600
2018-02-23,40.7270687302,41.1913943071,40.6965814967,41.1562194824,135249600
2018-02-26,41.3555522922,42.0684561593,41.3227212637,41.9699630737,152648800
2018-02-27,42.0004525681,42.3240717014,41.7800141169,41.8339500427,155712400
2018-02-28,42.0379654434,42.3568969419,41.7542123444,41.7706260681,151128400
2018-03-01,41.8691252361,42.15991692,40.4902183737,41.0389671326,195208000
2018-03-02,40.5230526916,41.3438321008,40.4409733193,41.3227272034,153816000
2018-03-05,41.0882158915,41.6815218219,40.9264045326,41.4657745361,113605600
2018-03-06,41.7213793967,41.8011113731,41.3039548401,41.4305877686,95154000
2018-03-07,41.0248927262,41.2382961908,40.8677725557,41.0459976196,126814000
2018-03-08,41.1515241638,41.5361177138,41.05537846,41.4939079285,95096400
2018-03-09,41.7331094994,42.2115049814,41.599438016,42.2068138123,128740800
2018-03-12,42.2795079261,42.7719768817,42.2607504074,42.61485672,128828400
2018-03-13,42.8188823718,43.032285847,42.0332814802,42.2044715881,126774000
2018-03-14,42.2865417624,42.3334427105,41.6979235921,41.845664978,117473600
2018-03-15,41.8597417122,42.2677875415,41.7589048363,41.8949165344,90975200
2018-03-16,41.894934091,42.0051533512,41.6533906684,41.7471961975,157618800
2018-03-19,41.5830218279,41.6181966487,40.7247204187,41.1093139648,133787200
2018-03-20,41.0952568054,41.4610893681,41.0249035638,41.0952568054,78597600
2018-03-21,41.0483355989,41.0600617308,40.1618944174,40.1642417908,148219600
2018-03-22,39.8664277644,40.4949085551,39.5381174377,39.5967445374,165963200
2018-03-23,39.4888743822,39.8476719938,38.6798210144,38.6798210144,164115200
2018-03-26,39.4138179992,40.5933946505,39.031568264,40.5160064697,150164800
2018-03-27,40.7294123681,41.0741399615,39.1441370601,39.4771385193,163690400
2018-03-28,39.2215385437,39.8711279567,38.7384517057,39.0409660339,166674000
2018-03-29,39.352848716,40.2768122597,39.139445242,39.3458137512,153594000
2018-04-02,39.0784622766,39.6178320727,38.569579704,39.0878410339,150347200
2018-04-03,39.3129836184,39.5732880563,38.6657417953,39.4888648987,121112000
2018-04-04,38.665736458,40.3377784982,38.6399403973,40.243976593,138422000
2018-04-05,40.4714562715,40.8583936636,40.3542020826,40.5230484009,107732800
2018-04-06,40.0938985277,40.4480048979,39.4443093049,39.4865226746,140021200
2018-04-09,39.8382811337,40.5910509615,39.8312461692,39.8781471252,116070800
2018-04-10,40.5699548983,40.8044633081,40.2252272496,40.6285820007,113634400
2018-04-11,40.3893770018,40.7856967337,40.2650878475,40.4386253357,89726400
2018-04-12,40.6660939939,41.0389614131,40.5793234708,40.8372840881,91557200
2018-04-13,40.9873692912,41.2359475706,40.7692782424,40.975643158,100497200
2018-04-16,41.0459985959,41.3180291565,40.9990976389,41.231262207,86313600
2018-04-17,41.3883926109,41.9629375281,41.3696315078,41.7987823486,106421600
2018-04-18,41.697936348,41.9347921126,41.4798452624,41.7049713135,83018000
2018-04-19,40.7481744397,41.1304242406,40.4902173711,40.5230484009,139235200
2018-04-20,40.0071222778,40.1525162964,38.7947110704,38.8627204895,261964400
2018-04-23,39.1230391813,39.1441440798,38.480484838,38.7501716614,146062000
2018-04-24,38.8509954803,39.0057718404,37.8074341038,38.2107887268,134768000
2018-04-25,38.1357341398,38.7923580186,38.0864894064,38.3772773743,113528400
2018-04-26,38.4875073601,38.8650659281,38.3116261062,38.5109596252,111852000
2018-04-27,38.4593715019,38.536759691,37.6690794642,38.0653991699,142623200
2018-04-30,38.0208472658,39.2238729001,37.9528378273,38.7548561096,169709600
2018-05-01,39.0245369312,39.6788136792,38.7571975447,39.6553649902,214277600
2018-05-02,41.0929062903,41.6838684654,40.7575609929,41.4071502686,266157600
2018-05-03,41.2453331986,41.6252356124,40.9076405738,41.4821853638,136272800
2018-05-04,41.8011228569,43.2081732757,41.7823617553,43.1096801758,224805200
2018-05-07,43.4262612303,44.0101884,43.3254243418,43.4215736389,169805600
2018-05-08,43.3816974678,43.6701417132,43.0721447531,43.6302757263,113611200
2018-05-09,43.747541146,43.9468711318,43.435644556,43.9374923706,92844800
2018-05-10,44.0266011896,44.6433557487,44.0054927175,44.5659675598,111957200
2018-05-11,44.6083311497,44.7425144526,44.1280874742,44.3964576721,104848800
2018-05-14,44.4953474961,44.6177630904,44.2246243622,44.2928924561,83115200
2018-05-15,43.9703668787,44.038638547,43.5748754193,43.8903274536,94780800
2018-05-16,43.8032361873,44.3658723115,43.7867555765,44.2999534607,76732400
2018-05-17,44.2575790254,44.471805403,43.8715024159,44.0198135376,69176000
2018-05-18,44.0668940461,44.212848738,43.8173572145,43.8597297668,73190800
2018-05-21,44.2575803561,44.5565554419,44.0009814172,44.1704788208,73603200
2018-05-22,44.3470410937,44.4647474318,43.9703793749,44.0598373413,60962800
2018-05-23,43.8691452082,44.3752809279,43.730249026,44.3423233032,80233600
2018-05-24,44.4388507542,44.4553277732,43.8361948933,44.2928924561,92936000
2018-05-25,44.3117157807,44.646001265,44.1751760321,44.3941116333,69844000
2018-05-29,44.1634259965,44.4341491771,43.9915721312,44.234046936,90056400
2018-05-30,44.1916607577,44.2575760091,43.970372303,44.1398696899,74762000
2018-05-31,44.0739577561,44.3117232456,43.8197116565,43.9915618896,109931200
2018-06-01,44.2552222402,44.7896063316,44.198721915,44.7849006653,93770000
2018-06-04,45.1144812257,45.5335154658,45.0462131361,45.1592102051,105064800
2018-06-05,45.4511250244,45.6559328938,45.2839804515,45.5076217651,86264000
2018-06-06,45.5829481593,45.6888831232,45.1803909862,45.6653404236,83734400
2018-06-07,45.7030209572,45.7171451443,45.2792773832,45.5429420471,85388800
2018-06-08,45.003832666,45.1992255826,44.6742564163,45.1286010742,106627200
2018-06-11,45.0462039209,45.1921585882,44.7778336918,45.0179519653,73234000
2018-06-12,45.055627232,45.3428309542,44.9991269024,45.2651443481,67644400
2018-06-13,45.2981061916,45.4063976019,44.831990104,44.893196106,86553600
2018-06-14,45.0932922695,45.0980015281,44.7801930247,44.9167327881,86440400
2018-06-15,44.7354638832,44.766068676,44.3187825028,44.4553222656,246876800
2018-06-18,44.2293305575,44.5447826516,44.069248085,44.4317855835,73939600
2018-06-19,43.5842941552,43.8644357595,43.1864462359,43.7137718201,134314000
2018-06-20,43.8691428217,44.0692413918,43.7231845559,43.9044532776,82514800
2018-06-21,44.0810130156,44.339968334,43.5372104391,43.6596260071,102847600
2018-06-22,43.8149994855,43.8220615773,43.4807139671,43.5325050354,108801600
2018-06-25,43.174680775,43.5325090271,42.5461293985,42.8851242065,126652400
2018-06-26,43.0781649982,43.9115242544,42.9722264249,43.4171562195,98276800
2018-06-27,43.6054892454,44.0880859526,43.3229947508,43.3535995483,101141200
2018-06-28,43.3394833808,43.8362043659,43.2688588461,43.6690597534,69460800
2018-06-29,43.8550137028,44.0668872079,43.0593215206,43.5772285461,90950800
2018-07-02,43.2735540117,44.0927890083,43.1793867987,44.0645370483,70925200
2018-07-03,44.2081382076,44.2458050922,43.2076344848,43.2970924377,55819200
2018-07-05,43.6125425586,43.8832692385,43.3818391869,43.6455001831,66416800
2018-07-06,43.6502233123,44.3588142609,43.5984322298,44.2505264282,69940800
2018-07-09,44.6107021513,44.8884873851,44.5636203345,44.8649482727,79026400
2018-07-10,44.8955588071,45.0297421818,44.770786768,44.8108100891,63756400
2018-07-11,44.3752828435,44.6766107367,44.1657657366,44.2293281555,75326000
2018-07-12,44.617748269,45.0603250914,44.5659572114,44.970867157,72164400
2018-07-13,44.9826431228,45.1615554179,44.940266984,45.0414962769,50055600
2018-07-16,45.0862134964,45.3522272407,44.8272582493,44.9426116943,60172400
2018-07-17,44.6695547283,45.1686284459,44.5400770396,45.0697555542,62138000
2018-07-18,45.1474491186,45.1521583786,44.7119341694,44.8225784302,65573600
2018-07-19,44.6554280606,45.328708412,44.6554280606,45.1709823608,81147200
2018-07-20,45.1474375098,45.3004542947,44.7684230015,45.0673980713,82704800
2018-07-23,44.8884748353,45.1898062814,44.6248138611,45.1074104309,63957600
2018-07-24,45.3051537005,45.5900045242,45.2109900983,45.4346313477,74791600
2018-07-25,45.4487695459,45.8701602373,45.3004584142,45.8630981445,66839600
2018-07-26,45.8136613148,46.1314698663,45.5782486373,45.7194976807,76304000
2018-07-27,45.9031134614,45.9501952725,44.751945758,44.9591064453,96096000
2018-07-30,45.1756909093,45.2463154302,44.5094761999,44.7072219849,84118000
2018-07-31,44.7990254317,45.2321838206,44.5730277202,44.7966690063,157492000
2018-08-01,46.8777154906,47.4968482296,46.4492628042,47.4356422424,271742800
2018-08-02,47.2190716568,49.0552911187,47.164927751,48.8222312927,249616000
2018-08-03,48.7374689739,49.1400260895,48.3725787353,48.9634666443,133789600
2018-08-06,48.9658305899,49.2600963987,48.7468985523,49.2177238464,101701600
2018-08-07,49.2765807083,49.3189532637,48.6739212692,48.7563171387,102349600
2018-08-08,48.5067778433,48.9211028192,48.1465967718,48.7892723083,90102000
2018-08-09,49.3260094833,49.3848626425,48.7774976087,49.1729927063,93970400
2018-08-10,48.9863673318,49.3974232153,48.8233623504,49.0265274048,98444800
2018-08-13,49.4470278354,49.8344584236,49.0666841063,49.343082428,103563600
2018-08-14,49.6478419971,49.7423358752,49.1989870642,49.550983429,82992000
2018-08-15,49.4257649588,49.7848480936,49.215513069,49.6667289734,115230400
2018-08-16,50.0234485536,50.5100987633,49.9573021332,50.3943443298,114001600
2018-08-17,50.4227037079,51.4881371512,50.3565572718,51.4007301331,141708000
2018-08-20,51.5235674089,51.7787015648,50.8172136938,50.8998985291,121150800
2018-08-21,51.2164445502,51.3085773077,50.5620637004,50.8006629944,104639200
2018-08-22,50.5786177181,51.1125149388,50.5171934576,50.8030433655,76072400
2018-08-23,50.70853575,51.2755096774,50.696726722,50.9069786072,75532800
2018-08-24,51.1692110718,51.2400796695,50.8172147494,51.0652656555,73905600
2018-08-27,51.299137119,51.6747586949,51.1054236187,51.4857673645,82100400
2018-08-28,51.7385529056,52.099997245,51.7172923221,51.9015579224,91107200
2018-08-29,52.00785591,52.7968945049,51.8330418897,52.676410675,109019200
2018-08-30,52.7402016712,53.9237542834,52.5393976698,53.1607055664,195175200
2018-08-31,53.5103320895,54.0678545806,53.3898518631,53.7749214172,173360400
2018-09-04,53.9591850712,54.1410859469,53.5386812315,53.9473724365,109560400
2018-09-05,54.0961987934,54.256839075,53.1772321344,53.5953712463,133332000
2018-09-06,53.4441809992,53.7087703039,52.2795280979,52.7047576904,137160000
2018-09-07,52.4094651644,53.2410213353,52.1401536627,52.2795333862,150479200
2018-09-10,52.1968468834,52.4094634967,51.1385004056,51.5779037476,158066000
2018-09-11,51.5023046783,52.9882454364,51.1597599029,52.8819389343,142996000
2018-09-12,53.1394339216,53.1536076402,51.9346173732,52.2251930237,197114800
2018-09-13,52.8039698148,53.9450008904,52.5795442188,53.4866981506,166825600
2018-09-14,53.3307936329,53.5882925023,52.5677449703,52.8795776367,127997200
2018-09-17,52.4803305884,52.6693219266,51.3274902743,51.4715957642,148780400
2018-09-18,51.4503381349,52.4094686676,51.2920589053,51.5566482544,126286800
2018-09-19,51.618061066,51.8826467702,50.8620993366,51.587348938,108495200
2018-09-20,52.0291114335,52.5110358585,51.7716090116,51.9794998169,106435200
2018-09-21,52.1566827313,52.2937013546,51.3322099066,51.4196205139,384986800
2018-09-24,51.2211798092,52.2700746258,51.1762939643,52.1590423584,110773600
2018-09-25,51.9133547126,52.6386078603,51.9015420793,52.4897766113,98217600
2018-09-26,52.2086624711,52.8583177734,51.9157256917,52.0716438293,95938800
2018-09-27,52.8748493282,53.4937924188,52.8086992988,53.1417961121,120724800
2018-09-28,53.1040009279,53.3520518408,52.9221000492,53.3284301758,91717600
2018-10-01,53.8505202641,54.1977908567,53.4725411434,53.6875152588,94403200
2018-10-02,53.6851475922,54.3348028436,53.5386810164,54.1647109985,99152800
2018-10-03,54.346615882,55.1545503499,54.2828305384,54.8238182068,114619200
2018-10-04,54.5190772101,54.8899730892,53.5623113281,53.8599739075,128168000
2018-10-05,53.852875581,53.9591820776,52.1094360608,52.9858779907,134322000
2018-10-08,52.4945059959,53.1063622318,52.0196647804,52.8630371094,118655600
2018-10-09,52.8323226993,53.6898687103,52.5039516722,53.5953712463,107564000
2018-10-10,53.2622842896,53.4725362149,51.0392812057,51.1125144958,167962400
2018-10-11,50.6778276219,51.8542930331,50.1581042214,50.6612892151,212497600
2018-10-12,52.0716315904,52.6527792376,51.2258982723,52.4708747864,161351600
2018-10-15,52.2464455806,52.4047247554,51.3274790494,51.348739624,123164000
2018-10-16,51.7196401266,52.6787704826,51.207003539,52.4803276062,116736000
2018-10-17,52.5157684793,52.5960886265,51.8165016096,52.2535438538,91541600
2018-10-18,51.4668774774,51.9110066461,50.3187591663,51.0321998596,130325200
2018-10-19,51.5141198683,52.2700816596,51.3652885951,51.8094177246,132314800
2018-10-22,51.9228076917,52.7661800445,51.7220073254,52.1259727478,115168400
2018-10-23,50.9873088283,52.7401964479,50.7203584162,52.617351532,155071200
2018-10-24,52.586644216,52.9717101732,50.6825605916,50.8124923706,163702000
2018-10-25,51.4314337942,52.2984277863,51.2046434758,51.9251708984,119423200
2018-10-26,51.0038454166,52.0173097003,50.2407967485,51.0983428955,189033600
2018-10-29,51.7810649382,51.8991840685,48.6863422812,50.1392097473,183742000
2018-10-30,49.881703535,50.8337433653,49.4375780896,50.3896179199,146640000
2018-10-31,51.2353476189,52.0787162114,51.1739233731,51.7030982971,153435600
2018-11-01,51.7479970178,52.5299451639,51.2188219621,52.4968719482,233292800
2018-11-02,49.5037320697,50.4723068505,48.5304279093,49.0147171021,365314800
2018-11-05,48.2635024352,48.2847630246,46.8153599919,47.6232948303,264654800
2018-11-06,47.7012291082,48.3626969582,47.6468953176,48.1382713318,127531600
2018-11-07,48.657989839,49.6242033607,48.2233123491,49.5982170105,133697600
2018-11-08,49.7783840886,49.8115726948,49.0126732056,49.425163269,101450400
2018-11-09,48.7282035636,48.8372503012,47.9458964943,48.4721755981,137463200
2018-11-12,47.1754618128,47.3769664885,45.9403639596,46.0304489136,204542000
2018-11-13,45.4282945876,46.7439887586,45.3856214504,45.5705299377,187531600
2018-11-14,45.966421139,46.1039178346,44.077032567,44.2832794189,243204000
2018-11-15,44.660214482,45.5088988609,44.3069899737,45.3761444092,185915200
2018-11-16,45.1604087602,46.2200784835,44.9138653381,45.8787078857,147713200
2018-11-19,45.0418826502,45.2078257049,43.8542006257,44.0604438782,167701200
2018-11-20,42.2848313225,43.0197264214,41.6068325184,41.9553146362,271300800
2018-11-21,42.6072508171,42.735266619,41.8533936494,41.9079170227,124496800
2018-11-23,41.4717392917,41.8652641467,40.7984822546,40.8435211182,94496000
2018-11-26,41.3057850738,41.4740974792,40.3622734047,41.395866394,179994000
2018-11-27,40.6585951611,41.4314213609,40.5092482199,41.3057785034,165549600
2018-11-28,41.896061494,42.9770660928,41.4693482004,42.8940963745,184250000
2018-11-29,43.3018475215,43.3350361348,42.1260156474,42.5645828247,167080000
2018-11-30,42.7400116812,42.7494962103,41.9671889595,42.3346366882,158126000
2018-12-03,43.7285649501,43.8423539753,42.9581115677,43.8139076233,163210000
2018-12-04,42.8964743681,43.2378450719,41.7870231979,41.8865890503,165377200
2018-12-06,40.7178529009,41.4337826497,40.4001900253,41.4195594788,172393600
2018-12-07,41.1279816222,41.3650441636,39.8976264531,39.9426689148,169126400
2018-12-10,39.1153139307,40.3219612317,38.7194199753,40.2058029175,248104000
2018-12-11,40.6941559789,40.724971649,39.5894436881,39.975856781,189126800
2018-12-12,40.395447175,40.7557831756,40.0683033959,40.0872688293,142510800
2018-12-13,40.4167978203,40.9098883872,40.1939584314,40.525844574,127594400
2018-12-14,40.0635758228,40.0825412632,39.1817027402,39.2291145325,162814800
2018-12-17,39.2219920228,39.9094754804,38.5771816985,38.8640289307,177151600
2018-12-18,39.2054180619,39.7151012585,38.970724761,39.3689918518,135366000
2018-12-19,39.3523887843,39.6961288063,37.7142854674,38.1409988403,196189200
2018-12-20,38.0248316263,38.430210179,36.81581479,37.1785202026,259092000
2018-12-21,37.1856356921,37.4938177633,35.4716742861,35.7324409485,382978400
2018-12-24,35.1208086565,35.9268233436,34.7509917276,34.807888031,148676800
2018-12-26,35.1563916557,37.2733593802,34.7818322353,37.2591362,234330000
2018-12-27,36.943833715,37.1643038081,35.5759851545,37.0173225403,212468400
2018-12-28,37.3373481947,37.5791529863,36.6380144599,37.036277771,169165600
2018-12-31,37.5815229566,37.7782852925,37.0955440419,37.3942451477,140014000
2019-01-02,36.718620877,37.6573902344,36.5621587146,37.436920166,148158800
2019-01-03,34.1322642536,34.5447543845,33.6628814268,33.7079238892,365248800
2019-01-04,34.2626428068,35.2156350688,34.0895881948,35.1468849182,234428400
2019-01-07,35.2512037441,35.282023036,34.5874278189,35.0686645508,219111200
2019-01-08,35.4550662249,35.9908297794,35.2085228213,35.7371711731,164101200
2019-01-09,35.8651878618,36.633271746,35.471666819,36.3440551758,180396400
2019-01-10,36.1520345209,36.5005167168,35.7632521304,36.4602165222,143122800
2019-01-11,36.2421226092,36.4365120129,35.9173444667,36.1022529602,108092800
2019-01-14,35.7608765029,35.8604423102,35.3744635035,35.5593719482,129756800
2019-01-15,35.623390726,36.3630247312,35.5712366751,36.2871665955,114843600
2019-01-16,36.28953984,36.9533157813,36.2705743997,36.7304763794,122278800
2019-01-17,36.5550417649,37.3752797185,36.3322024057,36.9485664368,119284800
2019-01-18,37.337348244,37.4274331624,36.9770121878,37.1761474609,135004000
2019-01-22,37.0789586394,37.1548167832,36.1804894444,36.3416938782,121576000
2019-01-23,36.543189907,36.777883129,35.9623873945,36.4886665344,92522400
2019-01-24,36.5337028176,36.621414787,35.9718658378,36.1994438171,101766000
2019-01-25,36.8584807289,37.4866985966,36.5834909464,37.3989830017,134142000
2019-01-28,36.931986518,37.0600023673,36.4270455624,37.0528907776,104768400
2019-01-29,37.0410284916,37.4867073039,36.53371471,36.668838501,166348800
2019-01-30,38.7004583708,39.3879382671,37.9845285109,39.1745834351,244439200
2019-01-31,39.3784644728,40.0635751698,39.0110167582,39.4566955566,162958400
2019-02-01,39.5799665217,40.0588302874,39.3357887575,39.4756584167,130672400
2019-02-04,39.6866426448,40.6941584894,39.6558233555,40.5969619751,125982000
2019-02-05,40.978636596,41.5049157985,40.8577359858,41.291557312,144406400
2019-02-06,41.4029713962,41.6210721175,40.9762617157,41.3057785034,112958400
2019-02-07,40.869584968,41.2346633456,40.3812366603,40.523475647,126966800
2019-02-08,40.2330261247,40.6306181584,40.0973191668,40.5710983276,95280000
2019-02-11,40.7234594384,40.7615529931,40.2949160303,40.3377685547,83973600
2019-02-12,40.4972865534,40.7115564501,40.4020526628,40.6853675842,89134000
2019-02-13,40.8044159341,41.0639215301,40.4544390308,40.5163383484,89960800
2019-02-14,40.4044348948,40.7734548606,40.325868299,40.6639404297,87342800
2019-02-15,40.7710773106,40.8782122617,40.4139583853,40.5734710693,98507200
2019-02-19,40.4044319054,40.8163079988,40.3520541788,40.6948852539,75891200
2019-02-20,40.7567785664,41.2638884216,40.7091634532,40.9567642212,104457600
2019-02-21,40.9020253304,41.0377286453,40.5449063729,40.7258453369,68998800
2019-02-22,40.8496386786,41.187710782,40.8020235546,41.1805686951,75652800
2019-02-25,41.4638928257,41.8710064048,41.4138945729,41.480556488,87493600
2019-02-26,41.3567522119,41.735297385,41.2281873698,41.504360199,68280800
2019-02-27,41.2377029412,41.663863143,41.123422301,41.6329116821,111341600
2019-02-28,41.5019789392,41.6424448327,41.1686657908,41.2234230042,112861600
2019-03-01,41.4924553724,41.6995831772,41.1615253285,41.6567306519,103544800
2019-03-04,41.8281440884,42.3185867631,41.4186474871,41.8662376404,109744800
2019-03-05,41.8876600475,41.9019442199,41.5543469478,41.7900466919,78949600
2019-03-06,41.5853167702,41.7805435675,41.4115198738,41.5496063232,83241600
2019-03-07,41.3948434475,41.5305503815,40.9543989571,41.0686759949,99185600
2019-03-08,40.5496620457,41.2043800227,40.3544353052,41.1662864685,95997600
2019-03-11,41.780536705,42.6447620738,41.747205749,42.5923843384,128044000
2019-03-12,42.8542774288,43.4899487747,42.7042862953,43.070930481,129870400
2019-03-13,43.3899519081,43.6399358967,43.0733060069,43.261390686,124130000
2019-03-14,43.7827711614,43.8303899161,43.4637458489,43.7422981262,94318000
2019-03-15,44.008951776,44.5993873117,43.7446836574,44.3113098145,156171600
2019-03-18,44.2351355281,44.8517600552,44.23275241,44.763671875,104879200
2019-03-19,44.8422301,44.9946006812,44.2636956088,44.4089241028,126585600
2019-03-20,44.3374984068,45.113639099,43.9803795262,44.7969932556,124140800
2019-03-21,45.2398241391,46.7421037594,45.1898258937,46.4468841553,204136800
2019-03-22,46.5064009815,47.0658886861,45.4207601557,45.485042572,169630800
2019-03-25,45.5945661673,45.7064637307,44.4255995465,44.9350891113,175381200
2019-03-26,45.6302697951,45.9207267699,43.944668274,44.4708213806,199202000
2019-03-27,44.9374695636,45.1779283578,44.4136958105,44.8708076477,119393600
2019-03-28,44.9850588587,45.130287299,44.6469868701,44.9303016663,83121600
2019-03-29,45.1945952504,45.2541150771,44.8874709102,45.2231636047,94256000
2019-04-01,45.6255036768,45.6350252476,44.8493666916,45.5302734375,111448000
2019-04-02,45.4945720708,46.2969017734,45.4850504973,46.1921463013,91062800
2019-04-03,46.0088173449,46.7825749458,45.9850079656,46.5087852478,93087200
2019-04-04,46.375455803,46.7516214564,45.9826264912,46.5897293091,76457200
2019-04-05,46.7706632126,46.9254168891,46.6468609979,46.9016075134,74106400
2019-04-08,46.7635300878,47.6706115313,46.7444833102,47.6396636963,103526800
2019-04-09,47.6920338137,48.294373984,47.4325246881,47.4968070984,143072800
2019-04-10,47.301583923,47.7920302324,47.1825442973,47.763458252,86781200
2019-04-11,47.8182203843,47.8539308198,47.2444485011,47.3658676147,83603200
2019-04-12,47.4253950644,47.649190184,46.7135402939,47.3468284607,111042800
2019-04-15,47.2777869897,47.5801487125,47.1420800474,47.4325370789,70146400
2019-04-16,47.4872960696,47.9420247458,47.2730225322,47.437297821,102785600
2019-04-17,47.5063234628,48.4205503805,47.2849115436,48.3610305786,115627200
2019-04-18,48.3586482618,48.6038695589,48.2158029146,48.534828186,96783200
2019-04-22,48.2896171772,48.7919645656,48.1729570309,48.6943511963,77758000
2019-04-23,48.6705327687,49.4609575159,48.5443510739,49.3966751099,93292000
2019-04-24,49.3681183631,49.6347659872,49.2943143694,49.3205032349,70162400
2019-04-25,49.241936964,49.4633489464,48.8348198047,48.8729133606,74172800
2019-04-26,48.7824404124,48.8062497923,48.12058034,48.6395950317,74596400
2019-04-29,48.6633921147,49.0371782415,48.5348309317,48.7133903503,88818800
2019-04-30,48.3443616189,48.4253076748,47.4039495084,47.775352478,186139600
2019-05-01,49.9680784783,51.260847174,49.8133247727,50.1204490662,259309200
2019-05-02,49.9585409846,50.6275429892,49.5514275664,49.7942657471,127985200
2019-05-03,50.208539788,50.43471438,50.0514065895,50.4132881165,83569600
2019-05-06,48.6372091557,49.720470487,48.4491281437,49.6347618103,129772400
2019-05-07,49.0157609672,49.3824014423,47.8134599346,48.2967605591,155054800
2019-05-08,48.0682027754,48.8871960389,48.0324923383,48.3062820435,105358000
2019-05-09,47.7110862936,48.0158274816,46.8206721107,47.787273407,139634400
2019-05-10,47.1826083306,47.5243746406,46.0712779548,47.1252479553,164834800
2019-05-13,44.8619637651,45.2849842763,43.7004424638,44.3863601685,229722400
2019-05-14,44.5512670678,45.3375626885,44.3122709507,45.0890083313,146118800
2019-05-15,44.5178121653,45.8275099957,44.4580631301,45.6291427612,106178800
2019-05-16,45.3877577821,45.9995873165,45.1320301621,45.4283866882,132125600
2019-05-17,44.675545268,45.6243602052,44.6349163632,45.1702690125,131516400
2019-05-20,43.860563642,44.0589308351,43.0862149943,43.7577934265,154449200
2019-05-21,44.2668600719,44.9312689702,44.1425810728,44.5966758728,113459200
2019-05-22,44.1330336013,44.383980309,43.628751537,43.683719635,118994400
2019-05-23,42.971493361,43.1483481157,42.4958898772,42.9380340576,146118800
2019-05-24,43.0670965062,43.5307495239,42.6894822305,42.7731323242,94858800
2019-05-28,42.7611793982,43.1603024254,42.5197946635,42.5962715149,111792800
2019-05-29,42.1636895913,42.8639500286,42.0633116716,42.3931274414,113924800
2019-05-30,42.5293526885,42.8352673862,42.2234379907,42.6130027771,84873600
2019-05-31,42.1183011001,42.538936764,41.8219481334,41.8410682678,108174400
2019-06-03,41.9677100139,42.5221789823,40.6938605638,41.4180183411,161584400
2019-06-04,41.9294789196,42.9786717166,41.7096029318,42.9332618713,123872000
2019-06-05,44.0422126691,44.2119015496,43.2917648624,43.6263580322,119093600
2019-06-06,43.7554018776,44.3266023513,43.5331336313,44.2668533325,90105200
2019-06-07,44.5751683402,45.8681383207,44.3983135322,45.4451141357,122737600
2019-06-10,45.8418356523,46.6926610789,45.7964258154,46.0258636475,104883600
2019-06-11,46.5707769801,46.8432323694,46.2696432277,46.5588264465,107731600
2019-06-12,46.3532955951,46.8360687666,46.2194583547,46.4106559753,73012800
2019-06-13,46.532533466,47.0320343702,46.2696399806,46.4010848999,86698400
2019-06-14,45.7797038587,46.2672542999,45.4809587325,46.0641098022,75046000
2019-06-17,46.1023626482,46.5946978528,45.9278964542,46.3389701843,58676400
2019-06-18,46.8551828318,47.8685238904,46.6544269972,47.4287719727,106204000
2019-06-19,47.7227396773,47.7705418149,47.1563200851,47.2901573181,84496800
2019-06-20,47.8876458735,47.9450062485,47.3283958924,47.6701622009,86056000
2019-06-21,47.5124255964,48.0023683327,47.3570759428,47.5076446533,191202400
2019-06-24,47.4502807963,47.8374569313,47.3618534125,47.4598426819,72881600
2019-06-25,47.4239962585,47.622363467,46.6735486205,46.7404708862,84281200
2019-06-26,47.2662686288,48.0358365076,47.1658906854,47.7514305115,104270000
2019-06-27,47.8685283757,48.1744467458,47.6964545347,47.7370834351,83598800
2019-06-28,47.483744492,47.679723049,47.0941833198,47.3021087646,124442400
2019-07-01,48.5568349729,48.8723115609,47.9545638074,48.1696624756,109012000
2019-07-02,48.1362138479,48.547287504,48.1242633115,48.4516868591,67740800
2019-07-03,48.5831322157,48.8603685972,48.4421253765,48.8531990051,45448000
2019-07-05,48.5998627424,49.0133250113,48.4923115703,48.8101768494,69062000
2019-07-08,47.9928061686,48.1338129921,47.4192169883,47.8040008545,101354400
2019-07-09,47.608015594,48.1600959227,47.5148072742,48.0955696106,82312000
2019-07-10,48.2413624954,48.6906726673,48.1720515867,48.5711746216,71588400
2019-07-11,48.5903016336,48.8484178864,48.2079100213,48.2174682617,80767200
2019-07-12,48.3847577483,48.7552024176,48.3250087258,48.5879058838,70380800
2019-07-15,48.7767059306,49.2021186337,48.75519716,49.0443840027,67789600
2019-07-16,48.896207411,49.2594824758,48.6357025576,48.8746986389,67467200
2019-07-17,48.7671538673,49.0157082013,48.5807372051,48.5998573303,56430000
2019-07-18,48.7552012022,49.2045150077,48.6835016475,49.1519355774,74162400
2019-07-19,49.1830034593,49.3526922868,48.3632486261,48.4182167053,83717200
2019-07-22,48.6715585568,49.5271651071,48.6620003165,49.5247764587,89111600
2019-07-23,49.8211331113,49.9286806367,49.5415044399,49.9119491577,73420800
2019-07-24,49.6323264989,49.9860397546,49.5128284324,49.8713226318,59966400
2019-07-25,49.9239037333,50.0075538413,49.4076711936,49.4769821167,55638400
2019-07-26,49.5869141556,50.1246554277,49.5056563497,49.649055481,70475600
2019-07-29,49.8211295237,50.3421392808,49.8163485805,50.112701416,86693600
2019-07-30,49.8928249529,50.2274216838,49.5462813342,49.897605896,135742800
2019-07-31,51.7235375391,52.9065675509,50.4998786265,50.9157295227,277125600
2019-08-01,51.1212623066,52.1083173275,49.41005307,49.8139533997,216071600
2019-08-02,49.1208581582,49.3359531457,48.1887750163,48.7599754333,163448400
2019-08-05,47.3188422121,47.4765768767,46.0258723523,46.2075080872,209572000
2019-08-06,46.9173217291,47.3379571804,46.374799585,47.0822296143,143299200
2019-08-07,46.702236382,47.6940688998,46.3222333963,47.5697898865,133457600
2019-08-08,47.8470239379,48.6428814792,47.6534376584,48.6189804077,108038000
2019-08-09,48.2927191777,48.6429772814,47.8105093631,48.2183494568,98478800
2019-08-12,47.88966009,48.4726290152,47.7769048588,48.0959777832,89927600
2019-08-13,48.2255369468,50.8932701274,48.0959866459,50.132774353,188874000
2019-08-14,48.7389331848,49.5258185877,48.6021860476,48.6405715942,146189600
2019-08-15,48.8109051278,49.2139423853,47.9016662532,48.3982696533,108909600
2019-08-16,49.0076307251,49.6985560072,48.9020722891,49.5402183533,110481600
2019-08-19,50.52861961,51.0348176002,50.3870770157,50.463848114,97654400
2019-08-20,50.5909949432,51.1835585641,50.4566491873,50.4662437439,107537200
2019-08-21,51.0971934841,51.2555274635,50.7637268147,51.0132255554,86141600
2019-08-22,51.1451683792,51.4450485788,50.559801644,50.9700393677,89014800
2019-08-23,50.2431292442,50.8716806673,48.2207388209,48.6141815186,187272000
2019-08-26,49.386659078,49.7057319762,49.1947350624,49.5377998352,104174400
2019-08-27,49.8664885211,50.0320230093,48.8277028674,48.978843689,103493200
2019-08-28,48.9644415477,49.3530851236,48.7773165918,49.3075027466,63755200
2019-08-29,50.0200185101,50.2167416829,49.5785957241,50.1423683167,83962000
2019-08-30,50.4182620594,50.4878326591,49.7081440941,50.0775985718,84573600
2019-09-03,49.5234223458,49.6553703882,48.9932361127,49.3482933044,80092000
2019-09-04,49.9936266339,50.2551212839,49.736931092,50.1855506897,76752400
2019-09-05,50.8596634968,51.3322748136,50.7421091831,51.1667404175,95654800
2019-09-06,51.3514945986,51.440257981,50.9820400817,51.1619682312,77449200
2019-09-09,51.5410110812,51.924859218,50.6365749946,51.3802757263,109237600
2019-09-10,51.3059052532,52.0064249809,50.7901127589,51.9872322083,127111600
2019-09-11,52.3159064244,53.6689658566,52.2343362209,53.6401748657,177158400
2019-09-12,53.9304517737,54.3190953118,53.4650371532,53.5202140808,128906800
2019-09-13,52.77892613,52.968448845,52.0640126102,52.4790458679,159053200
2019-09-16,52.2343293948,52.8101015495,52.1935461287,52.7549209595,84632400
2019-09-17,52.7693268811,52.9756446295,52.5678045808,52.9468536377,73274800
2019-09-18,53.0332132021,53.4626436999,52.644569633,53.4434509277,101360000
2019-09-19,53.2611242062,53.6809565095,52.8676815083,53.0092277527,88242400
2019-09-20,53.109981562,53.3930667001,52.1719554629,52.2343292236,221652400
2019-09-23,52.5270206571,52.7405352357,52.215144484,52.4718437195,76662000
2019-09-24,53.0260278363,53.3762895975,52.1047965381,52.2223472595,124763200
2019-09-25,52.4310473993,53.1387638379,52.0927817035,53.026008606,87613600
2019-09-26,52.7789187501,53.0044292614,52.4982313033,52.7525291443,75334000
2019-09-27,52.9084661718,53.0092291486,52.1263798639,52.4958343506,101408000
2019-09-30,52.9948346872,53.8776840196,52.9684450796,53.7313423157,103909600
2019-10-01,53.9952225323,54.7509190528,53.7865034568,53.880065918,139223200
2019-10-02,53.5130199649,53.6377711498,52.2823104844,52.5294151306,138449200
2019-10-03,52.4022686495,53.009229597,51.6105877784,52.975643158,114426000
2019-10-04,54.1319800218,54.5758042272,53.7121476991,54.460647583,138478800
2019-10-07,54.2831145036,55.1611609341,54.1799538128,54.4726371765,122306000
2019-10-08,54.1751550175,54.7125379519,53.8176965287,53.834487915,111820000
2019-10-09,54.4654388428,54.6477646788,54.1319722209,54.4654388428,74770400
2019-10-10,54.6813567332,55.283518554,54.5302195925,55.1995506287,113013600
2019-10-11,55.8856578105,57.0108085939,55.7321193372,56.6677474976,166795600
2019-10-14,56.3534933545,57.128386532,56.2983164152,56.5862007141,96427600
2019-10-15,56.7109458908,57.0132238234,56.3486919165,56.4542503357,87360000
2019-10-16,55.9864294718,56.4350527148,55.9456462062,56.2263336182,73903200
2019-10-17,56.399066368,56.6533641841,56.0224187518,56.4446487427,67585200
2019-10-18,56.2791204704,56.9964352834,56.2071484846,56.7157478333,97433600
2019-10-21,56.9820298165,57.814497438,56.9340497228,57.6993408203,87247200
2019-10-22,57.8552861361,58.1047848433,57.4858316923,57.567401886,82293600
2019-10-23,58.0808000631,58.354290666,57.8696832256,58.3398933411,75828800
2019-10-24,58.6589688069,58.728543068,58.0112282633,58.4358596802,69275200
2019-10-25,58.3350916339,59.1915475113,58.2679187675,59.1555633545,73477200
2019-10-28,59.3570896423,59.7961147152,59.1891574545,59.748134613,96572800
2019-10-29,59.7289253794,59.9160502886,58.19354057,58.366268158,142839600
2019-10-30,58.7189413257,58.8484916231,57.8672844798,58.359085083,124522000
2019-10-31,59.313906657,59.7769199351,56.9196604714,59.6785583496,139162000
2019-11-01,59.8656787227,61.3986660626,59.7745176369,61.3722801208,151125200
2019-11-04,61.7345235948,61.8592784221,61.2667149565,61.7753105164,103272000
2019-11-05,61.6673651506,61.9408594238,61.4922397888,61.6865615845,79897600
2019-11-06,61.6001963977,61.7729277078,61.264331995,61.7129516602,75864400
2019-11-07,62.2591699524,62.6465791486,62.1075753689,62.425201416,94940400
2019-11-08,62.2471153057,62.6682079291,61.8043673714,62.5960235596,69986400
2019-11-11,62.153275789,63.1566827068,62.1484659449,63.0917167664,81821200
2019-11-12,62.9353053701,63.2336846028,62.7837181749,63.0339622498,87388800
2019-11-13,62.8342623197,63.7125400728,62.8198254405,63.6379470825,102734400
2019-11-14,63.464675577,63.7365822814,63.0676468478,63.1975860596,89182800
2019-11-15,63.4478195931,63.953132139,63.2866054093,63.9483222961,100206400
2019-11-18,63.9579739187,64.3501929351,63.5801991246,64.2707901001,86703200
2019-11-19,64.4632914437,64.4873553584,63.8593290418,64.0758895874,76167200
2019-11-20,63.8954211899,64.0253531112,62.6586079402,63.32995224,106234400
2019-11-21,63.4502601817,63.5272617661,62.8462904778,63.0460128784,121395200
2019-11-22,63.1855553382,63.3275228418,62.7644626714,62.990650177,65325200
2019-11-25,63.2144295395,64.1119611308,63.1687103193,64.0951156616,84020400
2019-11-26,64.2322844512,64.2852221183,63.1639114192,63.5946311951,105207600
2019-11-27,63.905038926,64.4825434872,63.8400729674,64.4488525391,65235600
2019-11-29,64.1504727297,64.4873454537,63.9820326961,64.3068771362,46617600
2019-12-02,64.3116698363,64.5474843519,63.3924903651,63.563331604,94487200
2019-12-03,62.1557039682,62.4492661045,61.6696452003,62.4300193787,114430400
2019-12-04,62.819822881,63.3588192645,62.7259758268,62.9810371399,67181600
2019-12-05,63.4743017226,63.9796143452,63.2192404895,63.9050140381,74424400
2019-12-06,64.3622075592,65.2092026774,64.3188895928,65.1394195557,106075600
2019-12-09,64.9685903457,65.1610869353,63.7438129866,64.2274703979,128042400
2019-12-10,64.6317179926,64.985436169,63.9724021158,64.6028442383,90420400
2019-12-11,64.68225541,65.2332874361,64.6076624207,65.1538772583,78756800
2019-12-12,64.4344119691,65.5845964936,64.3237267833,65.3199081421,137310400
2019-12-13,65.3199047275,66.2439016435,65.1923740752,66.2078094482,133587600
2019-12-16,66.6529660425,67.5649346737,66.6481561975,67.3411483765,128186000
2019-12-17,67.2713642423,67.8007335082,67.0860787574,67.473487854,114158400
2019-12-18,67.3267156266,67.8320284211,67.1630927691,67.3122787476,116028400
2019-12-19,67.2545166333,67.6587638439,67.1221761569,67.3796386719,98369200
2019-12-20,67.9114259079,68.0124840419,67.0283311438,67.2400817871,275978000
2019-12-23,67.5023591315,68.3974821467,67.4638583483,68.3373260498,98572000
2019-12-24,68.5033787376,68.5515065674,68.077476083,68.4023132324,48478800
2019-12-26,68.5346674454,69.7762906667,68.5057936822,69.7594451904,93121200
2019-12-27,70.0505589459,70.7363398056,69.3286859026,69.7329330444,146266000
2019-12-30,69.6511571351,70.4283768179,68.6309117306,70.1468429565,144114400
2019-12-31,69.7642170164,70.6665583417,69.6655601504,70.6593399048,100805600
2020-01-02,71.2825902837,72.3317167861,71.0299375288,72.2715606689,135480400
2020-01-03,71.5015494021,72.3268894519,71.345144988,71.5689239502,146322800
2020-01-06,70.6930580064,72.1777067251,70.4428065266,72.1392059326,118387200
2020-01-07,72.1488277732,72.40388908,71.5809576466,71.7999267578,108872000
2020-01-08,71.5039380051,73.2556831086,71.5039380051,72.9549026489,132079200
2020-01-09,73.9294587487,74.6970513845,73.6792145907,74.5045547485,170108400
2020-01-10,74.7379621985,75.2360566161,74.1724932227,74.6729888916,140644800
2020-01-13,74.9881867718,76.2947754183,74.8702758299,76.2683029175,121532000
2020-01-14,76.2057486026,76.4150906506,75.1157203902,75.2384338379,161954400
2020-01-15,75.0387440866,75.9170219528,74.4853033875,74.9160232544,121923600
2020-01-16,75.4574175522,75.9651389411,75.0964808908,75.8544464111,108829200
2020-01-17,76.1022725853,76.6966151176,75.7966822559,76.6942138672,137816400
2020-01-21,76.323654949,76.7639943753,76.0373113221,76.1744689941,110843200
2020-01-22,76.6581239349,76.9974052459,76.3525335673,76.4463806152,101832400
2020-01-23,76.4993424365,76.8939627886,75.9531201349,76.8145599365,104472000
2020-01-24,77.0599514955,77.8010712953,76.4030443474,76.5931396484,146537600
2020-01-27,74.6080090832,75.0194747964,73.3615763165,74.3409194946,161940000
2020-01-28,75.2191998628,76.6148186487,75.1205429632,76.443977356,162234000
2020-01-29,78.0706085563,78.8887302472,77.3318897058,78.0441360474,216229200
2020-01-30,77.1297541803,77.9839679399,76.6990344094,77.9310302734,126743200
2020-01-31,77.223588835,77.6446815454,74.1821001625,74.4756622314,199588400
2020-02-03,73.2220071464,75.4333461258,72.7215115901,74.2711334229,173788400
2020-02-04,75.8713013306,76.9132094018,75.4670539819,76.7231140137,136616400
2020-02-05,77.8468190227,78.1451983326,76.7471708727,77.3487319946,118826800
2020-02-06,77.6182115422,78.2558647095,77.0623697866,78.2534561157,105425600
2020-02-07,77.7541930409,78.0026241143,76.7001698716,77.1897964478,117684000
2020-02-10,75.7788095023,77.5564193726,75.6992182165,77.5564193726,109348800
2020-02-11,78.0508298133,78.1231854861,76.871380821,77.0884552002,94323200
2020-02-12,77.5371137698,78.9239878248,77.5371137698,78.9191665649,113730400
2020-02-13,78.1931817944,78.6828084405,77.9905784265,78.3571929932,94747600
2020-02-14,78.3258161237,78.6249035177,77.869960504,78.3764724731,80113600
2020-02-18,76.0633978241,77.1222494418,75.8825012265,76.9413528442,152531200
2020-02-19,77.1825604137,78.2848256212,77.1825604137,78.0556869507,93984000
2020-02-20,77.8169106347,78.304122928,76.7508232135,77.2549209595,100566000
2020-02-21,76.8497091782,77.2911010661,74.8912028922,75.5062484741,129554000
2020-02-24,71.6977743741,73.3668430583,69.760974866,71.919670105,222195200
2020-02-25,72.5877731472,72.968858717,69.013254835,69.483581543,230673600
2020-02-26,69.1097309924,71.8473007823,69.1024954234,70.5858459473,198054800
2020-02-27,67.8000523999,68.9819088059,65.8367176161,65.971786499,320605600
2020-02-28,62.0499554381,67.1512386884,61.8352879143,65.9331970215,426510000
2020-03-02,68.0846779612,72.705985474,66.9848268679,72.0716400146,341397200
2020-03-03,73.2438412481,73.323432525,68.9336714492,69.7826843262,319475600
2020-03-04,71.4999724966,73.1786905965,70.7016162274,73.0195007324,219178400
2020-03-05,71.278072705,72.2500900191,70.2867629946,70.650970459,187572800
2020-03-06,68.0171041191,70.1444493549,67.8313863073,69.7127075195,226176800
2020-03-09,63.6153163778,67.0740591414,63.4344197435,64.1990127563,286744800
2020-03-10,66.8449246964,69.088039912,64.9708309423,68.8227233887,285290000
2020-03-11,66.9052053231,67.8289806014,65.5713874997,66.4324569702,255598800
2020-03-12,61.731578665,65.1227869054,59.8164857502,59.8719596863,418474000
2020-03-13,63.8902860175,67.5154544563,61.0104071858,67.0451202393,370732000
2020-03-16,58.3572582723,62.4889352357,57.8869277206,58.4199714661,322423600
2020-03-17,59.6982958622,62.1343681624,57.5010047474,60.9886932373,324056000
2020-03-18,57.8314494463,60.2988785251,57.1922791258,59.4956970215,300233600
2020-03-19,59.669353459,60.9838681729,58.5164392855,59.0398330688,271857200
2020-03-20,59.618704688,60.7402660232,54.99257655,55.2916603088,401693200
2020-03-23,55.0118602322,55.1131618824,51.2805662208,54.117023468,336752800
2020-03-24,57.0089671288,59.7417125184,56.5121049999,59.5463447571,287531200
2020-03-25,60.4797664511,62.2887325463,58.9240563453,59.2183151245,303602000
2020-03-26,59.4595216327,62.3924564087,59.4209294656,62.3345718384,252087200
2020-03-27,60.9621569382,61.7146856503,59.5873434526,59.7537689209,204216800
2020-03-30,60.4773550328,61.6302691147,60.1541502976,61.4590187073,167976400
2020-03-31,61.6495682717,63.3114013582,60.7812630418,61.3335990906,197002000
2020-04-01,59.4546812832,59.9901355023,57.6770719089,58.1063995361,176218400
2020-04-02,57.9689214601,59.1290711437,57.1392084103,59.076007843,165934000
2020-04-03,58.5622665938,59.2617320533,57.6384874115,58.2270050049,129880000
2020-04-06,60.5159424,63.4609370495,60.1493279327,63.3065757751,201820400
2020-04-07,65.3157447346,65.5328265941,62.4696405053,62.5733528137,202887200
2020-04-08,63.3717034719,64.4884398173,63.0075032712,64.1748886108,168895200
2020-04-09,64.8092240497,65.1396606573,63.8444421947,64.6379699707,161834800
2020-04-13,64.7151557801,66.0152028928,64.1169883664,65.9066619873,131022800
2020-04-14,67.5347430495,69.5246060144,67.064408859,69.235168457,194994800
2020-04-15,68.1136219236,69.0615186696,67.6867084495,68.6032485962,131154400
2020-04-16,69.3147638013,69.5125458774,68.1015507337,69.1483383179,157125200
2020-04-17,68.6659383459,69.2110424588,66.7773737102,68.2100753784,215250000
2020-04-20,67.0402975169,67.9399520929,66.7749809736,66.7942733765,130015200
2020-04-21,66.6374944929,66.8714544295,64.0205217654,64.729637146,180991600
2020-04-22,65.9935113935,67.0282423717,65.6534321429,66.5940933228,116862400
2020-04-23,66.5385942206,67.9568247851,66.2973987466,66.3359909058,124814400
2020-04-24,66.8593881429,68.260733254,66.811146104,68.251083374,126161200
2020-04-27,67.9688876534,68.629768316,67.5226818755,68.299331665,117087600
2020-04-28,68.7599929589,68.9408895393,67.1005745108,67.1922225952,112004800
2020-04-29,68.6755760174,69.8670820059,68.4729727437,69.3991622925,137280800
2020-04-30,69.9370305708,71.0392955431,69.5487094297,70.8632202148,183064000
2020-05-01,69.042200993,72.1174431333,68.9457242804,69.7223739624,240616800
2020-05-04,69.7465173464,70.8367185343,69.0591085871,70.7088851929,133568000
2020-05-05,71.167122513,72.5998239465,71.0224037838,71.770111084,147751200
2020-05-06,72.4696060095,73.1401292804,72.0861060047,72.5106124878,142333600
2020-05-07,73.1352850557,73.6056191301,72.8337907415,73.2607040405,115215200
2020-05-08,73.918573504,75.0576777864,73.5920765775,75.0044708252,133838400
2020-05-11,74.5134886448,76.6780272549,74.3054951965,76.1846618652,145946400
2020-05-12,76.8666654178,77.3165072311,75.1930788038,75.3140029907,162301200
2020-05-13,75.4929809489,76.4120093504,73.3308555374,74.4046630859,200622400
2020-05-14,73.6452657267,74.9222251063,72.9245547684,74.8617630005,158929200
2020-05-15,72.6391659442,74.4651183498,72.6053036267,74.4191665649,166348400
2020-05-18,75.7396659571,76.5450178739,75.0503965475,76.1725692749,135178400
2020-05-19,76.1895039001,77.0335524847,75.7009727716,75.7324142456,101729600
2020-05-20,76.5885434313,77.2753919468,76.5498468047,77.2052612305,111504800
2020-05-21,77.0673988695,77.6067233664,76.3926398821,76.6296539307,102688800
2020-05-22,76.368450934,77.2052515403,76.26687876,77.1230239868,81803200
2020-05-26,78.2379502036,78.4169156414,76.5450115594,76.6006393433,125522000
2020-05-27,76.4579529678,77.079497716,75.7203109556,76.934387207,112945200
2020-05-28,76.6103385784,78.2234711501,76.3346351555,76.9682769775,133560800
2020-05-29,77.210116161,77.6696267309,76.5377777783,76.8932952881,153532400
2020-06-01,76.847317933,77.9598218875,76.7167177494,77.8388977051,80791200
2020-06-02,77.5728704577,78.2234432119,77.1327046201,78.199256897,87642800
2020-06-03,78.5184820561,78.890930562,77.9477161422,78.6297302246,104491200
2020-06-04,78.4532189845,78.750687842,77.5801422783,77.9525909424,87560400
2020-06-05,78.2016743216,80.2331992159,78.1726536972,80.1727371216,137250400
2020-06-08,79.870435353,80.6806289818,79.1618213012,80.6467666626,95654400
2020-06-09,80.3275377952,83.5852289286,80.2960963197,83.1934356689,147712400
2020-06-10,84.1390618827,85.8005593085,83.7013168431,85.3337936401,166651600
2020-06-11,84.4800733593,84.9033081061,81.1353128647,81.2368850708,201662400
2020-06-12,83.3699859156,84.1148757863,80.830577558,81.9382400513,200146000
2020-06-15,80.5959827085,83.6021566763,80.4339410262,82.9515838623,138808800
2020-06-16,85.0000338155,85.4208550366,83.3699780147,85.1499786377,165428800
2020-06-17,85.8924663102,85.9529284162,84.9105622992,85.0314865112,114406400
2020-06-18,84.987937255,85.4813100003,84.4582887301,85.0653305054,96820400
2020-06-19,85.769144231,86.2334891564,83.4739972509,84.579246521,264476000
2020-06-22,84.9710413338,86.9348497471,84.9250895336,86.7921600342,135445200
2020-06-23,88.0328153263,90.0595060469,87.6144149481,88.6446914673,212155600
2020-06-24,88.2746648372,89.1912723277,86.7074845688,87.0799331665,192623200
2020-06-25,87.2347059178,88.2746509077,86.4777193743,88.2359542847,137522400
2020-06-26,88.1319743358,88.3520572605,85.3773175794,85.524848938,205256800
2020-06-29,85.432951613,87.5902426974,84.9565099457,87.4959182739,130646000
2020-06-30,87.0847631701,88.5116745452,87.0654185468,88.2262878418,140223200
2020-07-01,88.3036793208,88.8454173302,88.0110448476,88.0594100952,110737200
2020-07-02,88.9639280552,89.5975696299,87.945748442,88.0594100952,114041600
2020-07-06,89.4839135591,90.8817971028,89.4524720843,90.4150314331,118655600
2020-07-07,90.7923036142,91.5686348679,90.0232275169,90.134475708,112424400
2020-07-08,91.1091178037,92.2651527115,91.022048553,92.2337112427,117092000
2020-07-09,93.1237212451,93.1769281871,91.5855690005,92.630355835,125642800
2020-07-10,92.2264873152,92.8504604512,91.6170318764,92.7924118042,90257200
2020-07-13,94.0935255754,96.69581638,92.1514834733,92.3643112183,191649200
2020-07-14,91.7475980436,94.0838542839,90.8164876836,93.8927993774,170989200
2020-07-15,95.7622883593,96.0113919108,93.3438044108,94.5385360718,153198000
2020-07-16,93.4139484013,94.2289763624,92.7778859018,93.37525177,110577600
2020-07-17,93.825090686,93.9798698257,92.7150000238,93.1866073608,92186800
2020-07-20,93.2736749624,95.2882688715,92.9302469895,95.1504135132,90318000
2020-07-21,95.9388599207,96.0138323479,93.5880927478,93.8371963501,103433200
2020-07-22,93.5396942947,94.780377652,93.4526324215,94.1007843018,89001600
2020-07-23,93.8347477695,93.9121410201,89.0098771621,89.8176498413,197004400
2020-07-24,88.020740776,89.9385970922,86.2383116123,89.5951690674,185438800
2020-07-27,90.6544582417,91.8104933606,90.4319618349,91.7185897827,121214000
2020-07-28,91.2905022941,91.4670542569,90.2070189659,90.2118606567,103625600
2020-07-29,90.6931547498,92.1249006003,90.656878964,91.9410934448,90329200
2020-07-30,91.1163734316,93.1575742656,90.7100699412,93.0535812378,158130000
2020-07-31,99.530303801,102.945202412,97.537467742,102.795257568,374336800
2020-08-03,104.671981302,107.997396698,104.374512503,105.385437012,308151200
2020-08-04,105.574095061,107.177551336,104.853384081,106.089233398,173071600
2020-08-05,105.811100231,106.793004185,105.346748036,106.473762512,121776800
2020-08-06,106.805088496,110.681918026,106.217398659,110.188545227,202428800
2020-08-07,109.711238611,110.166734527,106.888626448,107.683319092,198045600
2020-08-10,109.124921936,110.263661883,106.60516497,109.24848938,212403600
2020-08-11,108.514380169,109.011060423,105.74021976,105.999465942,187902400
2020-08-12,107.087306925,109.779091141,106.893482313,109.522270203,165598000
2020-08-13,110.898439071,112.461176736,110.411444959,111.460540771,210082000
2020-08-14,111.286106089,111.450857756,109.5561914,111.361213684,165565200
2020-08-17,112.480554717,112.504784641,110.445366837,111.070457458,119561600
2020-08-18,110.823323539,112.419977067,110.488969838,111.995979309,105633600
2020-08-19,112.403034787,113.546617806,112.042033285,112.136520386,145538000
2020-08-20,112.177704239,114.738652739,112.160742552,114.624778748,126907200
2020-08-21,115.581814683,121.013836281,115.569703415,120.531692505,338054800
2020-08-24,124.725606777,124.810415207,120.112516169,121.973258972,345937600
2020-08-25,120.849065688,121.316672913,119.254829829,120.972625732,211495600
2020-08-26,122.285808302,123.073232767,121.222176014,122.617736816,163022400
2020-08-27,123.218602533,123.550531042,120.010751439,121.151916504,155552400
2020-08-28,122.123478692,122.540208257,120.732768262,120.955673218,187630000
2020-08-31,123.642630552,126.95708081,122.111390703,125.057563782,225702700
2020-09-01,128.662735937,130.639785436,126.501562667,130.038909912,151948100
2020-09-02,133.343693115,133.721656341,123.080525302,127.344726562,200119000
2020-09-03,122.993291136,124.863720135,116.781113815,117.149383545,257599600
2020-09-04,116.364381357,119.882349091,107.467695598,117.226913452,332607200
2020-09-08,110.433257903,115.31771368,109.202456055,109.338134766,231366600
2020-09-09,113.64111099,115.46308756,111.702835211,113.699256897,176940500
2020-09-10,116.645429163,116.781107867,109.02800527,109.987449646,182274400
2020-09-11,111.034118006,111.673752506,106.605158533,108.543434143,180860300
2020-09-14,111.179480842,112.3521366,109.318738187,111.799728394,140150100
2020-09-15,114.67806966,115.162638527,110.10373838,111.9741745,184642000
2020-09-16,111.673751416,112.419984265,108.582199482,108.669418335,154679000
2020-09-17,106.333801158,108.737258774,105.354969905,106.934661865,178011000
2020-09-18,106.99280654,107.457988508,102.815817908,103.542671204,287104900
2020-09-21,101.313676293,106.789306871,99.9181153596,106.682701111,195713800
2020-09-22,109.202458971,109.376904089,105.791096813,108.359306335,183055400
2020-09-23,108.175169076,108.65004455,103.474844606,103.814048767,150718700
2020-09-24,101.924237945,106.847460579,101.759486266,104.880111694,167743300
2020-09-25,105.083609842,108.969854412,104.347063058,108.814788818,149981400
2020-09-28,111.460538704,111.760969051,109.299358191,111.412078857,137672400
2020-09-29,111.014741488,111.751280916,110.064983161,110.56893158,99382200
2020-09-30,110.278192349,113.641101735,110.113440696,112.235847473,142675200
2020-10-01,114.009365901,114.086898697,112.255228915,113.185600281,116120400
2020-10-02,109.40595141,111.809416094,108.756630943,109.531936646,144712000
2020-10-05,110.394477945,113.049913148,110.045587784,112.904541016,106243800
2020-10-06,112.129220872,112.536264296,108.785699005,109.667617798,161498200
2020-10-07,111.082594039,111.983892624,110.607711121,111.528396606,96849000
2020-10-08,112.662271039,112.80764319,111.053498716,111.421775818,83477200
2020-10-09,111.722193667,113.389111706,111.373303501,113.360038757,100506900
2020-10-12,116.354675929,121.316663872,115.598749667,120.56073761,240226800
2020-10-13,121.403905641,121.520204855,115.957355188,117.362602234,262330500
2020-10-14,117.265667675,119.233016123,115.928260243,117.449806213,150712000
2020-10-15,115.056037052,117.459494577,114.503628819,116.984619141,112559200
2020-10-16,117.53703239,117.798703739,115.143260817,115.34677887,115393800
2020-10-19,116.257760624,116.703563091,112.090472842,112.400596619,120639300
2020-10-20,112.613809161,115.308018451,112.061400912,113.883384705,124423700
2020-10-21,113.069321053,115.046363327,112.856109524,113.263153076,89946000
2020-10-22,113.825250694,114.397045937,111.053515531,112.177719116,101988000
2020-10-23,112.79795098,112.953016582,110.753069576,111.489616394,82572600
2020-10-26,110.491386415,112.952996953,109.39625613,111.499290466,111850700
2020-10-27,111.925713748,113.660471163,111.005035868,113.001457214,92276800
2020-10-28,111.499306237,111.867575937,107.671207511,107.768119812,143937800
2020-10-29,108.90201751,113.321283523,108.737258464,111.760971069,146129200
2020-10-30,107.632443562,108.533742027,104.395526803,105.500343323,190272600
2020-11-02,105.742634809,107.264180987,104.007877114,105.413124084,122866900
2020-11-03,106.275666935,108.049183694,105.374368381,107.031593323,107624400
2020-11-04,110.617390258,112.02263714,108.882632671,111.402389526,138235500
2020-11-05,114.309805189,115.928271,113.263141942,115.35647583,126387100
2020-11-06,114.866215797,115.720525758,112.740139954,115.225418091,114457900
2020-11-09,116.982591967,118.429096632,112.662490911,112.924606323,154515300
2020-11-10,112.177092836,114.157538619,110.798537076,112.584831238,138023400
2020-11-11,113.769194377,116.137965076,113.041087081,116.002052307,112295000
2020-11-12,116.128275457,117.011708558,115.108922165,115.730239868,103162300
2020-11-13,115.953531776,116.176813896,114.429360596,115.778785706,81581900
2020-11-16,115.44869937,117.458275355,114.701179084,116.788421631,91183000
2020-11-17,116.060339565,117.147642035,115.487557808,115.905006409,74271000
2020-11-18,115.147750107,116.322429068,114.555555541,114.58467865,76322100
2020-11-19,114.157511455,115.584602929,113.400281058,115.176864624,74113000
2020-11-20,115.176858079,115.303060669,113.866266512,113.914802551,73604300
2020-11-23,113.759470135,114.186628732,110.429592884,110.526672363,127959300
2020-11-24,110.584936357,112.468302137,109.303460444,111.808151245,113874200
2020-11-25,112.177066627,113.342035334,111.808154192,112.643051147,76499200
2020-11-27,113.167285979,114.060429121,112.827504066,113.186698914,46691300
2020-11-30,113.555619308,117.438858365,113.400286191,115.574905396,169410200
2020-12-01,117.477717944,119.86590961,116.506907963,119.137802124,127728200
2020-12-02,118.458195599,119.768794611,117.361183311,119.487258911,89004200
2020-12-03,119.914435879,120.166848528,118.642677277,119.351371765,78967600
2020-12-04,119.02128526,119.273697893,117.972808852,118.681503296,78260400
2020-12-07,118.739757196,120.933789656,118.681510972,120.13772583,86712000
2020-12-08,120.739625847,121.331820459,119.496982996,120.749328613,82225500
2020-12-09,120.894946755,122.273494934,117.467989245,118.225219727,115089200
2020-12-10,116.982569241,120.254200608,116.642787327,119.642585754,81312200
2020-12-11,118.856227815,119.176596782,117.031108307,118.83681488,86939800
2020-12-14,119.02128349,119.749390861,117.992227442,118.225219727,79184500
2020-12-15,120.710488148,124.166576106,120.506618976,124.147155762,157243700
2020-12-16,123.690875136,124.622844211,122.865680915,124.079193115,98208600
2020-12-17,125.13738869,125.797547117,124.302491594,124.943229675,94359800
2020-12-18,125.195649516,125.331562307,122.438545586,122.962783813,192541500
2020-12-21,121.37063242,124.564597405,119.846461399,124.486930847,121251600
2020-12-22,127.768272726,130.486543008,125.865479084,128.030395508,168904800
2020-12-23,128.302236957,128.564344958,126.962514586,127.137268066,88223700
2020-12-24,127.486731721,129.564263802,127.273152411,128.117752075,54930100
2020-12-28,130.078843306,133.33104807,129.612843819,132.700027466,124486200
2020-12-29,134.020303777,134.738693591,130.418592688,130.933120728,121047300
2020-12-30,131.622372164,132.02040767,129.505999456,129.816665649,96452100
2020-12-31,130.16615142,130.806889304,127.875040199,128.816726685,99116600
2021-01-04,129.622520691,129.709890013,123.059844772,125.632492065,143301900
2021-01-05,125.127663896,127.894477516,124.681084908,127.185775757,97664900
2021-01-06,123.991820063,127.224618246,122.690931172,122.904510498,155088000
2021-01-07,124.613170874,127.787723688,124.127765879,127.098442078,109578200
2021-01-08,128.564347517,128.758521347,126.428568707,128.195449829,105158200
2021-01-11,125.418933971,126.37032353,124.749072766,125.215057373,100384500
2021-01-12,124.749090633,125.904356955,123.156962754,125.040336609,91951100
2021-01-13,125.001438096,127.612918276,124.739330171,127.069267273,88636800
2021-01-14,126.981932395,127.176091404,125.001471989,125.147102356,90221800
2021-01-15,125.020891913,126.418860474,123.292851556,123.428764343,111598500
2021-01-19,124.050074101,124.952934911,123.234597431,124.098617554,90757300
2021-01-20,124.904386014,128.622589135,124.797596349,128.176010132,104319500
2021-01-21,129.894391871,135.593042309,129.690515236,132.874771118,120150900
2021-01-22,132.301945923,135.767743693,131.078731023,135.010513306,114459400
2021-01-25,138.89373824,140.85476299,132.554337848,138.74810791,157611700
2021-01-26,139.408329447,140.087893521,137.243412365,138.981170654,98390600
2021-01-27,139.243258624,140.087873321,136.311423354,137.913253784,140843800
2021-01-28,135.447377964,137.845279187,132.709687409,133.088302612,142621100
2021-01-29,131.86510749,132.748548034,126.409160717,128.108078003,177523800
2021-02-01,129.845811039,131.428235757,127.108120287,130.22442627,106239800
2021-02-02,131.768042046,132.331113644,130.680739546,131.0496521,83305400
2021-02-03,131.797155124,131.806872705,129.709919631,130.030288696,89880900
2021-02-04,132.321383215,133.389265143,130.661291883,133.379562378,84183100
2021-02-05,133.540014724,133.608065259,132.091340922,132.966369629,75693800
2021-02-08,132.256588668,133.160798607,131.177378969,133.112182617,71297200
2021-02-09,132.830246956,134.055304885,132.081616927,132.237167358,76774200
2021-02-10,132.694098682,133.189960993,130.671795217,131.634338379,73046600
2021-02-11,132.130191155,132.606604123,130.059286455,131.381561279,64280000
2021-02-12,130.623173369,131.770433368,129.98147803,131.614868164,60145100
2021-02-16,131.731609718,132.237174608,129.106493917,129.495407104,80576300
2021-02-17,127.609186383,128.552280223,125.878563937,127.21055603,97918500
2021-02-18,125.616045641,126.393856958,123.875705984,126.111907959,96856700
2021-02-19,126.627202498,127.084166083,125.227145119,126.267456055,87668800
2021-02-22,124.459067773,126.121639843,122.115923703,122.504829407,103916400
2021-02-23,120.326967708,123.195133363,115.105925886,122.368713379,158273000
2021-02-24,121.474210366,122.077007035,118.839385711,121.872833252,111039900
2021-02-25,121.221432475,122.952054879,117.19627483,117.633789062,148199500
2021-02-26,119.189401998,121.386712636,117.8379606,117.89630127,164560400
2021-03-01,120.317222494,124.381271195,119.383853416,124.245155334,116307900
2021-03-02,124.847984408,125.149382814,121.542296959,121.649246216,102260900
2021-03-03,121.347834502,122.222870464,118.460219538,118.674118042,112966300
2021-03-04,118.372710173,120.171390528,115.329537625,116.797645569,178155000
2021-03-05,117.624082663,118.557451885,114.308670681,118.051872253,153766600
2021-03-08,117.575454937,117.643512871,112.986384488,113.132225037,154376600
2021-03-09,115.72816385,118.67411192,115.494823411,117.731018066,129525800
2021-03-10,118.314397352,118.781078297,116.13652822,116.651832581,111943300
2021-03-11,119.140801905,119.792214656,117.896309659,118.576889038,103026500
2021-03-12,117.060154699,117.80879195,115.854553869,117.672676086,88105100
2021-03-15,118.042141376,120.560292308,117.079598218,120.550567627,92403800
2021-03-16,122.213145043,123.690985195,121.260333882,122.086753845,115227900
2021-03-17,120.608913187,122.368702248,118.94634127,121.299217224,111932600
2021-03-18,119.47136459,119.763045699,116.982380145,117.186553955,121229700
2021-03-19,116.574044908,118.061602407,116.360146394,116.6615448,185549500
2021-03-22,116.992116765,120.43392009,116.924058821,119.96723175,111912300
2021-03-23,119.908894826,120.793648065,118.751902404,119.140808105,95467100
2021-03-24,119.413040746,119.490823371,116.739324227,116.758766174,88530500
2021-03-25,116.224034373,118.28522954,115.699012753,117.244903564,98844700
2021-03-26,117.011557348,118.110216532,115.621224446,117.847702026,94071200
2021-03-29,118.275487247,119.179689778,117.381009398,118.022697449,80819200
2021-03-30,116.778201817,117.060158234,115.562876269,116.574028015,85671900
2021-03-31,118.275481728,120.093603968,117.789351517,118.761611938,118323800
2021-04-01,120.229723372,120.735295511,119.092173078,119.588027954,75089100
2021-04-05,120.433920249,122.660397859,119.656108821,122.407608032,88651200
2021-04-06,122.990963722,123.603485219,122.164543711,122.709007263,80171300
2021-04-07,122.339548013,124.371569023,121.668685853,124.352127075,83466700
2021-04-08,125.37299034,126.773047854,124.95492544,126.743881226,88844600
2021-04-09,126.199437772,129.349552844,125.878589971,129.310668945,106686700
2021-04-12,128.843933471,129.164781136,127.006362178,127.599441528,91420000
2021-04-13,128.766214652,130.92463468,128.270352181,130.701004028,91266500
2021-04-14,131.19683535,131.255168607,128.00782207,128.367553711,87222800
2021-04-15,130.107912921,131.25517324,129.932898309,130.769042969,89347100
2021-04-16,130.574592444,130.934324093,129.582882547,130.438476562,84922400
2021-04-19,129.806485951,131.712122941,129.641203457,131.099594116,94264200
2021-04-20,131.274623752,131.770471292,128.153660856,129.417602539,94812300
2021-04-21,128.688361628,130.039802723,127.657768182,129.796737671,68847100
2021-04-22,129.349522136,130.428731816,127.76474771,128.280044556,84566500
2021-04-23,128.49392361,131.371805764,128.49392361,130.594009399,78657500
2021-04-26,131.089905198,131.313520993,129.855130018,130.982955933,66905100
2021-04-27,131.264875578,131.653788652,130.389847123,130.662078857,66015800
2021-04-28,130.584303496,131.274614969,129.388427252,129.874557495,107760100
2021-04-29,132.684408352,133.26777066,128.775916496,129.77734375,151101000
2021-04-30,128.124485391,129.855107866,127.434188756,127.813369751,109839500
2021-05-03,128.377257857,130.350960136,128.173091479,128.863388062,75135100
2021-05-04,127.55085891,127.842540031,123.185403872,124.303504944,137564700
2021-05-05,125.616055115,126.831380754,124.42017884,124.546577454,84000900
2021-05-06,124.342394902,126.150800028,123.603474844,126.141082764,78128300
2021-05-07,127.436367545,127.835660097,126.102098247,126.813064575,78973300
2021-05-10,126.033953062,126.160551514,123.501775967,123.540733337,88071200
2021-05-11,120.278142958,122.975876174,119.567183864,122.625274658,126142800
2021-05-12,120.180730817,121.388379501,119.060730638,119.56716156,112172300
2021-05-13,121.329967976,122.859009635,121.01831641,121.709793091,105861300
2021-05-14,122.956384914,124.553599934,122.566818644,124.125076294,81918000
2021-05-17,123.511515149,123.618646059,121.90455892,122.975860596,74244600
2021-05-18,123.258307116,123.677089596,121.524744849,121.592918396,63342900
2021-05-19,119.946996326,121.661075965,119.654819776,121.437080383,92612000
2021-05-20,121.962992615,124.388031207,121.83637931,123.988723755,76857100
2021-05-21,124.485424839,124.660729287,121.943514062,122.157775879,79295400
2021-05-24,122.722649722,124.602300126,122.654476181,123.784210205,63092900
2021-05-25,124.485429001,124.972392422,123.024561031,123.589431763,72009500
2021-05-26,123.64786425,124.066646699,123.121950888,123.540733337,56575900
2021-05-27,123.141429664,124.310121035,121.816908814,122.011688232,94625600
2021-05-28,122.294123589,122.518126608,121.300736667,121.359169006,71311100
2021-06-01,121.816921003,122.079873987,120.706661861,121.037788391,67637100
2021-06-02,121.037796941,121.972751683,120.813801314,121.797447205,59278900
2021-06-03,121.427352014,121.592915275,119.917785397,120.317092896,76229200
2021-06-04,120.833246967,122.868726666,120.618985164,122.605766296,75169300
2021-06-07,122.878461975,123.024550246,121.573423603,122.615509033,71057600
2021-06-08,123.297239056,125.108723126,122.917414028,123.433586121,74403800
2021-06-09,123.891322627,124.417235906,123.219321089,123.813407898,56877900
2021-06-10,123.706293861,124.845776501,122.654474592,122.820037842,71186400
2021-06-11,123.22909472,124.115358283,122.810312227,124.027702332,53522400
2021-06-14,124.48543247,127.134466889,123.754998465,127.076034546,96906500
2021-06-15,126.550134045,127.192919564,126.014479446,126.257957458,62746300
2021-06-16,126.968915782,127.475354235,125.108754964,126.754653931,91815000
2021-06-17,126.413777101,129.092035028,126.267681389,128.351852417,96721700
2021-06-18,127.30002704,128.079144647,126.842287272,127.056549072,108953300
2021-06-21,126.90073258,128.95568743,125.8391721,128.848556519,79663300
2021-06-22,128.682997664,130.582123097,128.186293031,130.484725952,74783600
2021-06-23,130.280217108,130.8158717,129.754296287,130.212036133,60214200
2021-06-24,130.942427074,131.127472678,129.462077107,129.92956543,68711000
2021-06-25,129.978311081,130.397086137,129.345259321,129.637435913,70783700
2021-06-28,129.929600328,131.721594798,129.871167987,131.26385498,62111300
2021-06-29,131.283323011,132.929236448,130.845065641,132.773406982,64556100
2021-06-30,132.617579439,133.825235525,132.325402902,133.386978149,63261400
2021-07-01,133.036354186,133.74730562,132.218257002,133.688873291,52485800
2021-07-02,134.302429793,136.347650494,134.156348969,136.308700562,78852600
2021-07-06,136.415876793,139.415513024,136.415876793,138.315002441,108181800
2021-07-07,139.795303754,141.110090727,138.938271411,140.798446655,104911600
2021-07-08,137.88644602,140.301743326,137.000182641,139.503143311,105575500
2021-07-09,139.025923406,141.850261965,138.928526272,141.324356079,99890800
2021-07-12,142.395650844,142.502781736,140.243299227,140.730255127,76299700
2021-07-13,140.272501441,143.613026311,139.882942704,141.840499878,100827100
2021-07-14,144.236361282,145.668012993,143.827305198,145.258956909,127050800
2021-07-15,145.346658595,146.0868265,143.252738499,144.60647583,106820300
2021-07-16,144.587004431,145.853078338,142.074309299,142.570999146,93251400
2021-07-19,139.999837852,140.311496798,137.974099284,138.73374939,121434600
2021-07-20,139.717393714,143.26243208,139.230437813,142.337203979,96350000
2021-07-21,141.733394305,142.317747376,140.85687956,141.606781006,74993500
2021-07-22,142.132711015,144.333746652,142.006097708,142.970275879,77338200
2021-07-23,143.700726126,144.840201443,143.087156779,144.684371948,71447400
2021-07-26,144.401946794,145.921247245,143.84680978,145.103164673,72434100
2021-07-27,145.229723869,145.317387225,141.752866446,142.941040039,104818600
2021-07-28,141.032221136,143.135875022,138.821436315,141.197784424,118931200
2021-07-29,140.915286732,142.726763095,140.80815585,141.840499878,56699500
2021-07-30,140.613423924,142.512549414,140.350463514,142.05480957,70440600
2021-08-02,142.541715063,143.116319391,141.460672496,141.723632812,62880000
2021-08-03,142.006104227,144.177923793,141.39253492,143.515670776,64786600
2021-08-04,143.428037786,143.934461374,142.463859467,143.116378784,56368300
2021-08-05,143.14556549,143.98313031,142.356699237,143.223480225,46397700
2021-08-06,142.745575459,143.486852184,142.043307032,142.540740967,54126800
2021-08-09,142.599265303,143.086950899,141.936020037,142.491973877,48908700
2021-08-10,142.833315544,144.072040742,141.721393325,142.014007568,69023100
2021-08-11,142.452962063,143.10645896,141.945764889,142.26763916,48493500
2021-08-12,142.589538087,145.379100706,142.248152166,145.22303772,72282600
2021-08-13,145.301038177,145.759463798,144.618281364,145.427841187,59375000
2021-08-16,144.881627142,147.466369674,142.862616557,147.398086548,103296000
2021-08-17,146.530005612,147.944290822,145.418083082,146.490997314,92229700
2021-08-18,146.110573295,147.007912796,142.550460349,142.7552948,86326000
2021-08-19,141.458091632,144.354945444,140.941146059,143.086959839,86960300
2021-08-20,143.808709144,144.842600069,143.164960682,144.540237427,60549600
2021-08-23,144.657328787,146.491031767,144.247674588,146.022857666,60131800
2021-08-24,145.769216765,147.144493671,145.476602441,145.935028076,48606400
2021-08-25,146.120386007,146.617834943,144.159894865,144.706100464,58991300
2021-08-26,144.696313117,145.447338172,143.876990057,143.90625,48597200
2021-08-27,143.84772925,145.086454745,143.213743972,144.940155029,55802400
2021-08-30,145.330291806,149.70971334,144.949897678,149.348815918,90956700
2021-08-31,148.900151205,149.03670256,147.563882718,148.090591431,86453100
2021-09-01,149.065971119,151.163013089,148.588033909,148.753845215,80313700
2021-09-02,150.080320711,150.909391957,148.646524249,149.865737915,71115500
2021-09-03,149.973047158,150.821630092,149.319550341,150.499755859,57808700
2021-09-07,151.153262594,153.386855895,150.587545563,152.8309021,82278300
2021-09-08,153.113733911,153.17225379,150.18762094,151.289794922,74420200
2021-09-09,151.660492412,152.26521787,150.15841224,150.275466919,57305700
2021-09-10,151.182527463,151.650701445,145.037686273,145.301040649,140893200
2021-09-13,146.920147526,147.690684115,145.086445171,145.866744995,102404300
2021-09-14,146.647057979,147.349326396,143.29177885,144.471969604,109296300
2021-09-15,144.901117274,145.759448539,142.765052345,145.359542847,83281300
2021-09-16,144.784071589,145.301017022,143.594117796,145.125442505,68034100
2021-09-17,145.154741414,145.154741414,142.170093198,142.46270752,129868800
2021-09-20,140.258390806,141.272770372,137.790702697,139.419570923,123478900
2021-09-21,140.385177081,141.038688916,139.263506095,139.897491455,75834000
2021-09-22,140.892375361,142.823606286,140.160846916,142.257904053,76404300
2021-09-23,143.038155334,143.457572615,142.053035954,143.213729858,64838200
2021-09-24,142.072566628,143.837986045,141.975023559,143.301528931,53477900
2021-09-27,141.88724644,142.365183675,140.27788995,141.789703369,74150700
2021-09-28,139.721926103,141.184982921,138.200349394,138.414932251,108972300
2021-09-29,138.961136889,140.892367709,138.531971177,139.312271118,74602000
2021-09-30,140.121835349,140.82410383,137.800447045,138.015029907,89056700
2021-10-01,138.40517505,139.400057897,135.683895799,139.136703491,94639600
2021-10-04,138.268617841,138.707546793,134.864581831,135.713150024,98322000
2021-10-05,136.054546825,138.736817877,135.927743794,137.634643555,80861100
2021-10-06,136.034983057,138.648969973,134.962069095,138.502670288,83221100
2021-10-07,139.536578862,140.668012842,139.204956279,139.760910034,61732700
2021-10-08,140.482713162,140.629012889,139.048916303,139.38053894,58773200
2021-10-11,138.766076442,141.24351295,138.317399104,139.292770386,64452200
2021-10-12,139.702389126,139.721900714,137.566324179,138.024749756,73035900
2021-10-13,137.761449514,137.917497613,135.771683703,137.439575195,78762700
2021-10-14,138.609973635,140.336384475,138.02474508,140.219329834,69907100
2021-10-15,140.229126631,141.331286006,139.975520585,141.272766113,67940300
2021-10-18,139.917001764,143.223509681,139.634150652,142.940658569,85589200
2021-10-19,143.389307155,145.496112408,142.940644762,145.096206665,76378900
2021-10-20,145.03770256,146.061845354,144.471985446,145.583908081,58418800
2021-10-21,145.14496509,145.954524856,144.228113912,145.798461914,61421000
2021-10-22,146.003340717,146.481263156,144.979197816,145.02796936,58883400
2021-10-25,145.018149526,145.69115788,143.984258673,144.979141235,50720600
2021-10-26,145.652173891,147.124978952,145.340047982,145.642425537,60893400
2021-10-27,145.68143968,146.042322253,144.832871518,145.184005737,56094900
2021-10-28,146.1300774,149.39756103,146.032534356,148.812347412,100077900
2021-10-29,143.59412145,146.247131791,142.804073312,146.110580444,124953200
2021-11-01,145.320534965,146.013040061,144.159841059,145.291275024,74588300
2021-11-02,144.998674731,147.837008271,144.988911495,146.325180054,69122000
2021-11-03,146.686058013,148.227146125,146.130104229,147.758972168,54511500
2021-11-04,147.846760261,148.675816806,146.929909001,147.242034912,60394600
2021-11-05,148.365330774,148.668134715,146.577794873,147.769485474,65463900
2021-11-08,147.896466516,148.052757221,146.675473328,146.948974609,55020900
2021-11-09,146.714533776,147.915986861,146.577783139,147.310379028,56787900
2021-11-10,146.538731923,146.646179927,144.419089403,144.487457275,65187100
2021-11-11,145.503362084,145.962441935,144.25305101,144.438644409,41000000
2021-11-12,144.98561781,146.909904397,144.057665905,146.509429932,63804000
2021-11-15,146.880620099,148.355589694,145.96243066,146.519210815,59222800
2021-11-16,146.460587031,147.974621666,145.8745043,147.495986938,59256200
2021-11-17,147.495968485,151.403146458,147.486205905,149.928192139,88807000
2021-11-18,150.143104032,154.987996886,149.498416021,154.206558228,137827700
2021-11-19,153.991658139,157.283465979,152.89765299,156.824371338,117305600
2021-11-22,157.928150921,161.854869564,157.263937717,157.283477783,117467900
2021-11-23,157.381165146,158.045393326,155.368970348,157.66444397,96041900
2021-11-24,157.019725735,158.377469579,155.935483175,158.182113647,69463600
2021-11-26,155.867120454,156.726689561,152.731603251,153.171157837,76959800
2021-11-29,155.671769646,157.449543189,155.10522692,156.521591187,88748200
2021-11-30,156.277365178,161.679037839,156.208982405,161.464141846,174048100
2021-12-01,163.593562035,166.348130073,160.71202083,160.946456909,152052500
2021-12-02,155.056386289,160.389676669,154.138196944,159.959884644,136739200
2021-12-03,160.21386222,161.132051573,156.013642256,158.084442139,118023100
2021-12-06,160.477606545,163.984311104,160.467843962,161.483718872,107497000
2021-12-07,165.156472938,167.598460032,164.433639393,167.207733154,120405400
2021-12-08,168.135655629,171.876780654,166.73883163,171.017196655,116998900
2021-12-09,170.851146155,172.648444632,169.88411414,170.509262085,108923700
2021-12-10,171.144197338,175.461627907,170.636259947,175.285797119,115402700
2021-12-13,176.917040791,177.903612918,171.456762319,171.661895752,153237000
2021-12-14,171.18325619,173.615480146,168.21380712,170.284606934,139380400
2021-12-15,171.046525196,175.33465345,168.31149698,175.139297485,131063300
2021-12-16,175.119736618,176.93657519,166.787679781,168.262634277,150185800
2021-12-17,165.986696871,169.444558052,165.752275709,167.168624878,195432700
2021-12-20,164.375008447,166.621639204,163.574044556,165.810897827,107499100
2021-12-21,167.578899072,169.18084181,165.195517581,168.975723267,91185900
2021-12-22,169.02452194,171.779089718,168.155175389,171.564193726,92135300
2021-12-23,171.769316579,172.746111067,171.202773988,172.189331055,68356600
2021-12-27,172.980595595,176.233324219,172.961070429,176.14541626,74919600
2021-12-28,175.979307467,177.122155287,174.387127601,175.129486084,79144300
2021-12-29,175.168579774,176.438415752,174.006191799,175.217422485,62348900
2021-12-30,175.305368194,176.379848462,173.957386568,174.064834595,59773000
2021-12-31,173.957308947,175.070853953,173.146567817,173.449386597,64062300
2022-01-03,173.703397653,178.636213709,173.586187062,177.786392212,104487900
2022-01-04,178.391999398,178.694803334,174.963440874,175.529983521,99310400
2022-01-05,175.442132374,175.989135133,170.587460535,170.860961914,94537600
2022-01-06,168.692435535,171.232107624,167.657035576,168.008682251,96904000
2022-01-07,168.878006392,170.098999559,167.061167962,168.174713135,86709100
2022-01-10,165.156457897,168.497094148,164.267571098,168.194290161,106765600
2022-01-11,168.321248983,171.11486717,166.856057115,171.017196655,76138300
2022-01-12,172.033061834,173.068461735,170.763240766,171.456756592,74805200
2022-01-13,171.700979732,172.521483744,167.803563319,168.194290161,84505800
2022-01-14,167.364043305,169.74742537,167.119844568,169.053909302,80440800
2022-01-18,167.530051783,168.53614912,165.478791878,165.859741211,90956700
2022-01-19,166.055078328,167.110018261,162.089294724,162.372558594,94815000
2022-01-20,163.105158221,165.742500661,160.370130358,160.692474365,91420500
2022-01-21,160.604571942,162.47025327,158.533772087,158.641220093,122848900
2022-01-24,156.306690055,158.53378075,151.110135164,157.869552612,162294600
2022-01-25,155.290811653,158.983094294,153.376302457,156.072250366,115798400
2022-01-26,159.70592982,160.575276487,154.157743204,155.984344482,108275300
2022-01-27,158.680280435,160.038024338,154.607048725,155.525238037,121954600
2022-01-28,161.864639861,166.396966213,159.022163996,166.377426147,179935700
2022-01-31,166.21141009,170.93909344,165.576484515,170.724197388,115541600
2022-02-01,169.97205316,170.782794611,168.311505026,170.558135986,86213900
2022-02-02,170.694864672,171.798647393,169.307818061,171.759567261,84914300
2022-02-03,170.431139579,172.150307836,168.12590343,168.887802124,89418100
2022-02-04,167.909757376,170.276625298,166.931718207,168.604171753,82465400
2022-02-07,169.063872436,170.129931681,167.195813808,167.890228271,77251200
2022-02-08,167.958658011,171.499169861,167.665243284,170.990585327,74829200
2022-02-09,172.183777122,172.770591595,171.059023264,172.408721924,71285000
2022-02-10,170.315731084,171.626299918,167.782613355,168.340087891,90865900
2022-02-11,168.545474735,169.279004038,164.349678767,164.936508179,98670700
2022-02-14,163.694385663,165.855858459,162.902176446,165.171234131,86185500
2022-02-15,167.215368209,169.151881704,166.51117877,168.995391846,62527400
2022-02-16,168.075995852,169.533264304,166.315522796,168.760620117,61177400
2022-02-17,167.27401205,168.134691161,164.770234552,165.171234131,69589300
2022-02-18,166.09060878,166.794783209,162.540322036,163.625946045,82772700
2022-02-22,161.356920381,163.029374159,158.589067356,160.711425781,91162800
2022-02-23,161.904562115,162.501166475,156.24172313,156.554702759,90009200
2022-02-24,149.229210868,159.273676819,148.661946387,159.166091919,141147500
2022-02-25,160.241952875,161.493841966,157.337175005,161.229782104,91974200
2022-02-28,159.479061923,161.787234921,158.862892481,161.49382019,95056600
2022-03-01,161.083040742,162.941324032,158.412998112,159.615982056,83474400
2022-03-02,160.779863152,163.684640764,159.371484319,162.902206421,79724800
2022-03-03,164.770265702,165.200605339,161.91439302,162.579452515,76678400
2022-03-04,160.877642808,161.914361775,158.540130161,159.586624146,83737200
2022-03-07,159.772519149,161.396068156,155.54738172,155.801681519,96418800
2022-03-08,155.332166292,159.303002376,152.378484235,153.982467651,131148300
2022-03-09,157.933741366,159.82136449,155.909208296,159.371459961,91454900
2022-03-10,156.681886637,156.867716484,152.554559761,155.038787842,105342000
2022-03-11,155.439731028,155.782050647,151.107025424,151.331970215,96970100
2022-03-14,148.124014823,150.735377361,146.803671027,147.312240601,108732100
2022-03-15,147.586125464,152.153582161,147.07755577,151.684112549,92964300
2022-03-16,153.601053211,156.486265751,151.067935366,156.085266113,102300200
2022-03-17,155.126782882,157.464295743,154.168308739,157.092636108,75615400
2022-03-18,156.985078263,160.867895369,156.251548808,160.378875732,123511700
2022-03-21,159.91920994,162.696853057,159.430190262,161.748153687,95811400
2022-03-22,161.875257167,165.699393892,161.288442621,165.112579346,81532000
2022-03-23,164.300782789,168.84865833,163.968238175,166.47203064,98062700
2022-03-24,167.303391504,170.315754181,166.472067097,170.247299194,90131400
2022-03-25,170.061461515,171.430710431,168.956272439,170.883010864,80546200
2022-03-28,168.388985814,171.870802534,168.222720962,171.743667603,90371900
2022-03-29,172.809723865,175.078766723,172.467404224,175.029876709,100589400
2022-03-30,174.628897193,175.665616327,172.819518754,173.866027832,92633200
2022-03-31,173.934467962,174.120297776,170.570011109,170.775405884,103049300
2022-04-01,170.208144872,171.039484084,168.164046717,170.481994629,78751300
2022-04-04,170.736264832,174.570175684,170.609114994,174.521270752,76468400
2022-04-05,173.601948298,174.384382599,170.589585939,171.215530396,73401800
2022-04-06,168.57481704,169.816930855,166.393794062,168.05645752,89058800
2022-04-07,167.401221037,169.552904652,166.119991859,168.359695435,77594700
2022-04-08,168.007548432,168.007548432,165.484205868,166.354660034,76575500
2022-04-11,165.004972204,165.317936934,161.865460334,162.109970093,72246700
2022-04-12,164.330152575,166.139516163,162.980453686,163.978057861,79265200
2022-04-13,163.713959934,167.283796583,163.107580484,166.657852173,70618900
2022-04-14,166.87306177,167.508796274,161.415600647,161.660110474,75329400
2022-04-18,160.320177044,162.941329749,159.977872293,161.44493103,69023900
2022-04-19,161.396031752,164.134544477,160.310407652,163.723754883,67723800
2022-04-20,165.053893935,165.17126879,162.452320943,163.557495117,67929800
2022-04-21,165.200627885,167.763086171,162.266509876,162.765304565,87227800
2022-04-22,162.804394179,164.18341796,157.953313706,158.236938477,84882400
2022-04-25,157.581665807,159.586649084,154.980092965,159.303024292,96046400
2022-04-26,158.68684708,158.774867019,153.278291945,153.356536865,95623200
2022-04-27,152.486097592,156.280879598,151.967738002,153.131607056,88063200
2022-04-28,155.752734418,160.90700491,155.439754727,160.046325684,130216800
2022-04-29,158.285868306,162.550120024,153.79667174,154.18788147,131747600
2022-05-02,153.268524648,154.755133439,149.904067521,154.491073608,123055300
2022-05-03,154.676897688,157.180690644,152.887099037,155.97769165,88966500
2022-05-04,156.163514437,162.82395888,155.762514791,162.374069214,108256500
2022-05-05,160.251728795,160.476673633,151.547170966,153.327209473,130525300
2022-05-06,152.808063104,156.167673945,151.015620023,154.052001953,116124600
2022-05-09,151.750255395,152.631793029,148.380869491,148.939163208,131577900
2022-05-10,152.328163105,153.523125424,149.791308051,151.338882446,115366700
2022-05-11,150.349588648,152.259564147,142.817414682,143.493255615,142689800
2022-05-12,139.839821334,143.199417528,135.951299622,139.634124756,182602000
2022-05-13,141.622459816,145.060430835,140.172839228,144.090744019,113990900
2022-05-16,142.562752324,144.492321477,141.220859876,142.552947998,86643800
2022-05-17,145.804826735,146.696153658,143.669560861,146.177032471,78336300
2022-05-18,143.836096052,144.335623569,137.028724027,137.929855347,109742900
2022-05-19,137.009156114,138.752622815,133.796474894,134.531082153,136095600
2022-05-20,136.235327434,137.812284556,129.888326478,134.766113281,137426100
2022-05-23,134.962015868,140.319751752,134.824889801,140.172836304,117726300
2022-05-24,137.919993938,139.056189526,134.511422118,137.479232788,104132700
2022-05-25,135.58885488,138.879894823,135.500705627,137.635971069,92482700
2022-05-26,134.570234007,141.377590582,134.325364958,140.829086304,90601500
2022-05-27,142.406043312,146.60798961,142.278706624,146.568817139,90978500
2022-05-31,146.010522829,147.567886384,143.826280164,145.785232544,103718400
2022-06-01,146.823446577,148.625693778,144.649008659,145.65788269,74286600
2022-06-02,144.795948753,148.165348814,143.845855773,148.106582642,72348100
2022-06-03,143.885063983,144.933110808,141.49515434,142.396270752,88570300
2022-06-06,144.012373412,145.520775013,141.926084484,143.140640259,71598400
2022-06-07,141.387366728,145.941924155,141.142497728,145.65788269,67808200
2022-06-08,145.530579805,146.794097564,144.433571212,144.923309326,53950200
2022-06-09,144.061323705,144.913462994,139.604705168,139.71244812,69473000
2022-06-10,137.40091086,137.871055219,134.246996513,134.315567017,91437900
2022-06-13,130.142996447,132.425177761,128.742352671,129.173324585,122207100
2022-06-14,130.397633537,131.142029853,128.781489308,130.035217285,84784300
2022-06-15,131.533849415,134.521254748,129.447575318,132.65045166,91533000
2022-06-16,129.369209115,129.672844325,126.391593309,127.390663147,108123900
2022-06-17,127.400498829,130.348717327,127.145825407,128.859909058,134520300
2022-06-21,130.681707299,134.246999919,130.58376865,133.081420898,81000500
2022-06-22,132.023593797,134.932639381,131.161664882,132.572113037,73409200
2022-06-23,134.01193722,135.745599286,132.846358183,135.432174683,72433800
2022-06-24,137.028721487,138.997478316,136.901399737,138.752609253,89116800
2022-06-27,139.771257978,140.545052585,138.076768249,138.752609253,70207900
2022-06-28,139.2129471,140.476464731,134.501669307,134.61920166,67083400
2022-06-29,134.638835059,137.782945992,133.865040319,136.372497559,66242400
2022-06-30,134.433092074,135.530100502,131.024519498,133.913970947,98964500
2022-07-01,133.247927828,136.186356255,132.875737057,136.078613281,71051600
2022-07-05,134.942439623,138.703624626,134.11966826,138.654647827,73353800
2022-07-06,138.448924939,141.162062431,138.18446226,139.986694336,74064300
2022-07-07,140.349149288,143.542251519,140.339359906,143.346359253,66253700
2022-07-08,142.278689541,144.521698126,142.024031141,144.022155762,64547800
2022-07-11,142.680281868,143.630374882,140.829072635,141.896697998,63141600
2022-07-12,142.768455697,145.403249253,142.073035915,142.866409302,77588800
2022-07-13,140.055337294,143.444317305,139.203182654,142.50402832,71185600
2022-07-14,141.122906659,145.892950091,140.30993977,145.422805786,78140700
2022-07-15,146.705971727,147.763808016,145.158397245,147.087966919,76259900
2022-07-18,147.646219358,148.459186241,143.689127902,144.051544189,81420900
2022-07-19,144.884120869,148.12618477,143.894855265,147.900909424,82982400
2022-07-20,148.018440063,150.565084187,147.283832906,149.899032593,64823400
2022-07-21,151.329060414,152.377107036,148.82160394,152.161621094,65086600
2022-07-22,152.200827723,153.072561067,150.261468757,150.927505493,66675400
2022-07-25,150.84910959,151.857968783,149.154620113,149.81086731,53623900
2022-07-26,149.135044634,149.948011695,147.705017715,148.488601685,55138700
2022-07-27,149.448465967,154.100977468,149.037087797,153.572052002,78620700
2022-07-28,153.758128174,154.404585879,151.240882792,154.120544434,81378700
2022-07-29,157.930743381,160.271690834,156.226449461,159.174667358,101786900
2022-08-01,157.705421923,160.232471741,157.587889588,158.195159912,67829400
2022-08-02,156.814177418,159.076765508,156.353822315,156.726013184,59907000
2022-08-03,157.538915779,163.170902762,157.450766526,162.720352173,82507500
2022-08-04,162.602874716,163.758664661,161.055300183,162.406982422,55474100
2022-08-05,160.082345754,162.671753742,159.876363486,162.181335449,56697000
2022-08-08,163.181795811,164.594203043,161.053381983,161.710540771,60276900
2022-08-09,160.87686585,162.64237519,160.121617278,161.759613037,63135500
2022-08-10,164.466647713,166.094839801,163.701596484,165.996765137,70170500
2022-08-11,166.801059762,167.713245527,164.966900219,165.261154175,57149200
2022-08-12,166.565695476,168.87065274,166.153730892,168.802001953,68039400
2022-08-15,168.233098418,170.067258077,168.066357992,169.87109375,54091700
2022-08-16,169.468947952,170.381133781,168.370415741,169.714157104,56377100
2022-08-17,169.459174596,172.774392734,169.263010233,171.205062866,79542000
2022-08-18,170.420354463,171.548310535,169.802422633,170.812683105,62290100
2022-08-19,169.714135707,170.410536196,168.027095756,168.233078003,70346300
2022-08-22,166.438148503,166.604888913,163.937012429,164.358779907,69026800
2022-08-23,163.878194815,165.476963398,163.456427259,164.025314331,54147100
2022-08-24,164.113627981,164.888482503,163.064125373,164.319595337,53841500
2022-08-25,165.545636718,166.879575388,165.123884071,166.771682739,51218200
2022-08-26,167.301324151,167.772121579,160.425649263,160.48449707,78961000
2022-08-29,158.061811358,159.7782754,156.757311857,158.287414551,73314000
2022-08-30,159.023072247,159.444824879,154.697578446,155.864776611,77906200
2022-08-31,157.237935252,157.502765362,154.128684585,154.20715332,87991100
2022-09-01,153.638286804,155.384175237,151.706036972,154.932998657,74229900
2022-09-02,156.688672197,157.286983219,152.000273688,152.824172974,76957800
2022-09-06,153.471505223,154.079619131,150.744780651,151.56867981,73714800
2022-09-07,151.853144979,153.667683893,150.666325988,152.971298218,87449600
2022-09-08,151.676589201,153.363629551,149.754142652,151.500045776,84923800
2022-09-09,152.490664529,154.795636482,151.784460992,154.354248047,68028800
2022-09-12,156.531731984,161.112237771,156.247295914,160.298141479,104956000
2022-09-13,156.835774446,157.463509304,150.430912315,150.891906738,122656600
2022-09-14,151.823716185,154.089461683,150.666335987,152.333755493,87965400
2022-09-15,151.686410546,152.265115653,148.479084872,149.45010376,90481100
2022-09-16,148.312370241,148.449686823,145.526781769,147.812133789,162278800
2022-09-19,146.448743988,151.598137321,146.242776636,151.519668579,81474200
2022-09-20,150.460351406,155.050675176,150.146491428,153.893280029,107689800
2022-09-21,154.32485531,155.698035781,150.656535333,150.774230957,101696800
2022-09-22,149.459916951,151.509862279,148.018085652,149.813018799,86652500
2022-09-23,148.292732606,148.56736574,145.713126782,147.547286987,96029900
2022-09-26,146.792053527,150.823293771,146.772432599,147.880783081,93339400
2022-09-27,149.812991533,151.75504386,147.076448967,148.851760864,84442700
2022-09-28,144.810744192,147.753254585,142.064398166,146.968582153,146691400
2022-09-29,143.300242162,143.908356102,137.984094288,139.749603271,128138200
2022-09-30,138.572599127,140.357728993,135.355456149,135.551620483,124925300
2022-10-03,135.561461119,140.32832858,135.051421791,139.720199585,114311700
2022-10-04,142.250744744,143.417942807,141.495496298,143.300247192,87830100
2022-10-05,141.309161168,144.555728495,140.269461617,143.594497681,79471000
2022-10-06,143.015789121,144.71263233,142.437099092,142.643066406,68402200
2022-10-07,139.808426655,140.357707661,136.777645494,137.405380249,85925600
2022-10-10,137.729064941,139.17089585,135.914526325,137.729064941,74899000
2022-10-11,137.219094959,138.64132063,135.571295927,136.316726685,77033700
2022-10-12,136.463834328,137.670259451,135.512421396,135.688964844,70433700
2022-10-13,132.403153684,140.838340462,131.795024743,140.249847412,113224000
2022-10-14,141.544534062,141.750516342,135.541818574,135.728179932,88598000
2022-10-17,138.366621316,140.161539059,137.581949072,139.680938721,85250900
2022-10-18,142.70193095,143.888734927,137.915443264,140.995269775,99136600
2022-10-19,138.974735855,142.172257682,138.788374513,141.103149414,61758300
2022-10-20,140.279276587,143.094273279,139.916356811,140.642181396,64522000
2022-10-21,140.132124782,145.016701984,139.916339526,144.447814941,86548600
2022-10-24,144.369373748,147.351111092,143.202175539,146.58605957,75981900
2022-10-25,147.213756762,149.567773503,146.497750259,149.420639038,74732300
2022-10-26,148.06713928,149.07740005,145.203082472,146.487991333,88194300
2022-10-27,145.23247084,146.19368644,141.367972553,142.025131226,109180200
2022-10-28,145.359977027,154.481760143,144.987269307,152.755493164,164762400
2022-10-31,150.224961084,151.284266576,149.00871812,150.401504517,97943200
2022-11-01,152.108145021,152.471049781,146.272170117,147.763031006,80379300
2022-11-02,146.095594468,149.253889212,142.221293265,142.250717163,93604600
2022-11-03,139.337681961,140.063506626,136.091114349,136.21862793,97918500
2022-11-04,139.598286411,140.168117249,132.023498438,135.953353882,140814800
2022-11-07,134.705599292,136.709818656,133.290849158,136.483856201,83374600
2022-11-08,137.947741306,138.949843556,135.078948901,137.053695679,89908500
2022-11-09,136.071231067,136.120357253,132.229794158,132.504882812,74917800
2022-11-10,138.763173357,144.294433594,137.053681184,144.294433594,118854000
2022-11-11,143.262879719,147.379390484,141.838295204,147.074829102,93979700
2022-11-14,146.357620377,147.644645442,144.844617866,145.679718018,73374100
2022-11-15,149.550622613,150.896593057,145.954801945,147.408843994,89868300
2022-11-16,146.51480464,147.241818125,144.707060183,146.180755615,64218300
2022-11-17,143.862171836,148.823617189,143.587083162,148.076950073,80389400
2022-11-18,149.639034222,150.022194441,147.340072908,148.636917114,74829600
2022-11-21,147.526796319,147.733105362,145.129581785,145.414489746,58724100
2022-11-22,145.53239334,147.782229246,144.353424578,147.546432495,51804100
2022-11-23,146.829205405,149.167473943,146.721133792,148.420806885,58301400
2022-11-25,145.709200328,146.269211877,144.540066035,145.512710571,35195900
2022-11-28,142.594798142,144.068493871,140.865667217,141.690933228,69246000
2022-11-29,141.759694477,142.270579848,137.888799714,138.694412231,83763800
2022-11-30,138.920402023,146.112045617,138.085316628,145.434143066,111380900
2022-12-01,145.610960617,146.514825478,144.039012603,145.709197998,71250400
2022-12-02,143.400422767,145.404642322,143.095846397,145.217971802,65447400
2022-12-05,145.178678163,148.273433099,143.213750587,144.058670044,68826400
2022-12-06,144.490937301,144.716899744,139.43124047,140.403884888,64727200
2022-12-07,139.696478343,140.855778001,137.54488102,138.468399048,69721100
2022-12-08,139.863544858,141.003206445,138.625645887,140.148452759,62128300
2022-12-09,139.843904784,143.017273903,138.429154401,139.667068481,76097000
2022-12-12,140.197588586,141.966026517,138.58634847,141.956207275,70462700
2022-12-13,146.878349838,147.34010906,141.710595233,142.919021606,93886200
2022-12-14,142.801141695,144.088167076,138.68461533,140.698669434,82291200
2022-12-15,138.635466677,139.313369094,133.644548801,134.106307983,98931900
2022-12-16,134.292978204,135.23613505,131.384878782,132.151199341,160156900
2022-12-19,132.74069295,132.8291111,129.01716151,130.048736572,79592600
2022-12-20,129.08590439,130.913287464,127.612208846,129.979949951,77432800
2022-12-21,130.648020459,134.410858282,130.422058002,133.074707031,85928000
2022-12-22,131.993996447,132.200305417,128.015015695,129.91116333,77852100
2022-12-23,128.624150149,130.097845749,127.36659777,129.547668457,63814900
2022-12-27,129.076064747,129.105537454,126.462708132,127.749732971,69007800
2022-12-28,127.396067749,128.732218997,123.662710141,123.829727173,85438400
2022-12-29,125.745526172,128.191858673,125.490091009,127.337120056,75703700
2022-12-30,126.158162909,127.671150358,125.195345219,127.651496887,77034200
2023-01-03,127.995390576,128.604513372,121.992535787,122.876754761,112117500
2023-01-04,124.66483917,126.403804408,122.886581974,124.144134521,89113600
2023-01-05,124.900620686,125.529396921,122.572186268,122.82762146,80962700
2023-01-06,123.800252051,128.005187962,122.699890017,127.346939087,87754700
2023-01-09,128.182056141,131.070502179,127.612225325,127.867660522,70790800
2023-01-10,127.975725569,128.958189341,125.873253696,128.437484741,63896200
2023-01-11,128.948354391,131.168716849,128.172214701,131.149078369,69458900
2023-01-12,131.532270091,131.905596174,129.135055806,131.070510864,71379600
2023-01-13,129.714698015,132.554017879,129.351191196,132.396820068,57809700
2023-01-17,132.465601621,134.882454277,131.777879929,133.556137085,63646600
2023-01-18,134.420695436,136.179298926,132.662076955,132.838928223,69672800
2023-01-19,131.728738688,133.860683182,131.42417733,132.897872925,58280400
2023-01-20,132.907708001,135.599664338,131.866298722,135.452285767,80223600
2023-01-23,135.697910304,140.806734623,135.481767044,138.635482788,81760300
2023-01-24,137.849492533,140.649520342,137.839673291,140.030563354,66435100
2023-01-25,138.419323373,139.93231102,136.375796882,139.372314453,65799300
2023-01-26,140.659331094,141.720393727,139.411597954,141.43548584,54105100
2023-01-27,140.649512146,144.648131759,140.570913248,143.370925903,70555800
2023-01-30,142.417960493,142.997610543,140.344961254,140.492324829,64015300
2023-01-31,140.197575551,141.808815517,139.78494257,141.759689331,65874500
2023-02-01,141.445326095,144.03903014,138.841802808,142.879714966,77663600
2023-02-02,146.288842614,148.528858707,145.571648292,148.175186157,118339000
2023-02-03,145.434093131,154.620134269,145.237603399,151.790634155,154357300
2023-02-06,149.894510117,150.415214735,148.135891508,149.069229126,69858300
2023-02-07,147.998359269,152.507864911,147.998359269,151.938034058,83322600
2023-02-08,151.181509967,151.869231518,148.519026903,149.255874634,64120100
2023-02-09,151.083292921,151.623651049,147.782213714,148.224319458,56007100
2023-02-10,147.063216712,148.913058201,146.827060026,148.588348389,57450700
2023-02-13,148.529308926,151.786226183,148.499791218,151.3828125,62199000
2023-02-14,149.680588029,151.30413752,148.440798884,150.743270874,61707600
2023-02-15,150.654710313,153.006383386,150.428402824,152.839111328,65573800
2023-02-16,151.048297132,153.823082615,150.890874314,151.245101929,68167900
2023-02-17,149.906878472,150.546448883,148.430932895,150.103668213,59144100
2023-02-21,147.791326022,148.87369196,146.030037828,146.098907471,58867200
2023-02-22,146.482681991,147.545364667,144.800112349,146.52204895,51011300
2023-02-23,147.68313364,147.929124607,144.878845619,147.004196167,48394200
2023-02-24,144.750909822,144.829628725,143.383200792,144.357330322,55469600
2023-02-27,145.34130386,146.777882643,145.085463655,145.547927856,44998500
2023-02-28,144.691854037,146.689298995,144.475380839,145.046081543,50547000
2023-03-01,144.475411334,144.868990861,142.684589952,142.979782104,55479000
2023-03-02,142.064696518,144.357333945,141.592383089,143.570159912,52238100
2023-03-03,145.665975441,148.686751122,144.967369642,148.608032227,70732300
2023-03-06,151.323776963,153.79353556,150.999082142,151.363143921,87558000
2023-03-07,151.235229721,151.559939569,148.706450618,149.168914795,56182000
2023-03-08,150.359528408,151.008948217,149.395247944,150.418563843,47204800
2023-03-09,151.097483646,152.061763997,147.820882283,148.175109863,53833600
2023-03-10,147.801221936,148.519511369,145.242909827,146.118637085,68572400
2023-03-13,145.439689986,150.684218954,145.331453365,148.057037354,84457100
2023-03-14,148.854045685,150.940044182,147.692975583,150.143035889,73695900
2023-03-15,148.765483322,150.792446266,147.515845143,150.536621094,77167900
2023-03-16,149.719955002,153.951002899,149.208289556,153.350784302,76161100
2023-03-17,153.577056379,154.226476026,151.805918713,152.514373779,98944600
2023-03-20,152.583277765,155.289178288,151.678017833,154.875900269,73641400
2023-03-21,154.797208204,156.843839907,154.029702548,156.725769043,73938300
2023-03-22,156.745423843,159.539877209,155.279312493,155.298995972,75701800
2023-03-23,156.282975541,158.959358336,155.151408138,156.381362915,67622100
2023-03-24,156.312497154,157.768759442,155.318699074,157.680206299,59196500
2023-03-27,157.375143463,158.191835068,155.338331567,155.741760254,52390300
2023-03-28,155.43674754,155.94841287,153.478654364,155.121871948,45992200
2023-03-29,156.81433594,158.467403247,156.79466747,158.191894531,51305700
2023-03-30,158.939686341,159.864614803,158.683861134,159.756378174,49501700
2023-03-31,159.835072834,162.354017614,159.313573251,162.255615234,68749800
2023-04-03,161.635708883,163.623304595,161.586507699,163.505233765,56976200
2023-04-04,163.92836878,164.164510474,162.462257369,162.973922729,46278300
2023-04-05,162.098175795,162.403202121,159.205320285,161.133880615,51511700
2023-04-06,159.825220303,162.314662335,159.402123109,162.019470215,45390100
2023-04-10,158.831437356,159.431655884,157.512929446,159.431655884,47716900
2023-04-11,159.746536738,159.756370971,157.936031847,158.221389771,47644200
2023-04-12,158.634642667,159.461168644,157.217732414,157.532608032,50133100
2023-04-13,159.038059126,163.141185992,158.831420141,162.905029297,68445600
2023-04-14,161.95061637,163.652884745,161.19297497,162.560684204,49386500
2023-04-17,162.44258319,162.737775339,161.399583945,162.580337524,41516200
2023-04-18,163.436399001,164.725389223,162.993603264,163.800460815,49923000
2023-04-19,163.141208377,165.46336365,162.885368169,164.941864014,47720200
2023-04-20,163.426521811,165.177975937,162.905022269,163.977539062,52456400
2023-04-21,162.403220714,163.780763965,161.852203414,162.373703003,58337300
2023-04-24,162.354016362,162.944400609,161.261816015,162.678726196,41949600
2023-04-25,162.540964432,163.642998961,161.104370837,161.143737793,48714100
2023-04-26,160.445109069,162.629509555,160.189283927,161.133880615,45498800
2023-04-27,162.540985883,165.856939153,162.540985883,165.709350586,64902300
2023-04-28,165.788079967,167.126271447,165.187861398,166.958984375,55275900
2023-05-01,166.565365516,167.716601185,165.935629381,166.870391846,52472900
2023-05-02,167.362442823,167.618283087,164.853331475,165.837295532,48425700
2023-05-03,166.781853395,168.179080099,164.479381854,164.764724731,65136000
2023-05-04,162.245816616,164.361333123,161.675115718,163.131378174,81235400
2023-05-05,168.238128154,171.504895213,168.021654915,170.786605835,113453200
2023-05-08,169.714095501,171.062136303,169.350033649,170.71774292,55962800
2023-05-09,170.274914177,170.757046761,168.848169874,169.015441895,45326900
2023-05-10,170.24541483,171.239212828,169.143365204,170.776748657,53724500
2023-05-11,171.062086453,171.790209944,169.409019714,170.963684082,49514700
2023-05-12,171.072085104,171.505630417,168.490538968,170.037506104,45533100
2023-05-15,170.618830649,170.668099892,168.953629481,169.544830322,37266700
2023-05-16,169.466002541,170.599119945,169.27878844,169.544830322,42110300
2023-05-17,169.190162685,170.392245356,167.919085014,170.155776978,57951600
2023-05-18,170.461190768,172.668323737,170.047356155,172.481109619,65496700
2023-05-19,173.801422707,173.801422707,172.372704903,172.589477539,55809500
2023-05-22,171.426797297,172.146095196,170.904576377,171.643569946,43570900
2023-05-23,170.589264306,170.835595473,168.766407659,169.042297363,50747300
2023-05-24,168.579213201,169.889696964,168.017585894,169.318206787,45143500
2023-05-25,169.879849543,171.347973848,169.170414496,170.451339722,56058300
2023-05-26,170.776493727,173.19053637,170.569568913,172.855514526,54835000
2023-05-30,174.363113236,176.363321721,173.978837099,174.698120117,55964400
2023-05-31,174.727646757,176.718007042,174.16600441,174.64881897,99625300
2023-06-01,175.092202776,177.476686835,174.333498518,177.447128296,68901800
2023-06-02,178.373352937,179.11234656,176.629323777,178.294525146,61996900
2023-06-05,179.949869441,182.235815114,175.427217273,176.944625854,121946500
2023-06-06,177.32891962,177.476712338,174.826186009,176.580078125,64848400
2023-06-07,175.821376359,178.550730523,174.71781729,175.210479736,61944600
2023-06-08,175.289259521,178.186116568,174.855729279,177.920089722,50214900
2023-06-09,178.836466405,179.55574936,177.979238567,178.304397583,48900000
2023-06-12,178.609841905,181.191388232,178.314241439,181.092849731,54274900
2023-06-13,180.117378066,181.447557537,179.762660533,180.619888306,54929100
2023-06-14,180.679013322,181.684048881,179.348833792,181.25050354,57462900
2023-06-15,181.260354394,183.782783442,181.082988114,183.280258179,65433200
2023-06-16,183.989688464,184.245882524,181.565797971,182.206253052,101256200
2023-06-20,181.70375127,183.3689526,181.70375127,182.294937134,49799100
2023-06-21,182.18655342,182.689078701,179.910455489,181.260360718,49515700
2023-06-22,181.043553889,184.304976026,180.974573948,184.255706787,51245300
2023-06-23,182.827038034,184.807535669,182.294954169,183.940444946,53117000
2023-06-26,184.088267278,185.290364953,182.511741301,182.55116272,48088700
2023-06-27,183.162033068,185.625345157,182.945260402,185.300186157,50730800
2023-06-28,185.172096493,187.113187699,184.846952515,186.472732544,51216800
2023-06-29,186.305213767,187.280690725,186.167268897,186.807723999,46347300
2023-06-30,188.817817439,191.625984413,188.453236998,191.123474121,85213200
2023-07-03,190.936256416,191.034794919,188.945895924,189.635635376,31458200
2023-07-05,188.758730744,190.148027665,187.8226599,188.522247314,46920300
2023-07-06,187.054041542,189.202057253,186.423434321,188.995132446,45094300
2023-07-07,188.601027068,189.842530927,187.448198835,187.881729126,46815000
2023-07-10,186.482572437,187.20187039,184.295150105,185.84211731,59922200
2023-07-11,186.384037814,186.521982681,183.861608798,185.319885254,46638100
2023-07-12,186.896386253,188.886746403,185.704151757,186.985076904,60750200
2023-07-13,187.704383294,188.384259844,186.994948202,187.743789673,41342300
2023-07-14,187.438345508,188.374401126,186.847159608,187.891601562,41616200
2023-07-17,189.083802664,191.468301653,188.99512705,191.1431427,50520200
2023-07-18,190.512595389,191.478209683,189.596235318,190.887008667,48288200
2023-07-19,190.266258016,195.320964896,189.822849751,192.236907959,80507300
2023-07-20,192.227019898,193.586772991,189.675032164,190.295791626,59581200
2023-07-21,191.251565854,192.108793692,188.423673216,189.123260498,71951700
2023-07-24,190.571704803,192.049692248,189.428724237,189.921386719,45377800
2023-07-25,190.49284214,191.586553251,190.088855371,190.778579712,37283200
2023-07-26,190.827854262,192.768945342,190.482999599,191.645675659,47471900
2023-07-27,193.143372916,194.306048972,189.724294633,190.384460449,47460200
2023-07-28,191.813150761,193.744393721,191.290929892,192.956130981,48291400
2023-07-31,193.182816748,193.606514315,192.394553742,193.567092896,38824100
2023-08-01,193.360169918,193.842969512,192.414251369,192.7394104,35175100
2023-08-02,192.177751173,192.31569605,189.034577546,189.753860474,50389300
2023-08-03,188.758701977,189.546949884,187.891611237,188.364562988,61235200
2023-08-04,182.797454866,184.630159533,179.250279693,179.319259644,115956800
2023-08-07,179.457221391,180.44254625,174.747369767,176.225357056,97576100
2023-08-08,177.053005889,177.624496045,174.973970075,177.161392212,67823000
2023-08-09,178.215690697,178.274807779,174.412336391,175.575027466,60378500
2023-08-10,176.846096188,178.097462932,174.993695733,175.358261108,54686900
2023-08-11,174.953766219,176.236406367,174.194037244,175.417480469,52036700
2023-08-14,175.595063574,177.292112075,174.943867394,177.065185547,43675600
2023-08-15,176.492925807,177.084910024,174.687344588,175.082000732,43622600
2023-08-16,174.766269713,176.157442337,174.144672015,174.213745117,46964900
2023-08-17,174.77612137,175.141179017,171.164959314,171.678024292,66062900
2023-08-18,170.000706311,172.763344083,169.665247132,172.161483765,61172200
2023-08-21,172.733755476,173.779607714,171.421502083,173.493469238,46311900
2023-08-22,174.697199591,175.30892111,173.89801114,174.864929199,42038900
2023-08-23,176.137693146,179.127257242,175.950226246,178.702987671,52722800
2023-08-24,178.259020466,178.683290096,173.661202917,174.026275635,54945800
2023-08-25,175.012949984,176.759319306,173.473769878,176.226531982,51449600
2023-08-28,177.686774601,178.180102321,176.167331847,177.785446167,43820700
2023-08-29,177.301964264,182.432569098,177.104636204,181.662979126,53003900
2023-08-30,182.472046404,185.343217141,182.274718341,185.145874023,60813900
2023-08-31,185.333347099,186.596264809,184.978150552,185.362945557,60794500
2023-09-01,186.961361157,187.385615807,185.767501345,186.931762695,45766500
2023-09-05,185.767454123,187.44476508,185.106396894,187.168502808,45280000
2023-09-06,185.88585964,186.329866586,179.048345374,180.46913147,81755800
2023-09-07,172.842276694,175.83185625,171.224162525,175.19052124,112488800
2023-09-08,175.970006028,177.834784232,175.417466328,175.802261353,65551300
2023-09-11,177.667038892,177.89396541,174.973458904,176.966506958,58953100
2023-09-12,177.094790442,177.726249322,172.487111341,173.947357178,90370200
2023-09-13,174.154518494,174.933984598,171.658281834,171.885223389,84267900
2023-09-14,171.678065609,173.750048285,171.263672084,173.394851685,60895800
2023-09-15,174.124960613,174.144697939,171.500468392,172.674575806,109259500
2023-09-18,174.124940294,176.986249979,173.81907953,175.595062256,67257600
2023-09-19,175.151070526,177.232914019,174.766275523,176.680389404,51826900
2023-09-20,176.867858474,177.3019893,173.059367664,173.148178101,58436200
2023-09-21,172.220684273,173.947331034,171.539889712,171.608947754,63149100
2023-09-22,172.339095185,174.716938288,171.72737366,172.457489014,56725400
2023-09-25,171.875368664,174.608408353,171.826032883,173.730285645,46172700
2023-09-26,172.487118482,172.862037328,169.369283548,169.665283203,64588900
2023-09-27,170.316478779,170.73087231,166.794126242,168.155700684,66921800
2023-09-28,167.080210208,169.734315459,165.383161834,168.412200928,56294400
2023-09-29,169.724450844,170.760441932,168.066862093,168.925262451,51861100
2023-10-02,168.935129152,171.974029417,168.648990671,171.431365967,52164500
2023-10-03,169.961249343,171.312977443,168.54047825,170.099380493,49594600
2023-10-04,168.806863547,171.885238537,168.688469721,171.342575073,53020300
2023-10-05,171.470832947,173.108684501,170.375644866,172.575897217,48527900
2023-10-06,171.480714326,175.614802928,170.86897773,175.12147522,57266700
2023-10-09,174.450539085,176.660652604,173.45402255,176.601455688,42390800
2023-10-10,175.723337001,177.321713969,175.575329654,176.009460449,43698000
2023-10-11,175.821980185,177.449970544,175.229996009,177.400634766,47551100
2023-10-12,177.667033619,179.906730392,176.650764772,178.298492432,56743100
2023-10-13,178.999045284,179.502234187,175.762816335,176.463348389,51427100
2023-10-16,174.391340168,176.690249033,174.154537454,176.33505249,52517000
2023-10-17,174.292667791,176.039052038,172.467364361,174.785995483,57549400
2023-10-18,173.236944273,175.210254929,172.773215064,173.493469238,54764400
2023-10-19,173.690822976,175.46680584,172.852174856,173.11857605,59302900
2023-10-20,172.970548077,173.079080768,170.336180083,170.572982788,64244000
2023-10-23,168.629299811,171.687922913,167.662366554,170.69140625,55980100
2023-10-24,170.740678113,171.352399493,169.162023838,171.125473022,43816600
2023-10-25,169.586347266,170.750593495,168.372750196,168.816757202,57157000
2023-10-26,168.096490223,169.093021899,163.459212453,164.66293335,70625300
2023-10-27,164.682688054,166.705335024,164.603753801,165.975204468,58499100
2023-10-30,166.764490898,168.885793871,166.616483563,168.017532349,51131000
2023-10-31,167.090101016,168.619404869,165.659438616,168.491149902,44846000
2023-11-01,168.71806982,171.904962479,167.849808269,171.6484375,56934900
2023-11-02,173.17777741,175.407613418,173.118580489,175.200424194,77334800
2023-11-03,171.914835595,174.460408234,171.036712926,174.292663574,79829200
2023-11-06,174.026282745,177.035569644,173.858553135,176.838241577,63841300
2023-11-07,176.788892271,180.005398236,176.581703086,179.393676758,70530000
2023-11-08,179.916629788,181.001941765,179.166762001,180.449417114,49340300
2023-11-09,180.51844769,181.662956316,179.383785141,179.975784302,53763500
2023-11-10,181.754137313,184.322827117,181.31943457,184.15486145,66133400
2023-11-13,183.581861083,183.789323254,181.991252447,182.574142456,43627500
2023-11-14,185.439190199,185.844255453,184.056058932,185.182327271,60108400
2023-11-15,185.587376259,187.217496185,185.518212164,185.745437622,53790500
2023-11-16,187.286674668,188.659931794,186.377742617,187.424987793,54412900
2023-11-17,187.958495475,188.086934488,186.29873781,187.40524292,50922700
2023-11-20,187.602819947,189.598493753,187.592945822,189.14402771,46505100
2023-11-21,189.10451025,189.213185926,187.454626859,188.343780518,38134500
2023-11-22,189.183546562,190.606189386,188.531492512,189.005706787,39617700
2023-11-24,188.570992584,188.600630033,186.970510083,187.681838989,24048300
2023-11-27,187.632452063,188.373418472,186.624733526,187.504013062,40552600
2023-11-28,187.494131552,188.778476292,187.118703762,188.106658936,38415400
2023-11-29,188.600651137,189.776320296,186.693904741,187.089080811,43014200
2023-11-30,187.553433687,188.027663093,185.923313445,187.662109375,48794400
2023-12-01,188.037495938,189.252676489,186.950739298,188.936538696,45704800
2023-12-04,187.691739624,187.76090373,185.192213975,187.148361206,43389500
2023-12-05,187.918958616,192.058478096,187.889306092,191.090286255,66628400
2023-12-06,192.107905095,192.414168826,189.796093311,190.003570557,41089700
2023-12-07,191.29776301,192.651256759,191.258236361,191.930053711,47477700
2023-12-08,191.860945565,193.629394265,191.337330382,193.352767944,53406400
2023-12-11,190.784061413,191.159489276,189.114414431,190.853210449,60943700
2023-12-12,190.754404703,192.374650737,189.410784937,192.364776611,52696900
2023-12-13,192.740180818,195.615134135,192.503081212,195.575622559,70404200
2023-12-14,195.634903563,197.215622924,193.797306188,195.723815918,66831600
2023-12-15,195.150796225,196.010312454,194.627181156,195.190322876,128538400
2023-12-18,193.7281514,194.261655704,192.048630403,193.530563354,55751900
2023-12-19,193.797297753,194.577775736,193.530545625,194.567901611,40714100
2023-12-20,194.528350819,195.298954582,192.483291626,192.483291626,52242800
2023-12-21,193.738038563,194.706230527,191.169348777,192.335128784,46482500
2023-12-22,192.829114115,193.056354695,190.645741277,191.268157959,37149600
2023-12-26,191.277983879,191.554610096,190.507380121,190.724731445,28919300
2023-12-27,190.171508366,191.169337725,188.788361994,190.823547363,48087700
2023-12-28,191.801619803,192.315360723,190.843302064,191.24836731,34049900
2023-12-29,191.564522964,192.058500604,189.420661813,190.211029053,42672100
2024-01-02,184.8958293,186.170300086,181.675100433,183.404022217,82488700
2024-01-03,182.001093754,183.641102874,181.220600765,182.030731201,58414500
2024-01-04,179.956063262,180.884743715,178.701370806,179.718963623,71983600
2024-01-05,179.797982863,180.558697557,177.999897057,178.99772644,62379700
2024-01-08,179.896775618,183.364508343,179.313885613,183.324981689,59144500
2024-01-09,181.704742728,182.919923565,180.529073472,182.910049438,42841800
2024-01-10,182.12955368,184.154849853,181.70472509,183.947387695,46792900
2024-01-11,184.293153409,184.797020201,181.40832608,183.354598999,49128400
2024-01-12,183.818931403,184.490748739,182.959415253,183.680618286,40477800
2024-01-16,179.965917583,182.040614397,178.750721869,181.418212891,65603000
2024-01-17,179.086639431,180.72663357,178.128321702,180.479644775,47317400
2024-01-18,183.848586958,186.861853454,183.591724023,186.358001709,78005800
2024-01-19,187.049564871,189.638002741,186.545713133,189.252700806,68903000
2024-01-22,189.983796503,192.977299687,189.944269851,191.554641724,60133900
2024-01-23,192.671024931,193.392227997,191.495355845,192.829086304,42355600
2024-01-24,193.066204578,194.014648209,191.999211147,192.157287598,53631300
2024-01-25,192.868639675,193.905995781,190.784053337,191.831283569,54822100
2024-01-26,191.930063876,192.414152284,189.628126416,190.102340698,44594000
2024-01-29,189.697265278,189.88497917,187.296541469,189.420639038,47145600
2024-01-30,188.640210999,189.489853266,185.212004473,185.775131226,55859400
2024-01-31,184.787141044,184.846431021,182.129554117,182.178939819,55467800
2024-02-01,181.773887293,184.698226317,181.605936714,184.609313965,64885400
2024-02-02,177.693608846,185.073634814,177.090955619,183.611465454,102551700
2024-02-05,185.883773766,186.970530568,183.601599557,185.419433594,69668800
2024-02-06,184.609314806,187.029802104,184.520402454,187.019927979,43490800
2024-02-07,188.343766411,188.748831634,186.338218692,187.128585815,53439000
2024-02-08,187.108862193,187.257049464,185.093439922,186.051757812,40962000
2024-02-09,186.615575529,187.941136321,185.972591224,186.813430786,45155200
2024-02-12,186.388052768,186.635356736,184.775626067,185.131744385,41781900
2024-02-13,183.766648388,184.201905814,181.531010715,183.044509888,56529500
2024-02-14,183.321519558,183.529246469,180.472572598,182.164123535,54630500
2024-02-15,181.570603749,182.500469224,179.394331521,181.877258301,65434500
2024-02-16,181.441993969,182.856580675,179.710865997,180.343963623,49752500
2024-02-20,179.829550952,180.462648521,178.058861141,179.602035522,53665600
2024-02-21,179.977944444,180.917696536,178.711749291,180.353851318,41371400
2024-02-22,181.501357956,182.965408589,180.492368446,182.381759644,52292200
2024-02-23,183.01481933,183.044494598,180.264800469,180.551681519,45119700
2024-02-26,180.274730219,180.789111674,178.701865299,179.206375122,40867400
2024-02-27,179.147008061,181.93658909,177.623607101,180.660507202,54318900
2024-02-28,180.541803812,181.145226166,178.187480034,179.463562012,48953900
2024-02-29,179.315177765,180.601161507,177.593936595,178.80078125,136682600
2024-03-01,177.613704576,178.583131859,175.467108045,177.722518921,73563100
2024-03-04,174.250365001,174.992276884,171.915815004,173.211700439,81510100
2024-03-05,168.918497949,170.184693066,167.790792451,168.285400391,95132400
2024-03-06,169.215285051,169.393351779,166.860946162,167.296203613,68587700
2024-03-07,167.325866584,168.888829547,166.67299555,167.177490234,71765100
2024-03-08,167.177500306,171.826812384,167.118149762,168.888839722,76267000
2024-03-11,171.075007888,172.499481263,170.194606301,170.887054443,60139500
2024-03-12,171.282692598,172.153207245,169.165771601,171.361831665,59825400
2024-03-13,170.906828792,171.322297643,168.918495248,169.284515381,52488700
2024-03-14,171.045343079,172.430239448,170.19461671,171.134368896,72913500
2024-03-15,169.324078122,170.75843811,168.453563329,170.75843811,121752700
2024-03-18,173.676612753,175.793533809,171.64871749,171.846557617,75604200
2024-03-19,172.459911097,174.705435608,171.164040572,174.181152344,55215200
2024-03-20,173.825040847,176.743225098,173.201829922,176.743225098,53423100
2024-03-21,175.140681138,175.575938556,168.997643651,169.52192688,106181300
2024-03-22,169.907737844,171.18383496,168.226073632,170.422134399,71160100
2024-03-25,168.730558605,170.08577952,167.622626564,169.007537842,54288300
2024-03-26,168.166687721,169.57137236,167.751218892,167.879821777,57388400
2024-03-27,168.572289377,171.727890592,168.275521581,171.441009521,60273300
2024-03-28,169.897829822,170.372649225,168.67119668,169.630737305,65672700
2024-04-01,169.343874698,169.403225238,167.652308844,168.196380615,46240500
2024-04-02,167.256628068,167.513818771,166.415788506,167.019210815,49329500
2024-04-03,166.969754024,168.83937157,166.762027126,167.820480347,47691700
2024-04-04,168.453568911,170.065995657,166.999435425,166.999435425,53704400
2024-04-05,167.761122687,168.552498435,167.128025108,167.751235962,42104800
2024-04-08,167.207169911,167.37533481,166.425695956,166.633422852,37425500
2024-04-09,166.880715131,168.245837869,166.534498631,167.840255737,42373800
2024-04-10,166.979646532,167.266512501,165.30786925,165.97064209,49709300
2024-04-11,166.524600267,173.567827709,166.346548651,173.15234375,91070300
2024-04-12,172.380759495,176.436550774,172.331310775,174.646072388,101670900
2024-04-15,173.468886925,174.725195244,170.639729074,170.827682495,73531800
2024-04-16,169.89784278,171.886161445,166.455375432,167.553405762,73711200
2024-04-17,167.780901063,168.809678906,166.188262939,166.188262939,50901200
2024-04-18,166.217946116,166.821368418,164.753910814,165.238616943,43122900
2024-04-19,164.417584736,164.605523082,162.310549996,163.220626831,68149400
2024-04-22,163.735033442,165.456259589,162.993121456,164.051574707,48116400
2024-04-23,163.566840482,165.248504343,163.141469834,165.100112915,49537800
2024-04-24,164.743984437,167.474229569,164.417556523,167.197250366,48251800
2024-04-25,167.701773511,168.770128515,166.336650713,168.057891846,50558300
2024-04-26,168.048020779,169.492267703,167.355557496,167.474273682,44838400
2024-04-29,171.500379629,174.131697912,171.233302167,171.628982544,68169400
2024-04-30,171.46081208,173.102914272,168.166720969,168.493164062,65934800
2024-05-01,167.751252957,170.847503902,167.286320224,167.474273682,50383100
2024-05-02,170.649620257,171.5498103,169.047095416,171.164016724,94214900
2024-05-03,184.637160762,184.9833924,180.690198574,181.402435303,163224100
2024-05-06,180.383524816,182.213565169,178.474330286,179.750427246,78569700
2024-05-07,181.471647819,182.906007808,179.364628286,180.43296814,77305800
2024-05-08,180.878131979,181.095760683,179.493220673,180.769317627,45057100
2024-05-09,180.591241089,182.668600388,180.14609698,182.579574585,48983000
2024-05-10,183.154116957,183.342325343,180.410282947,181.321594238,50759500
2024-05-13,183.689037994,185.333367544,182.876773355,184.521102905,72044800
2024-05-14,185.739448447,186.521997409,184.530966977,185.660202026,52393600
2024-05-15,186.135682032,188.849800179,185.600772464,187.928588867,70400000
2024-05-16,188.67152628,189.295582468,187.869176962,188.047470093,52845200
2024-05-17,187.720592821,189.008320913,187.393706951,188.077194214,41282900
2024-05-20,187.542284617,190.107825343,187.225298909,189.236129761,44361300
2024-05-21,189.285655403,190.910169325,189.117262418,190.5337677,42309400
2024-05-22,190.454501469,190.999311136,188.473386399,189.097427368,34648500
2024-05-23,189.176679161,189.196494545,184.867762831,185.115402222,51005900
2024-05-24,187.037076226,188.780452002,186.264427463,188.18611145,36327000
2024-05-28,189.701712361,191.177648874,187.314479632,188.196075439,52280100
2024-05-29,187.819637887,190.434709496,187.720576076,188.493209839,53068000
2024-05-30,188.958770307,190.365360345,188.830008092,189.483764648,49889100
2024-05-31,189.632358366,190.751693344,188.116806375,190.434707642,75158300
2024-06-03,191.078571473,193.148848523,190.70216983,192.197906494,50080500
2024-06-04,192.802147657,193.475734744,191.207349176,192.514892578,47471400
2024-06-05,193.554959764,195.040796247,193.029965416,194.020523071,54156800
2024-06-06,193.842227639,194.644576912,192.336575789,192.64364624,41181800
2024-06-07,192.81202934,195.080414692,192.30685041,195.030883789,53103900
2024-06-10,195.040784778,195.437016886,190.335636193,191.296478271,97010200
2024-06-11,191.821486944,205.203930753,191.801686674,205.194015503,172373300
2024-06-12,205.411930165,218.120786326,204.946366871,211.058120728,198134300
2024-06-13,212.712335052,214.703350299,209.601984931,212.217056274,97862700
2024-06-14,211.830755787,213.138284002,209.304830801,210.483596802,70122700
2024-06-17,211.355286889,216.882600545,210.711430444,214.624130249,93728300
2024-06-18,215.535429481,216.565617873,210.988773621,212.266586304,79943300
2024-06-20,211.909988995,212.21707456,206.877969477,207.700119019,86172500
2024-06-21,208.403418568,209.889255009,205.15439076,205.530807495,241805100
2024-06-24,205.758634962,210.691607795,204.639299988,206.174667358,80727000
2024-06-25,207.175148067,209.38410274,206.640253531,207.095916748,55549700
2024-06-26,209.50292865,212.831202731,208.651048525,211.236404419,66213200
2024-06-27,212.662825046,213.702913605,210.344923765,212.078399658,49772700
2024-06-28,213.732621651,214.029791959,208.314270266,208.631240845,82542700
2024-07-01,210.087381827,215.45620282,209.918988829,214.703384399,60402900
2024-07-02,214.109061884,218.29913225,213.068988289,218.190170288,58046200
2024-07-03,217.922686186,219.458053589,216.961844042,219.458053589,37369800
2024-07-05,219.557116867,224.311797039,219.557116867,224.202835083,60412400
2024-07-08,224.945735784,225.69856928,221.14199799,225.66885376,59085900
2024-07-09,225.777803181,227.233924169,224.232535629,226.520721436,48076100
2024-07-10,227.134875893,230.879182662,227.085344987,230.78012085,62627700
2024-07-11,229.205110327,230.195667874,223.638181746,225.421188354,64710600
2024-07-12,226.758445435,230.44332094,226.520706168,228.363143921,53046500
2024-07-15,234.247083658,234.990001942,230.889093617,232.186721802,62631300
2024-07-16,232.781030536,234.03904289,230.136243619,232.602737427,43234300
2024-07-17,227.283451558,229.274482124,224.499986958,226.718841553,57345900
2024-07-18,228.105625158,228.264118017,220.17126345,222.063217163,66034600
2024-07-19,222.697180164,224.658480096,221.171712904,222.191986084,49151500
2024-07-22,224.866495252,225.629228904,220.98351093,221.845306396,48201800
2024-07-23,222.251404457,224.79714475,220.57735969,222.885360718,39960300
2024-07-24,221.884922586,222.677371761,215.079796091,216.476470947,61777600
2024-07-25,216.86279177,218.764675871,212.593490467,215.436401367,51391200
2024-07-26,216.634949992,217.417498982,213.970347557,215.901947021,41601300
2024-07-29,214.911408622,217.229310049,213.712827136,216.179321289,36311800
2024-07-30,217.12034094,218.249576094,214.079321598,216.734024048,41643800
2024-07-31,219.349075971,221.706607881,218.546726739,219.983032227,50036300
2024-08-01,222.251418113,222.360380061,214.970828356,216.298171997,62501000
2024-08-02,217.080694029,223.469802701,215.654303768,217.783996582,105568600
2024-08-05,197.210106963,211.484045462,194.149287638,207.293991089,119548600
2024-08-06,203.361485415,208.00720314,199.171430852,205.273254395,69660500
2024-08-07,204.94637966,211.622743921,204.441200681,207.838821411,63516400
2024-08-08,211.097744151,212.177448377,206.858158563,211.295852661,47161100
2024-08-09,210.097288254,214.733090903,209.96851092,214.198196411,42201600
2024-08-12,214.277553558,217.68900361,213.81145133,215.72543335,38028100
2024-08-13,217.193141188,220.049254255,217.193141188,219.434402466,44155300
2024-08-14,218.74022239,221.179806468,217.877429368,219.88067627,41960600
2024-08-15,222.736774261,223.480552428,220.912026993,222.855773926,46414000
2024-08-16,222.06239369,224.948256428,221.79462933,224.174728394,44340200
2024-08-19,223.847479602,224.115243981,221.189704402,224.016067505,40687800
2024-08-20,223.897053753,225.285433533,223.579701157,224.630905151,30299000
2024-08-21,224.64083486,226.088714487,223.183028506,224.521820068,34765500
2024-08-22,225.900293389,226.445733726,222.04256465,222.66734314,43695300
2024-08-23,223.787987154,226.32674764,222.469018671,224.958190918,38677300
2024-08-26,224.878819949,225.394510327,222.032633978,225.295333862,30602200
2024-08-27,224.125147365,226.951510365,223.024355107,226.138305664,35934600
2024-08-28,226.029213691,227.953122211,223.807790892,224.611083984,38052200
2024-08-29,228.191153797,230.987751911,226.981273402,227.883712769,51906300
2024-08-30,228.280380603,228.488630001,225.5928557,227.100250244,52990800
2024-09-03,226.654000422,227.100264291,219.335218504,220.921951294,50190600
2024-09-04,219.821161299,219.940160963,215.675829786,219.017883301,43840200
2024-09-05,219.791408611,223.609460735,219.682320543,220.535186768,36615400
2024-09-06,222.092152518,223.371459409,217.946836226,218.988128662,48423000
2024-09-09,218.988142826,219.434406718,214.912237696,219.077392578,67180000
2024-09-10,217.103881423,219.642641751,214.932046806,218.284011841,51591000
2024-09-11,219.622824168,221.239291764,216.082432824,220.812866211,44587100
2024-09-12,220.65418692,221.695479368,217.996426898,220.921951294,37455600
2024-09-13,221.725232442,222.181407912,220.069088202,220.654190063,36766600
2024-09-16,214.743627929,215.417994676,212.145367681,214.525466919,59357400
2024-09-17,213.960180922,215.100634698,212.720550673,214.991546631,45519300
2024-09-18,215.745256502,220.862453919,215.735329775,218.859207153,59894900
2024-09-19,223.123556843,227.913490448,222.766542688,226.971359253,66781300
2024-09-20,228.062220731,231.156333056,225.731709761,226.306900024,318679900
2024-09-23,225.454025356,227.546521787,223.936719166,224.591247559,54146000
2024-09-24,226.753160077,227.447365125,223.857385619,225.483779907,43556100
2024-09-25,223.063993859,225.404416118,222.161554637,224.492050171,42308700
2024-09-26,225.414361713,226.604403695,223.54004143,225.632537842,36636700
2024-09-27,226.564738917,227.615942904,225.41435846,225.900283813,34026000
2024-09-30,228.131611494,231.067062378,227.744847488,231.067062378,54541900
2024-10-01,227.615973851,227.74488512,221.883924241,224.333435059,63285000
2024-10-02,224.01608069,225.483798797,221.169894229,224.898696899,32880600
2024-10-03,223.272280072,224.928424248,221.46738632,223.79788208,34044200
2024-10-04,226.009368286,226.108544754,222.27065456,224.918502808,37245100
2024-10-07,222.637608203,223.817738704,219.493907489,219.850921631,39505400
2024-10-08,222.439257807,224.105313619,221.397965357,223.897064209,31855700
2024-10-09,223.361530075,227.844037243,222.964854453,227.635772705,33591100
2024-10-10,225.890381252,227.596113685,225.285441086,227.139923096,28183500
2024-10-11,227.397790197,227.506878271,225.454043186,225.662307739,31759200
2024-10-14,226.802742889,229.807605343,226.703581551,229.38117981,39882100
2024-10-15,231.671989237,235.519805885,230.442270738,231.910003662,64751400
2024-10-16,229.678708752,230.194384063,227.933299599,229.857208252,34082200
2024-10-17,231.493501243,231.910030318,228.607653558,230.224121094,32993800
2024-10-18,234.220664376,234.220664376,232.06866832,233.050460815,46431500
2024-10-21,232.505045431,234.885144577,232.505045431,234.518203735,36254500
2024-10-22,231.949692365,234.260364944,230.670400619,233.90335083,38846600
2024-10-23,232.138107101,233.189311069,225.870529667,228.84564209,52287000
2024-10-24,228.07212485,228.905167868,226.515157144,228.657241821,31109500
2024-10-25,227.83412075,231.285247014,227.665532857,229.490264893,38802300
2024-10-28,231.384452608,232.782744159,230.620836066,231.463775635,36087100
2024-10-29,231.166258074,232.386050019,230.392729998,231.731521606,35417200
2024-10-30,230.680318993,231.533185226,227.645706504,228.191146851,47070900
2024-10-31,227.437426651,227.923367133,223.500359956,224.035888672,64370100
2024-11-01,219.136852158,223.480520879,218.442662327,221.060760498,65276700
2024-11-04,219.156716022,220.941771472,217.88733586,220.168243408,44944500
2024-11-05,219.960007503,222.092165606,219.305479061,221.596313477,28111300
2024-11-06,220.763287414,224.194590835,219.355069171,220.872375488,54561100
2024-11-07,222.766517127,225.989555746,222.707017297,225.59286499,42137700
2024-11-08,225.533292359,227.012562717,224.778773432,225.324813843,38328800
2024-11-11,223.37894332,224.073897003,219.904159757,222.614486694,42005600
2024-11-12,222.932188463,223.964688913,221.750759628,222.614486694,40398300
2024-11-13,222.396058799,225.017037656,221.155064735,223.498062134,48566200
2024-11-14,223.398802698,227.221055515,223.37894255,226.575744629,44923900
2024-11-15,224.768828739,225.285086488,222.65418525,223.378921509,47923700
2024-11-18,223.627104717,228.084760338,223.547679288,226.377151489,44633700
2024-11-19,225.344647649,228.501744226,225.026961066,226.635284424,36211800
2024-11-20,226.41689815,228.27342055,224.262534124,227.350128174,35169600
2024-11-21,227.230987838,228.501764581,224.083828628,226.873580933,42108300
2024-11-22,226.416879712,229.057718682,226.416879712,228.21383667,38168300
2024-11-25,229.792400404,231.569497276,228.084791323,231.192230225,90152800
2024-11-26,231.648923493,233.872790364,231.648923493,233.366455078,45986200
2024-11-27,232.780688421,233.991899759,232.125439962,233.237365723,33498400
2024-11-29,233.118238524,236.096624124,232.284294191,235.62008667,28481400
2024-12-02,235.560523046,239.055151268,235.451314967,237.863800049,48137100
2024-12-03,238.082244092,241.010987266,237.178796712,240.901779175,38861000
2024-12-04,241.120195052,242.351266705,239.511871478,241.259185791,44383900
2024-12-05,242.232123314,242.778148593,240.385523506,241.288955688,40033900
2024-12-06,241.159896005,242.867505034,240.335874136,241.090393066,36870600
2024-12-09,240.087693125,245.458719421,240.008267682,244.972244263,44649200
2024-12-10,245.111198685,246.421695579,243.572363143,245.984863281,36914800
2024-12-11,246.173506236,248.993040988,244.485742265,244.714096069,45205800
2024-12-12,245.111209541,246.947886745,243.909920668,246.17350769,32777500
2024-12-13,246.034536299,247.49393144,244.465917921,246.342300415,33155300
2024-12-16,246.203309723,249.568885154,245.865747811,249.231323242,51694800
2024-12-17,248.278249609,252.001231972,247.980407991,251.653747559,51356400
2024-12-18,250.343267727,252.447988926,245.955114297,246.262878418,56774100
2024-12-19,245.716816287,250.184394765,245.309766612,247.990310669,60882300
2024-12-20,246.25293714,253.162799026,243.919877297,252.656478882,147495300
2024-12-23,252.934464773,253.808114342,251.623967695,253.430862427,40858800
2024-12-24,253.649300533,256.349690066,253.450729335,256.339782715,23234700
2024-12-26,256.329801887,258.226044405,255.773838984,257.153808594,27237100
2024-12-27,255.972386828,256.836144149,251.236764377,253.748535156,42355300
2024-12-30,250.412747734,251.673601974,248.94341497,250.382965088,35557500
2024-12-31,250.621249712,251.455194134,247.632926143,248.61579895,39480700
2025-01-02,247.136495282,247.305283792,240.07773614,242.093109131,55740700
2025-01-03,241.606658936,242.420743184,240.147248668,241.606658936,40244100
2025-01-06,242.549816843,245.548062885,241.447813456,243.234848022,45045600
2025-01-07,241.229407324,243.780898618,239.611161222,240.46496582,40856000
2025-01-08,240.177036894,241.954148963,238.320514533,240.951416016,37628900
2025-01-10,238.280807005,238.429735397,231.32131704,235.143585205,61710900
2025-01-13,231.847469893,232.979255854,228.064922474,232.711196899,49630700
2025-01-14,233.05869926,234.418823988,230.795127162,231.59928894,39435300
2025-01-15,232.949464716,237.238347244,232.740971059,236.156188965,39832000
2025-01-16,235.639952853,236.295186189,226.387094079,226.615432739,71759100
2025-01-17,230.447625019,230.616398391,226.833850971,228.323043823,68488300
2025-01-21,222.386121246,222.803093405,217.799412343,221.035919189,98070400
2025-01-22,218.206460178,222.505265406,218.206460178,222.21736145,64126500
2025-01-23,223.120835312,225.394330027,220.698412202,222.048614502,60234800
2025-01-24,223.160517277,224.004399308,219.8148021,221.174926758,54697900
2025-01-27,222.40599779,230.477412931,222.366277496,228.203918457,94863400
2025-01-28,229.186779761,238.459483366,229.14705947,236.543380737,75707600
2025-01-29,232.433229981,238.131880436,232.324021892,237.635482788,45486100
2025-01-30,236.95045562,239.055176836,235.500982945,235.878234863,55658300
2025-01-31,245.409080042,245.409080042,231.758144255,234.299697876,100959800
2025-02-03,228.332994116,230.159733813,224.07389384,226.367248535,73063300
2025-02-04,225.61271003,231.450350675,225.017026849,231.12272644,45067300
2025-02-05,226.883519408,230.993691538,226.625398071,230.795135498,39620300
2025-02-06,229.623615842,232.115541714,228.769811287,231.539718628,29925300
2025-02-07,230.924183896,232.314091203,225.622645686,225.989990234,39707200
2025-02-10,228.166607362,229.180361012,225.811085257,226.258331299,33115600
2025-02-11,226.80497425,233.791997534,226.735410057,231.197952271,53718400
2025-02-12,229.786630095,235.511427892,229.269804701,235.421966553,45243300
2025-02-13,235.461744774,240.858543262,234.129939992,240.053497314,53614100
2025-02-14,239.775179122,244.048895193,239.516774026,243.104705811,40896200
2025-02-18,242.657458585,243.681160786,240.36158248,242.975509644,48822500
2025-02-19,243.164354393,244.506092508,241.673524155,243.373062134,32204200
2025-02-20,243.442650771,245.27139896,242.79661521,244.327209473,32316900
2025-02-21,244.446453069,247.169708334,243.720919958,244.048904419,53197400
2025-02-24,243.432699209,247.33868242,242.925822374,245.589447021,51326400
2025-02-25,246.483923144,248.471696718,243.412816613,245.529785156,48013300
2025-02-26,242.836372207,243.482392583,237.668163698,238.890640259,44433600
2025-02-27,237.946467207,240.977825296,235.610826918,235.849365234,41153600
2025-02-28,235.501481528,240.610059232,228.79274542,240.361587524,56833400
2025-03-03,240.311868304,242.538180062,234.666598897,236.574859619,47184000
2025-03-04,236.256849216,238.602422783,233.245358115,234.487716675,53798100
2025-03-05,233.980838092,235.103935074,227.828676125,234.29888916,47227600
2025-03-06,233.006844474,236.405935812,231.734670471,233.891403198,45170400
2025-03-07,233.67273718,239.894463382,233.324870717,237.608535767,46273600
2025-03-10,234.100111911,234.716332096,222.849320177,226.089385986,72071200
2025-03-11,222.441820223,224.459409376,216.120699058,219.489974976,76137400
2025-03-12,218.794250539,220.394408974,213.59622656,215.653564453,62547500
2025-03-13,214.629868333,215.514427048,207.145901352,208.398193359,61368300
2025-03-14,209.958594034,212.642085458,208.298804839,212.184906006,60107600
2025-03-17,212.00601857,213.904346246,208.686439865,212.691802979,48073400
2025-03-18,212.850800575,213.8347388,210.197124641,211.389785767,42432400
2025-03-19,212.910425582,217.422664855,212.443297586,213.924194336,54385400
2025-03-20,212.681840059,216.160443831,210.922656191,212.791168213,48862900
2025-03-21,210.266682064,217.502176517,209.988394982,216.935668945,94127800
2025-03-24,219.648999455,220.126060908,217.243795036,219.380645752,44299500
2025-03-25,219.420408267,222.73005336,218.734623901,222.38218689,34493600
2025-03-26,222.143642432,223.644421268,219.122233107,220.175750732,34466100
2025-03-27,220.036599169,223.614597734,219.211671301,222.481567383,37094800
2025-03-28,220.314905211,222.441822551,216.349291059,216.567947388,39818600
2025-03-31,215.683368745,224.24073469,214.908138256,220.772079468,65299300
2025-04-01,218.466249884,222.312586856,217.561809278,221.825592041,36412700
2025-04-02,219.967050405,223.813387757,219.668881309,222.521331787,35905900
2025-04-03,204.283485592,206.221576978,200.019717905,201.947860718,103419000
2025-04-04,192.704719873,198.658107537,186.194758001,187.228408813,125910900
2025-04-07,176.116740473,192.963118943,173.552510672,180.350708008,160466300
2025-04-08,185.558686154,189.17643396,168.175613514,171.365982056,120859500
2025-04-09,170.898834966,199.383634751,170.839204184,197.634399414,184395900
2025-04-10,187.914212646,193.58929863,181.881311589,189.255950928,121880000
2025-04-11,184.962350415,198.320177053,184.922586448,196.938674927,87435900
2025-04-14,210.14743596,211.63826622,199.930280454,201.281967163,101352900
2025-04-15,200.626009757,202.265917072,198.578605174,200.904296875,51343900
2025-04-16,197.14739093,199.473082457,191.194003397,193.082397461,59732400
2025-04-17,195.994489456,197.614529922,193.231485147,195.77583313,52164700
2025-04-21,192.088499904,192.615258678,188.649645014,191.979171753,46742500
2025-04-22,194.921085933,200.357648265,194.77200897,198.518966675,52976400
2025-04-23,204.740709329,206.728483206,201.560274159,203.349273682,52929200
2025-04-24,203.63748453,207.553401308,201.699408125,207.096206665,47311000
2025-04-25,205.108426467,208.467768907,204.93946752,208.000640869,38222300
2025-04-28,208.716233648,210.207063888,206.191767781,208.855377197,38743100
2025-04-29,207.414239509,210.942540696,207.096188452,209.918838501,36827600
2025-04-30,208.020523325,212.274357883,205.406596025,211.200958252,52286500
2025-05-01,207.80187478,213.248370743,207.622967252,212.015960693,57365700
2025-05-02,204.830147386,205.724654694,200.924179152,204.094680786,101010600
2025-05-05,201.858418735,202.852305552,196.998312803,197.67414856,69018500
2025-05-06,196.99829387,199.423364733,195.815566244,197.296447754,51216500
2025-05-07,197.952440731,198.220794425,192.068632439,195.050292969,68536700
2025-05-08,196.511304568,198.827062693,193.489880122,196.282714844,50478900
2025-05-09,197.783488519,199.314067637,196.332407006,197.316360474,36453900
2025-05-12,209.955265169,210.253825248,205.755561561,209.776123047,63775800
2025-05-13,209.41784748,212.37356332,207.994732912,211.905822754,51909300
2025-05-14,211.408240985,212.910987864,209.567148278,211.308731079,49325800
2025-05-15,209.935357809,211.935699717,208.532136062,210.432952881,45029500
2025-05-16,211.338581208,211.547577821,208.76104236,210.243865967,54737900
2025-05-19,206.909992023,208.472432695,203.277538789,207.775802612,46140500
2025-05-20,206.671137606,207.467292767,204.043836205,205.865036011,42496600
2025-05-21,204.183153059,206.044153706,199.744613672,201.117965698,59211800
2025-05-22,199.744612,201.774793126,198.739460279,200.391479492,46742400
2025-05-23,192.738469755,196.749084745,192.529488332,194.330780029,78432900
2025-05-27,197.346222838,199.774489394,196.480397024,199.247039795,56288500
2025-05-28,199.625189415,201.754895738,198.938505779,199.456008911,45339700
2025-05-29,202.600811068,202.829700549,197.555189756,198.988265991,51396800
2025-05-30,198.411049339,200.988603291,195.833510574,199.88394165,70819900
2025-06-02,199.316674999,201.157782785,199.157440936,200.72984314,35423300
2025-06-03,200.38153418,202.789892417,199.993410645,202.292297363,46381600
2025-06-04,201.934045895,205.248031063,201.127944267,201.844482422,43604000
2025-06-05,202.521199472,203.765187183,199.18730633,199.665008545,55126100
2025-06-06,202.023605329,204.710615762,201.078177701,202.939178467,46607700
2025-06-09,203.406940958,205.009197918,199.057964289,200.481079102,72862600
2025-06-10,199.635154669,203.367117816,199.605300179,201.69519043,54672600
2025-06-11,202.521197074,203.516387232,197.455682816,197.823898315,60989900
2025-06-12,198.122464361,198.719569362,196.410736024,198.241882324,43904600
2025-06-13,198.769318821,199.406239892,194.758703844,195.505096436,51447300
2025-06-16,196.351029045,197.734342812,195.614582832,197.465637207,43020700
2025-06-17,196.251499369,197.435778107,194.271080641,194.699005127,38856200
2025-06-18,194.997569847,196.61973473,194.131759234,195.634490967,45394700
2025-06-20,197.286499061,200.729848446,195.913131807,200.033218384,96813500
2025-06-23,200.660217606,201.32699326,198.003061426,200.530838013,55814300
2025-06-24,201.615587864,202.461505645,199.237083788,199.336608887,54064000
2025-06-25,200.481043618,202.690366866,199.655034008,200.590515137,39525700
2025-06-26,200.461142856,201.665329608,198.500632248,200.033218384,50799100
2025-06-27,200.918925023,202.242529654,199.038016376,200.112823486,73188600
2025-06-30,201.038346881,206.392474485,198.301574102,204.183151245,91912800
2025-07-01,205.675941555,209.179015051,205.148492003,206.820419312,78788900
2025-07-02,207.905192627,212.313878015,207.138891905,211.418212891,67941800
2025-07-03,211.129567199,213.617542373,210.791206219,212.522842407,34955800
2025-07-07,211.657035163,215.189963255,207.795707682,208.940170288,50229000
2025-07-08,209.089471849,210.413061482,207.447398871,208.999893188,42848900
2025-07-09,208.522193912,210.313539244,206.223307062,210.124450684,48749400
2025-07-10,209.49746585,212.453181709,209.019778846,211.388336182,44443600
2025-07-11,209.557204838,211.109699099,208.850613124,210.144363403,39765800
2025-07-14,208.920273896,209.895571238,206.541769897,207.616577148,38840100
2025-07-15,208.213704322,210.870860455,207.915144212,208.104232788,42296300
2025-07-16,209.288511207,211.378401607,207.636491759,209.149185181,47490500
2025-07-17,209.557199545,210.781279191,208.581902253,209.009841919,48068100
2025-07-18,209.855723857,210.771296893,208.691353304,210.164230347,48974600
2025-07-21,211.079845865,214.742138484,210.61210526,211.458007812,51377400
2025-07-22,212.11482505,213.916116767,211.209198382,213.368759155,46404100
2025-07-23,213.965882301,214.11515475,211.388343457,213.1199646,46989300
2025-07-24,212.871168055,214.652566936,212.502952557,212.731842041,46022600
2025-07-25,213.667320604,214.204731785,212.373570381,212.851272583,40268800
2025-07-28,213.000553981,213.816617221,212.035218287,213.020462036,37858000
2025-07-29,213.149837258,213.776811965,209.806012646,210.253845215,51411700
2025-07-30,210.880761852,211.368410435,206.720874804,208.04447937,45512500
2025-07-31,207.487197863,208.830695441,206.163593154,206.571624756,80698400
2025-08-01,209.855756175,212.552728344,200.530828702,201.406600952,104434500
2025-08-04,203.526342073,206.880143369,200.709951988,202.371932983,75109300
2025-08-05,202.421687304,204.352358786,201.187661134,201.944000244,44155100
2025-08-06,204.640959947,214.344064125,204.601143836,212.224304199,108483100
2025-08-07,217.827232309,219.787758186,215.538291849,218.971694946,90224800
2025-08-08,219.767847434,229.888929657,218.19544514,228.246871948,113854000
2025-08-11,227.081169332,228.715132925,223.932795637,226.343887329,61806100
2025-08-12,227.170830745,229.950570994,226.234303074,228.804794312,55626200
2025-08-13,230.219575634,234.135104337,229.5819165,232.471252441,69878500
2025-08-14,233.1985667,234.25466306,230.000389249,231.923278809,51916300
2025-08-15,233.138774139,233.417742396,228.495921399,230.737640381,56038700
2025-08-18,230.847238578,232.262010526,229.263094129,230.040222168,37476200
2025-08-19,230.428792357,232.012936849,228.505902856,229.71144104,39402600
2025-08-20,229.133597778,229.621799899,224.939100402,225.178207397,42263900
2025-08-21,225.437249128,225.686329038,222.956407752,224.072280884,30621200
2025-08-22,225.337623523,228.246875207,224.580426028,226.921768188,42477800
2025-08-25,225.646469344,228.456098045,225.397389433,226.323974609,30983100
2025-08-26,226.035026894,228.645394631,223.863057424,228.466049194,54575100
2025-08-27,227.768637809,230.050203139,227.419919848,229.641723633,31259500
2025-08-28,229.97049991,232.550964054,228.49593594,231.704086304,38074700
2025-08-29,231.654262656,232.521071038,230.518458931,231.285629272,39418400
2025-09-02,228.406286031,230.000403595,226.134678382,228.874557495,44075600
2025-09-03,236.336988916,237.97095252,233.497471856,237.592346191,66427800
2025-09-04,237.572415028,239.017075465,235.868716957,238.897521973,47549400
2025-09-05,239.116702711,240.431851873,237.612265596,238.807846069,54870400
2025-09-08,238.419288641,239.266151198,235.47017587,237.004516602,48999500
2025-09-09,236.127759327,237.901207105,232.501156375,233.487518311,66313900
2025-09-10,231.335457391,231.564606649,225.118417425,225.955322266,83440800
2025-09-11,226.04500979,229.601863078,225.815845322,229.183410645,50208600
2025-09-12,228.376385609,233.646909735,228.177124724,233.20854187,55824200
2025-09-15,236.127756357,237.313379169,234.165005436,235.828857422,42699500
2025-09-16,236.30706734,240.3322069,235.450247108,237.273498535,63421100
2025-09-17,238.090512465,239.216358556,236.855070603,238.110443115,46508000
2025-09-18,239.086820963,240.312289842,235.77903252,237.004516602,44249600
2025-09-19,240.342177042,245.393524799,239.325941978,244.596466064,163741300
2025-09-22,247.386162064,255.695479161,247.206816629,255.137512207,105517400
2025-09-23,254.938282252,256.392900458,252.646743969,253.493606567,60275200
2025-09-24,254.280687089,254.798777533,250.116063296,251.381393433,42303700
2025-09-25,252.278088205,256.223520441,250.783608831,255.924606323,55202100
2025-09-26,253.164810675,256.651929196,252.845981113,254.519805908,46076300
2025-09-29,253.623132989,254.061516077,252.078834459,253.493606567,40127700
2025-09-30,253.922005078,254.978101385,252.178445839,253.692855835,37704300
2025-10-01,254.101347229,257.837560978,253.991751464,254.509841919,48713900
2025-10-02,255.635691233,257.229808809,253.214641697,256.183685303,42630200
2025-10-03,253.73271198,258.285884669,253.015360648,257.070373535,49155600
2025-10-06,257.040473039,258.116515188,254.111306308,255.745269775,44664100
2025-10-07,255.86484388,256.452668818,254.489917914,255.536071777,31955800
2025-10-08,255.575888819,257.568527987,255.167394141,257.110229492,36496900
2025-10-09,256.861170905,257.050474074,252.208359885,253.105041504,38322000
2025-10-10,254.001718161,255.4364208,243.101979437,244.36730957,61999100
2025-10-13,248.462190854,248.771047503,244.656242622,246.748519897,38142900
2025-10-14,245.692431614,247.934150825,243.799415158,246.858123779,35478000
2025-10-15,248.571774562,250.89320098,246.559204777,248.422317505,33893600
2025-10-16,247.336350133,248.123435958,244.227837727,246.539291382,39777000
2025-10-17,247.107206704,252.447480698,246.359966958,251.361480713,49147000
2025-10-20,254.948220991,263.40697984,254.689183369,261.274841309,90483000
2025-10-21,260.916147927,264.313600972,260.86631371,261.802856445,46695900
2025-10-22,261.68330283,261.882578886,254.489875037,257.498779297,45015300
2025-10-23,258.983294103,259.660784068,257.060404759,258.624603271,32754900
2025-10-24,260.228746698,263.157929069,258.226134358,261.852752686,38253700
2025-10-27,263.905179913,268.129565918,263.676015425,267.820709229,44888200
2025-10-28,268.000006322,268.896718309,267.163101485,268.009979248,41534800
2025-10-29,268.288960338,270.411126106,266.126933269,268.707427979,51086700
2025-10-30,270.988978524,273.131090148,267.491917142,270.401153564,69886500
2025-10-31,275.970570184,276.299372696,268.169400702,269.374938965,86167100
2025-11-03,269.424736694,269.853146789,265.270070937,268.059753418,50194600
2025-11-04,267.342444563,270.490818379,266.635066108,269.046173096,49274800
2025-11-05,267.621414689,270.700069257,265.947604923,269.145812988,43683100
2025-11-06,266.904074801,272.393775175,266.904074801,268.777130127,51204000
2025-11-07,268.80702533,271.287881896,265.788178052,267.481933594,48227400
2025-11-10,268.229883025,272.986954045,266.733954867,268.698608398,41312400
2025-11-11,269.077602496,275.161050227,269.067619902,274.502838135,46208300
2025-11-12,274.25347601,274.981505284,270.962446472,272.727630615,48398000
2025-11-13,273.365900268,275.948896368,271.351394614,272.209075928,49602800
2025-11-14,270.314208193,275.210883389,268.868162556,271.670532227,47431300
2025-11-17,268.09027174,269.755721335,265.008663469,266.733947754,45018300
2025-11-18,269.257085467,269.975132199,264.599779518,266.714019775,45677300
2025-11-19,264.809189607,271.471048738,264.779272262,267.830963135,40424500
2025-11-20,270.094806187,274.682325363,265.198161389,265.527252197,45823600
2025-11-21,265.228081675,272.588022844,264.948842962,270.75302124,59030800
2025-11-24,270.164627966,276.248075425,270.164627966,275.171020508,65585800
2025-11-25,274.522742287,279.618886529,274.502807536,276.218139648,46914200
2025-11-26,276.20817505,278.77120601,275.879084236,276.796569824,33431400
2025-11-28,276.507337571,278.242604289,275.240765737,278.093017578,20135600
2025-12-01,277.255303275,282.650620542,275.390384585,282.331481934,46587700
2025-12-02,282.231773534,286.61982329,281.862782799,285.413116455,53669500
2025-12-03,285.423115597,287.836529407,282.530963367,283.378662109,43538700
2025-12-04,283.328813897,283.957108625,277.833761106,279.938049316,43989100
2025-12-05,279.778486638,280.376864034,277.295225013,278.023254395,47265800
2025-12-08,277.374989388,278.910817405,275.400353367,277.135650635,38211800
2025-12-09,277.404932513,279.269851489,276.168308258,276.427581787,32193300
2025-12-10,276.996051532,278.990622561,275.689609944,278.023254395,33038300
2025-12-11,278.342340641,278.831000711,273.066692743,277.275238037,33248000
2025-12-12,277.145623823,278.462047937,276.068568915,277.524597168,39532900
2025-12-15,279.389487336,279.389487336,272.099333794,273.365875244,50409100
2025-12-16,272.079413496,274.752131096,271.052210738,273.864532471,37648600
2025-12-17,274.263458789,275.410330875,270.902611968,271.102050781,50138700
2025-12-18,272.86723904,272.887204226,266.225345172,271.45111084,51630700
2025-12-19,271.411230653,273.854592193,269.167338378,272.927124023,144632000
2025-12-22,272.119320415,273.136571154,269.775723722,270.234466553,36571800
2025-12-23,270.104803487,271.760301084,268.828279254,271.620666504,29642000
2025-12-24,271.600731032,274.682339593,271.461126887,273.066741943,17910600
2025-12-26,273.415752995,274.622459737,272.11926379,272.657806396,21521800
2025-12-29,271.949773478,273.615223147,271.610700075,273.016876221,23715200
2025-12-30,272.06942798,273.335969484,271.540867935,272.338684082,22139600
2025-12-31,272.318763998,272.93707611,271.012322486,271.122009277,27293600
