date,open,high,low,close,volume
2015-01-02,2.67000007629,2.67000007629,2.67000007629,2.67000007629,0
2015-01-05,2.67000007629,2.70000004768,2.6400001049,2.66000008583,8878200
2015-01-06,2.65000009537,2.66000008583,2.54999995232,2.63000011444,13912500
2015-01-07,2.63000011444,2.65000009537,2.53999996185,2.57999992371,12377600
2015-01-08,2.58999991417,2.65000009537,2.55999994278,2.6099998951,11136600
2015-01-09,2.63000011444,2.6400001049,2.57999992371,2.63000011444,8907600
2015-01-12,2.61999988556,2.6400001049,2.54999995232,2.63000011444,9979600
2015-01-13,2.6400001049,2.68000006676,2.59999990463,2.66000008583,17907400
2015-01-14,2.59999990463,2.66000008583,2.57999992371,2.63000011444,9989900
2015-01-15,2.61999988556,2.65000009537,2.49000000954,2.51999998093,17744000
2015-01-16,2.51999998093,2.52999997139,2.3900001049,2.3900001049,30192400
2015-01-20,2.3900001049,2.43000006676,2.19000005722,2.24000000954,56713300
2015-01-21,2.18000006676,2.45000004768,2.1400001049,2.45000004768,46530800
2015-01-22,2.42000007629,2.5,2.36999988556,2.47000002861,36169600
2015-01-23,2.48000001907,2.5,2.43000006676,2.45000004768,11107200
2015-01-26,2.44000005722,2.6400001049,2.44000005722,2.6099998951,36571300
2015-01-27,2.57999992371,2.83999991417,2.55999994278,2.70000004768,51805800
2015-01-28,2.71000003815,2.75,2.59999990463,2.63000011444,24786200
2015-01-29,2.63000011444,2.69000005722,2.50999999046,2.6099998951,17790200
2015-01-30,2.55999994278,2.59999990463,2.50999999046,2.56999993324,12908200
2015-02-02,2.69000005722,2.75,2.65000009537,2.67000007629,25688700
2015-02-03,2.70000004768,2.79999995232,2.68000006676,2.75999999046,22592300
2015-02-04,2.77999997139,2.92000007629,2.75999999046,2.84999990463,34829300
2015-02-05,2.88000011444,3.36999988556,2.86999988556,3.30999994278,73355600
2015-02-06,3.20000004768,3.21000003815,3,3.02999997139,38300000
2015-02-09,3.02999997139,3.06999993324,2.93000006676,3.03999996185,24133800
2015-02-10,3.06999993324,3.09999990463,3.00999999046,3.03999996185,13995100
2015-02-11,3.02999997139,3.09999990463,3,3.06999993324,11741100
2015-02-12,3.07999992371,3.15000009537,3.04999995232,3.11999988556,12975000
2015-02-13,3.13000011444,3.18000006676,3.1099998951,3.15000009537,9627600
2015-02-17,3.16000008583,3.17000007629,3.07999992371,3.1099998951,8678100
2015-02-18,3.1099998951,3.1400001049,3.05999994278,3.07999992371,7286100
2015-02-19,3.05999994278,3.07999992371,3.00999999046,3.05999994278,6573600
2015-02-20,3.02999997139,3.13000011444,3.01999998093,3.05999994278,10666700
2015-02-23,3.04999995232,3.09999990463,3.02999997139,3.05999994278,6323500
2015-02-24,3.05999994278,3.11999988556,3.01999998093,3.1099998951,10916300
2015-02-25,3.07999992371,3.1400001049,3.05999994278,3.09999990463,6151300
2015-02-26,3.09999990463,3.13000011444,3.05999994278,3.07999992371,8680900
2015-02-27,3.06999993324,3.11999988556,3.06999993324,3.1099998951,7150200
2015-03-02,3.13000011444,3.23000001907,3.1099998951,3.21000003815,15638100
2015-03-03,3.20000004768,3.23000001907,3.13000011444,3.1400001049,8644000
2015-03-04,3.1400001049,3.1400001049,3.00999999046,3.04999995232,12122100
2015-03-05,3.09999990463,3.09999990463,2.98000001907,2.98000001907,11472300
2015-03-06,2.96000003815,2.99000000954,2.82999992371,2.92000007629,16785200
2015-03-09,2.92000007629,2.98000001907,2.90000009537,2.93000006676,12405900
2015-03-10,2.97000002861,2.98000001907,2.92000007629,2.92000007629,10312400
2015-03-11,2.92000007629,2.95000004768,2.79999995232,2.83999991417,11772800
2015-03-12,2.75999999046,2.78999996185,2.72000002861,2.75999999046,13847200
2015-03-13,2.74000000954,2.77999997139,2.71000003815,2.75,8098100
2015-03-16,2.75,2.80999994278,2.75,2.75999999046,6132900
2015-03-17,2.75,2.79999995232,2.74000000954,2.76999998093,7742200
2015-03-18,2.76999998093,2.81999993324,2.72000002861,2.75,11385200
2015-03-19,2.75999999046,2.77999997139,2.73000001907,2.74000000954,8819400
2015-03-20,2.75999999046,2.79999995232,2.74000000954,2.79999995232,10764800
2015-03-23,2.80999994278,2.84999990463,2.79999995232,2.83999991417,7450200
2015-03-24,2.84999990463,2.84999990463,2.75999999046,2.78999996185,8724500
2015-03-25,2.77999997139,2.78999996185,2.55999994278,2.63000011444,26985300
2015-03-26,2.58999991417,2.70000004768,2.52999997139,2.65000009537,28286300
2015-03-27,2.70000004768,2.79999995232,2.63000011444,2.72000002861,16844100
2015-03-30,2.73000001907,2.75999999046,2.66000008583,2.70000004768,8557500
2015-03-31,2.66000008583,2.70000004768,2.65000009537,2.68000006676,7025000
2015-04-01,2.66000008583,2.75,2.65000009537,2.69000005722,11240500
2015-04-02,2.66000008583,2.70000004768,2.65000009537,2.69000005722,7047600
2015-04-06,2.68000006676,2.73000001907,2.68000006676,2.70000004768,8178500
2015-04-07,2.70000004768,2.74000000954,2.69000005722,2.70000004768,5738100
2015-04-08,2.68000006676,2.74000000954,2.68000006676,2.71000003815,4349000
2015-04-09,2.69000005722,2.75,2.69000005722,2.72000002861,7127600
2015-04-10,2.74000000954,2.77999997139,2.73000001907,2.75999999046,6184800
2015-04-13,2.75999999046,2.79999995232,2.73000001907,2.77999997139,8391500
2015-04-14,2.76999998093,2.78999996185,2.65000009537,2.67000007629,13364100
2015-04-15,2.70000004768,2.74000000954,2.65000009537,2.70000004768,15281400
2015-04-16,2.72000002861,2.94000005722,2.70000004768,2.86999988556,28617300
2015-04-17,2.53999996185,2.57999992371,2.45000004768,2.57999992371,53185300
2015-04-20,2.55999994278,2.56999993324,2.45000004768,2.49000000954,29164300
2015-04-21,2.52999997139,2.52999997139,2.34999990463,2.34999990463,31279400
2015-04-22,2.34999990463,2.3599998951,2.25,2.27999997139,27634900
2015-04-23,2.27999997139,2.3599998951,2.25999999046,2.32999992371,15130400
2015-04-24,2.3599998951,2.38000011444,2.29999995232,2.29999995232,15001200
2015-04-27,2.29999995232,2.3599998951,2.28999996185,2.33999991417,13486900
2015-04-28,2.3599998951,2.36999988556,2.30999994278,2.30999994278,11448700
2015-04-29,2.29999995232,2.32999992371,2.26999998093,2.27999997139,11870200
2015-04-30,2.27999997139,2.30999994278,2.25999999046,2.25999999046,11465300
2015-05-01,2.25999999046,2.30999994278,2.25,2.30999994278,11662800
2015-05-04,2.30999994278,2.3599998951,2.29999995232,2.30999994278,9670100
2015-05-05,2.33999991417,2.33999991417,2.25,2.27999997139,12371600
2015-05-06,2.28999996185,2.30999994278,2.24000000954,2.28999996185,18492100
2015-05-07,2.31999993324,2.31999993324,2.25999999046,2.31999993324,15015600
2015-05-08,2.32999992371,2.3599998951,2.29999995232,2.30999994278,9758800
2015-05-11,2.30999994278,2.34999990463,2.30999994278,2.31999993324,10046900
2015-05-12,2.31999993324,2.34999990463,2.29999995232,2.34999990463,10017500
2015-05-13,2.3599998951,2.38000011444,2.34999990463,2.36999988556,7575900
2015-05-14,2.38000011444,2.3900001049,2.32999992371,2.32999992371,8865100
2015-05-15,2.32999992371,2.38000011444,2.31999993324,2.31999993324,8054800
2015-05-18,2.34999990463,2.3599998951,2.32999992371,2.34999990463,4732800
2015-05-19,2.3599998951,2.36999988556,2.27999997139,2.27999997139,9588400
2015-05-20,2.29999995232,2.32999992371,2.27999997139,2.31999993324,6947700
2015-05-21,2.30999994278,2.34999990463,2.27999997139,2.27999997139,7127700
2015-05-22,2.29999995232,2.30999994278,2.26999998093,2.27999997139,12845400
2015-05-26,2.26999998093,2.27999997139,2.22000002861,2.22000002861,10007800
2015-05-27,2.24000000954,2.27999997139,2.20000004768,2.27999997139,17511000
2015-05-28,2.27999997139,2.32999992371,2.26999998093,2.26999998093,12354600
2015-05-29,2.26999998093,2.31999993324,2.25,2.27999997139,7750500
2015-06-01,2.28999996185,2.29999995232,2.25,2.25,6803700
2015-06-02,2.25999999046,2.29999995232,2.25,2.29999995232,7106000
2015-06-03,2.29999995232,2.31999993324,2.27999997139,2.27999997139,8062300
2015-06-04,2.27999997139,2.32999992371,2.25999999046,2.32999992371,11575800
2015-06-05,2.30999994278,2.33999991417,2.28999996185,2.32999992371,7349700
2015-06-08,2.30999994278,2.32999992371,2.28999996185,2.30999994278,6212900
2015-06-09,2.34999990463,2.3599998951,2.27999997139,2.28999996185,12282700
2015-06-10,2.30999994278,2.34999990463,2.29999995232,2.31999993324,8161200
2015-06-11,2.33999991417,2.34999990463,2.30999994278,2.31999993324,7671000
2015-06-12,2.30999994278,2.32999992371,2.29999995232,2.30999994278,4557600
2015-06-15,2.31999993324,2.34999990463,2.28999996185,2.31999993324,8627800
2015-06-16,2.31999993324,2.36999988556,2.31999993324,2.34999990463,9795000
2015-06-17,2.36999988556,2.53999996185,2.34999990463,2.47000002861,27497900
2015-06-18,2.5,2.58999991417,2.48000001907,2.51999998093,25400200
2015-06-19,2.52999997139,2.58999991417,2.46000003815,2.57999992371,25551700
2015-06-22,2.6099998951,2.67000007629,2.57999992371,2.61999988556,19410100
2015-06-23,2.61999988556,2.6400001049,2.54999995232,2.6099998951,17919600
2015-06-24,2.59999990463,2.66000008583,2.56999993324,2.61999988556,17516700
2015-06-25,2.61999988556,2.66000008583,2.56999993324,2.57999992371,18360200
2015-06-26,2.53999996185,2.54999995232,2.36999988556,2.47000002861,97054200
2015-06-29,2.41000008583,2.42000007629,2.30999994278,2.33999991417,22971500
2015-06-30,2.43000006676,2.43000006676,2.34999990463,2.40000009537,19381300
2015-07-01,2.47000002861,2.48000001907,2.3599998951,2.42000007629,19375000
2015-07-02,2.43000006676,2.63000011444,2.3900001049,2.52999997139,31185900
2015-07-06,2.46000003815,2.53999996185,2.44000005722,2.47000002861,20349400
2015-07-07,2.03999996185,2.1400001049,2.01999998093,2.08999991417,46418700
2015-07-08,2.06999993324,2.06999993324,2.00999999046,2.00999999046,15302900
2015-07-09,2.03999996185,2.05999994278,1.92999994755,1.98000001907,23378200
2015-07-10,2,2.02999997139,1.95000004768,1.96000003815,17520800
2015-07-13,1.97000002861,1.99000000954,1.95000004768,1.96000003815,9080900
2015-07-14,2.02999997139,2.05999994278,1.97000002861,2.04999995232,15812300
2015-07-15,2.06999993324,2.08999991417,1.95000004768,1.96000003815,13517800
2015-07-16,1.97000002861,2,1.87000000477,1.87000000477,20653300
2015-07-17,1.87000000477,1.89999997616,1.74000000954,1.78999996185,28127100
2015-07-20,1.82000005245,1.84000003338,1.76999998093,1.79999995232,12142400
2015-07-21,1.82000005245,1.83000004292,1.77999997139,1.79999995232,15034500
2015-07-22,1.79999995232,1.80999994278,1.75999999046,1.78999996185,16043400
2015-07-23,1.79999995232,1.80999994278,1.75,1.75999999046,10641900
2015-07-24,1.75999999046,1.76999998093,1.64999997616,1.66999995708,16478400
2015-07-27,1.66999995708,1.70000004768,1.61000001431,1.62000000477,11916500
2015-07-28,1.62000000477,1.76999998093,1.62000000477,1.76999998093,14614600
2015-07-29,1.76999998093,1.99000000954,1.75999999046,1.96000003815,25582200
2015-07-30,1.94000005722,1.99000000954,1.87999999523,1.92999994755,15837400
2015-07-31,1.94000005722,1.99000000954,1.91999995708,1.92999994755,7733700
2015-08-03,1.92999994755,2.20000004768,1.89999997616,2.20000004768,26218200
2015-08-04,2.18000006676,2.18000006676,2.04999995232,2.13000011444,14328400
2015-08-05,2.1099998951,2.21000003815,2.09999990463,2.16000008583,13236000
2015-08-06,2.15000009537,2.17000007629,2.09999990463,2.1099998951,9475000
2015-08-07,2.09999990463,2.1400001049,2.05999994278,2.08999991417,7680800
2015-08-10,1.91999995708,1.98000001907,1.82000005245,1.92999994755,29926200
2015-08-11,1.90999996662,1.92999994755,1.87999999523,1.89999997616,7479200
2015-08-12,1.87999999523,1.92999994755,1.84000003338,1.89999997616,8521200
2015-08-13,1.89999997616,1.90999996662,1.78999996185,1.78999996185,7839700
2015-08-14,1.79999995232,1.85000002384,1.78999996185,1.84000003338,6183400
2015-08-17,1.82000005245,1.87999999523,1.79999995232,1.79999995232,9062400
2015-08-18,1.78999996185,1.82000005245,1.75,1.79999995232,9751900
2015-08-19,1.79999995232,1.80999994278,1.75999999046,1.79999995232,7441200
2015-08-20,1.78999996185,1.79999995232,1.70000004768,1.70000004768,13745700
2015-08-21,1.67999994755,1.79999995232,1.67999994755,1.77999997139,12529500
2015-08-24,1.69000005722,1.83000004292,1.64999997616,1.75,17217400
2015-08-25,1.82000005245,1.82000005245,1.65999996662,1.65999996662,12097700
2015-08-26,1.69000005722,1.73000001907,1.65999996662,1.72000002861,10715300
2015-08-27,1.74000000954,1.84000003338,1.74000000954,1.77999997139,11839300
2015-08-28,1.75,1.87000000477,1.75,1.85000002384,10924600
2015-08-31,1.82000005245,1.87000000477,1.78999996185,1.80999994278,6516000
2015-09-01,1.76999998093,1.82000005245,1.71000003815,1.71000003815,8470700
2015-09-02,1.75,1.76999998093,1.72000002861,1.76999998093,6306100
2015-09-03,1.75999999046,1.85000002384,1.75999999046,1.78999996185,7154200
2015-09-04,1.75999999046,1.84000003338,1.75999999046,1.82000005245,6725300
2015-09-08,1.85000002384,1.87999999523,1.83000004292,1.87999999523,6009500
2015-09-09,1.89999997616,1.97000002861,1.83000004292,1.85000002384,12612300
2015-09-10,1.84000003338,1.87999999523,1.83000004292,1.84000003338,4290400
2015-09-11,1.87999999523,2.1400001049,1.80999994278,2.00999999046,31010300
2015-09-14,2,2,1.80999994278,1.82000005245,16458500
2015-09-15,1.84000003338,1.87000000477,1.80999994278,1.86000001431,6524400
2015-09-16,1.87000000477,1.89999997616,1.85000002384,1.88999998569,4928300
2015-09-17,1.89999997616,1.94000005722,1.87000000477,1.88999998569,5831600
2015-09-18,1.87000000477,1.91999995708,1.85000002384,1.87000000477,11814000
2015-09-21,1.87000000477,1.89999997616,1.80999994278,1.80999994278,5377800
2015-09-22,1.79999995232,1.84000003338,1.72000002861,1.73000001907,9975200
2015-09-23,1.75999999046,1.77999997139,1.69000005722,1.70000004768,9649200
2015-09-24,1.67999994755,1.73000001907,1.65999996662,1.72000002861,11247700
2015-09-25,1.75,1.75,1.67999994755,1.71000003815,5644600
2015-09-28,1.69000005722,1.70000004768,1.65999996662,1.65999996662,5693100
2015-09-29,1.66999995708,1.69000005722,1.64999997616,1.66999995708,7005300
2015-09-30,1.70000004768,1.72000002861,1.67999994755,1.72000002861,5739500
2015-10-01,1.76999998093,1.76999998093,1.72000002861,1.74000000954,5531700
2015-10-02,1.75999999046,1.83000004292,1.72000002861,1.83000004292,7146100
2015-10-05,1.82000005245,1.87000000477,1.76999998093,1.79999995232,7595600
2015-10-06,1.79999995232,1.86000001431,1.79999995232,1.83000004292,8558400
2015-10-07,1.82000005245,1.87000000477,1.82000005245,1.86000001431,7859200
2015-10-08,1.87000000477,1.95000004768,1.85000002384,1.92999994755,9198700
2015-10-09,1.91999995708,1.96000003815,1.88999998569,1.96000003815,8629100
2015-10-12,1.96000003815,1.96000003815,1.85000002384,1.87000000477,7686600
2015-10-13,1.87000000477,1.94000005722,1.86000001431,1.91999995708,6698400
2015-10-14,1.91999995708,1.96000003815,1.91999995708,1.95000004768,10184300
2015-10-15,1.97000002861,2.05999994278,1.95000004768,1.97000002861,27327100
2015-10-16,2,2,1.88999998569,1.94000005722,21544900
2015-10-19,1.90999996662,2.00999999046,1.90999996662,2.00999999046,10670800
2015-10-20,2,2.02999997139,1.97000002861,2.01999998093,5584200
2015-10-21,2.01999998093,2.11999988556,2.00999999046,2.09999990463,14944100
2015-10-22,2.09999990463,2.16000008583,2.08999991417,2.1400001049,8208400
2015-10-23,2.09999990463,2.21000003815,2.09999990463,2.21000003815,9564200
2015-10-26,2.21000003815,2.21000003815,2.11999988556,2.15000009537,6313500
2015-10-27,2.11999988556,2.16000008583,2.09999990463,2.15000009537,5755600
2015-10-28,2.1400001049,2.20000004768,2.11999988556,2.18000006676,6950600
2015-10-29,2.15000009537,2.18000006676,2.1099998951,2.13000011444,4500400
2015-10-30,2.1400001049,2.15000009537,2.11999988556,2.11999988556,4897100
2015-11-02,2.13000011444,2.19000005722,2.1099998951,2.19000005722,5858700
2015-11-03,2.16000008583,2.28999996185,2.16000008583,2.27999997139,8705800
2015-11-04,2.26999998093,2.29999995232,2.18000006676,2.20000004768,8205300
2015-11-05,2.21000003815,2.24000000954,2.17000007629,2.20000004768,4302200
2015-11-06,2.19000005722,2.21000003815,2.13000011444,2.15000009537,8997100
2015-11-09,2.15000009537,2.18000006676,2.09999990463,2.1099998951,6231200
2015-11-10,2.08999991417,2.09999990463,2.01999998093,2.01999998093,6162200
2015-11-11,2.01999998093,2.08999991417,2.01999998093,2.06999993324,3532100
2015-11-12,2.04999995232,2.06999993324,2,2,3576800
2015-11-13,1.99000000954,2.03999996185,1.94000005722,1.99000000954,5920200
2015-11-16,1.99000000954,2.01999998093,1.95000004768,1.99000000954,4149700
2015-11-17,2.00999999046,2.03999996185,1.97000002861,1.98000001907,5825100
2015-11-18,1.99000000954,2.15000009537,1.98000001907,2.11999988556,9384700
2015-11-19,2.09999990463,2.16000008583,2.08999991417,2.1400001049,4704300
2015-11-20,2.1400001049,2.25,2.13000011444,2.22000002861,10727100
2015-11-23,2.22000002861,2.24000000954,2.18000006676,2.22000002861,4863200
2015-11-24,2.20000004768,2.40000009537,2.17000007629,2.33999991417,15859700
2015-11-25,2.3599998951,2.40000009537,2.30999994278,2.38000011444,6914800
2015-11-27,2.36999988556,2.38000011444,2.31999993324,2.32999992371,2606600
2015-11-30,2.33999991417,2.36999988556,2.25,2.3599998951,9924400
2015-12-01,2.3599998951,2.36999988556,2.30999994278,2.33999991417,5646400
2015-12-02,2.30999994278,2.33999991417,2.23000001907,2.26999998093,7501700
2015-12-03,2.25,2.30999994278,2.20000004768,2.23000001907,7059900
2015-12-04,2.23000001907,2.28999996185,2.21000003815,2.27999997139,4572600
2015-12-07,2.25999999046,2.3599998951,2.21000003815,2.3599998951,8479600
2015-12-08,2.33999991417,2.40000009537,2.25,2.3900001049,9055500
2015-12-09,2.36999988556,2.40000009537,2.31999993324,2.34999990463,8710000
2015-12-10,2.3599998951,2.5,2.32999992371,2.45000004768,13069400
2015-12-11,2.41000008583,2.47000002861,2.3599998951,2.3599998951,11890000
2015-12-14,2.3599998951,2.3900001049,2.29999995232,2.33999991417,7625700
2015-12-15,2.34999990463,2.43000006676,2.31999993324,2.3599998951,7423900
2015-12-16,2.3900001049,2.54999995232,2.36999988556,2.53999996185,19543600
2015-12-17,2.51999998093,2.59999990463,2.51999998093,2.55999994278,11374100
2015-12-18,2.50999999046,2.54999995232,2.42000007629,2.45000004768,17988100
2015-12-21,2.47000002861,2.52999997139,2.43000006676,2.52999997139,6876600
2015-12-22,2.54999995232,2.77999997139,2.53999996185,2.76999998093,24893200
2015-12-23,2.75999999046,2.94000005722,2.75,2.82999992371,30365300
2015-12-24,2.88000011444,3,2.8599998951,2.92000007629,11890900
2015-12-28,2.91000008583,3.01999998093,2.8599998951,3,16050500
2015-12-29,3.03999996185,3.05999994278,2.97000002861,3,15300900
2015-12-30,2.99000000954,3.03999996185,2.93000006676,2.98000001907,10046600
2015-12-31,2.97000002861,3.00999999046,2.86999988556,2.86999988556,11086100
2016-01-04,2.76999998093,2.81999993324,2.63000011444,2.76999998093,32516800
2016-01-05,2.76999998093,2.79999995232,2.6400001049,2.75,12972300
2016-01-06,2.66000008583,2.71000003815,2.47000002861,2.50999999046,23759400
2016-01-07,2.43000006676,2.48000001907,2.25999999046,2.27999997139,22203500
2016-01-08,2.3599998951,2.42000007629,2.09999990463,2.1400001049,31822400
2016-01-11,2.16000008583,2.3599998951,2.11999988556,2.33999991417,19629300
2016-01-12,2.40000009537,2.46000003815,2.27999997139,2.3900001049,17986100
2016-01-13,2.40000009537,2.45000004768,2.21000003815,2.25,12749700
2016-01-14,2.28999996185,2.34999990463,2.21000003815,2.21000003815,15666600
2016-01-15,2.09999990463,2.13000011444,1.99000000954,2.02999997139,21199300
2016-01-19,2.07999992371,2.1099998951,1.89999997616,1.95000004768,18978900
2016-01-20,1.80999994278,1.95000004768,1.75,1.79999995232,29243600
2016-01-21,1.82000005245,2.18000006676,1.80999994278,2.08999991417,26387900
2016-01-22,2.1099998951,2.17000007629,1.98000001907,2.01999998093,16245500
2016-01-25,2.00999999046,2.15000009537,2.00999999046,2.11999988556,13080900
2016-01-26,2.1400001049,2.15000009537,2.02999997139,2.06999993324,11097400
2016-01-27,2.07999992371,2.18000006676,2.06999993324,2.13000011444,10833200
2016-01-28,2.16000008583,2.17000007629,2.06999993324,2.07999992371,7118400
2016-01-29,2.08999991417,2.20000004768,2.06999993324,2.20000004768,11998100
2016-02-01,2.17000007629,2.19000005722,2.1099998951,2.1400001049,8816100
2016-02-02,2.1099998951,2.1400001049,1.96000003815,1.99000000954,11224100
2016-02-03,2.03999996185,2.07999992371,1.95000004768,2.06999993324,9978600
2016-02-04,2.05999994278,2.17000007629,2.02999997139,2.08999991417,8284800
2016-02-05,2.05999994278,2.07999992371,1.98000001907,1.98000001907,7914400
2016-02-08,1.97000002861,1.98000001907,1.87000000477,1.92999994755,11589000
2016-02-09,1.88999998569,2,1.85000002384,1.89999997616,14991500
2016-02-10,1.91999995708,1.98000001907,1.83000004292,1.84000003338,9466100
2016-02-11,1.82000005245,1.94000005722,1.80999994278,1.86000001431,7858300
2016-02-12,1.88999998569,1.90999996662,1.82000005245,1.83000004292,9957300
2016-02-16,1.86000001431,1.89999997616,1.82000005245,1.83000004292,11853400
2016-02-17,1.85000002384,1.94000005722,1.85000002384,1.89999997616,13770200
2016-02-18,1.92999994755,1.98000001907,1.89999997616,1.90999996662,10823400
2016-02-19,1.92999994755,1.92999994755,1.83000004292,1.90999996662,7784100
2016-02-22,1.94000005722,2.03999996185,1.92999994755,2.00999999046,9895500
2016-02-23,2.03999996185,2.05999994278,1.97000002861,1.97000002861,6710600
2016-02-24,1.98000001907,2.03999996185,1.92999994755,2.01999998093,6906200
2016-02-25,2.01999998093,2.03999996185,1.98000001907,2.02999997139,5614400
2016-02-26,2.03999996185,2.09999990463,2.02999997139,2.06999993324,7911500
2016-02-29,2.05999994278,2.15000009537,2.04999995232,2.1400001049,11400300
2016-03-01,2.16000008583,2.20000004768,2.11999988556,2.18000006676,9011200
2016-03-02,2.20000004768,2.32999992371,2.18000006676,2.31999993324,10845700
2016-03-03,2.31999993324,2.54999995232,2.29999995232,2.46000003815,22092400
2016-03-04,2.42000007629,2.5,2.33999991417,2.36999988556,15449000
2016-03-07,2.3599998951,2.47000002861,2.3599998951,2.47000002861,8754300
2016-03-08,2.44000005722,2.46000003815,2.29999995232,2.29999995232,10026900
2016-03-09,2.31999993324,2.34999990463,2.20000004768,2.25999999046,13082400
2016-03-10,2.28999996185,2.30999994278,2.15000009537,2.25999999046,9603500
2016-03-11,2.28999996185,2.53999996185,2.28999996185,2.51999998093,21382400
2016-03-14,2.52999997139,2.75,2.5,2.72000002861,33848000
2016-03-15,2.67000007629,2.69000005722,2.45000004768,2.49000000954,21573600
2016-03-16,2.5,2.6400001049,2.49000000954,2.63000011444,13015700
2016-03-17,2.76999998093,2.80999994278,2.70000004768,2.79999995232,29000800
2016-03-18,2.79999995232,2.93000006676,2.76999998093,2.93000006676,26330500
2016-03-21,2.90000009537,2.90000009537,2.75,2.79999995232,13464900
2016-03-22,2.73000001907,2.84999990463,2.71000003815,2.78999996185,10315800
2016-03-23,2.79999995232,2.82999992371,2.68000006676,2.68000006676,10167100
2016-03-24,2.69000005722,2.80999994278,2.61999988556,2.78999996185,10040200
2016-03-28,2.80999994278,2.83999991417,2.73000001907,2.77999997139,7683700
2016-03-29,2.74000000954,2.88000011444,2.70000004768,2.8599998951,13616200
2016-03-30,2.88000011444,2.98000001907,2.84999990463,2.8599998951,14945900
2016-03-31,2.83999991417,2.88000011444,2.79999995232,2.84999990463,9071500
2016-04-01,2.78999996185,2.88000011444,2.75999999046,2.82999992371,8257700
2016-04-04,2.82999992371,2.86999988556,2.79999995232,2.82999992371,5591100
2016-04-05,2.75999999046,2.83999991417,2.72000002861,2.75999999046,9640200
2016-04-06,2.75,2.79999995232,2.72000002861,2.79999995232,12534600
2016-04-07,2.75999999046,2.82999992371,2.6099998951,2.6400001049,13479200
2016-04-08,2.70000004768,2.75999999046,2.68000006676,2.74000000954,8489000
2016-04-11,2.75999999046,2.81999993324,2.74000000954,2.75999999046,9045100
2016-04-12,2.78999996185,2.84999990463,2.75999999046,2.80999994278,16131900
2016-04-13,2.77999997139,2.81999993324,2.73000001907,2.79999995232,8048000
2016-04-14,2.76999998093,2.78999996185,2.70000004768,2.72000002861,8985300
2016-04-15,2.72000002861,2.75,2.68000006676,2.70000004768,7487500
2016-04-18,2.67000007629,2.79999995232,2.65000009537,2.75999999046,8938800
2016-04-19,2.77999997139,2.77999997139,2.6099998951,2.61999988556,11719900
2016-04-20,2.61999988556,2.72000002861,2.6099998951,2.70000004768,7926100
2016-04-21,2.65000009537,2.70000004768,2.59999990463,2.61999988556,13957200
2016-04-22,3.19000005722,3.99000000954,3.18000006676,3.99000000954,143265300
2016-04-25,3.80999994278,3.81999993324,3.30999994278,3.45000004768,80607900
2016-04-26,3.45000004768,3.75,3.44000005722,3.66000008583,36336900
2016-04-27,3.54999995232,3.75,3.52999997139,3.73000001907,24186800
2016-04-28,3.69000005722,3.79999995232,3.59999990463,3.6099998951,20230000
2016-04-29,3.69000005722,3.69000005722,3.45000004768,3.54999995232,17717800
2016-05-02,3.57999992371,3.75,3.56999993324,3.74000000954,16972800
2016-05-03,3.70000004768,3.71000003815,3.57999992371,3.59999990463,13784800
2016-05-04,3.53999996185,3.67000007629,3.53999996185,3.59999990463,8688500
2016-05-05,3.6400001049,3.79999995232,3.6099998951,3.66000008583,21529600
2016-05-06,3.65000009537,3.75,3.6400001049,3.68000006676,11839300
2016-05-09,3.66000008583,3.68000006676,3.45000004768,3.65000009537,16299400
2016-05-10,3.66000008583,3.68000006676,3.55999994278,3.6400001049,9415100
2016-05-11,3.6099998951,3.68000006676,3.59999990463,3.65000009537,7540300
2016-05-12,3.65000009537,3.68000006676,3.54999995232,3.58999991417,9255800
2016-05-13,3.55999994278,3.73000001907,3.54999995232,3.67000007629,16470100
2016-05-16,3.67000007629,3.84999990463,3.65000009537,3.78999996185,14703800
2016-05-17,3.79999995232,3.98000001907,3.69000005722,3.78999996185,20066100
2016-05-18,3.78999996185,3.97000002861,3.76999998093,3.83999991417,19487500
2016-05-19,3.82999992371,3.84999990463,3.69000005722,3.76999998093,17696900
2016-05-20,3.82999992371,3.90000009537,3.80999994278,3.86999988556,13799600
2016-05-23,3.90000009537,4.19999980927,3.88000011444,4.03999996185,35467000
2016-05-24,4.09000015259,4.21000003815,3.92000007629,4.19999980927,34283900
2016-05-25,4.23999977112,4.34999990463,4.15000009537,4.17999982834,24703600
2016-05-26,4.19000005722,4.38000011444,4.17000007629,4.34999990463,22625700
2016-05-27,4.38999986649,4.63000011444,4.36999988556,4.59999990463,34429600
2016-05-31,4.67000007629,4.71000003815,4.5,4.57000017166,25379200
2016-06-01,4.59999990463,4.63999986649,4.38000011444,4.42999982834,29696400
2016-06-02,4.36999988556,4.40000009537,4.07000017166,4.23999977112,35335000
2016-06-03,4.15999984741,4.19999980927,4.07999992371,4.15999984741,17561800
2016-06-06,4.19999980927,4.51000022888,4.17000007629,4.46999979019,21329600
2016-06-07,4.55999994278,4.67000007629,4.46999979019,4.51000022888,20676200
2016-06-08,4.53999996185,4.55999994278,4.38000011444,4.46000003815,16074300
2016-06-09,4.40999984741,4.53999996185,4.32000017166,4.51999998093,16219100
2016-06-10,4.40000009537,4.46999979019,4.30000019073,4.32000017166,15106500
2016-06-13,4.32000017166,4.48000001907,4.32000017166,4.40000009537,13500700
2016-06-14,4.40000009537,4.51000022888,4.32999992371,4.38999986649,16757400
2016-06-15,4.44000005722,4.48000001907,4.30000019073,4.42000007629,11575300
2016-06-16,4.5,4.75,4.46000003815,4.75,34182700
2016-06-17,4.75,5.26999998093,4.67999982834,5.26000022888,64894100
2016-06-20,5.38999986649,5.44999980927,5.09000015259,5.09999990463,43541300
2016-06-21,5.09999990463,5.5,5.09000015259,5.44999980927,35864600
2016-06-22,5.46000003815,5.51999998093,4.96000003815,5.01999998093,47943300
2016-06-23,5.17000007629,5.26000022888,5.05000019073,5.21000003815,29159200
2016-06-24,4.82000017166,5.07000017166,4.76000022888,4.88000011444,36735200
2016-06-27,4.88000011444,5.05000019073,4.65000009537,4.71999979019,31025300
2016-06-28,4.94999980927,5.19000005722,4.90999984741,5.11999988556,29221400
2016-06-29,5.30999994278,5.40000009537,5.09999990463,5.13000011444,33118300
2016-06-30,5.13000011444,5.19000005722,4.94999980927,5.13999986649,26124800
2016-07-01,5.09000015259,5.13999986649,5,5.07000017166,18255900
2016-07-05,5.03000020981,5.05000019073,4.88000011444,4.96000003815,16332500
2016-07-06,4.90999984741,5.11000013351,4.90000009537,5.03999996185,19392900
2016-07-07,5.07000017166,5.09999990463,4.94000005722,5.01999998093,15813800
2016-07-08,4.84000015259,5.15000009537,4.82000017166,5.09999990463,28140700
2016-07-11,5.13000011444,5.19000005722,5,5.01000022888,21027900
2016-07-12,5.01000022888,5.17000007629,5.01000022888,5.13999986649,20832500
2016-07-13,5.13999986649,5.19000005722,5.03999996185,5.09000015259,14032500
2016-07-14,5.15000009537,5.23999977112,5.05999994278,5.17000007629,20050100
2016-07-15,5.19999980927,5.19999980927,5.09999990463,5.13999986649,14219300
2016-07-18,5.19000005722,5.57000017166,5.13000011444,5.51000022888,38619400
2016-07-19,5.5,5.55000019073,5.34000015259,5.40999984741,23439600
2016-07-20,5.48000001907,5.5,5.40000009537,5.40999984741,20102400
2016-07-21,5.42999982834,5.44999980927,5.09999990463,5.21999979019,40242000
2016-07-22,5.73000001907,5.96999979019,5.44999980927,5.84000015259,101838300
2016-07-25,5.92999982834,6.94999980927,5.92000007629,6.69999980927,118328600
2016-07-26,6.76000022888,7.15999984741,6.71000003815,6.98000001907,81230600
2016-07-27,6.92999982834,6.98000001907,6.67999982834,6.84999990463,38567300
2016-07-28,6.78999996185,6.98000001907,6.73999977112,6.82000017166,27515600
2016-07-29,6.88000011444,6.96000003815,6.75,6.86000013351,22580500
2016-08-01,6.88999986649,6.92000007629,6.57000017166,6.63999986649,26729000
2016-08-02,6.55999994278,6.59999990463,6.15000009537,6.26000022888,40816400
2016-08-03,6.17999982834,6.44999980927,6.15000009537,6.30000019073,23807800
2016-08-04,6.38999986649,6.61000013351,6.36999988556,6.46999979019,22411000
2016-08-05,6.55999994278,6.76000022888,6.46999979019,6.61000013351,20164000
2016-08-08,6.69999980927,6.84999990463,6.65000009537,6.67999982834,21462200
2016-08-09,6.75,6.78000020981,6.53999996185,6.59999990463,16772400
2016-08-10,6.34999990463,6.57999992371,6.25,6.48999977112,29070700
2016-08-11,6.5,6.59000015259,6.46000003815,6.57999992371,13240300
2016-08-12,6.59999990463,6.78999996185,6.55000019073,6.73000001907,25466400
2016-08-15,6.78999996185,6.96999979019,6.78000020981,6.94999980927,28339400
2016-08-16,6.94000005722,6.94000005722,6.65000009537,6.78000020981,26768800
2016-08-17,6.69999980927,6.75,6.61000013351,6.67999982834,13791300
2016-08-18,6.73999977112,7.07000017166,6.73000001907,7.03999996185,30783300
2016-08-19,7.23999977112,8,7.21999979019,7.61999988556,75129300
2016-08-22,7.82999992371,7.94999980927,7.36999988556,7.57999992371,41519200
2016-08-23,7.65999984741,7.73999977112,7.53000020981,7.67000007629,27531100
2016-08-24,7.67000007629,7.67000007629,7.36999988556,7.42999982834,22943900
2016-08-25,7.48999977112,7.48999977112,7.19999980927,7.46999979019,16451300
2016-08-26,7.48999977112,7.80000019073,7.46000003815,7.67000007629,31387900
2016-08-29,7.71999979019,7.78999996185,7.57000017166,7.59000015259,16916300
2016-08-30,7.61000013351,7.63999986649,7.40999984741,7.48999977112,16088100
2016-08-31,7.51999998093,7.51999998093,7.28000020981,7.40000009537,18808800
2016-09-01,7.17999982834,7.44000005722,7.09000015259,7.34999990463,22284600
2016-09-02,7.48999977112,7.63999986649,7.38000011444,7.51000022888,18538400
2016-09-06,7.55999994278,7.59999990463,7.25,7.34000015259,24994600
2016-09-07,7.05000019073,7.07000017166,6.78000020981,6.84000015259,57721900
2016-09-08,6.63999986649,6.65000009537,6.15000009537,6.23000001907,90814700
2016-09-09,6.23000001907,6.23999977112,5.84999990463,5.90000009537,170828000
2016-09-12,5.82999992371,6.07000017166,5.76999998093,5.94000005722,78014400
2016-09-13,5.92000007629,5.94999980927,5.65999984741,5.73999977112,50819500
2016-09-14,5.75,6.07999992371,5.75,6.03999996185,64251100
2016-09-15,6.09000015259,6.19999980927,5.94999980927,6.01999998093,52669500
2016-09-16,6.21999979019,6.21999979019,5.96999979019,6.05000019073,47829400
2016-09-19,6.11999988556,6.28000020981,6.07999992371,6.15999984741,37837200
2016-09-20,6.23000001907,6.28000020981,6.11999988556,6.17000007629,28990900
2016-09-21,6.19999980927,6.32000017166,6.13999986649,6.28999996185,33450000
2016-09-22,6.34999990463,6.44000005722,6.32999992371,6.36999988556,35848200
2016-09-23,6.30999994278,6.65000009537,6.30999994278,6.55000019073,61022400
2016-09-26,6.53999996185,6.53999996185,6.30999994278,6.32000017166,29875800
2016-09-27,6.44999980927,6.57999992371,6.28999996185,6.53999996185,30035900
2016-09-28,6.57000017166,6.65000009537,6.48000001907,6.59000015259,27878300
2016-09-29,6.57000017166,6.73000001907,6.53999996185,6.67000007629,30746100
2016-09-30,6.69999980927,7.03999996185,6.69999980927,6.90999984741,47453100
2016-10-03,6.94999980927,7.15000009537,6.86999988556,6.94999980927,30456700
2016-10-04,7,7.09000015259,6.88999986649,6.96999979019,25770000
2016-10-05,6.96999979019,7.01000022888,6.69999980927,6.78000020981,31235600
2016-10-06,6.71999979019,6.98000001907,6.63000011444,6.96000003815,27059700
2016-10-07,6.92000007629,6.96000003815,6.61999988556,6.75,33059000
2016-10-10,6.82000017166,6.94000005722,6.80000019073,6.84000015259,13800500
2016-10-11,6.80000019073,6.84000015259,6.38000011444,6.5,32510800
2016-10-12,6.63999986649,6.76999998093,6.42000007629,6.61999988556,33592700
2016-10-13,6.5,6.53999996185,6.23999977112,6.48999977112,30401700
2016-10-14,6.92000007629,7.11999988556,6.73999977112,6.75,66934400
2016-10-17,6.92000007629,6.96999979019,6.63999986649,6.67000007629,24261500
2016-10-18,6.76000022888,6.88999986649,6.69000005722,6.73000001907,25314800
2016-10-19,6.69999980927,6.80000019073,6.57000017166,6.76999998093,29420200
2016-10-20,6.80999994278,6.98000001907,6.76999998093,6.96000003815,64607500
2016-10-21,6.5,6.65000009537,6.36999988556,6.51999998093,64243500
2016-10-24,6.57000017166,7.01000022888,6.53999996185,7.01000022888,52998400
2016-10-25,6.90000009537,7.5,6.86999988556,7.5,78862000
2016-10-26,7.40000009537,7.48000001907,7.26000022888,7.28999996185,47619300
2016-10-27,7.44000005722,7.46000003815,7.09999990463,7.11000013351,37804200
2016-10-28,7.09999990463,7.53000020981,7.01999998093,7.19999980927,77261300
2016-10-31,7.23999977112,7.46000003815,7.19999980927,7.23000001907,42345900
2016-11-01,7.32000017166,7.42999982834,6.92000007629,7.09000015259,39906900
2016-11-02,7.03000020981,7.05999994278,6.67000007629,6.76000022888,33852200
2016-11-03,6.78000020981,6.78999996185,6.55999994278,6.69999980927,33673600
2016-11-04,6.69000005722,6.71999979019,6.46000003815,6.55999994278,32215700
2016-11-07,6.78999996185,6.98999977112,6.76000022888,6.96000003815,36999200
2016-11-08,6.84999990463,7.17999982834,6.75,7,37728500
2016-11-09,6.69999980927,7.05000019073,6.63999986649,6.94000005722,38479500
2016-11-10,6.82000017166,6.90999984741,6.21999979019,6.30000019073,71749500
2016-11-11,6.63999986649,6.69000005722,6.46999979019,6.69000005722,39492200
2016-11-14,6.82999992371,6.84000015259,6.61000013351,6.78999996185,29596400
2016-11-15,6.82000017166,7.07999992371,6.78999996185,6.96999979019,28909400
2016-11-16,7.09000015259,7.75,7.07000017166,7.67000007629,78083200
2016-11-17,7.78999996185,8.77000045776,7.76999998093,8.46000003815,124235500
2016-11-18,8.68000030518,8.82999992371,8.39999961853,8.71000003815,62336200
2016-11-21,8.86999988556,9.22000026703,8.85999965668,8.93999958038,65595900
2016-11-22,9.05000019073,9.06000041962,8.53999996185,8.68999958038,71312800
2016-11-23,8.72000026703,8.85999965668,8.5,8.80000019073,34646000
2016-11-25,8.80000019073,8.90999984741,8.68999958038,8.77000045776,14214100
2016-11-28,8.72000026703,8.97999954224,8.72000026703,8.82999992371,25907800
2016-11-29,9,9.22999954224,8.85000038147,8.93000030518,54831400
2016-11-30,9.02000045776,9.11999988556,8.89999961853,8.90999984741,36511900
2016-12-01,8.92000007629,9.02999973297,8.26000022888,8.39000034332,56682400
2016-12-02,8.38000011444,8.73999977112,8.38000011444,8.52999973297,42398900
2016-12-05,8.68999958038,8.71000003815,8.44999980927,8.68000030518,31410100
2016-12-06,8.94999980927,9.53999996185,8.81999969482,9.44999980927,92242900
2016-12-07,9.64999961853,9.78999996185,9.23999977112,9.56000041962,54897300
2016-12-08,9.89999961853,10.6599998474,9.80000019073,10.3400001526,104613000
2016-12-09,10.3800001144,10.5399999619,9.86999988556,10.3400001526,60600800
2016-12-12,10.3999996185,10.9300003052,10.3800001144,10.6800003052,63342900
2016-12-13,10.75,10.8000001907,10.3999996185,10.5399999619,46967800
2016-12-14,10.4300003052,10.7399997711,10.2700004578,10.5500001907,46968600
2016-12-15,10.6800003052,10.9300003052,10.6400003433,10.8599996567,48871300
2016-12-16,10.9399995804,11.2299995422,10.6000003815,10.6599998474,77777700
2016-12-19,10.8100004196,11,10.5200004578,10.9499998093,46085800
2016-12-20,11.1899995804,11.5100002289,11.1499996185,11.5100002289,59314200
2016-12-21,11.6099996567,11.720000267,11.3100004196,11.470000267,44814100
2016-12-22,11.6499996185,11.75,11.470000267,11.6000003815,36450800
2016-12-23,11.3000001907,11.6000003815,11.2600002289,11.5799999237,32288200
2016-12-27,11.6499996185,12.0799999237,11.6000003815,12.0699996948,44336500
2016-12-28,12.279999733,12.4200000763,11.4600000381,11.5500001907,71254500
2016-12-29,11.2399997711,11.6199998856,11.0100002289,11.5900001526,50234300
2016-12-30,11.6999998093,11.779999733,11.25,11.3400001526,44095400
2017-01-03,11.4200000763,11.6499996185,11.0200004578,11.4300003052,55182000
2017-01-04,11.4499998093,11.5200004578,11.2399997711,11.4300003052,40781200
2017-01-05,11.4300003052,11.6899995804,11.2299995422,11.2399997711,38855200
2017-01-06,11.2899999619,11.4899997711,11.1099996567,11.3199996948,34453500
2017-01-09,11.3699998856,11.6400003433,11.3100004196,11.4899997711,37304800
2017-01-10,11.5500001907,11.6300001144,11.3299999237,11.4399995804,29201600
2017-01-11,11.3900003433,11.4099998474,11.1499996185,11.1999998093,39377000
2017-01-12,10.9799995422,11.0399999619,10.3299999237,10.7600002289,75244100
2017-01-13,10.7899999619,10.8699998856,10.5600004196,10.5799999237,38377500
2017-01-17,10.1700000763,10.2299995422,9.77999973297,9.81999969482,70491800
2017-01-18,9.53999996185,10.1000003815,9.42000007629,9.88000011444,51797600
2017-01-19,9.92000007629,10.25,9.75,9.77000045776,46151300
2017-01-20,9.88000011444,9.96000003815,9.67000007629,9.75,27982100
2017-01-23,9.68000030518,10.0600004196,9.68000030518,9.90999984741,27905700
2017-01-24,9.94999980927,10.4899997711,9.94999980927,10.4399995804,43991200
2017-01-25,10.7399997711,10.9799995422,10.1499996185,10.3500003815,61778100
2017-01-26,10.3500003815,10.6599998474,10.3000001907,10.5200004578,35866600
2017-01-27,10.6000003815,10.7299995422,10.5200004578,10.6700000763,32719200
2017-01-30,10.6199998856,10.6800003052,10.3000001907,10.6099996567,37725000
2017-01-31,10.6000003815,10.6700000763,10.220000267,10.3699998856,53704900
2017-02-01,10.8999996185,12.1400003433,10.8100004196,12.0600004196,165939300
2017-02-02,11.9799995422,12.6599998474,11.9499998093,12.279999733,116324500
2017-02-03,12.3699998856,12.5,12.0399999619,12.2399997711,60036700
2017-02-06,12.4600000381,13.6999998093,12.3800001144,13.6300001144,140474100
2017-02-07,14.0500001907,14.2700004578,13.0600004196,13.2899999619,158683800
2017-02-08,13.2100000381,13.75,13.0799999237,13.5600004196,75942900
2017-02-09,13.779999733,13.8900003433,13.3999996185,13.4200000763,73339900
2017-02-10,13.8599996567,13.8599996567,13.25,13.5799999237,54579300
2017-02-13,13.6999998093,13.9499998093,13.3800001144,13.4899997711,57413100
2017-02-14,13.4300003052,13.4899997711,13.1899995804,13.2600002289,40479100
2017-02-15,13.1999998093,13.4399995804,13.1499996185,13.3000001907,33722300
2017-02-16,13.25,13.3500003815,12.8400001526,12.970000267,52502500
2017-02-17,12.7899999619,13.1400003433,12.6000003815,13.1300001144,40888000
2017-02-21,13.4099998474,14.1000003815,13.3999996185,14,66357100
2017-02-22,14.3000001907,14.5,14.0399999619,14.279999733,71505000
2017-02-23,14.1999998093,14.4499998093,13.8199996948,14.3199996948,80317600
2017-02-24,14,14.3199996948,13.8599996567,14.1199998856,46288600
2017-02-27,14.2700004578,15.3500003815,14.2700004578,15.1999998093,95422900
2017-02-28,15.4499998093,15.5500001907,14.3500003815,14.4600000381,141783000
2017-03-01,15.0799999237,15.0900001526,14.5200004578,14.9600000381,73450400
2017-03-02,14.5900001526,14.779999733,13.8699998856,13.8999996185,104330900
2017-03-03,13.5500001907,13.5799999237,12.7899999619,13.029999733,163395900
2017-03-06,13,13.3400001526,12.3800001144,13.0399999619,117192600
2017-03-07,13.0699996948,13.3699998856,12.7899999619,13.0500001907,76666300
2017-03-08,13.25,13.5500001907,13.1000003815,13.220000267,71294700
2017-03-09,13.4499998093,13.4499998093,13.1099996567,13.3299999237,45244200
2017-03-10,13.5,13.9300003052,13.4499998093,13.9099998474,65142200
2017-03-13,14.4799995422,14.6800003052,14.1800003052,14.279999733,73078100
2017-03-14,14,14.1499996185,13.6400003433,14.1000003815,52554500
2017-03-15,14.029999733,14.0600004196,13.6199998856,13.9799995422,55179600
2017-03-16,13.7899999619,13.8800001144,13.6499996185,13.6499996185,44494800
2017-03-17,13.6199998856,13.7399997711,13.3599996567,13.4899997711,224892300
2017-03-20,13.6800003052,14.5,13.5399999619,14.3999996185,91565600
2017-03-21,14.3999996185,14.4899997711,13.779999733,13.8199996948,72552700
2017-03-22,13.6999998093,14.1499996185,13.5500001907,14.1000003815,61239500
2017-03-23,13.9600000381,14.1199998856,13.7700004578,13.7899999619,44549900
2017-03-24,14.1599998474,14.1800003052,13.5399999619,13.6999998093,50099500
2017-03-27,13.3500003815,13.779999733,13.2100000381,13.6999998093,42686800
2017-03-28,13.75,13.8599996567,13.5500001907,13.6899995804,37420200
2017-03-29,13.7399997711,13.8699998856,13.6300001144,13.7100000381,37863500
2017-03-30,13.7299995422,14.0500001907,13.6499996185,14.0500001907,44132800
2017-03-31,14.1000003815,14.75,14.0100002289,14.5500001907,84566200
2017-04-03,14.6000003815,14.7399997711,14.3000001907,14.6400003433,48423700
2017-04-04,14.3100004196,14.6700000763,14.029999733,14.1599998474,58413000
2017-04-05,14.279999733,14.6400003433,14.1000003815,14.1700000763,58816700
2017-04-06,13.4200000763,13.4600000381,12.8299999237,13.2700004578,139500100
2017-04-07,13.3299999237,13.6800003052,13.220000267,13.5200004578,70441000
2017-04-10,13.5200004578,13.5900001526,13.0399999619,13.1000003815,47178000
2017-04-11,13.0200004578,13.2899999619,12.7100000381,13.1000003815,59916600
2017-04-12,12.9399995804,13.1000003815,12.7399997711,12.7600002289,37385400
2017-04-13,12.5100002289,12.720000267,12.220000267,12.3100004196,53442600
2017-04-17,12.529999733,12.8000001907,12.3699998856,12.7899999619,38188200
2017-04-18,12.6300001144,12.970000267,12.5799999237,12.9499998093,37172000
2017-04-19,13.0900001526,13.2100000381,12.8000001907,12.8400001526,36491100
2017-04-20,12.9799995422,13.1499996185,12.8800001144,13.1099996567,41976100
2017-04-21,13.0799999237,13.1199998856,12.8999996185,13,25689600
2017-04-24,13.2299995422,13.2299995422,13.0500001907,13.1300001144,36120300
2017-04-25,13.2399997711,13.529999733,13.1599998474,13.4899997711,35881000
2017-04-26,13.4200000763,13.529999733,13.220000267,13.4099998474,36644500
2017-04-27,13.4300003052,13.6999998093,13.3699998856,13.6199998856,31327600
2017-04-28,13.7299995422,13.7600002289,13.1599998474,13.3000001907,50376000
2017-05-01,13.4300003052,13.6300001144,13.25,13.6199998856,68036300
2017-05-02,11.7299995422,11.7600002289,10.3000001907,10.3199996948,268336500
2017-05-03,10.2899999619,10.6800003052,9.85000038147,10.3900003433,140899400
2017-05-04,10.5500001907,10.5500001907,9.93999958038,10.1000003815,77031400
2017-05-05,10.1300001144,10.2600002289,9.93999958038,10.1899995804,51759000
2017-05-08,10.220000267,10.220000267,10,10.0399999619,35101100
2017-05-09,10.0399999619,10.3999996185,10.0399999619,10.1800003052,51017300
2017-05-10,10.4600000381,10.8500003815,10.4499998093,10.7899999619,65995900
2017-05-11,10.7399997711,11.2600002289,10.5100002289,11.0699996948,72946500
2017-05-12,11.1999998093,11.3999996185,11.0799999237,11.2600002289,56072600
2017-05-15,11.4099998474,11.6000003815,11.3000001907,11.4200000763,52565000
2017-05-16,11.6599998474,12.7700004578,11.6300001144,12.75,164186900
2017-05-17,11.8100004196,12.2899999619,11.1599998474,11.1999998093,160109500
2017-05-18,10.9899997711,11.4899997711,10.8100004196,11.279999733,86900100
2017-05-19,11.470000267,11.6199998856,11.3500003815,11.4099998474,50319700
2017-05-22,11.4899997711,11.5500001907,10.7700004578,11.0399999619,78696400
2017-05-23,10.970000267,11.0600004196,10.6199998856,10.8900003433,49799600
2017-05-24,11.0500001907,11.0600004196,10.7100000381,10.8900003433,42903900
2017-05-25,11.0100002289,11.0100002289,10.8000001907,10.9799995422,33584300
2017-05-26,10.8500003815,11.0200004578,10.7399997711,11,31907600
2017-05-30,10.9499998093,11.2700004578,10.8999996185,11.1199998856,35339000
2017-05-31,11.2899999619,11.4899997711,11.1000003815,11.1899995804,42929000
2017-06-01,11.25,11.2899999619,10.8100004196,10.9300003052,48002000
2017-06-02,10.9300003052,10.9600000381,10.5699996948,10.8999996185,43056200
2017-06-05,10.8400001526,11.3400001526,10.8000001907,11.2399997711,66207300
2017-06-06,11.2700004578,12.2399997711,11.2399997711,12.029999733,114998600
2017-06-07,12.4200000763,12.9600000381,12.2299995422,12.3800001144,151005900
2017-06-08,12.8100004196,12.9099998474,12.3999996185,12.8999996185,89515100
2017-06-09,13.1000003815,13.3999996185,11.6300001144,12.279999733,167454400
2017-06-12,11.75,12.3500003815,11.2700004578,12.0900001526,125781800
2017-06-13,12.3299999237,12.4799995422,11.6700000763,11.9600000381,87302300
2017-06-14,11.9099998474,12.0500001907,11.6499996185,11.7700004578,51909400
2017-06-15,11.3400001526,11.5799999237,11.2100000381,11.5,61666000
2017-06-16,11.6599998474,11.8299999237,11.279999733,11.4399995804,59779500
2017-06-19,11.6300001144,12.1199998856,11.6199998856,11.9300003052,61803600
2017-06-20,12.1899995804,12.9300003052,12.1800003052,12.6400003433,118001500
2017-06-21,13.3599996567,14.0100002289,13.1300001144,13.9799995422,188796100
2017-06-22,14.1000003815,14.5,13.5600004196,14.3800001144,149594200
2017-06-23,14.1499996185,14.6700000763,13.8999996185,14.1700000763,200777300
2017-06-26,14.3900003433,14.4899997711,13.8400001526,14.0799999237,101012500
2017-06-27,13.7600002289,14.0399999619,13.3699998856,13.3999996185,89319700
2017-06-28,13.6499996185,13.6999998093,13.0900001526,13.2299995422,85266900
2017-06-29,13.0600004196,13.1499996185,12.4499998093,12.6000003815,87634400
2017-06-30,12.5699996948,12.8299999237,12.3599996567,12.4799995422,59267400
2017-07-03,12.5699996948,12.7299995422,12.1300001144,12.1499996185,39929100
2017-07-05,12.3599996567,13.2100000381,12.3199996948,13.1899995804,99450200
2017-07-06,12.9399995804,13.3199996948,12.6700000763,13.0200004578,88927800
2017-07-07,13.2700004578,13.75,13.1800003052,13.3599996567,88392100
2017-07-10,13.6099996567,13.8800001144,13.2700004578,13.8100004196,78320200
2017-07-11,13.7700004578,14.1000003815,13.6199998856,13.8900003433,71102300
2017-07-12,14.1700000763,14.3900003433,13.9600000381,14.2899999619,78508400
2017-07-13,14.3299999237,14.4899997711,13.4300003052,13.529999733,111656900
2017-07-14,13.4600000381,13.9300003052,13.3199996948,13.9200000763,82084600
2017-07-17,14.029999733,14.1199998856,13.5100002289,13.8000001907,71690800
2017-07-18,13.2899999619,13.529999733,13.1499996185,13.4799995422,78366500
2017-07-19,13.6199998856,13.7399997711,13.4099998474,13.5500001907,51957800
2017-07-20,13.6099996567,13.8900003433,13.4499998093,13.8000001907,47707500
2017-07-21,13.6999998093,14.0500001907,13.6199998856,13.8800001144,51045700
2017-07-24,14,14.4399995804,13.970000267,14.1599998474,71014900
2017-07-25,14.2899999619,14.3199996948,13.8699998856,14.1099996567,98047400
2017-07-26,15.1300001144,15.6499996185,14.3999996185,14.7600002289,236083000
2017-07-27,14.9899997711,15.0399999619,13.6999998093,14.1199998856,130303700
2017-07-28,13.8500003815,14.1000003815,13.6800003052,13.9499998093,66763800
2017-07-31,14.0900001526,14.220000267,13.470000267,13.6099996567,69108700
2017-08-01,13.720000267,13.8599996567,13.4499998093,13.7100000381,49149900
2017-08-02,13.8100004196,13.9300003052,13.1199998856,13.3699998856,67502200
2017-08-03,13.4200000763,13.5200004578,13.0799999237,13.2399997711,52557400
2017-08-04,13.1999998093,13.3599996567,13.0200004578,13.1199998856,64254000
2017-08-07,13.3299999237,13.5699996948,13.2700004578,13.4300003052,57486800
2017-08-08,13.4799995422,13.5500001907,13.0799999237,13.1099996567,47338000
2017-08-09,12.7600002289,12.8900003433,12.5399999619,12.8299999237,58861500
2017-08-10,12.6999998093,12.9200000763,12.1099996567,12.1199998856,83113400
2017-08-11,12.0399999619,12.3900003433,11.8800001144,12.2299995422,63558800
2017-08-14,12.5799999237,12.8500003815,12.5799999237,12.7600002289,64426100
2017-08-15,13.0100002289,13.1400003433,12.75,13.0200004578,57990300
2017-08-16,13.1700000763,13.1899995804,12.5200004578,12.6300001144,64639400
2017-08-17,12.4600000381,12.6499996185,12.3199996948,12.3400001526,47371000
2017-08-18,12.4300003052,12.5600004196,12.25,12.3699998856,37521700
2017-08-21,12.4200000763,12.4200000763,11.8599996567,12.0500001907,58888500
2017-08-22,12.1999998093,12.3299999237,12.1000003815,12.1700000763,39033200
2017-08-23,12,12.5399999619,11.9499998093,12.4799995422,44345400
2017-08-24,12.6899995804,12.7100000381,12.3900003433,12.5,37269700
2017-08-25,12.5100002289,12.5699996948,12.25,12.4300003052,29732000
2017-08-28,12.529999733,12.5500001907,12.1599998474,12.2299995422,35969600
2017-08-29,12,12.1800003052,11.9300003052,12.1499996185,33618100
2017-08-30,12.1899995804,12.6800003052,12.1599998474,12.6700000763,43933000
2017-08-31,12.8199996948,13.1599998474,12.7899999619,13,51822100
2017-09-01,13.1199998856,13.4899997711,13.0399999619,13.1899995804,53158600
2017-09-05,12.8800001144,13.1800003052,12.6499996185,12.9200000763,51445500
2017-09-06,13.0200004578,13.0799999237,12.75,12.8599996567,34182400
2017-09-07,12.8400001526,12.9399995804,12.6000003815,12.6300001144,35816900
2017-09-08,12.5699996948,12.6099996567,12.0399999619,12.25,60886200
2017-09-11,12.4600000381,12.7399997711,12.3999996185,12.5500001907,43346100
2017-09-12,12.6599998474,12.6800003052,12.2100000381,12.3000001907,54413100
2017-09-13,12.220000267,12.3599996567,12.1199998856,12.220000267,37210700
2017-09-14,12.1499996185,12.4600000381,12.1099996567,12.2600002289,37220200
2017-09-15,12.3299999237,12.6599998474,12.3100004196,12.5200004578,50337400
2017-09-18,12.7700004578,13.3000001907,12.7399997711,13.0799999237,83517400
2017-09-19,13.25,13.2899999619,12.8800001144,13.1199998856,65455200
2017-09-20,13.0699996948,13.8000001907,12.8000001907,13.7399997711,102682400
2017-09-21,14,14.2399997711,13.3199996948,13.4099998474,166821900
2017-09-22,13.1999998093,13.3999996185,13.1199998856,13.3000001907,50547000
2017-09-25,13.25,13.279999733,12.4899997711,12.6099996567,84172200
2017-09-26,12.8500003815,12.9300003052,12.4300003052,12.4499998093,68302000
2017-09-27,12.6499996185,12.8699998856,12.5,12.7399997711,59947200
2017-09-28,12.7600002289,12.8400001526,12.5500001907,12.7399997711,35812300
2017-09-29,12.7700004578,12.8199996948,12.6000003815,12.75,33926900
2017-10-02,12.8000001907,12.8500003815,12.6199998856,12.7100000381,34461100
2017-10-03,12.7299995422,13.4799995422,12.6999998093,13.4200000763,85174000
2017-10-04,13.3100004196,13.5,13.1499996185,13.3100004196,42303200
2017-10-05,13.3800001144,13.4600000381,13.2100000381,13.3400001526,34758600
2017-10-06,13.220000267,13.3900003433,13.1800003052,13.2299995422,28258700
2017-10-09,13.2600002289,13.8299999237,13.2600002289,13.470000267,54032500
2017-10-10,13.720000267,13.7899999619,13.4399995804,13.6999998093,43304000
2017-10-11,13.6199998856,13.9600000381,13.6099996567,13.8800001144,38746600
2017-10-12,13.8500003815,14.3699998856,13.8100004196,14.1999998093,69874100
2017-10-13,14.3199996948,14.4099998474,14.1199998856,14.220000267,37515800
2017-10-16,14.25,14.3500003815,14.1199998856,14.2600002289,34136800
2017-10-17,14.2399997711,14.3500003815,14.1400003433,14.1599998474,28995600
2017-10-18,14.1999998093,14.279999733,13.7600002289,14.0699996948,39020300
2017-10-19,13.8500003815,14.0399999619,13.6899995804,13.9499998093,33795700
2017-10-20,14.029999733,14.0900001526,13.8000001907,13.8100004196,32538900
2017-10-23,13.9399995804,14.1899995804,13.8999996185,14.1000003815,49838000
2017-10-24,14.1999998093,14.3599996567,14.1499996185,14.25,84891600
2017-10-25,12.9499998093,13.1300001144,12.2899999619,12.3299999237,166762100
2017-10-26,12.4499998093,12.4600000381,12,12.0100002289,87625400
2017-10-27,12.1700000763,12.1899995804,11.3500003815,11.8400001526,115650400
2017-10-30,11.2600002289,11.4200000763,10.6499996185,10.8900003433,137785100
2017-10-31,10.7600002289,11.3100004196,10.6899995804,10.9899997711,78600000
2017-11-01,11.25,11.2899999619,10.720000267,10.8000001907,66875500
2017-11-02,10.8699998856,10.9899997711,10.6599998474,10.8500003815,47942500
2017-11-03,10.9499998093,11.1300001144,10.8199996948,11.1199998856,44264300
2017-11-06,12.0399999619,12.0900001526,11.6400003433,11.9300003052,96349800
2017-11-07,11.9399995804,12.2700004578,11.9200000763,12.0500001907,67900200
2017-11-08,11.9399995804,11.9499998093,11.5100002289,11.7100000381,59065000
2017-11-09,11.25,11.3500003815,11.029999733,11.1199998856,76821200
2017-11-10,11.220000267,11.4300003052,11.1199998856,11.2600002289,50209900
2017-11-13,11.1800003052,11.1999998093,10.9200000763,11.0900001526,54068300
2017-11-14,11.029999733,11.2600002289,11,11.1199998856,37245000
2017-11-15,11.0100002289,11.1300001144,10.7700004578,11.0699996948,33524700
2017-11-16,11.1300001144,11.3199996948,11.1300001144,11.25,31800400
2017-11-17,11.3000001907,11.75,11.279999733,11.3800001144,56775600
2017-11-20,11.470000267,11.5100002289,11.1899995804,11.3400001526,35960200
2017-11-21,11.4200000763,11.4899997711,11.2399997711,11.3999996185,31881700
2017-11-22,11.4099998474,11.4899997711,11.3000001907,11.3699998856,23816500
2017-11-24,11.3800001144,11.4200000763,11.3000001907,11.3800001144,11035800
2017-11-27,11.3400001526,11.7399997711,11.3400001526,11.5500001907,41798300
2017-11-28,11.4499998093,11.5399999619,11,11.1700000763,65325700
2017-11-29,11.0799999237,11.1700000763,10.7299995422,10.8299999237,63333800
2017-11-30,10.8699998856,11.029999733,10.7600002289,10.8900003433,43205000
2017-12-01,10.8100004196,10.970000267,10.529999733,10.7299995422,42128800
2017-12-04,10.8500003815,10.8599996567,9.81999969482,10.029999733,97328300
2017-12-05,9.89000034332,10.3400001526,9.69999980927,9.90999984741,67304100
2017-12-06,9.89999961853,10.0500001907,9.71000003815,10,38952200
2017-12-07,10.0699996948,10.1899995804,9.94999980927,10.0399999619,32665600
2017-12-08,10.1499996185,10.1999998093,9.92000007629,9.93999958038,34897000
2017-12-11,9.97000026703,10.1599998474,9.96000003815,10.1599998474,29956400
2017-12-12,10.1300001144,10.1400003433,9.88000011444,9.89999961853,36211000
2017-12-13,9.97000026703,10.2100000381,9.94999980927,10.1099996567,41494800
2017-12-14,10.1000003815,10.1700000763,9.96000003815,10.1300001144,29006800
2017-12-15,10.1300001144,10.3199996948,10.0200004578,10.2899999619,45462300
2017-12-18,10.6000003815,11,10.5100002289,10.9799995422,63797700
2017-12-19,11,11.1899995804,10.8699998856,10.9499998093,43852900
2017-12-20,11.1000003815,11.1800003052,10.8000001907,10.9799995422,31420300
2017-12-21,10.9799995422,11.0799999237,10.8699998856,10.8900003433,21884300
2017-12-22,10.75,10.7700004578,10.1999998093,10.5399999619,50744500
2017-12-26,10.3800001144,10.5799999237,10.3400001526,10.4600000381,20437900
2017-12-27,10.4499998093,10.7399997711,10.3999996185,10.529999733,22921800
2017-12-28,10.5699996948,10.6400003433,10.4300003052,10.5500001907,18609400
2017-12-29,10.5699996948,10.5799999237,10.2700004578,10.279999733,26678900
2018-01-02,10.4200000763,11.0200004578,10.3400001526,10.9799995422,44146300
2018-01-03,11.6099996567,12.1400003433,11.3599996567,11.5500001907,154066700
2018-01-04,12.1000003815,12.4300003052,11.970000267,12.1199998856,109503000
2018-01-05,12.1899995804,12.220000267,11.6599998474,11.8800001144,63808900
2018-01-08,12.0100002289,12.3000001907,11.8500003815,12.279999733,63346000
2018-01-09,12,12.0200004578,11.7100000381,11.8199996948,62560900
2018-01-10,11.6300001144,12.1499996185,11.5600004196,11.9600000381,52561200
2018-01-11,12.0699996948,12.1899995804,11.8999996185,12.1400003433,38354900
2018-01-12,11.8199996948,12.0699996948,11.8000001907,12.0200004578,47149300
2018-01-16,12.0500001907,12.1999998093,11.8000001907,11.9099998474,42686600
2018-01-17,11.8999996185,12.1899995804,11.8199996948,12.1800003052,39020800
2018-01-18,12.1800003052,12.6800003052,12.1499996185,12.470000267,62086200
2018-01-19,12.5600004196,12.8800001144,12.5399999619,12.5900001526,46800700
2018-01-22,12.6099996567,12.7399997711,12.3699998856,12.6499996185,34758600
2018-01-23,12.8199996948,13,12.7600002289,12.9399995804,46417200
2018-01-24,13.0200004578,13.0500001907,12.6000003815,12.7100000381,41956400
2018-01-25,12.779999733,12.9399995804,12.3199996948,12.4099998474,42966600
2018-01-26,12.6999998093,12.9499998093,12.6199998856,12.9499998093,44239000
2018-01-29,13.1300001144,13.470000267,13.0500001907,13.3199996948,66645400
2018-01-30,13.1199998856,13.2700004578,12.6899995804,12.8699998856,91236400
2018-01-31,13.2399997711,13.8500003815,13.1499996185,13.7399997711,140977800
2018-02-01,13.6199998856,13.8400001526,13.2100000381,13.25,67543300
2018-02-02,13.0500001907,13.0600004196,12.4300003052,12.4499998093,79432600
2018-02-05,12.0500001907,12.1800003052,10.9300003052,11.5699996948,116568900
2018-02-06,11.0399999619,11.7399997711,11,11.6499996185,87123200
2018-02-07,11.6999998093,11.8999996185,11.529999733,11.6000003815,55758400
2018-02-08,11.720000267,11.8500003815,11.2100000381,11.220000267,56471800
2018-02-09,11.5399999619,11.5699996948,10.6300001144,11.3100004196,85458200
2018-02-12,11.470000267,11.8000001907,11.4300003052,11.6800003052,63160900
2018-02-13,11.6000003815,11.8199996948,11.529999733,11.779999733,33661400
2018-02-14,11.720000267,12.3100004196,11.6300001144,12.1999998093,51756800
2018-02-15,12.3999996185,12.6300001144,12.0699996948,12.1899995804,59593800
2018-02-16,12.1099996567,12.2299995422,11.8199996948,11.8199996948,47332300
2018-02-20,11.720000267,12.1899995804,11.7100000381,12.0200004578,47096500
2018-02-21,12.1199998856,12.1199998856,11.720000267,11.720000267,40195800
2018-02-22,11.8199996948,12,11.6300001144,11.8400001526,37886300
2018-02-23,11.9499998093,12.1599998474,11.9399995804,12.0699996948,33317600
2018-02-26,12.1400003433,12.4300003052,12.0500001907,12.4200000763,42265200
2018-02-27,12.4300003052,12.8800001144,12.3900003433,12.529999733,55975300
2018-02-28,12.6599998474,12.7299995422,12.1000003815,12.1099996567,43387500
2018-03-01,12.2600002289,12.2700004578,11.6599998474,11.8999996185,63207400
2018-03-02,11.6700000763,11.9300003052,11.4300003052,11.8100004196,58123500
2018-03-05,11.6899995804,12.0600004196,11.6099996567,11.9099998474,43734800
2018-03-06,12.0100002289,12.0500001907,11.7100000381,11.7600002289,46751200
2018-03-07,11.5799999237,12.8199996948,11.5500001907,12.2399997711,127603200
2018-03-08,12.3999996185,12.5900001526,11.7399997711,11.970000267,76011200
2018-03-09,12.029999733,12.0399999619,11.5799999237,11.6999998093,89674400
2018-03-12,11.7600002289,11.8199996948,11.4799995422,11.5200004578,83748700
2018-03-13,11.5,12.0399999619,11.1000003815,11.6400003433,174302600
2018-03-14,11.6999998093,11.720000267,11.2600002289,11.3599996567,80540800
2018-03-15,11.4300003052,11.5500001907,11.1899995804,11.4600000381,66373900
2018-03-16,11.4899997711,11.5500001907,11.3199996948,11.470000267,37591000
2018-03-19,11.4099998474,11.7399997711,11.3500003815,11.4300003052,53308600
2018-03-20,11.4099998474,11.5200004578,11,11.1099996567,65116900
2018-03-21,11.1599998474,11.3400001526,11.1099996567,11.2600002289,44691700
2018-03-22,11.1000003815,11.2600002289,10.8500003815,10.9099998474,59944200
2018-03-23,10.9099998474,10.970000267,10.5699996948,10.6300001144,54844500
2018-03-26,10.7100000381,10.8000001907,10.1800003052,10.4399995804,75878500
2018-03-27,10.5100002289,10.5900001526,9.89999961853,10,68551300
2018-03-28,9.98999977112,10.1700000763,9.78999996185,9.81000041962,64832100
2018-03-29,9.93999958038,10.0799999237,9.81000041962,10.0500001907,48681400
2018-04-02,9.98999977112,10.1400003433,9.51000022888,9.52999973297,64824600
2018-04-03,9.63000011444,9.77000045776,9.30000019073,9.55000019073,54891600
2018-04-04,9.07999992371,9.81000041962,9.03999996185,9.77000045776,67356900
2018-04-05,10.0500001907,10.1999998093,9.90999984741,10.0200004578,65758800
2018-04-06,9.82999992371,10.1000003815,9.5,9.60999965668,51087100
2018-04-09,9.75,9.84000015259,9.52000045776,9.52999973297,38382600
2018-04-10,9.75,10.0399999619,9.71000003815,9.97999954224,42849200
2018-04-11,9.86999988556,10.029999733,9.78999996185,9.81999969482,29169300
2018-04-12,9.97999954224,10.1000003815,9.81999969482,10.0799999237,47784400
2018-04-13,10.1999998093,10.220000267,9.88000011444,9.93000030518,38935700
2018-04-16,10,10.1700000763,9.89999961853,10.0900001526,28875100
2018-04-17,10.279999733,10.529999733,10.1999998093,10.5200004578,45360300
2018-04-18,10.5100002289,10.6499996185,10.3299999237,10.3599996567,42449600
2018-04-19,10.1800003052,10.3299999237,9.98999977112,10.1099996567,57841600
2018-04-20,10.0500001907,10.1400003433,9.94999980927,9.98999977112,39011900
2018-04-23,10.0900001526,10.1899995804,9.97000026703,10.0399999619,42971300
2018-04-24,10.1899995804,10.3500003815,9.94999980927,10.0900001526,44992200
2018-04-25,10.0600004196,10.0900001526,9.56000041962,9.71000003815,90578000
2018-04-26,10.8699998856,11.1899995804,10.6099996567,11.0399999619,145284100
2018-04-27,11.1999998093,11.3599996567,11.0200004578,11.1099996567,74347800
2018-04-30,11.0600004196,11.1400003433,10.8699998856,10.8800001144,50608800
2018-05-01,10.8299999237,11.1499996185,10.7700004578,11.1300001144,43441600
2018-05-02,11.1000003815,11.1599998474,10.970000267,10.970000267,29267300
2018-05-03,10.8999996185,11.0600004196,10.8299999237,10.9300003052,33310600
2018-05-04,10.8800001144,11.2899999619,10.8699998856,11.279999733,47884900
2018-05-07,11.3199996948,11.6800003052,11.3000001907,11.5900001526,54001700
2018-05-08,11.4899997711,11.6599998474,11.3999996185,11.6099996567,35218400
2018-05-09,11.6499996185,11.9799995422,11.5699996948,11.9499998093,49605700
2018-05-10,11.9799995422,12.1800003052,11.9499998093,12.1300001144,49744500
2018-05-11,11.8900003433,12.029999733,11.6899995804,11.9499998093,43863700
2018-05-14,12.1400003433,12.3599996567,12.1099996567,12.2299995422,50263800
2018-05-15,12.1800003052,12.4600000381,12.1599998474,12.4499998093,44183200
2018-05-16,12.6400003433,12.9799995422,12.6199998856,12.8199996948,73364000
2018-05-17,12.7899999619,12.8999996185,12.6599998474,12.8199996948,38692500
2018-05-18,13.0600004196,13.2600002289,12.9099998474,13,54063400
2018-05-21,13.25,13.3100004196,12.8800001144,12.9899997711,49714200
2018-05-22,13,13.1400003433,12.7100000381,12.9799995422,43267000
2018-05-23,12.9300003052,13.1800003052,12.8999996185,13.1000003815,44517800
2018-05-24,13.0600004196,13.4300003052,13.029999733,13.4099998474,47785700
2018-05-25,13.3999996185,13.720000267,13.3599996567,13.5399999619,43850100
2018-05-29,13.4499998093,13.6300001144,13.2600002289,13.3599996567,39578500
2018-05-30,13.4799995422,13.9499998093,13.4799995422,13.8199996948,58186400
2018-05-31,13.7399997711,13.9300003052,13.6899995804,13.7299995422,46797700
2018-06-01,13.9799995422,14.3999996185,13.9200000763,14.3999996185,71677900
2018-06-04,14.7600002289,14.9799995422,14.5200004578,14.8500003815,74546000
2018-06-05,14.8500003815,14.9200000763,14.6300001144,14.8500003815,56122700
2018-06-06,15.0699996948,15.7399997711,15.0399999619,15.6700000763,97089000
2018-06-07,15.8299999237,15.970000267,14.8500003815,14.8900003433,99860300
2018-06-08,14.5200004578,15.3299999237,14.3100004196,15.25,81930500
2018-06-11,15.2100000381,15.8900003433,15.0100002289,15.7299995422,80737600
2018-06-12,15.8400001526,15.9499998093,15.4300003052,15.8500003815,67002600
2018-06-13,15.8100004196,16.5200004578,15.779999733,16.3199996948,90227300
2018-06-14,16.6200008392,16.7900009155,15.5799999237,16.25,113048600
2018-06-15,16.0599994659,16.5200004578,15.8199996948,16.3400001526,77612200
2018-06-18,16.1800003052,17.3400001526,16.1299991608,17.1100006104,104317400
2018-06-19,16.8500003815,17.2900009155,16.3099994659,16.6900005341,92542900
2018-06-20,16.8299999237,17.1299991608,16.3700008392,16.5200004578,76280600
2018-06-21,16.6499996185,16.8700008392,15.4600000381,15.6499996185,95638400
2018-06-22,15.779999733,15.9099998474,15.5600004196,15.8000001907,59257100
2018-06-25,15.6400003433,15.7399997711,14.5399999619,15.1099996567,94418400
2018-06-26,15.3199996948,15.6000003815,15.1000003815,15.5,54213500
2018-06-27,15.6499996185,15.7600002289,14.9600000381,14.970000267,56014300
2018-06-28,14.8500003815,15.3599996567,14.75,15.3100004196,48716800
2018-06-29,15.4099998474,15.4899997711,14.9799995422,14.9899997711,41527800
2018-07-02,14.8000001907,15.1800003052,14.7399997711,15.1599998474,43398800
2018-07-03,15.2100000381,15.3400001526,14.9600000381,15,32094000
2018-07-05,15.1300001144,15.5,15.0200004578,15.5,40703300
2018-07-06,15.5200004578,16.3899993896,15.4799995422,16.3600006104,65101700
2018-07-09,16.7299995422,16.8400001526,16.1700000763,16.6100006104,58525500
2018-07-10,16.5900001526,16.6499996185,16.3099994659,16.5499992371,37093000
2018-07-11,16.1499996185,16.5300006866,16.0200004578,16.2700004578,42544100
2018-07-12,16.4099998474,16.7900009155,16.3799991608,16.5599994659,44188100
2018-07-13,16.6800003052,16.6900005341,16.2199993134,16.2700004578,40614100
2018-07-16,16.4200000763,17,16.4099998474,16.5799999237,65275300
2018-07-17,16.5,16.8799991608,16.4799995422,16.8700008392,42313500
2018-07-18,16.9400005341,16.9899997711,16.5499992371,16.8500003815,40881500
2018-07-19,16.7099990845,16.8799991608,16.5499992371,16.7099990845,41267800
2018-07-20,16.6599998474,16.8799991608,16.4400005341,16.5,42879800
2018-07-23,16.4699993134,16.6800003052,15.8999996185,16.6599998474,44940800
2018-07-24,16.75,16.8600006104,16.1100006104,16.1900005341,58201500
2018-07-25,16.2999992371,16.3899993896,15.720000267,16.0499992371,82604900
2018-07-26,17.1599998474,18.4500007629,16.8299999237,18.3500003815,192661100
2018-07-27,19.0699996948,19.8799991608,18.3099994659,18.9400005341,161903800
2018-07-30,19.3999996185,20.1800003052,19.3099994659,19.4200000763,160823400
2018-07-31,19.3500003815,19.5,18.2700004578,18.3299999237,118403400
2018-08-01,18.3400001526,18.9500007629,18.3199996948,18.4799995422,75495200
2018-08-02,18.1700000763,18.8299999237,18,18.7900009155,52867100
2018-08-03,18.9400005341,19.0599994659,18.3700008392,18.4899997711,53232100
2018-08-06,18.8899993896,19.4400005341,18.4599990845,19.4300003052,83579700
2018-08-07,19.5300006866,19.7099990845,19.0799999237,19.5599994659,72822600
2018-08-08,19.4599990845,19.7700004578,19.2600002289,19.5799999237,52081400
2018-08-09,19.5799999237,19.7099990845,19.0799999237,19.1000003815,46653400
2018-08-10,19.0900001526,19.4799995422,18.8500003815,19.0599994659,65821100
2018-08-13,19.1599998474,19.9300003052,19.1200008392,19.7299995422,81411300
2018-08-14,19.9699993134,20.2800006866,19.6299991608,20.0200004578,89195500
2018-08-15,19.8600006104,20.1000003815,19.2000007629,19.7000007629,86355700
2018-08-16,19.8600006104,20.0699996948,19.25,19.3299999237,69733700
2018-08-17,19.1200008392,19.8199996948,18.7299995422,19.7700004578,60616600
2018-08-20,19.7900009155,20.0799999237,19.3500003815,19.9799995422,62983200
2018-08-21,19.9799995422,20.4200000763,19.8600006104,20.3999996185,55629000
2018-08-22,20.2800006866,20.9200000763,20.2099990845,20.8999996185,62002700
2018-08-23,21.1900005341,22.3199996948,21.1399993896,22.2900009155,113444100
2018-08-24,22.9099998474,24,22.6700000763,23.9799995422,164328200
2018-08-27,24.9400005341,27.2999992371,24.6299991608,25.2600002289,325058400
2018-08-28,25.5100002289,26.1800003052,24.0400009155,25.0499992371,215771200
2018-08-29,24.3600006104,25.4099998474,24.0100002289,25.2000007629,143223200
2018-08-30,25.2900009155,25.6700000763,24.7600002289,24.8899993896,103607300
2018-08-31,24.8899993896,25.2399997711,24.7199993134,25.1700000763,65206400
2018-09-04,25.6200008392,28.1100006104,25.5699996948,28.0599994659,192541300
2018-09-05,29.4099998474,29.9400005341,26.8400001526,28.5100002289,257349000
2018-09-06,28.1200008392,28.5799999237,27.1900005341,27.8400001526,143942900
2018-09-07,26.9599990845,28.2700004578,26.7999992371,27.3799991608,123348700
2018-09-10,28.1499996185,29.9300003052,27.8400001526,29.8899993896,162253800
2018-09-11,30.0200004578,30.5900001526,29.3700008392,30.1000003815,159902500
2018-09-12,29.9099998474,32.2900009155,29.4500007629,32.2099990845,197889600
2018-09-13,33.1599998474,34.1399993896,29.8700008392,30.4799995422,304147100
2018-09-14,31.4300003052,33.0900001526,30.5400009155,32.7200012207,217762800
2018-09-17,31.75,33.2299995422,31.6000003815,32.4300003052,180410600
2018-09-18,32.9900016785,33.3699989319,31.2000007629,31.9300003052,176673200
2018-09-19,31.5200004578,31.8299999237,30.5100002289,31.2099990845,124287000
2018-09-20,32.0999984741,32.2000007629,30.6399993896,31.1800003052,123116500
2018-09-21,31.1900005341,32.4199981689,30.9099998474,31.0200004578,129792900
2018-09-24,31.1299991608,32.6500015259,30.9099998474,32.6100006104,118332600
2018-09-25,33.1800003052,33.5999984741,32.1899986267,32.5699996948,118570200
2018-09-26,32.4000015259,32.5999984741,31.7199993134,32.1899986267,79347300
2018-09-27,31.8600006104,32.6300010681,31.3899993896,32.5900001526,87934400
2018-09-28,32.2400016785,32.7799987793,29.9799995422,30.8899993896,165453500
2018-10-01,30.6900005341,31.9099998474,30.25,31.4200000763,94742900
2018-10-02,30.7299995422,30.8199996948,28.6499996185,29.0200004578,145276500
2018-10-03,29.0400009155,29.2199993134,26.5400009155,28.4300003052,190137200
2018-10-04,27.9899997711,28.8299999237,27.3700008392,27.7800006866,95831200
2018-10-05,28.0699996948,28.4699993134,26.9300003052,27.3500003815,88008500
2018-10-08,26.7299995422,27.5400009155,25.9599990845,26.4599990845,103789500
2018-10-09,26.1499996185,27.7099990845,26,27.2399997711,105461800
2018-10-10,27.3799991608,27.3999996185,24.9099998474,25,147682900
2018-10-11,24.7399997711,26.2000007629,24.5499992371,25.2999992371,147013800
2018-10-12,26.7700004578,26.9699993134,25.6700000763,26.3400001526,111059400
2018-10-15,26.3799991608,26.7700004578,25.75,26.2600002289,70523500
2018-10-16,26.6299991608,28.2299995422,26.1700000763,28.1800003052,92529000
2018-10-17,28.4099998474,28.5300006866,26.9200000763,27.2999992371,89466900
2018-10-18,27.0799999237,27.75,26.3999996185,26.6200008392,79623700
2018-10-19,27.0300006866,27.1000003815,23.6000003815,23.6599998474,130799900
2018-10-22,24.4599990845,25.6399993896,24.0900001526,25.0300006866,114158900
2018-10-23,24.1800003052,25.2600002289,23.8500003815,25.0900001526,101763000
2018-10-24,25.0400009155,25.1000003815,22.75,22.7900009155,134489100
2018-10-25,17.9200000763,20.1499996185,17.7199993134,19.2700004578,189173700
2018-10-26,18.4899997711,18.7800006866,17.0499992371,17.6299991608,119689000
2018-10-29,18.2099990845,18.2299995422,16.2700004578,16.8500003815,94479600
2018-10-30,16.3799991608,17.2399997711,16.1700000763,17.2000007629,99049400
2018-10-31,17.8700008392,18.3400001526,17.1200008392,18.2099990845,110463700
2018-11-01,18.4099998474,20.3299999237,18.0799999237,20.2199993134,136896500
2018-11-02,20.5900001526,21.0599994659,19.4699993134,20.2299995422,123788000
2018-11-05,20.1200008392,20.1800003052,18.8799991608,19.8999996185,108016700
2018-11-06,19.5,21.6499996185,19.4799995422,20.6800003052,144995700
2018-11-07,21.4200000763,22.2199993134,21.0699996948,21.8400001526,121115800
2018-11-08,21.7700004578,22.0799999237,20.9699993134,21.2000007629,92387600
2018-11-09,20.7700004578,21.1900005341,20.1100006104,21.0300006866,85900700
2018-11-12,20.6800003052,20.8500003815,18.7999992371,19.0300006866,95948200
2018-11-13,19.2800006866,20.0200004578,18.9699993134,19.6100006104,76126000
2018-11-14,20.1800003052,21.1100006104,19.7600002289,20.8099994659,106344300
2018-11-15,20.7199993134,21.7700004578,20.4200000763,21.4899997711,97715500
2018-11-16,19.8700008392,20.9699993134,19.7199993134,20.6599998474,112376600
2018-11-19,20.3999996185,20.5900001526,19.0900001526,19.1100006104,93578200
2018-11-20,17.3999996185,19.5799999237,17.1800003052,19.2099990845,109869400
2018-11-21,20.0499992371,20.3099994659,18.5,18.7299995422,81585600
2018-11-23,18.6100006104,19.8299999237,18.5599994659,19.3799991608,54611300
2018-11-26,19.9599990845,20.1900005341,19.1100006104,20.0799999237,83211000
2018-11-27,19.7700004578,21.4500007629,19.7299995422,21.0499992371,119230100
2018-11-28,21.8199996948,21.8799991608,20.1800003052,21.3400001526,134425300
2018-11-29,21.1900005341,21.6100006104,20.7299995422,21.4300003052,79853700
2018-11-30,21.2999992371,21.3600006104,20.5200004578,21.2999992371,82370700
2018-12-03,22.4799995422,23.75,22.3700008392,23.7099990845,139607400
2018-12-04,23.3500003815,23.4200000763,21.0699996948,21.1200008392,127392900
2018-12-06,20.2199993134,21.4099998474,20.0599994659,21.2999992371,103434700
2018-12-07,21.2999992371,21.3799991608,19.1700000763,19.4599990845,105764500
2018-12-10,19.3500003815,20.1299991608,19.2700004578,19.9899997711,77984500
2018-12-11,20.7099990845,21.1399993896,19.6900005341,19.9799995422,88027400
2018-12-12,20.3199996948,21.0200004578,19.7099990845,20.4799995422,100340700
2018-12-13,20.6299991608,20.8700008392,19.7600002289,19.8600006104,88108300
2018-12-14,19.5799999237,20.7000007629,19.5200004578,19.8999996185,84713600
2018-12-17,20.0100002289,20.0200004578,18.6399993896,18.8299999237,115437900
2018-12-18,19.1499996185,19.8400001526,18.8799991608,19.5,101512900
2018-12-19,19.4400005341,19.7199993134,18,18.1599998474,120644500
2018-12-20,18.1100006104,18.8600006104,17.3400001526,17.9400005341,119394500
2018-12-21,18.1200008392,18.3400001526,16.7600002289,16.9300003052,132246000
2018-12-24,16.5200004578,17.2199993134,16.3700008392,16.6499996185,62933100
2018-12-26,16.8799991608,17.9099998474,16.0300006866,17.8999996185,108811800
2018-12-27,17.4300003052,17.7399997711,16.4400005341,17.4899997711,111373000
2018-12-28,17.5300006866,18.3099994659,17.1399993896,17.8199996948,109214400
2018-12-31,18.1499996185,18.5100002289,17.8500003815,18.4599990845,84732200
2019-01-02,18.0100002289,19,17.9799995422,18.8299999237,87148700
2019-01-03,18.4200000763,18.6800003052,16.9400005341,17.0499992371,117277600
2019-01-04,17.5499992371,19.0699996948,17.4300003052,19,111878600
2019-01-07,19.4400005341,20.6800003052,19,20.5699996948,107157000
2019-01-08,21.1900005341,21.2000007629,19.6800003052,20.75,121271000
2019-01-09,20.8899993896,21.4400005341,20.0699996948,20.1900005341,163944100
2019-01-10,19.7600002289,19.8299999237,18.8999996185,19.7399997711,115629400
2019-01-11,19.4699993134,20.3500003815,19.1900005341,20.2700004578,85110800
2019-01-14,19.9599990845,20.6200008392,19.75,20.2299995422,71350200
2019-01-15,20.4400005341,20.6800003052,20.2600002289,20.3799991608,62785800
2019-01-16,20.3999996185,20.5400009155,19.7099990845,19.7299995422,70849300
2019-01-17,19.4899997711,20.5100002289,19.0200004578,20.25,85018400
2019-01-18,20.3700008392,21.0499992371,20.0200004578,20.7700004578,88131000
2019-01-22,20.4799995422,20.9200000763,19.7000007629,19.7600002289,78513700
2019-01-23,20.0300006866,20.4799995422,19.5499992371,19.7999992371,77811300
2019-01-24,20.0599994659,21.0100002289,20.0400009155,20.8500003815,97433400
2019-01-25,20.9899997711,22.0300006866,20.7900009155,21.9300003052,110239500
2019-01-28,20.3199996948,21.0100002289,20.0200004578,20.1800003052,135164100
2019-01-29,20.2600002289,20.3899993896,19.0499992371,19.25,131202500
2019-01-30,21.4899997711,23.1299991608,21.3700008392,23.0900001526,211421200
2019-01-31,23.0200004578,25.1399993896,22.8299999237,24.4099998474,182575600
2019-02-01,24.6100006104,24.8400001526,24.0699996948,24.5100002289,105356200
2019-02-04,24.4300003052,24.6599998474,24.0699996948,24.1299991608,70843800
2019-02-05,23.4200000763,23.8600006104,22.9799995422,23.3099994659,122226000
2019-02-06,23.6299991608,24.1399993896,23.2199993134,23.2600002289,78684300
2019-02-07,22.9899997711,23.2199993134,22.3199996948,22.6700000763,86723900
2019-02-08,22.3299999237,23.2800006866,22.2700004578,23.0499992371,78129300
2019-02-11,23.0499992371,23.2800006866,22.6599998474,22.9599990845,60578700
2019-02-12,23.4300003052,23.5599994659,22.75,22.8199996948,67595400
2019-02-13,22.9799995422,23.2399997711,22.7099990845,22.8500003815,57544200
2019-02-14,22.7399997711,23.3700008392,22.5900001526,23.1299991608,64441200
2019-02-15,23.5799999237,24.0499992371,23.2000007629,23.6800003052,78644100
2019-02-19,23.6299991608,24.4099998474,23.6100006104,23.9500007629,57517900
2019-02-20,24.1399993896,24.3700008392,23.8999996185,23.9500007629,57091600
2019-02-21,24.0400009155,24.3299999237,23.8500003815,23.9200000763,49608200
2019-02-22,24.0499992371,24.3600006104,23.8799991608,24.3600006104,52650700
2019-02-25,25.0100002289,25.5200004578,24.6800003052,24.7099990845,63221000
2019-02-26,24.6499996185,24.7199993134,24.1499996185,24.2099990845,48470100
2019-02-27,24.1100006104,24.2299995422,23.2099990845,23.4799995422,62649300
2019-02-28,23.2099990845,23.6700000763,23.1100006104,23.5300006866,39384900
2019-03-01,23.9699993134,24.1900005341,23.4500007629,23.6800003052,48084000
2019-03-04,23.8899993896,24.1299991608,23.0100002289,23.3700008392,48147700
2019-03-05,23.3400001526,23.6800003052,23.0100002289,23.5,35462600
2019-03-06,23.4699993134,23.5300006866,22.3999996185,22.4099998474,60479400
2019-03-07,22.3299999237,22.4099998474,21.7299995422,22.0799999237,52186300
2019-03-08,21.3500003815,22.0900001526,21.0400009155,22.0100002289,49967700
2019-03-11,22.1499996185,23.0799999237,21.9799995422,22.9599990845,54420200
2019-03-12,23.1000003815,23.7999992371,22.7800006866,23.4899997711,56410600
2019-03-13,23.6599998474,24.1499996185,23.3500003815,23.3799991608,56705800
2019-03-14,23.3700008392,23.4899997711,22.7999992371,22.8199996948,42818600
2019-03-15,23.1000003815,23.6499996185,23.0100002289,23.2900009155,46519900
2019-03-18,23.2999992371,23.6200008392,23.0400009155,23.25,34731800
2019-03-19,23.6000003815,26.0799999237,23.5900001526,26,156052200
2019-03-20,26.4899997711,26.8799991608,25.3099994659,25.7000007629,151292100
2019-03-21,25.7800006866,28.1100006104,25.7099990845,27.8899993896,129610300
2019-03-22,27.5400009155,27.75,26.3299999237,26.3700008392,115323300
2019-03-25,26.2900009155,26.9899997711,25.5400009155,25.9699993134,78438200
2019-03-26,26.6900005341,26.9799995422,25.4599990845,25.6900005341,75754100
2019-03-27,25.7000007629,25.8799991608,24.5499992371,24.8899993896,88585300
2019-03-28,25.1000003815,25.5599994659,24.6499996185,25.0599994659,64667500
2019-03-29,25.5799999237,25.7299995422,25.25,25.5200004578,53502800
2019-04-01,26.4200000763,26.5599994659,25.8299999237,26.3600006104,63000300
2019-04-02,26.5100002289,26.7999992371,26.0900001526,26.75,53358800
2019-04-03,28.0200004578,29.9500007629,27.8799991608,29.0200004578,197650500
2019-04-04,28.8799991608,29.3899993896,28.6100006104,29.0900001526,82191100
2019-04-05,29.6399993896,29.6900005341,28.7999992371,28.9799995422,65662700
2019-04-08,28.6900005341,28.9500007629,28.1800003052,28.5300006866,58002500
2019-04-09,28.2399997711,28.3799991608,27.1900005341,27.2399997711,75539800
2019-04-10,27.4599990845,28.1200008392,27.3199996948,27.8299999237,64368100
2019-04-11,27.8099994659,28.0499992371,27.4599990845,27.7900009155,44801200
2019-04-12,28.2099990845,28.3799991608,27.6599998474,27.8500003815,41048800
2019-04-15,27.7999992371,27.8400001526,26.9599990845,27.3299999237,40812500
2019-04-16,27.7199993134,28.1800003052,27.4899997711,27.9300003052,47340100
2019-04-17,28.2099990845,28.2700004578,27.2199993134,27.4899997711,48240800
2019-04-18,27.6000003815,27.8799991608,27.3400001526,27.6800003052,39880900
2019-04-22,27.6200008392,28.2299995422,27.3899993896,28.1800003052,36477300
2019-04-23,28.1800003052,28.4899997711,27.7900009155,27.9699993134,41777500
2019-04-24,28.1000003815,28.8500003815,27.9300003052,28.4599990845,51784700
2019-04-25,28.6700000763,28.8600006104,27.3600006104,27.6599998474,57329700
2019-04-26,27.6599998474,27.8999996185,27.0499992371,27.8799991608,48827900
2019-04-29,27.8999996185,28.1399993896,27.5,27.6900005341,44532700
2019-04-30,27.5900001526,27.7999992371,26.9400005341,27.6299991608,73165900
2019-05-01,28.9500007629,29.1499996185,26.7800006866,26.8099994659,136066900
2019-05-02,26.9400005341,28.6399993896,26.6100006104,28.2900009155,100514800
2019-05-03,28.2999992371,28.4200000763,27.6599998474,28.2199993134,55503100
2019-05-06,26.7199993134,27.5,26.4500007629,27.4200000763,70344100
2019-05-07,27.2000007629,27.3500003815,26.2099990845,26.6599998474,75868800
2019-05-08,26.4099998474,27.7099990845,26.2700004578,27.0900001526,65967500
2019-05-09,26.7000007629,27.3799991608,26.0300006866,27.2099990845,73150900
2019-05-10,27.0300006866,28.1000003815,26.9300003052,27.9599990845,82930100
2019-05-13,26.9799995422,27.2299995422,26.1000003815,26.2399997711,99017900
2019-05-14,26.5300006866,27.4799995422,26.1499996185,27.3199996948,82980400
2019-05-15,26.8700008392,27.7900009155,26.7299995422,27.5799999237,55689900
2019-05-16,27.3700008392,28.3700008392,27.2700004578,28.0100002289,67330100
2019-05-17,27.6900005341,28.4599990845,27.3999996185,27.5,65385400
2019-05-20,26.9799995422,27.2399997711,26.4899997711,26.6800003052,69757400
2019-05-21,27.1800003052,27.3700008392,26.9300003052,27.3500003815,46079200
2019-05-22,27.1200008392,27.5900001526,27.0699996948,27.4099998474,40035300
2019-05-23,26.9899997711,27.1000003815,26.0300006866,26.3600006104,67809200
2019-05-24,26.6100006104,26.9300003052,26.3999996185,26.4400005341,39835800
2019-05-28,27.2700004578,29.6700000763,27.0599994659,29.0499992371,146949600
2019-05-29,29,29.3199996948,27.7299995422,28.0900001526,99969600
2019-05-30,28.3999996185,28.5599994659,27.6000003815,28.0300006866,65289100
2019-05-31,27.5699996948,28.3600006104,27.3999996185,27.4099998474,68667800
2019-06-03,28.75,29.6200008392,27.2900009155,27.5799999237,147532200
2019-06-04,28.3899993896,29.5900001526,27.9099998474,29.5699996948,107549500
2019-06-05,29.9300003052,29.9899997711,29.0300006866,29.5,79481500
2019-06-06,29.8700008392,31.9799995422,29.8400001526,31.8199996948,131267800
2019-06-07,31.9400005341,32.5999984741,31.5699996948,32.4099998474,86841100
2019-06-10,33.5299987793,34.2999992371,33.0800018311,33.2299995422,97668800
2019-06-11,33.4300003052,33.4900016785,31.8199996948,32.4099998474,82834900
2019-06-12,32,32.5699996948,31.9200000763,32.1800003052,56298700
2019-06-13,32.3899993896,32.5,31.0599994659,31.3899993896,63556000
2019-06-14,30.7000007629,30.9599990845,30.0200004578,30.3600006104,70373000
2019-06-17,30.25,30.4500007629,29.1800003052,29.2000007629,70865700
2019-06-18,29.7600002289,30.9699993134,29.5799999237,30.4500007629,86444500
2019-06-19,30.6700000763,30.7900009155,30.0599994659,30.5,63233900
2019-06-20,31.2399997711,31.3600006104,29.8400001526,30.0100002289,72418200
2019-06-21,29.6499996185,30.3500003815,28.9699993134,29.1000003815,81861300
2019-06-24,29.3199996948,29.3999996185,28.6700000763,29.2600002289,55724800
2019-06-25,29.2600002289,29.7199993134,28.7999992371,28.8600006104,53680900
2019-06-26,29.9799995422,30.4799995422,29.7800006866,29.9200000763,65064200
2019-06-27,30.4099998474,30.9599990845,30.2099990845,30.7399997711,55623300
2019-06-28,31.0799999237,31.1100006104,30.3299999237,30.3700008392,50090900
2019-07-01,31.7900009155,32.0400009155,30.8700008392,31.2000007629,60275900
2019-07-02,30.9599990845,31.2600002289,30.7299995422,31.2399997711,37721700
2019-07-03,31.1299991608,31.3299999237,30.7399997711,31.1900005341,23462000
2019-07-05,30.8799991608,31.5599994659,30.75,31.5,34011900
2019-07-08,31.7999992371,32.1500015259,31.2600002289,32.0400009155,49689400
2019-07-09,31.7600002289,33.1800003052,30.1000003815,33.1500015259,61419800
2019-07-10,33.5600013733,34.0299987793,33.3600006104,33.7900009155,60388400
2019-07-11,33.9099998474,34,32.7599983215,33.0600013733,63081800
2019-07-12,32.7599983215,33.3899993896,32.5900001526,33.2099990845,51509700
2019-07-15,33.3400001526,34.5499992371,33.2700004578,34.3899993896,65565200
2019-07-16,34.2999992371,34.8600006104,33.7999992371,33.8499984741,66912700
2019-07-17,34.0099983215,34.2999992371,33.4900016785,33.5999984741,42557900
2019-07-18,33.0299987793,33.4599990845,32.4199981689,33,58473900
2019-07-19,33.0800018311,33.3499984741,32.4500007629,32.5099983215,44617700
2019-07-22,32.7999992371,33.3100013733,32.7400016785,32.8499984741,37777300
2019-07-23,33.1699981689,33.5,32.9300003052,33.4900016785,38532500
2019-07-24,33.6399993896,34.3600006104,33.4500007629,34.1100006104,41952300
2019-07-25,34.0499992371,34.25,33.6199989319,33.6699981689,36705600
2019-07-26,34.2299995422,34.7700004578,33.8699989319,34.0200004578,43502800
2019-07-29,34.1399993896,34.1800003052,32.9799995422,33.4799995422,45922000
2019-07-30,33.2099990845,33.9399986267,32.9399986267,33.8699989319,72198900
2019-07-31,32.0800018311,32.2999992371,30.2999992371,30.4500007629,119190000
2019-08-01,30.5,31.4799995422,29.1000003815,29.8600006104,80878900
2019-08-02,29.4799995422,29.7299995422,28.9400005341,29.4400005341,60410900
2019-08-05,28.2600002289,28.4899997711,27.6499996185,27.9899997711,74333200
2019-08-06,28.8600006104,29.0499992371,28.2000007629,28.8600006104,60578400
2019-08-07,28.4699993134,29.2800006866,28.3700008392,29.1900005341,58577500
2019-08-08,31.5300006866,34.2700004578,31.4799995422,33.9199981689,167278800
2019-08-09,33.4500007629,35.5499992371,33.0800018311,34.1899986267,132483900
2019-08-12,34.1599998474,34.6500015259,32.0800018311,32.4300003052,106936000
2019-08-13,32.3600006104,33.1399993896,31.7199993134,32.1100006104,102009700
2019-08-14,31,31.0499992371,29.5100002289,30.2399997711,127521500
2019-08-15,30.6299991608,30.7299995422,29.2099990845,29.6700000763,71674400
2019-08-16,30.3099994659,31.4799995422,30.2099990845,31.1800003052,70469800
2019-08-19,32,32.1899986267,31.4200000763,31.4799995422,67596900
2019-08-20,30.9400005341,31.3099994659,30.4500007629,30.7199993134,47924000
2019-08-21,31.0499992371,31.7399997711,30.8400001526,31.7000007629,41441500
2019-08-22,31.7600002289,31.9200000763,30.9799995422,31.8999996185,47667900
2019-08-23,31.2999992371,31.8299999237,29.3999996185,29.5400009155,83681100
2019-08-26,30.3400001526,30.7199993134,29.9400005341,30.2800006866,50612500
2019-08-27,30.6000003815,30.8899993896,29.6000003815,30.2000007629,53229200
2019-08-28,29.9200000763,31.1800003052,29.7000007629,30.7800006866,55835900
2019-08-29,31.4699993134,31.8299999237,31.3299999237,31.4500007629,44422800
2019-08-30,31.6000003815,31.8700008392,31.1299991608,31.4500007629,40307000
2019-09-03,30.8299999237,31.1399993896,30.6800003052,30.8999996185,38029300
2019-09-04,31.3199996948,31.8299999237,30.8500003815,30.9500007629,46614600
2019-09-05,31.7900009155,32.0499992371,31.1200008392,31.5,57861200
2019-09-06,31.5,31.5100002289,30.4799995422,30.5599994659,51673000
2019-09-09,30.9300003052,31.1800003052,30.2399997711,30.5,54413200
2019-09-10,30.2199993134,30.3799991608,29.7700004578,30.2299995422,48604800
2019-09-11,30.3799991608,30.4300003052,29.5100002289,29.7600002289,50631700
2019-09-12,30.0799999237,30.8400001526,29.9500007629,30.2099990845,53618300
2019-09-13,30.2700004578,30.8500003815,29.9500007629,30.6900005341,47758800
2019-09-16,30.3700008392,31.1499996185,30.2600002289,30.8299999237,52248500
2019-09-17,31.0699996948,31.3199996948,30.7399997711,30.9899997711,35011700
2019-09-18,30.75,30.8899993896,29.8799991608,30.4200000763,47027500
2019-09-19,30.5699996948,30.9599990845,30.1399993896,30.2900009155,41603000
2019-09-20,30.3600006104,30.4699993134,29.6499996185,30.0499992371,79957400
2019-09-23,30.1200008392,30.7999992371,30.0699996948,30.6399993896,44366800
2019-09-24,30.5400009155,30.75,29.2900009155,29.5200004578,72963000
2019-09-25,29.4799995422,29.6499996185,28.5499992371,29.5400009155,58234800
2019-09-26,29.6700000763,29.7700004578,29,29.4699993134,40745400
2019-09-27,29.1700000763,29.7700004578,28.3500003815,28.7199993134,54091100
2019-09-30,28.8899993896,29.0499992371,28.3600006104,28.9899997711,37295600
2019-10-01,29.0499992371,29.5400009155,28.6399993896,28.7600002289,37081800
2019-10-02,28.5,28.8500003815,28.0300006866,28.3099994659,43640700
2019-10-03,28.2800006866,28.7800006866,27.4300003052,28.6800003052,56325200
2019-10-04,28.8299999237,29.0599994659,28.2800006866,29.0100002289,34446700
2019-10-07,28.8999996185,29.6299991608,28.8400001526,28.9300003052,39337200
2019-10-08,28.5499992371,28.6399993896,27.9200000763,28.2299995422,44265700
2019-10-09,28.7999992371,28.9500007629,28.3500003815,28.4599990845,35661500
2019-10-10,28.5200004578,28.8899993896,28,28.3799991608,40660100
2019-10-11,28.8299999237,30.2000007629,28.8099994659,29.75,66256900
2019-10-14,29.7099990845,30.6100006104,29.3799991608,30.5300006866,44473700
2019-10-15,30.7000007629,30.9200000763,30.1700000763,30.7199993134,41600700
2019-10-16,30.6000003815,31.4099998474,30.5300006866,30.8099994659,42804400
2019-10-17,31.2999992371,31.3999996185,30.8600006104,31.1399993896,36884400
2019-10-18,31.0599994659,31.3299999237,30.2900009155,30.9699993134,39681700
2019-10-21,31.5,32.2599983215,31.4099998474,32.0299987793,52182800
2019-10-22,32.0600013733,32.1500015259,31.5,31.5100002289,36185200
2019-10-23,31.0900001526,31.6499996185,30.8299999237,31.3600006104,26582200
2019-10-24,31.5799999237,31.8600006104,31.3400001526,31.7199993134,27808000
2019-10-25,31.8999996185,32.8600006104,31.8299999237,32.7099990845,45368800
2019-10-28,33.1599998474,33.9099998474,33.1500015259,33.6899986267,51223600
2019-10-29,33.7299995422,33.9000015259,32.7000007629,33.0299987793,78700100
2019-10-30,32.9300003052,33.3400001526,32.0299987793,33.1300010681,78228800
2019-10-31,32.9799995422,34.3400001526,32.8199996948,33.9300003052,67881600
2019-11-01,34.3699989319,35,34.0999984741,34.8899993896,64238600
2019-11-04,35.1899986267,36.4500007629,34.7599983215,36.2900009155,83343800
2019-11-05,36.5600013733,37.1800003052,35.9799995422,36.1500015259,84848600
2019-11-06,36.0600013733,36.4799995422,35.5200004578,35.9300003052,51675100
2019-11-07,36.5200004578,36.9900016785,36.0299987793,36.2799987793,54350200
2019-11-08,36.0600013733,36.5800018311,36,36.2900009155,39353900
2019-11-11,35.9599990845,36.6599998474,35.5800018311,36.3100013733,43511100
2019-11-12,36.4300003052,37.1300010681,36.4000015259,36.7099990845,58664500
2019-11-13,36.6500015259,37.9599990845,36.5800018311,37.5200004578,67648300
2019-11-14,37.5099983215,38.5,37.3600006104,38.3499984741,65829500
2019-11-15,38.9399986267,39.3699989319,38.3400001526,38.5600013733,62958500
2019-11-18,38.6500015259,39.9900016785,38.5999984741,39.8800010681,66102800
2019-11-19,40.1399993896,41.7900009155,39.6899986267,41.2900009155,94373000
2019-11-20,40.9599990845,41.75,40.0699996948,40.9799995422,79767900
2019-11-21,40.4199981689,40.7099990845,38.6399993896,39.5200004578,88069400
2019-11-22,39.3600006104,39.8899993896,38.1899986267,39.1500015259,56931900
2019-11-25,39.5,40.1699981689,39.4900016785,39.7900009155,45769500
2019-11-26,39.2999992371,39.4799995422,38.8100013733,38.9900016785,43603300
2019-11-27,39.4599990845,39.7599983215,39.0699996948,39.4099998474,33630100
2019-11-29,39.0999984741,39.5200004578,39.0200004578,39.1500015259,17609900
2019-12-02,39.3199996948,39.4099998474,38.4399986267,38.7299995422,35710200
2019-12-03,37.3400001526,38.9300003052,37.1500015259,38.9000015259,51556400
2019-12-04,39.3800010681,39.8199996948,39.1300010681,39.6899986267,44299400
2019-12-05,39.9500007629,40.2200012207,39.5499992371,39.6199989319,35574000
2019-12-06,40.0999984741,40.1899986267,39.5600013733,39.6300010681,31101400
2019-12-09,39.4599990845,39.8400001526,38.9099998474,38.9300003052,27928100
2019-12-10,39.2000007629,39.7299995422,38.8199996948,39.4399986267,33733600
2019-12-11,39.4399986267,39.6100006104,39.0400009155,39.4700012207,31698300
2019-12-12,39.4000015259,42.6199989319,39.25,42.5900001526,86878000
2019-12-13,42.3499984741,42.9500007629,41.0600013733,41.1500015259,79927800
2019-12-16,41.7299995422,42.9799995422,41.7299995422,42.3499984741,58824900
2019-12-17,42.5099983215,43.1100006104,42.1500015259,42.7700004578,44852000
2019-12-18,42.7900009155,43.0600013733,42.2400016785,42.2999992371,39083300
2019-12-19,42.6300010681,43.3400001526,42.5999984741,42.8300018311,45883000
2019-12-20,43.4399986267,44.2599983215,43.2599983215,44.1500015259,68104700
2019-12-23,44.5800018311,45.6300010681,44.3899993896,45.4599990845,55886500
2019-12-24,46.0999984741,46.6100006104,45.7700004578,46.5400009155,44432200
2019-12-26,46.9900016785,47.3100013733,45.6599998474,46.6300010681,57562800
2019-12-27,46.8499984741,46.8800010681,45.9799995422,46.1800003052,36581300
2019-12-30,46.1399993896,46.1699981689,44.6599998474,45.5200004578,41149700
2019-12-31,45.0699996948,46.0900001526,44.9199981689,45.8600006104,31673200
2020-01-02,46.8600006104,49.25,46.6300010681,49.0999984741,80331100
2020-01-03,48.0299987793,49.3899993896,47.5400009155,48.5999984741,73127400
2020-01-06,48.0200004578,48.8600006104,47.8600006104,48.3899993896,47934900
2020-01-07,49.3499984741,49.3899993896,48.0400009155,48.25,58061400
2020-01-08,47.8499984741,48.2999992371,47.1399993896,47.8300018311,53767000
2020-01-09,48.9399986267,49.9599990845,48.3899993896,48.9700012207,76512800
2020-01-10,49.2599983215,49.2900009155,48,48.1699981689,44133700
2020-01-13,48.6599998474,48.8600006104,48.2400016785,48.75,34266800
2020-01-14,48.6399993896,49.0400009155,47.9099998474,48.2099990845,38563200
2020-01-15,48.2299995422,49.0800018311,48.1199989319,48.5499992371,40199900
2020-01-16,49.1699981689,50.3100013733,48.9900016785,49.7700004578,58898900
2020-01-17,50.2000007629,51.0499992371,49.9000015259,50.9300003052,57722500
2020-01-21,50.9599990845,51.8100013733,50.7000007629,51.0499992371,49095000
2020-01-22,51.6300010681,51.8800010681,51.2000007629,51.4300003052,40772200
2020-01-23,51.3400001526,51.75,50.7400016785,51.7099990845,40135400
2020-01-24,52.2799987793,52.8100013733,49.4700012207,50.3499984741,80004900
2020-01-27,48.4500007629,49.7900009155,47.9000015259,49.2599983215,48878600
2020-01-28,50.0299987793,50.8499984741,49.4799995422,50.5299987793,62343800
2020-01-29,47.8400001526,48.0699996948,46.0999984741,47.5099983215,112349900
2020-01-30,46.4900016785,48.8100013733,46.1300010681,48.7799987793,70460200
2020-01-31,48.4000015259,48.5800018311,46.7900009155,47,60322400
2020-02-03,46.4000015259,48.0999984741,46.2299995422,48.0200004578,46983500
2020-02-04,49.2099990845,49.75,48.6100006104,49.4500007629,46302100
2020-02-05,50.2900009155,50.4199981689,49.3100013733,49.8400001526,42737100
2020-02-06,48.7999992371,49.3899993896,47.6300010681,49.3199996948,48670600
2020-02-07,48.9099998474,50.6699981689,48.6399993896,49.7299995422,53107600
2020-02-10,49.4700012207,52.2999992371,49.3499984741,52.2599983215,60971700
2020-02-11,53.2200012207,54.4799995422,52.9099998474,53.7999992371,74719100
2020-02-12,54.5299987793,54.8499984741,53.5299987793,53.8899993896,45994900
2020-02-13,53.4300003052,55.0299987793,53.3400001526,54.5299987793,51640000
2020-02-14,55.1899986267,55.4000015259,54.5600013733,55.3100013733,52365400
2020-02-18,54.9399986267,58.1300010681,54.8400001526,56.8899993896,70133200
2020-02-19,57.9900016785,59.2700004578,57.5099983215,58.9000015259,58597300
2020-02-20,58.4399986267,59.0200004578,56.1500015259,57.2700004578,74203400
2020-02-21,56.7099990845,56.7999992371,52.8899993896,53.2799987793,88271100
2020-02-24,48.1800003052,50.2799987793,47.4900016785,49.1199989319,86624100
2020-02-25,51.1399993896,51.2400016785,47.1199989319,47.5699996948,88699400
2020-02-26,47.7000007629,49.2900009155,47.0699996948,47.4900016785,86378400
2020-02-27,45.3800010681,46.2400016785,42.2099990845,44.0099983215,106416200
2020-02-28,41.3600006104,46.1500015259,41.0400009155,45.4799995422,100331800
2020-03-02,47.4199981689,47.6800003052,44.6599998474,47.4599990845,102324700
2020-03-03,49.0299987793,50.2000007629,45.6699981689,46.75,141972300
2020-03-04,48.25,50.1399993896,47.2099990845,50.1100006104,93311800
2020-03-05,48.6800003052,49.7200012207,47.5099983215,48.1100006104,98302700
2020-03-06,49.4399986267,49.5400009155,46.7400016785,48.5900001526,124590900
2020-03-09,43.0299987793,46.3400001526,42.5099983215,43.2700004578,80859800
2020-03-10,45.4099998474,45.4399986267,43.0999984741,45.3800010681,76228200
2020-03-11,44.1899986267,45.9700012207,43.7999992371,45.7000007629,101601100
2020-03-12,42,42.5,39,39.0099983215,107461500
2020-03-13,42.2000007629,43.9099998474,39.5999984741,43.9000015259,86689700
2020-03-16,39.0800018311,43.3699989319,38.5099983215,38.7099990845,84545900
2020-03-17,40.1899986267,42.8800010681,38.2999992371,41.8800010681,92741900
2020-03-18,39.5400009155,41.9500007629,36.75,39.1199989319,106949300
2020-03-19,39.5600013733,41.7000007629,37.6899986267,39.8199996948,88939000
2020-03-20,41.5099983215,42.4799995422,39.5800018311,39.6100006104,106859500
2020-03-23,40.6199989319,42.3199996948,38.9500007629,41.6399993896,101704700
2020-03-24,44.0400009155,46.8100013733,43.9900016785,46.2200012207,106794200
2020-03-25,46.7900009155,47.8800010681,44.4300003052,44.6300010681,93760400
2020-03-26,45.7799987793,47.5,45.4000015259,47.5,73680200
2020-03-27,46.3199996948,47.9799995422,45.9000015259,46.5800018311,74599200
2020-03-30,47.2400016785,48.4599990845,46.6599998474,47.8600006104,68486600
2020-03-31,47.9300003052,48.5299987793,45.1599998474,45.4799995422,83483700
2020-04-01,44.1800003052,46.8499984741,43.1599998474,43.6599998474,92083100
2020-04-02,43.4000015259,45.2799987793,43.0999984741,44.4900016785,79024100
2020-04-03,44.2999992371,44.8400001526,41.7000007629,42.5900001526,79335000
2020-04-06,44.2999992371,47.5800018311,44.0600013733,47.5200004578,82294000
2020-04-07,48.9599990845,49.6500015259,46.6800003052,47.5600013733,102098700
2020-04-08,48.0699996948,49,47.6100006104,48.7900009155,64930800
2020-04-09,49.6500015259,50.25,47.7200012207,48.3800010681,80270100
2020-04-13,48.4700012207,51.0699996948,48.2299995422,50.9399986267,64290100
2020-04-14,52.2400016785,55.1399993896,52.1100006104,54.9300003052,85306800
2020-04-15,53.7299995422,55.5699996948,53.4099998474,54.9900016785,83814000
2020-04-16,55.9599990845,58.0800018311,55.6300010681,56.9500007629,103106500
2020-04-17,57.3499984741,57.7599983215,55.5499992371,56.5999984741,76908800
2020-04-20,55.9799995422,58.6300010681,55.8499984741,56.9700012207,72367300
2020-04-21,56.9000015259,57.7299995422,51.4099998474,52.9199981689,123906400
2020-04-22,54.9099998474,56.1500015259,54.3400001526,55.9199981689,63041600
2020-04-23,56.6500015259,57.2900009155,55.6399993896,55.9000015259,69662700
2020-04-24,55.0999984741,56.7799987793,54.4199981689,56.1800003052,72761000
2020-04-27,57.4399986267,58,56.25,56.4900016785,62568100
2020-04-28,57.1599998474,57.3499984741,55.2999992371,55.5099983215,80501800
2020-04-29,54.5299987793,54.8600006104,52.7400016785,53.6599998474,110800900
2020-04-30,53.4300003052,54.2900009155,52.0299987793,52.3899993896,65543900
2020-05-01,51.0699996948,51.9500007629,49.0900001526,49.8800010681,69562700
2020-05-04,49.8199996948,52.6100006104,49.7299995422,52.5600013733,62590600
2020-05-05,53.4300003052,53.5099983215,51.2900009155,52.1899986267,56560500
2020-05-06,52.4199981689,53.3100013733,51.8800010681,52.1599998474,48138100
2020-05-07,52.9300003052,52.9700012207,51.6199989319,51.9500007629,48956600
2020-05-08,52.1500015259,53.2700004578,51.8100013733,53.1899986267,40686100
2020-05-11,52.9000015259,55.8899993896,52.75,55.7400016785,68746400
2020-05-12,56.2099990845,56.5800018311,53.75,53.7599983215,55631100
2020-05-13,54.0400009155,55.2200012207,51.2999992371,52.1800003052,76824700
2020-05-14,52.0999984741,54.5400009155,51.6100006104,54.5099983215,73814000
2020-05-15,53.3199996948,54.4399986267,52.8600006104,54.2000007629,66950900
2020-05-18,54.9799995422,55.25,54.2400016785,54.5900001526,48569200
2020-05-19,54.3899993896,56.7299995422,54.3600006104,55.4700012207,60388500
2020-05-20,56.5499992371,56.9799995422,55.6300010681,56.3899993896,50888200
2020-05-21,56.6800003052,56.7200012207,54.6100006104,54.6500015259,48496100
2020-05-22,54.7700004578,55.3699989319,53.7799987793,55.1699981689,43524100
2020-05-26,56.0099983215,56.0800018311,53.0200004578,53.1899986267,51618900
2020-05-27,53.2700004578,53.2799987793,49.0900001526,52.7400016785,102414500
2020-05-28,52.25,53.5400009155,51.25,51.7400016785,53670200
2020-05-29,52.0699996948,53.7999992371,51.8499984741,53.7999992371,64666700
2020-06-01,53.3100013733,54.1100006104,52.8899993896,53.6300010681,36864400
2020-06-02,53.4500007629,53.5699996948,52.0099983215,53.5400009155,42855200
2020-06-03,53.5999984741,53.6500015259,52.3300018311,52.7299995422,46765300
2020-06-04,52.5900001526,53.7400016785,52.2000007629,52.6300010681,44869100
2020-06-05,52.9900016785,53.5699996948,52.0800018311,53.0999984741,53908300
2020-06-08,53.2999992371,53.3499984741,52.2599983215,52.9700012207,39681700
2020-06-09,52.9500007629,56.4599990845,52.7200012207,56.3899993896,79919100
2020-06-10,57.2000007629,59,57.0299987793,57.4399986267,78719400
2020-06-11,55.9399986267,56.6800003052,52.7999992371,52.8300018311,78715400
2020-06-12,55.0099983215,55.5999984741,52.1100006104,53.5,71189100
2020-06-15,52.5800018311,54.7299995422,52.4099998474,54.6800003052,56740700
2020-06-16,55.7200012207,56.0699996948,53.5900001526,54.4599990845,50949700
2020-06-17,54.7900009155,55.8199996948,54.2999992371,54.5499992371,45146500
2020-06-18,54.6199989319,55.1199989319,53.6500015259,54.0400009155,40354700
2020-06-19,54.4099998474,55.4599990845,53.8199996948,54.2299995422,52801500
2020-06-22,54.6699981689,55.1699981689,53.7400016785,54.7599983215,44704800
2020-06-23,55.0499992371,55.3699989319,53.8699989319,53.9900016785,48089000
2020-06-24,53.9399986267,54.7400016785,51.9199981689,52.3899993896,53535500
2020-06-25,52.5600013733,52.7000007629,50.5400009155,51.9300003052,51129600
2020-06-26,51.8499984741,51.9500007629,49.4500007629,50.0999984741,65485700
2020-06-29,50.1500015259,50.2799987793,48.4199981689,50.2799987793,49905800
2020-06-30,51.1599998474,52.7700004578,50.8199996948,52.6100006104,42275700
2020-07-01,52.6300010681,52.8699989319,51.5999984741,52.5800018311,32370900
2020-07-02,53.0299987793,53.1899986267,52.0499992371,52.3400001526,29081400
2020-07-06,52.9000015259,53.5200004578,52.3300018311,53.4000015259,36769400
2020-07-07,53.2799987793,54.1699981689,52.8600006104,52.9300003052,32153100
2020-07-08,53.0099983215,53.4700012207,52.0699996948,53.4300003052,35608300
2020-07-09,53.5200004578,57.5800018311,53.3100013733,57.2599983215,87216300
2020-07-10,57.5400009155,58.1500015259,55.5099983215,55.8800010681,59839700
2020-07-13,56.6800003052,58.3499984741,53.3800010681,53.5900001526,57741800
2020-07-14,53.2999992371,54.8600006104,52.2599983215,54.7200012207,54890100
2020-07-15,54.9599990845,55.3699989319,53.5900001526,55.3400001526,42360300
2020-07-16,54.6800003052,55.1500015259,53.7400016785,54.9199981689,36887100
2020-07-17,55.3100013733,55.8100013733,54.6800003052,55.0400009155,34710400
2020-07-20,55.2299995422,57.5299987793,54.8300018311,57.4599990845,45034300
2020-07-21,57.8100013733,58.5,56.3199996948,57,44741000
2020-07-22,57.0699996948,62,56.9700012207,61.7900009155,135159400
2020-07-23,61.6300010681,62.3300018311,58.6300010681,59.5699996948,106829100
2020-07-24,64.1800003052,69.9400024414,64.0500030518,69.4000015259,205314500
2020-07-27,69.2799987793,71.6299972534,67.7900009155,68.9700012207,107918100
2020-07-28,68.0999984741,69.8000030518,67.0199966431,67.6100006104,94181400
2020-07-29,75.5,77.1900024414,73.9000015259,76.0899963379,132969700
2020-07-30,75.3700027466,78.9599990845,75.0699996948,78.1999969482,80286900
2020-07-31,78.6699981689,78.9599990845,75.3600006104,77.4300003052,71621600
2020-08-03,78.1900024414,78.5,77.0599975586,77.6699981689,42628800
2020-08-04,78.0299987793,85.8099975586,77.9899978638,85.0400009155,155676100
2020-08-05,84.9599990845,86.3199996948,83.3199996948,85.3099975586,65642600
2020-08-06,85.4899978638,86.9800033569,84.7799987793,86.7099990845,53961700
2020-08-07,86.6699981689,87.2900009155,82.6699981689,84.8499984741,66543200
2020-08-10,85.0500030518,85.1600036621,79.3199996948,82.2399978638,70536100
2020-08-11,80.7099990845,80.7099990845,76.0999984741,76.8799972534,77877700
2020-08-12,78.4300003052,82.8799972534,77.5500030518,82.6100006104,88513700
2020-08-13,82.8799972534,84.0199966431,81.5400009155,81.8399963379,57407400
2020-08-14,81.8099975586,83.2399978638,80.8799972534,81.3000030518,42389500
2020-08-17,82.0899963379,83.0599975586,81.5500030518,82.4199981689,31450200
2020-08-18,82.8000030518,82.8799972534,81.0299987793,81.6600036621,30970500
2020-08-19,81.7799987793,81.8499984741,80.4499969482,81.0899963379,37507400
2020-08-20,79.7399978638,82.8399963379,79.1200027466,82.7699966431,42948900
2020-08-21,83.2900009155,84.4100036621,82.2300033569,83.8099975586,48280300
2020-08-24,84.5500030518,85.3300018311,82.5500030518,83.0800018311,38036100
2020-08-25,83.3600006104,86.6200027466,82.3499984741,86.3499984741,49234400
2020-08-26,86.9700012207,87.7200012207,85.1999969482,86.0199966431,47157300
2020-08-27,86.3499984741,86.5800018311,82.9400024414,83.8000030518,42194200
2020-08-28,84.3000030518,86.0400009155,84.1900024414,85.5500030518,40723300
2020-08-31,85.0500030518,92.6399993896,85.0500030518,90.8199996948,90655900
2020-09-01,91.9199981689,92.5100021362,90.1900024414,92.1800003052,55825600
2020-09-02,94.0100021362,94.2799987793,88.7399978638,90.2200012207,50366900
2020-09-03,87.8399963379,88.4700012207,81.5899963379,82.5400009155,87462700
2020-09-04,81.4499969482,84.3899993896,76.3300018311,82.0100021362,82267800
2020-09-08,78.0500030518,81.8799972534,78,78.6900024414,54955700
2020-09-09,81.4000015259,82.4400024414,79.2799987793,81.9100036621,54163900
2020-09-10,83.0699996948,83.3099975586,78.3799972534,78.9800033569,51499400
2020-09-11,79.8199996948,79.9899978638,75.0400009155,76.3399963379,54763000
2020-09-14,76.8000030518,78.8199996948,76.2600021362,77.9000015259,47448700
2020-09-15,77.6600036621,80.3300018311,75.9700012207,78.9300003052,57874400
2020-09-16,79.3499984741,79.7200012207,76.5400009155,76.6600036621,38393500
2020-09-17,74.8799972534,76.6299972534,74.1999969482,76.5500030518,55619100
2020-09-18,77,77.4000015259,73.8499984741,74.9300003052,51082900
2020-09-21,74.2300033569,77.9800033569,73.8799972534,77.9400024414,61312000
2020-09-22,78.3600006104,78.7900009155,75.2699966431,77.6999969482,56044700
2020-09-23,77.3899993896,77.9100036621,74.3399963379,74.7300033569,42327500
2020-09-24,74.5400009155,77.25,73.9000015259,75.8199996948,57540900
2020-09-25,76.3499984741,78.1999969482,74.6699981689,78.0599975586,48206200
2020-09-28,79.1200027466,79.5699996948,77.5199966431,79.4800033569,48005500
2020-09-29,79.3000030518,82.5500030518,79.3000030518,81.7699966431,61568900
2020-09-30,81.75,82.9400024414,80.6600036621,81.9899978638,51533700
2020-10-01,83.0599975586,85.25,82.8600006104,84.8600006104,52177100
2020-10-02,82.5800018311,84.6500015259,81.6600036621,81.8000030518,52855100
2020-10-05,82.5500030518,86.2799987793,82.5500030518,86.1500015259,47056500
2020-10-06,86.2099990845,87.25,83.5400009155,84.4800033569,52725400
2020-10-07,86.0999984741,87.7900009155,85.6500015259,86.6900024414,43045700
2020-10-08,88.1100006104,88.7200012207,85.9499969482,86.5100021362,54240700
2020-10-09,84.7399978638,85.75,82.3499984741,83.0999984741,80354400
2020-10-12,83.6500015259,85.1299972534,83.1200027466,84.2900009155,47669700
2020-10-13,84.8600006104,86.0899963379,83.9700012207,85.2799987793,42764100
2020-10-14,85.8600006104,85.9599990845,83.4599990845,84.2099990845,40403000
2020-10-15,83.4000015259,84.7200012207,82.4199981689,83.1299972534,33696400
2020-10-16,83.5400009155,83.9899978638,82.4100036621,83.1699981689,31474300
2020-10-19,83.6200027466,84.6500015259,81.5299987793,82,36689100
2020-10-20,82.1600036621,82.6900024414,80.5800018311,81.5599975586,38219400
2020-10-21,81.7200012207,81.9300003052,79.1900024414,79.1999969482,36426400
2020-10-22,79.6500015259,80.8199996948,78.4199981689,79.4199981689,38006800
2020-10-23,80.9300003052,81.9899978638,79.3300018311,81.9599990845,46557700
2020-10-26,82.5500030518,84.9700012207,80.8600006104,82.2300033569,69423700
2020-10-27,82,82.3700027466,77.5699996948,78.8799972534,156669500
2020-10-28,78.7300033569,78.9599990845,75.7600021362,76.4000015259,76529900
2020-10-29,76.75,79.1800003052,76.2900009155,78.0199966431,52784100
2020-10-30,77.0899963379,77.6999969482,74.2300033569,75.2900009155,51349000
2020-11-02,75.8499984741,76.3399963379,73.7600021362,74.6999969482,45760700
2020-11-03,74.9300003052,77.0800018311,74.5999984741,76.5800018311,41231800
2020-11-04,80.25,81.8499984741,78.9700012207,81.3499984741,66579700
2020-11-05,83.2699966431,83.5,81.8499984741,83,46542300
2020-11-06,83.5199966431,86.0899963379,82.6699981689,85.8799972534,53829900
2020-11-09,84.2399978638,87.0500030518,82.7699966431,83.1200027466,58580700
2020-11-10,81.9300003052,82.1299972534,77.6299972534,77.9899978638,67137200
2020-11-11,79.3899993896,81.4700012207,78.9700012207,81.2799987793,44611300
2020-11-12,81.3199996948,83,80.3000030518,81.8399963379,37242600
2020-11-13,82.7300033569,83.1100006104,80.6999969482,81.4300003052,30423200
2020-11-16,81.2099990845,83.7799987793,80.4800033569,83.7300033569,38640800
2020-11-17,83.9300003052,84.8099975586,82.9100036621,83.3600006104,29473500
2020-11-18,83.0100021362,83.9599990845,82.2200012207,82.5400009155,29968000
2020-11-19,82.3899993896,85.6399993896,81.7200012207,85.5400009155,50116800
2020-11-20,85.2799987793,86.0999984741,84.4700012207,84.6399993896,35008400
2020-11-23,85.5199966431,87.5400009155,84.6200027466,85.3099975586,46505000
2020-11-24,85.7200012207,86.1100006104,83.3199996948,85.0699996948,36839200
2020-11-25,85.7600021362,87.8399963379,85.5199966431,86.7099990845,41349700
2020-11-27,87.9899978638,88,86.3600006104,87.1900024414,22717600
2020-11-30,87.3300018311,92.7399978638,86.5299987793,92.6600036621,84483000
2020-12-01,92.25,93.9000015259,90.7799987793,92.6299972534,58583600
2020-12-02,92.8899993896,96.3700027466,92.5299987793,93.7399978638,57988800
2020-12-03,94.0599975586,94.6999969482,92.0100021362,92.3099975586,35859700
2020-12-04,92.5800018311,94.5800018311,90.6299972534,94.0400009155,45570300
2020-12-07,94.9499969482,95,92.9700012207,94.0699996948,39815700
2020-12-08,94.0500030518,94.7399978638,91.9000015259,92.9199981689,33907500
2020-12-09,92.7600021362,94.6999969482,89.1600036621,89.8300018311,52170400
2020-12-10,89.5500030518,92.0899963379,89.0299987793,91.6600036621,33804400
2020-12-11,91.5400009155,92.3300018311,90.1600036621,91.6500015259,28368100
2020-12-14,92.2099990845,95.4100036621,91.8499984741,94.7799987793,48026400
2020-12-15,95.9300003052,97.9800033569,95.4499969482,97.1200027466,57232700
2020-12-16,97.0400009155,97.2699966431,95.4599990845,96.8499984741,34909000
2020-12-17,97.5500030518,97.9199981689,96.25,96.8399963379,32023700
2020-12-18,97.2699966431,97.6800003052,93.5599975586,95.9199981689,51823100
2020-12-21,94.25,95.2799987793,91.0800018311,93.2300033569,47093900
2020-12-22,93.3600006104,93.5500030518,90.5299987793,93.1600036621,35673700
2020-12-23,93.0800018311,93.1299972534,91.4599990845,91.5500030518,25993300
2020-12-24,91.8000030518,92.5100021362,91.3099975586,91.8099975586,16705900
2020-12-28,92.9300003052,93.1399993896,90.8199996948,91.5999984741,30627300
2020-12-29,91.6600036621,92.4599990845,89.4300003052,90.6200027466,31748200
2020-12-30,90.7799987793,92.8499984741,90.1900024414,92.2900009155,25845000
2020-12-31,92.0999984741,92.3000030518,90.8700027466,91.7099990845,24930700
2021-01-04,92.1100006104,96.0599975586,90.9199981689,92.3000030518,51802600
2021-01-05,92.0999984741,93.2099990845,91.4100036621,92.7699966431,34208000
2021-01-06,91.6200027466,92.2799987793,89.4599990845,90.3300018311,51911700
2021-01-07,91.3300018311,95.5100021362,91.1999969482,95.1600036621,42897200
2021-01-08,95.9800033569,96.4000015259,93.2699966431,94.5800018311,39816400
2021-01-11,94.0299987793,99.2300033569,93.7600021362,97.25,48600200
2021-01-12,97.8600006104,98.9700012207,94.0699996948,95.3600006104,67672300
2021-01-13,93.0100021362,93.8899993896,90.8399963379,91.7799987793,60712900
2021-01-14,91.7699966431,92.3600006104,90.4499969482,90.7900009155,53408200
2021-01-15,90.75,91.5899963379,87.8600006104,88.2099990845,49340300
2021-01-19,89.5599975586,89.5800018311,87.2399978638,89.4499969482,45115100
2021-01-20,90.5500030518,90.7799987793,88.5999984741,88.75,35185800
2021-01-21,89.3399963379,92.0699996948,88.4300003052,91.5299987793,54221900
2021-01-22,94.4199981689,95.9499969482,91.8799972534,92.7900009155,71294700
2021-01-25,94.1399993896,95.7399978638,91.4000015259,94.1299972534,55086900
2021-01-26,94.9100036621,95.7200012207,93.6299972534,94.7099990845,59449100
2021-01-27,91.0999984741,91.8799972534,86.2200012207,88.8399963379,73341200
2021-01-28,89.8300018311,89.8799972534,87.3000030518,87.5199966431,47048400
2021-01-29,87.5599975586,88.3300018311,85.0199966431,85.6399993896,56735800
2021-02-01,86.8300018311,87.9499969482,84.6600036621,87.6600036621,42359300
2021-02-02,88.4899978638,89.2799987793,86.9499969482,88.8600006104,33850000
2021-02-03,88.5999984741,89.4800033569,87.3399963379,87.8899993896,32312900
2021-02-04,88.2200012207,88.5999984741,87.0599975586,87.8399963379,30791600
2021-02-05,88.1500015259,88.3600006104,86.8799972534,87.9000015259,30268700
2021-02-08,88.3099975586,91.9899978638,87.9800033569,91.4700012207,47639900
2021-02-09,91.3899993896,93.3000030518,90.5500030518,90.9100036621,37596400
2021-02-10,91.5,93.2699966431,90.4599990845,92.3499984741,42441300
2021-02-11,92.9000015259,93.6500015259,91.3300018311,92.6600036621,35571000
2021-02-12,92.75,94.2200012207,91.9000015259,93.7699966431,38538400
2021-02-16,93.9000015259,94,90.75,91.4599990845,35105900
2021-02-17,90.5599975586,90.9599990845,88.5699996948,89.9400024414,32245500
2021-02-18,89.0899963379,89.5999984741,87.3099975586,88.6399993896,35624900
2021-02-19,89.75,90.4199981689,88.6900024414,89.5800018311,29548300
2021-02-22,88.1500015259,88.3000030518,85.2099990845,85.3700027466,36930200
2021-02-23,83.4000015259,85.1100006104,79.3600006104,84.7399978638,49720900
2021-02-24,84.3300018311,87.0899963379,82.8099975586,86.9400024414,40821200
2021-02-25,86.1699981689,87.0899963379,81.9199981689,82.4199981689,54625100
2021-02-26,83.5699996948,85.5899963379,82.9100036621,84.5100021362,48962900
2021-03-01,85.3700027466,86.5,83.9700012207,86.3899993896,32746200
2021-03-02,86.9199981689,86.9499969482,84.0400009155,84.1299972534,34828200
2021-03-03,84.2799987793,84.3799972534,80.8499984741,80.8600006104,43541000
2021-03-04,80.2300033569,81.8099975586,76.7799987793,77.75,60549400
2021-03-05,79,79.4800033569,74.1999969482,78.5199966431,58548900
2021-03-08,78.0299987793,79,73.8600006104,73.9599990845,54563900
2021-03-09,76.7300033569,79.2200012207,75.7699966431,78.5299987793,45088300
2021-03-10,79.75,80.0400009155,77.4100036621,77.5199966431,45416600
2021-03-11,79.4000015259,81.8899993896,79.3700027466,81.2300033569,43583700
2021-03-12,79.7300033569,81.1900024414,79.2300033569,81.0500030518,32938000
2021-03-15,81.9100036621,83.3899993896,81.1999969482,82.5,39086800
2021-03-16,83.6600036621,84.75,82.2600021362,82.75,42971600
2021-03-17,81.75,83.25,80.4100036621,82.6299972534,43320600
2021-03-18,81.0599975586,81.6200027466,78.0100021362,78.1200027466,51036500
2021-03-19,78.4899978638,79.3399963379,77.5899963379,79.0599975586,42283400
2021-03-22,79.9899978638,81.2699966431,79.2200012207,80.3000030518,39648600
2021-03-23,80.1299972534,80.3399963379,77.9499969482,78.3799972534,40466600
2021-03-24,77.5500030518,78.8000030518,76.4000015259,76.4800033569,43753600
2021-03-25,75.8499984741,76.9499969482,74.9599990845,76.2200012207,44735100
2021-03-26,76.6200027466,77.5,75.0299987793,77.4100036621,49148700
2021-03-29,77.0299987793,78.0199966431,76.2600021362,77.1399993896,37144300
2021-03-30,76.4700012207,76.5599975586,74.8499984741,76,39169300
2021-03-31,76.5699996948,79.1299972534,76.5199966431,78.5,43659500
2021-04-01,80.1600036621,81.3099975586,79.4800033569,81.0899963379,40182400
2021-04-05,81.7399978638,81.9000015259,80.3899993896,81.4300003052,32610600
2021-04-06,81.2099990845,82.4599990845,80.8799972534,81.4400024414,29327900
2021-04-07,81.3199996948,83.0999984741,80.3499984741,82.1999969482,35590900
2021-04-08,83.3199996948,83.7900009155,82.4400024414,83.3499984741,41925300
2021-04-09,82.8000030518,83.5899963379,82.1600036621,82.7600021362,32759900
2021-04-12,82.0599975586,82.1800003052,78.0299987793,78.5800018311,62098800
2021-04-13,79.6699981689,80.7200012207,78.9800033569,80.1900024414,37767300
2021-04-14,79.8799972534,80.1299972534,77.9400024414,78.5500030518,34263800
2021-04-15,80.3199996948,83.9499969482,79.9700012207,83.0100021362,68942800
2021-04-16,83.3000030518,83.5899963379,81.5299987793,82.1500015259,47280600
2021-04-19,82.1299972534,83.1800003052,80.3899993896,81.1100006104,39115500
2021-04-20,80.8199996948,81.1100006104,78.5100021362,79.2699966431,34977800
2021-04-21,78.9899978638,81.6600036621,78.8600006104,81.6100006104,35069000
2021-04-22,81.6100006104,81.7900009155,78.5899963379,79.0599975586,38846100
2021-04-23,80.2099990845,83.3000030518,79.9599990845,82.7600021362,49194000
2021-04-26,83.3499984741,85.9000015259,82.6999969482,85.4100036621,57594500
2021-04-27,85.6699981689,87.1500015259,85.1299972534,85.2099990845,61909900
2021-04-28,88.8499984741,89.1999969482,83.9199981689,84.0199966431,108920300
2021-04-29,84.6999969482,85.2699966431,82.6299972534,83.9100036621,51294500
2021-04-30,82.9700012207,84.0999984741,81.4199981689,81.6200027466,46601900
2021-05-03,81.9700012207,82,78.4599990845,78.5500030518,66323300
2021-05-04,77.9499969482,78.6699981689,77.0400009155,78.6100006104,59194300
2021-05-05,79.0500030518,79.3000030518,77.3600006104,77.8300018311,42310200
2021-05-06,77.6299972534,78.0599975586,76.4700012207,77.8899993896,38661300
2021-05-07,78.75,79.5699996948,78.2200012207,78.8099975586,36954200
2021-05-10,78.1999969482,78.3000030518,75.9199981689,75.9899978638,45134500
2021-05-11,73.5699996948,76.9300003052,72.75,76.8300018311,51008200
2021-05-12,75.0899963379,76.1299972534,74.1600036621,74.6399993896,42531400
2021-05-13,75.2099990845,75.6999969482,72.5,73.0899963379,48646800
2021-05-14,74.0199966431,75.0299987793,72.7200012207,74.5899963379,38355800
2021-05-17,74.2200012207,75.5199966431,73.4100036621,74.6500015259,40779200
2021-05-18,74.7399978638,75.7699966431,74.2399978638,74.4400024414,31982500
2021-05-19,73.1600036621,76.9700012207,72.7600021362,76.2300033569,73966200
2021-05-20,76.8099975586,78.2699966431,76.25,78.0599975586,49135000
2021-05-21,78.5500030518,78.8099975586,77.0400009155,77.1699981689,40201100
2021-05-24,77.2600021362,78.0100021362,76.8000030518,77.4400024414,33194300
2021-05-25,77.3300018311,78.7699966431,76.8399963379,77.8600006104,47353100
2021-05-26,77.8300018311,78.5899963379,77.5899963379,78.3399963379,30354000
2021-05-27,78.1100006104,78.4300003052,77.4700012207,78.4199981689,35883200
2021-05-28,78.6600036621,81.0899963379,78.6600036621,80.0800018311,40952700
2021-06-01,81.0100021362,82.9100036621,80.6600036621,80.8099975586,43433000
2021-06-02,81,82.5999984741,80.6600036621,81.9700012207,35203200
2021-06-03,81.1299972534,81.8899993896,80.2600021362,80.2799987793,29812000
2021-06-04,80.9199981689,82.1900024414,80.8099975586,81.5800018311,26387800
2021-06-07,81.4000015259,81.6800003052,80.3799972534,81.3499984741,29006800
2021-06-08,81.8700027466,82.6500015259,80.4499969482,80.8899993896,26956600
2021-06-09,81.0899963379,81.6800003052,79.8000030518,79.9599990845,28454600
2021-06-10,80.0199966431,81.7099990845,79.6999969482,81.5599975586,28606400
2021-06-11,81.6100006104,82.3300018311,80.6999969482,81.3099975586,24310900
2021-06-14,81.5100021362,81.5500030518,80.1999969482,81.5500030518,27830200
2021-06-15,81.5899963379,81.6800003052,80.2200012207,80.4700012207,26194300
2021-06-16,80.75,81.4499969482,78.9599990845,80.1100006104,29598300
2021-06-17,80.7699966431,85.3700027466,80.5699996948,84.5599975586,77822800
2021-06-18,84.2799987793,85.7699966431,83.4800033569,84.6500015259,58736800
2021-06-21,83.4899978638,84.1900024414,82.2099990845,82.5899963379,44417100
2021-06-22,82.9000015259,84.0400009155,82.4800033569,83.5800018311,32107700
2021-06-23,83.8300018311,84.4899978638,83.1600036621,83.8199996948,25992400
2021-06-24,84.3899993896,87.1399993896,84.3700027466,86.0999984741,42217700
2021-06-25,86.3399963379,86.3600006104,85.0999984741,85.6200027466,27804500
2021-06-28,86.3799972534,88,86.1500015259,87.0800018311,30262000
2021-06-29,87.4100036621,90.3000030518,86.6600036621,89.5199966431,46181000
2021-06-30,90.8199996948,94.3399963379,90.5999984741,93.9300003052,70721500
2021-07-01,94.0400009155,94.1800003052,91.6999969482,93.3099975586,58059000
2021-07-02,93.2799987793,95.2699966431,92.2099990845,94.6999969482,51316700
2021-07-06,94.8799972534,95.4100036621,93.3199996948,94.4700012207,44930100
2021-07-07,95.0199966431,95.4400024414,90.3099975586,90.5400009155,51498500
2021-07-08,87.8600006104,90.3399963379,87.4499969482,89.7399978638,45673500
2021-07-09,90.0400009155,91.2600021362,88.5299987793,90.9000015259,35278400
2021-07-12,91.2200012207,91.9000015259,89.6500015259,90.8099975586,28526600
2021-07-13,90.4800033569,91.4100036621,89.8300018311,90.2600021362,30367600
2021-07-14,90.7600021362,91.4000015259,88.9400024414,89.0500030518,28108500
2021-07-15,89.7799987793,89.7799987793,86.1800003052,86.9300003052,38944700
2021-07-16,87.3199996948,88.0299987793,85.6800003052,85.8899993896,35860700
2021-07-19,84.9899978638,87.2300033569,84.2399978638,86.5800018311,39244800
2021-07-20,87.0899963379,87.7699966431,85.1699981689,87.1100006104,28089000
2021-07-21,87.25,89.4899978638,86.9000015259,89.4100036621,29469900
2021-07-22,89.4000015259,91.3600006104,89.0800018311,91.2099990845,33730100
2021-07-23,91.3499984741,92.3700027466,90.1900024414,92.1500015259,31708900
2021-07-26,92.0100021362,92.75,91.1200027466,91.8199996948,27668500
2021-07-27,92.9400024414,94.0999984741,89.0999984741,91.0299987793,69427000
2021-07-28,93.4400024414,98.7099990845,89.6500015259,97.9300003052,140561000
2021-07-29,96.5800018311,105.739997864,96.5800018311,102.949996948,164091800
2021-07-30,101.599998474,106.970001221,101.379997253,106.190002441,125632000
2021-08-02,105.930000305,110.330001831,103.830001831,108.629997253,115581900
2021-08-03,108.150001526,114.849998474,107.660003662,112.559997559,157723100
2021-08-04,114.36000061,122.489997864,114.160003662,118.769996643,225368700
2021-08-05,116.629997253,117.680000305,111.589996338,112.349998474,137860900
2021-08-06,110.550003052,116.260002136,109.699996948,110.11000061,143899000
2021-08-09,111.309997559,112.330001831,107.059997559,107.580001831,115749900
2021-08-10,107.900001526,109.169998169,104.36000061,106.480003357,113012300
2021-08-11,107.599998474,109.790000916,105.620002747,107.680000305,91788300
2021-08-12,107.38999939,108.440002441,105.86000061,106.5,60578700
2021-08-13,107.169998169,111.709999084,106.569999695,110.550003052,100135700
2021-08-16,110.199996948,111.580001831,105.870002747,107.480003357,73325400
2021-08-17,106.63999939,108.699996948,105.349998474,107.559997559,74053900
2021-08-18,107.349998474,108.069999695,103.269996643,103.440002441,79387900
2021-08-19,103.319999695,106.180000305,101.980003357,103.699996948,71117500
2021-08-20,104.319999695,105.980003357,103.989997864,104.650001526,55227600
2021-08-23,105.300003052,109.019996643,104.86000061,108.769996643,68835300
2021-08-24,109.449996948,109.61000061,107.279998779,107.650001526,51239300
2021-08-25,108.129997253,109.910003662,107.449996948,108.300003052,45485500
2021-08-26,108.569999695,109.230003357,106.839996338,107.269996643,51442500
2021-08-27,108.010002136,111.779998779,107.800003052,111.400001526,61030000
2021-08-30,112.61000061,114.489997864,111.260002136,111.319999695,56130500
2021-08-31,111.260002136,111.260002136,109.029998779,110.720001221,49339000
2021-09-01,111.300003052,111.849998474,109.849998474,109.989997864,38579600
2021-09-02,110.319999695,110.879997253,108.769996643,109.199996948,40090500
2021-09-03,108.849998474,111.169998169,108.5,109.919998169,42605800
2021-09-07,109.959999084,110.580001831,108.660003662,109.150001526,28815200
2021-09-08,108.879997253,109.300003052,105.519996643,106.169998169,43067900
2021-09-09,106.559997559,107.300003052,105.839996338,106.150001526,31857900
2021-09-10,106.989997864,106.989997864,104.980003357,105.199996948,32602300
2021-09-13,105.260002136,105.279998779,102.629997253,104.800003052,37767800
2021-09-14,105.519996643,106.819999695,104.419998169,105.730003357,40629500
2021-09-15,106,106.319999695,104.029998779,105.599998474,37998900
2021-09-16,104.919998169,106.75,103.760002136,106.220001221,38150300
2021-09-17,105.559997559,105.980003357,103.709999084,103.879997253,44528300
2021-09-20,101.580001831,102.510002136,99.5100021362,101.550003052,45228400
2021-09-21,102.150001526,103.430000305,101.180000305,102.819999695,35481500
2021-09-22,102.819999695,104.559997559,102.209999084,104.379997253,34126300
2021-09-23,104.88999939,106.86000061,103.88999939,106.150001526,32816700
2021-09-24,105.190002441,106.050003052,104.680000305,105.800003052,26482600
2021-09-27,105.069999695,108.440002441,103.440002441,108.160003662,51944300
2021-09-28,106.839996338,107.650001526,101.419998169,101.519996643,74469000
2021-09-29,102.300003052,102.660003662,99.8099975586,100.349998474,52224700
2021-09-30,102.080001831,104.440002441,101.989997864,102.900001526,57636700
2021-10-01,102.599998474,103,100.63999939,102.449996948,41491600
2021-10-04,101.739997864,101.849998474,99.8199996948,100.339996338,41967100
2021-10-05,100.919998169,102.870002747,100.61000061,101.809997559,31455200
2021-10-06,100.449996948,103.720001221,100.349998474,103.63999939,39071700
2021-10-07,104.599998474,107.949996948,104.459999084,106.449996948,41543100
2021-10-08,106.550003052,107.279998779,104.88999939,105.059997559,30623000
2021-10-11,104.620002747,107.199996948,104.019996643,104.680000305,31284400
2021-10-12,105.169998169,106.040000916,104.339996338,105.040000916,34039900
2021-10-13,106.279998779,109.879997253,106.25,109.160003662,55631900
2021-10-14,110.5,112.220001221,109.629997253,111.989997864,46900200
2021-10-15,112.510002136,112.839996338,111.11000061,112.120002747,34203000
2021-10-18,111.900001526,116.879997253,111.370002747,116.430000305,47537800
2021-10-19,116.160003662,117.169998169,114.470001221,116.330001831,39593900
2021-10-20,116.290000916,118.300003052,115.419998169,116.38999939,34244800
2021-10-21,116.5,119.680000305,116.260002136,119.330001831,34794900
2021-10-22,120.830001831,121.559997559,118.370002747,119.819999695,38992700
2021-10-25,120.519996643,123.459999084,118.599998474,122.36000061,47834100
2021-10-26,122.989997864,127.199996948,122.580001831,122.930000305,59458900
2021-10-27,121.629997253,128.080001831,121.050003052,122.279998779,98245300
2021-10-28,122.86000061,123.5,120.260002136,121.160003662,58002500
2021-10-29,120.949996948,122.569999695,119.879997253,120.230003357,43320100
2021-11-01,119.449996948,125.669998169,118.129997253,125.230003357,54559800
2021-11-02,124.980003357,128.460006714,124.199996948,127.629997253,53491900
2021-11-03,127.75,130.600006104,126.790000916,130.529998779,59537800
2021-11-04,132.009994507,139,130.770004272,137.5,84825200
2021-11-05,139.190002441,141.220001221,134.419998169,136.339996338,64920600
2021-11-08,137.699996948,153.600006104,137.699996948,150.160003662,141493800
2021-11-09,154.009994507,155.649993896,143.88999939,148.919998169,98442600
2021-11-10,143.929992676,146.300003052,138.520004272,139.869995117,82989200
2021-11-11,142.960006714,146.470001221,140.839996338,146.009994507,67934800
2021-11-12,146.029998779,148.589996338,144.25,147.88999939,52162100
2021-11-15,148,148.979995728,142.86000061,146.490005493,52271300
2021-11-16,145.929992676,153.080001831,145.339996338,152.449996948,53100800
2021-11-17,151.979995728,154.660003662,149.690002441,151.339996338,54527500
2021-11-18,157.070007324,158.88999939,152.559997559,155.020004272,60612700
2021-11-19,155.759994507,156.919998169,153.449996948,155.410003662,41668900
2021-11-22,157.13999939,161.880004883,152.38999939,152.520004272,58674100
2021-11-23,150.410003662,152.660003662,145.300003052,149.919998169,62852700
2021-11-24,149.460006714,157.929992676,147.190002441,157.800003052,60677100
2021-11-26,155.800003052,158.100006104,152.809997559,154.809997559,36245100
2021-11-29,157.5,162.509994507,156.100006104,161.910003662,57438900
2021-11-30,163.279998779,164.460006714,155.679992676,158.369995117,75182500
2021-12-01,160.369995117,160.880004883,148.919998169,149.11000061,64039100
2021-12-02,147.679992676,152.529998779,146.470001221,150.679992676,56161200
2021-12-03,151.649993896,152.380004883,140.720001221,144.009994507,65910000
2021-12-06,141.13999939,141.309997559,134.199996948,139.059997559,66776500
2021-12-07,143.899993896,145.759994507,141,144.850006104,53359400
2021-12-08,144.960006714,147.039993286,142.699996948,145.240005493,40977500
2021-12-09,145.160003662,146.690002441,137.800003052,138.100006104,53019900
2021-12-10,141.289993286,141.369995117,135.820007324,138.550003052,42224300
2021-12-13,138.25,139.399993896,133.419998169,133.800003052,42174000
2021-12-14,131.669998169,137.240005493,130.600006104,135.600006104,50754600
2021-12-15,135.11000061,146.690002441,133.809997559,146.5,72425800
2021-12-16,147,147.929992676,137.020004272,138.63999939,63369600
2021-12-17,136.300003052,142.039993286,136.11000061,137.75,55642100
2021-12-20,135.970001221,138.259994507,133.520004272,135.800003052,38195400
2021-12-21,138.190002441,144.5,135.149993896,144.25,57785200
2021-12-22,142.649993896,144.5,140.270004272,143.880004883,46923700
2021-12-23,143.88999939,149.020004272,143.850006104,146.13999939,48653800
2021-12-27,147.509994507,154.88999939,147.25,154.36000061,53296400
2021-12-28,155.880004883,156.729995728,151.380004883,153.149993896,58699100
2021-12-29,152.820007324,154.339996338,147.289993286,148.259994507,51300200
2021-12-30,147.440002441,148.850006104,144.850006104,145.149993896,44358000
2021-12-31,146.160003662,148.61000061,143.550003052,143.899993896,49448100
2022-01-03,145.13999939,151.649993896,145.020004272,150.240005493,59396600
2022-01-04,151.009994507,152.419998169,140.699996948,144.419998169,80200500
2022-01-05,142.820007324,143.759994507,135.289993286,136.149993896,65403200
2022-01-06,136.190002441,138,131.770004272,136.229995728,64802900
2022-01-07,136.279998779,137.440002441,131.130004883,132,58441100
2022-01-10,129.080001831,132.419998169,125.029998779,132,84671300
2022-01-11,133.449996948,138.990005493,131.589996338,137.309997559,77153900
2022-01-12,138.589996338,140.570007324,135.770004272,137.470001221,69669600
2022-01-13,139.440002441,141.25,131.809997559,132.740005493,76618100
2022-01-14,131.679992676,137,131.429992676,136.880004883,71078400
2022-01-18,134.5,136.38999939,131.589996338,131.929992676,56527400
2022-01-19,133.550003052,134.570007324,128.020004272,128.270004272,69831800
2022-01-20,126.040000916,128.509994507,121.410003662,121.88999939,91157300
2022-01-21,120.13999939,125.019996643,118.38999939,118.809997559,95685300
2022-01-24,115.400001526,116.769996643,107.5,116.529998779,116210100
2022-01-25,114.099998474,114.819999695,109.86000061,111.129997253,85102900
2022-01-26,114.550003052,117.160003662,108.629997253,110.709999084,94752600
2022-01-27,111.959999084,112.75,101.940002441,102.599998474,125954100
2022-01-28,101.550003052,105.400001526,99.3499984741,105.239997864,98749500
2022-01-31,107.930000305,114.309997559,106.900001526,114.25,97206000
2022-02-01,116.75,117.260002136,112.730003357,116.779998779,122467900
2022-02-02,129.88999939,130.059997559,120.63999939,122.760002136,180065000
2022-02-03,120.319999695,125.370002747,118.819999695,120.080001831,103599500
2022-02-04,120.339996338,124.959999084,118.580001831,123.599998474,86212000
2022-02-07,123.559997559,127.629997253,122.790000916,123.669998169,81672500
2022-02-08,122.379997253,128.710006714,122.050003052,128.229995728,84902800
2022-02-09,129.600006104,132.960006714,127.650001526,132.850006104,92948900
2022-02-10,128.839996338,131.759994507,124.61000061,125.769996643,108939900
2022-02-11,126.13999939,127.169998169,111.809997559,113.180000305,164723200
2022-02-14,115.510002136,118.370002747,113.459999084,114.269996643,135146400
2022-02-15,117.190002441,121.879997253,114.36000061,121.470001221,143975900
2022-02-16,119.050003052,119.540000916,114.220001221,117.690002441,119109600
2022-02-17,116.260002136,116.980003357,112.260002136,112.370002747,98179600
2022-02-18,113.900001526,115.63999939,109.88999939,113.830001831,114321200
2022-02-22,115.269996643,119.199996948,113.61000061,115.650001526,141648500
2022-02-23,117.400001526,118.650001526,109.040000916,109.760002136,120299400
2022-02-24,104.559997559,116.959999084,104.260002136,116.61000061,142956600
2022-02-25,117.160003662,121.230003357,116.040000916,121.059997559,127821000
2022-02-28,120.309997559,124.61000061,119.199996948,123.339996338,124666100
2022-03-01,122.330001831,122.430000305,112.800003052,113.830001831,126552200
2022-03-02,115.470001221,119.480003357,113.309997559,118.279998779,118354500
2022-03-03,118.129997253,118.260002136,111.050003052,111.980003357,123916700
2022-03-04,112,113,106.809997559,108.410003662,100609400
2022-03-07,108.529998779,109.529998779,102.819999695,102.949996948,92600000
2022-03-08,102.809997559,109.900001526,100.080001831,105.529998779,135348300
2022-03-09,108.410003662,111.709999084,106.849998474,111.050003052,102310300
2022-03-10,108.88999939,109.069999695,103.069999695,106.459999084,102557400
2022-03-11,108.129997253,108.190002441,104.080001831,104.290000916,87584400
2022-03-14,102.989997864,105.239997864,101.040000916,102.25,89731700
2022-03-15,102.660003662,109.690002441,101.790000916,109.330001831,112425500
2022-03-16,111.599998474,115.419998169,109.88999939,115.370002747,113689800
2022-03-17,112.13999939,114.269996643,109.709999084,111.690002441,103201700
2022-03-18,111.279998779,114.930000305,110.550003052,113.459999084,105834800
2022-03-21,113.730003357,117.569999695,112.540000916,115.919998169,101905900
2022-03-22,115.430000305,117.949996948,113.809997559,114.779998779,101672600
2022-03-23,114.290000916,117.550003052,112.209999084,113.919998169,90579200
2022-03-24,114.959999084,120.550003052,113.709999084,120.529998779,121961300
2022-03-25,119.919998169,121.400001526,117.25,119.669998169,95852400
2022-03-28,117.699996948,120.410003662,116.709999084,120.239997864,92966100
2022-03-29,122.279998779,123.709999084,119.589996338,123.230003357,94143000
2022-03-30,123.040000916,125.669998169,118.589996338,119.220001221,99476900
2022-03-31,116.309997559,116.379997253,109.019996643,109.339996338,147004800
2022-04-01,110.480003357,111.419998169,106.099998474,108.190002441,111867100
2022-04-04,109.970001221,110.940002441,107.029998779,110.529998779,90123900
2022-04-05,109.690002441,110.480003357,106.050003052,106.819999695,79532000
2022-04-06,104.449996948,105.739997864,101.709999084,103.669998169,105256600
2022-04-07,103.919998169,105.239997864,100.910003662,103.720001221,91895500
2022-04-08,102.510002136,102.989997864,100.419998169,101,92746700
2022-04-11,98.5999984741,98.6699981689,95.9400024414,97.3700027466,95527700
2022-04-12,98.7799987793,99.5899963379,94.5999984741,95.0999984741,89246400
2022-04-13,95.3000030518,98.3300018311,94.7099990845,97.7399978638,77728400
2022-04-14,98.3700027466,98.3899993896,92.9199981689,93.0599975586,73354400
2022-04-18,92.0299987793,95.1600036621,91.6399993896,93.8899993896,80605800
2022-04-19,93.3899993896,97.0699996948,92.8399963379,96.9300003052,77069500
2022-04-20,97.8399963379,97.9100036621,93.1999969482,94.0199966431,62489000
2022-04-21,95.1600036621,96.2300033569,89.2399978638,89.8499984741,76680600
2022-04-22,90.0299987793,91.4599990845,87.9400024414,88.1399993896,75017700
2022-04-25,89.8600006104,91.3700027466,88.6100006104,90.6900024414,93481000
2022-04-26,89.7399978638,90.1200027466,85.0800018311,85.1600036621,89127400
2022-04-27,84.25,87.9000015259,84.0199966431,84.9100036621,83125100
2022-04-28,86.6699981689,90.5800018311,84.7799987793,89.6399993896,91495400
2022-04-29,88.0500030518,91.7900009155,85.3799972534,85.5199966431,82647700
2022-05-02,85.6600036621,90.3700027466,85.3199996948,89.8399963379,98304100
2022-05-03,89.8499984741,92.2099990845,89.0100021362,91.1299972534,126381800
2022-05-04,98.1800003052,99.6900024414,91.6999969482,99.4199981689,225394100
2022-05-05,97.6500015259,97.8399963379,92.1699981689,93.8700027466,153129800
2022-05-06,94.3399963379,98.1800003052,92.6500015259,95.3399963379,144286600
2022-05-09,92.8700027466,93.7399978638,85.3799972534,86.3600006104,144523700
2022-05-10,89.1800003052,90.7699966431,85.4100036621,88.7300033569,137235500
2022-05-11,87.8399963379,93.4599990845,86.5299987793,87.9199981689,136137900
2022-05-12,86.5999984741,88.5500030518,83.2699966431,87.0599975586,129214200
2022-05-13,88.3000030518,96.5699996948,88.2200012207,95.1200027466,138068100
2022-05-16,93.8600006104,98.1699981689,93.0800018311,94.2399978638,131065700
2022-05-17,97.8799972534,103.199996948,97.5400009155,102.470001221,164227200
2022-05-18,100,104.220001221,95.7099990845,96.2799987793,142603200
2022-05-19,96.6900024414,100.690002441,95.0899963379,96.6699981689,141506200
2022-05-20,98.3899993896,98.6399993896,88.2600021362,93.5,164126800
2022-05-23,91.6600036621,95.1900024414,90.9199981689,95.0699996948,128773000
2022-05-24,92.5400009155,93.4199981689,89.6200027466,91.1600036621,123341400
2022-05-25,90.4300003052,93.8899993896,89.5199966431,92.6500015259,111771100
2022-05-26,91.3399963379,100.330001831,90.7399978638,98.75,128792700
2022-05-27,100.13999939,102.400001526,99.3799972534,102.260002136,104348400
2022-05-31,102.430000305,104.550003052,100.040000916,101.86000061,125102900
2022-06-01,102.129997253,103.569999695,99.5500030518,101.220001221,99351400
2022-06-02,100.779998779,109.5,100.779998779,108.589996338,120953800
2022-06-03,105.800003052,109.38999939,104.650001526,106.300003052,110844700
2022-06-06,108.269996643,109.569999695,104.230003357,105.650001526,96726900
2022-06-07,104.239997864,106.239997864,102.61000061,105.279998779,79022900
2022-06-08,104.569999695,105.849998474,100.410003662,101.900001526,97641900
2022-06-09,101.569999695,103.940002441,98.7399978638,98.8000030518,95299000
2022-06-10,98.8199996948,99.9300003052,94.25,94.8199996948,102135400
2022-06-13,91.2600021362,92.0299987793,86.6399993896,86.9899978638,98148800
2022-06-14,87.4100036621,88.3000030518,85.8199996948,86.9899978638,84066600
2022-06-15,87.9000015259,90.8600006104,86.1900024414,89.3000030518,95774800
2022-06-16,86.6299972534,86.7300033569,80.6399993896,82.0500030518,102433300
2022-06-17,82.1900024414,82.9400024414,79.4300003052,81.5699996948,105212300
2022-06-21,84.1699981689,85.8099975586,82.5999984741,83.7900009155,87780600
2022-06-22,84.4000015259,86.3799972534,83.3000030518,83.75,86634700
2022-06-23,84.3199996948,84.4100036621,80.2300033569,82.4300003052,100614600
2022-06-24,83.5599975586,87.5299987793,83.0800018311,87.0800018311,88553900
2022-06-27,87.3600006104,88.2200012207,85.25,86.1600036621,74663500
2022-06-28,85.7099990845,86.7300033569,80.4300003052,80.7799987793,95618600
2022-06-29,79.5500030518,79.75,76.5100021362,77.9899978638,104140900
2022-06-30,77.7300033569,78.9100036621,75.4800033569,76.4700012207,105368600
2022-07-01,75.1900024414,75.4499969482,72.6900024414,73.6699981689,87734200
2022-07-05,71.9800033569,75.2099990845,71.5999984741,75.1999969482,95589000
2022-07-06,75.1699981689,76.2799987793,73.5500030518,75.3499984741,85458900
2022-07-07,77.1900024414,79.9899978638,76.9000015259,79.3000030518,83640900
2022-07-08,78.3099975586,80.4700012207,77.4000015259,79.3499984741,83405900
2022-07-11,77.8499984741,78.2900009155,75.8399963379,76.9499969482,76150300
2022-07-12,76.9800033569,77.4400024414,74.4300003052,76.3600006104,77873200
2022-07-13,74.9400024414,79.1100006104,74.4800033569,77.5199966431,79355000
2022-07-14,78.2300033569,79.25,76,78.5999984741,83493600
2022-07-15,79.3600006104,81.1999969482,77.9000015259,81.1100006104,76050600
2022-07-18,82.2099990845,84.4700012207,80.9400024414,81.4300003052,90464300
2022-07-19,82.7600021362,86.4100036621,82.1900024414,85.8799972534,85047500
2022-07-20,85.3899993896,89.9199981689,85.0800018311,89.4300003052,88348600
2022-07-21,89.5999984741,91.5800018311,88.2200012207,91.0899963379,90449300
2022-07-22,90.1999969482,90.6900024414,87.0400009155,88.0999984741,76989700
2022-07-25,86.5699996948,87.5999984741,85.1200027466,87.5400009155,70083000
2022-07-26,87,87.75,84.7099990845,85.25,69180400
2022-07-27,86.9400024414,90.6200027466,86.2900009155,89.8199996948,78301600
2022-07-28,90.4199981689,92.2200012207,88.5899963379,91.6699981689,79009200
2022-07-29,90.6999969482,94.8099975586,90.5599975586,94.4700012207,76630700
2022-08-01,95.5899963379,98.3899993896,93.9599990845,96.7799987793,96477500
2022-08-02,95.7099990845,100.919998169,95.3600006104,99.2900009155,116734100
2022-08-03,94.8300018311,98.7699966431,93.6200027466,98.0899963379,131142000
2022-08-04,97.5,104.589996338,97.2600021362,103.910003662,125855800
2022-08-05,101.050003052,103.86000061,100.980003357,102.309997559,93859900
2022-08-08,100.059997559,101.800003052,97.9899978638,100.069999695,92606800
2022-08-09,97.9499969482,98.0500030518,93.6699981689,95.5400009155,89473700
2022-08-10,98.4499969482,99.3499984741,95.6100006104,99.0500030518,83416100
2022-08-11,99.9300003052,102.370002747,98,98.1200027466,77516900
2022-08-12,99.1999969482,101.400001526,98.4800033569,100.830001831,72316300
2022-08-15,100.510002136,101.849998474,99.8000030518,101.010002136,61327100
2022-08-16,100.839996338,101.449996948,98.3199996948,100.199996948,60220700
2022-08-17,99.2600021362,99.6399993896,96.7300033569,98.2699966431,63735600
2022-08-18,97.7399978638,101.069999695,96.7300033569,100.440002441,76059500
2022-08-19,98.6699981689,99.25,94.5899963379,95.9499969482,67221700
2022-08-22,94.4000015259,95.0199966431,92.3600006104,92.8399963379,61837300
2022-08-23,92.3899993896,94.4400024414,92.1100006104,92.4899978638,52927000
2022-08-24,92.2099990845,93.3799972534,90.9000015259,92.7300033569,56520400
2022-08-25,93.1399993896,97.5699996948,93.1399993896,97.1800003052,61016200
2022-08-26,96.2900009155,97.5999984741,91.1200027466,91.1800003052,65552500
2022-08-29,90.0500030518,91.1900024414,88.2600021362,88.4899978638,61142500
2022-08-30,90.0599975586,90.1500015259,85.3399963379,86.9400024414,69087100
2022-08-31,86.2799987793,86.7200012207,83.7200012207,84.8700027466,64991700
2022-09-01,82.3499984741,82.7600021362,78.5199966431,82.3300018311,94854700
2022-09-02,83.3199996948,83.6500015259,79.8099975586,80.2399978638,84924400
2022-09-06,80.4100036621,80.8899993896,78.3700027466,78.7200012207,68727300
2022-09-07,79.2399978638,80.25,77.7399978638,79.6100006104,67891200
2022-09-08,80.0299987793,83.4499969482,79.2399978638,82.7799987793,89089300
2022-09-09,84.0299987793,85.6800003052,83.8399963379,85.4499969482,68907700
2022-09-12,84.8899993896,85.3499984741,83.4599990845,84.6399993896,71922500
2022-09-13,80.9599990845,81.4700012207,76.8000030518,77.0299987793,80921200
2022-09-14,77.0999984741,78.0800018311,75.8700027466,77.4499969482,71483000
2022-09-15,76.6399993896,77.9700012207,74.9100036621,76.6600036621,81818000
2022-09-16,75.6200027466,76.8199996948,74.6800003052,76.5100021362,75300200
2022-09-19,75.3899993896,77.3399963379,75.3499984741,76.7699966431,64966900
2022-09-20,76.0800018311,76.5800018311,74.7300033569,75.25,51129100
2022-09-21,75.4400024414,78.4100036621,74.4499969482,74.4800033569,82069700
2022-09-22,73.8899993896,74.2900009155,69.1699981689,69.5,101436900
2022-09-23,68,69.0800018311,66.8199996948,67.9599990845,87690000
2022-09-26,67.8700027466,68.7399978638,66.25,66.3000030518,82898700
2022-09-27,67.9000015259,68.7799987793,66,67.1699981689,94871800
2022-09-28,67.1100006104,68.8000030518,66.5599975586,68.3600006104,72389500
2022-09-29,67.1500015259,67.1999969482,62.8300018311,64.1399993896,102552400
2022-09-30,63.6199989319,65.9100036621,63.3400001526,63.3600006104,81664100
2022-10-03,64.4599990845,66.9100036621,63.3899993896,66.1100006104,83841600
2022-10-04,68.2699966431,69.1800003052,67.3300018311,67.9000015259,77160500
2022-10-05,66.5899963379,68.6900024414,64.5199966431,67.9400024414,87127400
2022-10-06,67.8199996948,70.2900009155,67.6600036621,67.8499984741,98325900
2022-10-07,64.0100021362,64.0299987793,58.2200012207,58.4399986267,163786300
2022-10-10,57.3100013733,58.7900009155,56.2999992371,57.8100013733,112241800
2022-10-11,57.2099990845,58.9199981689,56.0499992371,57.6300010681,114054800
2022-10-12,57.4500007629,58.3199996948,56.3199996948,57.8499984741,89264200
2022-10-13,55.5200004578,60.1399993896,54.5699996948,58.9399986267,131159800
2022-10-14,59.5999984741,59.9399986267,55.8400001526,55.9399986267,96959300
2022-10-17,57.3499984741,58.5099983215,57.0999984741,57.9599990845,76977600
2022-10-18,59.9099998474,60.4900016785,56.4000015259,57.9199981689,103064500
2022-10-19,57.3300018311,59.0400009155,56.5699996948,57.2299995422,75704800
2022-10-20,57.4700012207,60.2000007629,57.4000015259,57.7700004578,79552600
2022-10-21,57.2200012207,58.9099998474,55.7099990845,58.8199996948,95366400
2022-10-24,58.5699996948,59,56.6599998474,58.7000007629,76305400
2022-10-25,58.7700004578,61.9799995422,58.6899986267,61.4700012207,85501900
2022-10-26,59.6899986267,61.7700004578,59.1500015259,59.7299995422,79761600
2022-10-27,61.5999984741,62.7200012207,58.5099983215,58.5999984741,83871400
2022-10-28,59.0999984741,62.3499984741,58.9199981689,62.0099983215,78198600
2022-10-31,60.75,61.8600006104,59.5299987793,60.0600013733,73274100
2022-11-01,61.4900016785,61.9900016785,59.4300003052,59.6599998474,83806700
2022-11-02,63,63.9300003052,58.5699996948,58.6300010681,142669400
2022-11-03,58.1100006104,62.2799987793,58.0299987793,60.1100006104,95279900
2022-11-04,62.5,63,60.5299987793,62.1899986267,84791300
2022-11-07,62.9300003052,63.5299987793,61.4000015259,63.0800018311,62722500
2022-11-08,64.0899963379,64.9599990845,62.3699989319,63.8499984741,75938000
2022-11-09,62.2799987793,63.0499992371,59.7999992371,59.9199981689,62940300
2022-11-10,64.3000030518,68.8000030518,63.6199989319,68.4700012207,107996300
2022-11-11,69.5800018311,73.3199996948,68.2900009155,72.3700027466,111709500
2022-11-14,75.2200012207,75.25,72.6699981689,73.5299987793,108892800
2022-11-15,77.2600021362,79.1600036621,75.3899993896,76.3700027466,108946300
2022-11-16,73.6600036621,74.8300018311,71.9300003052,72.6999969482,79968000
2022-11-17,70.5599975586,74.3799972534,70.1600036621,73.9000015259,82320800
2022-11-18,75.0699996948,75.3499984741,72.1800003052,73.5699996948,73223200
2022-11-21,72.2099990845,72.9800033569,71.5699996948,72.4599990845,51536300
2022-11-22,72.7200012207,75.3300018311,72.1100006104,75.25,55450200
2022-11-23,75.4899978638,78.2200012207,75.3000030518,76.4000015259,81623600
2022-11-25,75.6699981689,76.0400009155,74.75,75.1399993896,26018900
2022-11-28,73.8099975586,75.4700012207,72.5699996948,73.1900024414,45383800
2022-11-29,73.6200027466,74.4899978638,72.7799987793,73.3899993896,51846400
2022-11-30,73.3799972534,77.6999969482,72.8099975586,77.6299972534,88468400
2022-12-01,78.3099975586,79.2300033569,76.4400024414,77.4800033569,59833400
2022-12-02,75.0500030518,76.2799987793,73.6500015259,74.9800033569,64377200
2022-12-05,74.5400009155,75.1699981689,72.8199996948,73.6200027466,47022200
2022-12-06,73.0800018311,73.3899993896,69.4000015259,70.2699966431,64965200
2022-12-07,69.5299987793,71.3700027466,69.2799987793,70.1399993896,59180100
2022-12-08,70.1399993896,71.2200012207,69,70.4700012207,56734100
2022-12-09,69.4899978638,70.6699981689,68.5199966431,68.5899963379,59058300
2022-12-12,68.5400009155,70.6699981689,67.5299987793,70.6699981689,60968300
2022-12-13,74.8700027466,75.2099990845,70.6600036621,71.6500015259,72458000
2022-12-14,70.9300003052,72,68.3199996948,68.9300003052,67278000
2022-12-15,67.5999984741,68.2099990845,66.1200027466,66.5299987793,58557000
2022-12-16,66.25,67.1900024414,64.8000030518,65.4100036621,62438600
2022-12-19,65.1200027466,65.5899963379,63.7099990845,64.5899963379,46246900
2022-12-20,63.7599983215,66.0599975586,63.5200004578,65.0500030518,52431300
2022-12-21,65.4300003052,67.8499984741,65.2099990845,67.6800003052,44167600
2022-12-22,66.0800018311,66.3099975586,62.2599983215,63.8600006104,73917700
2022-12-23,63.1100006104,64.6600036621,62.7200012207,64.5199966431,45923000
2022-12-27,63.8699989319,64.2799987793,62.9700012207,63.2700004578,36086000
2022-12-28,62.5400009155,63.5400009155,61.9599990845,62.5699996948,39526500
2022-12-29,63.6399993896,65.1800003052,63.0600013733,64.8199996948,41428500
2022-12-30,63.7700004578,64.8199996948,63.1399993896,64.7699966431,37127000
2023-01-03,66,66.8799972534,63.5900001526,64.0199966431,46851800
2023-01-04,65,65.7900009155,63.3100013733,64.6600036621,47477100
2023-01-05,64.1500015259,64.3499984741,62.2999992371,62.3300018311,46159500
2023-01-06,63.1500015259,64.3000030518,60.0499992371,63.9599990845,70161300
2023-01-09,66.2200012207,69.3199996948,65.6699981689,67.2399978638,69741300
2023-01-10,66.6699981689,68.1500015259,66.5599975586,68.0500030518,41149600
2023-01-11,68.3899993896,69.1299972534,67.2200012207,69.0599975586,44470100
2023-01-12,70.0699996948,71.6500015259,67.1800003052,70.8000030518,70066200
2023-01-13,69.8399963379,71.0999984741,69.2300033569,71,45757400
2023-01-17,70.8700027466,72.6600036621,70.6500015259,71.5899963379,42621300
2023-01-18,71.8700027466,72.7799987793,70.5,70.5299987793,39538700
2023-01-19,68.9700012207,69.25,67.2699966431,67.7099990845,47189900
2023-01-20,68.0100021362,70.1299972534,67.4499969482,70.0699996948,47757600
2023-01-23,72.2200012207,76.5899963379,71.5400009155,76.5299987793,84293200
2023-01-24,73.75,75.6399993896,73.4199981689,74.6999969482,60822600
2023-01-25,72.9000015259,75.1200027466,72.0899963379,74.9100036621,49932600
2023-01-26,76.5,77.0800018311,74.2799987793,75.1600036621,49583900
2023-01-27,73.6999969482,76.7399978638,73.4899978638,75.4000015259,58118600
2023-01-30,74.2300033569,74.6399993896,72.4000015259,72.4499969482,48105200
2023-01-31,72.2600021362,75.1999969482,72.0299987793,75.1500015259,71669100
2023-02-01,78.4700012207,85.4800033569,77.8799972534,84.6399993896,152548200
2023-02-02,84.2900009155,88.9400024414,83.1999969482,88.3099975586,97762100
2023-02-03,86.6600036621,88.8000030518,85.8300018311,86.0899963379,66557800
2023-02-06,84.6299972534,86.2799987793,83.2200012207,83.6800003052,53008900
2023-02-07,84.3199996948,86.25,82.5199966431,85.9100036621,65291900
2023-02-08,85.8799972534,88,84.5400009155,84.6900024414,54140400
2023-02-09,85.8799972534,86.6699981689,82.7600021362,83.2099990845,46525400
2023-02-10,82.2900009155,82.7099990845,80.4700012207,81.4800033569,49332600
2023-02-13,81.5699996948,84.1500015259,80.9000015259,83.1299972534,45400000
2023-02-14,82.6999969482,86.1900024414,81.7699966431,85.9499969482,55979700
2023-02-15,85.0999984741,85.8899993896,83.3199996948,85.1800003052,46430200
2023-02-16,82.9800033569,83.3499984741,80.0500030518,80.0800018311,57755200
2023-02-17,79.5999984741,79.6500015259,77.3700027466,78.5,47826600
2023-02-21,77.1500015259,78.4599990845,76.4499969482,76.7699966431,44045600
2023-02-22,76.9300003052,78.1299972534,75.9199981689,76.6100006104,50286800
2023-02-23,80.6299972534,81.7900009155,77.9700012207,79.75,76391300
2023-02-24,77.75,78.8099975586,76.9400024414,78.0899963379,46700000
2023-02-27,79.6399993896,80.1200027466,78.5299987793,78.7699966431,45617300
2023-02-28,77.8700027466,80.1399993896,77.4199981689,78.5800018311,44220100
2023-03-01,78.5500030518,80.2900009155,77.8799972534,78.2900009155,44266000
2023-03-02,77.5699996948,80.9199981689,76.6500015259,80.4400024414,60108600
2023-03-03,80.4000015259,81.6299972534,79.3399963379,81.5199966431,54536200
2023-03-06,82.0299987793,83.3000030518,81.0400009155,81.1600036621,54541300
2023-03-07,81.0699996948,84.8499984741,80.6699981689,82.1100006104,70959000
2023-03-08,82.7900009155,85.7699966431,82.2799987793,85.3700027466,69529800
2023-03-09,85.2900009155,87.8099975586,83.5899963379,84.0299987793,79496700
2023-03-10,84.4700012207,85.4499969482,81.6299972534,82.6699981689,70273600
2023-03-13,81.3899993896,83.8300018311,78.5199966431,82.0100021362,65269100
2023-03-14,83.6699981689,88.3000030518,83.5899963379,87.4499969482,66616300
2023-03-15,86.7699966431,90.4199981689,86.2200012207,89.6800003052,86177400
2023-03-16,89.7200012207,96.6900024414,89.0199966431,96.5999984741,115839200
2023-03-17,96.6600036621,98.75,95.9400024414,97.8399963379,94080800
2023-03-20,96.3000030518,96.9400024414,92.9000015259,96.8099975586,92008900
2023-03-21,97,99.4599990845,93.6399993896,95.9300003052,85285300
2023-03-22,95.6500015259,101.699996948,95.6399993896,97.5800018311,110816300
2023-03-23,100.050003052,102.430000305,98.6699981689,100.279998779,84088900
2023-03-24,99.1800003052,99.5199966431,96.7399978638,97.9499969482,64712400
2023-03-27,98.0199966431,98.9300003052,95.4300003052,96.6100006104,57461400
2023-03-28,96.7699966431,96.9400024414,92.8700027466,94.5599975586,59150100
2023-03-29,96.0699996948,96.9100036621,94.8700027466,96.0899963379,55326000
2023-03-30,98,99.5299987793,97.25,97.8799972534,59678500
2023-03-31,96.3399963379,98.3600006104,95.2699966431,98.0100021362,55861100
2023-04-03,96.6999969482,96.7900009155,94.8099975586,96.5599975586,50655300
2023-04-04,97.0400009155,97.2699966431,95.2099990845,95.8700027466,43195900
2023-04-05,94.3499984741,94.5,91.3600006104,92.5599975586,52979300
2023-04-06,91.4700012207,92.9100036621,90.6200027466,92.4700012207,47778400
2023-04-10,91.3199996948,95.8000030518,91.0199966431,95.4800033569,52536300
2023-04-11,96.0599975586,96.0699996948,92.6900024414,94.0299987793,51935800
2023-04-12,94.9700012207,95,91.7399978638,92.3300018311,53383100
2023-04-13,92.7900009155,93.1600036621,91.8300018311,92.0899963379,40572500
2023-04-14,91.8199996948,92.9700012207,90.5,91.75,38734800
2023-04-17,90.2300033569,90.6900024414,88.3000030518,89.8700027466,47250800
2023-04-18,91.6100006104,92.1600036621,89.3300018311,89.7799987793,46246300
2023-04-19,88.5100021362,90.5400009155,88.2200012207,89.9400024414,37344500
2023-04-20,88.8300018311,91.5800018311,88.7300033569,90.1100006104,47082700
2023-04-21,89.8000030518,89.8000030518,88.0599975586,88.4300003052,41118300
2023-04-24,88.1100006104,88.6399993896,86.3399963379,87.5699996948,40423800
2023-04-25,86.9000015259,87.0599975586,83.7600021362,83.8000030518,52771500
2023-04-26,86.5100021362,87.3499984741,85.3199996948,85.9400024414,47786600
2023-04-27,86.4100036621,87.5699996948,84.0899963379,87.4400024414,53087200
2023-04-28,87.0199966431,89.75,86.4400024414,89.3700027466,50686100
2023-05-01,91.0299987793,91.0400009155,88.6100006104,89.6900024414,59358700
2023-05-02,89.3199996948,90.4599990845,88.1200027466,89.9100036621,70483500
2023-05-03,83.5400009155,85.4800033569,81.0199966431,81.6200027466,109482200
2023-05-04,81.5699996948,91.6399993896,81.1100006104,86.6100006104,122840500
2023-05-05,84.9899978638,90.4300003052,84.7200012207,89.8399963379,78491100
2023-05-08,89.9899978638,95.6600036621,89.1699981689,95.0400009155,95503200
2023-05-09,94.8899993896,96.1600036621,93.4300003052,95.0599975586,68674800
2023-05-10,96.4199981689,99.9400024414,96.1200027466,97.0199966431,95619500
2023-05-11,98.1600036621,99.1900024414,96.1399993896,97.0999984741,57061000
2023-05-12,96.8300018311,97.4499969482,93.6800003052,95.2600021362,53829700
2023-05-15,95.1999969482,97.4300003052,93.4499969482,97.4000015259,51749200
2023-05-16,97.3899993896,103.279998779,97.3099975586,101.480003357,90622900
2023-05-17,101.790000916,104.13999939,100.050003052,103.75,75240900
2023-05-18,103.980003357,108.099998474,103.930000305,107.930000305,74338700
2023-05-19,106.36000061,107.290000916,104.620002747,105.819999695,67880200
2023-05-22,104.680000305,108.790000916,103.489997864,108,65424200
2023-05-23,107.25,110.989997864,107.190002441,108.120002747,73099100
2023-05-24,105.980003357,108.910003662,105.63999939,108.269996643,65910500
2023-05-25,117.309997559,120.690002441,115.800003052,120.349998474,108514700
2023-05-26,122.459999084,127.430000305,120.88999939,127.029998779,92922800
2023-05-30,130.419998169,130.789993286,123.510002136,125.269996643,98902300
2023-05-31,122.419998169,123.959999084,117.86000061,118.209999084,87552200
2023-06-01,117.290000916,121.279998779,116.599998474,119.470001221,66032900
2023-06-02,120.75,121.660003662,117.680000305,117.86000061,52382400
2023-06-05,116.589996338,119.319999695,116.419998169,117.930000305,52602900
2023-06-06,117.910003662,124.419998169,117.739997864,124.230003357,75257500
2023-06-07,124.029998779,125.339996338,117.069999695,117.830001831,81755200
2023-06-08,118.300003052,122.209999084,117.050003052,121.050003052,65246900
2023-06-09,123.569999695,127.25,123.550003052,124.919998169,75105000
2023-06-12,128.520004272,130.479995728,126.400001526,129.190002441,85394700
2023-06-13,132.320007324,132.830001831,122.449996948,124.529998779,132461900
2023-06-14,126.529998779,127.730003357,123.809997559,127.330001831,95888100
2023-06-15,125.38999939,125.699996948,122.260002136,124.239997864,85587100
2023-06-16,125.819999695,125.849998474,119.900001526,120.080001831,82007100
2023-06-20,119.089996338,121.75,117.699996948,118.930000305,58851800
2023-06-21,118.489997864,119.190002441,111.669998169,112.11000061,82835600
2023-06-22,112.239997864,114,109.849998474,110.699996948,70754800
2023-06-23,109.309997559,111.099998474,107.459999084,110.010002136,73622000
2023-06-26,110.949996948,112.550003052,107.199996948,107.510002136,68557000
2023-06-27,108.569999695,110.970001221,107.080001831,110.38999939,59381600
2023-06-28,108.209999084,111.779998779,107.629997253,110.169998169,67534100
2023-06-29,112.069999695,112.760002136,109.839996338,111.239997864,58347200
2023-06-30,113.029998779,114.690002441,112.410003662,113.910003662,53378800
2023-07-03,115.160003662,116.730003357,114.510002136,115.819999695,31860000
2023-07-05,116.099998474,117.660003662,113.86000061,113.949996948,49501600
2023-07-06,112.069999695,113.790000916,110.309997559,113.480003357,42342000
2023-07-07,114.160003662,115.330001831,113.040000916,113.169998169,37211300
2023-07-10,113,113.61000061,109.879997253,113.580001831,49330200
2023-07-11,111.660003662,113.269996643,109.5,111.319999695,59899500
2023-07-12,112.88999939,115.400001526,112.309997559,114.580001831,57993100
2023-07-13,115.760002136,116.160003662,113.580001831,115.919998169,49206700
2023-07-14,116.169998169,122.120002747,115.25,115.940002441,91927200
2023-07-17,115.949996948,118.839996338,112.730003357,118.319999695,68593300
2023-07-18,117.550003052,118.430000305,115.190002441,117.930000305,57980100
2023-07-19,121.300003052,121.669998169,115.550003052,116.430000305,70363100
2023-07-20,114.959999084,115.050003052,109.239997864,110.25,76340400
2023-07-21,110.970001221,112.300003052,109.540000916,110.949996948,76815400
2023-07-24,110.620002747,111.309997559,108.550003052,110.61000061,45583600
2023-07-25,111.13999939,114.050003052,111,113,44916300
2023-07-26,111.910003662,112.36000061,109.300003052,110.089996338,51721700
2023-07-27,111.790000916,115.080001831,110.510002136,111.099998474,70678000
2023-07-28,113.379997253,114.86000061,112.440002441,112.959999084,55526000
2023-07-31,114.160003662,114.680000305,112.349998474,114.400001526,54187300
2023-08-01,114.260002136,118.190002441,113.160003662,117.599998474,95279300
2023-08-02,119.489997864,119.5,107.379997253,109.349998474,173372000
2023-08-03,108.949996948,114.959999084,108.949996948,113.150001526,90605400
2023-08-04,114.480003357,118.849998474,113.959999084,115.819999695,83169700
2023-08-07,116.36000061,119.080001831,115.489997864,116.809997559,65854800
2023-08-08,114.940002441,115.459999084,111.410003662,113.230003357,54141800
2023-08-09,112.88999939,113.150001526,108.779998779,110.470001221,56257100
2023-08-10,111.300003052,113.88999939,109.470001221,110.230003357,57297800
2023-08-11,108.849998474,109.069999695,106.480003357,107.569999695,55667700
2023-08-14,106.75,111.989997864,105.419998169,111.980003357,57421800
2023-08-15,111.989997864,113.180000305,110.169998169,111.349998474,53816600
2023-08-16,110.089996338,110.440002441,106.980003357,107.190002441,54327300
2023-08-17,107.620002747,107.849998474,104.099998474,104.440002441,59064300
2023-08-18,102.400001526,106.069999695,101.680000305,105.449996948,59916700
2023-08-21,106.199996948,108.540000916,105.669998169,108.220001221,49319200
2023-08-22,109.400001526,109.720001221,104.849998474,105.660003662,47295200
2023-08-23,105.650001526,110.080001831,105,109.430000305,54656300
2023-08-24,111.059997559,111.63999939,100.870002747,101.800003052,109179100
2023-08-25,101.169998169,104.120002747,99.5800018311,102.25,74793100
2023-08-28,103.470001221,104.069999695,100.88999939,102.61000061,55386800
2023-08-29,102.11000061,106.569999695,101.790000916,105.919998169,50850300
2023-08-30,105.400001526,107.669998169,104.5,106.589996338,54847300
2023-08-31,106.190002441,108.059997559,104.86000061,105.720001221,58919000
2023-09-01,107,110.059997559,106.61000061,109.449996948,54856100
2023-09-05,109,111.819999695,106.300003052,110.779998779,66042200
2023-09-06,110.559997559,111.330001831,108.220001221,109.279998779,47736700
2023-09-07,106.13999939,107.690002441,105.089996338,106.589996338,49080100
2023-09-08,107.019996643,109.739997864,105.75,106.089996338,46232000
2023-09-11,107.319999695,107.510002136,103,105.319999695,50611300
2023-09-12,104.199996948,106.739997864,103.180000305,105.309997559,44413600
2023-09-13,105.099998474,108.739997864,104.830001831,107.709999084,44702300
2023-09-14,108.430000305,109.150001526,106.220001221,106.629997253,45920600
2023-09-15,106.069999695,106.760002136,101.279998779,101.489997864,71103600
2023-09-18,100.819999695,102.989997864,99.4499969482,102.370002747,49061300
2023-09-19,101.75,102.86000061,100.699996948,101.61000061,41704100
2023-09-20,102.36000061,103.940002441,100.279998779,100.339996338,55180600
2023-09-21,98.5999984741,98.8700027466,95.8399963379,96.1100006104,59704300
2023-09-22,96.9199981689,98.4199981689,95.6100006104,96.1999969482,52169400
2023-09-25,95.9499969482,97.4499969482,94.4599990845,97.3799972534,43223700
2023-09-26,96.5,97.8300018311,95.2699966431,95.9599990845,42866500
2023-09-27,96.8199996948,99.2300033569,96.3499984741,98.0699996948,51261500
2023-09-28,97.9400024414,104.199996948,97.7600021362,102.760002136,72542100
2023-09-29,104.690002441,104.940002441,102.559997559,102.819999695,56078600
2023-10-02,102.209999084,103.709999084,101.699996948,103.269996643,45118600
2023-10-03,101.800003052,103.290000916,99.1699981689,100.080001831,48117000
2023-10-04,100.650001526,104.400001526,100.339996338,104.069999695,51023200
2023-10-05,103.410003662,103.739997864,100.269996643,102.910003662,51789700
2023-10-06,102.160003662,107.870002747,102.029998779,107.239997864,64864100
2023-10-09,106.010002136,107.309997559,104.790000916,106.970001221,39593200
2023-10-10,107.489997864,110.120002747,106.400001526,109.010002136,57105500
2023-10-11,109.13999939,110.099998474,106.930000305,108.309997559,51085600
2023-10-12,108.400001526,111.309997559,107.510002136,108.790000916,60959400
2023-10-13,108.650001526,108.970001221,104.75,105.089996338,52881500
2023-10-16,105.419998169,107.480003357,105.029998779,106.459999084,42464500
2023-10-17,103.540000916,106.290000916,101.660003662,105.13999939,49642100
2023-10-18,103.379997253,104.779998779,101.739997864,102.169998169,50450000
2023-10-19,103.809997559,105.599998474,101.839996338,102.400001526,52734200
2023-10-20,102.279998779,104.339996338,101.440002441,101.809997559,61317900
2023-10-23,100.809997559,102.419998169,99.3199996948,100.010002136,50817400
2023-10-24,100.970001221,101.790000916,99.3799972534,101.669998169,51982900
2023-10-25,100.419998169,101.029998779,95.2300033569,96.0599975586,53424500
2023-10-26,95.9899978638,97.5199966431,93.1200027466,93.6699981689,49896400
2023-10-27,95.8000030518,97.3499984741,94.5899963379,96.4300003052,52458700
2023-10-30,96.1399993896,97.0400009155,94.6999969482,96.1800003052,43716600
2023-10-31,96.2399978638,98.8199996948,94.0699996948,98.5,79547100
2023-11-01,98.5800018311,108.150001526,98.5,108.040000916,138641500
2023-11-02,107.959999084,109.410003662,105.910003662,107.830001831,71377000
2023-11-03,109.050003052,113.38999939,107.86000061,112.25,65632200
2023-11-06,112.599998474,113.080001831,110.220001221,111.75,49270400
2023-11-07,111.86000061,114.650001526,111.220001221,113.449996948,50550200
2023-11-08,113.550003052,115.319999695,112.879997253,113.589996338,41880600
2023-11-09,114.099998474,115.809997559,113.059997559,113.489997864,61146900
2023-11-10,114.349998474,119.699996948,114.029998779,118.589996338,75135900
2023-11-13,118.339996338,118.680000305,116,116.790000916,46741900
2023-11-14,119.699996948,122.11000061,119.220001221,119.879997253,61017400
2023-11-15,120.540000916,120.589996338,116.870002747,118,59555600
2023-11-16,117.199996948,120.730003357,116.410003662,119.830001831,49661900
2023-11-17,119.63999939,121.489997864,118.819999695,120.620002747,38508900
2023-11-20,120.699996948,121.930000305,120.069999695,121.529998779,43138700
2023-11-21,120.540000916,120.650001526,117.940002441,119.160003662,41064800
2023-11-22,120,124.760002136,119.949996948,122.510002136,56862200
2023-11-24,122.029998779,123.25,121.540000916,122.309997559,19001000
2023-11-27,122.069999695,123.88999939,121.769996643,122.650001526,32743000
2023-11-28,121.980003357,122.540000916,120.790000916,122.010002136,32047100
2023-11-29,123.980003357,125.730003357,123.480003357,123.849998474,37876300
2023-11-30,123.61000061,124.050003052,119.650001526,121.160003662,44494200
2023-12-01,119.879997253,121.400001526,118.650001526,121.38999939,37048000
2023-12-04,119.75,119.900001526,116.370002747,118.569999695,39854400
2023-12-05,117.430000305,118.489997864,116.449996948,118.379997253,39191600
2023-12-06,120.690002441,122.830001831,116.379997253,116.819999695,60599000
2023-12-07,120.790000916,128.679992676,119.559997559,128.369995117,118579100
2023-12-08,129.539993286,131,126.88999939,128.919998169,89341000
2023-12-11,130.559997559,135.039993286,128.25,134.410003662,98668300
2023-12-12,132.25,139.88999939,131.899993896,137.61000061,111677800
2023-12-13,137.970001221,139.240005493,136.029998779,138.190002441,70651600
2023-12-14,138.88999939,141.820007324,135.729995728,138,76115200
2023-12-15,139.520004272,140.88999939,137.25,139.149993896,70211800
2023-12-18,139.149993896,139.789993286,137.649993896,138.899993896,45199500
2023-12-19,138.570007324,143.470001221,138.559997559,140.149993896,63739800
2023-12-20,139,139.580001831,135.369995117,135.470001221,54671700
2023-12-21,138.13999939,139.979995728,137.380004883,139.910003662,47179400
2023-12-22,140.479995728,140.699996948,138.309997559,139.600006104,35396600
2023-12-26,140.070007324,143.850006104,139.919998169,143.410003662,47157400
2023-12-27,144.720001221,146.25,143.179992676,146.070007324,49033400
2023-12-28,146.800003052,150.410003662,145.949996948,148.759994507,63800700
2023-12-29,149.5,151.050003052,147.199996948,147.410003662,62079200
2024-01-02,144.279998779,144.399993896,137.429992676,138.580001831,64902000
2024-01-03,135.710006714,137.429992676,133.740005493,135.320007324,61988600
2024-01-04,134.300003052,137.699996948,134,136.009994507,58610300
2024-01-05,136.779998779,141.009994507,136.440002441,138.580001831,69657700
2024-01-08,140.36000061,147.149993896,140.149993896,146.179992676,71756900
2024-01-09,145.949996948,149.86000061,145.080001831,149.259994507,67875700
2024-01-10,150.070007324,150.880004883,146.649993896,148.539993286,56951200
2024-01-11,148.520004272,150.380004883,143.690002441,148.020004272,62764600
2024-01-12,148.039993286,148.75,145,146.559997559,48293100
2024-01-16,150.36000061,159.720001221,149.979995728,158.740005493,112711400
2024-01-17,158.449996948,160.63999939,154.399993896,160.169998169,104085000
2024-01-18,166.199996948,168.600006104,158.220001221,162.669998169,131864900
2024-01-19,165.800003052,174.25,162.199996948,174.229995728,140367900
2024-01-22,174.38999939,174.720001221,164.149993896,168.179992676,122973800
2024-01-23,166.5,169.630004883,164.270004272,168.419998169,76830500
2024-01-24,172.550003052,180.580001831,170.559997559,178.289993286,125516400
2024-01-25,183.410003662,184.919998169,177.630004883,180.330001831,127171400
2024-01-26,175.289993286,181.229995728,174.149993896,177.25,107381200
2024-01-29,178.770004272,178.88999939,174.399993896,177.830001831,89384500
2024-01-30,176.130004883,178.479995728,169.520004272,172.059997559,122265700
2024-01-31,165.740005493,171.300003052,162.559997559,167.690002441,133157300
2024-02-01,169.270004272,171.13999939,165.86000061,170.479995728,91576700
2024-02-02,173.789993286,179,173.050003052,177.660003662,82134300
2024-02-05,179.089996338,180.009994507,171.11000061,174.229995728,76349200
2024-02-06,173.149993896,173.880004883,165.5,167.880004883,68854100
2024-02-07,169.470001221,172.970001221,168.199996948,170.940002441,53665400
2024-02-08,170.330001831,172.169998169,168.600006104,169.350006104,43385300
2024-02-09,171,175.100006104,168.660003662,172.479995728,56375700
2024-02-12,172.679992676,177.410003662,170.669998169,171.910003662,58177100
2024-02-13,167.940002441,173.169998169,164.300003052,171.539993286,63071300
2024-02-14,173.470001221,178.740005493,172.880004883,178.699996948,57402500
2024-02-15,179.13999939,180.5,175.259994507,176.759994507,51126400
2024-02-16,177.449996948,180.330001831,173.25,173.869995117,53940300
2024-02-20,171.13999939,171.809997559,162,165.690002441,66550000
2024-02-21,162.740005493,164.899993896,161.809997559,164.289993286,48365700
2024-02-22,173.199996948,183.830001831,172,181.86000061,100684700
2024-02-23,181.86000061,183.800003052,174.550003052,176.520004272,69207400
2024-02-26,178.779998779,179.839996338,174.809997559,176.009994507,45435100
2024-02-27,175.919998169,178.460006714,172.490005493,178,43665200
2024-02-28,176.25,176.839996338,173.589996338,176.539993286,35914400
2024-02-29,179.820007324,193,179.820007324,192.529998779,105538500
2024-03-01,197.910003662,202.720001221,195.419998169,202.63999939,103820800
2024-03-04,205.160003662,211.009994507,203.5,205.36000061,86835300
2024-03-05,200.5,205.330001831,199.149993896,205.130004883,65407100
2024-03-06,210.429992676,214.809997559,207.320007324,210.630004883,86687000
2024-03-07,212.520004272,213.830001831,208.220001221,211.380004883,63869000
2024-03-08,213.410003662,227.300003052,205.600006104,207.38999939,120815200
2024-03-11,203.009994507,203.550003052,196.699996948,198.38999939,73098600
2024-03-12,200.520004272,202.850006104,194.270004272,202.759994507,68951700
2024-03-13,198.729995728,198.830001831,192.699996948,194.789993286,70526900
2024-03-14,192.919998169,196.929992676,184.029998779,187.059997559,84490500
2024-03-15,184.830001831,193.800003052,184.479995728,191.059997559,95289500
2024-03-18,193.289993286,193.5,188.050003052,190.649993896,59306900
2024-03-19,183.160003662,185.61000061,177.36000061,181.419998169,83509500
2024-03-20,182.029998779,182.679992676,174,179.729995728,81773100
2024-03-21,185.970001221,187.690002441,177.660003662,178.679992676,75265600
2024-03-22,177.210006714,180.759994507,175.050003052,179.649993896,57899100
2024-03-25,172.899993896,182.800003052,172,178.630004883,71935300
2024-03-26,179.539993286,182.600006104,176.330001831,177.869995117,65322400
2024-03-27,179.960006714,181.229995728,175.399993896,179.589996338,55685600
2024-03-28,179.470001221,183.399993896,178.300003052,180.490005493,57628600
2024-04-01,180.100006104,187.240005493,179.899993896,183.339996338,74299900
2024-04-02,179.470001221,180.100006104,174.830001831,178.699996948,61598800
2024-04-03,177.539993286,182.050003052,176.699996948,180.770004272,49835100
2024-04-04,182.919998169,183.020004272,165.649993896,165.830001831,88280000
2024-04-05,168.100006104,172.690002441,165.580001831,170.419998169,66080300
2024-04-08,168.199996948,171.660003662,166.820007324,169.899993896,43997500
2024-04-09,170.210006714,171.600006104,167.289993286,170.779998779,42886100
2024-04-10,166.710006714,169.779998779,164,167.13999939,59600000
2024-04-11,167.550003052,170.949996948,166.550003052,170.5,48994500
2024-04-12,164.529998779,165.699996948,161.820007324,163.279998779,63519600
2024-04-15,164.429992676,164.440002441,158.759994507,160.320007324,61461200
2024-04-16,162.279998779,164.880004883,161.669998169,163.460006714,55302100
2024-04-17,163.970001221,164.449996948,153.880004883,154.020004272,75909000
2024-04-18,155.509994507,156.960006714,152.320007324,155.080001831,52669800
2024-04-19,151.589996338,154.25,145.289993286,146.63999939,71618200
2024-04-22,148.149993896,149.88999939,145.630004883,148.63999939,49397000
2024-04-23,151.649993896,153.5,150.350006104,152.270004272,46051900
2024-04-24,156.559997559,157.660003662,150.630004883,151.740005493,43412600
2024-04-25,149.149993896,155.13999939,146.75,153.759994507,41471400
2024-04-26,154.240005493,158.630004883,153.429992676,157.399993896,42510700
2024-04-29,159.080001831,160.770004272,156.259994507,160.199996948,43478200
2024-04-30,160.630004883,162.289993286,158.350006104,158.380004883,60742800
2024-05-01,148.11000061,151.369995117,142.13999939,144.270004272,89413200
2024-05-02,145.509994507,147.619995117,141.160003662,146.160003662,50034700
2024-05-03,148.75,150.789993286,147.240005493,150.600006104,49361100
2024-05-06,153.100006104,156.649993896,151.259994507,155.779998779,44624500
2024-05-07,156.320007324,157.699996948,153.660003662,154.429992676,37374900
2024-05-08,153.399993896,155.330001831,152.520004272,153.619995117,28728000
2024-05-09,153.130004883,154.089996338,150.61000061,152.38999939,33018000
2024-05-10,154.289993286,156.369995117,151.309997559,151.919998169,37652800
2024-05-13,151.279998779,153.330001831,150.399993896,150.559997559,27859200
2024-05-14,150.429992676,153.490005493,148.779998779,153.160003662,31938300
2024-05-15,155.589996338,159.690002441,154.699996948,159.669998169,43195900
2024-05-16,160.919998169,168.059997559,159.899993896,162.619995117,76726700
2024-05-17,168.429992676,169.720001221,162.320007324,164.470001221,65944400
2024-05-20,165.550003052,168.490005493,164.470001221,166.330001831,45618000
2024-05-21,164,165.830001831,163.100006104,164.660003662,30005500
2024-05-22,167.410003662,169.809997559,163.86000061,165.520004272,47426700
2024-05-23,170.179992676,173.13999939,158.270004272,160.429992676,91888800
2024-05-24,161.410003662,167.660003662,160.25,166.36000061,54868600
2024-05-28,169.419998169,174.550003052,164.960006714,171.61000061,66495400
2024-05-29,167.460006714,168.479995728,162.910003662,165.13999939,56537500
2024-05-30,167.899993896,168.75,163.800003052,166.75,46367000
2024-05-31,166.649993896,169.5,160.070007324,166.899993896,64331900
2024-06-03,170.820007324,171.080001831,160.910003662,163.550003052,59157600
2024-06-04,162.839996338,164.830001831,158.869995117,159.990005493,48157200
2024-06-05,162.070007324,167.119995117,161.380004883,166.169998169,60507500
2024-06-06,165.460006714,169.509994507,163.86000061,166.779998779,47153700
2024-06-07,166.589996338,169.449996948,165.86000061,167.869995117,44796000
2024-06-10,162.479995728,165.550003052,159.61000061,160.339996338,67444600
2024-06-11,160.5,161.539993286,156.919998169,158.960006714,40497100
2024-06-12,160.320007324,162.240005493,158.619995117,160.240005493,48325800
2024-06-13,160.399993896,162.660003662,157.309997559,159.899993896,44442500
2024-06-14,158.5,161.339996338,157.61000061,159.630004883,34054000
2024-06-17,158,159.229995728,154.13999939,158.399993896,44507700
2024-06-18,156.990005493,157.240005493,153.339996338,154.630004883,51852000
2024-06-20,155.820007324,166.820007324,155.5,161.779998779,93245700
2024-06-21,161.75,163.199996948,157.88999939,161.229995728,61293900
2024-06-24,159.75,163.399993896,158.190002441,160.25,45954100
2024-06-25,160.729995728,161,156.449996948,160.25,40572300
2024-06-26,160.600006104,160.740005493,156,157.539993286,36973400
2024-06-27,157.179992676,160.61000061,156.809997559,159.470001221,34018200
2024-06-28,160.229995728,166.449996948,159.410003662,162.210006714,56204600
2024-07-01,161.25,161.509994507,153.63999939,157.690002441,50436700
2024-07-02,157.039993286,164.580001831,156.699996948,164.309997559,57838600
2024-07-03,164.199996948,165.259994507,162.509994507,163.899993896,26980900
2024-07-05,165.970001221,174.039993286,165.679992676,171.899993896,61857100
2024-07-08,174.899993896,178.949996948,173.220001221,178.690002441,60223400
2024-07-09,177.970001221,180.410003662,174.699996948,177.100006104,43395600
2024-07-10,179.990005493,187.279998779,177.800003052,183.960006714,90247000
2024-07-11,184.070007324,187.11000061,177.25,181.940002441,59231400
2024-07-12,182.020004272,186.990005493,179.690002441,181.61000061,50827400
2024-07-15,184.449996948,185.5,178.539993286,179.830001831,42202700
2024-07-16,179.690002441,179.75,174.529998779,177.550003052,40633100
2024-07-17,169.800003052,169.800003052,159.369995117,159.429992676,76954200
2024-07-18,163.410003662,163.410003662,153.199996948,155.770004272,69420300
2024-07-19,154.86000061,155.809997559,150.619995117,151.580001831,47513100
2024-07-22,154.229995728,156.699996948,152.539993286,155.869995117,43912500
2024-07-23,154.949996948,157.050003052,153.800003052,154,31950600
2024-07-24,152.720001221,153.679992676,144.529998779,144.630004883,49203100
2024-07-25,144.070007324,144.75,136.809997559,138.320007324,60578500
2024-07-26,140.320007324,141.289993286,138.270004272,139.990005493,49435800
2024-07-29,141.190002441,144.589996338,138.75,139.75,47447200
2024-07-30,139.880004883,141.699996948,134.050003052,138.440002441,68801700
2024-07-31,150.729995728,153.600006104,140.029998779,144.479995728,114306800
2024-08-01,145,147.289993286,130.240005493,132.539993286,94731900
2024-08-02,133.5,137.100006104,131.330001831,132.5,78562000
2024-08-05,122.160003662,139.13999939,121.830001831,134.820007324,76089400
2024-08-06,135.149993896,136.440002441,129.100006104,130.179992676,64455600
2024-08-07,133.75,136.240005493,128.369995117,128.669998169,54676500
2024-08-08,131.970001221,136.479995728,128.940002441,136.320007324,49037500
2024-08-09,134.690002441,135.5,132.440002441,134.270004272,40583000
2024-08-12,134.440002441,137.990005493,133.229995728,136.770004272,39724300
2024-08-13,138.119995117,141.190002441,137.520004272,141.130004883,42218000
2024-08-14,143,143.25,137.63999939,140.75,35506400
2024-08-15,143,147.960006714,141.809997559,147.36000061,43582400
2024-08-16,145.699996948,149.369995117,145.199996948,148.559997559,31123900
2024-08-19,148.429992676,155.369995117,147.720001221,155.279998779,60766900
2024-08-20,156.490005493,162.039993286,154.509994507,156.399993896,76851200
2024-08-21,156.119995117,158.649993896,155.070007324,157.809997559,42791200
2024-08-22,158.869995117,159.839996338,151.009994507,151.699996948,45737300
2024-08-23,153.600006104,156.399993896,151.830001831,154.979995728,43694600
2024-08-26,154.699996948,158.279998779,148.910003662,149.990005493,49893300
2024-08-27,150.130004883,151.699996948,148.440002441,150.5,35102700
2024-08-28,149.399993896,150.429992676,144.720001221,146.36000061,34075800
2024-08-29,146.589996338,149.490005493,144.470001221,145.490005493,31602100
2024-08-30,147.520004272,148.990005493,145.25,148.559997559,31169100
2024-09-03,146.410003662,146.490005493,136.100006104,136.940002441,42172700
2024-09-04,140.509994507,143.369995117,138.509994507,140.869995117,42130600
2024-09-05,138.199996948,141.710006714,137.830001831,139.440002441,25023000
2024-09-06,138.699996948,139.130004883,132.11000061,134.350006104,39993500
2024-09-09,136.100006104,138.449996948,134.86000061,138.149993896,27194500
2024-09-10,139.059997559,143.080001831,137.25,142.839996338,37217500
2024-09-11,145.320007324,150.160003662,140.710006714,149.86000061,50935400
2024-09-12,148.429992676,151.539993286,147.649993896,150.770004272,29233700
2024-09-13,152.320007324,153.029998779,150.699996948,152.309997559,25117200
2024-09-16,151.699996948,154.440002441,150.910003662,152.080001831,27677800
2024-09-17,153.550003052,154.039993286,149.229995728,150.820007324,29889000
2024-09-18,150.899993896,152.820007324,148.009994507,148.289993286,26320100
2024-09-19,153.809997559,159.25,152.770004272,156.740005493,44500000
2024-09-20,156,157.449996948,152.470001221,155.949996948,40248200
2024-09-23,156.449996948,157.190002441,154.970001221,156.75,21728500
2024-09-24,157.460006714,159.63999939,154.580001831,158.320007324,27531200
2024-09-25,158.5,162.949996948,158.179992676,162.020004272,35233300
2024-09-26,167.059997559,168.679992676,164.050003052,167.490005493,38044900
2024-09-27,167.479995728,168.729995728,163.740005493,164.350006104,27876000
2024-09-30,163.100006104,165.080001831,162.179992676,164.080001831,21881600
2024-10-01,164.479995728,165.399993896,158.080001831,159.75,31831900
2024-10-02,159.309997559,163.100006104,158.669998169,159.779998779,24630400
2024-10-03,159.710006714,166.789993286,159.399993896,162.850006104,29598800
2024-10-04,166.529998779,171.210006714,164.419998169,170.899993896,44556500
2024-10-07,171.080001831,172.410003662,168.210006714,170.970001221,38379900
2024-10-08,171.75,173.600006104,170,172.800003052,34730200
2024-10-09,174.050003052,174.050003052,169.550003052,171.020004272,33890700
2024-10-10,169.759994507,172.009994507,162,164.179992676,75113600
2024-10-11,164.190002441,169.350006104,163.009994507,167.88999939,42136200
2024-10-14,167.770004272,168.899993896,165.149993896,165.270004272,31757200
2024-10-15,163.210006714,164.130004883,155.740005493,156.63999939,50768000
2024-10-16,158.070007324,158.279998779,154.919998169,156.130004883,30575800
2024-10-17,160,160.440002441,156.199996948,156.25,29491900
2024-10-18,157.410003662,158.009994507,155.559997559,155.970001221,23823000
2024-10-21,155.759994507,158,154.149993896,157.899993896,25781200
2024-10-22,156.600006104,156.740005493,151.910003662,154.089996338,34997400
2024-10-23,153,153.449996948,150.520004272,152.910003662,26095900
2024-10-24,154.740005493,155.190002441,152.350006104,153.440002441,22877000
2024-10-25,155.399993896,158.910003662,155.050003052,156.229995728,29758500
2024-10-28,158.5,160.279998779,157.039993286,159.919998169,36010100
2024-10-29,161.100006104,167.509994507,158.940002441,166.25,71896000
2024-10-30,153.009994507,153.119995117,148.100006104,148.600006104,87701700
2024-10-31,147.800003052,148.679992676,143.330001831,144.070007324,44386600
2024-11-01,144.440002441,144.539993286,141.320007324,141.86000061,39027400
2024-11-04,141.699996948,143.63999939,139.720001221,140.710006714,29117400
2024-11-05,141.940002441,143.080001831,140.800003052,141.660003662,27067300
2024-11-06,144.949996948,145.630004883,141.520004272,145.100006104,32911500
2024-11-07,146.679992676,150.119995117,145.660003662,149.820007324,30326400
2024-11-08,149.38999939,150.710006714,147.529998779,147.949996948,27560300
2024-11-11,147.380004883,148.570007324,144.910003662,147.350006104,29868100
2024-11-12,147,147.449996948,141.550003052,143.630004883,33560300
2024-11-13,142.86000061,144.490005493,139.070007324,139.300003052,35146600
2024-11-14,140.339996338,141.399993896,138.559997559,138.839996338,31681400
2024-11-15,136.570007324,137.350006104,133.649993896,134.899993896,44217500
2024-11-18,138.190002441,140.899993896,137.210006714,138.929992676,38705400
2024-11-19,137.410003662,139.75,137.13999939,139.38999939,23131400
2024-11-20,138.960006714,140.770004272,135.479995728,137.600006104,28843100
2024-11-21,138.869995117,140.279998779,134.929992676,137.490005493,29311400
2024-11-22,137.350006104,139.130004883,137.039993286,138.350006104,21784700
2024-11-25,140.490005493,142.350006104,139.050003052,141.130004883,30923100
2024-11-26,142.550003052,142.800003052,136.619995117,137.720001221,32092400
2024-11-27,137.199996948,137.940002441,132.960006714,136.240005493,30175300
2024-11-29,136.240005493,138.589996338,135.779998779,137.179992676,16085700
2024-12-02,137.919998169,142.820007324,137.800003052,142.059997559,33102400
2024-12-03,142.580001831,143.449996948,141.080001831,141.979995728,22665300
2024-12-04,142.960006714,144.119995117,141.179992676,143.990005493,25942700
2024-12-05,143.679992676,143.949996948,140.380004883,141.36000061,29576900
2024-12-06,141.479995728,142.789993286,137.399993896,138.589996338,33576800
2024-12-09,135.710006714,135.770004272,130,130.869995117,57055600
2024-12-10,131.559997559,131.559997559,127.069999695,127.739997864,38907200
2024-12-11,128.520004272,131.210006714,126.220001221,130.149993896,45588100
2024-12-12,130,132.320007324,129.070007324,130.600006104,34267100
2024-12-13,131.300003052,131.300003052,124.769996643,126.910003662,67544700
2024-12-16,126.010002136,127.760002136,123.120002747,126.690002441,42090300
2024-12-17,124.449996948,127.080001831,123.150001526,125.019996643,43314900
2024-12-18,125.430000305,127.75,120.430000305,121.410003662,49724400
2024-12-19,122.160003662,123.379997253,118.449996948,118.879997253,46160700
2024-12-20,118,121.86000061,117.900001526,119.209999084,53591200
2024-12-23,120.709999084,126.339996338,120.470001221,124.599998474,47777900
2024-12-24,127.510002136,127.510002136,124.660003662,126.290000916,24829600
2024-12-26,125.519996643,127.300003052,125.050003052,125.059997559,24998200
2024-12-27,124.370002747,126.180000305,122.260002136,125.190002441,32924000
2024-12-30,123.559997559,124.099998474,122.349998474,122.440002441,30501600
2024-12-31,123.099998474,123.550003052,120.13999939,120.790000916,30203400
2025-01-02,122.290000916,123.13999939,119.440002441,120.629997253,34256200
2025-01-03,121.650001526,125.559997559,121.419998169,125.370002747,36785300
2025-01-06,129.070007324,130.729995728,127.36000061,129.550003052,48020200
2025-01-07,130.509994507,131.710006714,126.849998474,127.330001831,39220400
2025-01-08,124.510002136,125.300003052,120.120002747,121.839996338,46723100
2025-01-10,118.180000305,118.709999084,114.449996948,116.040000916,59415600
2025-01-13,115.279998779,117.480003357,114.410003662,117.319999695,39128900
2025-01-14,118,118.660003662,114.5,116.089996338,37005300
2025-01-15,117.550003052,120.419998169,117.459999084,119.959999084,38185800
2025-01-16,120.239997864,121.089996338,118.25,118.440002441,29414100
2025-01-17,120.779998779,122.739997864,120.550003052,121.459999084,35765900
2025-01-21,122.38999939,123.75,121.120002747,122.279998779,31578800
2025-01-22,123.080001831,125.650001526,121.910003662,123.75,35023800
2025-01-23,121.430000305,123.709999084,120.629997253,123.040000916,24921100
2025-01-24,124.550003052,125.25,122.230003357,122.839996338,31570300
2025-01-27,117.800003052,118.080001831,112.800003052,115.010002136,61067900
2025-01-28,115.180000305,116.150001526,112.949996948,114.169998169,40554800
2025-01-29,115.769996643,118.519996643,114.959999084,117.349998474,40199100
2025-01-30,118.529998779,120.440002441,117.089996338,118.86000061,29788400
2025-01-31,119.13999939,119.569999695,115.330001831,115.949996948,40463400
2025-02-03,113.879997253,115.160003662,112.980003357,114.269996643,34586100
2025-02-04,115.449996948,119.849998474,114.790000916,119.5,69412100
2025-02-05,107.61000061,112.089996338,106.5,112.010002136,110385200
2025-02-06,110.930000305,112.559997559,109.019996643,110.160003662,50426600
2025-02-07,109.129997253,109.919998169,106.790000916,107.559997559,46082500
2025-02-10,108.440002441,111.400001526,108.150001526,110.480003357,34905400
2025-02-11,108.980003357,113.069999695,108.940002441,111.099998474,35033800
2025-02-12,109.519996643,111.839996338,109.059997559,111.720001221,25319700
2025-02-13,112,114.599998474,110.400001526,111.809997559,40911800
2025-02-14,112.650001526,114.629997253,111.699996948,113.099998474,32477200
2025-02-18,114.050003052,115.550003052,113.449996948,114.279998779,31720300
2025-02-19,114.25,116.11000061,113.13999939,114.690002441,28807700
2025-02-20,115.010002136,116.550003052,113.11000061,114.169998169,27219600
2025-02-21,114.849998474,115.760002136,110.430000305,110.839996338,41353700
2025-02-24,111.489997864,111.599998474,107.980003357,108.11000061,29072200
2025-02-25,107.88999939,108.63999939,103.620002747,103.959999084,39169200
2025-02-26,104.949996948,105.800003052,103.989997864,104.739997864,29178200
2025-02-27,105.080001831,105.760002136,99.5,99.5100021362,47263700
2025-02-28,99.5599975586,101.800003052,98.6900024414,99.8600006104,45194600
2025-03-03,101.519996643,102.339996338,97.0899963379,98.2300033569,38958000
2025-03-04,96,103.180000305,95.8899993896,100.75,54156900
2025-03-05,100.36000061,101.839996338,98.8700027466,101.669998169,27855500
2025-03-06,99.0500030518,101.080001831,98.2699966431,98.8499984741,28985000
2025-03-07,98.8799972534,100.650001526,96.3899993896,100.309997559,33254400
2025-03-10,98.5699996948,101.290000916,95.8300018311,96.6299972534,38733200
2025-03-11,96.7900009155,98.1600036621,94.7300033569,96.7600021362,34078300
2025-03-12,99.0500030518,101.720001221,98.1699981689,100.790000916,34241300
2025-03-13,99.7200012207,100.069999695,97.2699966431,98.1100006104,28575200
2025-03-14,99.6399993896,101.220001221,99.5800018311,100.970001221,24715300
2025-03-17,102.599998474,106.150001526,102.599998474,104.589996338,43689500
2025-03-18,103.849998474,104.550003052,102.970001221,103.510002136,27152800
2025-03-19,104.419998169,107.900001526,101.959999084,106.230003357,32287500
2025-03-20,105.120002747,108.260002136,105.120002747,107.13999939,26871800
2025-03-21,105.330001831,107.25,104.330001831,106.440002441,30767900
2025-03-24,109.730003357,114.849998474,109.400001526,113.849998474,53342000
2025-03-25,113.269996643,114.949996948,112.709999084,114.809997559,29077500
2025-03-26,114.11000061,115.900001526,108.680000305,110.190002441,39824000
2025-03-27,106.11000061,107.620002747,105.550003052,106.650001526,32773700
2025-03-28,105.529998779,106.510002136,102.480003357,103.220001221,31069100
2025-03-31,100.239997864,102.819999695,98.8000030518,102.739997864,30865300
2025-04-01,102.160003662,102.830001831,100.930000305,102.779998779,23523200
2025-04-02,101.519996643,104.190002441,100.760002136,102.959999084,20794000
2025-04-03,97.7900009155,99.4499969482,93.6399993896,93.8000030518,50472500
2025-04-04,90.0999984741,91.0800018311,83.6699981689,85.7600021362,65847000
2025-04-07,80.6800003052,89,77.75,83.6399993896,70515400
2025-04-08,86.1500015259,88.9300003052,76.4800033569,78.2099990845,69910200
2025-04-09,79.2200012207,97.9100036621,78.8700027466,96.8399963379,97827400
2025-04-10,91,92.9499969482,85.0599975586,88.6999969482,65210600
2025-04-11,90.5100021362,94.7600021362,90.5,93.4000015259,57892600
2025-04-14,97.1100006104,97.3700027466,93.4499969482,94.5,36003000
2025-04-15,94.6600036621,96.8499984741,94.6200027466,95.2900009155,28116500
2025-04-16,87.6100006104,90.4700012207,85.3000030518,88.2900009155,62109000
2025-04-17,88.8399963379,89.0299987793,86.5199966431,87.5,34801400
2025-04-21,86.0199966431,86.1399993896,83.75,85.5599975586,33855400
2025-04-22,86.1200027466,87.1699981689,85.1699981689,86.2600021362,35236700
2025-04-23,91.8799972534,93.7399978638,90.1200027466,90.3899993896,41102600
2025-04-24,91.5899963379,94.75,90.3700027466,94.4700012207,33681900
2025-04-25,93.2799987793,97.0999984741,92.8499984741,96.6500015259,28575300
2025-04-28,95.5800018311,97.4899978638,94.2699966431,96.3899993896,30456700
2025-04-29,95.7600021362,97.1800003052,95.3300018311,96.0599975586,20700600
2025-04-30,92.8099975586,97.5500030518,91.8700027466,97.3499984741,29730700
2025-05-01,99.2699966431,100.099998474,96.4499969482,96.6500015259,29591500
2025-05-02,98.4000015259,99.8799972534,98.3000030518,98.8000030518,29957900
2025-05-05,99,102.050003052,98.7600021362,100.589996338,41268900
2025-05-06,98.4100036621,100.069999695,97.4400024414,98.6200027466,54264300
2025-05-07,100.75,103.419998169,96.8799972534,100.36000061,86474400
2025-05-08,101.919998169,105.440002441,101.559997559,101.699996948,54231400
2025-05-09,102.589996338,103.540000916,101.599998474,102.839996338,31704300
2025-05-12,110.419998169,110.669998169,106.980003357,108.120002747,50543400
2025-05-13,109.599998474,113.129997253,109,112.459999084,55659500
2025-05-14,119.830001831,122.519996643,116.589996338,117.720001221,86743700
2025-05-15,117.019996643,117.5,114.010002136,114.989997864,43843200
2025-05-16,118.069999695,118.239997864,116.010002136,117.169998169,43419700
2025-05-19,115.019996643,115.529998779,114.059997559,114.739997864,37737400
2025-05-20,114.349998474,114.510002136,112.080001831,113.510002136,29030800
2025-05-21,113.849998474,116.099998474,111.089996338,112.059997559,43594600
2025-05-22,111.900001526,112.63999939,110.61000061,110.709999084,29252000
2025-05-23,108.089996338,111.019996643,107.669998169,110.309997559,30867300
2025-05-27,113.180000305,115.400001526,112.269996643,114.559997559,37885000
2025-05-28,114.919998169,114.949996948,112.660003662,112.86000061,27483700
2025-05-29,115.489997864,115.540000916,112.129997253,113.029998779,30501400
2025-05-30,111.580001831,112.11000061,108.620002747,110.730003357,36088500
2025-06-02,111.059997559,114.86000061,111.010002136,114.629997253,34078400
2025-06-03,114.5,117.680000305,113.279998779,117.309997559,37161500
2025-06-04,117.410003662,119.300003052,115.730003357,118.580001831,31025000
2025-06-05,118.949996948,119.239997864,114.709999084,115.690002441,34091000
2025-06-06,117.690002441,118.379997253,115.879997253,116.190002441,27042100
2025-06-09,119.180000305,122.370002747,119.040000916,121.730003357,55437700
2025-06-10,121.11000061,124.089996338,120.800003052,123.239997864,41691900
2025-06-11,124.440002441,124.470001221,119.879997253,121.13999939,32261900
2025-06-12,120.620002747,122.25,118.029998779,118.5,44718400
2025-06-13,116.050003052,117.879997253,115.059997559,116.160003662,39702700
2025-06-16,118.63999939,128.13999939,117.779998779,126.38999939,100968500
2025-06-17,127.930000305,130.699996948,126.580001831,127.099998474,86623900
2025-06-18,128.009994507,129.210006714,125.769996643,126.790000916,49627100
2025-06-20,129,132.809997559,127.550003052,128.240005493,79931000
2025-06-23,130.470001221,133.25,126.819999695,129.580001831,65152900
2025-06-24,133.429992676,138.789993286,132.929992676,138.429992676,78572000
2025-06-25,140.940002441,144.179992676,139.460006714,143.399993896,74607200
2025-06-26,145.970001221,146,141.910003662,143.679992676,58180100
2025-06-27,144.179992676,147.75,141.630004883,143.809997559,61937900
2025-06-30,144,146,141.009994507,141.899993896,42972500
2025-07-01,138.770004272,140.229995728,135.119995117,136.11000061,55257200
2025-07-02,135.529998779,139.779998779,135.220001221,138.520004272,39228000
2025-07-03,139.11000061,139.5,137.320007324,137.910003662,28646000
2025-07-07,136.559997559,137.440002441,133.5,134.800003052,37395000
2025-07-08,137.320007324,139.149993896,135.910003662,137.820007324,36124600
2025-07-09,138.690002441,140.649993896,137.589996338,138.410003662,37013100
2025-07-10,143,145.820007324,141.850006104,144.160003662,61101500
2025-07-11,142.600006104,147.399993896,141.600006104,146.419998169,50049200
2025-07-14,145.089996338,147.580001831,141.899993896,146.240005493,44718600
2025-07-15,153.75,158.679992676,153.559997559,155.61000061,93370100
2025-07-16,155.309997559,160.36000061,152.850006104,160.080001831,59492800
2025-07-17,161.809997559,161.960006714,158.679992676,160.410003662,50605100
2025-07-18,159.589996338,160.830001831,155.809997559,156.990005493,48859800
2025-07-21,157.619995117,160.339996338,156.919998169,157,39021100
2025-07-22,156.199996948,156.229995728,149.339996338,154.720001221,49028000
2025-07-23,156.320007324,159.449996948,156,158.649993896,41510900
2025-07-24,159.119995117,163.929992676,158.36000061,162.119995117,48440100
2025-07-25,163.509994507,167.179992676,162.36000061,166.470001221,53432300
2025-07-28,169.080001831,174.699996948,168.669998169,173.660003662,68267800
2025-07-29,175.210006714,182.309997559,174.679992676,177.440002441,108154800
2025-07-30,175.61000061,180.369995117,173.800003052,179.509994507,64820300
2025-07-31,182.020004272,182.5,173,176.309997559,71765300
2025-08-01,170.160003662,174.399993896,166.820007324,171.699996948,75396100
2025-08-04,174.61000061,177.86000061,173.559997559,176.779998779,52951000
2025-08-05,177.570007324,177.990005493,171.800003052,174.309997559,88808500
2025-08-06,165.050003052,166.179992676,157.800003052,163.119995117,133641800
2025-08-07,166.839996338,175.75,166.699996948,172.399993896,95448300
2025-08-08,174.039993286,176.479995728,170.520004272,172.759994507,68866700
2025-08-11,170.039993286,178.820007324,169.380004883,172.279998779,70651000
2025-08-12,173.320007324,175.160003662,168.5,174.949996948,52243500
2025-08-13,179.910003662,186.649993896,179.380004883,184.419998169,108305100
2025-08-14,179.830001831,185.440002441,179.559997559,180.949996948,66308800
2025-08-15,180.059997559,180.13999939,176.25,177.509994507,51543100
2025-08-18,176.759994507,178.800003052,174.36000061,176.13999939,35937500
2025-08-19,173.100006104,173.169998169,166.100006104,166.550003052,64455000
2025-08-20,164.100006104,166.649993896,158.25,165.199996948,60233200
2025-08-21,165.86000061,165.880004883,162.259994507,163.710006714,37880500
2025-08-22,162.169998169,168.529998779,161.800003052,167.759994507,43998600
2025-08-25,165.550003052,165.589996338,161.720001221,163.36000061,36134700
2025-08-26,168.649993896,169.770004272,164.910003662,166.619995117,52138600
2025-08-27,166.039993286,167.679992676,164.649993896,167.130004883,37031000
2025-08-28,168.5,170.990005493,166.649993896,168.580001831,36285200
2025-08-29,166.809997559,168.570007324,161.899993896,162.630004883,37516800
2025-09-02,158.419998169,162.38999939,156.619995117,162.320007324,38656100
2025-09-03,161.809997559,164.75,160.580001831,162.130004883,30752800
2025-09-04,159.940002441,162.050003052,157.789993286,161.789993286,32103500
2025-09-05,157.119995117,157.13999939,150.179992676,151.13999939,78256000
2025-09-08,151.800003052,152.63999939,149.220001221,151.410003662,41849000
2025-09-09,151.990005493,156.660003662,151.929992676,155.820007324,42802500
2025-09-10,163.539993286,164.529998779,158,159.539993286,52465300
2025-09-11,158.619995117,160.210006714,154.990005493,155.669998169,48817700
2025-09-12,157,160.410003662,154.919998169,158.570007324,42232800
2025-09-15,160.009994507,162.300003052,157.600006104,161.160003662,36808700
2025-09-16,161.369995117,161.949996948,159.220001221,160.460006714,27946500
2025-09-17,159.279998779,161.630004883,155.759994507,159.160003662,41823800
2025-09-18,150.960006714,158.770004272,149.850006104,157.919998169,84549500
2025-09-19,157.380004883,159.839996338,155.899993896,157.38999939,55448100
2025-09-22,157.419998169,162.679992676,157.419998169,159.789993286,46505500
2025-09-23,160.520004272,163.38999939,159.210006714,160.899993896,39448300
2025-09-24,162.979995728,165.100006104,158.429992676,160.880004883,38464100
2025-09-25,157.13999939,161.630004883,154.779998779,161.270004272,36809900
2025-09-26,160.520004272,162.11000061,157.050003052,159.460006714,30316900
2025-09-29,160.119995117,164.300003052,159.899993896,161.36000061,39828800
2025-09-30,160.789993286,162.279998779,159.330001831,161.789993286,29669300
2025-10-01,160.929992676,164.179992676,160.490005493,164.009994507,39895200
2025-10-02,168.679992676,171.059997559,166.119995117,169.729995728,55475200
2025-10-03,170.679992676,170.679992676,163.13999939,164.669998169,42699100
2025-10-06,226.449996948,226.710006714,203.009994507,203.710006714,248859600
2025-10-07,214.850006104,218.899993896,209.279998779,211.509994507,115748100
2025-10-08,212.949996948,235.869995117,210.699996948,235.559997559,159983500
2025-10-09,236.300003052,240.100006104,229.529998779,232.88999939,94290700
2025-10-10,232.770004272,234.220001221,213.199996948,214.899993896,118656600
2025-10-13,220.199996948,224.190002441,214.899993896,216.419998169,63104000
2025-10-14,219.199996948,224.979995728,215.899993896,218.089996338,71216300
2025-10-15,222.710006714,239.240005493,220.759994507,238.600006104,108481000
2025-10-16,236.289993286,241.199996948,232.240005493,234.559997559,69726400
2025-10-17,233.259994507,235.380004883,227.910003662,233.080001831,55804200
2025-10-20,236.470001221,242.880004883,234.399993896,240.559997559,56741700
2025-10-21,239.38999939,242.259994507,234.020004272,238.029998779,47122400
2025-10-22,236.850006104,240.130004883,224.880004883,230.229995728,59668800
2025-10-23,230.160003662,235.899993896,228.539993286,234.990005493,39024400
2025-10-24,243.36000061,253.38999939,241.949996948,252.919998169,71221100
2025-10-27,257.880004883,260.420013428,249.800003052,259.670013428,65613100
2025-10-28,259.140014648,264.579986572,257,258.010009766,47448700
2025-10-29,264.190002441,267.079986572,257.399993896,264.329986572,49335600
2025-10-30,259.920013428,263.880004883,252.309997559,254.839996338,45162500
2025-10-31,259.600006104,262.130004883,253.410003662,256.119995117,34449200
2025-11-03,259.329986572,260.910003662,253.88999939,259.649993896,36351400
2025-11-04,250.350006104,257.380004883,247.38999939,250.050003052,56491800
2025-11-05,243.240005493,259.649993896,242.809997559,256.329986572,67366600
2025-11-06,253.470001221,253.509994507,235.740005493,237.699996948,66049700
2025-11-07,230.940002441,235.869995117,224.63999939,233.539993286,52162600
2025-11-10,242.13999939,248.899993896,240.5,243.979995728,43361600
2025-11-11,241.660003662,248.460006714,234.63999939,237.520004272,61336800
2025-11-12,253.130004883,263.510009766,250,258.890014648,108942000
2025-11-13,251.899993896,259.630004883,246.059997559,247.960006714,63178600
2025-11-14,240.11000061,253.440002441,235.080001831,246.809997559,47655600
2025-11-17,242.75,248.770004272,237.149993896,240.520004272,37942200
2025-11-18,236.779998779,238,224.710006714,230.289993286,45619900
2025-11-19,230.259994507,235.279998779,219.710006714,223.550003052,52093400
2025-11-20,232.699996948,234.25,204.529998779,206.020004272,66342900
2025-11-21,208.809997559,208.830001831,195,203.779998779,67421100
2025-11-24,207.160003662,217.130004883,205.850006104,215.050003052,46749600
2025-11-25,201.479995728,206.580001831,194.279998779,206.130004883,69773500
2025-11-26,210.050003052,215.589996338,207,214.240005493,43270200
2025-11-28,216.13999939,218.300003052,214.020004272,217.529998779,18658000
2025-12-01,213.880004883,220.979995728,213.5,219.759994507,30768700
2025-12-02,221.789993286,225.979995728,214.38999939,215.240005493,42002500
2025-12-03,216.259994507,218.199996948,211.770004272,217.600006104,28545200
2025-12-04,216.880004883,219.119995117,214.13999939,215.979995728,24478200
2025-12-05,217.169998169,223.63999939,216.240005493,217.970001221,33292400
2025-12-08,219.089996338,223.710006714,218.36000061,221.11000061,30943200
2025-12-09,221.039993286,224.839996338,217.910003662,221.619995117,25166100
2025-12-10,222,222.61000061,218.669998169,221.419998169,23279400
2025-12-11,217.809997559,221.5,210.190002441,221.429992676,30694600
2025-12-12,218.369995117,222.490005493,209.059997559,210.779998779,37073900
2025-12-15,212.279998779,215.36000061,206.580001831,207.580001831,27222200
2025-12-16,206.919998169,210.220001221,205.11000061,209.169998169,23467600
2025-12-17,210.039993286,211.5,197.529998779,198.11000061,31595400
2025-12-18,203.820007324,206.36000061,200.5,201.059997559,29720100
2025-12-19,204.600006104,215.179992676,204.199996948,213.429992676,58445500
2025-12-22,220,220.169998169,213.309997559,214.949996948,24950700
2025-12-23,212.86000061,217.029998779,212.279998779,214.899993896,20272300
2025-12-24,214.979995728,216.539993286,213.970001221,215.039993286,7956800
2025-12-26,215.429992676,216.830001831,213.029998779,214.990005493,15792600
2025-12-29,211.580001831,216.050003052,209.240005493,215.61000061,20326900
2025-12-30,215.869995117,216.820007324,214.330001831,215.339996338,16409600
2025-12-31,215.820007324,217.63999939,213.800003052,214.160003662,17591600
