date,open,high,low,close,volume
2015-01-02,7.59580913908,7.69213909614,7.46034417254,7.53259181976,13500000
2015-01-05,7.53108547226,7.58752895938,7.40540445909,7.41217756271,15596000
2015-01-06,7.44679683382,7.45658004642,7.16307290267,7.24359941483,22194000
2015-01-07,7.30380415224,7.4799083964,7.26466987576,7.43926906586,30907000
2015-01-08,7.5657050187,7.84942824237,7.55291097907,7.8110461235,33265000
2015-01-09,7.86222109028,7.96231474294,7.71998376169,7.89458227158,23432000
2015-01-12,7.90737780965,7.95027509749,7.7305213258,7.7636346817,18692000
2015-01-13,7.81029329815,8.08122245941,7.65601410271,7.71998357773,24337000
2015-01-14,7.60935730254,7.78847177079,7.5265735338,7.78094577789,20984000
2015-01-15,7.79374050467,7.94275173209,7.60484208557,7.62516212463,18372000
2015-01-16,7.57774837141,7.8200794376,7.54915017492,7.81330633163,15375000
2015-01-20,7.80351884326,7.92016878889,7.71998224074,7.89232349396,12840000
2015-01-21,7.85168646091,8.04359492643,7.83513014186,7.93070793152,16451000
2015-01-22,7.97586266375,8.01424478855,7.64021177905,7.91716194153,20639000
2015-01-23,7.90436284258,8.09025025794,7.8456614402,8.05111598969,15088000
2015-01-26,8.03305788585,8.05714091086,7.87351062636,8.03230571747,9611000
2015-01-27,7.90737705416,7.97586170029,7.73804585983,7.88630485535,15242000
2015-01-28,8.06165543937,8.15347021553,7.89157209412,7.90210819244,23302000
2015-01-29,7.8742608386,8.0225190625,7.69665155009,8.01725101471,15842000
2015-01-30,7.9239336792,8.03230549442,7.72299419706,7.74256134033,16938000
2015-02-02,7.77040643208,7.78846852041,7.4626009152,7.70794200897,21581000
2015-02-03,7.71396539872,7.80578020629,7.62817081069,7.76664590836,15390000
2015-02-04,7.74632032864,7.92317669497,7.71019616968,7.88705253601,16658000
2015-02-05,7.88254236053,7.99392429748,7.80803677384,7.99241924286,16585000
2015-02-06,7.99768657857,8.06090389109,7.84641747791,7.88254165649,10682000
2015-02-09,7.82308883334,7.85319207924,7.66278867212,7.69439697266,20346000
2015-02-10,7.75460140195,8.08724279073,7.74331241859,8.0556344986,20398000
2015-02-11,8.03682435306,8.15046426996,8.00220593167,8.12337112427,17169000
2015-02-12,8.18809349126,8.28141336914,8.1625054008,8.2558259964,21072000
2015-02-13,8.27840198302,8.29345396749,8.1346588328,8.28969097137,14614000
2015-02-17,8.29345237203,8.37999911295,8.20991574034,8.34387493134,15312000
2015-02-18,8.30248177405,8.32280180337,8.22496608717,8.27839946747,16681000
2015-02-19,8.27840074753,8.36118449663,8.25206049635,8.34613323212,13196000
2015-02-20,8.38601941079,8.44095785218,8.31301887843,8.43343257904,19283000
2015-02-23,8.5041745751,8.52148377869,8.42590599816,8.4928855896,23854000
2015-02-24,8.54180133367,8.5493266041,8.39956331555,8.51771831512,23213000
2015-02-25,8.52600112059,8.57190852114,8.45224769458,8.48009300232,38216000
2015-02-26,9.27481884117,9.77528573472,9.26051974605,9.72712039948,89263000
2015-02-27,9.68572507438,9.68572507438,9.49306451269,9.60444641113,33825000
2015-03-02,9.57359054287,9.84903554691,9.57359054287,9.70980834961,27893000
2015-03-03,9.65111056979,9.7037910732,9.60068728959,9.64960479736,18682000
2015-03-04,9.60971695803,9.7745322674,9.35985996918,9.73840808868,36143000
2015-03-05,9.73539916573,9.8994623267,9.69174970923,9.82646179199,21688000
2015-03-06,9.78356431855,9.82044066944,9.59541885088,9.62476921082,22329000
2015-03-09,9.6172434201,9.6774499091,9.55252104969,9.56682014465,17835000
2015-03-10,9.46145718291,9.55251979054,9.37039529299,9.41630268097,17688000
2015-03-11,9.42985059406,9.51790310889,9.37114915675,9.38168525696,17742000
2015-03-12,9.24772790725,9.49833785677,9.14763421762,9.49156475067,22305000
2015-03-13,9.46070092494,9.53896946003,9.32749398169,9.4072675705,18414000
2015-03-16,9.54800426123,9.8174283613,9.53521022301,9.77377891541,23077000
2015-03-17,9.69400667008,9.75346099336,9.5954187731,9.71583175659,19006000
2015-03-18,9.7113045769,9.90906321046,9.63808852556,9.84565925598,21250000
2015-03-19,9.85018688472,10.0351136758,9.81395605941,9.96642684937,24461000
2015-03-20,10.071343914,10.1279540353,9.97850296942,10.0607767105,55522000
2015-03-23,10.189848008,10.286463059,10.1060647672,10.1475791931,23849000
2015-03-24,10.1875832756,10.2177753887,10.0298296108,10.0479450226,25819000
2015-03-25,10.0102065353,10.0637976718,9.38975752602,9.39202213287,48853000
2015-03-26,9.07726542253,9.44560940689,8.82818036588,9.4131526947,45058000
2015-03-27,9.4342849134,9.73696101458,9.42371771465,9.67733192444,24297000
2015-03-30,9.79961095928,9.88037517617,9.68412614811,9.85395717621,19523000
2015-03-31,9.76036171019,9.77470301382,9.56562288803,9.58449268341,16402000
2015-04-01,9.56034452803,9.58298843887,9.33012915504,9.48259925842,21830000
2015-04-02,9.51882673624,9.57921095708,9.40711599968,9.4365530014,14508000
2015-04-06,9.31201210758,9.56562645595,9.24634427377,9.4976940155,14227000
2015-04-07,9.5490185414,9.59883555799,9.4652353117,9.48410511017,16132000
2015-04-08,9.47051825644,9.62147879324,9.45768644885,9.57015228271,13607000
2015-04-09,9.49844544586,9.65695418426,9.48410414134,9.60260868073,13961000
2015-04-10,9.62827322332,9.65922044358,9.51580809374,9.57241821289,11669000
2015-04-13,9.60487799737,9.62148319612,9.4425950761,9.4614648819,10483000
2015-04-14,9.43957183213,9.4607069569,9.21916935792,9.3580532074,16047000
2015-04-15,9.41768746372,9.53317235632,9.40862975451,9.50298023224,16893000
2015-04-16,9.44032554257,9.52259926379,9.41994552949,9.45995044708,15456000
2015-04-17,9.33616473809,9.38069815572,9.12859334551,9.19728088379,26817000
2015-04-20,9.24634341529,9.34597746008,9.22369951053,9.2863483429,13295000
2015-04-21,9.38371945901,9.43882009303,9.27955618274,9.29163360596,20616000
2015-04-22,9.35276874992,9.66148363918,9.26521142329,9.65393543243,22580000
2015-04-23,9.45165109967,9.46976579328,9.25011838481,9.3648481369,28053000
2015-04-24,9.33918240774,9.33918240774,8.74590675609,9.01990032196,55059000
2015-04-27,9.05764169326,9.20407375158,8.96102665274,9.06896400452,27320000
2015-04-28,9.08632913505,9.13312718265,8.64703344645,8.8651714325,31023000
2015-04-29,8.75722960251,8.87044982945,8.66136967599,8.8334646225,20903000
2015-04-30,8.80780319926,8.9776343018,8.77534719642,8.82214450836,21339000
2015-05-01,8.90064266035,9.3165398346,8.89762366521,9.26898670197,25334000
2015-05-04,9.27125666211,9.34824684145,9.12256062773,9.14520454407,14207000
2015-05-05,9.065189773,9.10821369137,8.80327287892,8.81534957886,22090000
2015-05-06,8.89460434962,8.93460855327,8.70967686685,8.81459522247,14475000
2015-05-07,9.05764349166,9.33239225277,9.05764349166,9.2448348999,23542000
2015-05-08,9.29917957109,9.42976083954,9.26370385582,9.30899238586,14846000
2015-05-11,9.32710724004,9.34899603507,9.25389120741,9.26974201202,12418000
2015-05-12,9.21011452914,9.32786401044,9.15576900229,9.28031158447,10264000
2015-05-13,9.33163508462,9.42296652183,9.23200105123,9.29389476776,11857000
2015-05-14,9.37012977184,9.71281089802,9.3323901749,9.58147525787,23279000
2015-05-15,9.64563246664,9.77470348572,9.55354593157,9.65167045593,22627000
2015-05-18,9.65771176443,9.84263855325,9.60713963139,9.82603263855,17984000
2015-05-19,9.87735927421,9.952084806,9.7558357165,9.77244091034,16053000
2015-05-20,9.80791957417,9.89321232865,9.66979007138,9.74527072906,18721000
2015-05-21,9.7754590121,9.81470882352,9.64940698228,9.78149700165,21309000
2015-05-22,9.79885969702,10.10153593,9.79885969702,10.0117139816,22856000
2015-05-26,10.141537882,10.1543696889,9.86075122689,9.9105682373,26781000
2015-05-27,9.97019677201,10.9310619392,9.93472106782,10.6797122955,114248000
2015-05-28,10.9454085747,10.9801291873,10.2653304352,10.7468948364,249123000
2015-05-29,10.8782285935,11.2646880764,10.8774742046,11.1763763428,118244000
2015-06-01,11.1892084919,11.3597939735,10.9559741752,11.0669298172,83579000
2015-06-02,11.051079813,11.0707047247,10.8042592789,10.8812494278,41264000
2015-06-03,11.0201275361,11.0201275361,10.7793451194,10.7982149124,30450000
2015-06-04,10.7551929791,10.8268995013,10.6034780594,10.6578235626,28017000
2015-06-05,10.6404678649,10.872192722,10.5151701741,10.8548316956,38593000
2015-06-08,10.8367147162,10.8518104128,10.3808133078,10.4638414383,54422000
2015-06-09,10.4879954879,10.6223501374,10.3038230967,10.5831003189,44071000
2015-06-10,10.5619654233,10.86766064,10.5551723243,10.7831230164,42617000
2015-06-11,10.7317943068,10.8133129187,10.6442369861,10.7174530029,31517000
2015-06-12,10.6646216286,10.6789629397,10.5581944587,10.60272789,19145000
2015-06-15,10.5038493235,10.8706839942,10.492527008,10.8027515411,34565000
2015-06-16,10.7710441155,10.8306732171,10.6714093768,10.7174530029,20998000
2015-06-17,10.7106433848,10.7863372684,10.5562288151,10.6493320465,25429000
2015-06-18,10.6523597751,10.8809544706,10.6523597751,10.8241844177,25298000
2015-06-19,10.8249402281,10.8930645758,10.7182124202,10.8158569336,26881000
2015-06-22,10.9119846702,10.9861640409,10.7484861473,10.8453741074,22846000
2015-06-23,10.8968484736,10.8968484736,10.6621987633,10.72123909,21497000
2015-06-24,10.7530315125,10.7651423308,10.5842344104,10.5948314667,22402000
2015-06-25,10.6069429411,10.6765810531,10.5085419044,10.538819313,17538000
2015-06-26,10.510055251,10.5244370737,10.1997116444,10.2299890518,71798000
2015-06-29,10.0558928595,10.23452977,9.91888765262,9.99231052399,40473000
2015-06-30,10.1278040365,10.1717060311,10.0006386176,10.0619506836,28695000
2015-07-01,10.173975005,10.423007264,10.167162715,10.2564811707,43059000
2015-07-02,10.2640519951,10.4267926211,10.2451281628,10.418466568,32797000
2015-07-06,10.306440584,10.4161959273,10.1331021728,10.1580810547,30188000
2015-07-07,10.1391575724,10.177003793,9.54950424344,10.0551376343,59268000
2015-07-08,9.84773871247,9.94159848164,9.60249114768,9.69256687164,51371000
2015-07-09,9.85379127927,9.94310973855,9.36481075723,9.43747711182,73469000
2015-07-10,9.58356327326,9.90223285106,9.57523650107,9.82805347443,50948000
2015-07-13,9.9446205746,9.9446205746,9.72359549546,9.77809524536,25304000
2015-07-14,9.7909676923,10.0278884576,9.72738462223,10.0142631531,26289000
2015-07-15,9.96657694268,10.1043394266,9.90223734884,9.97036170959,23100000
2015-07-16,10.1149370985,10.2012280569,9.90753647884,10.1959295273,33977000
2015-07-17,10.2156064129,10.2186339368,9.98852551437,10.1172046661,29000000
2015-07-20,10.1845710725,10.2655634683,10.1240162666,10.1913833618,23563000
2015-07-21,10.22620832,10.3230956289,10.153541936,10.1815490723,31532000
2015-07-22,9.61611548131,9.84016818344,9.49046382577,9.80913352966,61346000
2015-07-23,9.92948503649,10.2186345236,9.87801351721,9.98928260803,30608000
2015-07-24,10.1058538822,10.1315900103,9.71451776304,9.72511482239,36311000
2015-07-27,9.63957678882,9.65093108527,9.3935728075,9.43520450592,34893000
2015-07-28,9.50560047433,9.80610425508,9.34967215679,9.72057056427,27869000
2015-07-29,9.71678473831,9.77355477867,9.49575962435,9.73268032074,33407000
2015-07-30,9.51771201704,9.74857696933,9.4669970186,9.66228675842,39169000
2015-07-31,9.71451599501,9.71451599501,9.45867213292,9.47229671478,30593000
2015-08-03,9.56918230922,9.6501739817,9.40416999685,9.52225208282,27273000
2015-08-04,9.50333095184,9.50333095184,8.98937152397,9.34588813782,47467000
2015-08-05,9.31031085795,9.51392663675,9.15892383625,9.44277477264,34158000
2015-08-06,9.46472527924,9.49197515935,9.12864631204,9.33074760437,46052000
2015-08-07,9.16043972273,9.38449242243,9.14530065611,9.27625083923,30527000
2015-08-10,9.34739985845,9.64336159024,9.31031016721,9.63427829742,28907000
2015-08-11,9.51014161482,9.55480083916,9.30425483773,9.40189933777,26744000
2015-08-12,9.20358515911,9.58886545174,9.13016227443,9.51695632935,27205000
2015-08-13,9.50862427829,9.59945645472,9.38675746812,9.40038204193,14571000
2015-08-14,9.3860048301,9.4238517693,9.17179197711,9.231590271,26496000
2015-08-17,9.18314362842,9.50105667114,9.14378293849,9.50105667114,21293000
2015-08-18,9.51998581737,9.51998581737,9.21796888476,9.25278759003,19502000
2015-08-19,9.20282630238,9.29365852016,9.03024516078,9.19298648834,30891000
2015-08-20,9.08928484734,9.13167306491,8.70703220367,8.70703220367,41756000
2015-08-21,8.53445337013,8.74185396747,8.42696902659,8.43605232239,56472000
2015-08-24,7.65186418924,8.70551897728,7.56935803078,8.32175254822,69040000
2015-08-25,8.63890865502,8.70476199098,8.19004539877,8.21351051331,43921000
2015-08-26,8.52309665366,8.83646771683,8.41561162782,8.79559326172,59354000
2015-08-27,9.12107832505,9.61308640289,9.11199503014,9.55707359314,91882000
2015-08-28,9.5018148572,9.66758368331,9.43823180921,9.66001415253,36322000
2015-08-31,9.58583715598,9.69180845571,9.4616999871,9.5351228714,30087000
2015-09-01,9.19828573574,9.46321287785,8.93941364216,9.03554439545,49749000
2015-09-02,9.24597233124,9.39130359979,9.0953418125,9.38903331757,36700000
2015-09-03,9.49197575056,9.60551584194,9.32620689951,9.36859512329,29954000
2015-09-04,9.17708893092,9.3716213999,9.13242970913,9.17027664185,24923000
2015-09-08,9.49197456127,9.78945005431,9.44807258098,9.7765827179,35477000
2015-09-09,9.85379012848,9.97565698471,9.56009938589,9.62595272064,31502000
2015-09-10,9.72965392315,9.77658415586,9.44655948671,9.74327850342,36224000
2015-09-11,9.70089178774,9.9325140195,9.60854579187,9.92191696167,39606000
2015-09-14,10.0294017767,10.1225050124,9.88558425757,9.93024349213,34643000
2015-09-15,10.0013922746,10.2148478439,9.91585859849,10.1717023849,30804000
2015-09-16,10.1663896682,10.1663896682,9.89076052393,9.98415565491,27317000
2015-09-17,9.9856744016,10.1033671142,9.88620523562,9.91733646393,19918000
2015-09-18,9.76016293009,9.83229752462,9.61285672364,9.68802833557,44021000
2015-09-21,9.74725200209,9.82394210292,9.58400041019,9.66296863556,16515000
2015-09-22,9.49060733691,9.55514866116,9.39265665009,9.46858787537,22483000
2015-09-23,9.477696837,9.70397048874,9.4010060181,9.53236675262,21879000
2015-09-24,9.4230260849,9.51793972512,9.06994722743,9.4230260849,44995000
2015-09-25,9.56425749414,9.78977225141,9.50655056274,9.62348365784,35087000
2015-09-28,9.56425716266,9.73206498274,9.17321344152,9.17625045776,39887000
2015-09-29,9.2567379908,9.30001873473,8.96440378937,9.08665275574,47991000
2015-09-30,9.24762661427,9.50882887317,9.1876415528,9.4921245575,43955000
2015-10-01,9.34785639289,9.48377267791,9.07374569807,9.27420330048,45674000
2015-10-02,9.11094949071,9.36683729783,8.97579285464,9.36455917358,35207000
2015-10-05,9.41239557112,9.48149312238,9.18460269539,9.20434474945,39085000
2015-10-06,9.16941678,9.18839921769,8.46857423144,8.89226913452,115846000
2015-10-07,9.00920367819,9.0767827314,8.79431917575,9.00844478607,37284000
2015-10-08,8.92339914326,8.95680848972,8.64017677983,8.86037635803,41409000
2015-10-09,8.85050807244,8.96592267025,8.77305835505,8.87708377838,34479000
2015-10-12,8.92871513403,8.9583285756,8.78976187101,8.93554878235,24184000
2015-10-13,8.83379958691,8.85885677476,8.59613611037,8.61208152771,32475000
2015-10-14,8.58019231515,8.94162329151,8.53311494602,8.91884422302,33530000
2015-10-15,8.95984479929,9.26280916548,8.93630612007,9.25369739532,49316000
2015-10-16,9.25597804392,9.26205280086,9.10411636163,9.19295597076,19866000
2015-10-19,9.18763903179,9.20738108283,8.91200993325,9.03273963928,18593000
2015-10-20,8.9955362114,9.1170255679,8.92947639191,9.10335826874,21920000
2015-10-21,9.24534886836,9.31520532298,9.12006287497,9.14967632294,28197000
2015-10-22,9.2347150832,9.53843909305,9.20358386279,9.51717853546,34344000
2015-10-23,9.67891298313,9.85886959474,9.41998887906,9.83912754059,35498000
2015-10-26,9.72371075062,9.72371075062,9.31975868035,9.38581848145,58129000
2015-10-27,9.34633908476,9.50275706471,9.18308745369,9.22484970093,32280000
2015-10-28,9.47541613402,9.70776447943,9.39265130487,9.65005683899,30966000
2015-10-29,9.18764118175,9.42758286619,9.0145182056,9.11854362488,61582000
2015-10-30,9.1762515602,9.4169528681,9.12461865711,9.34937381744,25516000
2015-11-02,9.38961633926,9.50730904544,9.29849933537,9.40024662018,26068000
2015-11-03,9.22408889988,9.48756931118,9.22408889988,9.27420330048,26222000
2015-11-04,9.30153625626,9.48073324599,9.11626451001,9.42378520966,43098000
2015-11-05,9.48453203662,9.49136568668,9.15726993313,9.19219779968,28308000
2015-11-06,9.35848404843,9.85507238954,9.35696554037,9.84596061707,45287000
2015-11-09,9.74725090661,9.79053164728,9.54527484095,9.60525989532,28250000
2015-11-10,9.34785430164,9.42150737758,9.09424533841,9.10107898712,44759000
2015-11-11,9.12765507223,9.31672346456,9.09804235186,9.10791301727,25953000
2015-11-12,9.12765518282,9.21877219352,9.02970452303,9.10031986237,26588000
2015-11-13,9.03578012087,9.10335917959,8.74800212457,8.92492103577,39824000
2015-11-16,8.91960449236,9.2461076624,8.88999177116,9.22332859039,27796000
2015-11-17,9.2225704732,9.39113722656,9.18764260538,9.26812934875,19868000
2015-11-18,9.25749681948,9.57488746635,9.23319851703,9.56122016907,20270000
2015-11-19,9.57488727719,9.5771654014,9.34026075892,9.50730895996,32780000
2015-11-20,9.58324078002,9.61816864094,9.39493200512,9.59766769409,28057000
2015-11-23,9.62424413505,9.62424413505,9.43137909666,9.44656562805,16003000
2015-11-24,9.37063283806,9.76395539004,9.37063283806,9.744972229,35659000
2015-11-25,9.79508943514,9.80799784354,9.69334212473,9.74877166748,21396000
2015-11-27,9.76699437315,9.905188772,9.70852781847,9.8740568161,13262000
2015-11-30,9.82773884259,9.92417100081,9.65233845814,9.90518856049,32615000
2015-12-01,9.95985586675,10.1572763805,9.94011381538,10.0904569626,43255000
2015-12-02,10.1041278711,10.2506744283,9.9879536536,10.0388269424,54364000
2015-12-03,10.9993523068,11.1512139907,10.849009131,10.9932775497,120661000
2015-12-04,10.9947945113,11.2294210154,10.8763429213,11.2043638229,60329000
2015-12-07,11.1383047844,11.3683757803,11.051744029,11.3007974625,44769000
2015-12-08,11.1496924925,11.2825717019,11.0684461694,11.2210674286,34560000
2015-12-09,11.1724728816,11.2377737942,10.9659413119,11.0593357086,30803000
2015-12-10,11.0942636855,11.3471137179,11.0244072527,11.1868991852,33078000
2015-12-11,10.9811272334,11.2165133539,10.956829657,10.9659414291,27777000
2015-12-14,10.9446810085,11.0373172457,10.7244813989,10.8209142685,36993000
2015-12-15,10.8338228031,10.951516244,10.7297973847,10.8786220551,35398000
2015-12-16,10.9045141531,10.9890571233,10.6935373425,10.9585905075,29644000
2015-12-17,11.0385667968,11.0819808639,10.6943020845,10.6996335983,24378000
2015-12-18,10.6805900412,10.8085470775,10.5526330049,10.6783056259,51964000
2015-12-21,10.8991879768,11.1200659646,10.804743165,11.1048326492,26627000
2015-12-22,11.2137451787,11.2137451787,10.8732888049,11.0515146255,21684000
2015-12-23,11.1215882414,11.1703338296,10.9974394918,11.158908844,16170000
2015-12-24,11.1512934452,11.2183187272,11.0987395225,11.1444387436,7436000
2015-12-28,11.1124466613,11.1505292142,10.9624015917,11.1467208862,13873000
2015-12-29,11.1962283931,11.3318021155,11.0446608546,11.2678232193,22533000
2015-12-30,11.2350759493,11.3401830749,11.2053712721,11.2244129181,17396000
2015-12-31,11.1642390233,11.2343106617,11.0530384587,11.0553236008,19673000
2016-01-04,10.8207354614,10.8420615173,10.6539346156,10.8367300034,30970000
2016-01-05,10.9022314489,10.9144176621,10.4505737933,10.4741849899,38173000
2016-01-06,10.2495013748,10.3629871034,10.0750838381,10.1520109177,50824000
2016-01-07,10.0011995503,10.188565179,9.7635658916,9.82906723022,50056000
2016-01-08,9.90371486587,10.1649598683,9.75366973963,9.7643327713,64641000
2016-01-11,9.8633444317,9.8991418462,9.55259195971,9.75214385986,38941000
2016-01-12,9.89076563852,10.0286238056,9.6622709855,9.89533519745,41112000
2016-01-13,9.73005608575,9.89990404615,9.37436634783,9.39188480377,48470000
2016-01-14,9.45890628228,9.64855705307,9.16186402652,9.53507137299,63942000
2016-01-15,9.1557747291,9.42844468682,9.08646503154,9.13749504089,75916000
2016-01-19,9.34999451667,9.50537040326,9.06437640513,9.14511108398,54773000
2016-01-20,8.97450254889,9.56477973266,8.92423376915,9.43149185181,103988000
2016-01-21,9.50536825187,9.59676666607,9.39492965144,9.48480415344,48475000
2016-01-22,9.63332547601,9.63332547601,9.46195508065,9.48328113556,58428000
2016-01-25,9.47718974005,9.51908062928,9.44443869441,9.48176002502,61359000
2016-01-26,9.52060539113,9.63561432169,9.44444025746,9.47414493561,119134000
2016-01-27,9.41777806766,9.55182857919,9.14663139955,9.31876373291,58156000
2016-01-28,9.36370377934,9.63865885711,9.29210894505,9.62494945526,49969000
2016-01-29,9.85877706753,10.2319846089,9.75747754568,10.1840009689,259449000
2016-02-01,10.1558175921,10.5633000203,10.126874877,10.4863729477,45619000
2016-02-02,10.2830127563,10.4795175522,10.0309069498,10.1482009888,59005000
2016-02-03,10.4536239263,10.4810427324,9.92351659757,10.0050125122,56234000
2016-02-04,10.0080575761,10.4551449867,9.93950912212,10.3675556183,60833000
2016-02-05,10.434579478,10.434579478,9.67140814441,9.77651596069,70953000
2016-02-08,9.67217242236,9.67217242236,9.08037134414,9.28144645691,91242000
2016-02-09,9.12682992838,9.57544051162,9.04609526252,9.11769008636,63400000
2016-02-10,9.32942589227,9.41930037805,9.03695319868,9.07884407043,45473000
2016-02-11,8.87319976288,8.96002788729,8.70182938222,8.85872840881,66673000
2016-02-12,8.96916847491,9.31724150485,8.81455385087,9.2662115097,39965000
2016-02-16,9.38883610841,9.65693642647,9.36446368239,9.61504554749,38521000
2016-02-17,9.67293004829,9.9638795789,9.65236595198,9.95321655273,32742000
2016-02-18,10.0354795378,10.0529979981,9.6028633474,9.67826652527,39202000
2016-02-19,9.67674119026,9.80926782623,9.52060335337,9.80012798309,31118000
2016-02-22,9.90142683955,10.0865073799,9.86258305352,9.95017242432,24204000
2016-02-23,9.91361144079,9.93950777816,9.75366531189,9.76128196716,22352000
2016-02-24,9.63561270992,9.99663398853,9.55183165798,9.92732429504,25680000
2016-02-25,9.96083553293,10.091077019,9.80165133292,10.089553833,25652000
2016-02-26,10.2213178367,10.2799644863,10.0727966856,10.1382980347,27142000
2016-02-29,10.155819649,10.5046547612,10.1223073687,10.2038040161,35911000
2016-03-01,10.3104321796,10.5594916292,10.2533087059,10.5434970856,44906000
2016-03-02,10.4993201125,10.529024781,10.2860588241,10.4322948456,43834000
2016-03-03,10.4917020622,10.5754838163,10.2289339963,10.4597129822,59437000
2016-03-04,11.1200661376,11.2617326311,10.7940803028,11.1246356964,72399000
2016-03-07,11.0256202336,11.1375827676,10.7064898582,10.9304141998,41363000
2016-03-08,10.8374897261,10.8778566875,10.6181350154,10.63489151,33216000
2016-03-09,10.7201982497,10.8557719719,10.6988721931,10.8123579025,31152000
2016-03-10,10.926604697,11.10483053,10.8154041312,10.9997234344,54546000
2016-03-11,11.1193038418,11.4262480228,11.1010241543,11.3348503113,55822000
2016-03-14,11.2046086288,11.3630308904,11.1962300151,11.2830581665,28444000
2016-03-15,11.3104773956,11.4232011623,11.1261580678,11.3081922531,30891000
2016-03-16,11.2684529458,11.4067675526,11.221838667,11.3578605652,34906000
2016-03-17,11.2615758577,11.5939894649,11.2615758577,11.5809984207,44708000
2016-03-18,11.6108022121,11.6918042126,11.5290357325,11.6528310776,70568000
2016-03-21,11.6604704886,11.6918017401,11.5259768358,11.6833953857,28207000
2016-03-22,11.645952609,11.8912512966,11.5809981188,11.8262968063,33945000
2016-03-23,11.8308826558,11.8690905806,11.6413683458,11.6910390854,27577000
2016-03-24,11.5970464098,11.7139650832,11.5481401478,11.6918039322,25651000
2016-03-28,11.7132005195,11.7300125024,11.6207357066,11.6994457245,17224000
2016-03-29,11.7124363518,11.8392888843,11.6291423716,11.7781553268,26765000
2016-03-30,11.84463981,12.0188704018,11.8094883372,11.9921245575,26794000
2016-03-31,11.9990006494,12.0257472195,11.8026089244,11.806429863,24968000
2016-04-01,11.7712776272,12.0677753004,11.5511965345,12.0586051941,25671000
2016-04-04,12.0738917691,12.099109385,11.8950757484,11.9218215942,17760000
2016-04-05,11.8026072518,12.0012916576,11.8026072518,11.8469295502,56915000
2016-04-06,11.8217096365,12.0563099397,11.746056827,12.0387334824,28149000
2016-04-07,12.034148388,12.0700643229,11.8209447579,11.842341423,22975000
2016-04-08,11.9424545005,11.9898325436,11.8171301717,11.9325199127,18526000
2016-04-11,12.0303325829,12.0586066555,11.8904897209,11.8912534714,18568000
2016-04-12,11.9218192476,11.9493295674,11.6918042898,11.877497673,16537000
2016-04-13,11.9569691485,12.1999751048,11.8912501853,12.1869840622,21730000
2016-04-14,12.0196329578,12.1587120545,11.9210552251,12.1365509033,27549000
2016-04-15,12.083820927,12.0998684282,11.8079554892,11.8820800781,27685000
2016-04-18,11.871382505,11.9516207453,11.7537000927,11.9134120941,15297000
2016-04-19,11.9554447657,11.9798979006,11.5229243849,11.5443210602,24560000
2016-04-20,11.5741229297,11.7758638359,11.4931209212,11.7093811035,19435000
2016-04-21,11.6841638899,11.713202443,11.4969422534,11.5657176971,16117000
2016-04-22,11.4931192484,11.6872182487,11.3655029708,11.4877700806,25699000
2016-04-25,11.4816582086,11.5282732255,11.3685611875,11.393778801,10870000
2016-04-26,11.5764142714,11.7766269242,11.4656092447,11.5206298828,26309000
2016-04-27,11.2493489945,11.7193142087,11.195092836,11.5794706345,38930000
2016-04-28,11.4923578131,11.769752321,11.2585218673,11.3089570999,25520000
2016-04-29,11.1805716182,11.2936693331,10.9467357705,11.1377782822,35067000
2016-05-02,11.1691099384,11.2203089019,11.0422574262,11.1629962921,19525000
2016-05-03,11.0881105804,11.1561215408,10.8764350932,10.9429178238,23986000
2016-05-04,10.8901884845,11.036144963,10.7954309716,10.8565645218,20888000
2016-05-05,10.9902941581,11.0728243758,10.8580924766,10.8955373764,16841000
2016-05-06,10.8328769983,10.8894258698,10.6357215203,10.8428115845,30027000
2016-05-09,10.8512167065,10.9979376824,10.7946685664,10.8817834854,17300000
2016-05-10,10.8894237218,11.0911645778,10.8130064217,11.0506639481,18461000
2016-05-11,11.0109273002,11.1736950305,10.9666050029,10.9925870895,16716000
2016-05-12,11.0093990439,11.0598342622,10.6617016837,10.7778558731,26452000
2016-05-13,10.7702156658,10.9375688498,10.6693452136,10.7022047043,21716000
2016-05-16,10.7648648582,10.9750120874,10.7511100636,10.9008874893,20373000
2016-05-17,10.8901896987,10.9268693956,10.6892125654,10.7877902985,21248000
2016-05-18,10.7388834229,11.0842880729,10.7235996701,10.9948797226,22620000
2016-05-19,10.929925584,11.0544846666,10.7839691026,10.9077644348,17478000
2016-05-20,11.0139868233,11.2845031845,10.98189181,11.2126712799,25889000
2016-05-23,11.3242392299,11.4885359518,11.300549847,11.3173618317,17609000
2016-05-24,11.3555694815,11.5909343464,11.3364655171,11.5710659027,19907000
2016-05-25,11.6031603515,11.7682208119,11.4999971994,11.7353620529,21737000
2016-05-26,11.7506462509,11.7873266807,11.6016332799,11.6933336258,18431000
2016-05-27,11.6918025031,11.7628699074,11.6505373941,11.7147274017,18693000
2016-05-31,11.7682212239,11.8408175996,11.7147295411,11.7957315445,32058000
2016-06-01,11.7231368642,11.8690933872,11.7177876951,11.8270645142,30777000
2016-06-02,11.8606829611,11.884372337,11.7216038933,11.8377580643,46746000
2016-06-03,12.6676508041,12.685227269,12.3184258749,12.4223527908,82985000
2016-06-06,12.486539907,12.527804289,12.3046667534,12.4437465668,34010000
2016-06-07,12.4819552714,12.6814034408,12.4414546372,12.5965805054,32340000
2016-06-08,12.5392703813,12.5797710212,12.4819570275,12.5094680786,25620000
2016-06-09,12.3902557525,12.6126280957,12.3887267942,12.543088913,29143000
2016-06-10,12.3925465289,12.4544452902,12.2267223303,12.2893848419,26657000
2016-06-13,12.2374221503,12.3986624088,12.1992134926,12.2274875641,21568000
2016-06-14,12.170939482,12.2672245128,12.0838238296,12.1495428085,25669000
2016-06-15,12.174839236,12.2744941212,12.1257779533,12.1426429749,30884000
2016-06-16,12.0391537676,12.1763716817,11.92799991,12.1602735519,22804000
2016-06-17,12.1863374739,12.24613084,11.8766385569,11.9586629868,43333000
2016-06-20,12.1426444767,12.2346341189,12.011558743,12.0299568176,20265000
2016-06-21,12.0820835162,12.142643781,11.9287674546,11.9440994263,16126000
2016-06-22,11.937963764,12.0483514493,11.8666714278,11.8927354813,16039000
2016-06-23,12.06215324,12.1602758188,11.9563654059,12.1595096588,24435000
2016-06-24,11.6520314328,11.8720406899,11.376062527,11.400592804,64177000
2016-06-27,11.2304121679,11.2879063319,10.9061488552,11.0104036331,37864000
2016-06-28,11.2457415108,11.4933470987,11.236542476,11.4810819626,37233000
2016-06-29,11.6527990679,11.9318340933,11.5585094847,11.8820066452,47860000
2016-06-30,11.8820031162,12.0537172082,11.8183767656,11.9126663208,42626000
2016-07-01,11.8413774072,11.9486990198,11.7762187183,11.8222131729,19779000
2016-07-05,11.6198338785,11.6297990739,11.4626848443,11.556974411,26321000
2016-07-06,11.4496537916,11.5960707518,11.2810057658,11.5470094681,20603000
2016-07-07,11.509447479,11.7286898455,11.509447479,11.5746068954,19248000
2016-07-08,11.701857156,11.9011676251,11.6474298386,11.8927354813,26741000
2016-07-11,12.0429884916,12.1480101612,11.9801290142,12.0629196167,25201000
2016-07-12,12.1564425053,12.3350557433,12.1311453358,12.1572093964,20306000
2016-07-13,12.1817373732,12.2944250095,12.0613844833,12.0667505264,15734000
2016-07-14,12.2307997441,12.3465542232,12.1779054682,12.3258562088,23550000
2016-07-15,12.3503881282,12.3856504961,12.2392335179,12.3542203903,19259000
2016-07-18,12.4508123335,12.5489349262,12.4147823385,12.4439125061,14626000
2016-07-19,12.3779829244,12.4186127935,12.2491978777,12.3059244156,14797000
2016-07-20,12.3879481788,12.5542969838,12.3358200654,12.4699726105,18064000
2016-07-21,12.4960394026,12.5320679318,12.251499836,12.2967281342,19530000
2016-07-22,12.2338639765,12.288292026,12.0115555506,12.2399969101,19664000
2016-07-25,12.2376972127,12.3189547466,12.2093339476,12.2484292984,9627000
2016-07-26,12.373385953,12.5336011202,12.2936614495,12.529001236,28631000
2016-07-27,12.7206438218,12.8478965366,12.473038217,12.6991796494,30493000
2016-07-28,12.6485869907,12.7996038395,12.5657963915,12.5895605087,19512000
2016-07-29,12.5665629977,12.6217572198,12.3496212955,12.4170799255,26030000
2016-08-01,12.478408125,12.5627325211,12.4109494854,12.534368515,17876000
2016-08-02,12.5029364726,12.5711627238,12.4393101053,12.4868383408,22689000
2016-08-03,12.4094131749,12.5834279765,12.3634187238,12.5803604126,15019000
2016-08-04,12.5926245941,12.8019017314,12.5872585511,12.8011341095,19978000
2016-08-05,12.8747264666,13.0472074641,12.8195322549,13.0410737991,25594000
2016-08-08,13.0318782723,13.1261671245,12.8678293842,12.9053916931,19084000
2016-08-09,12.950617142,13.1982227397,12.9322205338,13.1215658188,32743000
2016-08-10,13.1253983158,13.1989905988,13.0196097745,13.1736927032,19523000
2016-08-11,13.190559622,13.2741163766,13.100869202,13.1920919418,15745000
2016-08-12,13.1951578665,13.2327201706,13.1376651704,13.2212219238,16530000
2016-08-15,13.2902132467,13.4772585923,13.2235207889,13.4565620422,25807000
2016-08-16,13.4005995747,13.41439776,13.1928547872,13.2158527374,19069000
2016-08-17,13.2043608282,13.2833177172,13.166798515,13.2641534805,16613000
2016-08-18,13.2480508002,13.352305557,13.234252613,13.3331413269,21120000
2016-08-19,13.3523035248,13.4197635929,13.2948108434,13.4097976685,15349000
2016-08-22,13.4151683325,13.5155908474,13.3431098193,13.4864606857,15393000
2016-08-23,13.5470224006,13.6045151081,13.5010264801,13.5945491791,19741000
2016-08-24,13.6121790046,13.62137731,13.3668733147,13.4381656647,21802000
2016-08-25,13.4550317746,13.5792184183,13.3914054017,13.4948940277,18735000
2016-08-26,13.5554530741,13.6949702163,13.4251342378,13.5807495117,22586000
2016-08-29,13.5914827637,13.6972713315,13.5608202796,13.5991487503,16726000
2016-08-30,13.6574080658,13.7539968577,13.487226978,13.56848526,27838000
2016-08-31,13.5761487563,13.6696729012,13.4419976666,13.5240221024,32753000
2016-09-01,13.5592812447,13.6198414917,13.4013660764,13.5753793716,39128000
2016-09-02,13.568481697,13.594544288,12.9398841687,13.2702817917,80668000
2016-09-06,13.3093751,13.3385052515,13.0042768626,13.1161975861,36132000
2016-09-07,13.1407288101,13.1851909313,12.8563270984,12.9475498199,31437000
2016-09-08,12.9084595777,12.9421881633,12.7681748047,12.9076919556,18680000
2016-09-09,12.7505421717,12.8057363934,12.3166573087,12.3250894547,45022000
2016-09-12,12.1986029423,12.629421654,12.1694727839,12.6087236404,35673000
2016-09-13,12.6087223398,12.8294977162,12.594924153,12.6669826508,36003000
2016-09-14,12.6662166534,13.026509147,12.6524170042,13.0019788742,40324000
2016-09-15,13.0196635475,13.3018462133,12.9327779835,13.2803173065,36322000
2016-09-16,13.2572533294,13.3010796195,13.0596478551,13.1665239334,83067000
2016-09-19,13.1903567119,13.3464412722,13.0250446401,13.1273069382,28306000
2016-09-20,13.2411032716,13.2411032716,12.9304696336,12.9350833893,18722000
2016-09-21,12.9473893869,13.0727190244,12.8874149486,13.0581092834,17977000
2016-09-22,13.1457597003,13.1672886039,12.9227800945,12.9819860458,20619000
2016-09-23,12.9712283488,12.9966010841,12.7259512413,12.8136053085,26875000
2016-09-26,12.6944237537,12.8581974601,12.514501898,12.8166780472,32033000
2016-09-27,12.8320547168,13.1388431547,12.7651611076,13.1373062134,25353000
2016-09-28,13.2080402708,13.2795476187,13.0542625891,13.125,20843000
2016-09-29,13.0711813407,13.3779697847,13.0319673391,13.2603292465,38570000
2016-09-30,13.3018439981,13.4287120059,13.2587861918,13.2649383545,34220000
2016-10-03,13.302614988,13.3702770509,13.0496488894,13.0765600204,22807000
2016-10-04,13.11807912,13.1403764923,12.9235490655,12.998131752,19596000
2016-10-05,13.1865119985,13.3871927846,13.1234636886,13.3387527466,26149000
2016-10-06,13.3249147742,13.4287154985,13.1680602486,13.3933467865,21014000
2016-10-07,13.4464000138,13.4517822407,13.2549452549,13.3948831558,21842000
2016-10-10,13.4348662023,13.5248271234,13.3602834922,13.4379415512,16336000
2016-10-11,13.4779243367,13.4940710187,13.0350418224,13.1611413956,26181000
2016-10-12,13.128847787,13.1526835742,12.9481574734,13.1073188782,21740000
2016-10-13,12.9766027989,13.0634868767,12.8251305489,12.9896726608,22373000
2016-10-14,13.0696402092,13.2741662848,13.0204316997,13.0780992508,19570000
2016-10-17,13.0481118667,13.1442234783,12.9735291622,12.9850635529,12741000
2016-10-18,13.1211617228,13.2918560922,13.1127041448,13.238032341,14167000
2016-10-19,13.1611454379,13.2464926306,13.079642066,13.2149677277,20440000
2016-10-20,13.1988164387,13.4233330356,13.1496064578,13.3333721161,18961000
2016-10-21,13.2472562157,13.3326033769,13.1250019361,13.2956962585,15842000
2016-10-24,13.3910433654,13.6094093248,13.3449101871,13.5748090744,19772000
2016-10-25,13.5348258026,13.5709629925,13.3410641186,13.3518285751,21622000
2016-10-26,13.2364903631,13.4387095555,13.1557569668,13.3018455505,21075000
2016-10-27,13.4025709795,13.4748468013,13.2080408905,13.2434110641,19840000
2016-10-28,13.2626372566,13.291855276,12.9973682035,13.0212039948,20651000
2016-10-31,13.0711796797,13.1988161864,12.970454308,13.0927085876,20317000
2016-11-01,13.1265427614,13.1903610265,12.7505538072,12.9789142609,28452000
2016-11-02,13.2949317729,13.3902749461,13.0565753064,13.2680206299,43501000
2016-11-03,13.2595593872,13.4817691065,13.236492071,13.3010787964,20654000
2016-11-04,13.1019396878,13.4194911673,13.0888683521,13.238032341,21753000
2016-11-07,13.4087244397,13.6770688133,13.3871955295,13.6063299179,26126000
2016-11-08,13.6147877447,13.6878320454,13.4640839201,13.6094055176,18923000
2016-11-09,13.1842059444,13.5709592691,13.1603701591,13.3341398239,32506000
2016-11-10,13.3572117717,13.4171862242,12.55602524,12.9127922058,51217000
2016-11-11,12.867425073,13.0711812527,12.7428639001,12.8820333481,29793000
2016-11-14,12.799760397,12.8997173013,12.5344928582,12.5929288864,28187000
2016-11-15,12.6736595,12.8789540241,12.5798547806,12.7982206345,25380000
2016-11-16,12.7866911023,12.9304743175,12.7444032154,12.9043331146,13333000
2016-11-17,12.8674255727,12.9958305704,12.765161777,12.8435897827,18100000
2016-11-18,12.8212901783,13.0065942594,12.8212901783,12.9297046661,19524000
2016-11-21,13.0042828589,13.2833901228,13.0042828589,13.2695503235,21384000
2016-11-22,13.3572129034,13.6417040419,13.3256879996,13.6109476089,31024000
2016-11-23,13.5601998357,13.6678444112,13.4740841752,13.6155605316,22123000
2016-11-25,13.5924891827,13.6109427425,13.4994529128,13.5901823044,8198000
2016-11-28,13.5371321112,13.6147901824,13.4202600358,13.4287176132,26570000
2016-11-29,13.3679705725,13.6078653481,13.3349087438,13.4902248383,18514000
2016-11-30,13.4648541246,13.5248285673,13.105013335,13.1088571548,31249000
2016-12-01,13.0719473524,13.1088544685,12.3953222673,12.5168066025,46389000
2016-12-02,12.5767829812,12.6805837114,12.3499594891,12.6267614365,26945000
2016-12-05,12.7643921383,12.8105253061,12.4868217276,12.7736196518,21372000
2016-12-06,12.8259036036,12.9150960575,12.5675552223,12.6682806015,39184000
2016-12-07,12.6682770973,12.959687233,12.5844683606,12.959687233,32659000
2016-12-08,13.0365814816,13.1772893425,12.8797269372,13.1257724762,38361000
2016-12-09,13.9131176667,13.9861634369,13.6017169546,13.7701044083,75744000
2016-12-12,13.690137472,13.8992758351,13.5755723079,13.698595047,37194000
2016-12-13,13.7431948185,13.9892403603,13.6862957238,13.7970170975,69076000
2016-12-14,13.8225335743,13.8588788225,13.6276642239,13.7351512909,46795000
2016-12-15,13.7885104198,14.0119919884,13.6539583503,13.9199695587,38103000
2016-12-16,13.9771975955,14.0034882502,13.7243309074,13.7970199585,41541000
2016-12-19,13.8472754156,14.0282258026,13.7738135467,13.9547624588,22219000
2016-12-20,13.9965234459,14.1728322609,13.9300202865,14.0792655945,27352000
2016-12-21,14.2076272098,14.2277334635,14.0568362072,14.0962743759,21013000
2016-12-22,14.1395826228,14.1511814804,13.8712513711,13.9655923843,17557000
2016-12-23,13.9230624185,14.0723077515,13.8929045014,14.0692148209,8977000
2016-12-27,14.0823570192,14.2053101958,14.0777168871,14.097823143,8283000
2016-12-28,14.1233467497,14.1511846041,13.9068253524,13.9338903427,14039000
2016-12-29,13.8959945283,13.971003611,13.8132538581,13.9091405869,13671000
2016-12-30,13.9478045619,13.9887884612,13.6114230174,13.6694202423,25421000
2017-01-03,13.786961004,13.9887890543,13.6516346318,13.7908267975,32098000
2017-01-04,13.7846440896,13.8418669914,13.6624637473,13.6926231384,23965000
2017-01-05,13.6353984675,13.687209846,13.4459435721,13.4768743515,24861000
2017-01-06,13.4714599193,13.6794753251,13.4018638295,13.655503273,23142000
2017-01-09,13.6601467788,13.7877386584,13.6593724399,13.6848917007,20265000
2017-01-10,13.7251021113,13.9764200639,13.6794780644,13.9632740021,30181000
2017-01-11,13.9230598853,13.9555393382,13.7459767341,13.8743429184,18787000
2017-01-12,13.7714983662,13.8496003945,13.5634844036,13.8310413361,23137000
2017-01-13,13.8341354161,13.9795134903,13.7946987042,13.9539957047,20902000
2017-01-17,13.8789816346,13.8905804899,13.7305106827,13.8503694534,26316000
2017-01-18,13.9470290215,14.3112483766,13.919191182,14.3073825836,35642000
2017-01-19,14.3135711672,14.4512161391,14.2810931899,14.3491420746,45718000
2017-01-20,14.5842269372,14.8115728485,14.545561613,14.7760019302,57623000
2017-01-23,14.770584494,14.8107955341,14.5703021574,14.7698116302,33394000
2017-01-24,14.9028198561,15.4379366937,14.8687961433,15.2917842865,62008000
2017-01-25,15.4595871302,15.666055353,15.3134347377,15.6575479507,60888000
2017-01-26,15.8091138353,15.8732969368,15.553155768,15.7882347107,38820000
2017-01-27,15.8818012886,15.9135064042,15.7395161749,15.9073190689,25780000
2017-01-30,15.8098880212,15.8423660067,15.5129460188,15.7147741318,33234000
2017-01-31,15.6567717937,15.6567717937,15.3776146027,15.4271059036,26749000
2017-02-01,15.6397667195,15.8122097964,15.482015434,15.7511196136,31184000
2017-02-02,15.6181103346,15.8547364588,15.5431012456,15.7789545059,22712000
2017-02-03,15.8485510182,15.9761428743,15.7000785638,15.942117691,24367000
2017-02-06,15.9413469039,15.9807850891,15.7982889026,15.9730520248,18716000
2017-02-07,16.0233073882,16.0379991698,15.8469971602,15.9227790833,22840000
2017-02-08,15.927423861,16.1423979768,15.8647879742,15.9985656738,21069000
2017-02-09,16.0325966664,16.0604345206,15.746480634,15.8787126541,27519000
2017-02-10,15.9297429616,15.9684067956,15.7634858206,15.892624855,23842000
2017-02-13,15.9900559773,16.0155752242,15.8655570968,15.9846429825,12463000
2017-02-14,16.0063001242,16.007074463,15.8369500286,15.8779354095,17357000
2017-02-15,15.9158271378,16.0024350868,15.8369507773,15.9289731979,17088000
2017-02-16,15.9653155975,16.1014148447,15.8663344609,16.0983219147,17188000
2017-02-17,16.161729142,16.2707633972,15.9931519326,16.2707633972,30945000
2017-02-21,16.3163848728,16.5189857528,16.3094246757,16.4517097473,30333000
2017-02-22,16.4710467026,16.620292017,16.3550537068,16.560749054,23949000
2017-02-23,16.6318897145,16.6999400746,16.2112217337,16.2839107513,29364000
2017-02-24,16.1137880396,16.2893254798,15.6676007576,16.2676734924,27651000
2017-02-27,16.2908724755,16.505846638,16.2537543586,16.4927005768,26991000
2017-02-28,16.5592048699,16.5746709988,16.2622628645,16.3109798431,27548000
2017-03-01,16.4764586253,16.6558618414,16.2823636228,16.6365299225,51155000
2017-03-02,17.3301699836,17.3974460081,16.7045795048,16.8027877808,71171000
2017-03-03,16.857688457,17.0123467446,16.8344907463,16.882434845,30747000
2017-03-06,16.731646567,16.8986780907,16.638852751,16.8530540466,22771000
2017-03-07,16.8066552098,17.1182904463,16.7873232882,16.9543533325,29129000
2017-03-08,16.952034303,17.1082383491,16.9002229256,16.9837379456,24532000
2017-03-09,16.9180096262,17.2335106584,16.8669725861,17.1677818298,25675000
2017-03-10,17.2234611122,17.5080313996,17.2234611122,17.5033912659,39430000
2017-03-13,17.4654958056,17.6116467066,17.4268304925,17.5111198425,26669000
2017-03-14,17.3804352045,17.4979754072,17.2837741252,17.3487300873,22165000
2017-03-15,17.3471868522,17.5265901124,17.2628974822,17.4709129333,20727000
2017-03-16,17.5151875909,17.5415989497,17.2114599281,17.2728271484,27835000
2017-03-17,17.362935291,17.3776951902,17.1555307046,17.1811656952,51635000
2017-03-20,17.1811603579,17.294572413,17.1500878313,17.1858215332,17215000
2017-03-21,17.2635064391,17.3209888523,16.7414990993,16.7803382874,30557000
2017-03-22,16.7803390931,16.9628865451,16.7314011804,16.8890914917,19131000
2017-03-23,16.8766597352,16.9698758517,16.8121855633,16.8455886841,19223000
2017-03-24,16.9349214561,17.19825423,16.9139476429,17.0094928741,23794000
2017-03-27,16.8432620855,17.1034879413,16.7764573097,17.0157108307,15358000
2017-03-28,16.9737561638,17.227767999,16.9613268566,17.1632938385,17929000
2017-03-29,17.1516461624,17.1943701559,17.0646454377,17.1912631989,15927000
2017-03-30,17.2370978678,17.4351801294,17.0009512993,17.0926132202,34168000
2017-03-31,17.0887270288,17.166406886,16.9364742716,17.0087165833,25897000
2017-04-03,17.0118264774,17.088729979,16.8300568543,16.9962902069,19210000
2017-04-04,16.9473493627,17.1213523021,16.9248228116,17.0087165833,12634000
2017-04-05,17.0537666442,17.1283380428,16.8409245734,16.866558075,15690000
2017-04-06,16.8331601396,16.9706529917,16.7469357835,16.8953037262,14615000
2017-04-07,16.8953091329,17.0770787745,16.8595768925,16.9535694122,16412000
2017-04-10,16.8619044066,17.0157099158,16.7989829608,16.9356994629,17994000
2017-04-11,16.822283186,16.9652135676,16.6257537261,16.8991851807,22219000
2017-04-12,16.7531547807,16.7896648712,16.1915317424,16.2505683899,61026000
2017-04-13,16.2513408362,16.6210954218,16.2350281993,16.4152450562,42579000
2017-04-17,16.4975839377,16.6513894152,16.4828240405,16.613325119,14507000
2017-04-18,16.5504075233,16.6008996541,16.4727276639,16.5535144806,8486000
2017-04-19,16.6063360604,16.6878992404,16.5659426548,16.5946846008,12081000
2017-04-20,16.7011002503,17.0211404485,16.6405108996,16.9504508972,16916000
2017-04-21,16.8890887869,16.9597768716,16.7912114956,16.9077320099,14683000
2017-04-24,17.1430975499,17.2370900168,17.0646413464,17.1858215332,17531000
2017-04-25,17.2464118462,17.4002173055,17.2409743019,17.3380737305,14848000
2017-04-26,17.36060826,17.394786276,17.1570869754,17.2200069427,14726000
2017-04-27,17.3139982617,17.4072143936,17.2495240792,17.3295345306,11850000
2017-04-28,17.3093339475,17.3334132318,17.0716332451,17.1524200439,16490000
2017-05-01,17.2518544017,17.2650600819,17.082512629,17.1920413971,15339000
2017-05-02,17.3582736794,17.5167388556,17.2060209355,17.5128555298,27277000
2017-05-03,17.4398381432,17.5703392347,17.3652652442,17.4701328278,18002000
2017-05-04,17.4980960321,17.5447048324,17.2339869053,17.3536128998,16245000
2017-05-05,17.4747953415,17.5936449823,17.4041072448,17.5905380249,23128000
2017-05-08,17.5959768732,17.6410299816,17.3893486322,17.4841175079,17448000
2017-05-09,17.526061432,17.8196903517,17.4553733451,17.7466716766,19261000
2017-05-10,17.8266817197,18.1319621171,17.7645381311,17.9696121216,24433000
2017-05-11,17.9191260802,18.0100101573,17.7295868269,17.9509735107,14823000
2017-05-12,17.9812668888,18.3362616005,17.9315511239,18.3292713165,25852000
2017-05-15,18.3020799673,18.635324429,18.2546948003,18.5677433014,29172000
2017-05-16,18.6384332357,18.7433008196,18.5413337857,18.6959171295,18128000
2017-05-17,18.4877301674,18.563079417,17.9509645509,17.9579563141,31447000
2017-05-18,17.989029407,18.5358922787,17.68607818,18.4613208771,30699000
2017-05-19,18.3875253991,18.4092755777,18.0255390144,18.1847820282,35812000
2017-05-22,18.2958634687,18.5638588564,18.1941043399,18.517250061,20419000
2017-05-23,18.5149169416,18.5599715116,18.3199417303,18.3743171692,13696000
2017-05-24,18.5234632368,18.6438655731,18.4077205943,18.6120166779,16392000
2017-05-25,18.7293118595,18.7642677079,18.5444338992,18.7098922729,19010000
2017-05-26,18.7130026692,18.7673781141,18.5125898918,18.7370834351,13120000
2017-05-30,18.6819334789,18.7510688321,18.5654144359,18.6291122437,29364000
2017-05-31,18.8388515789,18.8675920503,18.4535606531,18.6027050018,44830000
2017-06-01,18.7673808452,18.7883546574,18.1622576179,18.2228469849,63774000
2017-06-02,19.3064782918,19.8719859975,18.9654656567,19.7717781067,108613000
2017-06-05,19.7306078651,19.9465569462,19.4354261902,19.5915622711,39532000
2017-06-06,19.4797118599,19.8347081795,19.4680603947,19.7197418213,29653000
2017-06-07,19.7057463576,19.8743102299,19.6505945462,19.7523536682,29290000
2017-06-08,19.8082885386,19.8937365319,19.6001075827,19.8044052124,28273000
2017-06-09,19.8479070251,19.8859698477,18.7557321844,18.902545929,58191000
2017-06-12,18.6741699417,18.884681512,18.312959811,18.8505020142,54872000
2017-06-13,19.0283857671,19.2575405347,18.7728196403,18.8714733124,30853000
2017-06-14,18.9204081644,19.0276063221,18.4589917465,18.6850395203,34509000
2017-06-15,18.3589564098,18.6826985944,18.353495709,18.5656833649,27527000
2017-06-16,18.6390143831,18.6780204544,18.3425756802,18.4299468994,35819000
2017-06-19,19.0977116361,19.0977116361,18.7497847057,18.8121929169,28519000
2017-06-20,18.8785093012,19.0072256322,18.710786894,18.7217082977,24429000
2017-06-21,19.0017613258,19.1835252907,18.8722638562,19.1218967438,34998000
2017-06-22,19.1523196239,19.2225290511,18.9627544681,19.0376434326,18666000
2017-06-23,18.998643108,19.2584177491,18.9401347429,19.1328201294,34985000
2017-06-26,19.1897682033,19.3387679714,18.8160985265,18.9370136261,32103000
2017-06-27,18.8285747152,18.8777210133,18.3503721581,18.3581733704,33582000
2017-06-28,18.4564701597,18.8574433359,18.2934288038,18.8043956757,24533000
2017-06-29,18.6210691179,18.6421307555,17.9868437697,18.2575397491,34513000
2017-06-30,18.4315126424,18.4642768583,18.1654960749,18.1803188324,26534000
2017-07-03,18.2942078411,18.3511553624,17.8706122005,17.923658371,21123000
2017-07-05,18.0203924335,18.1241457541,17.8729520164,18.0679779053,29699000
2017-07-06,17.7520391288,18.3893833728,17.7473581022,18.3355560303,26334000
2017-07-07,18.3558420914,18.7373115938,18.3535015777,18.6928462982,24731000
2017-07-10,18.7622725583,18.8738271018,18.6296548839,18.8605651855,22499000
2017-07-11,18.8785074395,18.9253132382,18.6748991649,18.7919158936,20502000
2017-07-12,18.9565199681,19.2826042425,18.8051811426,19.2233161926,27710000
2017-07-13,19.2779152105,19.4924433488,19.2334499355,19.2927379608,20400000
2017-07-14,19.3957172412,19.5337956195,19.3348683605,19.5252132416,14417000
2017-07-17,19.5642201229,19.6866960765,19.413659497,19.4261417389,18746000
2017-07-18,19.2888442165,19.5751427306,19.1952326044,19.5712413788,13003000
2017-07-19,19.6586138373,19.8567599509,19.5454984437,19.8458385468,25526000
2017-07-20,19.8536339276,19.8926385059,19.6859115623,19.7701625824,12135000
2017-07-21,19.6219459104,19.7771860638,19.5384745508,19.7452030182,15504000
2017-07-24,19.7592437208,19.7896674149,19.6344272684,19.7389602661,13638000
2017-07-25,19.7210222325,19.8466183816,19.516634252,19.8380374908,16123000
2017-07-26,19.8684579868,20.1414945376,19.8629972855,20.0494422913,19971000
2017-07-27,20.1430592444,20.1649035432,19.4206841604,19.5767040253,32010000
2017-07-28,19.4183425013,19.5899647889,19.3075676152,19.531457901,31919000
2017-07-31,19.5790409756,19.6937171995,19.1484237272,19.2420368195,18902000
2017-08-01,19.3645090328,19.5025873872,19.265435258,19.376991272,17582000
2017-08-02,19.8614451141,20.0705141791,19.5852897426,19.7647132874,36970000
2017-08-03,19.7217999873,19.736621254,19.2865017211,19.5252132416,23447000
2017-08-04,19.5603173602,19.5782603026,19.3559308938,19.4378414154,13454000
2017-08-07,19.4550059789,19.7280425778,19.4167810634,19.692937851,18730000
2017-08-08,19.657053091,19.8372577489,19.5353568061,19.6086864471,20439000
2017-08-09,19.4659245977,19.5306733398,19.3091250941,19.4378414154,21256000
2017-08-10,19.2420307461,19.2685545711,18.7583659835,18.7778682709,29033000
2017-08-11,18.7263873143,19.131261891,18.6210746317,19.0477905273,16976000
2017-08-14,19.2576368951,19.6001017111,19.1905476445,19.5735778809,16736000
2017-08-15,19.7459800471,19.8193096692,19.601661316,19.7904453278,20942000
2017-08-16,19.8395938261,19.8723595219,19.6437882541,19.7693843842,15394000
2017-08-17,19.7366183364,19.8341312758,19.2412539137,19.2646560669,22793000
2017-08-18,19.2943058086,19.6180495776,19.2006941923,19.4534473419,20126000
2017-08-21,19.6500349005,19.6500349005,19.2045962763,19.472951889,20693000
2017-08-22,19.6453494068,19.9854737313,19.5806006651,19.9074630737,26917000
2017-08-23,19.80838897,20.1976610596,19.7670438757,20.0424194336,27928000
2017-08-24,20.1789421391,20.232769483,19.5884036831,19.8965435028,52119000
2017-08-25,19.6781167961,19.8458392163,19.0173688446,19.1585674286,69099000
2017-08-28,19.2716779165,19.3184837115,18.9175105459,18.9760189056,34174000
2017-08-29,18.8231159087,19.0797703126,18.7248233025,18.8574409485,33536000
2017-08-30,18.8441826163,19.217072636,18.7911349526,19.1921081543,21924000
2017-08-31,19.238919247,19.699960255,19.1554478718,19.6640758514,29491000
2017-09-01,19.6843522429,19.91916387,19.68201173,19.7155570984,23242000
2017-09-05,19.5119519326,19.7155602244,19.2701202162,19.4284820557,24306000
2017-09-06,19.5501810675,19.6047880929,19.3231705866,19.4542274475,13996000
2017-09-07,19.4862087715,19.5025908764,19.2006914481,19.233455658,16088000
2017-09-08,19.1843065443,19.2217517781,18.9643176556,19.0431079865,18094000
2017-09-11,19.274797589,19.3652889887,19.19132624,19.3262844086,16878000
2017-09-12,19.4760690747,19.48231094,19.1515456429,19.2794837952,18396000
2017-09-13,19.1765119829,19.3395533897,19.1242439814,19.2092761993,29664000
2017-09-14,19.0828921026,19.3083416733,18.9752374366,19.2646560669,28645000
2017-09-15,19.3177115333,19.5954277113,19.1211247372,19.545501709,50066000
2017-09-18,19.6645568483,19.8039840057,19.4734338944,19.5682125092,25743000
2017-09-19,19.6739576272,19.7272206432,19.4515022527,19.5635128021,22088000
2017-09-20,19.561951609,19.5729176584,18.6313986505,19.0269622803,57010000
2017-09-21,18.991708,19.0105071493,18.6564592429,18.8287830353,28620000
2017-09-22,18.6689883606,18.857762689,18.651756432,18.739484787,23100000
2017-09-25,18.5789134959,18.6274778429,18.1355699816,18.4473209381,38692000
2017-09-26,18.6329598575,18.7951019594,18.4316537328,18.5851783752,39010000
2017-09-27,18.7598526699,19.0081559064,18.6877890196,18.8444480896,26489000
2017-09-28,18.7606311496,19.0621988178,18.7598482876,19.0293006897,21932000
2017-09-29,19.0293106311,19.1342709535,18.9172985719,18.9979782104,17319000
2017-10-02,19.2149513601,19.2149513601,18.7794408548,18.8358383179,19431000
2017-10-03,18.8052851819,18.8734315432,18.6337442384,18.7598552704,25611000
2017-10-04,18.7034583625,18.9815268391,18.6039795824,18.9556789398,23271000
2017-10-05,19.0551544025,19.2486274267,18.9846579654,19.0864868164,22811000
2017-10-06,18.8225203834,19.24941488,18.8225203834,19.2486305237,17489000
2017-10-09,19.268996998,19.3669085666,19.2212155071,19.3018951416,16551000
2017-10-10,19.3888359547,19.4381831582,19.0371381519,19.2682094574,15348000
2017-10-11,19.2071178119,19.6739607283,19.2016347876,19.6136474609,26603000
2017-10-12,19.6152103469,19.6825738475,19.4475852046,19.4836177826,20067000
2017-10-13,19.5940567785,19.6481041395,19.384134713,19.4225158691,15257000
2017-10-16,19.4710867606,19.5408003498,19.2392325278,19.32147789,14899000
2017-10-17,19.2564625226,19.2642956269,18.982309849,19.0042419434,26965000
2017-10-18,19.059856956,19.1601186014,18.7833541956,19.1123371124,19905000
2017-10-19,18.8632529149,19.1413214286,18.6705627088,19.135055542,25844000
2017-10-20,19.3441929281,19.3473273654,19.093539541,19.1311378479,23548000
2017-10-23,19.2047631858,19.2415786226,19.0112901622,19.1334838867,23418000
2017-10-24,19.1961442294,19.4366143422,19.1209476433,19.4005832672,22887000
2017-10-25,19.2595929233,19.4984973432,19.1303504548,19.2548942566,20955000
2017-10-26,19.3684718961,19.4139033005,19.093536377,19.093536377,24446000
2017-10-27,19.1569882327,19.8165198795,19.0175610464,19.8094711304,44753000
2017-10-30,19.8407980448,20.5379278594,19.8384479642,20.4619483948,50202000
2017-10-31,20.5614263666,20.8904092482,20.4674306173,20.6718711853,32845000
2017-11-01,20.6977266174,20.8073871199,20.1220059915,20.3099975586,27333000
2017-11-02,20.5355766414,20.72905116,19.4937977822,20.3264389038,67196000
2017-11-03,20.6812735281,21.775532741,20.1392355145,21.4332351685,120503000
2017-11-06,21.7990321471,22.0731848452,21.1512494551,21.7379360199,78088000
2017-11-07,21.3478541173,21.501380276,20.9562078573,21.2522926331,36789000
2017-11-08,21.096409642,21.44810738,20.9327018562,21.3368797302,30254000
2017-11-09,21.0423654576,21.1802253741,20.5614237147,20.8073768616,30980000
2017-11-10,20.8191294722,20.8857086104,20.6475885409,20.7541160583,20338000
2017-11-13,20.5614239901,20.8340093906,20.4870117554,20.7580299377,28064000
2017-11-14,20.6240912711,20.8026824614,20.4642992321,20.6209583282,19718000
2017-11-15,20.5457604556,20.9139088606,20.211294546,20.8042469025,29032000
2017-11-16,20.898242446,21.5131268892,20.8441950767,21.3141708374,31000000
2017-11-17,21.2875340343,21.3141662822,21.0259147033,21.2945842743,24069000
2017-11-20,21.3541215185,21.677621436,21.2577771652,21.5311470032,28639000
2017-11-21,21.6267036785,21.7919772278,21.5334907951,21.6650848389,20903000
2017-11-22,21.6987634052,21.752810766,21.4755252153,21.5695209503,18642000
2017-11-24,21.671349619,22.1663903675,21.6588163556,22.1186103821,11572000
2017-11-27,21.9525531417,22.3770989938,21.9141719796,22.2940692902,26230000
2017-11-28,22.3128672382,22.3160001807,21.6846667009,21.7285308838,26796000
2017-11-29,21.7755276906,21.7864937361,20.7470650049,21.2663879395,47231000
2017-11-30,21.2883155408,21.8029382062,21.1559401598,21.7708244324,31452000
2017-12-01,21.5569891814,21.5804884903,20.6828355086,21.2710876465,47729000
2017-12-04,21.4551584787,21.502938457,20.3765644233,20.6483669281,48439000
2017-12-05,20.5739587448,20.8449769469,20.4008505987,20.494846344,38117000
2017-12-06,20.2739607207,20.7118212704,19.9112967822,20.6703071594,48751000
2017-12-07,21.5319292676,21.5953754745,20.4964161168,20.6703071594,79282000
2017-12-08,20.8175665439,20.9092122295,20.3107767489,20.3585567474,41848000
2017-12-11,20.3139033216,20.6436690224,20.2708220044,20.3616847992,34941000
2017-12-12,20.31547407,20.4345333657,20.0303553611,20.2637767792,28541000
2017-12-13,20.3977124412,20.6233006782,20.3796961589,20.5246047974,26943000
2017-12-14,20.5488947747,20.6005920676,20.107118452,20.3139076233,37595000
2017-12-15,20.4948495483,20.8355813769,20.2293128336,20.8144321442,45091000
2017-12-18,20.8223200554,21.0139204989,20.7048356161,20.8467617035,29786000
2017-12-19,20.7608144551,20.9177225346,20.6007526635,20.7923545837,19094000
2017-12-20,20.9847414697,21.0012995837,20.7198101428,20.9453163147,19845000
2017-12-21,20.9697639911,20.9934190893,20.58498402,20.6212539673,17758000
2017-12-22,20.6441184496,20.7663341945,20.3981123597,20.6859092712,14617000
2017-12-26,20.2822071453,20.6859124393,19.9794296788,20.3508052826,22256000
2017-12-27,20.4091492435,20.6275584524,20.3823404369,20.4312267303,35615000
2017-12-28,20.5132315793,20.5636939824,20.3862845114,20.5337314606,13641000
2017-12-29,20.4824798011,20.6543699022,20.2356841461,20.2561855316,17980000
2018-01-02,20.4824732519,21.0919726918,20.309007102,21.0533370972,33135000
2018-01-03,21.0754169604,21.3466557091,20.9760682773,21.2835769653,31161000
2018-01-04,21.4144698759,21.4278742808,21.1653085646,21.2906780243,19067000
2018-01-05,21.4444326469,21.6249958322,21.2457337364,21.4168357849,28633000
2018-01-08,21.3616367631,21.4901599137,21.2149793944,21.468082428,20971000
2018-01-09,21.5303708034,21.5926614901,21.1463790007,21.1708221436,26027000
2018-01-10,20.9721266095,20.9847429608,20.5581722278,20.7237548828,31607000
2018-01-11,20.7821059053,20.8041833959,20.6228321503,20.7765865326,17726000
2018-01-12,20.7679129335,20.920089704,20.6591015873,20.8388767242,19881000
2018-01-16,20.9090489328,21.0525541084,20.6315027254,20.7568721771,33528000
2018-01-17,20.9327038165,21.0154943955,20.5368836375,20.9587230682,37365000
2018-01-18,20.9311262173,21.2938301648,20.8538550102,21.2733287811,30319000
2018-01-19,21.2220782347,21.2449437744,20.9792243668,21.0044555664,29963000
2018-01-22,20.9461064395,21.0344163829,20.5494982422,20.6669826508,27230000
2018-01-23,20.6378133824,20.8483391069,20.3515940462,20.7292785645,35398000
2018-01-24,20.5770976292,20.7584488578,20.1852207033,20.253030777,45405000
2018-01-25,20.3224163666,20.3303013985,19.4755837856,19.4984493256,59520000
2018-01-26,19.666396499,19.7870346328,19.3368102783,19.7744197845,49014000
2018-01-29,19.5765110025,19.6719179459,19.1988280011,19.3549480438,50401000
2018-01-30,19.0222068736,19.320254506,18.6878892922,19.0009174347,46002000
2018-01-31,19.7121290012,19.9597126917,19.306847677,19.5567970276,80482000
2018-02-01,19.0592588273,19.3888449575,18.7738261577,18.8282318115,66851000
2018-02-02,18.6689636578,18.7627929852,18.4576499061,18.5672492981,58352000
2018-02-05,18.5041658901,19.239033268,17.9459183782,17.9853420258,70776000
2018-02-06,17.7897999413,18.9551813523,17.7330286206,18.9536037445,77744000
2018-02-07,18.8258679961,19.1680705085,18.6870956666,18.7170581818,40475000
2018-02-08,18.7178465773,18.8069445685,18.0965202829,18.1012516022,43200000
2018-02-09,18.3551453636,18.6965598803,17.8394766025,18.5688247681,43282000
2018-02-12,18.7549136667,19.3557403755,18.726528745,19.2705841064,35063000
2018-02-13,19.0032787592,19.3990989065,18.9283732181,19.3856945038,23719000
2018-02-14,19.3178883743,19.6056853063,19.198038281,19.5276260376,25491000
2018-02-15,19.6553503122,19.8572028467,19.2729361755,19.8564147949,25540000
2018-02-16,19.8122672399,19.8989995848,19.5575865695,19.6246070862,32639000
2018-02-20,19.6135708272,20.1647215543,19.516587778,19.6821689606,41693000
2018-02-21,19.9084637666,19.9857349813,19.5899147629,19.6033191681,28156000
2018-02-22,19.642735385,19.9565514214,19.5757133898,19.6608695984,19342000
2018-02-23,19.8808621058,20.1087339306,19.7349912924,20.0046539307,18280000
2018-02-26,19.8666718994,20.06221709,19.7909782967,19.944732666,28878000
2018-02-27,19.8769244452,20.1592020092,19.8445962611,19.8548469543,21176000
2018-02-28,20.0338308645,20.0661575396,19.3951568285,19.4330043793,28834000
2018-03-01,19.3856939722,19.6427402693,19.0269333312,19.1846294403,26044000
2018-03-02,18.9575502032,19.8051724447,18.9417816413,19.7807292938,27402000
2018-03-05,19.7042441776,19.8177868359,19.193305223,19.4740066528,25900000
2018-03-06,19.6577257488,19.8146338457,19.5008176519,19.7878265381,30030000
2018-03-07,19.6088377418,19.6648210203,19.2650590538,19.4795265198,31549000
2018-03-08,19.5749296746,19.5780833862,19.3904232618,19.4716377258,33554000
2018-03-09,19.6001630791,20.0495993596,19.5252575336,20.010175705,30782000
2018-03-12,20.5518644897,20.8396613699,20.4706500193,20.7245426178,53881000
2018-03-13,21.0076081428,21.5926645414,20.5187482253,20.5968074799,66855000
2018-03-14,20.658313312,20.6851206183,20.1181998549,20.5471363068,39619000
2018-03-15,20.7947225851,21.2023696495,20.7765883613,21.1124820709,57990000
2018-03-16,20.7371649557,20.7844751615,20.0598566018,20.0961265564,113955000
2018-03-19,19.9565601299,20.223857168,19.1420556706,19.3139457703,71267000
2018-03-20,19.3257748713,19.5583780948,19.0245735109,19.1097297668,61918000
2018-03-21,19.2473331141,20.0481714807,19.2057310616,19.6809539795,54912000
2018-03-22,19.363336702,19.738556283,19.3209350521,19.4865436554,43078000
2018-03-23,19.4713413737,19.6185485068,19.2337306975,19.3993377686,59070000
2018-03-26,19.8145638992,19.9073677904,19.2417363554,19.8193645477,48713000
2018-03-27,19.8473631829,20.340986065,19.328937462,19.5505485535,63917000
2018-03-28,19.5273480562,19.7553589952,18.8489139603,18.9353179932,41744000
2018-03-29,19.0481219359,19.2681322791,18.7817088951,18.8529129028,46874000
2018-04-02,18.716909356,18.8905170305,18.0360764255,18.2152843475,53088000
2018-04-03,18.4696970825,18.9593204638,18.177683088,18.9433193207,45569000
2018-04-04,18.404892119,19.0345231862,18.3608912663,18.9601192474,37720000
2018-04-05,19.2617329387,19.3353357462,18.800910452,18.9057159424,35798000
2018-04-06,18.6993008183,18.924111766,18.2216776952,18.3104820251,30248000
2018-04-09,18.3992858509,19.1737234938,18.3416841986,18.7801055908,37494000
2018-04-10,19.1657276421,19.3257360012,19.0137213795,19.180929184,33244000
2018-04-11,19.050523997,19.2585342667,18.9673198891,19.2265319824,19922000
2018-04-12,19.3153355877,19.4121405101,18.9689183514,19.1553287506,41036000
2018-04-13,20.0009705125,20.160978887,19.5929505309,19.7561588287,48312000
2018-04-16,19.9281662573,19.9921692986,19.6553533512,19.9505672455,25172000
2018-04-17,20.0721742069,20.2289811296,19.9721693559,20.1401767731,25084000
2018-04-18,20.0809685741,20.134570707,19.7977548448,19.9681625366,20511000
2018-04-19,19.484148002,19.7033588012,19.2537367068,19.4297447205,50141000
2018-04-20,19.2985338665,19.3289354234,18.8017095876,18.9705181122,41530000
2018-04-23,19.0401207167,19.0665227505,18.5704980885,18.676902771,31337000
2018-04-24,18.8601126211,18.8905141784,18.1360785441,18.2720851898,44889000
2018-04-25,18.3208847046,18.4888936139,18.0696732287,18.3208847046,34023000
2018-04-26,18.4808948088,18.5512976915,18.2648839874,18.4344921112,32751000
2018-04-27,18.6865039874,18.7369062052,18.4568923581,18.6233005524,27211000
2018-04-30,18.6072967359,18.7305036654,18.2664813524,18.3544845581,39682000
2018-05-01,18.4688906698,18.4688906698,18.1096738082,18.4312896729,44947000
2018-05-02,18.6649041479,18.6761046417,18.1448792608,18.3000869751,52950000
2018-05-03,18.1200792761,18.2312846227,17.8152640722,18.0208740234,58011000
2018-05-04,17.8928647431,18.5680972735,17.7592584312,18.4424915314,51303000
2018-05-07,18.5048926239,18.9529153502,18.4808924419,18.8785114288,36953000
2018-05-08,18.8601159315,19.1177288517,18.786513112,19.1089286804,40149000
2018-05-09,18.8649185267,19.1313316456,18.7249123197,19.044927597,35031000
2018-05-10,19.179329891,19.4993451072,19.0897259357,19.4817447662,25747000
2018-05-11,19.4473457115,19.5609513921,19.3289393825,19.4713459015,24052000
2018-05-14,19.7033513599,19.8745586603,19.504940903,19.5817451477,27580000
2018-05-15,19.3857438845,19.5561516504,19.0809286395,19.3273410797,24984000
2018-05-16,19.3721399602,19.3777402073,19.1201273123,19.241733551,29330000
2018-05-17,19.0505224218,19.3337362049,19.0409211269,19.1569271088,22825000
2018-05-18,19.1897298144,19.2505329313,18.871313813,18.880115509,25262000
2018-05-21,19.1577297883,19.2409339027,18.9345194843,19.1249294281,25720000
2018-05-22,19.2201319863,19.3105355393,19.0073210704,19.0801258087,19218000
2018-05-23,18.8993122615,19.2513296925,18.8833126483,19.2457294464,23454000
2018-05-24,19.2697307447,19.5497445696,19.2009270687,19.483341217,22799000
2018-05-25,19.5241425768,20.0553694096,19.5241425768,20.0033664703,32214000
2018-05-29,19.8921658746,20.0897752596,19.8785650557,19.9761695862,28281000
2018-05-30,20.0953731836,20.1633757443,19.9473664433,19.9529666901,26844000
2018-05-31,19.9417672838,20.4241896592,19.920965494,20.1665782928,34698000
2018-06-01,20.3505897183,20.6170028185,20.2041821479,20.5081977844,26360000
2018-06-04,20.6409970281,20.7498035566,20.4993901472,20.6705989838,25886000
2018-06-05,20.7578018286,20.909009998,20.6441977092,20.7418022156,42374000
2018-06-06,20.8602061709,21.1034185911,20.7778032075,21.082616806,37465000
2018-06-07,21.0410171346,21.3194317855,21.0346172889,21.1754245758,46077000
2018-06-08,20.5401937551,20.7954062999,20.3001827514,20.6385993958,73694000
2018-06-11,20.6298003309,20.9450164299,20.5065948905,20.8674125671,31859000
2018-06-12,20.8274058787,20.9394107958,20.6729977923,20.9154090881,27594000
2018-06-13,20.9418149981,21.2866315074,20.8578097688,21.0874214172,34868000
2018-06-14,21.2010208358,21.5266361846,21.1290172467,21.4778347015,37042000
2018-06-15,21.6042518842,21.745858817,21.3074371975,21.6194534302,60969000
2018-06-18,21.5210405908,21.5210405908,21.139422707,21.1610240936,30191000
2018-06-19,20.7556439234,21.1715679589,20.6056524006,21.1569728851,36221000
2018-06-20,21.2015630018,21.4058770018,21.1399445184,21.178861618,24951000
2018-06-21,21.2080496084,21.288314771,20.9534678241,21.0515708923,18186000
2018-06-22,21.1756149671,21.2015591801,20.9956245734,21.056432724,52412000
2018-06-25,20.7896919967,20.7896919967,20.3040417058,20.465385437,29705000
2018-06-26,20.5124111,20.6429456065,20.3137739869,20.3940391541,24233000
2018-06-27,20.4386296423,20.6875360708,20.0137875018,20.0348682404,24720000
2018-06-28,19.9675705259,20.0518903708,19.6424521567,19.8556842804,33238000
2018-06-29,20.0219011148,20.0219011148,19.6667852089,19.672460556,42794000
2018-07-02,19.465706972,19.6383998238,19.2492320062,19.6246166229,33369000
2018-07-03,19.7308361137,19.7332686262,19.3773408537,19.4008541107,11591000
2018-07-05,19.6035398882,19.9132529191,19.5135446838,19.8962268829,25299000
2018-07-06,19.8556900974,20.1556746654,19.8167729966,20.0810832977,23112000
2018-07-09,20.1881021074,20.2067503336,19.9067658021,20.0608119965,17955000
2018-07-10,20.1345942973,20.41512032,20.0300055534,20.3145847321,16413000
2018-07-11,19.8597370101,20.0697247335,19.6700166046,19.7373104095,35761000
2018-07-12,16.789364892,17.0488101109,16.0094070452,17.0244865417,435083000
2018-07-13,17.2288050526,17.3504198378,16.3693921512,16.4147949219,161678000
2018-07-16,16.3450720365,16.7326194059,16.2583196328,16.478849411,102277000
2018-07-17,16.3945282409,16.9523359929,16.3783125217,16.8890953064,110827000
2018-07-18,16.800718611,17.0163833,16.7528833322,16.92719841,80834000
2018-07-19,16.8874687649,17.1461036747,16.8671998962,17.0561084747,63247000
2018-07-20,17.0342177564,17.1242129582,16.925574329,17.0528659821,62893000
2018-07-23,17.0593531183,17.7266144933,17.0585427964,17.5709476471,82211000
2018-07-24,17.6585122789,17.8685000932,17.512573918,17.6212158203,81158000
2018-07-25,17.6512155107,18.5381948606,17.6512155107,18.3209095001,92271000
2018-07-26,18.3638755062,18.6289960902,17.9641672794,18.094701767,85069000
2018-07-27,18.1619913554,18.5900777916,17.8425498777,17.9220046997,79443000
2018-07-30,17.9268752726,18.4871154474,17.9220102483,18.2576675415,75275000
2018-07-31,18.3784689545,18.5535958817,17.9617346936,17.9803829193,63860000
2018-08-01,18.1011920826,18.1563233594,17.528790839,17.5774364471,42669000
2018-08-02,17.3723129168,17.6958092417,17.2896152244,17.5409526825,40312000
2018-08-03,17.4922995135,17.6747208605,17.3828457775,17.6593170166,24832000
2018-08-06,17.5636439577,17.6998522071,17.5012151768,17.5895881653,22638000
2018-08-07,17.7736436376,17.9860639909,17.6050038701,17.8620166779,29798000
2018-08-08,17.8806588701,17.9366004533,17.7517465756,17.793094635,15801000
2018-08-09,17.8490415865,17.8571494451,17.5077089372,17.5595989227,27563000
2018-08-10,17.2539398652,17.3893378624,17.0634090455,17.2069149017,37017000
2018-08-13,17.1598907105,17.3487993313,17.0625979538,17.1136760712,29842000
2018-08-14,17.1542108378,17.1542108378,16.7699064829,16.8072013855,36327000
2018-08-15,16.6312691717,16.829906284,16.4399280491,16.7488307953,41132000
2018-08-16,16.845312975,16.9336860068,16.7577502652,16.9199028015,29239000
2018-08-17,16.8615237198,17.122589582,16.6620747826,16.96692276,39093000
2018-08-20,16.9839505021,17.0261104317,16.6904531848,16.7601795197,54489000
2018-08-21,16.8250417913,17.1428611519,16.7918000388,17.0674610138,29952000
2018-08-22,17.0625994815,17.1647557255,16.817747697,16.8266658783,26890000
2018-08-23,16.8420705299,16.9515243063,16.6434318512,16.6685657501,35578000
2018-08-24,16.7301793326,16.9669231779,16.5947813751,16.9450321198,20541000
2018-08-27,17.0463808378,17.3804174712,16.91503756,17.266910553,28213000
2018-08-28,17.4014909586,17.509324042,17.2344734698,17.3852767944,24340000
2018-08-29,17.4160896121,17.4963547669,17.3058239947,17.430683136,18125000
2018-08-30,17.4290634338,17.5887849909,17.3998763817,17.5652732849,26529000
2018-08-31,17.5150063619,17.7817476386,17.5004112887,17.7582359314,27623000
2018-09-04,17.7225665812,17.8603971212,17.6041945977,17.7906723022,36663000
2018-09-05,17.832826931,17.9828184442,17.8028280098,17.952009201,37194000
2018-09-06,17.9584933225,18.065514569,17.3439322498,17.5101394653,62509000
2018-09-07,18.1774024281,19.0862727815,18.1611867114,18.8568248749,104703000
2018-09-10,19.0254604001,19.5354326697,18.8138504473,19.5078678131,60880000
2018-09-11,19.2719372696,19.4340897864,18.6800775677,18.854391098,60755000
2018-09-12,18.4936048458,18.7165655822,18.0663316056,18.6387329102,53077000
2018-09-13,18.9468208001,19.3951762596,18.7384536267,19.0870838165,43757000
2018-09-14,19.0660096293,19.2224868578,18.9468257769,19.1616802216,28095000
2018-09-17,19.4584162988,19.4827398758,18.9970894811,19.0392494202,36739000
2018-09-18,19.1960828104,19.718869248,19.1854633019,19.5824546814,50511000
2018-09-19,19.642901925,19.8079062686,19.5857207983,19.7507266998,31160000
2018-09-20,19.8487512184,20.0978921391,19.7450115739,20.0072212219,39986000
2018-09-21,20.1215814596,20.3208951417,20.0276433556,20.2661647797,135321000
2018-09-24,20.2620751999,20.4295303025,20.2016284558,20.3764343262,45326000
2018-09-25,20.3380471998,20.3682697991,20.0782867789,20.2294044495,47037000
2018-09-26,20.0652152423,20.2620781185,19.9965997566,20.0480613708,33428000
2018-09-27,20.0693008644,20.2481919096,20.0055853705,20.1313819885,29572000
2018-09-28,20.0570458381,20.1738557435,19.9189969183,20.1542510986,26739000
2018-10-01,20.2481945299,20.5961751206,20.2310406559,20.3813419342,27709000
2018-10-02,20.3511177437,20.5610493778,20.2514616817,20.2661647797,24888000
2018-10-03,20.3241637571,20.5300102597,20.1795804268,20.3739910126,19607000
2018-10-04,20.1485387092,20.3993124586,20.1109637786,20.2718830109,25660000
2018-10-05,20.2898507012,20.4254472973,19.8005540664,19.9500389099,33860000
2018-10-08,19.8748853701,20.0472420227,19.6355476114,19.7164154053,33397000
2018-10-09,19.6527015055,20.0725646489,19.6347312308,19.9884281158,24675000
2018-10-10,19.8438490017,20.0186564665,18.9216203578,18.9371414185,56327000
2018-10-11,18.9485749331,19.2450922797,18.5581179445,18.6977996826,37424000
2018-10-12,19.1764759522,19.250809387,18.7149527271,19.0286254883,32589000
2018-10-15,18.8717954978,19.2230432838,18.7909261186,18.9894218445,30099000
2018-10-16,19.2777726578,19.5032238114,19.1291041815,19.4672832489,30355000
2018-10-17,19.583271853,19.583271853,19.1078619039,19.3733386993,20262000
2018-10-18,19.2312040496,19.3447467702,18.5042040751,18.6259155273,37442000
2018-10-19,18.7876535517,18.8766900817,18.5368798676,18.6471538544,32231000
2018-10-22,18.8334005737,18.9861526173,18.6275540998,18.6749305725,25619000
2018-10-23,18.2003366996,18.7500800968,17.8744115906,18.7100543976,35990000
2018-10-24,18.4935854886,18.4944034524,17.7943588552,17.8654251099,37810000
2018-10-25,17.9610003334,18.2477161718,17.9013699828,18.1537780762,35193000
2018-10-26,17.6089325963,17.7535158866,17.0885969669,17.4112548828,53324000
2018-10-29,17.659576734,17.8637903558,17.0093609486,17.2764720917,28636000
2018-10-30,17.4627154132,18.0982281036,17.2356299658,18.0533008575,29697000
2018-10-31,18.3792265343,18.4339553254,18.1104810132,18.2558822632,28146000
2018-11-01,18.3922956985,19.1331823599,18.2746678332,18.7778511047,36830000
2018-11-02,18.4061857866,18.4584638088,17.7870089049,18.0336990356,40241000
2018-11-05,17.8907476033,18.0606534888,17.4569977517,17.9781513214,27609000
2018-11-06,17.9953072617,18.71904017,17.9479292341,18.6447067261,29464000
2018-11-07,18.9502108495,19.2197728261,18.7231253528,19.1470737457,29004000
2018-11-08,19.0090213601,19.8185235495,19.0090213601,19.6249294281,29796000
2018-11-09,19.1960781356,19.5244539489,18.9951317192,19.5220031738,33611000
2018-11-12,18.8693401206,18.9404063781,17.9936716455,18.2673187256,50306000
2018-11-13,18.4192574017,18.7729559662,18.1603149097,18.3653450012,26697000
2018-11-14,18.5229966214,18.8309499286,18.4298749291,18.4772529602,25411000
2018-11-15,18.4788879519,19.5481508327,18.4494817542,19.3055458069,36694000
2018-11-16,19.0996950151,19.5391628951,18.9224383324,19.4092826843,36005000
2018-11-19,19.3210670797,19.6927359628,18.6684002489,18.716594696,35326000
2018-11-20,18.2926462658,18.7125111552,18.1815542711,18.6006011963,32123000
2018-11-21,18.8056270627,19.0580351598,18.5842595293,18.7876567841,19926000
2018-11-23,18.5899770505,19.0073895014,18.5899770505,18.7794876099,8066000
2018-11-26,19.1323684918,19.4533920516,18.9142681592,19.2214050293,28714000
2018-11-27,19.0800872023,19.4713605817,18.9853327163,19.263879776,30406000
2018-11-28,19.3186097946,19.4411376655,18.9199856218,19.2140522003,31080000
2018-11-29,19.1364556543,19.492604987,19.0131097933,19.2597999573,17920000
2018-11-30,19.2287560544,19.4640086842,19.0645681222,19.3929424286,40083000
2018-12-03,20.0292729545,20.1795741968,19.7245853249,19.7735977173,35241000
2018-12-04,19.6445337924,19.6968133656,18.9167173766,18.9542922974,36455000
2018-12-06,18.4805185908,18.5630207668,17.7755723731,18.562204361,57859000
2018-12-07,19.1184777622,19.464005889,18.3383818738,18.6700248718,78396000
2018-12-10,18.6201966859,19.630645211,18.502568826,19.5432415009,43344000
2018-12-11,19.8871403313,20.4491360065,19.883871592,20.163236618,57730000
2018-12-12,20.6206803751,21.2537424791,20.584739814,20.8281612396,68703000
2018-12-13,21.1124221658,21.3607450763,20.7954822178,21.0993518829,54355000
2018-12-14,20.8591936751,21.3680948708,20.7995633405,20.8159008026,42727000
2018-12-17,20.7472959243,21.3460503515,20.672962459,20.758731842,56238000
2018-12-18,21.055891266,21.0979903333,20.5383273256,20.6093158722,51849000
2018-12-19,20.5540151119,21.1260612564,20.0191164158,20.1322040558,59728000
2018-12-20,20.1742999402,20.5127393722,19.6831488425,19.9671077728,75365000
2018-12-21,19.9671066821,20.7801875427,19.9671066821,20.2163963318,102138000
2018-12-24,19.976191191,20.1165198654,19.2753728282,19.2993106842,28494000
2018-12-26,19.6278442489,20.5127403304,19.2745467681,20.4830226898,36741000
2018-12-27,20.2238256784,20.7380880067,19.9877440479,20.7067203522,37507000
2018-12-28,20.884197183,21.3018815675,20.7323120954,20.9328994751,28702000
2018-12-31,21.2828989918,21.3382045095,20.7149794821,20.9898586273,26590000
2019-01-02,20.541629228,21.0245239108,20.3468200776,20.9262943268,30346000
2019-01-03,20.1875021188,20.3509435891,19.0128707596,19.064874649,68580000
2019-01-04,19.3397542208,19.5180537251,19.123482272,19.2522544861,54248000
2019-01-07,19.2869225744,19.8309024483,19.0483643829,19.6443481445,53433000
2019-01-08,19.8201787056,19.9679371901,19.2638171883,19.4866924286,36795000
2019-01-09,19.6806706022,20.3625026116,19.6336199079,20.3294849396,52971000
2019-01-10,20.2708735277,20.6836046061,20.1709939419,20.5969314575,29594000
2019-01-11,20.5895057142,20.8775912355,20.5804243194,20.6836071014,20158000
2019-01-14,20.480549068,20.7669846325,20.2981213165,20.7083759308,25498000
2019-01-15,20.8643810613,21.645269144,20.8024723432,21.1722793579,39247000
2019-01-16,21.2308857198,21.2432687226,20.7488161313,20.7768821716,24484000
2019-01-17,20.6415151918,21.243277415,20.5309025772,21.0765342712,35154000
2019-01-18,21.3902014236,21.6221564081,21.214378522,21.5297050476,34634000
2019-01-22,21.2969242995,21.4174417061,21.0410314563,21.3208637238,37156000
2019-01-23,21.4240482475,21.5371358611,20.9378503888,21.2573051453,31771000
2019-01-24,21.5519981049,22.0192098306,21.4620233166,21.7550621033,35999000
2019-01-25,21.8887858407,22.1479803449,21.5371383797,22.11743927,30333000
2019-01-28,21.5907894149,22.1925514342,21.3505796124,22.0910186768,31320000
2019-01-29,22.0687324711,22.0893687113,21.7781687936,21.9837093353,27870000
2019-01-30,22.2874826886,22.5970310593,22.0703856949,22.3551712036,28727000
2019-01-31,22.3337073078,22.3700281647,21.9861880775,22.1430263519,21063000
2019-02-01,22.2173176049,22.2544618954,21.865670189,22.0241584778,22878000
2019-02-04,22.0811151667,22.4641302298,21.8706229859,22.4624786377,20761000
2019-02-05,22.4492731289,22.6696717377,22.2800534119,22.2874832153,22619000
2019-02-06,22.5574138311,23.1129503799,22.5144897426,22.8001003265,27064000
2019-02-07,22.5235606267,22.6647158444,21.9820573193,22.2123622894,28646000
2019-02-08,22.0670832307,22.6416058536,22.0447953962,22.6226196289,23903000
2019-02-11,22.6506844708,22.7827583042,22.5582315278,22.759645462,18012000
2019-02-12,23.0015097333,23.1451400155,22.8702608834,23.0625934601,19809000
2019-02-13,23.1129437593,23.2912432836,22.9453756475,23.2219047546,19190000
2019-02-14,23.1624769727,23.3473813383,23.0262764808,23.2367687225,16015000
2019-02-15,23.4505602058,23.4505602058,23.013064594,23.2722606659,17352000
2019-02-19,23.2078723213,23.3465509573,23.1253257766,23.2499713898,15152000
2019-02-20,23.3812188729,23.6602245719,23.3011489338,23.3952503204,16150000
2019-02-21,23.3804001318,23.3894799551,23.0246259841,23.1905441284,13254000
2019-02-22,23.1088134631,23.112940081,22.6721429677,22.8240280151,27225000
2019-02-25,23.1773288431,23.1814570362,22.9874728993,22.997379303,19245000
2019-02-26,22.9420742474,22.9486790419,22.6548137053,22.700214386,27211000
2019-02-27,22.5532800237,22.7084667,22.2528115,22.4104747772,29146000
2019-02-28,22.2850032926,22.7588181147,22.1743922874,22.729927063,31460000
2019-03-01,22.9255616624,22.9610559314,22.3807567508,22.5144805908,19035000
2019-03-04,22.7002152281,22.8306390638,22.3584741714,22.6911354065,17382000
2019-03-05,22.7414852183,23.1492647314,22.6614152762,22.8661308289,21699000
2019-03-06,22.8372367716,22.8595246029,22.3271011237,22.3989162445,19973000
2019-03-07,22.3023450567,22.3147280646,21.7988140131,21.9168548584,25411000
2019-03-08,21.5907910529,21.854938725,21.3959819085,21.807888031,22167000
2019-03-11,21.8656727127,22.3328843958,21.7963341768,22.2098903656,27161000
2019-03-12,22.267670347,22.2899581813,21.8144917312,22.2569389343,23324000
2019-03-13,22.3295794219,22.5417231912,22.2065854103,22.3873615265,32089000
2019-03-14,22.4600017019,22.4740347237,22.1133074994,22.1388969421,43094000
2019-03-15,23.64619918,24.7267296271,23.4018626655,23.9623508453,144066000
2019-03-18,23.9573925097,24.5145789227,23.9557409175,24.2553844452,56746000
2019-03-19,24.2817947713,24.8447592995,24.2776665789,24.7069072723,51556000
2019-03-20,24.8185111648,24.9017950791,24.1763947109,24.2380256653,41263000
2019-03-21,24.3088149479,24.9326095183,24.2355259323,24.7185707092,27379000
2019-03-22,24.645284815,24.6885923299,24.2688431815,24.3729476929,23307000
2019-03-25,24.3354653491,24.5003668254,24.0689581052,24.3321342468,23878000
2019-03-26,24.5161909179,24.9409374227,24.504531266,24.7377243042,28009000
2019-03-27,24.7827020342,24.8751468855,24.3571230843,24.6494483948,21862000
2019-03-28,24.7443900587,25.2599150959,24.6244608394,24.9076251984,33030000
2019-03-29,25.0866817441,25.2074433259,24.8418274784,25.0442066193,24493000
2019-04-01,25.2440911363,25.5472421,24.9642578889,25.4672908783,27040000
2019-04-02,25.4981067862,25.5972154285,25.2024503822,25.2390956879,22857000
2019-04-03,25.5031019652,25.6013766317,25.1366537065,25.3348693848,22266000
2019-04-04,25.3806771476,25.4847816465,25.1241631921,25.1516475677,15228000
2019-04-05,25.3182181655,25.3548634764,25.1349947878,25.3415374756,18875000
2019-04-08,25.3298680664,25.4264779612,25.1516422062,25.3581848145,13899000
2019-04-09,25.1999527915,25.3273766058,25.0092332592,25.2724094391,11621000
2019-04-10,25.2849005839,25.6321930312,25.2349292819,25.6105384827,14992000
2019-04-11,25.6638428717,25.8337402283,25.5039372346,25.7687797546,16669000
2019-04-12,25.930341109,26.4375374549,25.8653790694,26.4033908844,30087000
2019-04-15,26.403397697,26.4442080696,26.0819232834,26.3509292603,16216000
2019-04-16,26.6507448271,26.6515772054,26.3259393829,26.5258197784,21116000
2019-04-17,26.670738022,26.7290394635,26.4708591656,26.6948928833,18138000
2019-04-18,26.7373668006,26.8547957098,26.4975099456,26.5358200073,26548000
2019-04-22,26.4275512755,26.475022265,26.1677062243,26.2343330383,13504000
2019-04-23,26.3809088782,26.4916755634,26.1668700902,26.2876300812,19777000
2019-04-24,26.1993522268,26.4017313785,26.0835880861,26.1785316467,23335000
2019-04-25,26.0636012384,26.0636012384,25.5322514932,25.9694900513,26732000
2019-04-26,25.7471215491,25.8970306705,25.41065483,25.8520584106,16404000
2019-04-29,25.921188208,26.2068497116,25.8545613913,26.0444469452,13404000
2019-04-30,26.094414063,26.5191589584,26.0286196354,26.5174942017,18953000
2019-05-01,26.6923928832,26.9172589821,26.5416497721,26.5591392517,18158000
2019-05-02,26.6490841288,26.8331430219,26.1702044093,26.3026256561,20428000
2019-05-03,26.230172438,26.3717546319,25.8753837804,26.293466568,19214000
2019-05-06,25.5505711468,25.9786487127,25.4306419485,25.9486656189,14371000
2019-05-07,25.7054857479,25.7862709503,25.2957299083,25.5922203064,21734000
2019-05-08,25.4264857696,25.6230351328,25.2440947847,25.267414093,15099000
2019-05-09,24.9850763739,25.4722846007,24.7227326272,25.3232078552,22282000
2019-05-10,25.2540852903,25.4348114979,24.7069123965,25.3148822784,21025000
2019-05-13,24.4703859188,24.6252940921,24.0023318849,24.4337406158,37864000
2019-05-14,24.6261276253,25.3681835276,24.6086381457,25.1516475677,34277000
2019-05-15,25.00756879,25.6321958365,24.8693176987,25.3490314484,18166000
2019-05-16,24.9642524589,25.2432516786,24.5436695065,24.7593746185,34233000
2019-05-17,24.3837728129,24.4495672522,24.0198232445,24.1430835724,39094000
2019-05-20,23.1528353132,23.3152396336,22.3733018829,22.7022724152,65162000
2019-05-21,23.077047525,23.3010812002,22.8738360161,22.9304695129,25060000
2019-05-22,22.526544833,22.907983813,22.4007858037,22.4216079712,31809000
2019-05-23,22.0351709794,22.110958711,21.5013225791,21.6612281799,46607000
2019-05-24,21.8786028135,22.1317840889,21.2989480618,21.3156051636,27963000
2019-05-28,21.3680702711,21.4646801755,20.8283936009,21.1940078735,61965000
2019-05-29,21.0490945005,21.3514130655,20.952486185,21.1640262604,28132000
2019-05-30,21.2089938538,21.4321935317,21.1640216024,21.3722305298,17310000
2019-05-31,21.0740852397,21.2989497779,20.9041862825,20.9574871063,22192000
2019-06-03,21.0332748242,21.5146549372,20.9208433495,21.0857448578,28911000
2019-06-04,21.4005513338,22.1534360434,21.3006119118,22.1284503937,36805000
2019-06-05,22.4041173201,22.6123262909,21.8536133858,22.130115509,23651000
2019-06-06,22.2383832701,22.9029865784,22.0934700057,22.7189292908,32687000
2019-06-07,22.8846677395,23.1420140717,22.7597410709,22.892162323,25963000
2019-06-10,23.0470703314,23.7166695818,23.0462379529,23.3368968964,23280000
2019-06-11,24.1930481434,24.2979850018,23.2702661977,23.6092300415,37105000
2019-06-12,23.4584911616,23.5825838639,23.1037025345,23.2969207764,27057000
2019-06-13,23.4459966282,23.5600944222,23.1037000692,23.4534912109,37735000
2019-06-14,21.4963304029,22.3275000466,21.4430279973,22.1476078033,100797000
2019-06-17,22.0568249474,22.3783009205,21.7653336585,22.1509361267,35785000
2019-06-18,22.3324941791,23.5709207045,22.1917443968,23.1570014954,54920000
2019-06-19,23.2178005085,23.2419521916,22.7955527132,23.1103649139,28920000
2019-06-20,23.5284499214,23.7733042321,23.0828827782,23.2402896881,57291000
2019-06-21,23.2579434721,23.6270647129,23.0351264742,23.0376491547,45399000
2019-06-24,23.1662898081,23.4967320173,23.1225670972,23.4757118225,20506000
2019-06-25,23.4723493529,23.7851344137,23.2083307604,23.2495307922,24436000
2019-06-26,23.4235902023,23.8818376909,23.3832305138,23.6640644073,24774000
2019-06-27,23.789340394,24.2534734773,23.7304831992,24.0230884552,21813000
2019-06-28,24.2038650513,24.3249440837,23.9482564335,24.2038650513,49265000
2019-07-01,25.365881797,25.7080971269,24.9160427881,25.2540531158,44832000
2019-07-02,25.1304535978,25.2809596424,24.7117238971,24.8319625854,19011000
2019-07-03,23.8540881867,24.2812246904,23.7969117019,23.9541454315,49411000
2019-07-05,23.8498839698,24.0003916252,23.7086266784,23.7666435242,24565000
2019-07-08,23.542982735,23.6430399754,23.0712815667,23.1192092896,34291000
2019-07-09,22.9922443571,23.2049722391,22.9047989163,23.1671352386,26131000
2019-07-10,23.3630427755,23.4420798038,23.0384862631,23.0805282593,30134000
2019-07-11,23.1427506143,23.3285725658,22.9502025843,23.2116985321,20712000
2019-07-12,23.2386046702,24.0415884351,23.2386046702,23.9961833954,21971000
2019-07-15,24.4762918902,24.7613291033,24.1542564354,24.2442245483,30334000
2019-07-16,24.130715783,24.1979813832,23.7439389825,23.8902416229,14617000
2019-07-17,24.0104753369,24.155937598,23.8112012446,23.9701156616,15453000
2019-07-18,24.0626089548,24.4090276657,23.8624928792,24.3653049469,19357000
2019-07-19,24.5376730901,24.6495017653,24.3442830935,24.3838024139,22047000
2019-07-22,24.6360504055,25.2237852864,24.5721494447,24.9009094238,33905000
2019-07-23,25.1825851332,25.4230593065,25.1582002893,25.2902088165,19692000
2019-07-24,25.3255236091,25.6349456941,25.266664805,25.5416145325,19006000
2019-07-25,25.4037203302,25.4037203302,25.174177234,25.2574176788,15741000
2019-07-26,25.3583151883,25.4785522693,25.2691874254,25.3019790649,14996000
2019-07-29,25.3280397351,25.4390280352,24.9690092795,25.3709220886,12068000
2019-07-30,25.148111978,25.3028230324,24.9807875199,25.1876296997,11164000
2019-07-31,25.2271450583,25.2944106539,24.1038081697,24.3829612732,20819000
2019-08-01,24.310652352,25.0413252051,23.7380535813,23.9919815063,21911000
2019-08-02,23.7170327332,23.8658580521,23.1990861751,23.4193820953,20080000
2019-08-05,22.8661243397,22.8905091853,22.2043993371,22.5054130554,27765000
2019-08-06,22.7130883859,22.8854565532,22.2447503523,22.4028244019,22199000
2019-08-07,22.200188324,22.9308610591,22.113583255,22.7063617706,22244000
2019-08-08,22.7341180688,22.9174173914,22.0715510374,22.7845668793,29163000
2019-08-09,22.6668477219,23.5892282601,22.6668477219,23.1839523315,30735000
2019-08-12,22.9863586114,23.3924748934,22.9157299717,23.1763839722,20040000
2019-08-13,23.1477981989,24.005434233,22.8728484639,23.8540878296,22340000
2019-08-14,23.4412393278,23.5555906701,22.7341094745,22.8333263397,27108000
2019-08-15,22.8703324743,22.93591577,22.2691453144,22.5878162384,20010000
2019-08-16,22.8829408397,23.1856368758,22.8686467177,23.0199947357,17458000
2019-08-19,23.5009386824,23.548864794,23.1738594887,23.4403991699,17489000
2019-08-20,23.3882765842,23.9600351125,23.2915823631,23.574098587,17920000
2019-08-21,23.9331212954,24.2374979821,23.8835128607,24.1735954285,19381000
2019-08-22,24.2484336459,24.3341967715,23.9255577776,24.1836891174,12294000
2019-08-23,23.8784722654,24.0037547174,22.7904495228,22.8812580109,25742000
2019-08-26,23.2865263815,23.3706087627,23.1225666203,23.3092288971,14249000
2019-08-27,23.4715151069,23.5614816303,23.1150056376,23.1704998016,14298000
2019-08-28,23.0662362592,23.2411271302,22.741679717,23.2116985321,17202000
2019-08-29,23.6682637422,24.0045917259,23.6312671027,23.8263378143,16429000
2019-08-30,23.9936639826,24.0390690285,23.534576181,23.7649612427,16720000
2019-09-03,23.5429838281,23.6144528307,22.7803596627,23.0426959991,22210000
2019-09-04,23.4412418664,23.9087380065,23.3916334284,23.7969093323,19865000
2019-09-05,24.2459089872,24.6932253069,24.2459089872,24.4695663452,20938000
2019-09-06,24.5393558076,24.6612752145,24.3249471986,24.5444011688,13748000
2019-09-09,24.8042126586,24.9891926502,24.4174358751,24.6032562256,21686000
2019-09-10,24.4973141226,24.7579681208,24.2845862428,24.7571277618,20850000
2019-09-11,24.9152013298,25.1220434854,24.7663760132,25.0573005676,19260000
2019-09-12,25.3448607208,25.4205347201,24.9278133662,25.2733917236,33109000
2019-09-13,25.0270308673,25.0556191084,23.870061896,24.4107093811,62557000
2019-09-16,24.1147435545,24.406508508,24.0222527427,24.2711353302,22176000
2019-09-17,24.2173230356,24.3249483264,23.8582924812,24.2854290009,21912000
2019-09-18,24.2568373716,24.4477030691,23.8692186534,24.193775177,16510000
2019-09-19,24.2576741278,24.5477566514,24.1508892338,24.4376087189,19421000
2019-09-20,24.4104592148,24.4724038873,23.914052125,24.1211013794,35524000
2019-09-23,24.0667981528,24.3671877197,23.9361208092,24.2229328156,14850000
2019-09-24,24.3807601045,24.5148314052,23.7384019523,23.9556331635,20292000
2019-09-25,23.059552391,23.5228660629,22.9110554568,23.4006729126,55588000
2019-09-26,23.3574027197,23.6459125198,23.1384752852,23.4974155426,27477000
2019-09-27,23.4736567194,23.868236263,23.1622354855,23.2623653412,28660000
2019-09-30,23.4023784069,23.4812946401,23.1232024602,23.4261379242,19826000
2019-10-01,23.61281681,23.7299181968,23.1978717881,23.3226108551,19429000
2019-10-02,23.2046614984,23.2335111809,22.7685028536,22.9169998169,19543000
2019-10-03,22.911058396,23.2929100167,22.6751594539,23.2869701385,17096000
2019-10-04,23.6314855736,23.9038718863,23.3523096724,23.8809604645,25884000
2019-10-07,23.7604677218,23.8461719217,23.3947394983,23.426984787,18658000
2019-10-08,23.2555715347,23.3268500679,22.8185648542,22.9390602112,22757000
2019-10-09,23.2233235725,23.3276954672,23.0824627053,23.1783504486,16329000
2019-10-10,23.2979977261,23.6560897965,23.2207793186,23.2886638641,17340000
2019-10-11,23.7163442856,24.1058336701,23.6824028111,23.8368396759,23697000
2019-10-14,23.7952548349,23.9844828392,23.7494336126,23.9004764557,13312000
2019-10-15,23.9836380944,24.6607875174,23.9463010195,24.6353302002,21230000
2019-10-16,24.5233158632,24.616657723,24.3145704345,24.4791908264,20046000
2019-10-17,24.6200556089,24.7532788321,24.4656187648,24.5598087311,13125000
2019-10-18,24.5657488858,24.6030843412,24.099041126,24.3306980133,16981000
2019-10-21,24.4757999334,24.7694014883,24.3586985481,24.5716876984,13031000
2019-10-22,24.5733833096,24.6811508289,24.373973341,24.3926410675,13046000
2019-10-23,24.0107909805,24.0600078117,23.6543966417,23.7867717743,20957000
2019-10-24,24.0048483706,24.0566110894,23.6493037823,23.9556331635,16896000
2019-10-25,24.036243496,24.7244228114,24.0328495115,24.5928974152,20869000
2019-10-28,24.7066110385,24.8186206549,24.4656218779,24.7397060394,12999000
2019-10-29,24.8016421935,24.9221375416,24.4443982251,24.4520359039,13272000
2019-10-30,24.6090245083,24.6904866275,24.3128786621,24.6285419464,17281000
2019-10-31,24.5912014711,24.9543853537,24.4214909042,24.8500118256,27881000
2019-11-01,24.8618942455,25.1673755646,24.7855239157,25.1673755646,21234000
2019-11-04,25.4160038936,25.9200471291,25.38036462,25.8810138702,34075000
2019-11-05,25.8810137299,26.8806144231,25.8360405924,26.648109436,38711000
2019-11-06,26.4800872561,26.6684671421,26.1958212443,26.5734291077,18076000
2019-11-07,26.7787829726,27.1114177419,26.3604440225,26.4529361725,23981000
2019-11-08,26.2942588371,26.6107718132,25.8920432884,26.5946483612,17830000
2019-11-11,26.4071193679,26.5802239415,26.3765702643,26.5386447906,9154000
2019-11-12,26.6447126246,26.8483662874,26.5819198571,26.7745418549,16875000
2019-11-13,26.5157311153,26.7898152217,26.4750016781,26.6167106628,12625000
2019-11-14,26.3689304286,26.4614225808,25.9751990713,26.2178859711,17268000
2019-11-15,26.497912682,26.5649491468,26.3120786483,26.5522212982,18120000
2019-11-18,26.4597265981,26.5946476145,26.1381234628,26.3960857391,15850000
2019-11-19,26.8695886311,27.634988275,26.8695886311,26.9586868286,31743000
2019-11-20,26.8059368673,26.8848530801,26.2204316231,26.4469966888,19927000
2019-11-21,26.4020272653,26.7889690855,26.2883198615,26.7507839203,19317000
2019-11-22,26.8687255348,27.1097162125,26.6200987974,26.7227745056,13216000
2019-11-25,26.8661922897,27.16912939,26.8373426017,27.1216087341,19636000
2019-11-26,27.0689946808,27.16912615,26.8186700541,26.8373394012,30793000
2019-11-27,26.9790437864,27.1487543536,26.854304731,27.0214710236,20182000
2019-11-29,26.8865518699,26.9663161819,26.7295691392,26.832244873,9229000
2019-12-02,26.960375858,26.9781954928,26.3528088553,26.3663864136,23158000
2019-12-03,25.9505957187,26.2204361587,25.722332812,26.0099945068,18736000
2019-12-04,26.284074366,26.421539648,26.0617513742,26.2815284729,14439000
2019-12-05,26.3553522526,26.5140327674,26.2255230348,26.4062652588,15494000
2019-12-06,26.699022702,26.84327759,26.4800936674,26.8186683655,16937000
2019-12-09,26.8144211608,26.9120050931,26.6396172032,26.6769542694,24694000
2019-12-10,26.7380550873,26.8067877347,26.5810723556,26.7346611023,14563000
2019-12-11,26.7448431817,27.2684021932,26.7448431817,27.1300888062,20829000
2019-12-12,27.1309379535,28.0159831101,27.1054822556,27.8157234192,38935000
2019-12-13,26.9892303222,27.1343333108,26.3579037325,26.7652111053,70952000
2019-12-16,26.9815921206,27.7987510766,26.9442550479,27.4194469452,37921000
2019-12-17,27.4712170344,27.5738911795,27.3023528797,27.4763088226,20248000
2019-12-18,27.5272111454,28.1042306513,27.4550845164,27.7851734161,35155000
2019-12-19,27.9353652146,27.9396056718,27.4686559575,27.501750946,31787000
2019-12-20,27.640613526,27.640613526,27.164035044,27.3431797028,50540000
2019-12-23,27.4751847895,27.628615919,27.224037937,27.3886108398,20254000
2019-12-24,27.4289008851,27.4871879796,27.3440419252,27.4717578888,7024000
2019-12-26,27.5377585374,27.5780454944,27.1563256441,27.2557563782,15848000
2019-12-27,27.3689015256,27.3731865722,27.0191822144,27.1314697266,14487000
2019-12-30,27.1306071669,27.2000360238,26.8074597922,26.8683185577,13104000
2019-12-31,26.839179732,27.1168968431,26.8117511842,27.0877532959,12487000
2020-01-02,27.3706132127,27.6431885896,27.1991835667,27.6337585449,20329000
2020-01-03,27.2154686851,27.4289002863,26.9214664419,26.9308948517,22870000
2020-01-06,26.6446062125,26.9077531974,26.5400337453,26.8906097412,20789000
2020-01-07,27.0217532774,27.1357557865,26.7646079811,26.7980365753,18565000
2020-01-08,26.8271797798,26.8708951009,26.4354601595,26.4637470245,31979000
2020-01-09,26.770606677,26.8280354524,25.9760256916,26.2511711121,42397000
2020-01-10,26.1817373851,26.1903091109,25.6117298785,25.647731781,40705000
2020-01-13,25.7163057793,26.0403082106,25.6863039193,25.8157348633,22054000
2020-01-14,25.8860260113,26.4988906498,25.850882418,26.4157466888,28911000
2020-01-15,26.3411703268,26.390027369,25.7745911452,25.9837360382,22733000
2020-01-16,26.1431694836,26.3883146679,26.0754539834,26.3188858032,21508000
2020-01-17,26.4568856139,26.4808857949,26.0634526743,26.4680290222,26896000
2020-01-21,26.3831710792,26.5297438431,26.2571684971,26.4063129425,21967000
2020-01-22,26.6403213945,27.2506143814,26.6146062099,26.8263244629,29264000
2020-01-23,27.0157530903,27.41175776,26.6420352398,27.3989009857,30266000
2020-01-24,28.3289084775,28.4214824745,27.4948989016,27.7717609406,55782000
2020-01-27,27.121179454,27.4186116577,26.4551711886,26.4885997772,38843000
2020-01-28,26.8743185875,27.3628955364,26.8091747763,27.2840366364,23166000
2020-01-29,27.4991881534,27.8943345023,27.1837557661,27.2154693604,23668000
2020-01-30,26.9420350476,27.044894137,26.4508863698,27.0174655914,21128000
2020-01-31,26.9283226251,26.964322899,26.0248825077,26.1568851471,22123000
2020-02-03,26.1971671213,26.2803110677,26.026594183,26.1628818512,21288000
2020-02-04,26.7251776873,26.9634661485,26.5417463192,26.7088909149,22559000
2020-02-05,27.2146155378,27.4126187091,27.0740427848,27.2043304443,24825000
2020-02-06,27.3294674548,27.4186114471,26.9343195348,27.4023246765,22683000
2020-02-07,27.2849008598,27.302042681,26.9891819641,27.0200405121,15883000
2020-02-10,26.7748898492,26.9660346163,26.597460172,26.9317493439,19218000
2020-02-11,27.141754632,27.4966140134,27.0868959031,27.4426136017,15527000
2020-02-12,27.603761096,27.86519309,27.5686175001,27.8317661285,15310000
2020-02-13,27.5557544457,27.8969035995,27.5103274018,27.7691860199,13857000
2020-02-14,27.8437627001,27.9174766122,27.1803244123,27.2377548218,19137000
2020-02-18,27.0003215026,27.0011781848,26.404600385,26.6360321045,26693000
2020-02-19,26.8288903699,27.1571811327,26.7174611904,27.0594654083,20525000
2020-02-20,26.9111796234,27.0594674029,26.2391712287,26.506603241,25521000
2020-02-21,26.4431702432,26.5245991893,25.9108779844,26.1003093719,24522000
2020-02-24,25.2174431219,25.6117327453,24.862582134,24.9945831299,36849000
2020-02-25,25.2097270579,25.3485864106,24.092000414,24.2300014496,31892000
2020-02-26,24.3731491158,24.7031532714,24.3431488866,24.5042934418,23074000
2020-02-27,24.0260028687,24.4554361169,23.4465668417,23.481710434,34837000
2020-02-28,22.5714156823,23.4971410856,22.5208436297,23.3677101135,44586000
2020-03-02,23.7225704351,24.463151011,23.241706825,24.4262924194,31976000
2020-03-03,24.3988594612,24.7271485522,23.2777028907,23.5074195862,29930000
2020-03-04,23.7894255516,24.4905774281,23.55199379,24.4674339294,23477000
2020-03-05,23.765425561,24.2651459511,23.353135803,23.4894218445,24374000
2020-03-06,22.8842764209,23.2228523321,22.5002718211,23.095993042,30169000
2020-03-09,21.5214042241,22.3091286188,20.9359680543,21.2334003448,43934000
2020-03-10,21.9936913928,22.6014126174,20.8631062621,22.5345554352,55071000
2020-03-11,21.7613994861,21.9851161311,20.7851023296,21.0833911896,36030000
2020-03-12,19.4565201308,20.8082504501,18.5419381431,18.7527980804,64281000
2020-03-13,19.3296599457,20.0976690399,17.2424909833,20.0762405396,84714000
2020-03-16,17.8442187119,18.7545141493,15.4484750881,16.0784816742,76935000
2020-03-17,16.4419129692,17.1439216906,15.5556178031,17.101064682,70662000
2020-03-18,15.9139032217,16.0699043939,13.3433016185,14.3890285492,98993000
2020-03-19,14.3693156987,17.7833566069,14.143027314,16.6673431396,74438000
2020-03-20,17.6088055864,18.1911159226,16.3805475112,16.7562599182,74044000
2020-03-23,16.8137969715,17.0831594503,15.4948793602,16.865228653,46921000
2020-03-24,17.9261091992,19.0654520133,17.546910199,18.5467758179,62970000
2020-03-25,18.4970859573,21.2700359689,18.2381851772,18.9643287659,64442000
2020-03-26,19.7035496979,21.3397723271,19.7035496979,21.197681427,60213000
2020-03-27,20.3111445792,21.1035411064,20.0496283527,20.1097774506,39448000
2020-03-30,20.2414037283,21.0399021683,19.9136364196,20.9309368134,52343000
2020-03-31,20.7470095196,22.0293148099,20.5778966847,20.668554306,50191000
2020-04-01,19.8744092101,20.4340554567,19.1500080621,19.4943389893,41858000
2020-04-02,19.3871165605,20.7426458985,19.3043034858,20.6650619507,45049000
2020-04-03,20.6284495919,21.1436374618,20.0975710163,20.4209804535,28960000
2020-04-06,21.3205999222,22.0903307763,21.2316848071,22.0057735443,38868000
2020-04-07,22.825193783,23.1442437049,22.0136199277,22.0781269073,45892000
2020-04-08,22.3832284672,22.8565733534,22.1103794447,22.760684967,27565000
2020-04-09,23.1695271744,23.3185914024,21.9072722479,22.1679172516,34828000
2020-04-13,22.0981753921,22.7972971834,22.0371550564,22.6578216553,25729000
2020-04-14,23.1982907057,23.395299946,22.8670367165,23.3299217224,23094000
2020-04-15,22.7519692863,22.8670366888,22.3300543683,22.4416351318,25926000
2020-04-16,22.8182197725,22.8182197725,22.1513506052,22.5157318115,26896000
2020-04-17,22.9454889926,23.3124838952,22.572390394,23.1773662567,34089000
2020-04-20,22.6647972759,23.1233227479,22.4826074939,22.5148601532,23801000
2020-04-21,22.1905753231,22.210625573,21.5141192334,21.5882148743,29138000
2020-04-22,22.208883641,22.8583179314,21.8575794196,22.6621799469,35438000
2020-04-23,22.6865910775,23.1180947004,22.5357827036,22.5715236664,21659000
2020-04-24,22.6482335493,23.1067589853,22.5671629601,23.0840950012,23373000
2020-04-27,23.0439933723,23.6428672174,23.0439933723,23.4013996124,16588000
2020-04-28,23.9061304625,24.0952951844,23.023947578,23.0771217346,18988000
2020-04-29,23.6306639008,24.1458517823,23.4693956319,24.0612945557,28871000
2020-04-30,23.8442410933,23.8895707317,23.4319148013,23.6777420044,23379000
2020-05-01,23.1878257193,23.3490939641,22.5078813688,22.6386394501,26836000
2020-05-04,22.5959329781,22.8766282418,22.2568327617,22.8618087769,17046000
2020-05-05,23.2357715896,23.4441119532,22.9882019711,23.0893211365,26462000
2020-05-06,23.3909444789,23.5783650654,22.980362342,23.0291786194,22727000
2020-05-07,23.5365157716,23.577487515,23.1878269816,23.3403778076,18238000
2020-05-08,23.7282981468,24.0203262002,23.5391350909,23.9749965668,16757000
2020-05-11,23.8302891895,24.1240597182,23.6890695056,24.0072498322,20851000
2020-05-12,24.1101117219,24.2094867447,23.3813510241,23.4013996124,18764000
2020-05-13,23.5426219793,23.5652876276,22.609007433,22.9393901825,21927000
2020-05-14,22.7484785351,23.2706396355,22.2071384292,23.2401294708,19912000
2020-05-15,22.614235348,23.0187153921,22.3832293078,22.7005367279,21650000
2020-05-18,23.4162213308,24.1231893577,23.3621742688,23.8442382812,26531000
2020-05-19,23.8442378694,24.062168602,23.6768658963,23.7065048218,18702000
2020-05-20,24.1441086387,24.5224363755,24.0665246918,24.2931728363,18605000
2020-05-21,24.314100821,24.3646612528,23.9418750182,23.9549503326,14847000
2020-05-22,23.8625449571,24.168519572,23.5809784789,24.1162166595,17452000
2020-05-26,24.844099474,25.0262892176,24.5294074942,24.5843257904,23573000
2020-05-27,24.6715015285,25.0881856329,24.4082411731,25.0698795319,22812000
2020-05-28,24.8441003147,25.2189413925,24.620067577,24.6819591522,18543000
2020-05-29,24.6610425888,25.4543103253,24.574741207,25.3906745911,27300000
2020-06-01,25.3165743247,25.3758521689,25.0506985949,25.2790908813,18444000
2020-06-02,25.3697539904,26.0052401113,25.2878121515,25.9825744629,31847000
2020-06-03,26.24321837,27.0975064411,26.1961462497,26.9824390411,31926000
2020-06-04,26.6529307043,27.2849285329,26.3347503543,26.926651001,34997000
2020-06-05,27.8689793928,28.602099639,27.467116429,27.6405887604,50958000
2020-06-08,27.6771994834,27.7940110195,27.3163066224,27.678943634,23916000
2020-06-09,27.1977563668,27.7975015095,27.1602712562,27.4871673584,22335000
2020-06-10,27.6031036267,27.8262634561,27.4331162818,27.4627552032,25914000
2020-06-11,26.8159360676,26.8970066473,25.5763471348,25.6068572998,45115000
2020-06-12,26.3975118333,26.4960172766,25.5179444336,26.1734790802,39439000
2020-06-15,25.71582055,26.7400940933,25.4900436845,26.5082168579,29824000
2020-06-16,27.0234114273,27.4200453027,26.5003773252,27.0861759186,30387000
2020-06-17,27.3215361838,27.608333408,27.1794469317,27.3232803345,20279000
2020-06-18,27.2082147805,27.8184214692,27.1559118726,27.7826805115,33625000
2020-06-19,27.9781922691,28.0151816598,26.665063858,26.665063858,58465000
2020-06-22,26.9055016919,27.6699526533,26.7320042714,27.6135883331,27195000
2020-06-23,27.7474513304,27.957057898,27.4154253221,27.416305542,22419000
2020-06-24,27.2313620901,27.387246706,26.8183121208,27.0349655151,19096000
2020-06-25,26.9548152917,27.256015091,26.6853185241,27.2005310059,15029000
2020-06-26,27.6162258617,27.8108602883,26.6985327798,27.0737113953,31425000
2020-06-29,27.1318404842,27.3379261888,26.8130261479,27.2824420929,14516000
2020-06-30,27.297406897,27.924467722,27.0155803539,27.7958850861,25125000
2020-07-01,27.7518581852,27.905100464,27.4726755675,27.5422515869,15661000
2020-07-02,27.984359123,28.1279139171,27.7122216722,27.7835597992,16638000
2020-07-06,28.1825198458,28.2697086565,27.9482519911,28.0759544373,17561000
2020-07-07,27.9482533114,28.020471667,27.5263961169,27.5765972137,16150000
2020-07-08,27.842567766,28.1684272026,27.6646659096,28.1446495056,18023000
2020-07-09,28.1833981098,28.5638614025,27.764183304,28.3146247864,25225000
2020-07-10,28.3507349608,28.4458491075,27.7809185417,28.1331996918,13280000
2020-07-13,28.330473381,28.49340476,27.3528935058,27.4171848297,21549000
2020-07-14,27.2128606177,27.8496089427,26.8781923098,27.7492084503,18363000
2020-07-15,27.825835552,27.9861246222,27.3167895424,27.6347236633,15253000
2020-07-16,27.3555427967,27.6435326578,27.2401701364,27.419834137,12929000
2020-07-17,27.6673095182,27.7606632302,27.3018166503,27.5404872894,13354000
2020-07-20,27.4647447134,27.9755527978,27.3247124742,27.9297561646,14323000
2020-07-21,28.1147083344,28.1147083344,27.5369665076,27.6840438843,14312000
2020-07-22,27.7430457305,27.8020540587,27.3344002906,27.6364803314,14404000
2020-07-23,27.5986177555,27.8381686496,27.1591460299,27.2727565765,19417000
2020-07-24,27.0014979538,27.3819612938,26.7892473451,26.9310417175,15631000
2020-07-27,27.1520957154,27.562503301,27.0807592648,27.5378437042,20646000
2020-07-28,27.4057408993,27.4876467156,26.9636268791,27.0684318542,13974000
2020-07-29,27.1723488534,27.4101375498,27.0763511392,27.2005310059,16562000
2020-07-30,26.9495311196,27.5598577475,26.9495311196,27.4867591858,21259000
2020-07-31,27.715743734,28.0416048291,27.4251115917,27.8962879181,24719000
2020-08-03,28.0063788251,28.4898849999,27.9429693908,28.2908477783,20796000
2020-08-04,28.2265577734,28.9390488827,28.2168719931,28.9214344025,25258000
2020-08-05,28.9091038488,29.202378385,28.6933323514,29.0227127075,22299000
2020-08-06,28.8668361921,29.1407358695,28.6589899886,28.9892539978,14193000
2020-08-07,28.921433749,29.039447068,28.3128657349,28.7047786713,14192000
2020-08-10,28.554180622,28.9989336413,28.5400870223,28.8307209015,11989000
2020-08-11,28.849208509,29.3556137634,28.4255909539,28.5374393463,19316000
2020-08-12,28.6977328302,29.5810806595,28.6545785317,29.3838005066,18471000
2020-08-13,29.2578636905,29.3635472136,28.8738760797,29.0121479034,15095000
2020-08-14,28.8888402888,29.0500112382,28.7109384422,28.8712291718,10140000
2020-08-17,29.0200715455,29.2208725794,28.9751568067,29.0914096832,10594000
2020-08-18,29.2270319964,29.343284851,28.8994087879,28.9434432983,8857000
2020-08-19,29.016548144,29.3353625037,28.9082239639,28.9936523438,11273000
2020-08-20,28.8597833556,29.0623448239,28.7162268641,28.9601821899,8910000
2020-08-21,28.9135105996,29.1037422923,28.6228767005,29.06498909,11508000
2020-08-24,29.2402470583,29.6083806018,29.163624242,29.4155082703,11996000
2020-08-25,29.5035707606,29.6876374915,29.3274293677,29.603969574,11140000
2020-08-26,29.480680368,30.0769186058,29.3723561845,29.9148674011,14844000
2020-08-27,29.9870785585,30.0584166834,29.6039712592,29.8681850433,12552000
2020-08-28,29.8558622511,30.368429184,29.7413698084,30.368429184,14589000
2020-08-31,30.2539329595,30.8757075082,30.2539329595,30.5736274719,22229000
2020-09-01,30.824635217,31.8876454251,30.597414131,31.6648254395,29205000
2020-09-02,32.2214228012,33.3751458048,32.0197415825,33.0272674561,37053000
2020-09-03,32.2346389644,32.4891602746,30.83872099,31.0086975098,41795000
2020-09-04,31.7907655693,32.8088576158,31.1328783712,31.9651432037,58514000
2020-09-08,31.0588921428,31.9475244405,30.8246260065,30.8721847534,26685000
2020-09-09,31.3671417114,31.8682622955,30.9215052144,31.7079715729,26273000
2020-09-10,31.892912503,32.3949131593,31.2112462614,31.4481563568,22851000
2020-09-11,31.7493714885,32.0813958553,31.2368012291,31.6789169312,17362000
2020-09-14,32.0937297646,32.2240728826,31.6480931721,31.8990936279,16447000
2020-09-15,32.2601839611,32.6846818592,32.1765160177,32.3139076233,16618000
2020-09-16,32.4257500859,32.7621788783,32.264579129,32.3253479004,18498000
2020-09-17,31.264979896,32.5966047423,31.264979896,32.2267074585,22862000
2020-09-18,32.3324045967,32.395814044,31.2693942972,31.6815624237,35295000
2020-09-21,31.1065537519,31.2798564742,30.5262110154,31.264749527,24198000
2020-09-22,31.6717783617,32.1543597225,31.3678291309,32.1356964111,19500000
2020-09-23,32.0103978926,32.1019346032,31.1101106114,31.2469749451,15542000
2020-09-24,31.1234242828,31.7784199481,31.0247748839,31.3296089172,13611000
2020-09-25,31.287854076,31.7917636058,30.9527992442,31.7100009918,18183000
2020-09-28,32.1436973538,32.7435915042,31.9081836303,32.6431655884,22192000
2020-09-29,32.6600559392,32.9542277593,32.3489972938,32.3729934692,13722000
2020-09-30,32.2565728489,32.9720034123,32.146372824,32.3783302307,22403000
2020-10-01,32.7924639435,32.9462150263,32.422750749,32.7586936951,16016000
2020-10-02,31.9943951754,32.4316524248,31.6522343854,31.7126655579,17100000
2020-10-05,32.0690398763,32.6031699324,31.985500795,32.5365142822,18923000
2020-10-06,32.5373999729,33.0608642703,32.1739078674,32.3480987549,16672000
2020-10-07,32.7364882913,32.8706878793,32.5329682967,32.5934028625,12747000
2020-10-08,32.8733437915,33.2643884844,32.7329265258,33.179069519,17045000
2020-10-09,33.410140698,33.7718563835,33.2386179019,33.4785728455,17253000
2020-10-12,33.930941486,34.2251098884,33.7531941895,33.9878196716,18839000
2020-10-13,34.163779565,34.4650572205,33.6483129088,33.9042663574,16731000
2020-10-14,34.086473676,34.1042487471,33.5807842617,33.7985229492,17298000
2020-10-15,33.3319356167,33.8154052803,33.3292674917,33.7656364441,14361000
2020-10-16,34.0633556186,34.0633556186,33.6074351827,33.6518745422,10295000
2020-10-19,33.8820614099,34.092690722,33.3408219179,33.3959236145,14803000
2020-10-20,33.5061290595,33.8731742544,33.3772623445,33.5043525696,13297000
2020-10-21,33.3959220205,33.492794955,32.9106724932,33.0653152466,11896000
2020-10-22,32.9791086748,33.266167724,32.6262788211,33.1826286316,13547000
2020-10-23,33.172851202,33.2332857568,32.9506679316,33.1248588562,8868000
2020-10-26,32.8475718058,32.8795655709,31.7819831323,32.2645645142,15509000
2020-10-27,32.4547623992,32.4547623992,31.9250767824,31.9588470459,9620000
2020-10-28,31.4611527836,31.5375825276,30.7083957469,30.8577022552,22331000
2020-10-29,30.8621430168,31.9446184578,30.6941698256,31.5509090424,15697000
2020-10-30,31.0514453555,31.3713898171,30.6097469261,31.0727767944,18530000
2020-11-02,31.5535823914,31.5846879152,30.959017678,31.2167510986,11757000
2020-11-03,31.6344534435,31.9268453371,30.8088196952,31.4398193359,15457000
2020-11-04,32.0370511093,32.7924728887,31.7402145791,32.4058761597,21277000
2020-11-05,33.0928649195,34.0073706593,33.0617593974,33.8491783142,21783000
2020-11-06,33.7762968148,34.0980177097,33.5203399344,33.8269538879,13545000
2020-11-09,34.5805938292,35.0062969306,33.3283689355,33.3754730225,24088000
2020-11-10,32.9115606986,33.167514194,32.026380707,32.2725601196,26784000
2020-11-11,32.9595452531,33.5176714099,32.7542488593,33.4092445374,15133000
2020-11-12,33.5256804157,33.64743778,32.7302638354,32.9009017944,12160000
2020-11-13,33.3274870244,33.5345633293,33.0235411835,33.1941757202,10997000
2020-11-16,33.3106034883,33.8936142027,33.2386183603,33.8438453674,12100000
2020-11-17,33.6527656304,33.9887052483,33.5079003577,33.8251800537,11950000
2020-11-18,33.762074728,34.2108858183,33.7380819488,33.8269538879,13517000
2020-11-19,33.5692290535,34.2020086769,33.2697277624,34.1566810608,14555000
2020-11-20,34.1548978839,34.5583813933,34.011812494,34.0678024292,16140000
2020-11-23,34.249105209,34.5850482352,34.0384759054,34.3939704895,12212000
2020-11-24,34.5379434068,34.9103214161,34.3210930033,34.8587760925,13455000
2020-11-25,34.9129953039,35.1493973039,34.5717227593,34.7343597412,11787000
2020-11-27,34.9405450235,35.4755634751,34.9272145678,35.1005172729,6846000
2020-11-30,35.0178641309,35.7412921863,34.9041043614,35.6897468567,15454000
2020-12-01,35.8568292317,36.1430000661,35.559992677,35.9554786682,18181000
2020-12-02,35.9705852481,36.0301315635,35.6479760314,35.8808250427,10031000
2020-12-03,35.9492608911,36.1394504317,35.3804721495,35.5315551758,16120000
2020-12-04,35.7626220094,36.6513551236,35.7617303742,36.5873641968,20083000
2020-12-07,37.0077297514,37.5791864525,36.7348894261,37.4058837891,19707000
2020-12-08,37.2627957488,37.9222327117,37.1632580941,37.6298408508,18121000
2020-12-09,37.2796917598,37.8689236847,36.7642282465,36.9908561707,20908000
2020-12-10,36.5660381587,36.904645955,36.2612006225,36.4416160583,26244000
2020-12-11,35.9048215496,36.1714408235,35.396464032,36.066570282,26664000
2020-12-14,36.1296711231,36.8202172078,36.0825670153,36.598033905,26116000
2020-12-15,36.9073168609,37.2725856282,36.7037968511,37.154384613,21207000
2020-12-16,37.1490438566,37.9622354776,37.0566155304,37.7622718811,23160000
2020-12-17,37.9044695116,38.2164129972,37.7311668217,37.8689193726,17152000
2020-12-18,38.0750637424,39.0475545556,37.8240992536,38.9498596191,45243000
2020-12-21,38.3753333859,38.7204130497,37.9764775598,38.4407653809,19096000
2020-12-22,38.4407622313,38.8593361772,38.3618862023,38.8190040588,17929000
2020-12-23,38.9892943976,39.0789235918,38.1001587045,38.1342201233,10533000
2020-12-24,38.4058011201,38.7204059722,38.3233418457,38.6720046997,4123000
2020-12-28,38.9301455452,39.1927659148,38.644227187,38.7096557617,10625000
2020-12-29,39.0636856287,39.0636856287,38.2534259992,38.4550933838,9593000
2020-12-30,38.6908333516,39.2581944187,38.5501119969,38.974067688,10553000
2020-12-31,39.1067204793,39.3030096251,38.8145245847,39.2447509766,10211000
2021-01-04,39.377395714,39.6382209917,37.7559804563,38.1127090454,24171000
2021-01-05,38.0974685126,38.486463427,37.859948088,38.37084198,15069000
2021-01-06,37.9406184653,38.9516497257,37.6932372394,38.1342201233,17226000
2021-01-07,38.7257736953,39.8488429261,38.5949131842,39.7412872314,21267000
2021-01-08,40.064869285,40.3328645234,39.3164547749,39.9429702759,15271000
2021-01-11,39.4921194682,40.2243988849,39.4750887601,39.9537162781,11660000
2021-01-12,40.1338828423,40.7604017361,39.939385343,40.279083252,13846000
2021-01-13,40.3606514887,40.6465732748,40.1643623395,40.4422149658,13118000
2021-01-14,40.6483483622,41.0956018367,40.4529517032,40.51927948,19692000
2021-01-15,40.1706250994,40.3337520075,39.4966042728,39.9617843628,18165000
2021-01-19,40.1795880613,41.1843486438,40.1795880613,41.1646270752,18819000
2021-01-20,41.187039001,41.7490216871,40.7819091276,41.3985671997,14710000
2021-01-21,41.4191861062,42.0788672312,41.2659199476,41.8413467407,15749000
2021-01-22,41.5634830438,41.9067675547,41.4433756913,41.6800003052,16248000
2021-01-25,42.0869360562,42.1263723624,40.8787162276,41.6593971252,14692000
2021-01-26,41.4675916477,41.8601733832,41.3985763947,41.5769424438,10742000
2021-01-27,40.8303179107,40.9575918111,39.5728008986,39.8587226868,21857000
2021-01-28,40.8294169036,41.0938254575,40.0675549681,40.4897155762,16946000
2021-01-29,40.3247982132,41.0597686732,40.1213357361,40.3785743713,22069000
2021-02-01,40.858086325,42.0654099703,40.6555231374,41.8341636658,17027000
2021-02-02,42.1048475958,42.7510810265,41.947095589,42.7430152893,16141000
2021-02-03,42.7475025762,42.8900155185,41.6414604553,41.6952400208,17857000
2021-02-04,41.2300619188,42.2303400853,41.0041938687,42.1828346252,15243000
2021-02-05,42.5144651539,42.7466107268,41.7104795515,41.7687416077,12488000
2021-02-08,42.0143326838,42.4329066276,41.7302025531,42.3683738708,17610000
2021-02-09,42.3056263153,42.5915480294,42.0026738916,42.5413551331,12758000
2021-02-10,42.7726062919,42.7977027429,41.7221351844,42.1308517456,14587000
2021-02-11,42.457107388,42.9644181477,42.0537691093,42.8783721924,17123000
2021-02-12,42.877479971,43.6518867958,42.5646666885,43.5891456604,13551000
2021-02-16,43.9978520096,44.3474106592,43.6518766131,43.8409957886,15163000
2021-02-17,43.4018174358,43.5712184988,42.5799051551,43.2449645996,14084000
2021-02-18,43.0432908357,43.5075786186,42.5861763984,43.3148727417,16715000
2021-02-19,43.6724874729,44.3796738796,43.6294645047,43.9153862,17992000
2021-02-22,43.3811846189,43.6151183417,42.6031914704,42.6964073181,16967000
2021-02-23,42.2285457663,42.5404631893,40.8769172763,42.2966651917,21303000
2021-02-24,41.9184277661,43.1490530987,41.4684798553,43.1015510559,15125000
2021-02-25,42.5521103046,42.9671009512,40.8007303115,40.9755096436,23148000
2021-02-26,41.9049714111,42.6426325387,41.296382603,42.1147079468,22640000
2021-03-01,42.9957908162,43.9189847068,42.4723485512,43.8813400269,24677000
2021-03-02,43.9521397022,43.9960584882,42.9868188034,43.0683822632,18546000
2021-03-03,42.8434177482,43.147266052,41.4066389365,41.5043373108,23991000
2021-03-04,41.3797513133,41.8574831712,39.5656298626,39.7592315674,34575000
2021-03-05,40.71469457,40.8715474177,38.8100445444,40.3463134766,42414000
2021-03-08,40.04963074,40.1509157842,37.578515684,37.7568817139,45243000
2021-03-09,39.0511460195,40.0559033305,38.5949273981,39.7601242065,37884000
2021-03-10,40.0962391669,40.6949707648,38.9982625472,39.2214431763,19914000
2021-03-11,40.245915864,41.0015001713,39.6247753499,40.6644897461,26170000
2021-03-12,39.9178705681,40.6465668659,39.8425812165,40.4386253357,18906000
2021-03-15,40.7980423395,42.2366125104,40.6196763374,42.1953811646,31241000
2021-03-16,42.2401939674,43.381193374,41.8942219949,42.8595428467,31190000
2021-03-17,42.1532631086,43.6742962998,42.1272708407,43.344455719,23754000
2021-03-18,42.53507851,43.3229291409,41.5661710348,41.6020240784,28728000
2021-03-19,41.2858684951,43.0590672867,41.0193897156,42.8585319519,108602000
2021-03-22,42.7185250705,43.474595341,42.6065138943,42.9326095581,31805000
2021-03-23,42.7971056501,42.9407325869,41.791720538,41.9190864563,24712000
2021-03-24,42.4059767104,42.4547563247,41.2696108683,41.3057441711,20882000
2021-03-25,41.0970739283,41.9154763007,40.5867039803,41.7059059143,17537000
2021-03-26,41.248833913,43.6299619528,41.248833913,43.5432434082,28925000
2021-03-29,43.3951059786,43.4637578783,42.2993874764,42.6923294067,28410000
2021-03-30,41.9028349103,41.9136755909,40.7953728953,41.2054786682,27935000
2021-03-31,41.4620145028,42.1909864351,40.865828831,41.8829574585,28684000
2021-04-01,42.6426404986,43.0500343104,42.3833876982,42.9931259155,23528000
2021-04-05,43.3860672976,44.229762307,43.071715158,44.1249771118,22966000
2021-04-06,43.6408004246,44.1014879316,43.1548168512,43.7085494995,18063000
2021-04-07,43.3598701416,43.7121611998,43.178304273,43.5811805725,12074000
2021-04-08,44.0798166339,44.0798166339,43.3698140786,43.8539886475,18121000
2021-04-09,43.358978914,43.8386360193,43.0464323345,43.8187637329,16614000
2021-04-12,43.5333184333,43.8485734573,43.2325153546,43.6904945374,23247000
2021-04-13,43.8106215441,44.1014866706,43.3851610872,43.8070068359,15281000
2021-04-14,43.5820767179,44.1890994732,42.9244652872,43.1150627136,18220000
2021-04-15,43.5071189427,43.5676386117,43.0681092712,43.3589744568,18370000
2021-04-16,43.4023304894,43.5197620013,43.0681060511,43.249671936,16263000
2021-04-19,43.0455128247,43.0699026269,41.5568562011,41.733001709,26319000
2021-04-20,41.553241109,41.7357097696,41.0591288086,41.3048324585,19128000
2021-04-21,41.1205681713,41.5830648513,40.8838994907,41.5333824158,25947000
2021-04-22,41.1097275884,41.6553281189,40.5587101632,41.1106338501,27057000
2021-04-23,41.4159525772,42.2614533856,41.326525568,42.1060829163,22890000
2021-04-26,42.1864748115,42.8016300351,41.8748310829,42.6227760315,18271000
2021-04-27,42.7898846719,42.8404699189,42.0094246068,42.1259498596,13267000
2021-04-28,42.0374236016,42.0916235546,41.1955376507,41.4800796509,15940000
2021-04-29,42.4276591802,42.4276591802,41.4647269641,42.1205329895,14650000
2021-04-30,41.5261552599,41.6182941561,40.9959095061,41.2090911865,19367000
2021-05-03,41.5297674445,41.5378996783,40.4936691688,40.6616859436,15098000
2021-05-04,40.3979155677,40.4412748429,39.5027324401,40.1558265686,23497000
2021-05-05,40.6860739977,40.7791157077,39.9598104158,40.0916938782,16388000
2021-05-06,40.0889759918,40.5668272959,39.7312646254,40.5207595825,13495000
2021-05-07,41.0636535847,41.4060102412,40.5767671681,40.8820877075,11712000
2021-05-10,40.5026962902,40.5162454161,39.363618658,39.3934288025,25239000
2021-05-11,38.3907574272,39.9047070524,38.2146118747,39.7520484924,17887000
2021-05-12,38.7782811753,38.9200990626,37.8614200572,38.1540908813,29940000
2021-05-13,38.832468635,39.2778013696,38.4485618181,38.8966064453,21841000
2021-05-14,39.4196245042,40.2082167164,39.027588883,39.8920555115,16964000
2021-05-17,39.9390327591,39.9390327591,39.0989524211,39.7403030396,15725000
2021-05-18,40.099817674,40.146791654,39.1386946202,39.1802482605,17824000
2021-05-19,38.4810914566,39.9715576982,38.4539931981,39.9011001587,21369000
2021-05-20,40.2651299043,41.489117154,40.2271909687,41.100692749,21886000
2021-05-21,41.3707860887,41.3707860887,40.5894196927,40.761051178,13216000
2021-05-24,41.2741223532,41.7727487655,41.2235371149,41.4791717529,14420000
2021-05-25,41.7239734319,41.8197270249,41.236187648,41.5107917786,9600000
2021-05-26,41.6218998298,41.7420397821,41.1485659915,41.5966072083,9873000
2021-05-27,41.5523525339,42.3147494705,41.5207367513,42.2460975647,19098000
2021-05-28,42.4556568616,42.8729885618,42.2460899187,42.6661300659,19946000
2021-06-01,42.9470604829,43.1783088015,42.2027337262,42.3030014038,16277000
2021-06-02,42.6209558474,43.1512014557,42.4077742255,42.7925872803,13286000
2021-06-03,42.3472613367,42.4339798825,41.84682579,41.9859352112,20389000
2021-06-04,42.5008270439,43.2144443196,42.4123028577,42.9073181152,23865000
2021-06-07,42.7266532196,42.8603457548,41.7754679436,41.8937988281,24142000
2021-06-08,42.2795124836,42.6715481273,41.869410189,41.8712158203,16615000
2021-06-09,42.2018323344,42.2018323344,41.7077199013,41.9073524475,12126000
2021-06-10,42.0491668079,42.4141041965,41.5713154357,42.3355178833,15413000
2021-06-11,42.3147513611,42.6480730396,42.1982226453,42.5188980103,14508000
2021-06-14,42.4999194694,42.988611516,42.0997515991,42.9822883606,14675000
2021-06-15,43.0482353315,43.0491415931,42.3246836005,42.5225105286,11131000
2021-06-16,42.4800550025,42.5568356976,41.6860422712,42.0717582703,20437000
2021-06-17,41.9931595429,42.9289899676,41.9082500776,42.5613441467,20881000
2021-06-18,42.2090545972,42.4339797478,41.5984135159,41.8685035706,28537000
2021-06-21,41.9841210035,42.3673899668,41.735587601,42.297290802,18591000
2021-06-22,42.4766466159,42.6587238922,41.9977843169,42.2827339172,13722000
2021-06-23,42.2290112047,42.5949819475,42.1543591603,42.4839172363,17674000
2021-06-24,42.7779786057,43.1202855325,42.6605412175,42.7934570312,12502000
2021-06-25,42.9108976704,43.0110403479,41.8776145779,42.0778999329,19100000
2021-06-28,42.4238394689,43.3606262842,42.3792309037,43.0429000854,13987000
2021-06-29,43.0037479163,43.4534765057,42.8553571727,43.438911438,14184000
2021-06-30,43.5281388075,43.5700177281,43.0183231162,43.410697937,15381000
2021-07-01,43.5017282436,43.5017282436,42.690578296,42.7552146912,11153000
2021-07-02,43.4043214449,43.5691039913,41.4870560796,42.6213951111,37054000
2021-07-06,42.8244050373,43.4024965507,42.6332254949,43.0865936279,13870000
2021-07-07,43.2431869987,43.2759601436,42.4575275143,42.7461166382,12581000
2021-07-08,42.2799967449,42.8863119875,42.0196244455,42.8335075378,16011000
2021-07-09,42.7488467198,43.7784901609,42.6086483768,43.7147636414,16782000
2021-07-12,43.8185396504,44.9747260845,43.0847714238,44.2218399048,33142000
2021-07-13,44.1836089163,44.3838907691,43.8804512798,44.0634384155,11806000
2021-07-14,44.5359275277,44.7908370883,43.766656378,43.8431282043,14020000
2021-07-15,43.9969804424,44.103495761,43.0720325462,43.4562149048,12624000
2021-07-16,43.6127953897,43.7238635879,42.5385469156,42.612285614,13980000
2021-07-19,42.1944195785,42.4211053848,41.6582034963,42.3937950134,14938000
2021-07-20,42.5958918749,42.9928159571,42.1752934837,42.6596183777,20727000
2021-07-21,42.7543088575,43.6328284043,42.6514330722,43.6091575623,13660000
2021-07-22,43.3888499845,43.6064300584,43.1985802869,43.3642692566,12583000
2021-07-23,43.7011096634,44.024298655,43.4097874078,43.9851493835,13489000
2021-07-26,43.8950116253,44.0279274153,43.6692357169,43.9022941589,11160000
2021-07-27,43.767562735,43.8631525102,42.5877053461,43.2759552002,14715000
2021-07-28,43.3979485536,43.6146221989,43.1812783811,43.4844360352,8359000
2021-07-29,43.5590851436,44.2291269276,43.4653151334,44.0725402832,9162000
2021-07-30,43.8768138509,44.2755613145,43.6592337806,44.1899871826,11548000
2021-08-02,44.5222729876,45.0275357565,44.0179235744,44.1244354248,15619000
2021-08-03,44.1981737708,44.4048317472,43.6947308111,44.3165245056,11135000
2021-08-04,44.474945072,44.606951035,44.0634522266,44.4084854126,12123000
2021-08-05,44.6479035076,44.6479035076,44.1435506527,44.3966369629,8372000
2021-08-06,44.1599339233,44.4376009267,44.0652540385,44.1927070618,9964000
2021-08-09,44.2892145014,44.3201678801,43.7894145021,44.1244354248,5952000
2021-08-10,44.2354915982,44.28556292,43.5008135469,43.9041137695,9319000
2021-08-11,44.1362684037,44.2418738384,43.6792572301,44.0215606689,9816000
2021-08-12,43.9059466797,44.1535702427,43.400683897,44.0862007141,8702000
2021-08-13,43.9359850601,44.5149864836,43.8904631425,44.2591705322,8582000
2021-08-16,44.1380806468,44.5095141318,44.0989313894,44.439414978,9188000
2021-08-17,44.2072797469,44.2646370901,43.1994873339,43.5791168213,16499000
2021-08-18,43.3934046567,43.4325504573,42.6377851324,42.694229126,15616000
2021-08-19,42.4556989856,43.318743547,42.1197682155,43.1093559265,14044000
2021-08-20,43.044722315,43.3551624987,42.8280486733,43.2586593628,10007000
2021-08-23,43.364263407,44.2619009038,43.3069095406,43.9214172363,15707000
2021-08-24,43.9168709392,43.9751346925,43.7129425937,43.8285636902,9429000
2021-08-25,43.8413108483,44.2691884515,43.8413108483,44.0088195801,10017000
2021-08-26,43.9714814559,44.4366884364,43.7529915639,44.2209281921,10836000
2021-08-27,44.4275883463,45.1950431326,44.3028684351,45.1495246887,16459000
2021-08-30,45.5191357278,46.2337860198,45.3598194473,45.4180831909,19614000
2021-08-31,45.6365813962,45.6365813962,44.854561506,45.2651443481,17378000
2021-09-01,45.1795610799,45.4499455464,44.8718540622,44.8964347839,12586000
2021-09-02,45.1358733659,45.1531715582,44.6233280334,44.7817344666,16991000
2021-09-03,45.1468018717,46.0653772679,45.0676003863,45.3079414368,25191000
2021-09-07,45.3006450431,45.3006450431,44.6997925547,45.2086982727,12398000
2021-09-08,45.484538264,45.5091155109,44.4366869755,45.0074958801,13987000
2021-09-09,44.868219401,45.400792544,44.868219401,44.9264831543,13174000
2021-09-10,45.2505802577,46.0644599522,45.201418807,45.3507194519,16110000
2021-09-13,45.7012261974,45.7440150031,44.9055509744,45.4244689941,14927000
2021-09-14,45.7012160664,46.0125661146,45.3698347076,45.6893806458,14134000
2021-09-15,45.7121478441,46.4932544559,45.4663440442,46.4058570862,23346000
2021-09-16,45.9925381336,46.3521397459,45.5382566296,46.1882705688,17569000
2021-09-17,45.8805617482,46.2128530008,45.6101772488,46.0653686523,34470000
2021-09-20,45.4281121672,45.7922632761,44.466747961,45.0475692749,30105000
2021-09-21,45.2557300372,45.2795743542,44.6605631513,45.0264663696,16935000
2021-09-22,45.3254220784,46.1278448387,45.1392608096,45.9068336487,20610000
2021-09-23,46.0829243345,46.5212771555,45.9068485659,46.2470779419,18370000
2021-09-24,46.0609094293,46.3571163187,45.9288526235,46.3039283752,10605000
2021-09-27,45.8325652997,46.3864664818,45.6124706088,46.2975120544,9831000
2021-09-28,45.5776150339,45.9857040575,44.985197837,45.0292167664,20124000
2021-09-29,45.2685717282,45.3272624753,44.7201733909,44.8879966736,15783000
2021-09-30,45.3501848748,45.3501848748,44.4294640491,44.4707298279,15735000
2021-10-01,44.7385095021,44.8127921017,43.7893581102,44.6926574707,16052000
2021-10-04,44.4707307738,44.6202090292,43.356509244,43.6472167969,20093000
2021-10-05,43.6463046788,44.9164239474,43.5903635843,44.5156707764,16557000
2021-10-06,44.3056531636,44.8760625656,43.991104846,44.8237876892,12042000
2021-10-07,45.1768641648,45.8435639941,45.1768641648,45.2951622009,13261000
2021-10-08,45.5611222208,45.6693347303,45.0530730069,45.197052002,10279000
2021-10-11,45.0494110169,45.8151511141,45.013644528,45.1502876282,11186000
2021-10-12,45.4712400476,45.5501054087,44.2038704764,44.5028305054,20991000
2021-10-13,44.1259251222,44.5120029993,43.9773633961,44.4780731201,16424000
2021-10-14,45.1062575006,45.7747905241,45.0108837188,45.6326446533,19233000
2021-10-15,46.2562428818,46.3901327988,45.9517835147,46.1507835388,25103000
2021-10-18,45.8885070064,46.2177272485,45.7298562163,46.1608695984,16042000
2021-10-19,46.2489067336,46.8495800037,46.0150567812,46.8055610657,16383000
2021-10-20,46.861500929,47.0843452831,46.6267379124,46.7138557434,13458000
2021-10-21,46.7165974806,47.2090546619,46.6413983304,47.1503639221,11787000
2021-10-22,47.2044786424,47.8134043828,47.0467444026,47.2659225464,15367000
2021-10-25,47.4566672193,48.0995228012,47.2448284936,47.8766784668,12416000
2021-10-26,48.1664601958,49.0615071277,48.0536649648,48.9587974548,24043000
2021-10-27,48.7708145173,49.1605621625,47.8574292911,47.9720611572,23500000
2021-10-28,48.0665121088,48.59931863,48.0013985027,48.5644721985,11872000
2021-10-29,48.007818357,48.8010723144,48.007818357,48.7570533752,15564000
2021-11-01,48.6350811491,48.8405005141,48.138954202,48.425075531,16896000
2021-11-02,48.3700425201,49.5961461366,48.2994296258,49.2522506714,16262000
2021-11-03,49.4338412521,49.8685278597,48.9496363966,49.7383041382,14038000
2021-11-04,49.8694358325,50.3527240538,49.6053222304,50.3114547729,15956000
2021-11-05,50.4380083692,51.3247993943,50.4205834064,51.2560195923,18674000
2021-11-08,51.535722621,51.7117983579,51.1808249924,51.2587738037,17231000
2021-11-09,51.2807870612,51.5293088323,50.9093809803,51.1533164978,15838000
2021-11-10,50.832346969,51.4376029867,50.2591877289,50.325214386,18450000
2021-11-11,50.6846981649,51.0909541329,50.3288804863,50.9332199097,14157000
2021-11-12,51.2092538819,51.8906255885,50.8589389958,51.6503562927,13592000
2021-11-15,52.0602806031,52.0602806031,51.339476233,51.8842048645,13972000
2021-11-16,51.7301443726,52.2290210064,51.6063400161,52.159324646,13194000
2021-11-17,52.1015456186,52.3968394466,51.7310561309,52.2391052246,12532000
2021-11-18,52.3729966789,52.8892982449,52.2391067711,52.7132225037,12712000
2021-11-19,52.8480220192,52.9333102257,51.8988706295,52.1547317505,19612000
2021-11-22,52.4261847257,52.4591980527,50.6654413034,50.7388038635,25898000
2021-11-23,50.6599303929,50.975395298,50.303196212,50.907535553,17109000
2021-11-24,50.7342184884,51.2706946442,50.1986553852,51.2385978699,12084000
2021-11-26,50.6003298511,51.1074624314,49.8254209414,50.1252975464,14219000
2021-11-29,51.0065889511,52.0474481481,50.7754921402,51.7530708313,18703000
2021-11-30,51.6549450178,51.8126792538,50.6214252736,50.7754898071,22574000
2021-12-01,51.6742005454,52.1327279194,50.743390536,50.8745307922,21980000
2021-12-02,50.0776078246,51.2734480146,49.887780316,50.662689209,22619000
2021-12-03,51.8080936124,52.1804197379,50.474697243,51.1826629639,20305000
2021-12-06,51.7814886497,52.1226344755,50.9836521192,51.8117523193,22482000
2021-12-07,52.4555366174,54.3877697038,52.4555366174,54.1429176331,29562000
2021-12-08,54.1924322509,54.1924322509,53.4120171033,53.9741706848,17998000
2021-12-09,53.4138455773,54.1282305135,53.4138455773,53.5027999878,29080000
2021-12-10,57.2223800106,59.127102379,56.7280896656,57.9285125732,57087000
2021-12-13,58.141274968,58.1797911011,56.9701956117,57.0096282959,26898000
2021-12-14,56.6593099207,56.7308393782,55.5405020283,56.3906135559,35956000
2021-12-15,56.4511383946,58.7703692366,55.9715198529,58.6786651611,29092000
2021-12-16,58.4494006549,58.7520303966,56.0778984531,56.9197540283,42748000
2021-12-17,56.6308788555,58.6905857805,56.4080345296,58.2293052673,50661000
2021-12-20,57.4351413432,59.2499928207,57.3241757008,59.1527824402,32770000
2021-12-21,59.8145209964,59.940962159,58.4486015572,59.6428604126,36534000
2021-12-22,59.3733573554,60.6506825605,58.998649524,60.469783783,28383000
2021-12-23,60.5556201777,61.9030841165,60.5556201777,61.355796814,23596000
2021-12-27,61.3558044692,62.417158216,61.3244212616,62.2307319641,19442000
2021-12-28,62.5325132017,62.55189798,61.561605496,61.7434196472,17247000
2021-12-29,61.8172675166,62.4817648922,61.7545081403,62.0766067505,14797000
2021-12-30,62.1217957299,62.3617571054,61.2671758155,61.3816184998,11473000
2021-12-31,61.5560758235,61.9566218901,61.2145994758,61.4121017456,12046000
2022-01-03,61.4960792675,61.992605613,61.0253875576,61.2192001343,22591000
2022-01-04,61.178586904,62.0378260987,60.6571343045,61.9206161499,21103000
2022-01-05,61.9473897678,61.9473897678,59.2524547788,59.3438301086,34961000
2022-01-06,59.0817092531,59.8652682753,58.5528773264,58.7928352356,28581000
2022-01-07,58.683942548,59.0586504352,57.0789840761,57.142665863,27832000
2022-01-10,56.1929744535,57.409381651,55.7047463002,57.3281669617,29793000
2022-01-11,56.809490074,57.9594483507,56.7199666085,57.4103126526,19037000
2022-01-12,57.9142252171,58.2354013865,57.1971150813,57.4056968689,18806000
2022-01-13,57.9105377297,57.948374316,54.8353636328,55.1159324646,30048000
2022-01-14,54.9857909384,55.4103337875,54.6369282933,55.0402450562,25661000
2022-01-18,54.2972957571,54.5483297091,53.1593324441,53.3254585266,35825000
2022-01-19,53.675245669,53.9659645451,51.9909139742,52.0499801636,22692000
2022-01-20,52.421915739,52.6194214945,50.4625533059,50.5502319336,25225000
2022-01-21,50.450561822,51.2590402221,49.0384901041,49.2129249573,38010000
2022-01-24,48.9969633146,50.1616908047,47.3827736591,49.9835662842,54256000
2022-01-25,48.7302337168,50.3361179912,48.3813710595,49.2969093323,38158000
2022-01-26,50.9452490501,52.9913644013,50.7671245328,51.4177856445,49715000
2022-01-27,52.5806576376,52.6304961624,49.9327976509,50.0509300232,34183000
2022-01-28,50.1478403105,51.7297277481,49.1353957356,51.6928100586,30254000
2022-01-31,51.6282114263,54.1173321647,51.3144180729,54.0721092224,40288000
2022-02-01,54.0711743231,54.8122776616,53.1436377318,54.7033729553,25719000
2022-02-02,55.2829783995,55.8182708368,54.7873673751,55.6918296814,24443000
2022-02-03,54.9756353591,55.284813043,53.5404929508,53.6078643799,30602000
2022-02-04,53.1953296716,55.0550152248,53.1731776488,54.4671134949,20548000
2022-02-07,54.4671057425,55.5210834888,53.9133545399,54.2336082458,18671000
2022-02-08,54.3028320278,55.5460068436,54.1745460531,55.3955688477,14570000
2022-02-09,56.0536196028,56.4569364204,55.5192460315,56.4218635559,22004000
2022-02-10,54.9414900958,56.7264212171,54.3203639067,54.5778617859,24920000
2022-02-11,54.577864857,55.3531187392,52.5215960087,52.9221420288,27281000
2022-02-14,53.0679653063,53.7887650797,52.6129651582,53.3983726501,19291000
2022-02-15,54.362822473,55.9327114911,54.2908354426,55.6309165955,34284000
2022-02-16,54.8270525461,55.4500271428,54.1957762218,55.1177749634,22931000
2022-02-17,54.4246474416,54.59815632,53.4269687503,53.437122345,21424000
2022-02-18,53.6161744105,54.2437574539,52.9092144715,53.5284957886,19708000
2022-02-22,53.5285030288,54.4717278305,52.5889678838,53.2950019836,20204000
2022-02-23,53.5506459731,53.9973408232,52.1210414909,52.1625747681,22416000
2022-02-24,50.9064819179,54.054565081,50.6702136421,53.52942276,35316000
2022-02-25,53.5137339264,54.3951217166,52.9756707741,54.2686805725,22380000
2022-02-28,53.6217100144,54.6646117559,53.1953223608,54.2160720825,25005000
2022-03-01,53.9715087511,54.2326963229,52.1727341274,52.6175842285,24898000
2022-03-02,53.0236539173,54.5012519583,52.9369012354,54.0628623962,21771000
2022-03-03,54.7919835399,54.7938283683,53.0061298251,53.4002189636,26454000
2022-03-04,54.7098382646,55.9207109791,53.8995150745,55.0051727295,44757000
2022-03-07,55.1057706297,55.2626655194,52.6065002388,52.6711044312,26494000
2022-03-08,52.8067810669,55.0107173281,52.0167614545,53.1556472778,26993000
2022-03-09,54.3406802498,55.5266338821,54.1754765621,55.1002426147,22560000
2022-03-10,54.042566811,54.4541888261,53.1944035171,54.2428398132,19323000
2022-03-11,54.6369278056,54.8611976527,53.2636222171,53.3309936523,19813000
2022-03-14,53.2488459339,53.5275698612,52.121958843,52.4034500122,25234000
2022-03-15,53.2774648789,55.0762357068,53.0716538778,54.707069397,28260000
2022-03-16,55.0660838345,56.0868335593,53.9041237848,56.0323829651,29454000
2022-03-17,55.8108817181,56.0213083085,55.1565310332,55.6216812134,18174000
2022-03-18,55.7416669154,56.5944458426,55.0051755436,56.3360290527,41538000
2022-03-21,56.2700555651,56.2700555651,54.714638477,55.8695869446,25789000
2022-03-22,55.9095385014,57.0040891328,55.6874667062,56.8033905029,19262000
2022-03-23,56.4930491632,56.8061784317,55.6716710004,55.692111969,13839000
2022-03-24,56.3657649092,58.2789116669,55.9355651922,58.2055091858,26016000
2022-03-25,58.2658920343,58.5753031566,57.6145492607,58.4322128296,14538000
2022-03-28,58.1543951605,58.8438339358,57.2159395114,58.8048057556,14427000
2022-03-29,59.466380332,59.9597638116,58.5372181393,59.6029701233,23001000
2022-03-30,59.3613728678,59.8649784949,58.2891205579,58.6384849548,18626000
2022-03-31,58.5818076553,59.3734548063,58.3560212549,58.5074729919,21731000
2022-04-01,58.694239484,58.9618400402,57.4863294633,58.2566070557,16267000
2022-04-04,58.2045682315,59.1616075645,58.028028716,58.9878540039,16484000
2022-04-05,58.4953910061,58.7471938041,56.9576256017,57.0616912842,19778000
2022-04-06,55.9429948922,56.8266282953,55.1708599547,55.9355621338,23742000
2022-04-07,55.7339341123,56.4596080974,55.1216158947,56.0331230164,16583000
2022-04-08,55.5062853112,55.6187159684,54.4461124184,54.5418167114,20464000
2022-04-11,54.1311217737,54.7536621857,53.8384370061,53.9480781555,23512000
2022-04-12,54.7378609812,55.6187082717,54.0930223376,54.3624801636,17350000
2022-04-13,54.6811875556,55.4440323817,54.4535438361,55.0565719604,20266000
2022-04-14,55.2842279707,55.4765652466,53.2279906467,53.3199768066,27385000
2022-04-18,53.2270497122,54.9339221294,53.2270497122,54.4953575134,21375000
2022-04-19,53.831937119,55.6289348933,53.831937119,55.5285873413,16581000
2022-04-20,56.1399682046,56.997585071,55.2972203976,55.5378723145,13920000
2022-04-21,56.2644810826,57.2243063851,54.8818888791,55.0742225647,20352000
2022-04-22,54.8307758928,55.6326416708,54.4730465663,54.5371589661,21064000
2022-04-25,54.0298463958,54.7053483616,53.0663064418,54.6235809326,26959000
2022-04-26,54.2444839657,54.3987252133,52.0061321157,52.0395812988,35809000
2022-04-27,51.6418939889,52.9696672943,51.5684915229,51.9903297424,19313000
2022-04-28,52.585001509,54.3578401295,51.8444584933,53.7929115295,22334000
2022-04-29,53.2056861443,53.731590156,51.4198355976,51.5118217468,26108000
2022-05-02,51.7673393067,53.6721209549,51.6967227867,53.5522575378,26725000
2022-05-03,53.5206640928,54.5185817951,53.1266960433,54.0001106262,17064000
2022-05-04,54.0577239693,56.1278977757,53.3320464511,56.0898017883,23896000
2022-05-05,55.2135990259,55.5518125512,53.3608503059,53.8904724121,32806000
2022-05-06,53.4212454189,54.8187067234,52.9092783199,53.9006919861,20745000
2022-05-09,53.2298377348,53.7055697033,52.0581663742,52.3043937683,30074000
2022-05-10,53.9369288607,54.9274173864,53.1294875031,54.0205535889,29271000
2022-05-11,53.3877959449,54.3271802995,52.577565065,52.6937103271,26660000
2022-05-12,52.3489932752,53.2976677018,51.8714040086,53.1081199646,25518000
2022-05-13,53.6173038582,54.9683042989,53.287448174,54.6570358276,19449000
2022-05-16,54.2983724512,54.74065521,53.6730460701,54.1394844055,14189000
2022-05-17,55.3269560372,56.5859738131,55.1559919673,56.5069923401,24676000
2022-05-18,55.749734408,55.8166327849,52.6073077402,53.015209198,35024000
2022-05-19,51.8472453179,52.1027663174,50.0781212744,50.7517623901,34884000
2022-05-20,51.4662850137,51.567564754,47.6139792671,50.4711532593,40281000
2022-05-23,48.6880930343,49.7631313754,47.7830865569,48.9073753357,58586000
2022-05-24,48.935248573,49.1405940087,47.9624150902,48.7066726685,25060000
2022-05-25,48.6788001485,49.9378143246,48.6788001485,49.3970413208,17842000
2022-05-26,49.3886809492,51.52854254,49.0337410603,51.1652412415,39743000
2022-05-27,52.2272656014,54.3987188303,52.0339997386,54.1961593628,37301000
2022-05-31,54.3095246164,54.5446010929,53.5197347169,53.9034805298,30009000
2022-06-01,54.5957095304,54.9079101988,52.8163631475,53.2985992432,18345000
2022-06-02,53.6823479758,53.6842052794,52.7884922589,53.5885009766,29488000
2022-06-03,52.8572417632,52.9250687771,52.1241315549,52.3415565491,20562000
2022-06-06,53.1034649781,53.2149634213,51.8044976579,52.1473579407,14557000
2022-06-07,52.0832456148,53.38407024,51.803565538,53.2400512695,15895000
2022-06-08,53.1313474994,53.5448243584,52.2319199585,52.5311088562,24004000
2022-06-09,52.1408598291,53.3004515701,51.6549056273,51.681854248,18787000
2022-06-10,51.1122760571,51.2005475894,50.1487361381,50.292755127,24018000
2022-06-13,48.9464039891,49.5243408207,47.9466253387,48.0952911377,31619000
2022-06-14,48.7782190493,48.7782190493,47.8137470218,48.3322181702,24380000
2022-06-15,49.1666145202,49.6014610037,47.900163968,48.9398994446,19141000
2022-06-16,47.5684606186,47.7988938751,45.7407993706,46.1960868835,37244000
2022-06-17,45.9935188016,46.4915489793,45.3310251359,46.3326644897,43504000
2022-06-21,47.2255054629,47.8653831849,47.1140189817,47.1964607239,21901000
2022-06-22,46.497552652,47.1964525072,46.2998719128,46.4778785706,24721000
2022-06-23,47.0072077132,47.0072077132,46.0010168967,46.5228500366,16707000
2022-06-24,47.3116917634,47.9487603741,46.9791050522,47.6948699951,21201000
2022-06-27,48.1361416428,48.158624781,47.107463911,47.3782157898,13207000
2022-06-28,48.0246608905,48.1689375395,46.6662052853,46.698059082,15667000
2022-06-29,46.419799612,46.4619568327,45.5944208427,45.94480896,14444000
2022-06-30,45.7218391944,46.2567884876,45.0360516694,45.5138549805,18890000
2022-07-01,44.9142591992,45.3695721988,43.9792666405,44.7671699524,21315000
2022-07-05,44.2200343703,44.6819089029,43.4621086871,44.6228866577,20711000
2022-07-06,45.0191897676,45.6300263461,44.5479444897,45.2140579224,22975000
2022-07-07,45.7293283941,46.97348456,45.7293283941,46.7064781189,21319000
2022-07-08,46.1865185708,46.8085984531,45.9063960684,46.7205314636,12713000
2022-07-11,45.8586199178,46.0581698213,45.0613459332,45.2374763489,21449000
2022-07-12,45.7021675345,46.1499862045,44.9760954487,45.0978889465,21159000
2022-07-13,44.4992200067,45.4979164124,44.2472023487,45.131603241,17665000
2022-07-14,45.1990607022,45.5953549974,44.3540078891,45.4042358398,19957000
2022-07-15,45.984152927,46.350466119,45.5438251571,46.3242340088,18714000
2022-07-18,46.8582463021,47.0690431054,45.7368200316,46.0056991577,18042000
2022-07-19,46.5434628408,47.9065998314,46.4582084803,47.6864395142,27257000
2022-07-20,47.7370366071,48.4930897894,47.2620458942,47.9459571838,27412000
2022-07-21,48.0190253138,48.5118137346,47.4072524719,48.4996376038,13912000
2022-07-22,48.6055098912,48.6973222918,47.4690910919,48.0162200928,17867000
2022-07-25,47.8232187393,48.0911615087,47.4550292853,48.0714874268,15061000
2022-07-26,48.2138944733,48.4181296839,47.6789416762,47.8822441101,17958000
2022-07-27,48.548346985,49.6716494182,48.429366152,49.4468002319,25699000
2022-07-28,49.5217601151,50.2646935538,48.7713287239,49.9920654297,14867000
2022-07-29,49.839361608,50.3874269467,49.6791562991,50.167263031,18482000
2022-08-01,49.7878299357,50.5710478887,49.6950776198,50.2506408691,11485000
2022-08-02,49.9555258377,50.5157708378,49.394344487,49.7672157288,13072000
2022-08-03,50.1494568812,51.3402124698,50.0398431091,51.2221679688,19228000
2022-08-04,51.3786300785,51.8227033204,51.0600957302,51.7899131775,16293000
2022-08-05,51.049785458,51.714958881,50.8980108965,51.6624946594,14357000
2022-08-08,51.466696757,51.8077142409,50.4726818976,51.1088142395,13722000
2022-08-09,50.5054694179,50.5298288294,49.4430652762,49.916179657,20072000
2022-08-10,51.1584604267,51.6231476268,50.5195191005,51.5659980774,19519000
2022-08-11,51.8976479759,52.2555304523,50.9888875919,51.0994377136,14268000
2022-08-12,51.3224127835,52.3154912192,51.1200502644,52.2986297607,18399000
2022-08-15,51.9238827927,52.4447796402,51.574431027,52.3670196533,14329000
2022-08-16,52.2321127219,52.2714608926,51.15378343,51.6821746826,14782000
2022-08-17,51.000136926,51.031990718,49.7512953014,50.4586296082,19022000
2022-08-18,50.9101937311,52.5169177637,50.7434304029,52.3192405701,23459000
2022-08-19,51.6081590835,52.050359607,51.3280365669,51.3805007935,16923000
2022-08-22,50.8314985587,50.8802138083,49.3774854142,49.5367507935,18555000
2022-08-23,50.014549356,50.3677500967,49.5517384126,49.6332473755,9003000
2022-08-24,49.6126381794,49.7756525354,49.0392770946,49.7325553894,11883000
2022-08-25,49.9770702773,51.5725507254,49.8655838156,51.5397605896,17345000
2022-08-26,51.418914928,51.6203411138,48.7169964154,48.7975654602,25682000
2022-08-29,48.7169939431,48.9736933969,47.9675024434,48.1717376709,16580000
2022-08-30,48.4209437441,48.5211904455,46.9734885904,47.4419212341,18282000
2022-08-31,47.795107923,47.795107923,46.5190981391,46.7598724365,32445000
2022-09-01,46.0441083438,46.2146170482,45.0482210025,46.0946998596,31930000
2022-09-02,48.529622764,48.6991951579,46.6840005176,46.8638763428,40426000
2022-09-06,46.70555047,47.2180166629,45.941066546,46.6746330261,24738000
2022-09-07,47.1158874268,47.7267239286,46.7570686037,47.3238716125,20440000
2022-09-08,47.0868362698,48.036817382,46.7214594688,47.9609336853,22535000
2022-09-09,48.2897801529,49.276300554,48.2897801529,48.9418411255,23019000
2022-09-12,49.3493733528,49.7718997552,49.1442017911,49.565788269,18157000
2022-09-13,48.1398740649,48.5549060374,47.0006465028,47.1852111816,35136000
2022-09-14,47.5112504265,48.0611884625,47.1027763898,47.8503952026,20605000
2022-09-15,47.6798788027,47.926271217,46.5884300621,46.8563728333,36574000
2022-09-16,46.6296543335,47.1889629747,45.8932789408,47.0774765015,59012000
2022-09-19,46.3204818117,47.1608491385,46.3204818117,47.0156326294,17948000
2022-09-20,46.4685142659,46.733648014,45.8801644417,46.1930770874,17132000
2022-09-21,46.3848589102,47.2247158841,45.5138252473,45.5487823486,20669000
2022-09-22,45.5761692692,45.6498566614,44.6852967331,45.1208152771,23540000
2022-09-23,44.8695225575,45.1567185466,43.6461106013,44.2771835327,29649000
2022-09-26,44.3055230969,44.7136454117,43.5809237246,43.6706733704,19361000
2022-09-27,44.3593759249,44.3914932096,43.1274589437,43.9059066772,17850000
2022-09-28,43.5837551168,44.2837944055,43.1123388452,44.0202178955,27605000
2022-09-29,43.5421871624,43.5865898815,42.0287431306,42.524723053,39997000
2022-09-30,42.4236452955,43.2512240884,41.9116066172,41.9465637207,27202000
2022-10-03,42.4406481621,43.5469178644,42.2261953598,43.1529693604,21479000
2022-10-04,44.260177105,45.3617221294,44.0107708204,45.3333816528,27277000
2022-10-05,44.6427936999,46.1108873977,44.5398180111,45.800075531,18493000
2022-10-06,45.7046597515,46.2629894995,45.2256862232,45.2993736267,17250000
2022-10-07,44.6267149498,44.7174087703,43.3645694925,43.5024986267,28425000
2022-10-10,43.4571684976,43.4666141225,40.7968322212,41.350440979,33454000
2022-10-11,41.1142576783,41.4449085814,40.2054343902,40.6948013306,28046000
2022-10-12,40.8355617936,41.1633800799,40.4350003109,40.6768493652,15046000
2022-10-13,39.4345477574,41.9238862105,39.2125377276,41.3759498596,27980000
2022-10-14,41.8775880151,41.9418297871,40.283843567,40.349029541,22816000
2022-10-17,41.5252101332,41.6848667592,40.9432609746,41.1303138733,24120000
2022-10-18,42.3433301192,42.3754510011,40.6381087889,41.0792961121,20341000
2022-10-19,40.9281562656,41.4071298613,40.706146218,41.1237106323,12702000
2022-10-20,41.107638451,41.7746125762,40.4472773429,40.6513366699,23402000
2022-10-21,40.8204543025,42.5748035461,40.5445959099,42.4869422913,26980000
2022-10-24,42.7703557125,43.3428593311,42.6173120818,43.1284065247,25287000
2022-10-25,43.2672773065,43.8596163415,43.1576886027,43.4637794495,18246000
2022-10-26,43.2672830196,44.5681629833,43.0169324956,43.568649292,29291000
2022-10-27,44.028717098,44.474625478,42.9762995149,43.0225906372,18512000
2022-10-28,43.1699632057,44.8118870647,43.0462042841,44.6758499146,23094000
2022-10-31,44.1043036144,44.6673543919,43.9304731245,44.4132270813,19259000
2022-11-01,44.9498176982,45.0471209429,43.7566348584,44.2034873962,16324000
2022-11-02,44.4283380313,45.3891176513,43.0528230767,43.0821113586,21070000
2022-11-03,42.6012460213,42.7826300992,41.6962032243,41.956943512,23887000
2022-11-04,43.1605203364,44.2970187568,42.8223086356,43.957862854,28891000
2022-11-07,44.0967405732,45.1330996306,43.6054888222,44.8950309753,17687000
2022-11-08,45.4646919733,46.1779572409,44.7325318559,45.5459365845,20743000
2022-11-09,45.2049010829,45.2521400187,44.3102515691,44.3518180847,23695000
2022-11-10,46.3857980157,47.9134123663,46.0258624411,47.8567314148,33970000
2022-11-11,47.6895164118,49.0310221273,47.4249956808,48.9450492859,26728000
2022-11-14,48.6899772609,49.599741167,48.4641868361,48.4849700928,21608000
2022-11-15,50.0664329439,50.3130066258,48.7391010827,49.5430603027,23315000
2022-11-16,48.8156202069,48.9875586648,48.2072189831,48.344203949,25405000
2022-11-17,47.7084126029,48.4396250458,47.5326937107,48.3801078796,20375000
2022-11-18,48.8297958732,48.9110404975,48.2752429306,48.6682472229,14536000
2022-11-21,48.458503797,49.2057782386,48.2856211723,48.8836288452,18622000
2022-11-22,49.4060770586,50.0966671873,49.0319676133,50.0749397278,18920000
2022-11-23,50.1032735623,51.15474696,49.9568429738,50.4140853882,13964000
2022-11-25,50.1353977578,50.5028941602,50.0210880476,50.0617103577,7455000
2022-11-28,49.6205224676,49.9530653727,48.7702757589,49.334274292,23505000
2022-11-29,49.4089010029,49.6781463079,48.6370663839,49.2568016052,12694000
2022-11-30,49.5137745269,52.1164820412,48.9204912615,52.0569648743,47349000
2022-12-01,52.0569620215,52.1882781832,51.2000986593,52.0305099487,23006000
2022-12-02,50.7362371733,51.2700031792,50.6445991315,51.0905075073,19320000
2022-12-05,50.8042596842,50.9658083241,49.644141735,50.1306724548,18548000
2022-12-06,50.1316217692,50.4074801458,49.2908206021,49.6753234863,19655000
2022-12-07,49.0876959657,49.5978461049,48.7523204864,48.9837760925,16524000
2022-12-08,49.2020161445,50.2988365743,49.1613902292,50.1722450256,27514000
2022-12-09,52.0484601481,52.2090609873,51.1094043657,51.4608421326,37028000
2022-12-12,51.4636666155,52.6086699812,51.2265422023,52.5859947205,23416000
2022-12-13,54.3989268042,54.9676463823,53.3795705684,53.9473495483,40414000
2022-12-14,53.7121057906,55.3275776482,53.6346379856,54.2685470581,35218000
2022-12-15,53.2614752625,53.5174945491,52.6870869239,52.7154273987,36876000
2022-12-16,52.6634727017,52.8854827199,52.0418489753,52.5179862976,49549000
2022-12-19,52.7761443075,53.010483249,51.9854815864,52.3579521179,25092000
2022-12-20,51.9330871093,52.2979373575,51.5282313195,51.8235397339,29831000
2022-12-21,52.1712376296,53.5277485317,52.1026515104,53.4629707336,25619000
2022-12-22,52.7123182144,52.8637825615,52.1264690478,52.6875495911,27553000
2022-12-23,52.3931930686,52.7380350743,52.150278156,52.6246757507,13761000
2022-12-27,52.5408497946,53.1657596969,52.1017009355,52.7304191589,16677000
2022-12-28,52.5494166202,53.1333615301,51.6739716616,51.9064064026,15410000
2022-12-29,52.5694277967,53.5934736977,52.4408242835,53.1371765137,18176000
2022-12-30,52.5665681465,53.3124576246,52.2036257011,53.2629203796,14376000
2023-01-03,53.8221006254,54.0669197089,52.4684496132,52.7247009277,20173000
2023-01-04,53.6306312381,54.1231293177,52.9676199296,53.3686637878,17074000
2023-01-05,52.9371364394,53.3305636642,52.4998917144,52.8714065552,16277000
2023-01-06,53.6430051948,56.2988618713,53.5648910149,56.0540428162,35261000
2023-01-09,56.4227086881,57.3152984896,53.3991451779,54.9547462463,37739000
2023-01-10,54.4889237464,54.7870883957,52.3922431309,54.7680358887,44635000
2023-01-11,54.5841800638,55.0928707129,54.0002351041,55.0738182068,22502000
2023-01-12,54.8309048122,55.7377866874,54.6565796453,55.4358100891,19514000
2023-01-13,54.9795096942,55.4348547657,54.9337844076,55.1557426453,19647000
2023-01-17,54.7651760154,55.7615969943,54.7308793247,55.178604126,15835000
2023-01-18,55.5567901249,55.9711739721,54.6527717512,54.707069397,15703000
2023-01-19,54.2145707109,54.3041171285,53.3753265098,53.6525344849,22692000
2023-01-20,53.6344342324,54.4279530933,53.2610116682,54.3726997375,22950000
2023-01-23,54.488921957,55.707301217,54.2774438597,55.4062767029,23429000
2023-01-24,55.1023973229,55.8882922859,54.8347137975,55.7301597595,13825000
2023-01-25,55.0290496991,55.9149713243,54.8737770298,55.7920875549,13766000
2023-01-26,56.242664339,57.2095563229,55.8473330091,57.020942688,24525000
2023-01-27,56.5198708383,57.0847632821,56.2217062083,56.2979125977,19344000
2023-01-30,55.5367858397,56.1664561131,55.2281446756,55.3891334534,16984000
2023-01-31,55.4481920206,55.9397343166,55.3214963088,55.7282562256,23719000
2023-02-01,55.5910857661,57.9468776519,55.5082111732,57.418182373,26553000
2023-02-02,57.8830451685,58.4079284309,57.1323917147,57.7058601379,24188000
2023-02-03,56.9656863521,57.9221017696,56.7989814729,56.9294891357,19093000
2023-02-06,56.521782161,57.4629535378,56.4189029772,57.2800559998,18709000
2023-02-07,57.2190805948,58.7765856357,57.1295341845,58.5327186584,24025000
2023-02-08,57.792545089,58.125958475,57.2152683608,57.319103241,15290000
2023-02-09,58.3564866726,58.578444908,56.7256314591,57.1000061035,18837000
2023-02-10,56.8046914333,57.009501301,56.1683530868,56.5131950378,21035000
2023-02-13,56.6799122033,57.2971981806,56.5341639739,57.2629051208,19847000
2023-02-14,56.6008404076,57.6877598661,56.5198699845,57.3762588501,17571000
2023-02-15,57.0476075656,57.9449575954,56.8418419794,57.8887557983,12683000
2023-02-16,57.2276538165,58.0078362859,57.1133424183,57.207649231,17449000
2023-02-17,57.1562183237,57.2371887609,56.437001559,56.7361183167,14215000
2023-02-21,56.2036083046,56.4979609931,55.2357642222,55.3977050781,22737000
2023-02-22,55.4653427832,55.5453611362,54.4984507171,54.8861618042,23475000
2023-02-23,55.7987525455,55.8168529719,54.6489593861,55.6129951477,18939000
2023-02-24,55.0157027572,55.2738581921,54.6422838512,55.0366630554,15353000
2023-02-27,55.8101811096,56.1845521213,55.6568089859,55.7701683044,18321000
2023-02-28,55.7806502685,57.0209418851,55.4586690939,56.6122741699,27822000
2023-03-01,56.5846508008,56.985694617,56.2321848804,56.5436859131,15484000
2023-03-02,56.1455012996,57.2457608993,55.8349523307,57.0276145935,27525000
2023-03-03,58.8423217652,60.5598673044,58.6565643635,60.2769432068,46088000
2023-03-06,60.4903208054,61.3524257894,60.1788197881,60.2921791077,24983000
2023-03-07,60.4779325895,60.5646191224,59.3957772314,59.5520019531,19334000
2023-03-08,59.8025447387,60.2740824721,59.4110253536,60.2293128967,20912000
2023-03-09,60.0216404465,61.199062058,59.2405058715,59.3014717102,21775000
2023-03-10,59.8415969621,60.0292585064,58.3774466366,58.5689201355,26098000
2023-03-13,57.8316016709,59.4796051798,57.811597086,58.7251434326,22364000
2023-03-14,59.3843505114,60.335049855,58.9185252757,60.2483596802,25893000
2023-03-15,59.7920600642,60.0206864947,58.6994245002,59.6367874146,22963000
2023-03-16,59.2376525245,60.6875145039,58.8527976995,60.6332168579,31716000
2023-03-17,60.6332211869,60.9256697392,59.7358673078,60.1064300537,79303000
2023-03-20,60.2750318725,61.4181567931,60.1664365858,61.3200416565,25857000
2023-03-21,61.7019015013,62.0377109838,60.8614152021,61.0936050415,25000000
2023-03-22,61.1080011612,62.2209745252,60.5102602353,60.5342445374,25799000
2023-03-23,61.2998837036,62.190263711,60.5927623264,61.3315467834,27162000
2023-03-24,61.2164165558,61.3382668995,60.3068468557,61.0379562378,17228000
2023-03-27,61.3094790007,61.3190719877,60.0612194749,60.1427726746,14707000
2023-03-28,59.9883147331,60.1140044873,59.377141395,59.9374656677,12439000
2023-03-29,60.7127009556,60.8307155725,59.9317014194,60.014213562,26395000
2023-03-30,60.7078972056,61.0264385537,60.3788039375,60.8057632446,21523000
2023-03-31,60.4977951708,61.6184438131,60.0535639646,61.5531997681,22097000
2023-04-03,61.3094890203,61.7796223212,61.0638667883,61.6424217224,15682000
2023-04-04,61.7076671613,61.8122494054,60.637867739,60.8690986633,13429000
2023-04-05,60.5553489744,60.6090784931,60.0334040326,60.3509864807,16908000
2023-04-06,59.8856492578,60.292460049,59.3876886052,59.7398109436,14493000
2023-04-10,59.2994228573,60.2416110406,59.1459094108,60.1955566406,15400000
2023-04-11,60.5208100855,60.530406734,59.565189587,59.6371498108,16518000
2023-04-12,60.1907556986,60.2080238093,59.1276725389,59.1698875427,14112000
2023-04-13,59.3972828839,60.1101615879,59.2092259115,59.893321991,17265000
2023-04-14,59.5325699293,60.2569631997,59.0269341374,59.4423789978,17465000
2023-04-17,59.3531491289,60.2867032048,59.2763905798,60.1926765442,13201000
2023-04-18,60.6014057564,60.9736766708,60.170610657,60.6685676575,16806000
2023-04-19,60.137987829,61.097447728,60.0190142744,60.8777313232,19060000
2023-04-20,60.2406452348,61.6673652178,60.1715654728,60.7357254028,20239000
2023-04-21,60.5035411288,60.8105679965,59.6774461166,60.7242164612,14807000
2023-04-24,60.795221178,61.2950997441,60.6177234226,60.8815727234,12338000
2023-04-25,60.8287967112,61.0206894238,59.6534597943,59.6803245544,23670000
2023-04-26,59.4836420019,59.7868295111,58.8638309422,59.1209640503,17179000
2023-04-27,59.120953662,59.4951424031,57.8774960295,59.3339538574,18250000
2023-04-28,59.3972821326,60.1370255862,58.964565537,60.1101608276,16183000
2023-05-01,60.1101581653,61.3085203271,60.0813718823,61.2087364197,17030000
2023-05-02,60.0391659997,60.110167295,58.0492448056,58.7515716553,28357000
2023-05-03,59.189071199,59.6735994019,58.7573172356,58.834072113,19816000
2023-05-04,58.5270501154,58.9069961233,57.6913621484,58.5424003601,17684000
2023-05-05,59.0979344931,60.5870144915,58.8503943919,60.4574890137,24876000
2023-05-08,60.4248687988,60.5160186644,59.5421637496,60.3557853699,13934000
2023-05-09,59.7484485547,59.8770187651,59.089299303,59.3435592651,16990000
2023-05-10,59.6841586896,60.2540758599,59.3205218666,60.0880889893,19174000
2023-05-11,60.1178449619,60.3001410424,59.2936677179,60.2224235535,14430000
2023-05-12,60.2905379637,60.7050238487,59.8904433905,60.5563087463,11942000
2023-05-15,60.6253909403,61.407349415,60.2991744388,61.3862419128,14614000
2023-05-16,61.4495638893,62.0684195981,61.2835806716,61.5435905457,14967000
2023-05-17,62.1106334629,63.4106974497,61.8448626767,63.0816078186,24133000
2023-05-18,62.9405667126,65.1818635885,62.9405667126,65.0417861938,26389000
2023-05-19,65.2432752016,65.7182105019,65.0907243522,65.4591522217,22968000
2023-05-22,65.3776012605,65.6923069391,64.6791174529,65.0868835449,17796000
2023-05-23,66.2641382564,67.0652863564,65.4370843303,65.8669204712,36088000
2023-05-24,65.3814401387,65.6568076207,64.8652560416,65.1981887817,23021000
2023-05-25,67.1055749653,70.2698698251,66.276603279,69.9254226685,49263000
2023-05-26,71.7129012013,78.1940569256,71.6735703177,77.9781799316,82500000
2023-05-30,80.1264123849,88.4410918375,76.6426094945,77.0772476196,116912000
2023-05-31,76.2674761293,78.8359525168,75.8098162107,77.5205307007,89998000
2023-06-01,76.8162715079,77.3123179333,75.3329488561,75.7925338745,80792000
2023-06-02,75.8587266536,79.0374128026,75.5286708096,77.9081268311,62815000
2023-06-05,77.6394850511,77.6394850511,76.2271601122,76.9774627686,26222000
2023-06-06,76.9486739804,76.9486739804,74.4905413391,75.7973251343,37823000
2023-06-07,75.7800532336,77.2796849209,75.5584153344,76.049659729,28957000
2023-06-08,76.2684280406,77.2374846363,75.6802800889,77.1597671509,21909000
2023-06-09,77.3132779372,78.4598321869,77.1290603541,77.2000579834,19241000
2023-06-12,77.8237128477,82.3216643656,77.8237128477,82.0683670044,51065000
2023-06-13,82.6219635651,82.8263260499,80.6905704537,81.6615447998,38990000
2023-06-14,82.1201690625,85.2518461074,81.2873615027,85.0254135132,43524000
2023-06-15,84.855600458,85.1971635788,83.5708792332,84.7615737915,33814000
2023-06-16,85.322836977,85.3871220679,83.0364413163,83.2916564941,68299000
2023-06-20,82.7687641714,84.1513476618,82.6104524142,83.283996582,27535000
2023-06-21,82.9531531984,83.5318946559,81.4677121301,81.7628707886,23229000
2023-06-22,81.5149669372,81.8834295026,80.5716118114,81.2583847046,23464000
2023-06-23,80.4462246818,80.6401000703,78.9839354778,79.3022384644,37413000
2023-06-26,79.5771491083,80.7346319698,79.1160869906,79.2520904541,21372000
2023-06-27,79.9321160817,81.9885863929,79.1913272677,81.8342514038,24923000
2023-06-28,80.9015182895,82.8113660172,80.7404350021,81.7898864746,19445000
2023-06-29,82.4177986656,83.2270710253,81.6422824764,83.2010345459,23386000
2023-06-30,83.7749544669,84.3585234142,83.3708002781,83.6698150635,23145000
2023-07-03,83.7846020416,84.5668665768,83.4277079676,84.5388946533,9038000
2023-07-05,83.6669418714,84.5832893435,83.1219638998,83.1325683594,14440000
2023-07-06,81.5062875476,82.3647555496,81.4416599652,81.7956619263,23939000
2023-07-07,82.0300609285,82.7592812297,81.473507125,81.6751022339,19409000
2023-07-10,81.8226675306,84.8022256549,81.8226675306,84.6633300781,30622000
2023-07-11,84.9893609188,85.1716678201,83.3997445287,85.0800323486,25498000
2023-07-12,85.7504207906,86.578988953,85.075216223,85.8420562744,28197000
2023-07-13,86.7091807372,86.7091807372,84.715417671,85.8815841675,25912000
2023-07-14,85.4764769585,87.1345772975,85.4764769585,85.7099075317,18510000
2023-07-17,85.9442669559,88.0856164582,85.8256236242,87.809753418,26819000
2023-07-18,87.3882512995,87.7663616919,86.643599015,87.142288208,24513000
2023-07-19,86.5481027877,87.3872826258,85.4253475294,86.9435806274,24118000
2023-07-20,86.0918629557,87.4866325272,85.4610338393,85.6867446899,28268000
2023-07-21,87.2445206375,87.8869255762,86.2162930062,86.4979476929,74287000
2023-07-24,86.8886018887,87.3361600591,86.2548732956,86.9647979736,19992000
2023-07-25,86.8712394836,89.0473170794,86.8712394836,88.5467071533,20042000
2023-07-26,87.6795570108,87.8358127184,85.6201946524,86.1449203491,19877000
2023-07-27,87.6313124238,87.7615316266,85.4610267192,86.1873474121,21922000
2023-07-28,86.7458438075,87.154825599,86.2278664367,86.7911758423,18791000
2023-07-31,86.57028972,86.9078882638,85.9433167906,86.6812133789,14952000
2023-08-01,86.7130583983,88.8003853505,86.5895874665,88.7405853271,19683000
2023-08-02,87.9978687519,88.0653884683,85.8748428122,86.0687255859,26877000
2023-08-03,85.5208238591,86.3609602294,84.9864505297,85.3626327515,18281000
2023-08-04,85.3626529991,86.196041277,84.2427824414,85.0414505005,21156000
2023-08-07,85.6230834095,86.5577549296,85.3906242612,86.5278549194,11146000
2023-08-08,85.8555444351,85.9047326347,84.2456685314,85.1870956421,14081000
2023-08-09,85.144651779,85.2227759416,81.8651074664,82.0589828491,24672000
2023-08-10,82.2895293375,83.0978452288,80.7413960328,81.3037414551,20186000
2023-08-11,80.4462235765,80.6767546198,79.4305284965,80.036277771,20331000
2023-08-14,80.1684233784,82.3917607944,79.8067090961,82.3840484619,17688000
2023-08-15,81.9123793533,82.4342129217,80.6825564985,81.2670822144,14035000
2023-08-16,81.7754009567,82.4226260929,80.2484842001,80.3478393555,16003000
2023-08-17,80.6873493314,80.9680399141,79.7710022426,79.7796859741,19228000
2023-08-18,79.0948556278,79.882911765,78.3231955561,79.658164978,17759000
2023-08-21,80.4510393168,83.6611357154,80.2301560606,83.448928833,30012000
2023-08-22,84.2466339125,84.3758817113,82.0734487796,82.5470581055,17079000
2023-08-23,82.0628533767,84.707705326,81.988578015,84.552406311,19692000
2023-08-24,87.0381118988,87.7625045822,82.225866105,82.4187774658,30934000
2023-08-25,82.6657124804,83.8637071984,80.7992615688,82.1641311646,24181000
2023-08-28,82.6049339261,83.3515142262,81.709810271,83.0573196411,14306000
2023-08-29,82.7988094942,86.1207937938,82.6078262316,85.8401031494,27822000
2023-08-30,86.0773842769,86.6869970422,84.7964380111,86.0667724609,23234000
2023-08-31,86.6194950493,89.0945801947,86.2105132251,89.0193481445,55203000
2023-09-01,86.9918123072,86.9918123072,83.4026482257,84.1607971191,65017000
2023-09-05,83.8704547834,85.1716681814,83.6283478617,84.1270370483,24808000
2023-09-06,84.1588530175,84.6285988092,83.6032633754,84.1366653442,20142000
2023-09-07,82.9049074858,83.1161503261,81.0741558271,82.6666641235,27789000
2023-09-08,82.4708566995,83.0332020159,82.0001468457,82.7168197632,16810000
2023-09-11,83.7990578911,83.821245562,81.5689725101,82.8701782227,15710000
2023-09-12,82.0117326515,82.7862849525,81.1841286214,81.4599990845,16680000
2023-09-13,81.7175252648,82.8672956564,81.432978471,82.2711868286,17413000
2023-09-14,82.8595787523,84.5610826819,82.4708565869,84.0759048462,19648000
2023-09-15,83.7402357678,83.7402357678,81.303727374,82.1506195068,50190000
2023-09-18,81.2728547267,82.5991403134,81.0239922019,81.9885635376,16541000
2023-09-19,81.601780853,82.0879227545,80.8793162921,81.9114074707,13126000
2023-09-20,82.4341364867,82.4341364867,80.5294036497,80.5507354736,13681000
2023-09-21,77.1117590937,79.7681082978,77.1098205091,78.396774292,53654000
2023-09-22,78.6760705482,80.5517099465,78.5926670329,80.4062347412,27764000
2023-09-25,80.3015026079,81.3256374391,79.8175594626,80.8727264404,15648000
2023-09-26,80.4149725582,80.5216538911,78.6731693138,79.1561431885,17641000
2023-09-27,79.4538649155,79.8825213582,78.0107666934,79.216255188,15352000
2023-09-28,79.5421437026,81.354750014,79.0097136286,80.6894454956,16180000
2023-09-29,81.1209972764,81.8570969507,79.8078580249,80.5517120361,16481000
2023-10-02,80.4043012864,81.3256393792,79.8650788799,80.9755325317,14676000
2023-10-03,80.204510792,81.0531075216,78.4500995028,79.0242385864,18761000
2023-10-04,79.5576505491,80.5517226428,79.1668111969,79.895149231,16417000
2023-10-05,79.5363171621,80.3626054913,79.0872832879,79.9000015259,11474000
2023-10-06,79.4674523921,82.2789693098,78.7226216812,81.9754180908,21103000
2023-10-09,81.5099087668,83.0761814524,81.254844321,83.0053787231,15760000
2023-10-10,83.1285276329,84.622058685,82.9898448793,83.2507324219,14718000
2023-10-11,83.3768183821,84.8926507576,83.0703518741,84.8170089722,14334000
2023-10-12,84.9983527782,89.0231271791,84.9983527782,87.827331543,43871000
2023-10-13,88.1570807326,89.7970563961,85.5472802147,85.6529922485,28312000
2023-10-16,86.408492563,88.8156002477,86.408492563,87.533493042,21150000
2023-10-17,85.8440504362,86.6034205508,83.9868348647,85.7713165283,33008000
2023-10-18,85.3397462275,86.8604324668,84.8790734727,86.0263824463,20404000
2023-10-19,86.0254144702,86.2649554274,83.9548361691,84.16431427,26620000
2023-10-20,84.8499714792,84.8499714792,82.6135556798,82.7871551514,26953000
2023-10-23,83.2070990319,84.7239081529,81.738784118,83.6202468872,16456000
2023-10-24,83.7928785238,85.6355474386,83.7075290138,85.4522476196,14972000
2023-10-25,85.0604179425,85.2214092021,82.0549320641,82.3992156982,21432000
2023-10-26,82.2324296309,82.8637866353,79.3646564757,80.1802825928,27917000
2023-10-27,80.4954565442,81.485651253,80.3538585159,81.3062286377,18236000
2023-10-30,81.5719705528,82.3798348486,80.2190607132,81.586517334,20889000
2023-10-31,81.8425546029,81.9986994329,80.747624406,81.59815979,14747000
2023-11-01,81.6592476523,82.806556522,81.0356524773,82.7202377319,18684000
2023-11-02,83.5989093459,85.3930914574,83.4049473118,84.5008468628,18759000
2023-11-03,85.1021251375,86.0719499254,84.477560697,85.6044921875,18041000
2023-11-06,85.4958822987,85.9158151788,84.4921173733,85.4250869751,12870000
2023-11-07,85.5695833224,87.4558922488,84.9721664553,87.072807312,19365000
2023-11-08,87.2842409831,88.5362852839,87.187259973,88.3636550903,15280000
2023-11-09,88.4965212203,90.1743215358,88.1144129365,88.3879013062,24486000
2023-11-10,89.392649378,93.001361307,89.0502968459,92.8626785278,36272000
2023-11-13,92.1382066128,92.366116043,91.2100835271,91.8356246948,16893000
2023-11-14,93.3301263402,94.7295843773,92.6425208723,94.3600769043,23886000
2023-11-15,94.9953191336,95.2125663721,93.7733450375,94.5967254639,16099000
2023-11-16,93.4911115319,93.9469303685,92.1837881252,93.0595397949,26198000
2023-11-17,92.9295912847,95.4201024074,92.2303468779,94.8226928711,19789000
2023-11-20,94.3639606961,96.9698766302,94.3639606961,96.5664291382,18674000
2023-11-21,94.5579313393,96.1096497584,94.231102289,95.1592254639,43344000
2023-11-22,95.4007145651,95.8177395934,94.1700020162,94.2669830322,33743000
2023-11-24,94.5540348204,95.0292468705,93.757809539,94.9332351685,23158000
2023-11-27,94.6694590533,95.1407940314,92.0683893445,92.1566467285,96962000
2023-11-28,91.1577241668,92.2167683326,90.5971625375,91.7793807983,39025000
2023-11-29,91.9723794515,93.0479164516,91.1024433886,91.2440414429,34843000
2023-11-30,91.2605173896,91.3982308616,89.0658032688,89.7795944214,49571000
2023-12-01,89.4624645271,90.5719414237,88.0600986339,90.1937103271,29612000
2023-12-04,89.2859653567,90.2877917284,88.8786332623,89.6089172363,25009000
2023-12-05,88.409234237,88.9591188136,87.8515805254,88.556640625,37066000
2023-12-06,89.2587967738,89.3179531851,87.5848738112,87.6372451782,24813000
2023-12-07,87.8215100799,89.623446099,87.6372410121,89.4430541992,43517000
2023-12-08,89.984230996,92.2041616323,88.3054687557,91.5805664062,69668000
2023-12-11,92.8132080471,100.814263367,92.7239887745,99.8182601929,101184000
2023-12-12,99.6970231355,104.681922017,99.3663095638,103.992370605,90242000
2023-12-13,103.577298284,106.65939566,103.047768818,105.680847168,71654000
2023-12-14,105.922346106,108.761994987,105.738076994,107.310165405,66964000
2023-12-15,106.217163359,111.518222057,106.158968834,109.564994812,118544000
2023-12-18,108.697992865,111.706387611,108.48850734,111.238929749,54741000
2023-12-19,111.263269999,112.087515215,110.338676588,111.027496338,36020000
2023-12-20,110.357199653,111.200934828,108.073482543,108.182601929,34523000
2023-12-21,110.352305146,110.6221823,108.632694037,109.830085754,24106000
2023-12-22,109.897328554,110.2889913,108.489487891,109.312759399,19089000
2023-12-26,109.532955179,110.629998901,109.414090874,110.278282166,16793000
2023-12-27,110.678716359,111.026538121,109.408248554,109.720993042,20055000
2023-12-28,110.258774308,110.31236024,109.027279061,109.354637146,21247000
2023-12-29,109.262091837,109.546582677,108.600551958,108.754486084,20558000
2024-01-02,106.403535646,107.366127529,104.93918794,105.746871948,28831000
2024-01-03,104.267909086,104.73556885,102.817201218,103.135795593,34735000
2024-01-04,103.075388542,104.199712069,102.043623221,102.203407288,25658000
2024-01-05,102.455741971,102.831809829,101.472686483,102.229705811,22475000
2024-01-08,102.933143989,105.027856847,102.494711567,104.720954895,33110000
2024-01-09,103.821687429,106.055728206,103.733031655,105.465309143,23225000
2024-01-10,105.256814104,105.511096434,103.527457883,105.278244019,17643000
2024-01-11,105.643588186,107.297920926,104.687812609,107.169319153,25757000
2024-01-12,108.350160131,108.699929338,107.172250726,107.919525146,26882000
2024-01-16,108.373535953,109.727790473,107.037790098,108.628799438,26145000
2024-01-17,107.784102625,108.448563788,106.217459138,107.528839111,18314000
2024-01-18,109.59723314,111.706559432,109.303004827,111.44934845,32228000
2024-01-19,112.754899628,118.570396936,112.627264162,118.005317688,53077000
2024-01-22,118.49733365,119.966557596,117.714981952,118.911407471,31222000
2024-01-23,118.960111899,119.542733496,117.257061867,119.477455139,16952000
2024-01-24,121.035352878,125.151702934,119.935380511,122.162597656,34805000
2024-01-25,124.805831231,124.805831231,119.7200583,119.836975098,36356000
2024-01-26,118.833463755,118.980581644,116.936533487,117.389572144,25818000
2024-01-29,118.366767925,119.220240413,117.400281079,118.64541626,21526000
2024-01-30,118.547988143,119.642110441,117.332080313,117.709129333,20683000
2024-01-31,115.886244006,116.643263312,114.411177658,114.965545654,27400000
2024-02-01,115.681649646,117.215170731,114.878841802,116.915092468,19411000
2024-02-02,117.766615077,120.293910282,117.415872133,119.285522461,26689000
2024-02-05,119.540795436,121.566334981,119.072161914,121.113288879,22045000
2024-02-06,123.107654638,123.939689878,118.07742238,119.120880127,25354000
2024-02-07,120.226689218,122.712083578,119.515458379,122.473388672,25768000
2024-02-08,123.441822749,126.26432757,123.247942604,124.197868347,29326000
2024-02-09,121.983322471,125.268603368,121.687139205,125.043540955,26293000
2024-02-12,125.683663205,125.6895057,122.662402003,123.24697113,24778000
2024-02-13,120.335812373,122.357449472,119.553460655,121.946304321,31907000
2024-02-14,123.660071002,124.026401384,120.939869261,122.976119995,27306000
2024-02-15,124.703533605,124.708402351,121.283793303,123.253799438,21873000
2024-02-16,122.666286013,124.287496465,121.044101813,121.345153809,21268000
2024-02-20,120.407905363,120.589126773,118.137821023,119.500846863,26329000
2024-02-21,118.667833109,119.646986175,117.171329362,119.588531494,20579000
2024-02-22,124.875025755,127.726758435,124.364498647,127.134391785,40819000
2024-02-23,127.47243671,128.568506516,125.567709176,126.303283691,23115000
2024-02-26,127.631223575,128.487617202,126.799181106,127.546455383,16282000
2024-02-27,127.54647012,127.820249706,125.898961023,126.289649963,12126000
2024-02-28,125.974970392,126.51277726,124.997757354,125.626174927,10967000
2024-02-29,126.979442572,127.475355903,125.417667911,126.704696655,27536000
2024-03-01,129.183290694,137.155858444,128.605537798,136.318954468,44488000
2024-03-04,136.706710825,140.118653545,134.95689102,136.619995117,34854000
2024-03-05,135.912631312,135.912631312,129.810689547,130.821990967,36040000
2024-03-06,135.579460131,135.896099558,131.241935577,131.528381348,43196000
2024-03-07,134.645120688,137.794002306,133.758518409,137.082778931,62832000
2024-03-08,135.839577034,137.666359902,126.810887053,127.506515503,74025000
2024-03-11,124.506720976,126.561480396,122.034959048,125.986656189,31105000
2024-03-12,127.33894846,127.415926668,122.689668362,125.865837097,42789000
2024-03-13,124.988984302,124.988984302,122.015474018,122.552307129,37838000
2024-03-14,123.007293642,124.039066354,121.562435726,122.980987549,38029000
2024-03-15,122.122645608,123.477873996,119.843797569,120.372833252,88823000
2024-03-18,122.173306209,123.040418649,120.00259643,120.542350769,25737000
2024-03-19,118.565525176,120.837556831,117.305776315,120.617370605,24491000
2024-03-20,121.229883632,126.021268742,120.013686872,124.848129272,40946000
2024-03-21,129.967263109,137.333879887,128.761838444,131.892822266,72468000
2024-03-22,132.088523006,134.6539698,131.711831481,132.428039551,38624000
2024-03-25,131.602245545,132.914313269,130.862538121,132.243118286,21237000
2024-03-26,133.525842179,135.017962298,130.181557027,130.277450562,23522000
2024-03-27,132.088537262,132.088537262,126.806957536,129.02897644,25583000
2024-03-28,128.947730487,130.140449991,128.324474864,129.682540894,19856000
2024-04-01,129.708985595,133.358553864,129.682574934,132.113983154,17252000
2024-04-02,128.74129573,131.341976618,127.530003543,130.988769531,24694000
2024-04-03,129.935981686,134.7126981,129.668859288,133.38104248,28650000
2024-04-04,135.544364961,137.370119481,128.664021964,128.908630371,27014000
2024-04-05,129.740297662,133.18731424,128.585738283,131.054321289,19438000
2024-04-08,130.488804167,131.35471254,128.737399639,130.728515625,17139000
2024-04-09,132.809635147,133.016083194,128.041727352,130.53086853,17986000
2024-04-10,129.44677662,130.694273569,128.710995581,129.385131836,17467000
2024-04-11,130.393901982,136.185242085,129.510376508,135.264541626,31713000
2024-04-12,132.28519849,133.703924154,130.779387822,131.50831604,27823000
2024-04-15,134.045398824,134.045398824,127.78342996,128.24230957,24370000
2024-04-16,128.701194961,130.750044141,128.272652505,130.039703369,18923000
2024-04-17,131.414388508,131.794991621,125.378425937,125.496818542,24718000
2024-04-18,126.022228443,126.477196403,122.838400755,123.183792114,24888000
2024-04-19,123.183802223,123.282621977,117.17327993,117.87286377,44797000
2024-04-22,119.809194177,120.660434117,117.464871038,119.805282593,25162000
2024-04-23,120.168272717,123.077155197,120.153596812,122.224937439,22025000
2024-04-24,123.664220109,125.789374988,121.811069648,122.971488953,20108000
2024-04-25,124.500788595,127.982046635,122.98910298,126.650405884,30410000
2024-04-26,128.174795201,132.65894888,127.502614815,131.50831604,24100000
2024-04-29,131.509312296,132.380117632,129.710953789,130.975082397,13372000
2024-04-30,130.02207657,131.927092761,127.103407652,127.222770691,22113000
2024-05-01,125.076099477,126.44981956,121.457854024,121.60559845,30958000
2024-05-02,122.918638649,123.71802011,119.692746358,121.185836792,29480000
2024-05-03,123.184783366,125.619124983,122.024356657,125.05456543,24898000
2024-05-06,125.848081025,128.250137312,124.757137113,128.20513916,16287000
2024-05-07,128.804916151,129.054421508,126.879356466,127.500671387,12413000
2024-05-08,126.560400535,130.905618827,126.070198341,129.678665161,13918000
2024-05-09,128.940915341,129.310754152,127.392047361,127.75113678,12170000
2024-05-10,128.694335953,131.501449818,128.694335953,130.405609131,16300000
2024-05-13,131.89285855,132.909452542,130.142439323,130.866485596,18507000
2024-05-14,130.360617112,135.218551326,129.720729653,135.026779175,19420000
2024-05-15,135.023848066,140.7917188,134.043458592,140.519714355,32757000
2024-05-16,139.524652796,141.42280165,137.475803414,138.167556763,28395000
2024-05-17,138.195921172,138.89158602,135.197990266,136.519866943,18174000
2024-05-20,136.589329729,138.638163853,136.311443015,138.353439331,27170000
2024-05-21,136.851554842,137.899456451,136.340809368,136.902435303,15333000
2024-05-22,136.590303931,137.469917748,135.436729906,136.221435547,21002000
2024-05-23,139.762380483,139.818142952,134.828140996,136.324157715,31039000
2024-05-24,136.960155623,138.309413357,136.199904861,137.747787476,16730000
2024-05-28,137.959110614,138.661628071,136.250763733,138.198822021,22919000
2024-05-29,136.892647103,136.892647103,135.317368426,136.067825317,26861000
2024-05-30,134.925998949,135.295852734,132.640379298,133.466186523,21717000
2024-05-31,133.200022612,133.316459422,127.906693869,129.989776611,73091000
2024-06-03,132.352703555,132.382055365,127.443904364,129.339126587,26278000
2024-06-04,129.192394003,130.326410377,127.882281639,130.211929321,23048000
2024-06-05,131.697164163,138.384749237,131.162934299,138.261474609,32947000
2024-06-06,139.120536055,139.200768328,135.830072309,137.10496521,20172000
2024-06-07,137.741926231,139.426789022,136.689127728,137.630386353,17859000
2024-06-10,137.939572357,141.779927435,137.874015988,140.940429688,31042000
2024-06-11,140.718318647,143.341498725,138.568694072,142.952072144,34844000
2024-06-12,146.765020497,147.332513701,144.455916911,146.325698853,56697000
2024-06-13,167.312119976,169.841377014,161.68808343,164.277999878,89061000
2024-06-14,165.048029796,170.955805484,164.582297503,169.762115479,69705000
2024-06-17,176.118033167,180.325300278,174.022230244,178.942764282,87528000
2024-06-18,179.991662766,181.16872123,174.651379567,176.364608765,86797000
2024-06-20,176.456570769,176.582801477,168.50778351,169.715164185,68157000
2024-06-21,165.909093111,167.703540266,161.580506104,162.285964966,99289000
2024-06-24,161.173835584,163.033858748,156.129692277,156.281829834,58575000
2024-06-25,157.059223948,157.639317677,153.512912025,155.160919189,53329000
2024-06-26,156.812837393,158.830884041,154.454196135,156.26121521,46479000
2024-06-27,156.261214978,157.598072407,154.199989305,155.737075806,31649000
2024-06-28,156.642065772,160.897049967,155.672312371,157.589248657,69377000
2024-07-01,157.851316256,161.831454934,156.408450835,161.051132202,47623000
2024-07-02,161.051145872,162.85717656,159.205845182,162.688354492,32539000
2024-07-03,163.917240291,169.729919434,163.373466092,169.729919434,39954000
2024-07-05,172.315322648,173.288026641,166.469273699,167.186767578,45240000
2024-07-08,167.352647359,172.44684471,167.352647359,171.363220215,36398000
2024-07-09,172.41344073,173.828823095,167.40757944,170.131347656,37802000
2024-07-10,171.376976115,173.388148632,169.449226153,171.248382568,41074000
2024-07-11,173.208486838,173.22909535,163.769998336,167.445861816,51026000
2024-07-12,167.944498954,169.405037496,166.008901223,166.927627563,30453000
2024-07-15,166.861845114,170.307046053,166.135499925,168.255630493,22999200
2024-07-16,169.217552264,169.619987407,163.328310098,166.253311157,22244900
2024-07-17,159.313798673,159.834013817,152.737481866,153.100646973,43343400
2024-07-18,155.956938755,158.528569566,151.059047232,157.556854248,37973500
2024-07-19,158.852479935,160.923530585,154.219608481,154.445373535,26309500
2024-07-22,157.272233632,159.981295058,154.985242419,158.086914062,28813300
2024-07-23,157.439085634,162.278087946,156.948315398,160.746887207,21570200
2024-07-24,157.389998412,158.430428769,148.31075033,148.546310425,37162600
2024-07-25,148.467795769,150.715531676,142.833763449,146.504714966,30872100
2024-07-26,150.666438736,150.744963758,147.152522602,148.830963135,20839900
2024-07-29,149.213782015,152.138768335,146.396750765,147.447006226,16625800
2024-07-30,150.450526928,150.63702202,140.703836933,140.870697021,31102300
2024-07-31,148.673919385,158.351907925,148.212594218,157.713897705,45827500
2024-08-01,154.592615408,155.976590989,143.471760706,144.30607605,40320000
2024-08-02,139.310020162,142.66690147,137.023044236,141.165145874,33745800
2024-08-05,127.217450295,142.735601433,126.127939865,139.457260132,41309300
2024-08-06,139.113714566,146.161182318,137.66103899,141.263290405,24751300
2024-08-07,145.513349984,147.329205537,133.322621213,133.754501343,29749800
2024-08-08,138.593481458,143.569897756,135.84516574,143.049682617,27583200
2024-08-09,141.538126369,146.789373637,141.449791325,145.523178101,18438700
2024-08-12,145.346500666,148.340201808,143.668060033,145.876525879,17778500
2024-08-13,148.752427356,153.493268544,147.044541935,153.277328491,22053600
2024-08-14,155.10300862,157.291839383,151.863922505,154.779098511,20184200
2024-08-15,158.224306837,163.593333933,157.380181508,163.063308716,27945000
2024-08-16,161.433947935,163.024038562,159.676982263,162.660873413,19296900
2024-08-19,161.816724804,164.73190052,157.458683736,164.614120483,20441700
2024-08-20,163.966327633,165.26195318,161.119851473,162.886627197,19417500
2024-08-21,162.071936858,163.397022314,159.873296072,162.71975708,16097700
2024-08-22,167.68635495,169.237190548,158.508961382,159.343261719,30044500
2024-08-23,161.983581689,165.173587412,160.442571329,163.289031982,18848000
2024-08-26,161.914898633,162.641228888,155.731191589,156.673461914,18521200
2024-08-27,154.690765768,159.038982347,152.953435148,158.410797119,16683100
2024-08-28,157.124991315,159.284377231,153.365689731,155.260055542,18063600
2024-08-29,155.564342426,160.187389295,152.541196216,154.033126831,23519300
2024-08-30,158.145791868,160.226667797,155.780290775,159.814422607,25158500
2024-09-03,157.419446095,157.77280122,148.585582946,149.969543457,37179100
2024-09-04,147.525532429,154.877260805,146.396751927,151.275009155,20324100
2024-09-05,147.790542322,153.473654537,147.339027157,149.999008179,31548500
2024-09-06,140.605666502,140.851051609,134.078428637,134.471038818,76634600
2024-09-09,136.542079422,138.97629531,132.409787936,138.22052002,39516700
2024-09-10,138.613133209,147.093641466,138.436448153,145.474105835,36067500
2024-09-11,145.650779947,155.937319187,142.362613603,155.348403931,39700800
2024-09-12,155.181550209,163.249813858,153.934989651,161.522293091,43530700
2024-09-13,163.662022205,164.97728251,161.011851621,164.594482422,29850000
2024-09-16,162.140664287,162.444939421,157.448902281,160.992263794,26126900
2024-09-17,162.435111649,162.955326816,157.733525167,159.470855713,19844300
2024-09-18,160.74686385,164.378560072,158.381348063,158.685623169,26557600
2024-09-19,165.126029603,167.410700493,163.136807392,164.869995117,32453100
2024-09-20,164.633605648,169.399897043,163.934428363,168.493911743,91758500
2024-09-23,169.380208008,170.68010984,165.785808442,170.305892944,29431100
2024-09-24,170.177891996,173.309464559,169.065098456,172.176971436,34223400
2024-09-25,171.989844422,174.441923851,171.113400895,172.846603394,16613800
2024-09-26,175.78120015,177.50454525,172.334509951,175.377441406,24340000
2024-09-27,175.456235861,175.751669473,169.143864945,170.059707642,20580900
2024-09-30,169.252195267,170.28620543,167.046322949,169.87260437,16902000
2024-10-01,169.537787706,169.626413285,163.274657999,164.919219971,23770400
2024-10-02,164.998007015,170.207427089,164.47608078,168.060638428,14317800
2024-10-03,167.036467138,172.275443993,166.613023797,169.271896362,13072300
2024-10-04,173.614721439,174.205573632,169.971080326,173.949539185,17921400
2024-10-07,172.157265117,175.594098139,171.211880588,172.413299561,15588300
2024-10-08,172.748129571,178.834008162,172.226203343,177.977249146,20774200
2024-10-09,176.50996196,183.580594605,173.732906781,183.117752075,25504100
2024-10-10,180.764147372,183.472261405,179.749836772,182.861709595,16318000
2024-10-11,178.381017789,179.808929528,174.69797711,178.715835571,23070000
2024-10-14,180.508098994,182.132961278,177.386384134,179.533172607,17195800
2024-10-15,178.036341768,178.932484967,170.729359197,173.299606323,27657500
2024-10-16,175.791046939,176.519781153,172.659489834,174.126800537,15285100
2024-10-17,178.607478582,182.684420039,177.937843137,178.765045166,25232400
2024-10-18,179.543035412,179.927094601,175.958462942,177.150039673,17835200
2024-10-21,176.647795195,178.952150099,175.535001876,177.248504639,13695100
2024-10-22,175.93879243,177.937871836,174.707831465,176.647827148,12062600
2024-10-23,174.885091882,176.253919947,169.941563204,170.867233276,19513700
2024-10-24,171.605777624,171.645176784,166.918284312,168.740112305,20485200
2024-10-25,171.536867427,174.107114412,170.089256192,170.364990234,19977700
2024-10-28,170.364971385,171.320198149,168.740109171,169.399902344,13195800
2024-10-29,169.813518507,177.484860135,168.602257203,176.50994873,23702300
2024-10-30,174.766898993,176.460702326,172.945070923,173.949539185,17911500
2024-10-31,171.792899213,171.792899213,164.830592217,167.184188843,26086600
2024-11-01,165.697171263,168.720418297,164.948752482,166.347122192,17847000
2024-11-04,166.701634469,169.823349261,165.854732836,165.982757568,13621300
2024-11-05,167.459916099,171.743650817,167.459916099,171.251266479,13441800
2024-11-06,176.894014626,177.465182302,173.279915132,176.815231323,24300800
2024-11-07,179.218074109,182.054197952,179.021108333,181.010345459,18970600
2024-11-08,180.202817167,182.231438142,179.060481949,180.842910767,13503200
2024-11-11,180.60656877,180.833076384,174.126804119,176.184967041,17036700
2024-11-12,176.175107244,176.825058166,170.561928888,173.535934448,15862000
2024-11-13,172.048950695,172.915536956,169.971088083,170.936157227,17472500
2024-11-14,172.108030867,172.895848836,167.282655194,167.784896851,20638900
2024-11-15,165.90398461,166.563777838,160.940741932,162.329269409,20836200
2024-11-18,163.136779427,163.816272205,159.749172841,163.146621704,17856900
2024-11-19,164.121572439,164.25943947,161.807359739,162.83152771,18003400
2024-11-20,163.018617933,163.018617933,158.409907235,160.763504028,17196700
2024-11-21,163.717791125,163.806416699,158.153854159,161.442977905,24835300
2024-11-22,161.797502424,162.398211939,159.926432855,161.728561401,17332500
2024-11-25,162.880738198,164.682866736,160.408974152,162.309585571,26850600
2024-11-26,162.092906932,163.83593642,160.211995423,162.230773926,16308800
2024-11-27,160.714238681,160.714238681,155.140444585,157.238006592,19722700
2024-11-29,157.139548836,160.212022375,156.657006763,159.611312866,11024000
2024-12-02,160.468042069,165.815343437,160.271091352,163.973815918,21472400
2024-12-03,161.974767506,165.707049661,161.531624553,165.588867188,17024400
2024-12-04,170.798266023,172.718561761,165.992590513,167.962127686,32748200
2024-12-05,168.149253929,169.774116258,166.622859453,167.873519897,18490000
2024-12-06,167.50917014,177.928010277,166.750893997,176.795532227,27830800
2024-12-09,176.224350334,178.036321079,173.338985346,176.214508057,20886300
2024-12-10,175.101727689,175.781220526,167.144794447,169.193115234,27762600
2024-12-11,177.268207646,182.054184112,173.74273391,180.409622192,41295200
2024-12-12,178.174201938,179.227911708,173.309456956,177.908325195,46967200
2024-12-13,210.642019219,225.216599005,207.894521154,221.37600708,121336600
2024-12-16,228.259524974,248.04353911,227.294455878,246.192169189,111623200
2024-12-17,236.984584943,238.776871215,230.23892827,236.570983887,70382100
2024-12-18,235.763480336,236.196780972,215.880997688,220.213973999,53960100
2024-12-19,224.438633225,224.576500239,214.265970968,214.9947052,40845200
2024-12-20,217.003650141,226.782396967,215.575738407,217.427093506,131910400
2024-12-23,223.835343817,230.460837787,222.294990973,229.424072266,40643800
2024-12-24,237.096235303,237.204850708,231.843236318,236.661773682,22827200
2024-12-26,236.977744842,244.166068564,234.607973421,242.270248413,28459000
2024-12-27,242.546701848,242.684938252,233.373695671,238.705688477,29282200
2024-12-30,231.74444971,235.763203949,228.70323395,232.613372803,27316800
2024-12-31,232.909620059,234.469725276,228.397161829,228.92048645,17927700
2025-01-02,233.186101245,236.484037865,227.340652096,229.058731079,31525800
2025-01-03,230.648448391,233.511938362,226.116252877,229.621551514,24973200
2025-01-06,233.521831182,238.705719613,230.362130772,233.43296814,34028400
2025-01-07,236.484047044,236.484047044,224.733906266,225.760803223,25928600
2025-01-08,226.807451522,229.542573934,223.213289588,226.422363281,18756500
2025-01-10,224.437658727,224.960983336,218.463842176,221.485305786,23864000
2025-01-13,217.219726048,226.372980394,216.74575972,222.452972412,23772100
2025-01-14,223.71685353,227.360373393,220.290549387,221.870391846,18143100
2025-01-15,225.671922197,227.439374484,222.73932156,225.128845215,21745600
2025-01-16,232.257921024,235.595362156,226.323609221,226.521087646,23471900
2025-01-17,234.094499238,235.101658794,229.730161251,234.449966431,31196600
2025-01-21,238.458845748,239.693104784,234.410470084,237.283828735,30903200
2025-01-22,243.642736402,243.879719564,237.65905094,237.876281738,29610500
2025-01-23,235.4077647,237.372695474,233.146593674,237.254211426,17653900
2025-01-24,241.618545532,246.446966272,238.863685997,241.618545532,25387800
2025-01-27,210.712693712,215.6793508,193.758913634,199.584625244,90569400
2025-01-28,205.390588018,207.3061606,196.385438221,204.748779297,50316000
2025-01-29,206.210114368,208.787247742,200.216560547,203.751480103,32533700
2025-01-30,215.817603007,219.164912875,211.008919607,212.944244385,42449500
2025-01-31,216.893885744,223.943973089,213.576196696,218.483612061,41104700
2025-02-03,212.746770849,218.157758313,210.821314675,214.988174438,24507300
2025-02-04,216.587766492,220.221417608,212.588764482,219.628967285,23768500
2025-02-05,230.994063764,234.933809207,224.635158407,229.078491211,29196000
2025-02-06,231.546991247,231.843216424,225.681789996,228.446533203,21169500
2025-02-07,232.040709557,232.682518259,221.287844938,222.038269043,22117500
2025-02-10,224.566015436,232.850376425,224.25992161,232.080184937,23901600
2025-02-11,229.552424879,234.894301523,227.074038196,232.080184937,18476200
2025-02-12,227.459128318,233.502055697,227.103661115,233.373703003,16397300
2025-02-13,233.087347897,233.966139727,227.824465562,232.830627441,20962000
2025-02-14,231.576634769,232.771404241,226.017526803,230.105392456,16988800
2025-02-18,227.202412506,229.275958675,221.475447487,225.652175903,26080500
2025-02-19,224.98071662,226.185354503,221.574150028,225.849624634,16375500
2025-02-20,225.7706562,226.096502392,219.944959593,223.884719849,16104000
2025-02-21,222.808446108,224.882007417,212.914636037,215.906478882,24883600
2025-02-24,215.847233202,216.716141346,204.926496244,205.311584473,33050400
2025-02-25,204.393283511,206.012630662,198.389846129,199.989440918,33100800
2025-02-26,204.304434721,210.850934447,203.40589052,210.258499146,21368300
2025-02-27,214.543830699,216.489024048,194.914171155,195.309143066,27572900
2025-02-28,193.294842,198.656471318,190.71770842,196.918624878,39747200
2025-03-03,201.431069394,201.490311415,182.206249948,185.010482788,37435600
2025-03-04,186.837204175,191.507636327,178.207259242,185.119110107,37910500
2025-03-05,189.443968571,191.636014022,184.743915163,189.167495728,25644500
2025-03-06,178.760205264,184.477301786,175.373405565,177.190231323,56864100
2025-03-07,185.365948464,193.018354223,179.27364788,192.50491333,74528900
2025-03-10,187.212430197,189.562449327,178.157891993,182.12727356,44217100
2025-03-11,185.681939096,193.156604253,183.015942495,187.696243286,42153200
2025-03-12,193.749049219,197.461695005,190.026519717,191.784103394,30409700
2025-03-13,190.717708737,193.847803051,187.084057205,188.950256348,27236100
2025-03-14,193.729298599,195.012931032,190.767076862,193.077606201,25900900
2025-03-17,185.681946131,194.24276563,185.138869102,192.050720215,26830600
2025-03-18,188.041858912,190.461003916,184.546428441,186.294143677,24951000
2025-03-19,186.955680892,195.773235271,184.546404846,193.10723877,37962700
2025-03-20,189.680467431,191.978176128,187.125246345,188.709869385,31430000
2025-03-21,186.402262353,190.225187919,185.570319011,189.819122314,43086500
2025-03-24,192.433763378,194.80080697,188.838624471,189.41305542,33180300
2025-03-25,189.056526261,189.759713455,185.877351236,186.451782227,23417300
2025-03-26,184.867145092,186.253692128,175.874356155,177.548126221,30578500
2025-03-27,175.953581106,176.666666722,168.822740057,170.338043213,32151700
2025-03-28,170.278628644,171.635480258,164.871079659,167.495620728,30391500
2025-03-31,162.910104575,166.326964839,159.077265046,165.821853638,35656400
2025-04-01,164.772023965,167.089559929,161.850361514,166.901382446,20472400
2025-04-02,164.484818941,171.764213811,163.910387973,170.437088013,19523700
2025-04-03,158.998025362,161.860266644,152.223726392,152.53074646,44354900
2025-04-04,146.746835257,151.332369253,137.833279655,144.884887695,72302200
2025-04-07,143.102179148,158.889062771,136.773555695,152.659484863,68503500
2025-04-08,166.010033179,168.149290368,151.6195926,154.531356812,58888200
2025-04-09,158.958410383,185.5307122,155.997123652,183.371643066,72708300
2025-04-10,173.616265898,175.250411785,164.801740347,170.645080566,51212200
2025-04-11,171.952395014,180.905575316,171.645374946,180.192489624,33964100
2025-04-14,183.302321945,184.213483599,174.131269008,176.646865845,25748300
2025-04-15,178.003708145,180.509406554,176.369562266,177.231201172,17242400
2025-04-16,168.793032402,174.388773876,165.316750984,172.932891846,34638600
2025-04-17,174.55712881,174.55712881,168.287926285,169.34765625,22501800
2025-04-21,165.386078112,166.386371692,160.057747802,164.613571167,23469800
2025-04-22,165.821843866,168.882176202,163.633079164,167.951202393,18504900
2025-04-23,176.072439069,178.716792164,174.131273143,175.210800171,24380500
2025-04-24,177.964100279,186.758813719,176.587451677,186.342834473,27576900
2025-04-25,185.124646491,191.512691733,185.094935848,190.462875366,21242300
2025-04-28,188.699969061,191.245291613,185.877337103,190.621337891,16385800
2025-04-29,189.878552121,191.393855434,188.274116875,189.333831787,14630000
2025-04-30,184.11443511,191.344322051,182.252502679,190.621337891,22768900
2025-05-01,196.236879458,199.46556196,194.355134861,195.434661865,24939700
2025-05-02,201.94156407,203.704466219,199.148657619,201.684066772,17766800
2025-05-05,198.326612109,201.277985176,198.079013342,198.792098999,14025400
2025-05-06,194.553215787,199.970678191,194.058018237,198.168151855,16348800
2025-05-07,197.375819151,204.249163086,196.524078819,202.842803955,20253700
2025-05-08,206.002200726,209.131853172,201.73359985,205.774414062,18460900
2025-05-09,207.319407644,207.943361392,204.536399837,206.200256348,13289200
2025-05-12,217.381814428,219.66962457,213.806487702,219.45173645,25437700
2025-05-13,219.867721752,233.020168043,219.867721752,230.187637329,28790500
2025-05-14,228.018671953,231.257268336,226.156739341,229.890518188,19751400
2025-05-15,227.949341939,232.208043931,225.879419788,230.405517578,18803700
2025-05-16,230.08861842,230.405537023,224.215567069,226.414245605,23094600
2025-05-19,219.71915772,229.028865562,219.471558947,228.414825439,15355500
2025-05-20,224.314574434,229.543858952,224.166006113,229.454711914,11787200
2025-05-21,226.196357346,234.228462959,225.641738456,227.523483276,17642900
2025-05-22,226.146797844,231.445417307,225.245534739,228.315765381,14340200
2025-05-23,224.760260817,228.434618083,224.007550888,226.523162842,15385600
2025-05-27,230.633284462,234.208611104,228.910006792,233.386581421,17941700
2025-05-28,234.87219515,238.675323871,232.178319232,237.1302948,20443000
2025-05-29,243.548063669,243.706530513,235.119791662,239.645904541,20743700
2025-05-30,238.903092255,240.834359556,232.643788361,239.744934082,27088600
2025-06-02,240.913603206,247.598769996,240.854181919,246.321166992,19197000
2025-06-03,247.678001476,255.403086062,247.004524969,254.382980347,30380200
2025-06-04,255.581344486,262.880551178,255.115857603,258.57232666,31536000
2025-06-05,260.424392545,262.345761375,256.571741263,257.433380127,41970900
2025-06-06,248.727812614,252.867671787,243.765938846,244.558242798,41146700
2025-06-09,242.696324285,245.786352187,238.794165141,241.93371582,25334100
2025-06-10,241.874299361,243.914510906,239.081377846,242.28036499,25491300
2025-06-11,243.993743863,252.3229705,241.458334758,250.480834961,24599000
2025-06-12,247.786945767,255.41299992,247.103570748,253.610473633,20410900
2025-06-13,248.252445128,251.560361212,245.964634812,246.311264038,19028400
2025-06-16,247.945412747,252.738921277,247.172905798,249.678604126,20363000
2025-06-17,248.539649081,251.520748024,245.538753115,246.974822998,22014300
2025-06-18,248.480223082,253.184599751,247.014442583,248.846664429,30435500
2025-06-20,251.368195014,251.675937697,242.393942139,248.171615601,42134900
2025-06-23,247.298040528,252.36095054,244.667321985,251.92414856,19747000
2025-06-24,256.887718445,263.936079717,256.887718445,261.851348877,32764900
2025-06-25,264.065192652,267.90703854,261.51387882,262.725006104,18894200
2025-06-26,263.151861225,269.693953878,262.208789465,268.204864502,23569600
2025-06-27,268.333849193,269.872592805,264.938742941,267.390777588,27477600
2025-06-30,272.731667399,275.689971951,270.150573338,273.644958496,24708400
2025-07-01,272.40403839,272.503317061,260.749443559,262.814300537,28847600
2025-07-02,262.069812407,270.021559951,260.81899784,267.936828613,17582100
2025-07-03,268.760762045,273.793860611,268.155183339,273.178375244,10592700
2025-07-07,273.128770977,275.541088431,270.676735991,272.185668945,16760600
2025-07-08,274.339889891,274.339889891,269.177701562,269.822967529,14869400
2025-07-09,270.974531291,277.41734484,270.736286701,275.878601074,20133000
2025-07-10,277.754872113,279.134745778,270.716446987,273.396789551,17891600
2025-07-11,272.145971718,274.459010406,269.912337795,272.384216309,14274700
2025-07-14,272.136058596,276.335271349,267.619135867,273.595367432,11934200
2025-07-15,277.774698989,281.29886467,275.828964236,278.896484375,17918400
2025-07-16,278.072505119,279.462345955,273.66482892,278.767425537,15031000
2025-07-17,279.095051002,286.183100128,277.873986902,284.366424561,17231100
2025-07-18,285.0216198,285.438578156,278.956076939,281.279052734,15012400
2025-07-21,281.894530485,288.426686014,281.566944161,286.113616943,17726800
2025-07-22,285.557695913,285.905156155,274.419306326,276.563598633,16564800
2025-07-23,274.766783525,281.934268608,271.014279331,281.626525879,20556200
2025-07-24,287.68214666,289.0818943,281.437890104,286.609985352,16413800
2025-07-25,285.97463721,290.461748625,285.18043809,288.069274902,12476200
2025-07-28,290.332689228,293.300961098,288.476296124,292.159301758,13683400
2025-07-29,295.336027076,299.991915103,292.725152476,295.256622314,19210800
2025-07-30,294.98857929,301.054152024,293.648392884,300.418792725,16738900
2025-07-31,300.597474156,304.717312025,288.118929141,291.563690186,25488500
2025-08-01,284.455765806,290.511401514,279.561602753,286.540496826,21428100
2025-08-04,290.074605681,296.308924961,289.280406549,295.554443359,17164600
2025-08-05,295.643825741,299.00918254,289.330100828,290.799316406,18477500
2025-08-06,290.769510001,300.607430687,289.776783759,299.475738525,17392100
2025-08-07,303.942980261,308.082631363,297.698724262,301.550506592,16319400
2025-08-08,301.838387555,305.630608892,300.349298262,302.751708984,12458700
2025-08-11,302.831112704,306.067409784,299.098482824,301.689483643,12396400
2025-08-12,304.39965043,311.160113669,302.453915491,310.554534912,17609600
2025-08-13,314.446022126,315.041663901,302.533307791,306.84173584,17371200
2025-08-14,304.776880742,311.884803979,304.766943786,308.966186523,15717600
2025-08-15,308.767643901,309.23422645,297.579629985,304.111755371,22806900
2025-08-18,300.4982404,303.943001612,296.82514125,303.535980225,14724700
2025-08-19,300.22027617,300.696765365,290.263233415,292.764892578,20149600
2025-08-20,293.310897948,293.340678525,279.81975145,289.052124023,23600500
2025-08-21,287.950175869,290.263245015,284.088486481,287.493530273,14946300
2025-08-22,289.627877216,297.907210328,286.907817044,291.86151123,16301300
2025-08-25,290.680189572,296.229526031,289.588184567,292.089874268,15124700
2025-08-26,292.208934501,298.06601245,291.85153735,295.842315674,25689100
2025-08-27,295.365823577,298.989268129,291.643100346,298.066040039,13830300
2025-08-28,300.726542628,308.73785039,300.130900845,306.404937744,18907100
2025-08-29,304.776889148,304.776889148,291.523987937,295.226867676,21610700
2025-09-02,287.235420799,296.537261279,285.081221717,296.070678711,19693000
2025-09-03,300.091212043,302.235504275,294.244040173,300.190490723,18529400
2025-09-04,302.841060878,306.53400366,300.051502599,303.873504639,31220800
2025-09-05,353.192169166,353.748093482,329.009370535,332.45413208,78401600
2025-09-08,340.256903316,351.593849793,338.767814024,343.135803223,43535600
2025-09-09,347.007449578,348.427071144,333.387244176,334.221160889,26972300
2025-09-10,348.963109512,370.257099022,348.000163868,366.881835938,51086800
2025-09-11,368.480105178,371.507938278,356.150462688,357.014129639,29430900
2025-09-12,360.270276566,361.73952228,354.562100794,357.252380371,31949800
2025-09-15,357.252375105,362.841428495,353.748052807,361.441680908,21792200
2025-09-16,362.771904335,363.030022825,354.39329333,357.381408691,21306500
2025-09-17,356.23983103,357.31196208,339.016024042,343.652069092,45197100
2025-09-18,347.454183648,348.149104133,341.289362186,342.838012695,24663900
2025-09-19,342.143070165,343.751281721,333.982859794,342.430969238,41240100
2025-09-22,340.521645684,344.73803699,336.056677964,336.901947021,28660000
2025-09-23,338.343890643,343.296148875,335.141833941,337.051147461,21944100
2025-09-24,337.866571731,338.184765349,331.949718162,337.419067383,19677300
2025-09-25,331.134275122,336.176027875,325.475982413,334.226959229,21678200
2025-09-26,335.54954309,337.190341804,328.737711101,332.665710449,15464700
2025-09-29,334.127497213,339.149341803,325.72457629,326.072631836,21336000
2025-09-30,328.28026284,329.205072741,322.800959917,328.07144165,20109500
2025-10-01,326.3212552,336.06665924,322.691602261,331.532073975,21122700
2025-10-02,345.672789383,345.672789383,333.381685004,336.295349121,19917600
2025-10-03,339.596845038,342.480677477,333.868935393,336.484283447,14749100
2025-10-06,334.047957518,342.212195334,332.695520911,333.620330811,18465700
2025-10-07,335.151726645,336.225694439,324.759952478,334.535186768,18086700
2025-10-08,331.959682976,344.608797708,330.766358241,343.574584961,21478300
2025-10-09,343.823202298,345.374506293,338.503010741,343.097259521,17643700
2025-10-10,343.465177323,348.646133816,322.244077126,322.820861816,28941000
2025-10-13,350.804036642,357.377215544,341.60558598,354.712158203,45984300
2025-10-14,348.178751076,348.715750185,337.757144571,342.212188721,22078000
2025-10-15,352.494555278,357.397073318,345.563397572,349.372039795,23918500
2025-10-16,354.811586902,361.21570003,347.542327029,352.176361084,20317200
2025-10-17,347.661647606,349.014084257,338.880869571,347.383209229,20937900
2025-10-20,351.82825528,354.602715066,345.901478944,347.293670654,15640200
2025-10-21,348.049488065,349.143363954,339.407914062,340.750396729,16092600
2025-10-22,345.364523717,346.070588816,333.640249921,338.403533936,19268800
2025-10-23,338.502971471,344.638599898,338.502971471,342.371307373,12859200
2025-10-24,350.545527001,356.303238393,348.924605879,352.156494141,16143700
2025-10-27,359.525211407,360.728459798,353.101189969,360.032348633,20065800
2025-10-28,360.59915286,371.975401398,360.509658062,370.891479492,21056000
2025-10-29,371.110248502,384.326193038,371.110248502,383.828979492,24975200
2025-10-30,384.24663277,384.24663277,367.997697284,374.37197876,24295300
2025-10-31,376.161933358,376.708886479,363.065345266,367.570098877,21598400
2025-11-03,369.926889459,372.761012827,359.96274062,360.529541016,17198900
2025-11-04,356.521985032,366.893882519,349.043904332,349.978668213,24047500
2025-11-05,348.934520009,362.83659066,348.138960165,356.979431152,17087600
2025-11-06,358.103137078,361.474259595,350.744382429,353.608337402,19896900
2025-11-07,352.216148883,352.524418866,335.390428429,347.482666016,21903200
2025-11-10,355.90547129,357.993774377,352.633797466,356.39276123,16409000
2025-11-11,356.969509596,359.873250181,347.721349387,349.998565674,16446800
2025-11-12,356.044678599,356.870039719,349.720106618,353.240386963,12190500
2025-11-13,349.620656915,351.579679463,332.297754301,338.085327148,22616600
2025-11-14,329.622739454,342.818775642,327.226166593,340.551483154,18500800
2025-11-17,337.926202324,350.237213873,335.639001935,340.74041748,14799600
2025-11-18,341.287382217,346.030788411,333.640235629,338.602416992,21726800
2025-11-19,338.811237786,357.685474459,335.917451377,352.444854736,21851900
2025-11-20,363.960278929,373.984089652,343.256301681,344.887176514,28867000
2025-11-21,343.236457528,346.65728914,329.950895844,338.304107666,30280300
2025-11-24,345.792127526,379.871131457,345.72251035,375.853637695,47262400
2025-11-25,382.784798051,385.966976759,369.678256782,382.884246826,33507600
2025-11-26,383.401337537,397.641540196,381.124121439,395.354370117,28693000
2025-11-28,397.124457783,400.754110531,394.946660065,400.714324951,13365500
2025-12-01,392.64955095,393.216381687,382.953886615,383.928405762,23252000
2025-12-02,386.146002244,391.307081554,377.673493894,379.443572998,22207000
2025-12-03,377.882336094,380.169506515,368.584435702,378.488922119,21336400
2025-12-04,378.558499623,381.750632451,374.431633244,378.906555176,15845900
2025-12-05,384.017920891,391.336889672,383.003585842,388.065216064,24779900
2025-12-08,400.237029829,405.020221748,395.18532317,398.864715576,30410600
2025-12-09,396.527798663,404.662204905,393.305864631,404.025787354,24546000
2025-12-10,399.958579958,412.299393199,397.333277925,410.668548584,31531000
2025-12-11,402.573890005,407.01898014,391.993201955,404.105316162,45681600
2025-12-12,377.842506593,379.871146343,353.17077305,357.924133301,95588500
2025-12-15,359.873226436,359.982598846,335.629089647,337.916259766,65894900
2025-12-16,334.147375466,345.563409235,333.19273397,339.397949219,58061100
2025-12-17,344.67834371,344.67834371,319.628754351,324.203094482,73300900
2025-12-18,334.127484063,334.15731566,321.826426485,328.041595459,54501900
2025-12-19,331.482298542,341.535971475,330.726524297,338.463165283,159095200
2025-12-22,344.760015699,344.969236453,335.982352181,340.196838379,28739600
2025-12-23,339.559157014,348.825012,337.297499312,348.03793335,28232600
2025-12-24,349.40290758,351.564926266,345.865948875,348.934631348,11424400
2025-12-26,349.771535788,351.953500474,346.473686595,350.837615967,15028100
2025-12-29,347.440142164,349.044218607,343.424934135,348.107696533,21946900
2025-12-30,348.685533712,351.385578898,348.017979383,348.565979004,16633600
2025-12-31,348.44645523,348.595898629,344.152275937,344.829772949,15346100
