date,open,high,low,close,volume
2015-01-02,26.3959413007,26.5545367592,26.1620155045,26.2447834015,26480000
2015-01-05,26.125835745,26.1674664123,25.659967403,25.7447147369,41182000
2015-01-06,25.7962600757,25.8314476348,25.0553305498,25.1093521118,54456000
2015-01-07,25.3229553914,25.3497166126,24.961163721,25.0355033875,46918000
2015-01-08,24.8551010411,25.1519681218,24.5334521839,25.1227283478,73054000
2015-01-09,25.1856730738,25.2064884078,24.7133616138,24.8159503937,42000000
2015-01-12,24.7426027699,24.7941457746,24.3297633996,24.6345615387,57138000
2015-01-13,24.9076396738,25.2064900368,24.6444740931,24.8694782257,60958000
2015-01-14,24.8010836234,25.1896384267,24.6890778392,25.0741615295,52800000
2015-01-15,25.220860711,25.2634820452,24.8798843651,24.9790058136,51068000
2015-01-16,24.9363846956,25.3180010755,24.9334108061,25.2986736298,49658000
2015-01-20,25.4131564143,25.553908534,25.2446505152,25.2728996277,46796000
2015-01-21,25.3175018314,25.8631641476,25.2555511668,25.7908058167,46356000
2015-01-22,25.9201599173,26.705198625,25.8661402489,26.6288757324,56068000
2015-01-23,26.665052792,27.0308089911,26.5520544654,26.8593292236,45966000
2015-01-26,26.8370297498,26.8370297498,26.3696735239,26.6001300812,30932000
2015-01-27,26.3364688127,26.4048625951,25.8141003341,25.83045578,39148000
2015-01-28,26.0192829511,26.053479844,25.3923424358,25.3963069916,35822000
2015-01-29,25.4195996017,25.5330932756,24.9527386828,25.4359550476,79018000
2015-01-30,25.7219200219,26.9163289141,25.6812800177,26.6412677765,121108000
2015-02-02,26.4811850438,26.5892281611,25.8567231258,26.3761177063,75378000
2015-02-03,26.2641127777,26.6363121674,26.1089884208,26.4306373596,47062000
2015-02-04,26.4227026743,26.6016162322,26.0207663354,26.073797226,33896000
2015-02-05,26.1644931354,26.3012806973,26.0509994638,26.2586593628,33176000
2015-02-06,26.317141078,26.7735924347,26.2001781828,26.4593791962,42938000
2015-02-09,26.3196180036,26.4593794575,26.145661549,26.2314014435,30314000
2015-02-10,26.3736391974,26.8122491073,26.2259486344,26.7706184387,47430000
2015-02-11,26.749308392,26.8593328445,26.5644470447,26.6635684967,38306000
2015-02-12,26.7458364388,27.1760218707,26.6140059988,27.060546875,48590000
2015-02-13,27.1348876736,27.3841782332,27.0897877843,27.3157844543,47382000
2015-02-17,27.3157863726,27.4069768237,26.9242576731,27.0109882355,39174000
2015-02-18,26.9520080969,27.136869423,26.740385551,26.8940219879,31164000
2015-02-19,26.8851032597,27.102673592,26.7998587039,27.0823535919,30834000
2015-02-20,27.138357649,27.138357649,26.668524742,26.8518981934,38234000
2015-02-23,26.7131278354,26.7279953902,26.366203729,26.5148849487,32906000
2015-02-24,26.3439023718,26.7329525047,26.3166439257,26.6957836151,28406000
2015-02-25,26.6853739233,27.2369821343,26.6640613668,27.1259670258,40836000
2015-02-26,27.0471686964,27.7603444309,27.0149531367,27.7187137604,54032000
2015-02-27,27.6622127925,28.2207613855,27.6067052336,27.8842449188,68328000
2015-03-02,28.1008259527,28.5463743356,27.9100168191,28.4983005524,50406000
2015-03-03,28.564215079,28.7872378768,28.2742863871,28.6851444244,50526000
2015-03-04,28.5949408655,28.8258927595,28.3743966385,28.6623439789,37964000
2015-03-05,28.7262802721,28.9037059567,28.6573911537,28.815984726,35918000
2015-03-06,28.8442312229,28.8828880009,28.3515997711,28.3932304382,37592000
2015-03-09,28.2950986824,28.5196074555,28.2024203507,28.4527015686,23478000
2015-03-10,28.1741745204,28.2376130831,27.7449797003,27.7464675903,40080000
2015-03-11,27.7439881044,27.9610631181,27.5264177575,27.5402946472,40524000
2015-03-12,27.6785655967,27.8450882576,27.5323629353,27.8118839264,35602000
2015-03-13,27.7157393911,27.969985189,27.2746509125,27.4069766998,35428000
2015-03-16,27.6017498243,27.939752288,27.3237148078,27.8351802826,36856000
2015-03-17,27.6691519389,27.7856195052,27.4768587008,27.6354522705,28892000
2015-03-18,27.6413980828,28.0765406774,27.4317568421,28.0591945648,35324000
2015-03-19,27.9779151124,28.0988425696,27.8589708784,27.9357891083,24660000
2015-03-20,28.0864514909,28.1057789349,27.9759317096,27.9992237091,44320000
2015-03-23,28.0512635146,28.2316649755,27.9055561694,28.0200405121,30234000
2015-03-24,28.1771481454,28.8382855367,28.1548449203,28.6231937408,79156000
2015-03-25,28.6246768867,28.7485782186,28.1008224487,28.1008224487,53070000
2015-03-26,27.984356472,28.1102410339,27.6701432363,27.934299469,49842000
2015-03-27,27.8445927795,27.9556097768,27.6017472336,27.6324748993,34552000
2015-03-30,27.7662888636,27.8609485271,27.5948090898,27.8103961945,24788000
2015-03-31,27.6518049079,27.8753230318,27.489742121,27.491230011,34932000
2015-04-01,27.497674253,27.679559825,27.0615409876,27.2330207825,38902000
2015-04-02,27.1299353296,27.15917511,26.7844971764,26.8276157379,47760000
2015-04-06,26.7051990034,27.037255582,26.5495793267,26.9584541321,33718000
2015-04-07,27.0099984099,27.2662255494,26.9406139578,27.0035552979,27318000
2015-04-08,27.0600497417,27.3326341805,27.0600497417,27.2008018494,28386000
2015-04-09,27.2191425504,27.2270716614,26.8593321987,27.1601638794,32366000
2015-04-10,27.2369836429,27.2508605322,27.0095009682,27.1859359741,26104000
2015-04-13,27.1120917088,27.4203571641,27.0749209293,27.1908912659,29326000
2015-04-14,27.088303658,27.088303658,26.5515629474,26.7517871857,47206000
2015-04-15,26.6615860904,26.9207870983,26.3845417472,26.8142318726,46962000
2015-04-16,26.6809143091,27.0218906633,26.6685253093,26.9371433258,31722000
2015-04-17,26.6293717329,26.7527777427,26.2175249243,26.402879715,49234000
2015-04-20,26.4529357435,27.050141102,26.4331110756,26.987197876,38508000
2015-04-21,27.0754164165,27.147774753,26.8722182965,26.9074058533,29128000
2015-04-22,26.9143449393,27.3078549654,26.8281097113,27.2176551819,31806000
2015-04-23,27.2786128403,27.8118842752,27.2622573957,27.6280136108,78184000
2015-04-24,28.747588544,28.9780451049,28.1677293077,28.430896759,92168000
2015-04-27,28.3867889465,28.5230792887,27.8678896863,28.0572109222,48062000
2015-04-28,27.9679995019,28.1419578342,27.8014768375,27.9704780579,37178000
2015-04-29,27.7791762527,28.0433343867,27.7043412476,27.8227901459,33622000
2015-04-30,27.6825358561,27.8089157676,27.0957399762,27.1973381042,47240000
2015-05-01,27.2835688973,27.3187583435,26.9534955597,27.3157844543,36572000
2015-05-04,27.3073582753,27.5898531692,27.1289400495,27.3990459442,35260000
2015-05-05,27.2662249046,27.3876495835,26.8801486478,26.9133548737,28528000
2015-05-06,26.8935301561,26.9574640514,26.3781001102,26.5188522339,39034000
2015-05-07,26.5594896269,27.0204027336,26.4380668508,26.8637905121,31844000
2015-05-08,27.2022904038,27.3970621803,27.1606597374,27.2062549591,28226000
2015-05-11,27.1834556482,27.4253124202,27.0402268757,27.0491466522,21858000
2015-05-12,26.901952643,26.9093883112,26.5148857489,26.6997470856,35282000
2015-05-13,26.7859844292,26.9530024442,26.7121381991,26.7374153137,24238000
2015-05-14,26.9594459751,27.2429334519,26.8865923007,27.2186470032,31736000
2015-05-15,27.2776268395,27.2880345077,26.8865934457,27.0843391418,33440000
2015-05-18,26.9520104532,27.1760239078,26.8741996712,27.0932579041,26706000
2015-05-19,27.15917382,27.4268011727,27.115561818,27.222612381,47126000
2015-05-20,27.303887082,27.5591235124,27.0154444305,27.3826885223,30840000
2015-05-21,27.2682056228,27.6354497339,27.2236010673,27.5958003998,34170000
2015-05-22,27.479335452,27.6666753594,27.4377047816,27.4823093414,24266000
2015-05-26,27.3861601176,27.4233308969,26.9098841027,27.1190299988,37474000
2015-05-27,27.1928736961,27.5204684766,27.0887970289,27.4689254761,34844000
2015-05-28,27.4461304715,27.5437640333,27.2979445724,27.4654579163,23544000
2015-05-29,27.4168880556,27.4535635022,27.0124750393,27.0263519287,43446000
2015-06-01,27.1953517843,27.2865422272,26.9401153421,27.2191410065,33210000
2015-06-02,27.1309265739,27.6939350978,27.0873126783,27.4540615082,31842000
2015-06-03,27.5110526646,27.6542833394,27.3648499911,27.5204696655,26710000
2015-06-04,27.3663351083,27.553675002,27.2146799943,27.3420505524,26866000
2015-06-05,27.3574159497,27.4233311744,27.1284453835,27.2350006104,24396000
2015-06-08,27.2389671812,27.2518534053,26.9088938091,26.9351615906,27336000
2015-06-09,26.9321855345,27.002562538,26.7056935259,26.8697395325,30016000
2015-06-10,27.0451865794,27.4951967524,27.0159467985,27.3871536255,30316000
2015-06-11,27.4808190957,27.4976698726,27.2171563334,27.2602748871,25872000
2015-06-12,27.1170496608,27.2013016717,27.0417174279,27.1329097748,25468000
2015-06-15,26.8979896743,26.9634095681,26.7235378847,26.9113712311,27150000
2015-06-16,26.9847199505,27.0942471707,26.8404986179,27.0040473938,32526000
2015-06-17,27.0313107968,27.1770181554,26.8523972094,27.0897922516,24440000
2015-06-18,27.1591734311,27.6176080123,27.1591734311,27.56457901,41192000
2015-06-19,27.5814273918,27.6503165008,27.3703001765,27.6309871674,59290000
2015-06-22,27.7246612578,28.0319360613,27.6998794765,27.7380409241,34752000
2015-06-23,27.7434892139,27.9967443094,27.6126494446,27.9219074249,31396000
2015-06-24,27.8768121959,27.8847413073,27.5958032775,27.6830291748,28924000
2015-06-25,27.7687674419,27.9095195594,27.6280153245,27.652299881,26684000
2015-06-26,27.7395282785,27.7539005014,27.3499828087,27.4099502563,43676000
2015-06-29,27.0972228456,27.302899525,26.7745832703,26.824640274,37756000
2015-06-30,27.0149525839,27.0550972542,26.739891452,26.764673233,34510000
2015-07-01,26.9440823666,27.0506375979,26.750796573,26.926240921,30760000
2015-07-02,26.9976044908,27.1591719356,26.9396183793,27.1264629364,28124000
2015-07-06,26.8741998131,27.1879196083,26.8667660352,27.0412197113,25614000
2015-07-07,27.1309243216,27.3078546644,26.755255745,27.2597808838,33578000
2015-07-08,27.0402286695,27.1730497845,26.8221611048,26.8469409943,27662000
2015-07-09,27.1913878818,27.2027862148,26.9916589897,26.993144989,29766000
2015-07-10,27.4421634253,27.7187124396,27.357416089,27.5611095428,43436000
2015-07-13,27.7296171946,28.3907546013,27.6894725229,28.3352470398,41792000
2015-07-14,28.4725271867,29.2263428642,28.4561717416,28.9522724152,74832000
2015-07-15,28.9304651037,29.1757892067,28.7555161088,28.941368103,41466000
2015-07-16,29.215937371,29.9593454369,29.1376312525,29.8245410919,112642000
2015-07-17,33.7011652815,34.8410591491,33.6020457196,34.6735420227,257162000
2015-07-20,34.1462199221,34.5833419507,33.7888881193,34.3375205994,102436000
2015-07-21,33.9430205332,34.9699141782,33.9068423086,34.4619216919,75604000
2015-07-22,34.3959977088,35.3530113794,34.2770535008,34.4495239258,83100000
2015-07-23,34.2884549138,34.4976027006,33.2843579912,33.4399795532,76232000
2015-07-24,33.5410863661,33.5916368143,32.3719526966,32.4507522583,82622000
2015-07-27,32.2921557236,33.0603455068,32.2911650574,32.6242141724,58382000
2015-07-28,32.7971766319,32.9131488435,32.383346672,32.6930999756,34364000
2015-07-29,32.8219580877,32.8749889781,32.3550971938,32.7808227539,36756000
2015-07-30,32.5830774325,33.108913189,32.2981021079,32.9359474182,39606000
2015-07-31,32.9428883999,32.9577559555,32.5711843853,32.5860519409,34922000
2015-08-03,32.5939839432,33.0405248896,32.5939839432,32.9438819885,31348000
2015-08-04,32.9250430164,33.1064370144,32.7352283561,32.7733879089,26188000
2015-08-05,32.9949212942,33.6966985796,32.986496851,33.3686103821,36448000
2015-08-06,33.4033112517,33.4409754795,32.7461364581,33.2129974365,40660000
2015-08-07,33.095540902,33.1460913575,32.6539570178,32.927532196,27544000
2015-08-10,33.0613286531,33.2858392712,32.7213449522,32.8655662537,34458000
2015-08-11,34.6715657671,34.890624039,33.915271375,34.211643219,109880000
2015-08-12,34.4192966283,34.4941335243,33.7264427908,34.2696266174,58498000
2015-08-13,34.15712016,34.3964983934,33.8092072577,34.0238037109,36354000
2015-08-14,33.9013939559,34.3087809291,33.8448957226,34.1655502319,27598000
2015-08-17,34.0996257684,34.4316803952,33.8528137969,34.4004592896,24680000
2015-08-18,34.2497994341,34.4822354351,33.9648240942,34.1338272095,27710000
2015-08-19,34.2022275419,34.7022909768,34.0381815073,34.3969993591,50194000
2015-08-20,34.1521672918,34.5020615313,33.4672388064,33.6753921509,57798000
2015-08-21,33.2571005974,33.3487901612,31.8723798416,31.91847229,91880000
2015-08-24,29.7660568789,31.1081562068,29.3938556567,30.6338615417,129788000
2015-08-25,32.0393984299,32.0656624262,30.3146902669,30.3543395996,71430000
2015-08-26,31.8723755042,32.8328603262,31.2414705497,32.697063446,87740000
2015-08-27,33.3041867754,33.4028147931,32.2688686145,33.1044578552,58974000
2015-08-28,32.9954213198,33.0568766579,32.4002010553,32.6945915222,38836000
2015-08-31,32.4294467701,32.9285233444,32.0334600036,32.1063117981,38936000
2015-09-01,31.4119678354,31.9387962683,30.9783130866,31.201335907,51458000
2015-09-02,31.6196252408,31.96952141,31.2548596235,31.9620876312,37630000
2015-09-03,32.111757643,32.2762989851,31.4119634966,31.5725402832,34572000
2015-09-04,31.2082719763,31.4461623363,31.0496784029,31.1715965271,40478000
2015-09-08,31.7682983087,31.968522513,31.3668592341,31.9110336304,39092000
2015-09-09,32.307520755,32.5791107411,31.7633425543,31.8877429962,40978000
2015-09-10,31.9120260893,32.4571911823,31.8029923144,32.2678718567,27850000
2015-09-11,32.2247520029,32.4775079673,32.0859793515,32.4770126343,34892000
2015-09-14,32.493369862,32.5077420819,32.1895605665,32.3367576599,29942000
2015-09-15,32.5468945158,33.1485615892,32.3798765277,32.9612236023,35546000
2015-09-16,32.9850179514,33.1099099692,32.8189905941,32.9835319519,26252000
2015-09-17,33.0811597879,33.7997859897,32.9577537909,33.2883224487,47752000
2015-09-18,32.9607279453,33.197629512,32.7114392697,32.7555503845,72544000
2015-09-21,32.9830335353,33.1559993218,32.6108341824,33.0558853149,39094000
2015-09-22,32.5845683474,32.6514761337,31.9680336096,32.3729438782,54362000
2015-09-23,32.3580739245,32.7238301605,32.2505261413,32.3774032593,29160000
2015-09-24,32.1633007155,32.5498722684,31.8262889394,32.4576873779,38692000
2015-09-25,32.639579055,32.639579055,31.7018926585,31.7261772156,48480000
2015-09-28,31.6716614049,31.8599938704,30.6204831888,30.9381656647,47646000
2015-09-29,31.0001166098,31.4550819925,30.6299004592,30.8568878174,42130000
2015-09-30,31.3138310811,31.6845444145,31.1810099711,31.6379585266,52954000
2015-10-01,31.6166504552,31.9090596093,31.2786479635,31.8178653717,42506000
2015-10-02,31.6201210649,32.5612749047,31.3966029124,32.5607795715,48788000
2015-10-05,32.7892503659,33.3557261375,32.5052656994,33.2888183594,37960000
2015-10-06,33.1733467718,33.6416937311,32.8626027255,33.2868423462,42774000
2015-10-07,33.5723056807,33.6387181293,32.6162825277,33.2055587769,44354000
2015-10-08,33.1783018148,33.2992311603,32.4368750818,33.0568771362,39308000
2015-10-09,33.0811653383,33.4082629382,32.8269195244,33.2670173645,32124000
2015-10-12,33.1654169481,33.6010530033,33.0687740468,33.5242347717,26684000
2015-10-13,33.4166887448,34.1204474591,33.3596914051,33.8582725525,42446000
2015-10-14,33.8860226503,34.1987479698,33.6466444369,33.7214813232,31292000
2015-10-15,33.9613613768,34.4029452211,33.9187400376,34.346446991,47156000
2015-10-16,34.4644004064,34.5050404127,34.1521703617,34.46043396,36316000
2015-10-19,34.3950136427,34.7042716677,34.3062998574,34.6898994446,30172000
2015-10-20,34.5877990394,34.5932514842,33.3879360056,33.7011604309,52434000
2015-10-21,33.8602505665,33.9440072301,33.2402485848,33.2947654724,31952000
2015-10-22,33.4751725971,34.1001318321,33.2898158936,33.7576675415,88632000
2015-10-23,37.1733734622,37.2943028018,35.5814900671,35.6503791809,126726000
2015-10-26,35.6845769909,36.4245177075,35.6845769909,36.2346992493,48776000
2015-10-27,36.0091897404,36.4745645554,35.8887595393,36.3189430237,38778000
2015-10-28,36.3278716927,36.5444494644,36.0438870294,36.5221481323,39604000
2015-10-29,36.5077742713,37.0113086822,36.4349187191,36.9151611328,36520000
2015-10-30,36.9503508943,36.9875197816,36.5028193414,36.5454406738,39984000
2015-11-02,36.4037048907,37.0802052028,36.2510553118,37.0583992004,39914000
2015-11-03,36.9439107588,37.2546547815,36.7322862977,37.1119232178,36306000
2015-11-04,37.1654443696,37.6610497227,37.1307521461,37.4335670471,41840000
2015-11-05,37.6070262307,37.9807153399,37.540617567,37.6992111206,45486000
2015-11-06,37.6357749959,37.8156792182,37.4196887711,37.7453041077,33544000
2015-11-09,37.5926551345,37.8295566964,37.1262933507,37.4068031311,35538000
2015-11-10,37.3428713524,37.6957413601,37.091601348,37.5797691345,29798000
2015-11-11,37.7839646585,38.1160193751,37.653620194,37.9262046814,41866000
2015-11-12,37.6749287187,37.9534609695,37.4608275875,37.4940338135,35452000
2015-11-13,37.3706269252,37.4345589288,36.6485295393,36.6782684326,48188000
2015-11-16,36.6852006405,37.2551436932,36.3937822223,37.1912117004,50704000
2015-11-17,37.2928174259,37.4157281,36.8755162901,36.9711685181,38864000
2015-11-18,37.1490887667,37.7205216468,37.0410456562,37.6665000916,36266000
2015-11-19,37.6551072679,37.8260917439,37.5287292462,37.6630401611,28078000
2015-11-20,38.126919029,38.6235150361,37.8692059154,38.5085334778,55478000
2015-11-23,38.5318309397,38.8009442885,38.3355693709,38.4936676025,34648000
2015-11-24,38.3083167308,38.4584858741,37.5723423533,38.1432800293,47880000
2015-11-25,38.2453653645,38.3102918075,37.9896336004,38.1249351501,23612000
2015-11-27,38.1199863961,38.3598599924,38.0129339321,38.2592506409,14434000
2015-11-30,38.2542910938,38.4109033331,37.7215168174,37.807258606,33586000
2015-12-01,38.0099570033,38.9050201484,37.9608925574,38.8450508118,40398000
2015-12-02,38.9174137364,39.3039853329,38.48028791,38.5506668091,46876000
2015-12-03,38.6849711989,38.8792476497,37.7874313894,38.0724029541,41950000
2015-12-04,38.1472375229,38.7771499503,37.9390841954,38.6180610657,49800000
2015-12-07,38.6601926033,38.7067803874,37.9990551913,38.309803009,36626000
2015-12-08,37.8890295301,38.5903115918,37.7909006335,38.4163551331,31082000
2015-12-09,38.2161293449,38.46343669,37.270016632,37.7923851013,46550000
2015-12-10,37.8439293859,37.9668400569,37.4182038168,37.6679878235,32458000
2015-12-11,37.120836597,37.5391283347,37.103488597,37.1912117004,43184000
2015-12-14,37.2328471738,37.8716831946,36.4894391503,37.7918891907,53864000
2015-12-15,38.0520818223,38.3970227133,37.5668860428,37.6704673767,49386000
2015-12-16,37.9916203553,38.7315610912,37.5198060919,38.4882164001,53120000
2015-12-17,38.7147093421,38.7360200109,38.1269228314,38.1531906128,36510000
2015-12-18,38.0243308863,38.3667951374,37.4970052863,37.50989151,67794000
2015-12-21,37.8171722385,37.9807229368,37.3760837112,37.7056617737,34848000
2015-12-22,37.8776339449,38.1784637534,37.7254834841,38.0193748474,36338000
2015-12-23,38.195807853,38.2557771877,37.5495380698,38.08776474,30594000
2015-12-24,38.0882616378,38.1219631954,37.8835794081,37.9554405212,10412000
2015-12-28,38.1616100047,38.7969748816,38.0491088968,38.7682304382,31156000
2015-12-29,39.0036467247,39.5835078955,38.964496501,39.3490867615,38430000
2015-12-30,39.3490919505,39.4729933123,39.0140614278,39.1676979065,28566000
2015-12-31,39.0447763544,39.0700534654,38.5243930479,38.5585899353,32752000
2016-01-04,37.7750398168,37.7750398168,37.0484806907,37.6382522583,67382000
2016-01-05,37.8692128339,38.1219688815,37.4504256393,37.7418403625,45216000
2016-01-06,37.1887405902,37.9499881831,37.0712823622,37.6328010559,48206000
2016-01-07,36.9964467411,37.433568777,36.4408720256,36.724357605,63132000
2016-01-08,37.0613679021,37.1763494639,36.1256647484,36.2242927551,47506000
2016-01-11,36.2758370418,36.4309632862,35.6617827387,36.3313446045,50896000
2016-01-12,36.7119742072,37.0881400953,36.4978730343,36.9394569397,46816000
2016-01-13,37.1376931591,37.3190871811,35.5240036513,35.6622772217,51728000
2016-01-14,35.9036318472,36.6693411575,34.9401749861,36.2480773926,55558000
2016-01-15,35.1874832356,35.8897559002,34.7672101258,35.2122650146,76676000
2016-01-19,35.6910199373,35.9487368437,35.1805470181,35.6379890442,48724000
2016-01-20,34.9847774135,36.0280282665,34.0867423361,35.6122169495,82440000
2016-01-21,35.6920120858,36.5593215076,35.2429944852,36.0141563416,51938000
2016-01-22,36.773920431,37.0990404885,36.6995826434,36.945400238,47146000
2016-01-25,36.8651031378,37.2923146316,36.3030854397,36.3585929871,45340000
2016-01-26,36.4374061832,36.6480362079,36.0290247957,36.3670272827,30940000
2016-01-27,36.4711023326,36.4711023326,35.3589660208,35.5636520386,42428000
2016-01-28,36.5850970655,37.2278958511,36.2089312162,37.0861549377,62104000
2016-01-29,37.1188559828,37.9192574747,36.88294511,37.7329101562,75808000
2016-02-01,38.2240621789,38.5377820033,37.7344045532,38.1997795105,111522000
2016-02-02,39.673214734,40.1613863672,38.6869572419,38.7023239136,135846000
2016-02-03,38.9684642994,39.2237008023,36.4894463961,37.1396827698,131114000
2016-02-04,36.9022814014,36.9344969616,35.8124463935,36.1806793213,104922000
2016-02-05,35.956174933,36.0166358301,34.6993180382,34.8787269592,109556000
2016-02-08,34.0817928962,34.916395279,33.8007839535,34.8985519409,89410000
2016-02-09,34.3429743971,35.7311663268,34.122430151,34.7429275513,84300000
2016-02-10,35.2766910097,35.8431667635,34.9595039118,35.0318603516,60314000
2016-02-11,34.5109875547,35.3029647676,34.2557510777,35.0075836182,65004000
2016-02-12,35.297512547,35.4853459048,34.770682252,35.0338516235,46538000
2016-02-16,35.6166749815,35.8263180872,35.1968972183,35.566619873,43444000
2016-02-17,36.0305082698,36.3655387344,35.5155773543,36.2768249512,49154000
2016-02-18,36.3754536159,36.4765545101,35.4630424349,35.5601806641,47276000
2016-02-19,35.4803826131,35.8833114878,35.3426043963,35.7881546021,34918000
2016-02-22,36.1548958128,36.4195510962,35.8545614292,36.1320991516,37516000
2016-02-23,35.9859087689,36.2237972459,35.4689926943,35.5492782593,41332000
2016-02-24,35.2182062327,35.7440457474,34.7924844926,35.7281837463,37092000
2016-02-25,35.8287930314,36.154899892,35.3480552929,36.1355743408,36146000
2016-02-26,36.357605414,36.4844787384,35.7797294479,35.924446106,42474000
2016-02-29,35.7331487247,36.2089294568,35.526976696,35.5458106995,45068000
2016-03-01,35.7480136378,36.7902739292,35.6161831854,36.7823448181,60112000
2016-03-02,36.8170374224,36.8294245317,36.3402622731,36.6490249634,36292000
2016-03-03,36.6490290119,36.7243612483,36.1608573656,36.2579956055,40534000
2016-03-04,36.4170851647,36.4269956087,35.9621160055,36.1900978088,48516000
2016-03-07,35.9388169085,36.0409122324,34.9471110063,35.3267440796,61690000
2016-03-08,35.1081891542,35.7950990205,34.890620684,35.3629302979,52530000
2016-03-09,35.444208814,35.9928450843,35.3198121369,35.9517097473,39544000
2016-03-10,36.0696624455,36.5033171389,35.8466415442,36.2867393494,44616000
2016-03-11,36.6723205312,36.9176427682,36.511246518,36.9161567688,35380000
2016-03-14,36.92111631,37.3815341502,36.8561898549,37.1823005676,32824000
2016-03-15,36.9731490184,37.319579699,36.8155461239,37.1986503601,29832000
2016-03-16,37.1233190034,37.6164476994,36.9969409974,37.5351676941,29306000
2016-03-17,37.5495400181,37.9306591507,37.5351677954,37.590675354,44564000
2016-03-18,37.7467858241,37.7720591524,37.2605956545,37.4385185242,56222000
2016-03-21,37.3641831539,37.831539402,37.233343369,37.773059845,28774000
2016-03-22,37.5886973169,37.9138135862,37.5609435351,37.6684875488,22096000
2016-03-23,37.8320349627,37.9331396366,37.4692507175,37.5450782776,24678000
2016-03-24,37.2298749462,37.5450769515,37.1951827232,37.4102745056,31116000
2016-03-28,37.4761851008,37.5817515424,37.2715028908,37.3329582214,21676000
2016-03-29,37.3527855541,38.0218558626,37.0856573013,37.9579200745,40062000
2016-03-30,38.0728949627,38.5238976082,38.041673855,38.0793380737,40396000
2016-03-31,38.0793391901,38.1160127438,37.5792720885,37.8097305298,32554000
2016-04-01,37.5252503074,38.1635871121,37.4281083168,38.1452522278,31674000
2016-04-04,38.1373262972,38.282542086,37.7547211673,37.919757843,26924000
2016-04-05,37.5733325483,37.8082490151,37.4479414223,37.5951385498,24478000
2016-04-06,37.5589543539,38.0833079327,37.4826314623,38.0659599304,25312000
2016-04-07,37.9296720727,38.1298963255,37.5421097917,37.6719589233,25498000
2016-04-08,37.9569271216,38.0193731254,37.456368425,37.6397399902,23434000
2016-04-11,37.9361143227,38.0238374462,37.5341798267,37.544090271,31774000
2016-04-12,37.5882016553,37.9098468085,37.2482140505,37.8801116943,27388000
2016-04-13,38.1769803094,38.4465890232,37.8934947043,38.2562789917,35426000
2016-04-14,38.427263085,38.6378931181,38.3212012875,38.4287490845,26992000
2016-04-15,38.434194236,38.7033075628,38.4059413447,38.6572151184,31712000
2016-04-18,38.6666331108,39.080962246,38.5387691061,39.0378417969,33540000
2016-04-19,39.1776099324,39.1999112688,38.1749988678,38.471370697,43952000
2016-04-20,38.6155912063,38.6403729892,38.2245578128,38.4054527283,34262000
2016-04-21,38.5238986783,38.7404764495,38.2384280163,38.6572151184,77628000
2016-04-22,36.8685785601,37.3646792639,36.1975307333,36.5642776489,140798000
2016-04-25,36.444344641,36.9166542546,36.4319537498,36.7843284607,49442000
2016-04-26,36.8938497651,36.951833981,35.699439198,35.94972229,55864000
2016-04-27,35.9472516276,36.0379467551,35.1423881431,35.7559509277,66262000
2016-04-28,35.8466409431,36.1425174008,34.8509684527,34.9431495667,62590000
2016-04-29,34.8965651061,35.2925517835,34.879712437,35.0829124451,58278000
2016-05-02,35.2831453267,35.4561111519,35.007588806,35.4065513611,33476000
2016-05-03,35.3118830881,35.3549997576,35.0556559553,35.1106681824,38620000
2016-05-04,35.0279004402,35.4382593426,34.8930942115,35.2558784485,34172000
2016-05-05,35.4357780128,35.5621559998,35.1607169273,35.4214057922,29668000
2016-05-06,35.2970098513,35.9804484668,35.2846189627,35.9403038025,39952000
2016-05-09,36.0156400598,36.3918058533,35.8570464982,36.1360740662,38074000
2016-05-10,36.4250190279,36.6748030843,36.2589916569,36.644077301,32634000
2016-05-11,36.7005746665,36.7144515582,36.0751200928,36.2064552307,29834000
2016-05-12,36.2783098373,36.4453316219,35.895209385,36.0835380554,27094000
2016-05-13,36.0116721427,36.2431174491,35.8575366016,35.922958374,25244000
2016-05-16,35.8976856823,36.3120110216,35.6835845681,36.1940574646,22538000
2016-05-17,36.2317265991,36.4691197198,35.5844661243,35.6930007935,33404000
2016-05-18,35.6092410002,35.9596343196,35.4367705629,35.7718009949,32536000
2016-05-19,35.5993291248,35.7083628943,35.2033387108,35.4511413574,30598000
2016-05-20,35.5081436447,36.0652005632,35.4362787497,35.7683334351,34798000
2016-05-23,35.6825961842,35.8570479748,35.5319317274,35.5472946167,24816000
2016-05-24,35.6761526941,36.3873451867,35.6662384693,36.3293609619,37884000
2016-05-25,36.4269910023,36.6693412171,36.3080467842,36.5806274414,32216000
2016-05-26,36.4765477878,36.7293075389,36.3278684728,36.5226402283,27202000
2016-05-27,36.5513930932,37.0668231561,36.5266113111,37.0514602661,34802000
2016-05-31,37.108945356,37.3428711381,36.9508471307,37.113407135,42484000
2016-06-01,37.0945695823,37.2382955716,36.8898835972,37.0940742493,20788000
2016-06-02,36.9771201433,37.0365941541,36.5261174028,36.8864250183,33916000
2016-06-03,36.7486512011,36.7486512011,36.3729806498,36.4696235657,24608000
2016-06-06,36.6004511803,36.6004511803,36.0944400976,36.1821594238,29992000
2016-06-07,36.3412546313,36.511739965,36.2188392952,36.2332115173,24314000
2016-06-08,36.6500211365,36.8636269623,36.4651635423,36.8200149536,32314000
2016-06-09,36.5295862211,36.8695700306,36.5013371076,36.7996902466,19180000
2016-06-10,36.4740754601,36.6569516822,36.2044667915,36.3372879028,29050000
2016-06-13,36.1702702343,36.6252355758,36.1702702343,36.2723655701,23354000
2016-06-14,36.1449962364,36.4765556039,36.0057320003,36.3402633667,26584000
2016-06-15,36.4230327878,36.5335525873,36.2441191967,36.2877349854,23234000
2016-06-16,36.0780853347,36.1985193387,35.4625451025,35.8942184448,45002000
2016-06-17,35.752469608,35.752469608,34.747877484,34.9030036926,82262000
2016-06-20,35.2033441698,35.4789006346,34.9604985971,34.996181488,45654000
2016-06-21,35.1904572158,35.4546172321,34.9233289821,35.1324729919,30318000
2016-06-22,35.3886969285,35.3966260388,34.9837867205,35.2112693787,29058000
2016-06-23,35.2152392389,35.4298356957,34.7047663197,35.4293403625,42500000
2016-06-24,34.2051904015,34.9401739139,33.9445015277,33.9588737488,95436000
2016-06-27,33.8245753334,33.8662060081,33.3373943478,33.7576675415,58146000
2016-06-28,34.2646725694,34.3325710265,33.9415376226,34.2592201233,38246000
2016-06-29,34.4079022651,34.6675967459,34.3295942512,34.4539909363,43124000
2016-06-30,34.5759101269,34.8792203871,34.4396178869,34.8673248291,42250000
2016-07-01,34.9451305484,35.3133634086,34.8772321085,35.2003669739,30984000
2016-07-05,34.9406706785,35.0948024521,34.6492560185,34.9347229004,28440000
2016-07-06,34.6844474777,35.3366650953,34.6428168073,35.1369361877,28902000
2016-07-07,35.1934382368,35.196410236,34.7255865865,35.0521888733,21174000
2016-07-08,35.2157279274,35.5795027702,35.0943032751,35.5735549927,29946000
2016-07-11,35.6548358686,36.1261547071,35.6275774268,36.0404167175,28822000
2016-07-12,36.2743528996,36.4567338203,36.0552946364,36.3035926819,26468000
2016-07-13,36.4527670735,36.4527670735,36.1306228274,36.1534194946,20436000
2016-07-14,36.3744593887,36.4834931758,36.2084320423,36.4666442871,21408000
2016-07-15,36.7243513369,36.7243513369,36.4091455851,36.4582138062,32342000
2016-07-18,36.571218242,37.4251461342,36.5018337886,37.3289985657,38698000
2016-07-19,37.1639550299,37.4970003453,37.0955612554,37.3394012451,30436000
2016-07-20,37.3711207091,37.697726721,37.3711207091,37.5212898254,22502000
2016-07-21,37.5173211194,37.5743184535,37.2457311289,37.388961792,19062000
2016-07-22,37.5331794784,37.6387421306,37.3022257283,37.630317688,20920000
2016-07-25,37.5510237456,37.6570855253,37.3721101902,37.543094635,21466000
2016-07-26,37.5430945474,37.6293316598,37.3066921049,37.5495376587,23792000
2016-07-27,37.6149620164,37.8865520326,37.4642975617,37.7636413574,32172000
2016-07-28,38.104123641,38.1105667526,37.6209053924,37.9554405212,73464000
2016-07-29,39.5349317383,39.8436905996,39.1528182115,39.2192306519,101810000
2016-08-01,38.9877814192,40.0196320002,38.9069967583,39.6950111389,60594000
2016-08-02,39.5160996181,39.7634069438,39.3773307343,39.6543731689,39928000
2016-08-03,39.473481147,39.6256315972,39.3024966951,39.5949020386,29206000
2016-08-04,39.5611989961,39.6583372183,39.3470978848,39.512134552,21520000
2016-08-05,39.6538836561,40.0062583625,39.5398927526,39.9918861389,36146000
2016-08-08,39.9457942938,40.0250929724,39.7321884884,39.9076347351,24426000
2016-08-09,39.8709581641,40.3090746751,39.8496474946,40.0191459656,32154000
2016-08-10,39.9978290177,40.1876436809,39.9700752403,40.0691947937,18370000
2016-08-11,40.1673259445,40.3363290653,39.9457910455,40.0548248291,25646000
2016-08-12,39.9006912152,40.0047678817,39.8288263242,39.9978294373,17946000
2016-08-15,40.0057639992,40.2114406949,39.8481610881,39.943813324,18596000
2016-08-16,39.8218913576,39.8595593628,39.4997471058,39.707408905,21158000
2016-08-17,39.6484313761,39.9274589664,39.4650560198,39.917049408,21322000
2016-08-18,39.914071334,40.0449111074,39.7292100063,39.7847175598,17292000
2016-08-19,39.6380190722,39.7093886334,39.4938015127,39.6310806274,22416000
2016-08-22,39.5745860572,39.6137400638,39.3674233615,39.4972724915,17056000
2016-08-23,39.6722139672,39.6979864125,39.4496884129,39.4794235229,18350000
2016-08-24,39.4928110004,39.5721096805,39.1904913995,39.3312454224,25672000
2016-08-25,39.251946866,39.3867531102,39.0155443868,39.2172546387,24054000
2016-08-26,39.2762302232,39.6186944715,39.1235844348,39.3124084473,24978000
2016-08-29,39.3039822133,39.5750768862,39.1686806528,39.4412651062,15474000
2016-08-30,39.2955566552,39.5493071,39.1265535426,39.2479782104,23348000
2016-08-31,39.1330024802,39.2306360496,39.0140582412,39.1453933716,21428000
2016-09-01,39.2509505598,39.2960523395,38.9709361153,39.2222061157,26070000
2016-09-02,39.4140065026,39.5047016153,39.3143878317,39.4933013916,26998000
2016-09-06,39.568635585,40.1881422974,39.4219375752,40.0459060669,39790000
2016-09-07,40.0414425552,40.1737683362,39.8327938832,40.044418335,22906000
2016-09-08,39.9071342773,40.065727833,39.6984818303,39.7891769409,23554000
2016-09-09,39.5874654856,39.7351579275,39.0561772799,39.0774879456,37752000
2016-09-12,38.8812272291,39.6568469226,38.8306730099,39.5899429321,37274000
2016-09-13,39.3515608838,39.4397793318,38.8718137554,39.0893859863,36180000
2016-09-14,39.0304014207,39.4665364828,39.0304014207,39.1756134033,25842000
2016-09-15,39.1533187032,39.8293236266,39.086410921,39.7093887329,31144000
2016-09-16,39.5998612735,39.5998612735,39.3322339147,39.5478210449,42612000
2016-09-19,39.7034417829,39.8461771275,39.3292610902,39.4199562073,22990000
2016-09-20,39.6484361734,39.784728429,39.56219904,39.6375312805,20984000
2016-09-21,39.7108776473,39.9413361224,39.4516747247,39.8977203369,26970000
2016-09-22,40.1440370665,40.593054678,40.0305452761,40.4389228821,35186000
2016-09-23,40.3987703926,40.4909514962,40.2793308463,40.3898506165,28234000
2016-09-26,40.1351088694,40.147995091,39.6707246842,39.7797584534,29454000
2016-09-27,39.7391216705,40.3169976691,39.7391216705,40.1802101135,27346000
2016-09-28,39.8506314023,40.1564220647,39.7862040715,40.1470031738,29406000
2016-09-29,40.0067528599,40.3378168906,39.6910517188,39.7792701721,27000000
2016-09-30,39.8268432279,40.0493687731,39.722766566,39.8496398926,33204000
2016-10-03,39.7748032103,39.8238676525,39.4615825568,39.6672592163,29784000
2016-10-04,39.8962303165,39.9705718746,39.632074089,39.7867012024,25174000
2016-10-05,39.9457911885,40.0696925283,39.6836162863,39.7093887329,24276000
2016-10-06,39.8506309425,39.9928709391,39.6737025061,39.801071167,21998000
2016-10-07,39.9423242109,39.942819544,39.490826182,39.6836166382,23262000
2016-10-10,39.8431994755,40.509789271,39.7594428072,40.3507003784,29922000
2016-10-11,40.350704469,40.6327040606,40.0136926482,40.1227264404,34432000
2016-10-12,40.2411694127,40.3670520758,40.0721700846,40.231754303,18158000
2016-10-13,39.9492673632,39.9735500324,39.5800399626,39.8506393433,27380000
2016-10-14,40.0176569687,40.1484967562,39.7634111719,39.8764076233,22238000
2016-10-17,39.9452969402,40.3170009696,39.8382482669,39.9874229431,21128000
2016-10-18,40.3526828078,41.0762661791,40.3090708066,40.7134857178,45786000
2016-10-19,40.7823722917,41.1253318447,40.7823722917,40.9786300659,30002000
2016-10-20,41.0143160022,41.0594177844,40.6668984256,40.7204246521,27878000
2016-10-21,40.6396397447,40.8522548688,40.5558830737,40.8408546448,32316000
2016-10-24,41.1397052484,41.5287534765,41.0876650237,41.419719696,28952000
2016-10-25,41.5565099379,41.5565099379,40.9023109942,41.0633850098,37814000
2016-10-26,40.9925143839,41.0217579471,40.4587494051,40.7437210083,35898000
2016-10-27,40.7888181688,40.9657466212,40.3725076982,40.5083045959,59470000
2016-10-28,41.1322792549,41.5812969034,40.4909626737,40.6178398132,87098000
2016-10-31,40.7600727934,40.7699870188,40.0449175934,40.1390800476,44854000
2016-11-01,40.1871530872,40.3402979955,39.5621939066,39.9200210571,47118000
2016-11-02,39.9834562772,39.9834562772,38.9050178542,39.0745162964,47014000
2016-11-03,38.8802447947,39.1528292959,38.5893254031,38.7657623291,43504000
2016-11-04,38.2260360909,39.0774871605,38.2111685366,38.711730957,39412000
2016-11-07,39.3981500058,39.8962320383,39.296549998,39.7490386963,39852000
2016-11-08,39.7490434474,40.4433833523,39.6296000895,40.2421684265,35382000
2016-11-09,39.7391173179,40.2287748181,39.2539215963,39.9254646301,61970000
2016-11-10,40.1440366615,40.1470086603,38.0738919758,38.6715927124,118192000
2016-11-11,38.4991152555,38.5229025857,37.9405686259,38.2483406067,71852000
2016-11-14,38.2488369455,38.2498276116,36.8527161108,37.3299827576,73766000
2016-11-15,37.9370969187,38.6691084171,37.9247098113,38.417339325,58878000
2016-11-16,38.1824315241,38.8306827284,37.9797306074,38.6562309265,35968000
2016-11-17,38.7811189268,39.0983060507,38.6497838106,38.9625091553,30674000
2016-11-18,39.0125645059,39.2167513824,38.4267594243,38.457485199,36126000
2016-11-21,38.5630526125,38.981839755,38.4738434947,38.895111084,32616000
2016-11-22,39.1027692392,39.3396670339,38.8425756629,38.9050216675,27884000
2016-11-23,39.1290361941,39.1290361941,38.2929479232,38.6076583862,26260000
2016-11-25,38.7865708068,38.8009430291,38.5675125781,38.6686172485,12270000
2016-11-28,38.5754436898,39.6355435507,38.5630527993,38.9441757202,51508000
2016-11-29,39.0725369158,39.4719947438,38.921872452,39.1250724792,31240000
2016-11-30,39.1082191622,39.2276587181,38.3177280406,38.4530258179,45582000
2016-12-01,38.5853608266,38.5878374924,37.3369284102,37.880607605,57342000
2016-12-02,37.7601696737,38.1863905416,37.6164436805,37.8870429993,34376000
2016-12-05,38.1616208763,38.6572263422,38.0114517244,38.5690078735,33770000
2016-12-06,38.6666375784,38.9189020663,38.3261584119,38.4678993225,34682000
2016-12-07,38.6547361666,39.2519376706,38.3365546345,39.2256736755,40588000
2016-12-08,39.299029343,39.5988722742,39.04924531,39.4090538025,32250000
2016-12-09,39.6137363773,40.141557293,39.5517857076,40.1167755127,38090000
2016-12-12,39.8873055626,40.2109357523,39.8729333421,40.0399513245,32572000
2016-12-13,40.2624849111,40.8527518598,40.2401835763,40.4086875916,42564000
2016-12-14,40.4374349494,40.8507696483,40.2818133803,40.535068512,35994000
2016-12-15,40.5088005306,40.7883234414,40.2431545097,40.4240531921,35394000
2016-12-16,40.5558862339,40.5999935719,40.0508619402,40.1361083984,51978000
2016-12-19,40.1083562712,40.4523065549,39.8714546713,40.2679405212,25272000
2016-12-20,40.3110497326,40.4656806223,40.1935915114,40.4017448425,25438000
2016-12-21,40.4275187986,40.4275187986,39.9011876729,40.2530670166,29192000
2016-12-22,40.0994370082,40.1970705818,39.9472827538,40.1281814575,22632000
2016-12-23,40.045409405,40.1921074099,39.9016833988,40.0349998474,15310000
2016-12-27,40.0786094846,40.4413937012,39.9358779342,40.1405601501,19520000
2016-12-28,40.3090737607,40.3090737607,39.7693610272,39.8749237061,24296000
2016-12-29,39.7639021399,39.9333967984,39.5562441479,39.7911605835,21148000
2016-12-30,39.8075235057,39.8114899524,39.1339951484,39.2742538452,34718000
2017-01-03,39.6791585783,40.2154039949,39.4943009971,40.0454139709,39180000
2017-01-04,40.1385794476,40.3140256711,39.8521218949,40.0335121155,30306000
2017-01-05,40.02012988,40.3293878741,39.9418256606,40.2937049866,26810000
2017-01-06,40.3913435745,41.0837058708,40.218377779,40.8978538513,40342000
2017-01-09,40.9553387309,41.1565536204,40.7199269522,40.9954833984,28178000
2017-01-10,40.9900317435,41.1060039693,40.7952599616,40.9374961853,23948000
2017-01-11,40.9677286428,41.1302848602,40.7124922029,41.1283035278,26508000
2017-01-12,41.0549525859,41.1540759195,40.6896917039,41.1119499207,26990000
2017-01-13,41.1847995435,41.3656944187,41.1114524398,41.1818275452,25804000
2017-01-17,41.1352401103,41.1441598865,40.7982283533,41.0093574524,28818000
2017-01-18,41.1253324047,41.1258277378,40.8418430674,41.0866737366,20554000
2017-01-19,41.0856842181,41.2839271141,40.835900211,40.8562164307,21410000
2017-01-20,41.0901413664,41.0975789252,40.8676158094,41.0445480347,26124000
2017-01-23,41.2150379248,41.905415056,41.0708165869,41.850402832,49148000
2017-01-24,41.9767828829,42.2017889018,41.7438477528,42.1031646729,33768000
2017-01-25,42.3024005372,42.5620950139,42.1135727323,42.5452461243,33108000
2017-01-26,42.5749722508,42.6716151321,42.1522225073,42.4723815918,69866000
2017-01-27,42.5725006495,42.9689826638,41.7250159482,41.8801383972,75050000
2017-01-30,41.4851451022,41.4935695467,40.6906874597,40.829460144,70338000
2017-01-31,40.6148585894,40.7917908259,40.312539011,40.649055481,40404000
2017-02-01,40.8378823219,40.8378823219,40.2555445128,40.4037322998,45020000
2017-02-02,40.3918363862,40.8656357403,40.2456337141,40.553401947,33784000
2017-02-03,40.794763128,40.9434424577,40.6074213495,40.6460800171,30562000
2017-02-06,40.6852365176,40.7580882971,40.3566491666,40.7199287415,27018000
2017-02-07,40.9122264716,41.2304042851,40.8026973476,41.0970840454,33332000
2017-02-08,41.1615109061,41.3458769089,40.8928929032,41.1292953491,26044000
2017-02-09,41.2209762878,41.233367176,40.9617772064,41.1382102966,23884000
2017-02-10,41.281444131,41.4895974575,41.1605185809,41.3756103516,28302000
2017-02-13,41.5168577742,41.7170857805,41.4449966635,41.5793075562,25914000
2017-02-14,41.6194456262,41.729965398,41.4241785264,41.6323318481,27266000
2017-02-15,41.5718702451,41.7185720284,41.4435109112,41.4980278015,27144000
2017-02-16,41.556506356,41.764164355,41.4950510226,41.7383956909,20102000
2017-02-17,41.6957728024,41.9748003738,41.619945243,41.9554710388,29224000
2017-02-21,42.0268419543,42.2354906373,41.9554723906,42.0902786255,25206000
2017-02-22,42.0273326242,42.3142855029,41.9633968458,42.1938552856,24488000
2017-02-23,42.1799842076,42.2563071046,41.7547539377,42.1760177612,27734000
2017-02-24,42.0099885219,42.0451760794,41.7775487282,42.0179176331,26924000
2017-02-27,41.8761740146,42.1596595696,41.7800264589,42.1100997925,20206000
2017-02-28,41.9951217843,42.0684726805,41.7022173135,41.8751831055,27662000
2017-03-01,42.1948495559,42.522941576,42.0778866602,42.4609909058,36374000
2017-03-02,42.4391853438,42.4481089032,42.0630232868,42.1190261841,25018000
2017-03-03,42.0739216929,42.1670972587,41.8642823416,42.0808601379,20100000
2017-03-06,41.9708375288,42.073923543,41.6888379345,41.9911575317,20958000
2017-03-07,41.9906621356,42.291495733,41.9044287924,42.1834526062,20774000
2017-03-08,42.2810856143,42.4699134171,42.1884091601,42.3068580627,20576000
2017-03-09,42.3093341293,42.6572470229,42.2587799039,42.515007019,26954000
2017-03-10,42.755868489,42.8316960411,42.5036078361,42.6919364929,26732000
2017-03-13,42.6632004013,42.9754304469,42.6627050682,42.8490524292,23332000
2017-03-14,42.8079103234,42.9977287678,42.6285014362,42.9149627686,21234000
2017-03-15,43.015567168,43.1117147203,42.6864845122,43.0378684998,26658000
2017-03-16,43.1439359328,43.2519790553,42.9947574729,43.1176681519,22090000
2017-03-17,43.3000453466,43.3367226826,43.036879789,43.2351226807,37366000
2017-03-20,43.0918965739,43.1345179116,42.8535127705,43.014087677,30844000
2017-03-21,43.1206365678,43.2896396827,42.0119676645,42.133392334,50760000
2017-03-22,42.1006846271,42.3916077665,41.977773949,42.1165466309,27334000
2017-03-23,41.6997396203,41.7146071762,41.2839282634,41.6135025024,65754000
2017-03-24,41.7299756023,41.8290989568,41.0906479264,41.3899917603,42114000
2017-03-27,41.0405823392,41.6992430266,40.8527490012,41.5570030212,38692000
2017-03-28,41.6154834513,41.8984736619,41.2477421307,41.662071228,30384000
2017-03-29,41.7671441583,42.2052568641,41.699245707,42.1200141907,29146000
2017-03-30,42.2245826395,42.2255733057,41.9663741942,42.1006813049,18988000
2017-03-31,41.9693517524,42.1046533284,41.8905521872,42.0174255371,28820000
2017-04-03,42.0645051037,42.572501356,42.0040404328,42.4609909058,39388000
2017-04-04,42.0273341391,42.2751368079,42.0030476928,42.2538261414,26970000
2017-04-05,42.3598893248,42.6513040285,42.0035481663,42.0724372864,37104000
2017-04-06,42.1016658885,42.3043705297,41.8290852605,41.8836021423,30672000
2017-04-07,41.8786541434,41.9222661459,41.4970396688,41.7349281311,22232000
2017-04-10,41.7071702242,41.9648871109,41.6700013373,41.7150993347,20924000
2017-04-11,41.7151044196,41.8603164346,41.3632250493,41.6249046326,19486000
2017-04-12,41.5545296095,41.815218527,41.511412939,41.703212738,22716000
2017-04-13,41.6823918433,41.8157120764,41.5242973918,41.6397705078,21474000
2017-04-17,41.699245577,42.4059800869,41.6818975738,42.3807029724,20982000
2017-04-18,42.2523424042,42.4927113298,42.1884103955,42.3242073059,18724000
2017-04-19,42.4927010452,42.6319652541,42.3013966174,42.4490890503,21606000
2017-04-20,42.6091734846,42.8168314891,42.4981583712,42.6260261536,23776000
2017-04-21,42.6527847689,42.7429883281,42.5095578816,42.5700187683,23458000
2017-04-24,43.040349893,43.6112874414,42.9248730048,43.5602378845,33930000
2017-04-25,43.7252771032,44.220387126,43.5775884314,44.0513877869,40760000
2017-04-26,44.1777641067,44.2570627756,43.8685061042,44.0662536621,26466000
2017-04-27,44.1088710457,44.2763843642,43.9691115027,44.1802368164,46846000
2017-04-28,46.0417361843,46.3837012928,45.7552748499,45.8197059631,76918000
2017-05-01,45.8013679865,46.379739328,45.6353406512,46.2310562134,46556000
2017-05-02,46.2533610258,46.735089474,46.1408561338,46.4426803589,35026000
2017-05-03,46.3911381686,47.0924163769,46.3495075027,47.0056877136,36496000
2017-05-04,47.0968831916,47.5354950104,46.9521665118,47.3164367676,38752000
2017-05-05,47.4155544153,47.5008008662,46.9883428382,47.0963859558,32310000
2017-05-08,46.956138074,47.6271859846,46.9536576269,47.5131988525,37534000
2017-05-09,47.64403059,47.6871472571,47.3005756901,47.415058136,33758000
2017-05-10,47.3907776639,47.4150603306,47.0745811948,47.3223838806,22920000
2017-05-11,47.1464421496,47.4785006211,47.0136210297,47.374420166,20622000
2017-05-12,47.4715568265,47.4779961564,47.1846001699,47.3372459412,24298000
2017-05-15,47.3446874276,47.7119296942,47.2222720783,47.5394592285,26754000
2017-05-16,47.754059252,47.8705230406,47.5954656777,47.8065910339,22030000
2017-05-17,47.5632379632,47.6271699535,46.5898669828,46.694442749,48982000
2017-05-18,46.7454910188,47.289665418,46.6498388041,47.1072845459,36010000
2017-05-19,47.2222702748,47.5563100828,47.181630271,47.3129653931,27206000
2017-05-22,47.4294337484,47.8169997904,47.4076277467,47.7798271179,27748000
2017-05-23,48.0717428849,48.2972404702,47.8011397327,48.100982666,30908000
2017-05-24,48.334410577,48.4761514766,48.154506339,48.4508781433,22660000
2017-05-25,48.5197733928,49.3514000179,48.4612900451,49.157119751,39082000
2017-05-26,49.1640484456,49.3816206731,48.9340891095,49.2269935608,32728000
2017-05-30,49.188834337,49.4425848078,49.1323361098,49.3707199097,30324000
2017-05-31,49.3727010467,49.5407097155,48.6525850301,48.9207077026,34482000
2017-06-01,49.1125046051,49.2205477132,48.633252844,48.980178833,26128000
2017-06-02,48.995050341,49.3860836919,48.9197181154,49.3682403564,34710000
2017-06-05,49.4559633824,49.9272822892,49.3350340426,49.7528305054,27578000
2017-06-06,49.7245796151,49.9872498383,49.3028205026,49.3959922791,31042000
2017-06-07,49.5154329124,49.7543158089,49.3558486864,49.6348762512,27482000
2017-06-08,49.7701712258,49.8380696688,49.3930185727,49.7726516724,33758000
2017-06-09,49.8326235096,49.8331188427,47.2495256742,48.0796661377,72958000
2017-06-12,47.5146788552,47.9746013343,46.4283112185,47.6678199768,84042000
2017-06-13,48.1748260077,48.4657453644,47.6777308526,48.0985031128,40108000
2017-06-14,48.3463016683,48.5544550004,47.553825445,47.9711265564,30110000
2017-06-15,46.9843820795,47.6118179142,46.6052442673,47.5870361328,48552000
2017-06-16,47.4745322923,47.5756369634,47.0180809443,47.5097198486,51184000
2017-06-19,48.0563761952,48.5346373764,47.9845150753,48.3324317932,29376000
2017-06-20,48.3368793948,48.6084731548,47.9845047542,48.0236587524,25946000
2017-06-21,48.1128714979,48.5470214991,48.046459052,48.4994430542,23232000
2017-06-22,48.4141968009,48.5941048051,48.2377636906,48.4018096924,20190000
2017-06-23,48.3463058164,48.8974187511,48.2947609214,48.8711509705,31280000
2017-06-26,49.0649249634,49.2626725076,48.0900679113,48.1772956848,30358000
2017-06-27,47.6574158196,47.9359442926,46.9382904068,46.9878501892,48872000
2017-06-28,47.1152166548,47.7386859742,46.3965866665,47.6281661987,54912000
2017-06-29,47.1494151824,47.1647780708,46.0714720531,46.4788589478,64134000
2017-06-30,46.7846505899,46.8347057019,46.0719683402,46.0754394531,45754000
2017-07-03,46.2508765627,46.3014307831,45.3632472994,45.5689239502,33896000
2017-07-05,45.8038427097,46.4030293593,45.52779094,46.2033004761,41882000
2017-07-06,45.8434940102,46.3955975732,45.5882575622,45.9768104553,40298000
2017-07-07,46.1403629099,46.8178576147,46.0808889055,46.6270484924,33266000
2017-07-10,46.6835463915,47.2376350856,46.6835463915,47.132068634,29030000
2017-07-11,47.1082868589,47.3248646708,46.8406594812,47.2574615479,29224000
2017-07-12,47.6207403999,48.0553857972,47.4314210401,47.9577522278,32042000
2017-07-13,48.1133703436,48.5048990406,47.8160078772,48.0167274475,30492000
2017-07-14,48.2719621325,48.4474045822,48.0811530129,48.4161834717,21592000
2017-07-17,48.3869419981,48.7353502198,48.1133668849,48.3690986633,33210000
2017-07-18,48.2402405381,49.107054548,48.174822539,48.9137687683,28266000
2017-07-19,49.0654219206,49.3424643562,48.9167388124,49.2022094727,28242000
2017-07-20,49.4118571673,49.495118512,48.7982981926,49.1734733582,28368000
2017-07-21,49.015371636,49.318186546,48.7759933963,49.2552452087,29266000
2017-07-24,49.268135057,49.8673218093,49.0783165839,49.4767837524,79690000
2017-07-25,48.1084160355,48.4072645188,47.7664470994,48.0256500244,118672000
2017-07-26,48.2114960809,48.2694803024,47.589512742,47.8412780762,44432000
2017-07-27,48.0330794005,48.0499320697,46.4411959995,47.206905365,74358000
2017-07-28,46.9828918479,47.6668258477,46.8500669564,47.4953460693,36276000
2017-07-31,47.5781157179,47.6370943907,46.672642979,46.8594894409,45670000
2017-08-01,46.9739761288,47.3050401842,46.8327305512,46.9120254517,28052000
2017-08-02,47.0017276947,47.0379097016,46.2161935999,46.965549469,40788000
2017-08-03,47.0379074536,47.082510122,46.5591509725,46.6017723083,22478000
2017-08-04,46.7826613707,46.960584251,46.5769884954,46.8738555908,25092000
2017-08-07,46.9596027021,47.03097227,46.760369118,46.8718795776,28916000
2017-08-08,46.7995165908,47.2059128142,46.7098121462,46.7945594788,30102000
2017-08-09,46.5100890404,46.7732546287,46.2855783438,46.5908737183,28018000
2017-08-10,46.3391019413,46.403529278,45.6839123401,45.7736167908,54148000
2017-08-11,45.7795600947,46.2578174134,45.6561540978,46.0957565308,32334000
2017-08-14,46.5408091415,46.6384426969,46.3138218068,46.533870697,23012000
2017-08-15,46.6379514894,46.7390561666,46.4203830266,46.4917488098,22130000
2017-08-16,46.6488529821,47.0775505458,46.5888836465,46.7985267639,26906000
2017-08-17,46.7331068055,46.7757281408,45.9743358718,45.9753265381,33914000
2017-08-18,45.9416192412,46.1418434502,45.7666721429,45.9019699097,26748000
2017-08-21,45.8816547148,46.0045615956,45.5263042842,45.6388053894,26024000
2017-08-22,45.940633132,46.6840411575,45.9014791296,46.6067276001,35502000
2017-08-23,46.4382241584,46.8560206573,46.3510001495,46.7147750854,22690000
2017-08-24,46.7707760635,46.899630739,46.1279735612,46.4327735901,25892000
2017-08-25,46.5477508233,46.6230830514,46.0962565692,46.1160812378,23746000
2017-08-28,46.1844749078,46.3316682505,45.8985088855,45.9986228943,20988000
2017-08-29,45.5932166949,46.4971996361,45.5614964695,46.3762702942,23172000
2017-08-30,46.3723068737,46.8773273385,46.2920175358,46.7668075562,22406000
2017-08-31,46.8991314884,47.4393432698,46.896654823,47.3422050476,33866000
2017-09-01,47.4527309003,47.4953522385,47.0963897416,47.181137085,20858000
2017-09-05,46.9268845004,47.1513951654,46.3688331745,46.6602516174,29148000
2017-09-06,46.7787051327,46.8099262447,46.2241210836,46.6870193481,27830000
2017-09-07,46.7975339679,47.1072872936,46.4644848628,47.0770530701,22332000
2017-09-08,47.0676382363,47.1171980125,46.5873958,46.6567802429,19998000
2017-09-11,46.9437429851,47.2153330137,46.6364662831,46.749961853,26748000
2017-09-12,46.9298587585,46.9878429767,46.4629978902,46.9164772034,25696000
2017-09-13,46.8594860086,47.2237562328,46.8218180066,47.1043128967,21908000
2017-09-14,46.8842688205,46.984878166,46.5056263354,46.5933494568,28548000
2017-09-15,46.5913697356,46.6736404141,46.1532532276,46.353477478,39886000
2017-09-18,46.339595913,46.4312816935,45.863319894,46.0789070129,29474000
2017-09-19,46.2602975706,46.48480445,45.9257624693,46.4312782288,24854000
2017-09-20,46.474403882,47.0825103731,46.4630036577,46.9605903625,40080000
2017-09-21,46.9898345008,47.2212798531,46.5561797947,46.9610862732,27414000
2017-09-22,46.7241876397,47.0825101102,46.6285354102,46.7484703064,21496000
2017-09-25,46.5596481599,46.5745157166,45.8192120746,46.3034210205,37468000
2017-09-26,46.4228601332,46.7891117259,46.3450512373,46.4595336914,33454000
2017-09-27,46.722701539,47.8472287287,46.6835475352,47.5731582642,46692000
2017-09-28,47.3922620423,47.8843962841,47.3575698188,47.8165016174,28018000
2017-09-29,47.8754706687,48.3616608538,47.8754706687,48.2580795288,40622000
2017-10-02,48.3537354808,48.4573168138,47.674754814,47.9483299255,30782000
2017-10-03,47.9527882528,48.1946469237,47.7124231435,48.1768035889,21666000
2017-10-04,48.160943155,48.2917829274,47.856143165,47.9141311646,21156000
2017-10-05,48.2119960944,48.8919675019,48.0871040814,48.8265457153,35618000
2017-10-06,48.5693258777,49.27606037,48.4954796496,49.2453308105,31060000
2017-10-09,49.3127407564,49.583340144,49.1392796104,49.1794242859,25910000
2017-10-10,49.3276023158,49.4351501037,48.6243389246,48.9558982849,23268000
2017-10-11,49.0173550055,49.9357139985,48.9628381103,49.8405570984,36300000
2017-10-12,49.7508526441,50.1324671295,49.6150557392,49.8405570984,30614000
2017-10-13,50.0120359362,50.2920504041,49.910435926,49.9505805969,26552000
2017-10-16,50.0377988551,50.1552570744,49.6358644211,50.0239219666,21420000
2017-10-17,49.929268327,50.2821383472,49.8603792118,50.1057014465,20260000
2017-10-18,50.1081836336,50.3688687664,49.8241989375,50.1919403076,25596000
2017-10-19,49.7959471083,49.9233195596,49.4267235401,49.651725769,34284000
2017-10-20,49.9099346104,49.9892294953,49.6730330594,49.8118057251,32120000
2017-10-23,49.8172624203,49.8474966486,48.7229656076,48.8438949585,32786000
2017-10-24,48.8914690058,49.0282565677,48.4246080961,48.9900932312,28902000
2017-10-25,48.8800693826,49.2844842948,48.4563289165,49.1372909546,30574000
2017-10-26,49.4847100094,49.8831771549,49.0882241963,49.135307312,47396000
2017-10-27,51.096419293,52.7135799123,50.8912379369,51.2292404175,103682000
2017-10-30,51.0057196075,51.5345311734,50.6672218241,51.2024765015,46804000
2017-10-31,51.1960396024,51.5925216558,50.863981109,51.1980209351,30326000
2017-11-01,51.3605784188,51.9325066924,51.2455968519,51.6718177795,43262000
2017-11-02,51.5424625403,51.8165330024,50.9809400595,51.6901512146,26694000
2017-11-03,51.6792490715,52.0712730882,51.4264892821,52.038066864,27770000
2017-11-06,51.9939551655,52.1669209356,51.6420720661,51.6757736206,18294000
2017-11-07,52.0212160391,52.2075671678,51.6916417943,52.1570129395,26104000
2017-11-08,52.0410395705,52.6674847166,51.8923602309,52.449420929,24276000
2017-11-09,51.9394407012,52.0821722549,51.337278252,51.9255638123,35892000
2017-11-10,51.7347612624,51.8715488364,51.6034261343,51.7486381531,19442000
2017-11-13,51.5826113958,51.9761214516,51.5062884962,51.6024360657,18814000
2017-11-14,51.4299606079,51.6569479518,51.0141454755,51.6242370605,21012000
2017-11-15,51.2951486087,51.5246125924,51.0850101766,51.3650283813,18106000
2017-11-16,51.4810095408,52.125793389,51.4438406492,51.9627380371,23768000
2017-11-17,52.0286503367,52.0881205577,51.2322114349,51.3392601013,26712000
2017-11-20,51.3447175403,51.4785331128,51.1801761882,51.2783088684,17526000
2017-11-21,51.5449408607,52.057894244,51.5003381914,52.0534324646,22206000
2017-11-22,52.0960523936,52.3076768532,51.90227127,52.1337203979,14538000
2017-11-24,52.2561316715,52.5376358911,52.1337163388,52.3616943359,16492000
2017-11-27,52.4632962209,53.1804364607,52.2749637695,53.1293869019,35430000
2017-11-28,53.2275212489,53.5253790427,52.263568972,52.6972236633,36424000
2017-11-29,52.3448416666,52.4732047775,51.0300007917,51.413105011,55866000
2017-11-30,51.5399844237,51.7481377633,51.050822185,51.35313797,45092000
2017-12-01,51.0676720454,51.4061698405,50.398110233,50.8030204773,37762000
2017-12-04,50.938319476,51.1137657134,50.0174838488,50.1488189697,38778000
2017-12-05,50.1052013646,51.3784115426,49.6755131588,50.531917572,38998000
2017-12-06,50.3792773619,51.522143226,50.3193080231,51.1821594238,28710000
2017-12-07,51.3481797605,51.9850306089,51.3129922075,51.769443512,30866000
2017-12-08,52.1282617879,52.3567351089,51.8333760246,52.0078315735,31170000
2017-12-11,52.0935709901,52.3359212059,51.7471441105,52.1361923218,23254000
2017-12-12,52.0385677366,52.6580744954,51.7843219208,51.9776077271,33882000
2017-12-13,52.1416454665,52.3101494632,51.8690610235,52.1074485779,27680000
2017-12-14,52.3106464466,52.8850513047,52.2169755611,52.4087753296,30962000
2017-12-15,52.721504097,53.2899649956,52.5386278741,53.1288909912,63760000
2017-12-18,53.3494390712,53.8470295613,53.0481139366,53.7776451111,30292000
2017-12-19,53.6750516359,53.771694528,53.1422736155,53.5144729614,26350000
2017-12-20,53.5709766699,53.586339559,52.9603897395,53.2062110901,28728000
2017-12-21,53.2969092576,53.4024719362,52.9802174407,53.0719032288,25640000
2017-12-22,53.0297724544,53.1150151226,52.9128095615,52.973274231,17788000
2017-12-26,52.962370242,52.9732751328,52.4667648835,52.8240966797,18376000
2017-12-27,52.8612658996,52.9440318983,52.4538752361,52.5440750122,22324000
2017-12-28,52.6456803432,52.7740434667,52.2060778602,52.3334503174,19884000
2017-12-29,52.3106583443,52.4375316985,52.1723809835,52.2070732117,23606000
2018-01-02,52.1882360273,53.3261447419,52.1882360273,53.1888618469,31766000
2018-01-03,53.224549872,54.3233084711,53.1997718706,54.096321106,31318000
2018-01-04,54.3723670047,54.7187939031,54.2321121128,54.3064498901,26052000
2018-01-05,54.6875724333,55.1896208901,54.6057970976,55.0265655518,30250000
2018-01-08,55.0617591736,55.4661741177,55.0121993899,55.2208480835,24644000
2018-01-09,55.4304851492,55.4304851492,54.9229842468,55.1504669189,26808000
2018-01-10,54.8635091492,55.1499704852,54.713839151,55.0191307068,20734000
2018-01-11,55.1266824578,55.2525651331,54.8377444355,55.1137962341,22424000
2018-01-12,55.0171524697,56.0678334205,54.9135711302,56.0356216431,38586000
2018-01-16,56.514369555,56.9391044349,55.8378693497,56.0380935669,36462000
2018-01-17,56.3186136506,56.4653116631,55.6807682572,56.454410553,27830000
2018-01-18,56.466795415,56.5282507518,55.7288398213,56.299282074,27498000
2018-01-19,56.4013754227,56.6863469818,56.1273049729,56.6724700928,30552000
2018-01-22,56.688336229,57.8312021098,56.5892128847,57.696395874,29550000
2018-01-23,58.0165496073,58.4075829402,57.8495316087,58.2916107178,39138000
2018-01-24,58.7282404207,58.8308310861,57.856964655,58.0497550964,37128000
2018-01-25,58.5166234451,58.7292385804,58.0770209509,58.5874938965,29984000
2018-01-26,58.8546274344,58.8561134338,57.8881984138,58.8561134338,42170000
2018-01-29,58.8779178277,59.3735231839,58.6826469277,58.8025856018,31494000
2018-01-30,58.3684298489,58.8744409319,58.2093371875,58.3510818481,37338000
2018-01-31,58.6702569258,58.794657381,58.0899042246,58.5914573669,36022000
2018-02-01,58.2827000652,58.8506657097,57.9541126805,58.5602378845,73514000
2018-02-02,55.8755380035,56.0678331256,55.0701792919,55.4681510925,117842000
2018-02-05,54.5468214471,55.2595037276,52.3726039438,52.6526184082,83550000
2018-02-06,51.2445985978,53.89112911,51.0478417189,53.7449264526,76630000
2018-02-07,53.7716965065,53.8490100668,52.2675323975,52.3066864014,51942000
2018-02-08,52.5277293377,52.728944253,49.7934751902,49.942653656,66792000
2018-02-09,50.8431624689,52.1238065646,49.4118539172,51.8537025452,98360000
2018-02-12,52.3691327069,52.8102211851,51.8150477769,52.2645606995,56240000
2018-02-13,52.0385701519,52.5946402611,51.8859243449,52.2437515259,31586000
2018-02-14,52.2526605261,53.3008647357,52.0286489749,53.1635818481,41304000
2018-02-15,53.6963625203,54.2241834307,52.8924898219,54.0883865356,37396000
2018-02-16,54.1884965402,54.9284372342,54.0978014266,54.2935676575,39948000
2018-02-20,54.1577707286,55.3239285446,54.020983168,54.6945114136,33754000
2018-02-21,54.9675891589,56.3106791542,54.888785824,55.1980438232,41486000
2018-02-22,55.466663606,55.7783982807,54.7718246968,55.0072364807,28010000
2018-02-23,55.4413923413,55.9538504121,54.9348858307,55.9087486267,25292000
2018-02-26,56.0955886961,56.7071663058,55.9706966856,56.6823883057,30912000
2018-02-27,56.6823837967,56.7096422415,55.3487088961,55.3843917847,42964000
2018-02-28,55.6069188292,55.8869370623,54.6652716879,54.7108650208,49292000
2018-03-01,54.9893962589,55.0751342588,52.8954606654,53.0996513367,55338000
2018-03-02,52.4340579516,53.8668563575,52.0440190157,53.7305641174,50162000
2018-03-05,53.4327004432,54.5750671256,53.1422726579,54.2568893433,28648000
2018-03-06,54.6206693813,54.7956202916,54.2440082276,54.5611953735,23382000
2018-03-07,54.1607392567,55.3194670018,54.0165179276,55.2619743347,30748000
2018-03-08,55.3690306685,56.074770695,55.3690306685,55.9726791382,33862000
2018-03-09,56.4742332921,57.5397856485,56.2160248171,57.5318565369,42662000
2018-03-12,57.7404990568,58.3902399597,57.4505703852,57.7841148376,44306000
2018-03-13,58.0765217592,58.3823124418,56.2298972315,56.4945487976,43140000
2018-03-14,56.7864645902,57.4783277555,56.6154801314,56.9396057129,41870000
2018-03-15,56.9733002014,57.6141175066,56.2839137873,57.0248413086,33382000
2018-03-16,57.2597609425,57.3321173813,56.0708027828,56.2224578857,58656000
2018-03-19,55.3967859958,55.4765762215,53.9674587862,54.5200614929,63656000
2018-03-20,54.4372920212,54.7916518269,53.6453148517,54.3084373474,54598000
2018-03-21,54.1483602,54.9477711832,53.8827141671,54.2192306519,44898000
2018-03-22,53.5258737638,53.7196548832,52.0207190277,52.1946792603,69312000
2018-03-23,52.1064631438,52.8701912128,50.7931081358,50.8763694763,49880000
2018-03-26,52.0682947524,52.4979867514,50.0848827665,52.2412605286,65984000
2018-03-27,52.7274513639,52.7591715876,49.4425800155,49.9044837952,60816000
2018-03-28,49.6551960367,50.799052507,48.7675666827,49.8172569275,77698000
2018-03-29,50.1161124869,51.9419217606,49.7607620094,51.4012145996,69338000
2018-04-02,50.9293902474,51.519657073,49.2755564279,50.1864776611,65068000
2018-04-03,50.3609369725,50.7995487694,49.4242431562,50.4863243103,51322000
2018-04-04,49.4728111389,51.1831471724,49.3875684719,51.0329780579,50724000
2018-04-05,51.8596495123,51.8755077344,50.7499898918,51.1781921387,35836000
2018-04-06,50.7053836444,51.3447150185,49.870289815,50.0536651611,40134000
2018-04-09,50.5537253029,51.770437303,50.5120946364,50.5562057495,33220000
2018-04-10,51.060244964,51.602933509,50.3242706059,51.3695030212,36620000
2018-04-11,51.1464709884,51.3382707745,50.5120967407,50.802520752,34060000
2018-04-12,51.1202067337,51.7734111986,50.8515887241,51.4086456299,32896000
2018-04-13,51.8844339343,52.1862544091,51.0547887302,51.346698761,25410000
2018-04-16,51.8180174335,52.1094321083,51.2416274141,51.8452758789,29776000
2018-04-17,52.5936359596,53.773175216,52.389940638,53.4936523438,54584000
2018-04-18,53.4763144158,53.624498422,53.0555459493,53.2969055176,31126000
2018-04-19,52.98121094,54.3931903008,52.98121094,53.9937324524,39884000
2018-04-20,53.7370007945,54.256393463,53.1338476782,53.3925552368,42434000
2018-04-23,53.67307513,53.9218722926,52.8652396404,53.2186050415,69590000
2018-04-24,52.4945189948,52.7566938983,50.1978861992,50.6825866699,128220000
2018-04-25,51.0349587649,51.348183213,50.4035565378,50.6999320984,57860000
2018-04-26,51.2069336195,52.1386740673,50.5740453963,51.7070007324,50926000
2018-04-27,51.8175270093,52.1228186023,50.9279162307,51.1192169189,40746000
2018-04-30,51.2664154351,51.4621779081,50.467499757,50.4813766479,34492000
2018-05-01,50.3683690045,51.6286930126,50.0863694469,51.5801239014,35326000
2018-05-02,51.2455945533,51.740209243,50.708358529,50.8515892029,34698000
2018-05-03,50.8178868592,51.081547755,49.9515681661,50.8639755249,39282000
2018-05-04,50.5324144038,52.1317352866,50.4551008495,52.0881195068,36892000
2018-05-07,52.2313487443,52.7819662819,52.0519398614,52.5074005127,34400000
2018-05-08,52.7631352543,52.7933694793,52.1198412406,52.4642868042,26030000
2018-05-09,52.7373686964,54.2192276788,52.6387406878,53.9689445496,47160000
2018-05-10,54.2687880238,54.9829562998,54.2132804643,54.7876853943,36414000
2018-05-11,54.5369077697,54.9631286675,54.3788095442,54.6841011047,30504000
2018-05-14,54.7926432176,55.4161163844,54.7544836605,54.8436927795,39338000
2018-05-15,54.3629535966,54.4729780479,53.4649146501,53.7667388916,35738000
2018-05-16,53.7776366749,54.2380544208,53.6061569089,53.7280731201,25628000
2018-05-17,53.59774,54.0705449198,53.3479522022,53.5878257751,25738000
2018-05-18,52.8315289993,53.2146332316,52.7661109995,53.0119285583,35482000
2018-05-21,53.4758230622,54.1845389308,53.4262632788,53.7241210938,25180000
2018-05-22,54.0110690624,54.1101886132,53.1417746449,53.2929344177,22226000
2018-05-23,53.0297723497,53.9218634905,52.8791079001,53.8207588196,23740000
2018-05-24,53.8673475298,53.8782486395,53.1437641614,53.7954826355,20604000
2018-05-25,53.849996357,53.9996701342,53.654233916,53.7275810242,22224000
2018-05-29,53.3271387005,53.5917940634,52.6868166334,52.9341239929,36076000
2018-05-30,53.2022425201,53.4753223062,52.8587876217,53.3999900818,28686000
2018-05-31,53.6244989495,55.0121954831,53.4262598285,54.5165901184,79368000
2018-06-01,55.1544358503,56.407821493,55.1118107335,56.251209259,63202000
2018-06-04,56.4246675817,57.3841618254,56.350326024,57.1452789307,44754000
2018-06-05,57.225565532,57.5447339663,56.8687290968,57.0451622009,32964000
2018-06-06,57.1319027831,57.2280503498,56.3166335799,56.843460083,34934000
2018-06-07,56.7259923028,56.7899242984,55.8111045736,56.2224578857,36108000
2018-06-08,56.0633804479,56.4385518361,55.6678852754,56.1377220154,27284000
2018-06-11,56.1491089608,56.8826065043,56.0727860737,56.5436096191,24796000
2018-06-12,56.5495530003,56.9326571869,56.5495530003,56.9049034119,26092000
2018-06-13,57.1076111357,57.2741375869,56.666522681,56.7086486816,34302000
2018-06-14,57.1041416569,57.7870849801,57.0243476566,57.4956703186,35422000
2018-06-15,57.4862561197,57.6840036896,57.1774972128,57.454044342,44438000
2018-06-18,57.127928363,58.6861138821,57.044171699,58.6588554382,33038000
2018-06-19,57.9912774903,58.6206946113,57.5700137056,58.4165077209,47282000
2018-06-20,58.6449840594,59.5464903441,58.5820427222,58.6831436157,51686000
2018-06-21,58.7545154529,58.9933945874,57.6626953338,57.9580764771,44966000
2018-06-22,58.0596715983,58.2336280459,57.4728720263,57.9506378174,34220000
2018-06-25,57.2424163941,57.2914808385,55.5028406034,56.4633255005,57682000
2018-06-26,56.7041848865,56.8394826514,55.9538385009,56.1332473755,34688000
2018-06-27,56.3007707488,56.80678569,55.3442522084,55.3561477661,34538000
2018-06-28,55.1306373389,56.201641938,54.8174166941,55.8438148499,29726000
2018-06-29,56.1178953739,56.5664176474,55.855720455,55.9632644653,31562000
2018-07-02,55.2773431327,56.6471962552,54.8436884623,56.6035804749,23216000
2018-07-03,56.9658783823,56.9901610513,55.2317547598,55.3234405518,16448000
2018-07-05,55.7357740432,56.7041880219,55.6624231549,56.5629386902,28594000
2018-07-06,56.5867360898,57.3018950419,56.362225402,57.2463874817,21820000
2018-07-09,57.4902216843,57.8832363713,57.3529387881,57.851020813,21584000
2018-07-10,57.9853273958,58.1592838355,57.6170907355,57.844078064,21334000
2018-07-11,57.2731506377,58.5032443845,57.2607635273,58.0581932068,33252000
2018-07-12,58.226693504,59.5712696248,58.1394657172,59.5350914001,44148000
2018-07-13,59.611418264,59.990060768,59.2392188724,59.6917076111,32612000
2018-07-16,59.6614686063,59.9043179608,59.145543233,59.2996788025,26784000
2018-07-17,58.6172266722,60.4023957958,58.5805493363,60.120891571,40162000
2018-07-18,59.8953918216,60.542652288,59.6986387058,60.1124687195,38948000
2018-07-19,59.8022202302,60.289401138,59.3601411033,59.4280395508,38338000
2018-07-20,59.4349797154,60.0064126421,59.3036408147,59.3675765991,37938000
2018-07-23,59.2575538618,60.2210108425,59.0766551755,60.0178108215,65446000
2018-07-24,62.991434602,63.1896774837,61.6602402119,62.3545837402,107600000
2018-07-25,62.0805225921,63.350261841,61.9035903494,63.2362747192,51104000
2018-07-26,62.802125927,63.8042416139,62.5949632337,63.7100753784,54686000
2018-07-27,63.889473557,64.004451328,61.6775845282,62.0938949585,48362000
2018-07-30,61.7053405571,62.093897225,60.6705178934,60.9614372253,43896000
2018-07-31,61.0442037175,61.5150310558,60.2750270485,60.8216781616,39382000
2018-08-01,61.4109571798,61.7474698609,60.7086844769,61.1076469421,36994000
2018-08-02,60.3895150302,61.6736302687,60.3677090286,61.5110702515,34704000
2018-08-03,61.7117892607,61.7782017123,60.9307169707,61.3638763428,21264000
2018-08-06,61.5348514145,61.5769774114,60.9857198931,61.3395805359,22114000
2018-08-07,62.0502824121,62.7476017574,62.0398766359,62.2401008606,42506000
2018-08-08,62.2837184496,63.0271265266,62.0557404264,62.5121955872,34344000
2018-08-09,62.5815708127,63.0390127911,62.4512263737,62.6673088074,27326000
2018-08-10,62.4056342915,62.5057482967,61.8099187159,62.0750656128,26602000
2018-08-13,62.0101435679,62.7421513788,61.803476225,61.883266449,27500000
2018-08-14,62.0745687507,62.4755125325,61.4322654106,62.3540916443,28080000
2018-08-15,61.6671777156,62.0487921376,60.77310532,61.0694770813,37052000
2018-08-16,61.5536896387,61.6384407578,60.4455160096,60.6650695801,32176000
2018-08-17,60.5649562356,60.8082971269,59.6708837775,60.2581748962,33092000
2018-08-20,60.4965576596,60.7567511991,59.9038141426,60.5604896545,22218000
2018-08-21,60.6135280881,61.0962472278,60.2175376182,60.3354911804,23082000
2018-08-22,60.1773928979,60.7874844908,60.1278331179,60.5505867004,22296000
2018-08-23,60.4579065614,61.2156868294,60.4316387814,60.5213432312,24666000
2018-08-24,60.761213087,61.3262028643,60.5342257537,61.2939910889,24454000
2018-08-27,61.6602455473,62.3407122462,61.4887657612,62.2614135742,28580000
2018-08-28,62.243073894,62.2757847847,61.6022565415,61.7454872131,27330000
2018-08-29,62.1984699584,62.8016230769,62.089436179,62.6767272949,36926000
2018-08-30,62.6147719312,62.9165961343,61.8123890964,62.1707115173,30104000
2018-08-31,62.0602063767,62.0770552669,60.7488325955,61.0486755371,42308000
2018-09-04,60.5887434677,60.8538941395,59.7977570125,60.0331687927,41458000
2018-09-05,59.9295888999,60.2096071336,58.250477726,59.4280395508,53988000
2018-09-06,59.4017689904,59.4225843235,57.6691316726,58.6791763306,46854000
2018-09-07,58.0849456476,58.90517568,57.9496478671,58.3619918823,32658000
2018-09-10,58.6895868159,58.8115068255,58.0160585455,58.2366027832,27670000
2018-09-11,58.040341163,59.0236227237,57.7851047176,58.9765396118,29254000
2018-09-12,58.5805507473,59.0112334291,57.7955120559,58.0651245117,35716000
2018-09-13,58.4665683293,58.8709832643,57.9471718248,58.5874938965,40068000
2018-09-14,58.8779169347,58.8779169347,58.1602775767,58.3813171387,24176000
2018-09-17,58.3709155027,58.5716350782,57.4139016275,57.4818000793,34096000
2018-09-18,57.6220575218,58.5473549922,57.5610975125,57.8426017761,32314000
2018-09-19,57.9342831744,58.2965682852,57.42182517,58.1974487305,25962000
2018-09-20,58.514635901,59.175277905,58.2955776769,59.0548439026,29244000
2018-09-21,59.220876264,59.3031469383,58.0879246076,58.0908966064,91222000
2018-09-24,57.4609845169,58.7386528621,57.0689604783,58.4596290588,31150000
2018-09-25,58.6920682816,59.3170236673,58.1885300121,59.1698303223,33152000
2018-09-26,59.1599182861,59.8314614364,58.7490602599,59.1782531738,37650000
2018-09-27,59.4726405992,60.3082297174,59.3759977095,59.8374061584,36274000
2018-09-28,59.6753443166,59.8914305533,59.3650956323,59.8235321045,35612000
2018-10-01,60.1169358831,60.6720115052,59.6307455995,59.8953971863,33164000
2018-10-02,59.803210248,60.6878676064,59.4557926849,59.8512840271,40180000
2018-10-03,60.0673670117,60.1754101277,59.5791954386,60.0440750122,26246000
2018-10-04,59.7219311782,59.7650478457,57.6810302051,58.3362197876,46576000
2018-10-05,58.2831908934,58.5805533598,57.2087188117,57.8782806396,31852000
2018-10-08,57.4902228419,58.2762522317,56.2710340871,57.2880172729,46190000
2018-10-09,57.0595384808,57.5670393927,56.7056778001,56.7552375793,33690000
2018-10-10,56.3205926074,56.3513221663,54.0958209408,54.128036499,58980000
2018-10-11,53.4778017709,55.3125345838,53.3216848687,54.0576591492,67696000
2018-10-12,55.4899470872,55.7967283838,54.2702632397,55.5345535278,49370000
2018-10-15,55.4086816682,55.5970103469,54.4283720419,54.6375198364,30074000
2018-10-16,55.1846655809,56.3191069794,55.0989275776,56.1560516357,38378000
2018-10-17,56.499009442,56.8459316717,55.2104362986,55.8839645386,35652000
2018-10-18,56.0034071027,56.1198746678,53.8395953769,54.4130096436,46152000
2018-10-19,54.7004636455,55.5548868547,54.3693996076,54.7733154297,41286000
2018-10-22,55.1365954269,55.5915608157,54.5165933512,55.0800971985,27116000
2018-10-23,54.0849080552,55.4086723728,53.4763063382,55.2555274963,37686000
2018-10-24,55.2599945633,55.3402838976,52.2893345674,52.3914299011,49286000
2018-10-25,53.5402453733,55.3997561026,53.3048335882,54.6945114136,72956000
2018-10-26,51.9557971262,55.3591175517,51.6534775521,53.7112312317,106438000
2018-10-29,54.3451091874,54.9542101038,49.9173718899,51.2817726135,81290000
2018-10-30,50.552240347,52.0831637096,50.2528965649,52.0142745972,59768000
2018-10-31,52.9405678545,54.9130789796,52.9405678545,54.0497322083,70916000
2018-11-01,54.0903648213,54.511628591,53.4173319436,53.8217468262,40132000
2018-11-02,53.9714271936,54.4174727964,52.9138039708,53.1036224365,43438000
2018-11-05,53.1551573848,53.1957973847,51.2455916305,52.3225402832,45358000
2018-11-06,52.2873580803,53.5164610823,52.2174782967,53.0084648132,28660000
2018-11-07,53.6983424458,55.0087215719,53.5546164436,54.9249649048,43388000
2018-11-08,54.8783850814,54.9239784166,53.7414632001,54.2504501343,33694000
2018-11-09,53.7246154351,53.9392119024,52.7453002177,53.3776931763,34860000
2018-11-12,53.1849007668,53.2329745481,51.5603064262,52.0068435669,34002000
2018-11-13,52.2769547014,52.8647412249,51.5627863808,51.9379577637,25750000
2018-11-14,52.5341628787,52.821119533,51.5979644781,52.2655448914,34666000
2018-11-15,52.1109230923,53.4693760548,51.6068895064,53.0818138123,41584000
2018-11-16,52.7933701262,53.1507019171,52.2814074389,52.9440345764,35366000
2018-11-19,52.7021756864,52.9306528076,50.6939856246,50.9194831848,45684000
2018-11-20,49.9218258962,51.4116176198,49.6700605743,51.0696487427,54458000
2018-11-21,51.8061234419,52.2719936942,51.5161947576,51.7129516602,29698000
2018-11-23,51.2208111295,51.6916384712,50.9739991257,51.0523071289,14178000
2018-11-26,51.7411977014,52.3854823678,51.5315545878,52.332950592,31558000
2018-11-27,52.1049739236,52.8691972786,51.8155405823,52.1515579224,33048000
2018-11-28,52.4082903701,54.1627339617,51.6891649292,54.109703064,46042000
2018-11-29,53.7003250047,54.5240223682,53.6244974465,54.2479705811,31004000
2018-11-30,54.3000149729,54.9948501587,53.6829849026,54.9948501587,59668000
2018-12-03,56.110457576,56.2512078029,55.0979324174,55.3274002075,57532000
2018-12-04,55.1603850443,55.2223357169,52.5728290193,52.6565856934,45630000
2018-12-06,51.7907597053,53.4966340063,51.6658677001,53.4302215576,47436000
2018-12-07,53.1402932891,53.7746675447,51.5117325338,51.8690643311,42682000
2018-12-10,51.6886622849,52.5143409563,51.1960327285,52.1961631775,33652000
2018-12-11,52.8781149797,53.0495947559,52.0435165452,52.615940094,33852000
2018-12-12,53.3806612806,54.1067213055,53.1274061596,53.2146339417,28960000
2018-12-13,53.3107857277,53.9426833571,52.7814787772,53.2052192688,24986000
2018-12-14,52.5351549333,53.115012254,52.007334054,52.1233062744,36358000
2018-12-17,51.8903742601,52.6521209579,50.3847279812,50.8317642212,49932000
2018-12-18,51.2455942639,52.5188045369,51.0711386992,51.7119598389,43640000
2018-12-19,51.9042439587,53.3127555979,50.5234898755,51.317943573,58264000
2018-12-20,50.8491066408,51.9116868693,49.9500808616,50.7291717529,53674000
2018-12-21,51.1484560616,51.4274798488,48.6283032938,49.1268806458,104656000
2018-12-24,48.7834294317,50.161211813,48.4533560599,48.8007774353,36360000
2018-12-26,49.4609149725,51.9617381292,49.1962596559,51.9320030212,46318000
2018-12-27,50.8590199939,52.204091308,49.9074548928,52.1822853088,45996000
2018-12-28,52.5093883838,52.7438095163,51.6420789707,51.8740234375,34398000
2018-12-31,52.4266256793,52.6823612773,51.1980217127,51.7887840271,33110000
2019-01-02,50.9085874396,52.5733265577,50.813430537,52.2705116272,31868000
2019-01-03,52.0717692749,52.8444170972,50.6692051919,50.8228416443,41960000
2019-01-04,51.6698261175,53.5253740514,51.387331239,53.4297218323,46022000
2019-01-07,53.5734452043,53.6591831954,52.6650006151,53.3231658936,47446000
2019-01-08,53.8227402754,54.1870105103,52.9479971348,53.791519165,35414000
2019-01-09,53.9213738161,54.1022687288,53.2463557207,53.6071586609,26998000
2019-01-10,53.2745977217,53.5159572607,52.7661062002,53.4673881531,26598000
2019-01-11,53.0248201536,53.1967952862,52.357239626,52.7557067871,30864000
2019-01-14,52.2040907993,52.4573459053,51.9666976953,52.1133956909,28490000
2019-01-15,52.4355404068,53.9352426093,52.2586081859,53.8480148315,37518000
2019-01-16,54.0209867353,54.6335550188,53.9223625044,53.9967002869,38280000
2019-01-17,53.9213646663,54.5512770882,53.686939782,54.4729728699,24896000
2019-01-18,54.9423156395,55.4086812249,54.4809071664,54.8783836365,44892000
2019-01-22,54.3183515441,54.4655486783,53.0738855876,53.457485199,39632000
2019-01-23,53.8653631551,54.1671873967,52.9093437648,53.7439422607,25194000
2019-01-24,53.6497751419,53.9218642671,53.0307637797,53.7236213684,29114000
2019-01-25,54.2306201472,54.6831088105,54.1101899279,54.5914230347,23260000
2019-01-28,54.0244513118,54.1879981947,53.2582428811,53.5184364319,29334000
2019-01-29,53.5769236871,53.759803711,52.8325249295,53.032749176,19704000
2019-01-30,53.3945375318,54.4928006714,53.3588546427,54.416973114,29452000
2019-01-31,55.1232128431,55.887931589,54.7767859193,55.7997131348,40232000
2019-02-01,55.6212852608,56.2214663331,55.222821958,55.4393997192,33116000
2019-02-04,55.4587389999,56.6149864607,55.3843974354,56.5693893433,78408000
2019-02-05,55.9850696437,57.1319019829,55.6862211706,57.0872955322,82296000
2019-02-06,56.9584347832,57.1928558928,55.4265170128,55.6510276794,48256000
2019-02-07,55.1023908638,55.1108153073,54.1989033241,54.8094902039,38298000
2019-02-08,54.2628365556,54.7693467823,54.231120113,54.6345405579,21766000
2019-02-11,54.7024429992,55.1821901493,54.5165909844,54.6216583252,18498000
2019-02-12,55.0622554637,56.1451558525,55.0622554637,55.8834762573,35036000
2019-02-13,56.1540678058,56.6402580352,55.8051604671,55.9355049133,28042000
2019-02-14,55.7555994162,56.3072076322,55.3635754202,55.9637527466,21106000
2019-02-15,56.4643210089,56.4643210089,55.3452424593,55.4894638062,27826000
2019-02-19,55.3412782674,55.985562974,55.3412782674,55.8304405212,21980000
2019-02-20,55.9478987381,56.0494987455,55.0989280176,55.5370407104,24090000
2019-02-21,55.4473323144,55.4656709821,54.4164723202,54.7252349854,33272000
2019-02-22,54.9973269988,55.3715076816,54.5413709784,55.337310791,29436000
2019-02-25,55.6034586889,55.7754338283,55.215896404,55.3754806519,26208000
2019-02-26,55.2287755761,55.8269716393,54.8486470925,55.6074180603,35026000
2019-02-27,55.210929904,55.7917778993,54.9408259064,55.6510276794,22092000
2019-02-28,55.4582396694,56.2011523646,55.4289998914,55.8324203491,27422000
2019-03-01,56.0529608588,56.9946117217,56.0529608588,56.9212608337,34086000
2019-03-04,57.2206141314,57.7637979486,56.4122796266,57.1641159058,35490000
2019-03-05,57.291978934,58.3074761026,57.1442902607,57.9456825256,40094000
2019-03-06,58.0730603246,58.2207490115,57.6413869268,57.7350578308,23602000
2019-03-07,57.5150004624,57.6676462396,56.5837553486,57.0367393494,30086000
2019-03-08,56.1966908068,57.1656001817,56.0133154646,56.9931297302,23694000
2019-03-11,57.093732668,58.4769673295,57.0724220018,58.4447555542,30032000
2019-03-12,58.5954256796,59.7556357858,58.5954256796,59.336353302,42220000
2019-03-13,59.7665349835,59.8255098703,59.369058539,59.4260520935,25888000
2019-03-14,59.4240811966,59.705585468,59.0380049077,59.102432251,27302000
2019-03-15,59.3735234559,59.5578856848,58.8288498697,58.9919052124,51886000
2019-03-18,58.9616762959,59.2223652052,58.5547847096,58.9051780701,24442000
2019-03-19,59.062279839,59.6416456442,58.9502740574,59.5945625305,29788000
2019-03-20,59.5420322432,60.9589686515,59.4523277871,60.7825317383,41508000
2019-03-21,60.463849021,61.2786227754,60.2943505799,61.2632598877,28150000
2019-03-22,60.9024685252,61.1393663252,59.7700084105,59.8517837524,34422000
2019-03-25,59.4508356261,59.9404931946,58.9770362792,59.342792511,27576000
2019-03-26,59.7298569771,59.8517769765,58.5686563284,58.9691047668,30752000
2019-03-27,59.0721951714,59.0721951714,57.6998615297,58.3828086853,29428000
2019-03-28,58.2584109795,58.3451396479,57.6602149532,58.0983276367,22402000
2019-03-29,58.4903564137,58.6781935507,57.8064223295,58.3273048401,30890000
2019-04-01,58.8551212975,59.4825571455,58.7966417371,59.4220962524,27706000
2019-04-02,59.4751185204,59.7605891978,59.0384918416,59.7472076416,18288000
2019-04-03,60.1020594467,60.493588129,59.7244114349,60.008392334,22180000
2019-04-04,60.0321847915,60.4911166274,59.9206743338,60.4365997314,21022000
2019-04-05,60.4291635764,60.4831851371,59.9697364254,60.0401115417,20012000
2019-04-08,60.0232619474,60.1640121784,59.7055794803,59.8830070496,21750000
2019-04-09,59.5663114779,59.8269965886,59.3923512515,59.6059570312,19668000
2019-04-10,59.7249056607,59.9157109954,59.5053521003,59.7923049927,15510000
2019-04-11,59.9137363035,60.1040501075,59.6976538321,59.947933197,16998000
2019-04-12,60.2467807527,60.6150174638,60.1313076309,60.5991592407,24312000
2019-04-15,60.666557683,60.924769933,60.1942480818,60.78748703,23796000
2019-04-16,60.9594613601,61.2558331637,60.7136400042,61.0541229248,22622000
2019-04-17,61.3063840436,61.7078269729,61.1031878038,61.4620056152,30366000
2019-04-18,61.7028668872,61.7494546679,61.4258244306,61.5279197693,24750000
2019-04-22,61.2900231692,62.1657569248,61.1264725057,62.1370124817,19084000
2019-04-23,62.279747358,63.1614288852,62.0482982529,62.9711151123,31868000
2019-04-24,62.9711295342,63.1401326802,62.4368692087,62.4487609863,23396000
2019-04-25,62.9567489728,63.0806503142,62.3471564907,62.8100509644,31344000
2019-04-26,63.1093918631,63.3834623134,62.6940758564,63.3096160889,27228000
2019-04-29,63.4627591471,64.2785311926,63.0266277934,64.2403640747,72368000
2019-04-30,59.0082650592,59.5212146609,58.6301179127,59.4211044312,133178000
2019-05-01,59.3487450127,59.4354774677,58.0690915422,58.1503715515,74340000
2019-05-02,58.1146789715,58.4507000632,57.4074492352,57.8128547668,45098000
2019-05-03,58.3530714499,59.0464244019,58.1617707688,58.9547386169,41588000
2019-05-06,58.0849466612,59.2461511688,58.0433159925,59.1485176086,31774000
2019-05-07,58.7693799619,59.2134404295,57.7380245702,58.4249343872,36604000
2019-05-08,58.3471223381,58.6930576971,57.8683696414,58.0244865417,25520000
2019-05-09,57.6190819981,58.1875391554,57.2245775179,57.885219574,29556000
2019-05-10,57.928339973,58.2970682242,56.8147138788,57.8688659668,31650000
2019-05-13,56.7587031436,57.0922437906,55.7803787526,56.3300018311,45626000
2019-05-14,56.6139967821,56.740374797,55.6827515497,55.7486686707,40392000
2019-05-15,55.6341801538,58.3971823953,55.5771865942,58.025478363,59302000
2019-05-16,58.0770129389,59.1832051335,57.909004278,58.7044487,35308000
2019-05-17,58.274760477,58.7931624623,57.8083949327,57.9253578186,25362000
2019-05-20,57.1432999015,57.1432999015,56.4068303013,56.72996521,30602000
2019-05-21,57.2166419768,57.3910975298,56.663052438,57.2146606445,20562000
2019-05-22,57.0565640838,57.6775567507,57.0441731942,57.2845420837,18826000
2019-05-23,56.799842434,56.9970908793,56.1600157573,56.7636604309,25214000
2019-05-24,57.0937364151,57.2106993112,56.3359561464,56.4301223755,18554000
2019-05-28,56.5723640821,57.3162674834,56.4330960667,56.4772071838,20948000
2019-05-29,56.137210845,56.251201728,55.1088313567,55.5048217773,36230000
2019-05-30,55.5152288685,55.8448068556,55.3045950979,55.5776748657,18088000
2019-05-31,54.7961123383,55.1806987993,54.6826167752,54.8387336731,31582000
2019-06-03,52.8776223228,52.8810896546,50.900158023,51.4805107117,96890000
2019-06-04,51.7654839559,52.4568555632,51.3462014809,52.261089325,60512000
2019-06-05,52.2863635633,52.3760680092,51.1960333238,51.7729148865,46988000
2019-06-06,51.8507330384,52.0385663938,51.3204354178,51.9275512695,29020000
2019-06-07,52.2506835964,53.1997683329,52.0955573613,52.9489898682,43828000
2019-06-10,53.3766921164,54.2608541055,53.2914494523,53.6621627808,28510000
2019-06-11,54.3674107034,54.7153273875,53.5040677765,53.5769195557,33508000
2019-06-12,53.5228961081,53.6502647654,53.0099428041,53.4807701111,23670000
2019-06-13,53.7588148741,54.3475920758,53.6527568589,54.0710449219,20814000
2019-06-14,54.0080974567,54.2568908004,53.5987292183,53.8376083374,24582000
2019-06-17,53.9763749124,54.5800195347,53.9218580271,54.2137680054,19770000
2019-06-18,55.0865357577,55.4473348818,54.555742848,54.7762870789,34526000
2019-06-19,54.8754062364,54.9839446852,54.3198315506,54.7401046753,26714000
2019-06-20,55.5920554494,55.6426096794,54.8635149243,55.170791626,24018000
2019-06-21,55.0052596572,55.8334150814,54.9983212121,55.7739448547,50774000
2019-06-24,55.5078004019,55.6847326349,55.1762410508,55.3442497253,24236000
2019-06-25,55.2639653385,55.2946911171,53.75335811,53.9010505676,31644000
2019-06-26,54.0705437929,54.2747344709,53.2126533081,53.5412368774,34698000
2019-06-27,53.8599134236,53.9446607595,53.3197016209,53.3583602905,24078000
2019-06-28,53.388094638,53.6641464233,53.2181008543,53.6641464233,33672000
2019-07-01,54.5681312311,54.9423157014,54.2851409914,54.5165901184,29196000
2019-07-02,54.7559666778,55.1554244685,54.5002348922,55.1410522461,20630000
2019-07-03,55.4334574436,55.90378946,55.2525625502,55.6559867859,20154000
2019-07-05,55.4765709457,56.2338558141,55.3838945053,56.1357269287,29794000
2019-07-08,55.7987211785,55.8651336295,55.099424235,55.3487129211,29888000
2019-07-09,55.0280547422,55.8973492605,54.8709471731,55.7204170227,29472000
2019-07-10,56.1183875777,56.6149836069,56.0361169059,56.5441131592,30710000
2019-07-11,56.8042998373,57.1551885058,56.4757162826,56.7012138367,26004000
2019-07-12,56.6442208747,56.8707128785,56.4276430952,56.7636604309,21878000
2019-07-15,56.7636627403,57.0283180904,56.4990111714,57.0198936462,21164000
2019-07-16,56.8325512721,57.4198461902,56.8325512721,57.1660957336,25352000
2019-07-17,57.0402124478,57.412907127,56.8271019957,56.8330497742,19538000
2019-07-18,56.5981356022,56.9039263143,56.1451553183,56.8578338623,25450000
2019-07-19,56.960914007,57.0729197883,56.0653555279,56.0802230835,23184000
2019-07-22,56.2745012608,56.5000026107,55.7660134505,56.4598579407,28914000
2019-07-23,56.6700016995,56.9381244101,56.1446611704,56.8979797363,20648000
2019-07-24,56.1332515561,56.7696071076,55.9295562222,56.4856262207,27192000
2019-07-25,56.4469728345,56.6769359682,55.6916729915,56.2977981567,54762000
2019-07-26,60.860343097,62.8620902019,60.860343097,61.7137756348,121216000
2019-07-29,61.5789640948,61.9006129921,60.969367857,61.5462532043,41382000
2019-07-30,60.8107765571,61.3019239223,60.7275152191,60.8603401184,28616000
2019-07-31,60.7052139199,61.2028006159,59.8780492034,60.3746452332,39960000
2019-08-01,60.3463976549,61.2716912889,59.8195673856,60.0564689636,35426000
2019-08-02,59.6213243213,59.9434647696,58.9770358625,59.2902603149,34910000
2019-08-05,58.1330262344,58.3268111558,56.6353088959,57.2300338745,47840000
2019-08-06,57.7637959622,58.5508159909,57.5660483983,58.039352417,36014000
2019-08-07,57.3811811709,58.4749824337,57.0362403048,58.2787246704,30686000
2019-08-08,58.8001075975,59.7838845729,58.1840719896,59.7794265747,30116000
2019-08-09,59.4721427407,59.6936776218,58.7237776529,58.9225158691,20418000
2019-08-12,58.4814353344,58.7594684727,57.9223932777,58.2088508606,22064000
2019-08-13,58.2014131323,59.7417554088,58.1340137993,59.3105773926,28434000
2019-08-14,58.2866603944,58.6197057427,57.5432523582,57.7008552551,35430000
2019-08-15,57.908018215,58.3040049011,57.6389048676,57.9521255493,28506000
2019-08-16,58.520584004,58.6717437836,58.1345077776,58.442276001,24916000
2019-08-19,59.0677333673,59.9380185332,58.9968629195,59.4944496155,24450000
2019-08-20,59.242192477,59.3735276036,58.6325961797,58.6563835144,20206000
2019-08-21,59.2654820908,59.5003985537,58.8739533923,59.0553436279,14152000
2019-08-22,59.1653646095,59.4121766154,58.4274090388,59.0523681641,17352000
2019-08-23,58.7376584543,59.2580455846,56.9946152843,57.1720428467,36254000
2019-08-26,57.4629605588,58.0780054501,57.2349825579,58.044303894,21166000
2019-08-27,58.6301148398,58.729234398,57.7162176905,58.0264663696,23460000
2019-08-28,57.7315864246,58.4070960757,57.5026177263,58.1716842651,16810000
2019-08-29,58.7996059414,59.4324941512,58.743107721,59.187171936,19636000
2019-08-30,59.4899890933,59.4899890933,58.7649159667,59.0033035278,18064000
2019-09-03,58.5731163199,58.9314387715,57.6740905256,57.9635238647,25908000
2019-09-04,58.4541773502,58.7232907129,58.0616579736,58.5939369202,21312000
2019-09-05,59.1584271158,60.166490489,59.1103533362,60.0767860413,26394000
2019-09-06,59.9256215177,60.1144455084,59.6342030831,59.785861969,18972000
2019-09-09,59.8235301301,60.491110591,59.1341436693,59.7338256836,31854000
2019-09-10,59.2788623699,59.9682488543,59.2748959238,59.7551383972,27922000
2019-09-11,59.6654354541,60.5862710878,59.585641446,60.4638557434,23522000
2019-09-12,60.635829292,61.5749997894,60.5907275101,61.2057762146,31644000
2019-09-13,61.0640388247,61.5071124609,60.8147501146,61.4565582275,23676000
2019-09-16,60.9812625728,61.4064927997,60.7210690141,61.0402412415,28218000
2019-09-17,61.0402427332,61.2072607379,60.6298800513,60.9535102844,20806000
2019-09-18,60.9713540504,61.2687165063,60.2889060229,61.0907936096,17440000
2019-09-19,61.0744390646,61.6701546331,61.0739437315,61.3931121826,16554000
2019-09-20,61.1398629595,61.5938376813,60.6412855672,60.9515342712,37692000
2019-09-23,60.7894647717,61.4392056899,60.6511912106,61.1918983459,20798000
2019-09-24,61.4550688698,61.8074435791,59.9999729149,60.3810920715,35804000
2019-09-25,60.2661020415,61.8525366818,59.9285949365,61.7494506836,26798000
2019-09-26,61.5611277754,61.6865189064,61.0496641508,61.568561554,23166000
2019-09-27,61.5953192891,61.7023717404,60.2259614429,60.7587394714,34122000
2019-09-30,60.4935882973,60.8310954224,60.1377462848,60.5203514099,24470000
2019-10-01,60.5872623875,61.1012064371,59.7477067525,59.7700080872,24504000
2019-10-02,59.299177205,59.4111829786,58.1161667937,58.3783416748,33030000
2019-10-03,58.6469634555,59.0265965799,57.6458423097,58.9487876892,28368000
2019-10-04,59.18964937,60.09016492,59.0251080375,60.0158233643,24282000
2019-10-07,59.8195686443,60.4098355974,59.6887288525,59.8815193176,17040000
2019-10-08,59.4116846156,59.8131237568,58.9512668017,58.9834823608,20086000
2019-10-09,59.5385637667,59.8919291384,59.3794710792,59.5915908813,15948000
2019-10-10,59.4032602278,60.2467785145,59.3665866705,59.9419822693,12842000
2019-10-11,60.663579965,60.8975057444,60.1486452942,60.2512359619,22330000
2019-10-14,60.161037403,60.7552669735,60.061422513,60.3533325195,13296000
2019-10-15,60.5381901848,61.8084245847,60.509445742,61.5660743713,27584000
2019-10-16,61.5447658386,62.1583247277,61.3822058372,61.6037445068,22986000
2019-10-17,62.0200511332,62.6321240226,61.9442235777,62.0894355774,20958000
2019-10-18,62.1831081824,62.3526028517,61.4620014948,61.673625946,31624000
2019-10-21,61.8862449799,62.1246287772,61.4545716062,61.6671867371,18094000
2019-10-22,61.6770902132,61.8877239877,61.4476262193,61.5145339966,22862000
2019-10-23,61.4654687876,62.349131645,61.4654687876,62.3288116455,21282000
2019-10-24,62.4021720886,62.5900054433,62.0671416032,62.4021720886,20224000
2019-10-25,62.049789426,62.8427610252,61.9085438649,62.6593856812,27104000
2019-10-28,63.1896764755,64.39102174,63.0563600397,63.8825302124,65428000
2019-10-29,63.2392456049,63.4771378505,62.2287055111,62.4789886475,52654000
2019-10-30,62.2059035475,62.8437488864,61.9828826584,62.4809646606,29204000
2019-10-31,62.4462690423,62.7694039161,61.9248912884,62.3867950439,31904000
2019-11-01,62.7337267128,63.0905631732,62.431902477,63.0533905029,28812000
2019-11-04,63.244698444,64.056995635,63.244698444,63.9137649536,30632000
2019-11-05,63.9925676376,64.2919152389,63.902371628,64.0044631958,25148000
2019-11-06,63.9375571457,64.0812793815,63.5499948799,63.9831504822,24626000
2019-11-07,64.1452120353,65.5512473251,64.1189480348,64.7726516724,45140000
2019-11-08,64.5040196496,65.2766711822,64.5040196496,64.8747329712,30392000
2019-11-11,64.6269265722,64.6715367956,64.2240052807,64.3434448242,17234000
2019-11-12,64.3578236488,64.8920876878,64.1432271898,64.2904205322,28852000
2019-11-13,64.0906891362,64.5535873757,64.0396433583,64.2393722534,20538000
2019-11-14,64.180893382,65.2077907615,64.1283578229,64.8821716309,28948000
2019-11-15,65.1745838354,66.0909576416,65.0179678262,66.0909576416,39286000
2019-11-18,66.0314787214,66.1097867247,65.2295911561,65.4119720459,27984000
2019-11-19,65.7484915266,65.7484915266,65.0120257077,65.0526657104,21864000
2019-11-20,64.991697547,65.0833833177,63.8939336201,64.5208740234,28892000
2019-11-21,64.3915273127,64.979809115,63.9702597356,64.4356384277,25546000
2019-11-22,64.5773740691,64.7706598395,63.9013692058,64.1149749756,27776000
2019-11-25,64.2433493761,64.9446276928,64.211133815,64.7082214355,23590000
2019-11-26,64.9198378943,65.1230378991,64.6289223385,65.0729827881,21910000
2019-11-27,65.1929205661,65.3029450107,64.8980347872,65.0298614502,18808000
2019-11-29,64.7558091669,64.9218327558,64.5887873492,64.6314086914,12802000
2019-12-02,64.5555676256,64.6983067431,63.4563138304,63.8765907288,26538000
2019-12-03,63.3710726435,64.2914166831,63.2912824203,64.168006897,25270000
2019-12-04,64.7310074753,65.6315229561,64.5798439288,65.3673629761,35506000
2019-12-05,65.7668357638,65.8154086629,65.1384130103,65.7648544312,24408000
2019-12-06,66.0518071784,66.5335356915,65.9764787264,66.3808898926,32968000
2019-12-09,66.3546058379,67.2808936913,66.2163285236,66.5592880249,30842000
2019-12-10,66.4081567392,66.8076146015,66.1137624504,66.554359436,17606000
2019-12-11,66.8224694373,66.901268993,66.4656329846,66.6217498779,20480000
2019-12-12,66.5702143231,67.1337144113,66.3219200643,66.8318939209,29114000
2019-12-13,66.8026479556,66.9736324221,66.4933936977,66.7516021729,33170000
2019-12-16,67.1545206866,67.5772704505,66.9369522506,67.4370193481,28128000
2019-12-17,67.5217730805,67.6169299816,66.9448876766,67.1490783691,32948000
2019-12-18,67.2536453779,67.3740756041,66.9295235886,67.0013809204,23330000
2019-12-19,67.0013804364,67.2799164527,66.8447719883,67.2258911133,28922000
2019-12-20,67.5559592128,67.6005618762,66.9428956808,66.9671783447,50090000
2019-12-23,67.3393892758,67.4940163974,66.8076056794,66.9379501343,19936000
2019-12-24,66.9171299928,67.0063428909,66.617789979,66.6306686401,13468000
2019-12-26,66.735740734,67.560927913,66.6841958394,67.5247421265,23662000
2019-12-27,67.6005619143,67.7517254677,67.0554006054,67.136680603,23212000
2019-12-30,67.2442168335,67.2536319419,66.3040520869,66.3967285156,19994000
2019-12-31,66.2024716447,66.4438312344,66.0210813978,66.3808898926,19514000
2020-01-02,66.8279158996,67.8325042725,66.7327590165,67.8325042725,27278000
2020-01-03,66.8076001773,68.0837823931,66.7738948404,67.4776535034,23408000
2020-01-06,66.9875107749,69.3014955638,66.9562934422,69.276222229,46768000
2020-01-07,69.407553341,69.5582177994,68.9664648573,69.1424026489,34330000
2020-01-08,69.1280189014,69.9720362173,69.0194842398,69.6345291138,35314000
2020-01-09,70.4716090319,70.8061441598,69.8907610064,70.3655548096,33200000
2020-01-10,70.8453034781,71.1163981619,70.3561412229,70.820022583,26258000
2020-01-13,71.1317546272,71.4405173038,70.6421008382,71.3686599731,30730000
2020-01-14,71.3671643638,71.4975088018,70.7610355026,70.9008026123,26076000
2020-01-15,71.0212400418,71.4058302839,70.9538369266,71.3275222778,21550000
2020-01-16,71.6372780347,71.897475394,71.3671740128,71.8707122803,26080000
2020-01-17,72.4842611488,73.3768438109,72.1873940389,73.3257980347,52424000
2020-01-21,73.3000427849,73.8392678045,72.8644066848,73.4611206055,48930000
2020-01-22,73.8318133838,74.36954091,73.4814200668,73.5413818359,28458000
2020-01-23,73.7237720665,74.018657838,73.3654458494,73.5820236206,26650000
2020-01-24,73.9849386609,74.0533324245,72.5159625234,72.6641540527,29786000
2020-01-27,70.9478907981,71.1976748023,70.3511770036,70.9573059082,34132000
2020-01-28,71.4533966018,72.1006570033,70.8893975278,71.887550354,29724000
2020-01-29,72.2820558505,72.5635638693,71.6343038197,72.1948318481,21566000
2020-01-30,71.2730122106,72.1229736668,71.1193757448,72.0734176636,27110000
2020-01-31,72.7479196488,72.83762409,70.7258490528,71.0093383789,43822000
2020-02-03,72.4401606618,73.661833732,72.1903766268,73.4784545898,71636000
2020-02-04,72.085304064,72.7221511823,70.4765680319,71.6352920532,95880000
2020-02-05,72.5372887823,72.5853625603,70.8557047787,71.6670074463,36376000
2020-02-06,71.9608984073,73.4269027775,71.8865606361,73.1498565674,37822000
2020-02-07,72.7246329366,73.6097818566,72.626504045,73.305480957,28360000
2020-02-10,73.2123139026,74.7809015339,73.1117045629,74.7699966431,38302000
2020-02-11,74.9984672476,75.8216730414,74.6109050211,74.8393783569,34852000
2020-02-12,75.1268353281,75.3468842346,74.7704979689,75.2641220093,31042000
2020-02-13,74.8363973615,75.6268883889,74.5390311682,75.00440979,22914000
2020-02-14,75.0609201423,75.3344952694,74.6158614465,75.2690734863,23198000
2020-02-18,75.0515042451,75.8553731672,74.8864637898,75.3042602539,25642000
2020-02-19,75.6888564205,75.864302666,75.3805928296,75.5733795166,22746000
2020-02-20,75.282941024,75.6823987741,74.5519201829,75.1828308105,25962000
2020-02-21,74.5677984482,74.883503404,73.2747670817,73.5210800171,42520000
2020-02-24,70.5271244313,71.1877703165,69.7212740859,70.3690261841,49560000
2020-02-25,70.9211222464,71.2110471152,68.4143512765,68.7067565918,51580000
2020-02-26,69.1359574541,70.0622455107,68.2225556208,68.912437439,49776000
2020-02-27,67.3597075582,67.8681991411,65.1344367716,65.1696243286,62290000
2020-02-28,63.1554844093,66.5325369211,62.8531648472,66.3739471436,80198000
2020-03-02,66.975609135,68.763746362,65.6776172064,68.7067565918,55430000
2020-03-03,69.2697692754,69.7906479427,65.8778416969,66.2981185913,56602000
2020-03-04,67.3507775487,68.5313112774,66.262428707,68.4728317261,47598000
2020-03-05,66.6861681584,67.0866241416,64.5099696209,65.1602020264,54380000
2020-03-06,62.939392643,64.5649735429,62.3079905004,64.2175598145,64640000
2020-03-09,59.7184625692,62.0859695073,59.375503006,60.2552032471,69252000
2020-03-10,62.1682430507,63.2318102313,60.1917655822,63.1981086731,54872000
2020-03-11,61.8649285672,62.2941214542,59.0335327918,60.0128479004,54732000
2020-03-12,55.6376522411,58.9150901376,54.9363701676,55.0890159607,94326000
2020-03-13,58.233135825,60.186317532,55.1256880278,60.1798744202,79400000
2020-03-16,54.0016535974,56.7701043453,52.885055565,53.1784553528,96520000
2020-03-17,54.0527033456,55.8051616238,51.9939590555,55.4116516113,83194000
2020-03-18,52.531196912,54.7638977294,51.3942750539,54.0799636841,93044000
2020-03-19,53.932767855,57.1239723725,52.3136259289,55.0949630737,74064000
2020-03-20,56.0480036477,56.4236740823,52.638240418,52.9410552979,82878000
2020-03-23,52.3542669235,52.8766354264,50.0001413289,52.2432518005,83672000
2020-03-24,54.7138394966,56.1684399561,53.844049707,56.0038986206,72468000
2020-03-25,55.7347828659,56.804793052,53.6745527113,54.5968742371,90324000
2020-03-26,55.24611965,58.0591768576,54.121592502,57.6349372864,76562000
2020-03-27,55.8780265465,57.046665004,54.7148405352,55.0250892639,62794000
2020-03-30,56.1342461286,57.0441768544,54.4417533505,56.8117370605,58736000
2020-03-31,56.931671112,58.1543270908,56.3364471195,57.5868606567,65228000
2020-04-01,55.7060434569,55.9746614724,54.1939502569,54.6206665039,51970000
2020-04-02,54.5165897646,55.6450833845,54.1761106357,55.3606071472,56410000
2020-04-03,55.2456182227,55.4478237615,53.2815357073,54.1547889709,51374000
2020-04-06,56.152088294,59.0142061972,55.7556024971,58.6395301819,63320000
2020-04-07,60.3156633039,60.5025097526,58.3451375135,58.6083030701,61620000
2020-04-08,59.6262828358,60.2110973431,58.677198067,59.819568634,40334000
2020-04-09,60.3736514457,60.562475446,59.0969700988,59.7982521057,54028000
2020-04-13,59.5469873468,60.1922665215,58.5969119211,59.988571167,38702000
2020-04-14,61.4535827753,63.2268565435,60.8871031488,62.7054824829,63358000
2020-04-15,61.7777025047,63.1951340975,61.1577004887,62.312461853,42236000
2020-04-16,62.8001341851,63.1084015266,61.3658537072,62.318901062,57896000
2020-04-17,63.5217359734,63.933089316,62.7436357353,63.3879241943,51050000
2020-04-20,62.9364285544,63.2798834636,62.2698387372,62.5032691956,35292000
2020-04-21,61.5893727673,61.9506672132,59.7204431936,60.0752983093,49648000
2020-04-22,61.5100784583,63.4315399443,61.3162973322,62.367477417,46296000
2020-04-23,62.7307455347,63.8413994894,62.4725371031,62.9998588562,34202000
2020-04-24,62.1984687932,63.3239903407,61.6533036875,63.2689781189,37402000
2020-04-27,64.0322098101,64.1362902612,62.6970488741,62.984500885,44186000
2020-04-28,63.5960829683,63.6733927455,60.9782928439,61.0878219604,80700000
2020-04-29,66.6589169634,67.4097587368,65.7534480814,66.5191574097,108358000
2020-04-30,65.9829147776,66.9067223652,65.4942440903,66.7431716919,55842000
2020-05-01,65.6226123034,66.9776017937,64.9074571145,65.2870864868,48872000
2020-05-04,64.8316326664,65.6414532425,64.2309561227,65.5636367798,30806000
2020-05-05,66.2872280252,67.9480008368,66.1648164451,66.8581619263,39666000
2020-05-06,67.3032146782,67.8330169706,66.6653692594,66.6802368164,31732000
2020-05-07,67.4672552406,68.1953042119,67.0326098611,67.8622512817,30652000
2020-05-08,68.483742943,69.2182274214,67.9975526955,68.6086349487,33326000
2020-05-11,68.2344491437,70.1544207533,68.1705171428,69.5626678467,32718000
2020-05-12,69.7921358669,70.0949469683,68.1214492344,68.1546554565,33918000
2020-05-13,68.2032237543,68.6576975456,65.8168828107,66.8239517212,40368000
2020-05-14,66.089983989,67.2720003281,65.583473619,67.2467269897,36660000
2020-05-15,66.8204918598,68.1249195115,66.361556264,68.0495910645,41544000
2020-05-18,67.4806395577,69.025935254,67.114879521,68.6502685547,47094000
2020-05-19,68.6651288634,69.0125426316,68.0842808725,68.1159973145,31586000
2020-05-20,68.8474965074,69.9809469421,68.7612631936,69.8387069702,38262000
2020-05-21,69.929411077,70.2005057215,69.1067044718,69.7192764282,30894000
2020-05-22,69.5780334701,70.2272752563,69.1840281317,70.0409317017,28544000
2020-05-26,71.4643095581,71.6204264553,70.3462255073,70.4438552856,44590000
2020-05-27,70.3759470268,70.6410976562,69.1171129919,70.3898239136,31684000
2020-05-28,69.3847477529,71.5882086759,69.339154421,70.288734436,35170000
2020-05-29,70.3972778219,71.2051170479,70.1767373502,71.0460281372,37044000
2020-06-01,70.6584488662,71.4454687856,70.4889466565,71.1129150391,25162000
2020-06-02,71.1193624308,71.5158481938,70.4557446781,71.4816513062,23442000
2020-06-03,71.5009786349,71.8137039452,70.9518471164,71.3299942017,27732000
2020-06-04,71.2075891901,71.4325990013,69.6826134395,70.0934677124,26982000
2020-06-05,70.159876414,71.6794071998,69.7623999386,71.3681640625,42642000
2020-06-08,70.6872055171,71.8132149258,70.5979926182,71.7656402588,33878000
2020-06-09,71.6268691167,72.7449531604,71.4841299955,71.9658584595,33624000
2020-06-10,72.4332179955,72.9912655662,72.0788619852,72.5913162231,31762000
2020-06-11,71.4182210673,71.942079346,69.3059541879,69.4789199829,47144000
2020-06-12,70.6663790547,71.0950803766,68.6809857868,70.0250701904,36676000
2020-06-15,68.8638691116,70.6237611377,68.7503735525,70.4126358032,30468000
2020-06-16,71.8132116186,72.2181218518,70.8215093746,71.687828064,30648000
2020-06-17,72.0084911698,72.4674192104,71.1258150848,71.9886627197,30610000
2020-06-18,71.8553461809,72.0099733047,70.6852180696,71.0757598877,34862000
2020-06-19,71.3671818443,71.5902027751,70.3264074175,70.6059341431,52784000
2020-06-22,70.6242710119,71.9098685592,70.3358282963,71.8954925537,29442000
2020-06-23,71.9618992709,73.1117073761,71.6149770193,72.5556335449,37752000
2020-06-24,72.5209469699,73.1409452594,70.8715707798,71.0053863525,31592000
2020-06-25,70.9320305102,71.4821527867,70.3531637871,71.4216918945,23958000
2020-06-26,71.0018968526,71.2194652635,67.1545129638,67.5281982422,97640000
2020-06-29,67.4191702773,69.2856230599,66.9884876344,69.2444839478,45074000
2020-06-30,69.2301285211,70.5742055797,68.7369960081,70.2793197632,40286000
2020-07-01,70.3348314703,71.7874506988,70.0875203356,71.466293335,42182000
2020-07-02,71.9539643544,73.7718442731,71.91579724,72.8505096436,57218000
2020-07-06,73.7535126729,74.8364091718,73.1999193092,74.3234558105,44712000
2020-07-07,74.1489966408,75.3974249601,73.8303197812,73.8412246704,42364000
2020-07-08,74.3804343257,74.8943782231,73.9591668524,74.519203186,31766000
2020-07-09,74.832938089,75.784998585,74.1222447231,75.2656021118,41836000
2020-07-10,74.9974883686,76.3896468313,74.3764993777,76.2741699219,35918000
2020-07-13,76.8158557336,78.1252441955,74.6659210383,74.9469299316,42954000
2020-07-14,73.9834737598,75.470781347,73.6434861941,75.3746337891,38108000
2020-07-15,75.4920977478,76.1413395893,74.2332634031,75.1773910522,31026000
2020-07-16,74.4151384058,75.1293104161,73.7594535122,75.0802459717,26484000
2020-07-17,75.1788753192,75.5020140305,74.2466432023,75.1759033203,34264000
2020-07-20,75.0842224959,77.760987902,74.4746299357,77.5047607422,30166000
2020-07-21,78.5549487221,78.6550589598,76.9486853271,77.1122360229,27486000
2020-07-22,77.1018179341,77.6603646079,76.4833019252,77.5548019409,24482000
2020-07-23,77.6083388792,77.8273971352,74.766533111,75.1709518433,33910000
2020-07-24,74.3006634555,75.1055230549,73.7257594203,74.7476959229,29902000
2020-07-27,74.9979813015,76.2022987381,74.951888852,75.799369812,27124000
2020-07-28,75.5798126527,75.6298677625,74.3665717756,74.521697998,30910000
2020-07-29,74.5886017542,75.992647956,74.4899737532,75.5059661865,22676000
2020-07-30,74.2401969484,76.3673389095,74.1014280483,76.2424468994,36042000
2020-07-31,74.1945862803,74.5895822202,72.0610017058,73.7435836792,91468000
2020-08-03,73.8947628922,74.2282997972,72.9392312722,73.4863815308,45482000
2020-08-04,73.6821561712,73.9993433382,72.558120414,73.0175476074,37212000
2020-08-05,73.1919918045,73.84519626,72.9144464595,73.3044891357,29134000
2020-08-06,73.1587824188,74.6515423835,72.9481486442,74.5861206055,33306000
2020-08-07,74.7888289389,75.3364707021,73.6603316281,74.260017395,27718000
2020-08-10,73.8848477446,74.6951597833,73.2251925962,74.1832046509,20546000
2020-08-11,74.0434394133,74.8582208142,73.2598904675,73.3763580322,31098000
2020-08-12,73.702468373,74.9191804607,73.5973972519,74.6996231079,22512000
2020-08-13,74.7476894922,76.1730539004,74.7476894922,75.165977478,22388000
2020-08-14,75.0153178488,75.3216076429,74.2912391563,74.5702667236,21942000
2020-08-17,75.1322826257,75.5193532993,74.5886035084,75.1456604004,19990000
2020-08-18,75.6353260608,77.1840928334,75.4147856048,77.1052932739,28378000
2020-08-19,76.9422386762,77.7535490055,76.323231045,76.5517044067,30472000
2020-08-20,76.3217300453,78.3140655634,76.048654053,78.1197891235,26382000
2020-08-21,77.8992398661,78.8944207241,77.428915443,78.0860900879,34838000
2020-08-24,78.923670691,79.7320090326,78.0598323486,78.5608901978,25638000
2020-08-25,78.3105946023,79.7369496907,78.2005701598,79.5867843628,25150000
2020-08-26,79.6090930986,81.913163495,79.3454321909,81.4839630127,52188000
2020-08-27,81.6068725322,81.6752663144,80.2290902265,80.7103271484,31350000
2020-08-28,80.7574058968,81.346179229,80.5661014503,81.2510223389,22418000
2020-08-31,81.4562094341,81.5023018831,80.5522302573,80.760383606,26422000
2020-09-01,80.8907258656,82.2318308194,80.7603814144,82.0266494751,22652000
2020-09-02,82.6674605254,85.5464346757,82.2798983142,85.1147613525,49522000
2020-09-03,84.2291208897,84.2529120042,79.6789681571,80.7593917847,63726000
2020-09-04,79.7428912562,81.0309689713,76.2226083166,78.3656082153,55850000
2020-09-08,75.579813827,77.0938845003,75.1585462659,75.5104293823,54032000
2020-09-09,76.7643112926,77.2509930776,75.5882392689,76.6815490723,39242000
2020-09-10,76.8277516675,77.9914290191,75.3320120814,75.6318511963,33024000
2020-09-11,75.7359338284,76.25879385,73.9948719675,75.1218795776,30706000
2020-09-14,75.9093897485,77.1657511198,74.5940572697,74.7784194946,42660000
2020-09-15,75.7230564003,76.8679036978,75.4361034668,76.0813751221,23042000
2020-09-16,76.4461247442,77.0353971307,74.9151977764,74.9399795532,22128000
2020-09-17,73.6375339561,74.2743886337,72.4802997209,73.6984939575,40008000
2020-09-18,73.7609532771,74.1029222163,70.9518622067,71.9168014526,63056000
2020-09-21,70.9518566352,71.3701446599,69.5175760983,70.8785095215,56908000
2020-09-22,71.8786408017,72.5551448912,70.846790002,72.3494644165,33950000
2020-09-23,71.9663496586,72.0154140992,69.5175667204,69.850112915,37726000
2020-09-24,69.517573505,71.2675513276,69.4913019447,70.5177001953,34552000
2020-09-25,70.6262435715,71.6615578347,69.7653773114,71.3205871582,30326000
2020-09-28,72.9526228078,73.0021788111,71.6784217306,72.2919769287,30784000
2020-09-29,72.5521738964,72.9531139493,72.0610227097,72.6567459106,31816000
2020-09-30,72.4049866958,73.6568866673,72.1482679483,72.6359405518,40924000
2020-10-01,73.5309923128,74.0964813027,73.1910046962,73.7411270142,32884000
2020-10-02,72.3400410867,73.3015166578,71.7314393011,72.1403121948,31222000
2020-10-05,72.4897110884,73.5825217153,72.3628377612,73.4898452759,21602000
2020-10-06,73.1265632506,73.57359566,71.615464693,71.9133224487,26096000
2020-10-07,72.3241898255,72.8029463247,71.0316501253,72.3157653809,36108000
2020-10-08,72.6284917277,73.747566532,72.6284917277,73.5195922852,26076000
2020-10-09,73.9869400771,74.9280956911,73.69651606,74.8587112427,32966000
2020-10-12,76.2240954856,78.722933498,75.7929137388,77.5419082642,55344000
2020-10-13,78.1574664527,78.5613860496,77.2465450298,77.6648330688,39072000
2020-10-14,78.0380261496,78.4964550744,76.6156335723,77.4849243164,33174000
2020-10-15,76.5462333663,77.8794127687,76.3792191677,77.0899124146,31210000
2020-10-16,77.4051370298,78.1921571295,77.1984734512,77.6960601807,34194000
2020-10-19,78.1039311311,78.5004169035,75.4767298442,75.8251342773,29734000
2020-10-20,75.48614594,78.0003508185,75.356792162,76.8723526001,41670000
2020-10-21,77.8026098877,80.0472100735,77.6683027674,78.6025161743,60322000
2020-10-22,78.5534488552,79.9619569162,78.1807541723,79.6269302368,30512000
2020-10-23,80.0427459211,80.9878641912,79.887120575,80.9313659668,30548000
2020-10-26,80.0402684612,80.7628574112,77.7000198083,78.5182647705,35826000
2020-10-27,78.7482309463,79.3959830253,78.1564779818,79.241355896,25902000
2020-10-28,76.8193239229,77.0076488026,74.7610750838,74.8760528564,45174000
2020-10-29,75.1843334855,78.7388142058,75.161041482,77.1598205566,55406000
2020-10-30,82.6392236332,83.3271241303,79.3746682708,80.0952758789,99878000
2020-11-02,80.4635157068,82.1832669357,80.002598783,80.5021743774,44228000
2020-11-03,80.8213368334,82.2209212646,79.89703017,81.5597839355,31432000
2020-11-04,84.5294616974,87.723642,84.4015976874,86.5252685547,71342000
2020-11-05,87.7444539797,88.8035669769,86.2863822799,87.3504486084,39758000
2020-11-06,86.7973577422,87.6478183053,86.0707985294,87.2131729126,28622000
2020-11-09,89.0097451412,90.0460501985,87.1051323766,87.2969284058,53440000
2020-11-10,85.7283319823,87.1958187469,85.0518279344,86.1223373413,43022000
2020-11-11,86.6516312552,87.3702574478,86.3869797116,86.5936508179,31838000
2020-11-12,86.3344515505,87.4733547162,86.1347226524,86.3750915527,26474000
2020-11-13,86.6318161905,88.0755117837,86.0361006202,87.8341522217,29744000
2020-11-16,87.4317145132,88.9284446434,87.2924465193,87.9218673706,25468000
2020-11-17,87.6160879091,88.0760141652,87.2012709976,87.3088150024,21314000
2020-11-18,87.0600156222,87.4743409531,86.1644534008,86.2670440674,20108000
2020-11-19,85.8998003434,87.3995025332,85.7407114583,87.1556625366,20106000
2020-11-20,87.3256626356,87.6408684301,85.9875296805,86.0559234619,27694000
2020-11-23,86.2462445751,86.5322068342,84.757447041,85.6188049316,22530000
2020-11-24,85.6158196182,87.5476866884,85.2802938462,87.4198226929,27984000
2020-11-25,87.6136247487,87.7409896549,86.6496685759,87.4312362671,19600000
2020-11-27,87.4515523483,89.0607876744,87.4515523483,88.5656738281,14790000
2020-11-30,88.0021665116,88.2346025203,86.6238851085,86.949005127,32418000
2020-12-01,87.5566189073,90.2854204545,87.3767108902,88.9790039062,37350000
2020-12-02,88.9790082035,90.831584442,88.4739876961,90.4464950562,29424000
2020-12-03,90.2269354627,91.3811977041,90.0514892354,90.2913665771,24728000
2020-12-04,90.2110817791,90.6710004747,89.882490641,90.3865280151,20544000
2020-12-07,89.9796238434,90.6605896338,89.3596256167,90.0529785156,22288000
2020-12-08,89.6312168568,90.0004404045,88.7767937591,89.7704772949,19936000
2020-12-09,89.7224040244,90.6149942425,87.3256573814,88.1116867065,31728000
2020-12-10,87.3553992428,87.9694535059,85.9146755908,87.605682373,28688000
2020-12-11,87.2265434156,88.0844376858,86.8667349525,87.9600372314,18628000
2020-12-14,87.7578405761,88.703450456,86.6878226723,86.8429489136,33050000
2020-12-15,87.2195989935,87.4247803335,86.3181003071,87.2800674438,21352000
2020-12-16,87.6780348803,87.6780348803,86.6843513068,87.087272644,24676000
2020-12-17,87.4213177994,87.5590960272,85.7967235108,86.2606048584,34880000
2020-12-18,86.5411212346,86.6496559018,84.9963171868,85.5523834229,85256000
2020-12-21,84.7053970489,86.086650473,83.9555458889,85.9657211304,33974000
2020-12-22,85.7065296904,85.8690897168,84.5393810675,85.2550354004,20370000
2020-12-23,85.4389013721,86.4390281336,85.3035960208,85.6520080566,22974000
2020-12-24,85.6901491758,86.3547575447,85.4596945375,85.9458847046,9312000
2020-12-28,86.4786632024,88.5646657318,86.3255258834,87.9183959961,27650000
2020-12-29,88.5760763071,88.63752786,86.98418918,87.115524292,19726000
2020-12-30,87.4743342115,87.6111217563,85.6405961399,86.0494689941,21026000
2020-12-31,86.100039142,87.1026463547,86.0415520197,86.8617858887,21070000
2021-01-04,87.2265476559,87.3499498877,84.6067798324,85.5479354858,37324000
2021-01-05,85.4963815618,86.5738255573,85.0904806738,86.2378082275,20360000
2021-01-06,84.2657924584,86.4320844483,84.0596204593,85.3868484497,46588000
2021-01-07,85.5791598619,88.1097225544,85.5791598619,87.9372558594,41936000
2021-01-08,88.077008176,89.1772527342,87.287008535,89.1014251709,35484000
2021-01-11,88.0700601295,88.4348294796,86.8369983101,87.0426712036,34796000
2021-01-12,86.5009706007,87.618063938,85.0647088188,86.1079559326,29528000
2021-01-13,85.6068880063,87.0476189587,85.6068880063,86.5946350098,23432000
2021-01-14,86.6749194295,87.6007158018,85.5449399688,85.7853088379,29212000
2021-01-15,85.6911572163,86.6129835189,84.8332704807,85.6217727661,31444000
2021-01-19,86.3840233555,89.3992864494,85.8799935071,88.4393005371,41660000
2021-01-20,90.5158633366,94.1511315968,90.1758833588,93.1772689819,64152000
2021-01-21,93.8503019179,95.7549067046,93.1445543931,93.3794708252,58634000
2021-01-22,93.7417630189,94.3825803422,93.0003363625,93.7962799072,32744000
2021-01-25,94.7964300906,95.2464421617,92.1409754605,93.8815383911,50586000
2021-01-26,93.4706720808,94.9455925606,92.982008961,94.5590209961,31462000
2021-01-27,92.9215395649,93.1970960132,89.0741550646,90.1476364136,82512000
2021-01-28,90.745359259,93.5698096455,90.745359259,91.8456039429,55278000
2021-01-29,90.8950071152,91.5650680162,89.2862786529,90.5649337769,44530000
2021-02-01,91.418865457,94.935185958,91.418865457,93.8215637207,40252000
2021-02-02,94.8157503649,96.6118206876,94.4807161188,95.1126174927,66332000
2021-02-03,102.37273665,104.405213115,99.7926108403,102.0391922,97882000
2021-02-04,102.125437739,102.555621349,100.860651796,101.779014587,48596000
2021-02-05,102.072898763,103.875911382,101.599103165,103.523536682,29866000
2021-02-08,104.077128066,104.820536124,102.260737706,103.309928894,28828000
2021-02-09,102.828201203,104.003282637,102.59031274,102.857444763,21892000
2021-02-10,103.241534334,104.021619724,101.710115562,103.407066345,25102000
2021-02-11,103.631091265,103.779766834,102.533818681,103.519577026,20480000
2021-02-12,103.074501152,104.05232637,102.767220738,103.830795288,18990000
2021-02-16,103.668247646,106.314286773,103.668247646,104.607421875,31004000
2021-02-17,103.778780242,105.189277368,103.499760201,104.999954224,20294000
2021-02-18,104.324910388,105.166946291,103.746535342,104.36505127,22546000
2021-02-19,104.463201247,104.997956807,103.255904342,103.522537231,37938000
2021-02-22,101.777511702,103.102266817,101.499973925,101.810218811,29466000
2021-02-23,99.8144237689,102.714209668,98.6368619383,102.100646973,34658000
2021-02-24,100.609865134,103.498254501,100.485472248,103.274734497,22608000
2021-02-25,101.893006332,103.234610568,99.4427330132,99.9115753174,41548000
2021-02-26,100.605406827,101.922229108,99.1711263181,100.206939697,40042000
2021-03-01,101.499982019,102.899075021,100.826949075,102.57346344,26060000
2021-03-02,102.334573868,103.816436616,101.929671187,102.316734314,25564000
2021-03-03,101.695746151,102.88717733,98.8237064156,99.6865615845,33892000
2021-03-04,99.8580465289,102.817802084,99.3901949031,100.80267334,49216000
2021-03-05,102.151703161,104.384400201,100.497865264,103.931915283,53100000
2021-03-08,103.287132463,104.758082743,99.378288735,99.4927749634,36868000
2021-03-09,101.58671661,102.288985567,100.885430756,101.121337891,33920000
2021-03-10,102.164092071,102.164092071,100.079079887,100.914672852,27100000
2021-03-11,102.006490229,104.635673052,101.918767111,104.103889465,27702000
2021-03-12,102.90799516,102.967465383,100.727826166,101.599098206,33818000
2021-03-15,101.350302967,101.846399867,100.498360278,101.819145203,26168000
2021-03-16,102.39157158,104.755112157,102.059516895,103.278709412,31900000
2021-03-17,102.514480748,104.027560809,101.307682921,103.19593811,26382000
2021-03-18,101.508888022,102.528351563,100.071635605,100.178688049,31700000
2021-03-19,100.5945163,100.956797669,99.2662899237,100.457229614,46072000
2021-03-22,100.490434717,101.516833044,99.8149213119,100.642089844,33536000
2021-03-23,101.101016921,102.298399699,100.508772425,101.169410706,28510000
2021-03-24,101.686335345,102.471374151,100.558336923,100.733291626,25218000
2021-03-25,100.560801876,101.383009449,98.9272840583,100.729804993,35616000
2021-03-26,100.69658914,101.073246444,99.3118647935,100.346694946,27978000
2021-03-29,100.219338317,101.559951765,99.3911791329,101.390449524,26492000
2021-03-30,101.746795777,102.227034488,100.912692584,101.424156189,27312000
2021-03-31,101.817167062,103.396168049,101.450416371,102.219596863,42570000
2021-04-01,103.693037184,105.848916019,103.65239718,105.553039551,39880000
2021-04-05,106.41389757,110.46993447,106.317750014,109.972839355,48510000
2021-04-06,109.574374245,110.420872044,109.12188935,109.492103577,35240000
2021-04-07,109.682423421,111.238623983,109.682423421,110.967529297,24134000
2021-04-08,112.20505029,112.591130313,111.164775125,111.532516479,28664000
2021-04-09,111.285211815,112.699172317,110.87980246,112.535621643,26146000
2021-04-12,111.71539909,111.852678208,110.411954545,111.2445755,25024000
2021-04-13,111.560265705,112.178781712,111.16675192,111.730751038,25682000
2021-04-14,112.375038158,112.375038158,110.818346163,111.11025238,21002000
2021-04-15,112.103455421,113.790991028,111.569191404,113.258209229,29174000
2021-04-16,113.455956761,113.703759435,112.5480074,113.134307861,26282000
2021-04-19,112.511343596,114.191937066,112.511343596,113.481735229,30290000
2021-04-20,113.864826386,113.939663275,111.864073944,112.948951721,22288000
2021-04-21,112.604010727,112.998016059,111.254473834,112.916244507,23204000
2021-04-22,112.770043078,113.438122689,111.03146161,111.636100769,24146000
2021-04-23,112.353727915,114.292537256,112.06875636,113.98575592,29066000
2021-04-26,114.213238721,115.204948506,113.856402275,114.481361389,32038000
2021-04-27,114.862983113,114.903623115,113.303311502,113.542198181,44386000
2021-04-28,118.573582926,120.500496817,116.626848149,116.915290833,81106000
2021-04-29,118.411524434,119.15146138,117.649278592,118.586471558,41234000
2021-04-30,117.360348782,118.04576886,116.296781549,116.640731812,44856000
2021-05-03,117.206211614,118.030899699,115.748639022,116.124305725,28242000
2021-05-04,114.660773615,115.227744744,111.842267744,114.327728271,44818000
2021-05-05,115.40813928,115.723836586,114.399580688,114.721229553,26636000
2021-05-06,114.302946496,115.840316772,113.644289588,115.840316772,25190000
2021-05-07,117.155670825,117.520432655,116.276957353,116.562919617,28898000
2021-05-10,115.383856764,115.525605212,113.223017227,113.580352783,30914000
2021-05-11,111.167760074,113.011904257,110.714276914,112.505393982,34186000
2021-05-12,110.331183103,111.411107722,108.716994397,109.045578003,46376000
2021-05-13,110.327699284,110.987845982,109.366223684,110.472419739,33204000
2021-05-14,111.934454415,113.231947367,111.511205504,112.917732239,31996000
2021-05-17,112.183740216,113.482722959,111.784282416,113.440101624,21598000
2021-05-18,114.10569643,114.369856437,112.115342166,112.129219055,22204000
2021-05-19,110.442183651,112.749717491,110.293999648,112.576751709,23684000
2021-05-20,113.543203219,114.583970049,113.172489825,114.333694458,32352000
2021-05-21,114.852081594,114.92543627,113.458932614,113.698310852,40632000
2021-05-24,114.727190427,117.237924382,114.581978417,117.014411926,31832000
2021-05-25,117.557579782,118.15230465,116.715052254,117.10509491,22440000
2021-05-26,117.286005584,118.399635516,117.283033585,117.969451904,21572000
2021-05-27,118.40261134,118.40261134,116.777525295,117.095703125,35224000
2021-05-28,117.677535611,117.759307173,116.608515935,116.806755066,21482000
2021-06-01,117.678521959,118.237068669,116.679378324,118.012557983,23354000
2021-06-02,118.407554074,118.630083427,116.584221488,117.487716675,21158000
2021-06-03,116.255634775,116.815172136,115.4522574,116.347320557,18696000
2021-06-04,117.4222773,118.897197637,117.082289767,118.626594543,24458000
2021-06-07,118.421926516,119.168805664,118.003638498,119.059272766,24120000
2021-06-08,119.540514726,119.912710311,118.68658309,118.867973328,24240000
2021-06-09,119.511756667,119.583613993,118.791640683,119.338790894,17942000
2021-06-10,119.288245668,120.729468411,119.132627884,120.686347961,25904000
2021-06-11,120.927723057,121.012965737,119.884967312,120.44203186,21958000
2021-06-14,120.544113646,121.369792394,119.837382912,121.369300842,22098000
2021-06-15,121.373755241,121.696394829,119.992010216,120.35231781,21562000
2021-06-16,120.50345568,120.814698778,118.419933566,119.710983276,26472000
2021-06-17,119.636657862,121.445614399,119.440891627,120.673461914,25842000
2021-06-18,120.300270531,120.534196326,118.960156214,119.05531311,46116000
2021-06-21,119.441386894,120.92770381,118.8446731,120.741851807,27414000
2021-06-22,120.679906837,121.324195326,119.999939238,121.255302429,22390000
2021-06-23,121.02039027,122.013582372,120.763671582,121.053596497,19148000
2021-06-24,121.621556081,121.973930777,121.22507783,121.423316956,21362000
2021-06-25,120.927709994,121.555149597,120.496535743,121.431739807,34594000
2021-06-28,121.600249052,121.705819292,120.33844269,121.459007263,28526000
2021-06-29,121.592319419,121.939740782,120.621428676,121.197814941,23108000
2021-06-30,120.922252231,121.182449576,120.287877992,121.016418457,24474000
2021-07-01,120.655120035,121.509543168,120.463324033,121.368301392,18110000
2021-07-02,122.06760326,124.301790073,121.977898809,124.156578064,25982000
2021-07-06,124.544142348,125.316793971,123.487509814,125.080886841,26404000
2021-07-07,126.044337451,126.165259228,125.044203194,125.362380981,24060000
2021-07-08,122.935903628,124.491605066,122.931940963,123.944953918,23790000
2021-07-09,123.926120958,124.629380543,123.4567796,124.415283203,18632000
2021-07-12,125.068983057,125.952649741,124.506965268,125.859474182,17668000
2021-07-13,125.92191367,126.931954552,125.561114562,126.222251892,19240000
2021-07-14,126.833346662,128.189825908,126.790226211,127.109893799,23742000
2021-07-15,127.51828062,127.568827289,125.417901662,125.888725281,24218000
2021-07-16,126.540936612,126.688129953,125.044705417,125.854026794,20424000
2021-07-19,124.981267676,125.095753908,122.419480359,123.483055115,27968000
2021-07-20,124.424199613,125.926382358,123.257550225,125.100212097,26312000
2021-07-21,125.024884715,126.474532001,124.915850924,126.427947998,20746000
2021-07-22,126.720346725,127.353730323,126.378377812,127.292762756,14302000
2021-07-23,129.284099116,132.226513788,128.659646681,131.84588623,41506000
2021-07-26,132.156645997,133.057154047,131.138664593,132.856933594,30572000
2021-07-27,133.07054257,133.217735915,128.96048755,130.740692139,54710000
2021-07-28,135.113898103,137.081451783,134.088490599,134.89781189,95130000
2021-07-29,134.95334531,135.459855605,134.351685674,134.584121704,31716000
2021-07-30,133.848133803,134.1152658,133.074990706,133.54234314,25576000
2021-08-02,133.929425022,134.146993479,132.618055158,133.669235229,21634000
2021-08-03,133.947252406,134.539005315,132.147718578,134.437911987,20762000
2021-08-04,134.159865907,134.457232121,133.304943712,133.937835693,19676000
2021-08-05,134.487989747,135.151615261,133.660821087,135.053970337,17870000
2021-08-06,134.846285566,135.272997997,134.021597586,134.545440674,20488000
2021-08-09,134.747650513,135.978239308,134.149938549,135.709609985,17760000
2021-08-10,136.134854709,136.561582288,135.165952909,135.604568481,19414000
2021-08-11,135.975755925,136.472344313,135.073750677,135.081192017,15352000
2021-08-12,134.780348027,136.093215025,134.23519431,135.988143921,16506000
2021-08-13,136.043701721,136.644877449,135.828613666,136.516998291,15948000
2021-08-16,136.31625186,137.146399935,134.109818795,137.093856812,22384000
2021-08-17,136.539291621,137.050263707,134.885952685,135.460357666,21716000
2021-08-18,135.300241101,135.899435264,134.132102121,134.258483887,19258000
2021-08-19,133.253903938,135.15404706,133.070033268,134.487457275,21782000
2021-08-20,134.804648157,136.344990352,134.061240171,136.221588135,31194000
2021-08-23,136.756813601,139.636278869,136.397995887,138.81060791,28454000
2021-08-24,139.375616702,140.831215395,139.105021147,140.01991272,19268000
2021-08-25,140.380211013,140.939748347,140.133406574,140.830215454,15848000
2021-08-26,140.504130992,141.165759966,140.114579823,140.197357178,20610000
2021-08-27,140.407463209,143.242326278,140.253327654,142.738296509,28780000
2021-08-30,143.130809559,144.687516629,142.895893122,143.319641113,24434000
2021-08-31,143.871278063,143.895553169,143.012892167,143.425720215,22448000
2021-09-01,143.725572651,144.968548873,143.61009574,143.939178467,21936000
2021-09-02,143.939664807,144.24049461,141.92650995,142.027618408,32342000
2021-09-03,141.822915588,142.887964859,141.148884506,142.476119995,19850000
2021-09-07,142.570295761,143.294374438,142.356689981,143.012374878,20124000
2021-09-08,142.833471733,143.130822852,141.743133884,142.42805481,18344000
2021-09-09,142.576240285,143.042110516,141.919073167,142.279373169,15314000
2021-09-10,142.944947855,143.446512259,139.500999323,139.637786865,36840000
2021-09-13,140.701852736,141.693562522,140.008507405,141.081497192,22094000
2021-09-14,141.738650681,142.102928432,140.504099239,141.291610718,19674000
2021-09-15,141.516647784,143.18089151,140.105167643,143.160079956,27408000
2021-09-16,142.685270169,143.031700835,141.149888854,142.347763062,26190000
2021-09-17,141.773379722,142.189187332,139.23538336,139.562484741,53384000
2021-09-20,136.947165124,137.778296318,135.12384006,137.500259399,46518000
2021-09-21,138.521198891,138.78090469,137.062635706,137.811004639,25332000
2021-09-22,138.079608252,139.648687319,137.333719823,139.050491333,25056000
2021-09-23,139.748361443,140.451129667,139.167513259,139.974853516,20952000
2021-09-24,139.303248602,141.079505375,139.008362844,140.965011597,22984000
2021-09-27,139.566926359,140.690961914,138.836404583,139.832077026,21882000
2021-09-28,137.436321439,137.873938795,134.170283926,134.636154175,45772000
2021-09-29,135.776048456,135.945550702,132.688436555,133.172637939,30848000
2021-09-30,133.081432107,134.351163617,132.382127679,132.501068115,37996000
2021-10-01,133.265793533,135.707158042,132.89458864,135.342880249,35360000
2021-10-04,134.7655122,134.7655122,129.898179509,132.484741211,51202000
2021-10-05,132.862864213,136.018385426,132.862864213,134.827438354,32404000
2021-10-06,133.565650533,136.539282826,133.367411405,136.355911255,24364000
2021-10-07,137.67124658,138.811148057,137.432367442,138.001327515,25110000
2021-10-08,138.350190854,139.097561431,137.993853565,138.556869507,26526000
2021-10-11,138.067722498,139.475239819,137.638514489,137.69303894,17954000
2021-10-12,138.254075911,138.280846588,134.566770585,135.249725342,36332000
2021-10-13,136.194830274,136.787082322,135.319096431,136.372756958,19654000
2021-10-14,138.248137898,140.095254192,137.604840014,139.910400391,31894000
2021-10-15,140.369796866,140.472387527,139.517854251,140.125457764,30274000
2021-10-18,139.836564178,141.540948926,139.829621951,141.523101807,20396000
2021-10-19,142.127232543,142.399824582,141.346663129,141.978057861,20164000
2021-10-20,142.078143647,142.284323197,140.133881981,140.52293396,23288000
2021-10-21,140.522970506,140.906577702,139.2651267,140.638946533,26292000
2021-10-22,137.926985141,139.347388973,134.860184548,136.357406616,50588000
2021-10-25,136.3410442,136.787086021,134.233723089,136.238952637,34412000
2021-10-26,138.039473262,138.851759045,137.088902578,138.084075928,49236000
2021-10-27,138.1797345,147.343473117,138.1797345,144.932357788,85782000
2021-10-28,145.841301429,145.864593429,143.355833262,144.567092896,36206000
2021-10-29,143.802865898,146.93905794,143.378134783,146.744781494,43320000
2021-11-01,146.744808141,146.744808141,141.966665423,142.235778809,46924000
2021-11-02,143.308736314,145.320393579,143.066877652,144.15423584,33482000
2021-11-03,144.618130154,145.379884388,143.320145707,145.309509277,27494000
2021-11-04,145.83138101,148.417458543,145.022059619,146.96434021,38412000
2021-11-05,147.858415578,149.006242415,146.89447456,147.543716431,38354000
2021-11-08,148.508127509,149.291192365,147.125883579,147.721115112,23052000
2021-11-09,147.921353829,148.51756854,145.950820347,147.609619141,19530000
2021-11-10,146.203577064,146.768574419,143.267121439,144.611190796,29970000
2021-11-11,145.201958244,146.238769814,144.320764451,144.485305786,16518000
2021-11-12,145.326858833,147.541731555,144.132947135,147.371231079,22360000
2021-11-15,147.591761094,148.235058873,146.277910874,147.147201538,23508000
2021-11-16,146.847403932,147.455007619,146.017754847,146.576309204,18904000
2021-11-17,146.72644398,147.253765794,145.945874598,146.745773315,19594000
2021-11-18,146.938566492,149.25701287,146.584709585,148.521530151,35608000
2021-11-19,148.657299115,149.639601278,147.590268532,147.617523193,33682000
2021-11-22,148.019979679,148.51260548,144.862975943,145.016113281,30594000
2021-11-23,144.86842802,145.370975633,142.84834603,144.500686646,27218000
2021-11-24,144.194891237,144.96407174,143.104069383,144.835708618,18040000
2021-11-26,143.07976737,143.286930034,140.595796725,140.933303833,30470000
2021-11-29,142.734323203,145.01163011,142.628752984,144.251373291,32596000
2021-11-30,143.733994227,144.716780608,140.356941241,140.650344849,42068000
2021-12-01,142.734338596,144.667695521,139.673482543,139.811752319,34020000
2021-12-02,140.008505996,142.600028208,138.982100217,141.70942688,29194000
2021-12-03,142.41813001,143.130804624,139.067833341,140.753387451,41230000
2021-12-06,141.783248232,142.588107682,138.918151259,141.896743774,30618000
2021-12-07,144.316798124,146.234304323,143.951038127,145.975097656,32240000
2021-12-08,146.299207339,147.088715269,145.119180352,146.884017944,24270000
2021-12-09,146.293767721,147.789507186,145.821953531,146.34085083,23270000
2021-12-10,147.393030594,147.668087938,145.414571825,146.700668335,24458000
2021-12-13,146.482603483,146.669453724,144.238510001,144.544799805,27070000
2021-12-14,142.702634593,143.210127974,139.973825411,142.642166138,38446000
2021-12-15,142.148536252,145.431422682,140.432747695,145.153884888,36370000
2021-12-16,145.876953825,146.37900221,142.344768015,143.175415039,33650000
2021-12-17,141.247537169,142.57031111,140.058087249,140.479354858,50416000
2021-12-20,138.769510566,140.528419678,138.096477593,140.362380981,27192000
2021-12-21,140.804967589,142.604516814,139.267604646,142.211502075,28756000
2021-12-22,141.81004636,145.21237236,141.81004636,145.128112793,26322000
2021-12-23,145.212385702,146.940561531,145.164803468,145.625228882,26384000
2021-12-27,145.961695915,147.040130441,145.875954147,146.60647583,15976000
2021-12-28,146.933101717,146.9955515,144.770787434,145.397720337,18200000
2021-12-29,145.355606796,146.121323762,144.367375599,145.366012573,17788000
2021-12-30,145.404674363,146.005350878,144.711328956,144.915512085,15688000
2021-12-31,144.766325906,145.409124593,143.578857422,143.578857422,18136000
2022-01-03,143.780051078,144.569059945,142.449851128,143.71711731,28646000
2022-01-04,144.118072639,145.19750561,142.453344973,143.130340576,28400000
2022-01-05,143.150656131,143.229455692,136.477830619,136.564056396,54618000
2022-01-06,135.794379169,138.710023168,135.358244055,136.53678894,37348000
2022-01-07,136.931273817,137.231619577,134.573186025,135.812698364,29760000
2022-01-10,133.890788404,137.599404821,131.99410841,137.450714111,44408000
2022-01-11,136.794005362,138.98358922,135.491060114,138.507797241,28730000
2022-01-12,139.909371572,141.354564386,139.45788494,140.187408447,26108000
2022-01-13,140.295960067,141.594458828,137.192482538,137.368927002,31436000
2022-01-14,135.874165421,139.504979749,135.794382761,138.254562378,29662000
2022-01-18,134.97810429,135.926194431,134.248081688,134.802658081,34872000
2022-01-19,135.323571167,136.746954526,133.828829582,133.928939819,28648000
2022-01-20,135.052476466,136.416389595,131.795846124,132.13583374,29908000
2022-01-21,131.428109422,133.680128285,128.943140301,129.205810547,55652000
2022-01-24,124.870740482,130.049822525,123.40573419,129.654327393,76622000
2022-01-25,127.608479232,128.261683737,125.388660789,125.819335938,46960000
2022-01-26,129.966562453,131.831026562,126.024512435,128.097137451,49130000
2022-01-27,130.149913372,131.486556347,127.799251822,127.871124268,31950000
2022-01-28,128.519388478,132.184399827,127.355711076,132.178939819,34362000
2022-01-31,132.98281127,134.282293084,131.047473001,134.114273071,39986000
2022-02-01,136.385154909,136.58191183,133.18751086,136.43421936,68644000
2022-02-02,149.920607515,150.214495054,144.243455297,146.699172974,123200000
2022-02-03,144.424856984,148.359465586,141.411567965,141.832336426,71518000
2022-02-04,142.183726975,143.60165013,139.279970874,142.033554077,57998000
2022-02-07,142.982158417,142.982158417,137.679174568,137.977539062,54974000
2022-02-08,137.804558783,138.769497922,135.809750275,138.173782349,54284000
2022-02-09,139.724548602,141.271833303,138.954868917,140.347518921,40144000
2022-02-10,138.475630044,140.240967234,136.744474624,137.401641846,39330000
2022-02-11,137.38180609,137.933402975,132.227498462,133.102249146,39958000
2022-02-14,132.085270177,135.102022755,132.085270177,134.334823608,34302000
2022-02-15,136.361356857,136.89463781,134.627736238,135.407821655,26680000
2022-02-16,135.445460984,136.872307576,133.738097069,136.527374268,25022000
2022-02-17,135.045523928,135.908371564,131.314115133,131.374084473,38950000
2022-02-18,132.293900622,132.891612594,129.052153731,129.256835938,45620000
2022-02-22,128.696790968,131.018700438,127.096479623,128.672515869,44990000
2022-02-23,130.491403101,130.890361787,126.406621544,126.466590881,32786000
2022-02-24,123.855246174,131.831024293,123.855246174,131.524734497,54456000
2022-02-25,132.378200118,134.082584962,130.593518357,133.27772522,36406000
2022-02-28,131.880585729,134.558333793,131.427102602,133.869949341,38864000
2022-03-01,133.69301449,135.057910614,132.047616127,132.88319397,26496000
2022-03-02,133.44473959,134.073653917,131.901916642,133.38873291,23520000
2022-03-03,134.814564952,135.240294313,131.856299454,132.722625732,24604000
2022-03-04,131.759122617,132.674997011,129.19187625,130.747085571,30430000
2022-03-07,130.332302928,130.577126012,125.184938051,125.267707825,45112000
2022-03-08,125.140353455,130.096407058,124.569911202,125.987342834,40428000
2022-03-09,130.096389298,132.560047322,128.758748073,132.247314453,37026000
2022-03-10,130.112261928,132.100627199,129.761868604,131.265533447,27102000
2022-03-11,132.315231168,132.619539644,128.492136627,128.729034424,31526000
2022-03-14,129.105205262,129.26280439,124.1739331,124.843986511,38812000
2022-03-15,125.85998365,128.713193447,124.615517672,128.062454224,30920000
2022-03-16,129.583944806,132.161083445,127.603005706,132.109054565,35576000
2022-03-17,131.978705681,132.902021646,131.023174161,132.662643433,28264000
2022-03-18,132.251797672,135.046520121,131.09604558,134.92906189,44566000
2022-03-21,134.966724996,135.845438421,132.913928348,134.905273438,26832000
2022-03-22,134.905251811,139.81025907,134.905251811,138.638641357,35496000
2022-03-23,137.48341435,138.361628685,136.623546247,137.060165405,25154000
2022-03-24,137.976521601,140.374266492,136.539768275,140.327682495,26396000
2022-03-25,140.668671141,140.786628492,138.509321092,140.427810669,24126000
2022-03-28,139.662089401,140.754408621,138.582656404,140.212219238,35050000
2022-03-29,141.393725546,142.52964906,140.790069558,141.252960205,34318000
2022-03-30,141.207895065,141.466103539,140.355453185,140.690979004,19884000
2022-03-31,140.804448135,140.858972588,137.802578251,137.845199585,37524000
2022-04-01,138.273905832,139.236364617,137.09188212,138.918685913,25942000
2022-04-04,139.124849353,142.44887473,139.077267126,141.714874268,25942000
2022-04-05,141.613294166,141.733716836,139.148652589,139.355316162,21418000
2022-04-06,137.530481148,138.135619379,134.325895342,135.347839355,32468000
2022-04-07,134.814575506,135.958938781,133.047741045,134.694152832,26234000
2022-04-08,134.391807075,134.477548855,131.79682131,132.115997314,25142000
2022-04-11,130.664870625,130.931503531,127.537601949,127.691238403,36884000
2022-04-12,130.443342662,130.443342662,125.674623076,126.59198761,32710000
2022-04-13,126.874984097,129.188469773,126.618257835,128.752334595,27928000
2022-04-14,129.332683196,129.332683196,125.48826308,125.616134644,31598000
2022-04-18,125.883768771,127.085605789,125.072957568,126.554321289,20808000
2022-04-19,126.569182055,129.187459981,125.883262903,128.866317749,26490000
2022-04-20,129.741557503,130.244105111,126.379372289,126.914619446,31696000
2022-04-21,128.113976561,128.955014321,123.431989969,123.717460632,36446000
2022-04-22,123.90134402,124.299811166,117.879741726,118.583992004,56884000
2022-04-25,118.054176704,122.193966381,117.469366055,121.992256165,46128000
2022-04-26,121.219623084,121.433228876,117.469376615,117.607154846,73054000
2022-04-27,113.463404866,116.211535962,111.74564238,113.28994751,91820000
2022-04-28,115.391806602,118.597875042,113.112018729,117.480781555,48884000
2022-04-29,115.708487963,116.883569391,112.814154398,113.106559753,42676000
2022-05-02,112.408257466,115.719396961,111.610332485,115.558326721,35534000
2022-05-03,115.407149266,117.400974595,115.014633715,116.302711487,24968000
2022-05-04,116.002880295,121.77469844,114.104211726,121.186416626,49916000
2022-05-05,119.147493056,119.975153081,113.994682672,115.481498718,45840000
2022-05-06,114.172114827,116.538135886,113.013390746,114.729171753,39710000
2022-05-09,112.254613129,114.065558548,111.016098853,111.522109985,40802000
2022-05-10,114.492258821,115.228232999,111.908170532,113.389533997,39900000
2022-05-11,112.241238696,115.341744261,112.241238696,112.604019165,37534000
2022-05-12,110.398578205,113.290431345,108.859226512,111.85218811,53836000
2022-05-13,113.526338189,116.838967364,112.606500782,115.030502319,35038000
2022-05-16,113.945128599,115.148954515,112.888503594,113.439117432,25990000
2022-05-17,115.813550008,115.872528677,113.860372229,115.449279785,23054000
2022-05-18,113.989243869,114.385729708,110.575014462,110.915992737,35126000
2022-05-19,110.4520969,112.016721819,109.033175535,109.413803101,34144000
2022-05-20,110.967036509,111.197498767,104.86663437,107.950782776,48962000
2022-05-23,108.624308939,111.161806024,107.785244869,110.508102417,37184000
2022-05-24,104.842339328,105.522806005,100.989003267,105.038597107,76780000
2022-05-25,104.062737307,105.563929214,102.943662714,104.875038147,40258000
2022-05-26,104.748184949,107.694555099,104.300154222,106.845092773,37948000
2022-05-27,108.520716082,111.330797337,108.179238754,111.329307556,37914000
2022-05-31,111.755538084,114.717773815,111.093410046,112.762115479,50012000
2022-06-01,113.845509256,116.072262238,112.254612742,112.890968323,36606000
2022-06-02,112.998032953,116.863257531,111.953795021,116.588691711,37992000
2022-06-03,115.042390307,115.299116537,112.520751591,113.534263611,26136000
2022-06-06,115.678746349,118.298022414,115.143000117,115.793731689,33542000
2022-06-07,114.465498006,116.656571697,114.040766914,116.119827271,31590000
2022-06-08,115.735254306,117.528360283,115.575174734,116.163955688,26108000
2022-06-09,115.30506267,117.259238749,113.767200834,113.826179504,25798000
2022-06-10,111.456675339,112.283344614,109.395946147,110.184455872,41452000
2022-06-13,105.847931735,107.835306678,105.186302758,105.457397461,47252000
2022-06-14,105.598632339,106.975915451,104.870091892,105.777542114,33706000
2022-06-15,107.590972104,110.444174204,106.723171121,108.799758911,39698000
2022-06-16,106.278610024,107.693561272,104.21391782,105.101547241,51684000
2022-06-17,105.101545323,107.744113535,104.122721686,106.201789856,51376000
2022-06-21,107.972076472,111.500791502,107.645474259,110.563598633,47416000
2022-06-22,109.584804713,112.350276307,109.412330457,110.507621765,30774000
2022-06-23,111.245056871,111.751567086,109.529276014,111.255462646,28362000
2022-06-24,112.001862132,117.041177254,111.959732347,116.938087463,41164000
2022-06-27,117.233456391,117.537258151,114.167140527,114.81539917,36420000
2022-06-28,114.784660191,116.278418274,110.864919676,111.023017883,35792000
2022-06-29,110.571542553,112.165902671,109.898010498,110.719726562,24716000
2022-06-30,109.033167488,109.913362997,105.811732994,108.005279541,43170000
2022-07-01,106.984335492,108.289761221,105.792405315,107.781768799,35476000
2022-07-05,106.159159982,112.380490645,104.802189313,112.267494202,39342000
2022-07-06,112.306152963,114.573545852,110.496198291,113.564987183,37432000
2022-07-07,114.068534422,118.141912077,113.824202848,117.738983154,40936000
2022-07-08,116.219461679,118.633057461,115.874021644,118.304473877,38238000
2022-07-11,116.960888483,116.960888483,114.31683045,114.659790039,31196000
2022-07-12,115.193541382,115.945872923,112.690740556,113.018333435,29960000
2022-07-13,110.719228179,113.192301718,110.22412192,110.374786377,43722000
2022-07-14,109.241835519,110.116578707,107.420484244,109.397453308,37004000
2022-07-15,111.016106347,112.14608603,109.925276888,110.795059204,46770000
2022-07-18,111.649964388,112.680824347,107.417498339,108.07169342,43164600
2022-07-19,109.875716918,113.017853375,108.597054064,112.809700012,36530900
2022-07-20,112.175315738,114.385718978,111.491385481,112.898902893,35600400
2022-07-21,113.275551754,113.543182864,110.133415811,113.335021973,32676200
2022-07-22,110.024388961,111.352607684,105.56394076,106.951637268,48901200
2022-07-25,107.457162304,108.904329109,105.365706992,106.565071106,34690900
2022-07-26,105.663061472,106.257786393,103.155299555,104.096946716,47991000
2022-07-27,108.299687894,112.908819361,107.060674465,112.06628418,59858500
2022-07-28,111.382349059,113.335027785,110.480343692,113.216087341,32816600
2022-07-29,112.086102287,115.68419423,112.066273839,115.297622681,37223400
2022-08-01,114.286591345,115.694108658,113.335022463,113.850456238,26034300
2022-08-02,112.998029929,115.32737377,112.720492118,114.118095398,20236000
2022-08-03,114.692987978,117.577414714,114.465013754,117.042160034,28499000
2022-08-04,116.447433042,117.736002378,115.862614813,117.151191711,21602900
2022-08-05,115.208431279,117.071904806,114.980449474,116.437530518,19159500
2022-08-08,117.349428431,119.093961296,115.85269823,116.269012451,19138300
2022-08-09,116.110423762,116.288841995,114.692992122,115.604904175,19086500
2022-08-10,117.736006665,119.857196975,117.369263543,118.647918701,30930400
2022-08-11,120.214035408,120.422188752,117.517941028,117.795478821,24293700
2022-08-12,119.203002017,120.610519409,118.410030425,120.610519409,19096300
2022-08-15,120.065356654,121.225078991,119.549930386,121.007011414,19494800
2022-08-16,120.451929964,121.353935398,119.579667205,120.630348206,19041200
2022-08-17,119.064226833,120.223941486,118.330725501,118.499237061,22847000
2022-08-18,118.380298592,119.758080911,117.676539876,119.113792419,17987700
2022-08-19,118.013555671,118.102768576,115.733775364,116.1798172,21809500
2022-08-22,114.187469875,114.613690779,112.849336939,113.235908508,21456600
2022-08-23,112.482595579,113.999146768,112.433032019,112.85925293,15870400
2022-08-24,112.502410047,113.771158483,111.877950053,112.690742493,17734600
2022-08-25,113.235911486,115.69411742,113.107056814,115.624732971,16956800
2022-08-26,113.711693591,114.108179387,109.221510296,109.370185852,37245700
2022-08-29,109.023264648,109.974826028,107.843729037,108.458274841,21191200
2022-08-30,109.201675403,109.528776732,106.852511004,107.98249054,27513300
2022-08-31,109.677463987,109.8757031,107.179608822,107.268821716,28627000
2022-09-01,107.328292586,109.479217974,106.416380564,108.77545929,28360900
2022-09-02,109.617992029,109.766675153,106.317266015,106.902076721,24160700
2022-09-06,106.356906859,107.080486406,104.850262421,105.871208191,25068300
2022-09-07,106.119013657,109.013354608,105.960423879,108.488006592,23167000
2022-09-08,107.090413535,108.636699931,106.218150771,107.42742157,24238300
2022-09-09,108.111352598,110.01447536,108.061789038,109.677467346,23197700
2022-09-12,110.014482426,110.638950057,108.963801418,109.885627747,22966800
2022-09-13,106.852523479,107.348128861,103.175124886,103.403106689,38172900
2022-09-14,103.650897039,104.354655691,102.748899283,104.07711792,26395100
2022-09-15,103.115651981,104.34475118,101.450417637,102.005500793,34188300
2022-09-16,101.172881934,102.22356292,100.052816498,101.896469116,42797200
2022-09-19,100.855695113,102.421809933,100.657455986,102.164093018,23036800
2022-09-20,101.182793365,101.470245385,99.63649948,100.251052856,26517100
2022-09-21,100.776395126,101.975759226,98.3974878136,98.4074020386,31487300
2022-09-22,97.9514515864,100.350179923,97.9217164722,99.2598495483,34298600
2022-09-23,98.7543312605,98.7840739375,96.613319822,97.8721542358,31625400
2022-09-26,97.2377597245,99.0021134076,96.9404010777,97.307144165,27072700
2022-09-27,98.5560804769,99.1210702749,96.0185834978,96.6430435181,30072800
2022-09-28,96.7917242678,99.8149122998,96.256469594,99.1706314087,32466300
2022-09-29,97.7730295679,97.7730295679,95.1165844066,96.5637512207,31047200
2022-09-30,96.1970152336,98.0307537787,94.7201056343,94.8093185425,32941500
2022-10-03,95.9095520683,98.4173139978,95.6716560489,97.7730255127,27982000
2022-10-04,99.5572009309,100.944889803,99.497723149,100.746650696,28850800
2022-10-05,98.9525698843,101.034110924,97.9316240332,100.538505554,22176900
2022-10-06,99.795093541,102.025317615,99.7058806457,100.528587341,22324000
2022-10-07,98.9723979391,99.6464215929,97.4360257198,97.8126831055,27502800
2022-10-10,98.1298652203,98.2289847838,96.1573579257,96.9998855591,18225100
2022-10-11,96.5736541034,98.3776571871,95.463495451,96.3258514404,26507100
2022-10-12,96.4448129172,97.8820655382,95.8897297323,96.7025222778,21876400
2022-10-13,94.3137084179,98.9030116646,93.5504718727,98.1893386841,34574500
2022-10-14,99.1111646482,99.8050167377,95.5229864329,95.7113113403,25410700
2022-10-17,97.9910945825,100.042900516,97.9613594702,99.0913391113,28419200
2022-10-18,102.22355812,102.560573695,99.0913361989,99.8843002319,24060700
2022-10-19,99.1309831391,100.13210049,98.0505595555,98.7543182373,23811100
2022-10-20,99.1210742236,101.420682843,98.5164350659,99.0913391113,25323200
2022-10-21,96.989964781,100.419552871,96.8611101134,100.241134644,32458700
2022-10-24,100.905246433,101.846893518,99.101243366,101.618911743,27176400
2022-10-25,101.995584168,103.898706927,101.817165936,103.561698914,40611400
2022-10-26,95.5824505485,97.4459239897,93.8577460038,94.0956344604,88114100
2022-10-27,93.6892422974,94.5912477631,90.9931552505,91.4094619751,60710900
2022-10-28,91.4590085356,95.7013967106,91.3202396418,95.4436798096,43697300
2022-10-31,94.5813113515,95.1859504078,93.1539732643,93.6793136597,31675000
2022-11-01,94.6110684138,95.1859724962,89.5757232663,89.6748428345,47161400
2022-11-02,90.1407046646,90.3785931183,86.1163840272,86.2055969238,57038300
2022-11-03,85.5612990923,85.7595381883,82.607488163,82.6967010498,61288000
2022-11-04,84.6493942187,85.8784933536,82.974245737,85.8190231323,51124900
2022-11-07,86.5128629083,88.1186268575,86.0866420332,87.7122268677,34078900
2022-11-08,88.118637085,89.5261545334,86.8201458616,88.118637085,30429000
2022-11-09,87.672593884,88.6538980393,86.5128790411,86.5525283813,31769100
2022-11-10,91.4391931221,93.5603835554,90.8048188371,93.1143417358,51620100
2022-11-11,93.8577385482,96.0780482791,93.0945021154,95.5626220703,33090500
2022-11-14,94.2542246803,95.9392874586,93.6793282043,94.8588638306,30179500
2022-11-15,97.3963650974,99.2598384833,95.8599854938,97.5747833252,41640800
2022-11-16,97.0395386795,98.7642433513,96.7818217545,97.9811859131,29105200
2022-11-17,96.1177011539,98.407395412,95.9392829284,97.4954833984,26052600
2022-11-18,97.9018650849,98.0307272994,95.5229657567,96.5736465454,28342300
2022-11-21,96.434883499,97.5351279078,94.5218466727,94.7597351074,21647400
2022-11-22,95.1066683517,96.365510238,93.2233739783,96.1970062256,23438500
2022-11-23,96.2366431124,97.8919707267,96.2366431124,97.5946044922,18868100
2022-11-25,97.3765520687,97.7730379224,96.5439385823,96.6034088135,9701400
2022-11-28,96.1870841023,96.7223387703,94.769652545,95.2057876587,26237500
2022-11-29,94.8886024571,95.2751740203,93.2828384207,94.3533477783,20061700
2022-11-30,93.9866098854,100.151942411,93.590124044,100.102378845,43647500
2022-12-01,100.13211396,101.351306599,99.368884954,100.102378845,28687100
2022-12-02,98.1794229312,99.8842989841,98.0307398136,99.5572052002,21480700
2022-12-05,98.526353178,100.48894629,98.129867353,98.6056518555,24405100
2022-12-06,98.4272175888,98.9029944515,95.5725261634,96.1276092529,24910700
2022-12-07,95.5626259638,96.0284886343,93.8874774828,94.1055450439,31045400
2022-12-08,94.5416803362,94.7399270272,92.6286432513,92.8863601685,32213300
2022-12-09,92.945832118,93.4315308482,91.9348004432,92.0140991211,28225400
2022-12-12,91.8951508358,92.7376784893,90.8048204864,92.4898757935,29420000
2022-12-13,96.900758073,98.6551976469,94.1947495925,94.7894744873,40593700
2022-12-14,94.3632525526,96.0185801152,92.7773169965,94.2343978882,28733600
2022-12-15,92.3114540628,92.8169736608,89.2188813749,90.0614089966,40107000
2022-12-16,89.9622877981,90.5272776106,88.7331810504,89.4666824341,58011800
2022-12-19,89.4666770645,89.7640357277,87.434692169,87.6626739502,29493000
2022-12-20,87.3355663753,88.3961614125,86.6714570898,88.2375640869,23453800
2022-12-21,88.2970505969,89.4270301851,87.5437283507,88.7926559448,24745600
2022-12-22,87.3851408916,87.7617982436,85.5613092305,86.9886550903,27658300
2022-12-23,86.3443776534,88.7629345446,86.3047283119,88.4457473755,23003000
2022-12-27,88.0195131827,88.1582820757,86.2452451223,86.6219024658,20097300
2022-12-28,86.2155078063,87.2661887015,85.1846477972,85.2639389038,19523200
2022-12-29,85.8586672049,88.0690626674,85.8487529811,87.6725769043,23333500
2022-12-30,86.2155078355,87.523905624,85.8091078288,87.4545211792,23986300
2023-01-03,88.8025554472,90.2497296012,87.7419603907,88.3366928101,28131200
2023-01-04,89.5558844813,89.8532507137,86.5029537359,87.3058395386,34854800
2023-01-05,86.7012172408,86.8003368167,85.1450164553,85.4423751831,27194400
2023-01-06,86.0271881337,86.9192793858,84.1141509451,86.5723495483,41381500
2023-01-09,87.5833840015,89.2585326181,87.0877786179,87.2463684082,29003900
2023-01-10,85.2243036933,87.8906554709,85.0756205682,87.6428527832,30467800
2023-01-11,88.3961696744,90.7948977303,88.227665672,90.7155990601,26862000
2023-01-12,90.6759627102,91.0625342976,88.9611647858,90.3290328979,30258100
2023-01-13,90.0514838922,91.3797100639,89.3378110312,91.3103256226,26329200
2023-01-17,91.2508463349,91.4391787708,89.2585184538,90.4876174927,32602400
2023-01-18,91.3301539078,91.9843566042,89.8433378478,90.3191223145,29116700
2023-01-19,89.9226396341,92.7872380706,89.833426735,92.2321624756,37000400
2023-01-20,94.2641367049,97.4360155041,94.1848380334,97.1584701538,63191100
2023-01-23,97.0890939327,99.1607284179,96.6430521018,98.9129257202,40005100
2023-01-24,97.2377715117,98.7345018378,96.3456803385,96.8412857056,33078500
2023-01-25,94.7300170595,95.3148353714,92.9359279087,94.3830947876,42330000
2023-01-26,95.6518406423,96.7124358786,94.541681842,96.6628723145,30114000
2023-01-27,96.4547133112,99.4382597134,96.4547133112,98.4966125488,33879800
2023-01-30,96.6232216002,97.4260998409,95.5527122377,96.0879669189,27226200
2023-01-31,96.0185813818,98.0109094055,95.9690178228,97.9712600708,29870700
2023-02-01,97.8423959417,100.30060152,96.722330703,99.5472793579,35531100
2023-02-02,104.870101314,106.902078832,104.68176885,106.793045044,69883800
2023-02-03,102.025323802,106.862429587,101.678401548,103.859062195,65309300
2023-02-06,101.49997723,103.442749296,100.984543431,101.995582581,31999600
2023-02-07,102.312774274,107.22917866,102.213654712,106.69392395,49010200
2023-02-08,101.153057597,102.233473658,97.1783004685,98.4966125488,94743500
2023-02-09,99.1210577949,99.1507929023,92.807043691,94.1749191284,119455000
2023-02-10,94.6110550834,95.8996319747,93.4216053087,93.7387924194,54980700
2023-02-13,93.9073046877,94.363260727,93.015213497,93.7784500122,50076100
2023-02-14,93.6000214356,94.0163280912,91.4490961526,93.8478240967,54726100
2023-02-15,93.6594961857,96.266385146,93.3224881803,96.0879669189,50169000
2023-02-16,94.5317633392,96.8214575432,93.9072957837,94.6705322266,42462600
2023-02-17,94.0163267506,94.7200853905,92.3907419222,93.5207214355,34284100
2023-02-21,92.1825946241,92.2817141812,90.9138461447,90.9832305908,33629300
2023-02-22,90.8940155299,91.300415535,89.8135995281,90.8444595337,30884000
2023-02-23,91.1120865675,91.1319150166,88.9710753682,90.0911407471,41206400
2023-02-24,88.6538991524,89.0999410014,87.8014572326,88.3466186523,36585100
2023-02-27,89.080116272,89.3675683081,88.5547682018,89.080116272,27502300
2023-02-28,88.544853046,90.4281548757,88.5349388216,89.2684326172,30142000
2023-03-01,89.1891385698,90.2299052261,88.8818581227,89.5657958984,31111200
2023-03-02,88.8719539801,91.4689211447,88.8025619721,91.1913833618,32204400
2023-03-03,91.6671591975,92.9061724419,91.6374165273,92.8268737793,35160100
2023-03-06,93.1936245617,95.12648992,93.1738036755,94.2938690186,32639300
2023-03-07,94.145200574,94.8291308507,92.7079404459,93.0350418091,27835500
2023-03-08,93.2927456845,95.1165695838,93.1737976884,93.4216003418,34103300
2023-03-09,93.2233655789,94.6903531205,91.0922611479,91.5085678101,28813500
2023-03-10,91.3599006487,91.9744540875,89.6054608019,89.8334350586,35941000
2023-03-13,89.2981725345,91.7563785136,88.6340631492,90.309211731,37335600
2023-03-14,91.7464552125,93.5306374049,91.6275147746,93.1440658569,36050200
2023-03-15,92.400653137,96.0780435474,91.8257491753,95.2652511597,50622100
2023-03-16,95.3544718941,100.300619021,94.6606273884,99.4382629395,65492000
2023-03-17,99.3787899597,101.936107897,99.2201926129,100.726837158,61028500
2023-03-20,99.2400224766,100.855693268,98.9922197904,100.330352783,32960400
2023-03-21,100.360076778,104.17623621,100.330341669,103.997817993,42110300
2023-03-22,103.353532214,105.653140643,102.421799336,102.461448669,43427400
2023-03-23,104.136589817,105.365696484,103.541864932,104.671844482,40797800
2023-03-24,104.06721053,104.562815886,102.927316699,104.513259888,30393300
2023-03-27,103.700474792,103.839243696,101.034115367,101.559455872,31120900
2023-03-28,101.539624235,101.549530897,98.8633508682,100.14201355,32057900
2023-03-29,101.381024842,101.589178172,99.7653541923,100.498847961,28779600
2023-03-30,100.023078572,100.270881255,98.9030056048,100.003250122,33086200
2023-03-31,100.409648372,102.976880492,100.151931469,102.81829071,36863400
2023-04-03,101.490062739,103.611253027,101.034106725,103.442749023,25035400
2023-04-04,103.413019477,104.652032915,103.125567451,103.799591064,24420100
2023-04-05,104.850264268,105.167451383,102.748902472,103.551780701,28290500
2023-04-06,104.334841977,108.21047194,103.413015709,107.467063904,48711500
2023-04-10,106.039725518,106.644357097,104.196072985,105.504470825,27067400
2023-04-11,105.61349908,105.791917302,103.759932419,104.424041748,26311800
2023-04-12,105.643234621,105.811738619,103.422917283,103.720283508,24370300
2023-04-13,104.909727121,106.545226137,104.909727121,106.48575592,24843600
2023-04-14,105.950515854,107.982500905,105.900952292,107.913116455,26578000
2023-04-17,103.740113534,105.226929556,103.601337082,105.038597107,37571200
2023-04-18,105.554019518,105.603583075,103.155291571,103.581512451,26596400
2023-04-19,102.669618284,104.057314941,102.164098649,103.264343262,20905700
2023-04-20,102.996702638,105.316131938,102.957053305,104.364570618,27820800
2023-04-21,104.542998362,105.068338846,103.859060529,104.483528137,25800100
2023-04-24,104.562812652,105.692792224,103.779755307,105.038597107,23542800
2023-04-25,104.899833547,105.752275382,102.927318746,102.937232971,46664100
2023-04-26,103.997818248,105.415249762,101.727944981,102.798454285,53347600
2023-04-27,103.531962182,107.417514158,102.629964311,106.644363403,50089200
2023-04-28,106.099201975,106.406474894,104.166336431,106.396560669,36139800
2023-05-01,105.900945532,107.040839328,105.881124646,106.257781982,26681700
2023-05-02,106.19832092,106.257791146,102.798467688,104.394317627,30997200
2023-05-03,104.602468587,106.545240737,104.037478765,104.483528137,21795400
2023-05-04,104.562815715,104.671849499,103.056178763,103.769851685,23419500
2023-05-05,103.898704711,104.949385627,103.194946025,104.642112732,26639300
2023-05-08,104.255537194,107.01110161,104.235716308,106.822769165,26511400
2023-05-09,107.437331328,109.181864345,106.247881467,106.406471252,36360100
2023-05-10,107.021016647,111.947334859,106.981367312,110.767791748,63153400
2023-05-11,114.385725873,116.883573718,113.404429315,115.545440674,78900000
2023-05-12,115.654466146,116.992599094,115.089476343,116.477172852,41102300
2023-05-15,115.089468514,117.438640464,114.990348963,115.485954285,36266800
2023-05-16,115.466126694,119.688686188,115.406656475,118.459587097,45035600
2023-05-17,118.558715736,120.600607415,117.845042802,119.777900696,33323600
2023-05-18,119.886938546,122.226196547,119.767998094,121.750419617,35234200
2023-05-19,122.464087651,124.862815782,121.076391128,121.681030273,41353400
2023-05-22,121.8594496,125.318772932,121.661202917,123.950904846,35253000
2023-05-23,123.068731349,123.534594053,121.135865833,121.482788086,34046300
2023-05-24,120.055447027,120.838504416,118.806519383,119.837379456,34182600
2023-05-25,123.425559251,124.218530876,120.888062151,122.394706726,42317000
2023-05-26,122.087424627,124.159058999,121.373751687,123.514770508,35635900
2023-05-30,124.535709322,124.555537771,120.927703049,122.583023071,35076700
2023-05-31,121.671121566,122.96960525,121.423318874,121.79006958,37325800
2023-06-01,121.740500089,123.326435725,121.54226097,122.632591248,30772700
2023-06-02,122.900210442,125.041229147,122.67223622,123.574234009,26980100
2023-06-05,122.920036858,126.309975522,122.751525297,124.902458191,32305500
2023-06-06,124.902470582,127.162422354,124.258182073,126.191040039,26638300
2023-06-07,125.854030221,127.90582861,121.046659593,121.423316956,52539000
2023-06-08,121.15570308,122.14691391,120.174398914,121.066490173,29389200
2023-06-09,121.175506311,122.672236564,120.838498308,121.155685425,23778300
2023-06-12,121.710756155,122.959683686,120.590690847,122.553283691,28306400
2023-06-13,123.881516743,124.059934972,122.097334457,122.741622925,22278300
2023-06-14,122.018033286,122.95968797,120.38253415,122.583023071,30592300
2023-06-15,122.057696783,124.357305526,121.324202911,123.99055481,35246300
2023-06-16,124.823159118,125.00157734,122.196449348,122.444252014,45535600
2023-06-20,121.849547122,123.475132271,121.066489662,122.018051147,26097500
2023-06-21,121.324193952,121.581910857,119.044406265,119.490455627,30306300
2023-06-22,118.945273855,122.156794132,117.78555925,122.067588806,26952200
2023-06-23,120.313155709,121.710766468,119.995968577,121.264717102,34913600
2023-06-26,119.698616835,120.927716094,117.230496529,117.299880981,33969900
2023-06-27,116.050949406,118.033370786,115.079559602,117.289962769,39535900
2023-06-28,116.060857988,119.331856344,115.822969536,119.123703003,27091400
2023-06-29,118.191976308,119.004768879,117.260243277,118.053207397,24090900
2023-06-30,119.113788944,120.015794318,118.638012039,118.647918701,29532200
2023-07-03,118.191965804,119.133620538,117.77565911,118.846168518,14467900
2023-07-05,118.191960182,121.532342919,118.18205352,120.679901123,27584800
2023-07-06,118.747048383,119.242653748,117.35935185,119.054321289,24745200
2023-07-07,119.044401128,119.986055811,118.350556677,118.429855347,21709500
2023-07-10,117.260236752,117.270143415,115.119217866,115.426490784,35315200
2023-07-11,115.267892649,116.675410021,114.336152175,116.110420227,23078800
2023-07-12,117.755849904,119.272401268,117.369278284,117.88470459,30404400
2023-07-13,119.867109942,123.732833174,119.39132548,123.445381165,44297900
2023-07-14,123.703104019,125.66569706,122.404612801,124.317649841,33283100
2023-07-17,124.833083236,125.982883764,123.1083711,123.554420471,25716200
2023-07-18,123.504846907,123.584145575,121.879262027,122.672233582,26193600
2023-07-19,123.504862281,124.079766351,120.729476621,120.957450867,37224000
2023-07-20,120.352809983,122.999340926,117.180938541,118.152320862,37906800
2023-07-21,119.559843278,119.926586415,117.686455567,118.965110779,72937900
2023-07-24,120.59070764,121.918926461,119.916684004,120.461845398,29686100
2023-07-25,120.293329061,122.06759709,119.956313496,121.135856628,52509600
2023-07-26,128.926775862,129.828766055,127.192157233,128.133804321,61682100
2023-07-27,130.512717429,132.068925564,127.658025633,128.262664795,44952100
2023-07-28,129.630536313,132.564526689,129.422390532,131.414718628,36591200
2023-07-31,131.563403977,132.356375635,130.621756752,131.553497314,28055500
2023-08-01,129.63053185,131.464277663,129.531404732,130.393768311,23166800
2023-08-02,128.312204874,128.946579031,126.438817507,127.251617432,26273300
2023-08-03,126.845237492,128.252754904,126.300068569,127.321014404,20089500
2023-08-04,128.143723542,130.354119263,126.785769666,126.984008789,26147200
2023-08-07,128.024767551,130.453230549,127.885998669,130.373931885,22746300
2023-08-08,129.471928326,130.354105186,128.401419025,130.245071411,23535200
2023-08-09,130.502807185,130.879456974,127.866183036,128.520385742,24912900
2023-08-10,130.165803491,130.889383107,128.312229096,128.550125122,20857800
2023-08-11,127.529165855,128.78799249,127.043467191,128.42124939,19591100
2023-08-14,128.252768783,130.215361993,127.826555386,130.175720215,24695600
2023-08-15,129.947748847,130.264928455,128.143737835,128.639343262,19770700
2023-08-16,127.568817139,129.134931897,126.746117985,127.568817139,25216100
2023-08-17,128.659135743,130.829889323,128.153608669,128.778076172,33446300
2023-08-18,127.380480741,128.113982099,125.269204687,126.33971405,30504800
2023-08-21,126.062178871,127.598550939,125.447625506,127.241714478,25248700
2023-08-22,127.380490577,129.134937875,127.192173236,127.945487976,22054900
2023-08-23,129.03580433,132.237425847,128.728531426,131.206558228,27819700
2023-08-24,132.772690703,133.070056984,128.431197452,128.639343262,28500700
2023-08-25,128.40139553,129.610673494,126.131530246,128.738418579,26762900
2023-08-28,130.155871477,131.375056374,128.996156801,129.858505249,20543300
2023-08-29,131.077729687,135.369674529,131.077729687,133.387252808,43075600
2023-08-30,133.595376902,135.082192952,132.891625775,134.685714722,28315800
2023-08-31,134.814547207,136.78706173,134.596479666,134.973144531,30053800
2023-09-01,136.25186463,136.25186463,133.664803431,134.467681885,21543700
2023-09-05,134.249574083,135.220956294,133.397132311,134.576675415,19403100
2023-09-06,134.82449996,135.330012033,132.495148483,133.278213501,18684500
2023-09-07,132.415831705,134.388346412,131.781457472,134.071151733,18844300
2023-09-08,133.724254345,135.458873267,133.664784116,135.181335449,23558300
2023-09-11,135.339918302,136.27165889,134.596510189,135.716583252,20763400
2023-09-12,135.062363683,135.667002812,134.001776106,134.15045166,18405500
2023-09-13,133.902651216,135.696740182,132.970910729,135.508422852,20749500
2023-09-14,136.390625022,137.48094793,135.042577601,136.886230469,24751000
2023-09-15,136.767241027,137.302503247,135.280425055,136.192337036,38919600
2023-09-18,135.409296068,137.93688641,135.409296068,136.995239258,21861300
2023-09-19,136.212160194,137.193464143,135.419188682,136.826705933,20353700
2023-09-20,136.866380388,136.866380388,132.445573846,132.564529419,29927500
2023-09-21,130.284713329,131.067762986,128.926759755,129.293502808,31503900
2023-09-22,129.610706106,130.869547934,128.460913185,129.105194092,26397300
2023-09-25,128.688893056,130.017111826,127.826544546,129.957641602,20094600
2023-09-26,128.629414085,129.214224755,126.101823828,127.439964294,25718700
2023-09-27,127.43996798,129.74947562,127.43996798,129.39263916,22746500
2023-09-28,128.698802912,132.128398835,128.649239348,131.147094727,22513100
2023-09-29,132.108551517,132.871787937,129.214218294,129.709823608,30859800
2023-10-02,130.056777633,133.238555877,130.01712073,132.990753174,22288000
2023-10-03,132.76275952,133.079939069,130.681211063,131.266021729,22989400
2023-10-04,131.622852432,134.378431888,131.365143114,134.051330566,26752300
2023-10-05,133.882843018,134.299149717,132.277071321,133.882843018,19832600
2023-10-06,132.832158631,136.945692674,132.832158631,136.370788574,27597600
2023-10-09,135.736381691,137.718802886,134.418069781,137.203369141,19278100
2023-10-10,137.282708087,138.491986581,136.122993162,136.846572876,27786600
2023-10-11,137.361980461,139.869742319,137.361980461,139.314666748,25884300
2023-10-12,139.810270459,139.978774461,137.044784172,137.748550415,24765500
2023-10-13,138.154944438,138.769490198,135.419193381,136.152694702,23420500
2023-10-16,136.955577096,138.402751336,136.777166435,137.877410889,28501900
2023-10-17,137.411542598,138.670369282,135.974274999,138.491958618,23515800
2023-10-18,138.224330805,139.483172644,136.172532495,136.747436523,23375000
2023-10-19,137.28268416,138.43249222,136.172532998,136.539276123,26066000
2023-10-20,136.122947374,136.658194419,133.892723625,134.408157349,26335700
2023-10-23,133.853073058,136.450055121,132.772657132,135.300247192,26317900
2023-10-24,136.618583492,138.135134774,136.212183442,137.58996582,44814300
2023-10-25,127.033564069,127.18223962,123.970719143,124.505973816,84366200
2023-10-26,122.18654247,123.237230978,120.204121024,121.205245972,57061100
2023-10-27,121.799957665,122.226178532,119.153427137,121.096199036,44566500
2023-10-30,122.127075431,124.297829391,121.671119395,123.366088867,28940100
2023-10-31,123.960800222,124.268080663,121.611635845,122.98941803,26292300
2023-11-01,122.979521224,125.378249497,122.632598963,125.338600159,30082400
2023-11-02,127.291287394,127.846363014,125.814385439,126.36946106,27124600
2023-11-03,126.894799758,128.39152249,126.736202414,127.965309143,26393100
2023-11-06,127.915744273,129.194399425,127.539079366,129.105194092,19052700
2023-11-07,129.561153585,130.750603367,128.738446913,129.818862915,29757300
2023-11-08,129.818864921,131.047971618,129.63053247,130.681213379,26425800
2023-11-09,130.800143886,131.384954449,128.926756651,129.09526062,23747800
2023-11-10,128.956516647,131.632782482,128.272578852,131.424621582,26913300
2023-11-13,130.621758443,131.424636774,130.096417927,130.929031372,18324800
2023-11-14,133.010569271,134.507292017,132.148220782,132.445571899,32395200
2023-11-15,133.684616092,133.843213474,132.396053956,133.436813354,23861500
2023-11-16,134.001774046,136.013930514,133.139425596,135.726470947,28013200
2023-11-17,134.804665394,134.86413562,132.475314023,134.120727539,37240600
2023-11-20,132.514977682,135.458875044,132.445585665,135.052474976,27815500
2023-11-21,135.092112593,135.974289596,134.765026341,135.766143799,22635300
2023-11-22,136.261727032,138.194584743,136.261727032,137.272766113,17813900
2023-11-24,136.816805069,136.915932184,134.794741994,135.488586426,12514300
2023-11-27,134.834379436,137.203372213,134.804644327,135.211044312,23436500
2023-11-28,134.883943788,136.043658405,134.229741145,135.994094849,18730000
2023-11-29,136.360884163,137.074542061,133.654867647,133.80355835,23967200
2023-11-30,133.863013379,134.358618749,130.126144657,131.365158081,38988300
2023-12-01,130.701034546,130.948837204,129.521491474,130.701034546,31442300
2023-12-04,128.73844342,128.887118967,126.775843015,128.133804321,36669900
2023-12-05,127.816620976,130.978585634,127.122776488,129.838699341,27384800
2023-12-06,130.284745253,130.681223509,128.738458881,128.877227783,23576200
2023-12-07,133.85308337,137.342149193,133.516075369,135.726470947,56767100
2023-12-08,133.020493307,135.201154156,132.851989277,133.80355835,32260100
2023-12-11,131.216478984,132.168032799,130.205439823,132.118469238,31138000
2023-12-12,130.65147365,131.831016746,130.106304767,131.355239868,29032800
2023-12-13,132.207709309,132.326649772,130.413620073,131.404830933,30104800
2023-12-14,132.207711067,132.544719134,128.550140526,130.78036499,38722400
2023-12-15,130.463142457,132.336530002,130.027007346,131.434539795,50847100
2023-12-18,131.464293624,135.944555563,131.266039363,134.606430054,32258000
2023-12-19,135.637261276,136.261728823,134.883946629,135.448928833,25476800
2023-12-20,137.748567381,140.454568656,136.856483703,137.124099731,49107200
2023-12-21,138.263987573,139.453437401,137.956699547,139.185806274,27488300
2023-12-22,139.532741236,140.742019559,139.473271011,140.246414185,26532200
2023-12-26,140.345530454,141.425946572,139.949052193,140.276153564,16780300
2023-12-27,140.345524032,140.831222736,138.660468811,139.136245728,19628600
2023-12-28,139.542635931,139.899472374,138.521690158,138.997467041,16045700
2023-12-29,138.402733767,139.126313232,137.56019875,138.462203979,18733000
2024-01-02,137.332231273,138.224314761,135.280418077,136.955566406,23711200
2024-01-03,136.043669799,138.402756126,135.875165794,137.698989868,24212100
2024-01-04,137.203395088,137.936896514,135.151596627,135.191238403,27137700
2024-01-05,135.548056924,135.954456922,133.962113828,134.537017822,22513900
2024-01-08,135.09211461,137.788209223,135.062379496,137.6197052,21404000
2024-01-09,137.282702823,140.246428711,136.935772975,139.711166382,24759600
2024-01-10,139.760701046,141.743122338,139.671495718,141.029449463,21320200
2024-01-11,142.228817885,143.94360803,139.403861557,140.831207275,24008700
2024-01-12,141.416053428,141.941393981,140.573533261,141.396224976,18785500
2024-01-16,140.751911204,143.081262263,140.206742325,141.237609863,22670500
2024-01-17,140.107652562,140.593336174,137.679174003,140.226593018,20968600
2024-01-18,140.801478591,142.942497266,140.742008371,142.218902588,25746400
2024-01-19,143.467829507,145.162791185,143.110993082,145.093414307,34271900
2024-01-22,145.80712332,147.085778672,144.558187959,144.706878662,32200400
2024-01-23,144.607748474,145.8864038,144.221176853,145.747634888,21636100
2024-01-24,147.234438538,148.532937329,146.798318512,147.393035889,25233500
2024-01-25,148.751004262,151.704808057,148.22564865,150.535171509,29149100
2024-01-26,149.771924795,151.199255327,149.682704348,150.852340698,26115500
2024-01-29,150.723498832,152.428382471,150.099031242,152.160751343,27784300
2024-01-30,151.457002931,152.269787867,149.861153047,150.12878418,36331800
2024-01-31,142.357703802,142.734368782,138.640662948,138.868652344,71910000
2024-02-01,140.870865363,141.802605877,139.552553265,139.919311523,40466500
2024-02-02,138.035983189,141.366451422,135.300247369,141.128570557,62499600
2024-02-05,141.564733269,144.19143583,141.525076367,142.417160034,38505400
2024-02-06,143.378604035,144.082370201,141.931445062,142.833450317,29128200
2024-02-07,143.487675239,144.340117163,142.66496843,144.260818481,25208900
2024-02-08,144.548264802,145.043870175,143.824685193,144.627563477,22563800
2024-02-09,145.390798031,148.126549616,144.895192614,147.690414429,26829500
2024-02-12,147.115483764,148.027395752,146.07470955,146.233306885,21564100
2024-02-13,143.64623605,145.380854573,142.427051267,143.864303589,27837700
2024-02-14,144.796056486,145.232191601,142.823541808,144.657287598,22704200
2024-02-15,141.881895087,142.258559982,139.225457744,141.515151978,37590700
2024-02-16,141.733218929,141.931458038,138.908262474,139.284927368,31468900
2024-02-20,138.432494729,140.83122289,138.263990719,139.879653931,25144700
2024-02-21,140.206750801,141.435857516,139.443514325,141.297088623,23223300
2024-02-22,143.656145381,143.725537383,141.544877082,142.823532104,27191900
2024-02-23,142.407227341,143.408344618,142.169331349,142.69468689,19493800
2024-02-26,140.890711397,141.188077681,136.1824598,136.36088562,53641800
2024-02-27,136.806920887,138.026105955,135.885086965,137.659362793,33099200
2024-02-28,136.687964994,136.796998789,134.219859751,135.181335449,37328600
2024-02-29,136.073405486,137.639520228,135.201135218,137.243041992,42133000
2024-03-01,137.213301866,137.649437032,135.716579024,135.934646606,31151100
2024-03-04,134.46764221,134.46764221,130.750602223,132.177947998,55999400
2024-03-05,130.720871712,132.068918867,129.521500112,131.503921509,40194800
2024-03-06,131.949954914,132.405918461,129.699917662,130.245071411,35318600
2024-03-07,131.622876891,133.753989208,130.453255394,133.198913574,37738200
2024-03-08,133.030368534,136.876255009,132.822207673,134.219818115,39370400
2024-03-11,134.933518363,137.877415372,134.933518363,136.459976196,32437800
2024-03-12,135.825603362,138.154954597,135.825603362,137.282684326,27563400
2024-03-13,137.778290516,139.849917297,137.768383853,138.561340332,23347200
2024-03-14,139.949038606,142.327938193,139.225459043,141.842254639,42753400
2024-03-15,141.247522797,141.921538804,138.799231192,139.939117432,49475400
2024-03-18,147.303822339,150.812701553,145.876476515,146.381988525,69273700
2024-03-19,146.857789672,147.482242166,144.796069479,145.737716675,24070400
2024-03-20,146.699192076,147.551633932,145.450271967,147.432693481,21311500
2024-03-21,148.156263007,149.048346578,145.608844275,146.302703857,24755600
2024-03-22,147.809362953,150.247748395,147.670594034,149.444869995,29211800
2024-03-25,148.622114349,149.058249417,146.520752794,148.750976562,19229300
2024-03-26,148.899646155,150.92170897,148.661750185,149.345687866,22149100
2024-03-27,149.851218193,150.307181745,147.59125913,149.543945312,22879200
2024-03-28,149.524125275,150.099014114,148.850094201,149.603408813,24485400
2024-04-01,149.3655674,154.371185284,149.286268716,154.123382568,31730800
2024-04-02,152.150841909,153.34029172,150.812701419,153.201522827,24586000
2024-04-03,152.249959437,153.716946941,151.387595901,153.558349609,24705000
2024-04-04,152.150867692,153.409709725,149.127671531,149.206970215,34724700
2024-04-05,148.711330708,152.071534164,148.285117394,151.159622192,23459200
2024-04-08,151.437184797,153.905305134,151.268680776,153.488998413,20702000
2024-04-09,154.718075156,157.166366805,153.825991572,155.223602295,31079500
2024-04-10,154.837046435,155.233524707,153.320479989,154.767654419,22838600
2024-04-11,155.530869209,158.276511864,155.084827435,158.008895874,27166400
2024-04-12,156.571647797,158.811778519,155.758847768,156.343658447,25353700
2024-04-15,157.463728818,157.840393715,153.231254991,153.498886108,27136500
2024-04-16,152.834777201,154.281936324,152.081447404,153.042922974,20779500
2024-04-17,154.252206441,155.699380738,153.221353953,154.103530884,21763100
2024-04-18,153.974684514,155.560627869,153.261011516,154.638793945,19883000
2024-04-19,154.827127437,154.985724799,150.96141128,152.735671997,32615600
2024-04-22,152.953701288,156.254434315,152.705898644,154.906387329,26446200
2024-04-23,155.580456591,157.57278489,154.906425371,156.869018555,21151600
2024-04-24,156.105768917,158.167488861,155.788574253,157.73135376,22779100
2024-04-25,149.999908581,155.114559134,149.54394503,154.628860474,57109700
2024-04-26,172.837418452,173.174441612,168.158902372,170.438690186,64665300
2024-04-29,167.574062725,168.059761368,163.757910965,164.68963623,45610000
2024-04-30,164.154417252,166.62253753,161.170878261,161.34928894,33562900
2024-05-01,162.85591967,165.651125956,161.656548078,162.419784546,33493200
2024-05-02,163.341585139,165.264536088,162.449501666,165.155502319,24294500
2024-05-03,166.087275409,166.483768795,161.616920249,165.770095825,34662400
2024-05-06,165.98813862,166.662154588,164.570699555,166.622512817,21871300
2024-05-07,167.019012941,170.250354572,166.909979153,169.744842529,28039700
2024-05-08,167.514616204,168.654502513,167.256906855,167.891281128,19569100
2024-05-09,167.901189133,169.189766139,166.701817465,168.466186523,15346700
2024-05-10,166.553117835,168.357128408,164.72929394,167.167663574,29799900
2024-05-13,162.816253353,167.792134973,162.558544033,167.653366089,31327600
2024-05-14,168.277837006,169.744824539,167.316361461,168.842819214,25127100
2024-05-15,169.130278158,171.132512783,169.011322595,170.993743896,26948400
2024-05-16,171.76688624,173.580803538,171.172168927,172.64906311,27867900
2024-05-17,172.649092075,174.720734168,172.163408456,174.512573242,24479300
2024-05-20,174.641410679,177.198736027,174.5323769,175.364990234,22554400
2024-05-21,175.345187599,176.584201121,174.264771438,176.286849976,16989400
2024-05-22,175.08745176,175.592963756,173.670027765,174.829742432,17880000
2024-05-23,175.51369374,176.683315158,171.429895189,172.024627686,21024900
2024-05-24,173.442028287,174.225093139,172.123716361,173.451950073,16579400
2024-05-28,172.916735915,175.711957871,172.837437229,174.849594116,20572200
2024-05-29,173.888103103,175.285713959,173.184351906,174.353973389,23388700
2024-05-30,173.660096691,173.679925139,170.280064865,170.597259521,22931500
2024-05-31,170.349466717,171.538916499,167.950738706,170.983840942,37638900
2024-06-03,171.023512066,172.996027087,169.655651388,171.647979736,27459100
2024-06-04,171.756984948,172.321982294,170.379202711,172.262496948,26879600
2024-06-05,173.660125215,175.097377817,172.401283292,173.868286133,22068500
2024-06-06,174.353974735,175.592988242,174.205299164,175.176681519,23251000
2024-06-07,175.493852494,176.30663738,172.768023146,172.926620483,19661400
2024-06-10,173.631180651,175.705184933,171.438084279,173.67086792,23726700
2024-06-11,174.871636642,175.486887806,172.440386085,175.268569946,21540600
2024-06-12,176.886098122,179.029574249,174.762473202,176.429611206,27864700
2024-06-13,174.762475869,175.387660201,173.541891586,173.819747925,20913300
2024-06-14,172.88691347,175.705178868,172.817441824,175.437240601,18063600
2024-06-17,174.117425697,176.995229484,173.472390268,175.883804321,19618500
2024-06-18,175.784560996,176.032648048,172.767829105,173.750244141,21869900
2024-06-20,174.028127436,175.933434475,173.651045355,174.951019287,20160100
2024-06-21,175.64567297,179.466220501,175.258657686,178.255554199,57759000
2024-06-24,178.781473154,179.505883172,177.302868737,177.84866333,18298000
2024-06-25,178.245597046,182.879861797,178.047130414,182.621856689,23130200
2024-06-26,181.232587003,183.098191635,181.083725663,182.473022461,19839000
2024-06-27,182.770703175,184.626404798,182.611938955,183.99130249,18848900
2024-06-28,182.90966547,183.713465256,180.567722626,180.756256104,29156600
2024-07-01,181.629515762,182.47301791,179.912757371,181.589828491,16006100
2024-07-02,180.657007874,184.150078069,180.170751765,183.822601318,17372500
2024-07-03,183.435598987,184.666101253,182.592096831,184.398178101,10242100
2024-07-05,184.437864932,189.399606682,184.378326454,189.141601562,20967500
2024-07-08,188.446941104,188.714879392,186.343167497,187.583602905,21035900
2024-07-09,188.853821772,189.895790622,187.275991449,187.533996582,15121400
2024-07-10,187.702681914,190.282793647,187.583604959,189.717147827,15952500
2024-07-11,188.397366279,189.3996328,183.663859757,184.150115967,25625800
2024-07-12,183.663833438,185.678299366,183.078351548,183.653915405,22898400
2024-07-15,183.50505597,186.799659776,183.50505597,185.102737427,16474000
2024-07-16,185.92639139,187.236283366,181.966915939,182.512710571,18290700
2024-07-17,181.569963789,182.145527602,178.523447339,179.634887695,20734100
2024-07-18,180.537930675,181.103576511,175.119717085,176.330383301,25315700
2024-07-19,177.511279615,178.910479295,175.774669983,176.300613403,18881900
2024-07-22,179.208184453,181.302040072,178.850938442,180.279922485,24100300
2024-07-23,180.65702234,182.205083362,180.150914985,180.399002075,36352700
2024-07-24,172.271661038,174.841839354,170.505282377,171.309082031,49585200
2024-07-25,171.199941315,172.093048771,165.9107228,166.000030518,44852000
2024-07-26,165.871029431,166.803839352,162.804676501,165.722183228,41336900
2024-07-29,167.53817777,169.125926083,166.70460877,168.232818604,20293800
2024-07-30,168.937378952,169.919794072,167.151148995,168.986984253,18959700
2024-07-31,171.914421179,172.916687489,168.709125338,170.227416992,25729100
2024-08-01,168.947292235,172.718218673,167.587779956,169.453384399,24531400
2024-08-02,165.166463034,167.22061626,163.410002201,165.384780884,29130100
2024-08-05,154.310172472,163.171836201,153.744526629,158.031478882,53630700
2024-08-06,158.110831678,159.341348828,155.213176913,157.078781128,49004600
2024-08-07,160.016168662,161.732927038,157.257441508,157.723846436,25138600
2024-08-08,159.281818015,162.43749344,158.984125643,160.79019165,25578800
2024-08-09,158.785664734,162.536740539,157.842936767,162.417663574,28602300
2024-08-12,163.092452777,163.638232241,160.601648798,161.048202515,15895300
2024-08-13,162.159654112,163.469546114,161.723018398,162.903915405,18551700
2024-08-14,161.15736448,161.971097388,156.503263481,159.14289856,40591100
2024-08-15,159.271898987,160.403175421,158.388709623,160.06578064,31524300
2024-08-16,160.23448454,163.797011377,159.897089745,161.713088989,24208600
2024-08-19,164.015335484,165.414550304,163.003135919,165.394699097,22416200
2024-08-20,165.622931031,167.349622585,165.543556489,165.900787354,18341500
2024-08-21,163.886322441,165.573326734,163.409999477,164.580978394,22902000
2024-08-22,165.980162578,166.307639317,162.060390025,162.546646118,22493300
2024-08-23,163.459629922,164.908450109,162.57644045,164.352737427,13955700
2024-08-26,165.106928695,166.267974486,163.201621618,164.88861084,14190400
2024-08-27,164.571049615,165.166464693,163.201619165,163.419921875,11821900
2024-08-28,163.777173146,164.332900969,160.294035716,161.603942871,16407400
2024-08-29,163.052738865,164.700040598,159.023807385,160.542098999,19699800
2024-08-30,161.375703542,162.407754432,160.452826732,162.129898071,22123800
2024-09-03,160.482600135,160.611610285,155.28268856,156.155960083,38945300
2024-09-04,155.461268431,157.783359522,154.766627738,155.252868652,19353800
2024-09-05,155.104024996,158.229915735,154.786466308,156.036834717,18688700
2024-09-06,156.096416313,156.622359787,149.398064185,149.765228271,37912100
2024-09-09,151.543859603,152.428220939,146.287377872,147.767944336,39260500
2024-09-10,149.496915628,150.311728312,147.4002816,147.718261719,31118800
2024-09-11,148.970288023,150.540280891,146.585497559,150.202438354,29607700
2024-09-12,152.825691182,153.839233802,151.682967252,153.71005249,29621500
2024-09-13,154.445370169,157.376694551,154.22677778,156.462524414,29591200
2024-09-16,156.313436563,157.247484076,155.607942914,157.058685303,18379800
2024-09-17,158.01264265,159.532949177,157.376697535,158.310745239,20715600
2024-09-18,158.84730897,159.483254049,157.595296359,158.797622681,23677300
2024-09-19,162.672900037,162.752379892,160.317903731,161.112838745,26587700
2024-09-20,162.464269445,162.692808208,161.033389049,162.553695679,40896400
2024-09-23,163.308869851,164.441647491,160.645839424,160.824707031,24150900
2024-09-24,161.997234814,162.186033626,159.672061907,161.261917114,23332100
2024-09-25,160.44711769,161.778625391,160.278196429,160.466995239,18869200
2024-09-26,162.603366132,163.040581228,161.251980908,161.699127197,20319300
2024-09-27,161.77861459,164.650306159,161.599762147,162.911392212,21101300
2024-09-30,162.285390704,165.097449582,162.225758062,164.799362183,20413900
2024-10-01,166.627722041,168.088411117,163.537422621,165.932159424,28338100
2024-10-02,165.36574569,166.458783375,163.686449229,164.809295654,17760200
2024-10-03,163.368484278,165.584353227,162.881582916,164.809295654,15073100
2024-10-04,166.995343503,167.164264739,164.431685891,166.001678467,19047400
2024-10-07,166.657518506,167.412698554,161.719001546,161.947540283,22463100
2024-10-08,162.901468985,163.686457791,161.838239985,163.338684082,23072700
2024-10-09,162.41456444,163.795758381,158.728075254,160.834640503,31181800
2024-10-10,159.850896497,162.036971802,159.383872697,161.053237915,14144100
2024-10-11,161.102918038,162.861694245,160.218556758,162.205886841,15344300
2024-10-14,162.603348143,165.176936983,162.364863072,163.914993286,19016100
2024-10-15,164.739746148,166.617772761,163.587106044,164.411849976,20247200
2024-10-16,163.48770992,164.749668782,162.702721199,164.113723755,16406000
2024-10-17,164.680123154,165.316068251,161.728936408,161.897857666,21453400
2024-10-18,162.156211636,163.666586848,162.046907868,162.384750366,19757700
2024-10-21,161.917739585,163.457923661,161.589828253,163.030654907,20946500
2024-10-22,161.94753652,164.719870687,161.94753652,164.093856812,16568100
2024-10-23,163.716247096,164.769544778,160.904173204,161.748794556,18280500
2024-10-24,161.798512767,162.295345387,159.990034753,161.689208984,22412500
2024-10-25,162.633167472,164.541002672,162.384751193,164.22303772,19828900
2024-10-28,167.680987844,167.680987844,162.911392268,165.663848877,32138600
2024-10-29,166.667443363,169.300664982,166.031498304,168.60508728,42169000
2024-10-30,179.535411134,180.866933952,172.957352726,173.354827881,68890800
2024-10-31,172.033223751,175.699849973,169.91671248,170.026016235,44769000
2024-11-01,168.992622349,171.228368712,167.810158513,170.204879761,31796500
2024-11-04,168.85349334,169.648428406,166.945658279,168.167877197,21492700
2024-11-05,168.356669712,169.449707381,167.770410945,168.664718628,18242100
2024-11-06,172.699006374,175.819114344,172.400903796,175.391830444,33695500
2024-11-07,176.286127445,179.932876509,176.067519912,179.60496521,25352900
2024-11-08,179.50558657,179.754002834,176.951875256,177.220169067,22006200
2024-11-11,177.448712825,179.406234257,177.339409059,179.207504272,17450400
2024-11-12,178.680897056,181.333981522,178.253613104,180.469482422,25134900
2024-11-13,179.316803528,179.813636059,177.408953269,177.746810913,23184000
2024-11-14,177.150620515,177.687208183,173.215715039,174.467727661,31007500
2024-11-15,172.62944344,173.036849793,170.135349355,171.39730835,32504600
2024-11-18,172.32140362,174.328611412,171.804693512,174.189498901,20135300
2024-11-19,172.619517427,177.736887074,172.460527359,176.991638184,23434900
2024-11-20,176.216573807,176.554416319,172.679128304,174.865188599,18997100
2024-11-21,172.798353945,173.026907834,162.662973009,166.568084717,59734400
2024-11-22,164.799369342,165.405505683,162.861710191,163.716262817,38604600
2024-11-25,165.037821379,167.561739049,164.560866409,166.587936401,33135300
2024-11-26,166.568093652,168.744222753,166.518407363,168.04864502,20486700
2024-11-27,167.929404994,168.406360005,166.955617423,168.157943726,19266500
2024-11-29,167.432568705,168.356669967,166.101061115,167.879714966,14257200
2024-12-02,167.700870346,170.989899542,167.50214035,170.403640747,23789100
2024-12-03,170.403667046,171.586116012,169.767721863,170.254608154,22248700
2024-12-04,170.065763006,173.801953205,169.976336793,173.265365601,31615100
2024-12-05,174.249126706,174.9446893,171.238322421,171.546356201,21356200
2024-12-06,170.940225568,173.970907503,170.771304301,173.603256226,21462400
2024-12-09,173.056078391,175.344115023,172.747676458,174.458740234,25389600
2024-12-10,181.899917833,185.391674416,180.109267594,184.207855225,54813000
2024-12-11,184.347120934,194.593604843,183.889519609,194.384689331,67894100
2024-12-12,193.986751976,194.165809384,190.713853968,190.962554932,34817500
2024-12-13,190.017498416,191.728562437,188.654621852,188.833694458,25143500
2024-12-16,191.867822551,197.965975291,191.619121577,195.638137817,44934900
2024-12-17,196.225064447,200.373394786,193.966855399,194.404571533,43504000
2024-12-18,194.205620994,195.976370744,186.76449198,187.421051025,34166100
2024-12-19,190.634285705,192.027005163,187.401172869,187.530487061,32265200
2024-12-20,184.814684457,191.887741449,184.257596651,190.415435791,63462900
2024-12-23,191.619132461,194.086257192,189.161965484,193.61869812,25675000
2024-12-24,193.82758299,195.090988159,192.773093313,195.090988159,10403300
2024-12-26,194.135990007,195.727682442,193.370001874,194.58366394,12046600
2024-12-27,193.937030714,194.305118504,189.659370611,191.758407593,18891400
2024-12-30,188.813772154,191.549482718,188.137297648,190.246292114,14264700
2024-12-31,190.087156212,190.962588618,187.530502564,188.31640625,17466900
2025-01-02,189.659371289,191.002362724,186.525744848,188.445709229,20370800
2025-01-03,190.375625937,192.206076731,188.992849062,190.793441772,18596200
2025-01-06,192.972063132,197.190037283,192.842748943,195.847045898,29563600
2025-01-07,196.085805432,199.955592156,193.588853005,194.474227905,26487200
2025-01-08,191.569411045,195.270067911,191.380395859,192.942230225,24864800
2025-01-10,193.290411428,195.498877422,189.321138184,191.042144775,26665200
2025-01-13,189.082383661,190.186601413,186.386458426,190.017486572,21823700
2025-01-14,190.246306783,190.982451967,187.331523409,188.674514771,17174900
2025-01-15,192.086680765,195.339693757,190.863076222,194.533905029,21776000
2025-01-16,193.131227833,194.464261411,191.80813683,191.907623291,17815400
2025-01-17,195.508812244,196.205171948,192.743258574,194.981567383,27735100
2025-01-21,198.035624051,201.238878714,196.8418472,197.0209198,29971300
2025-01-22,198.025650479,199.438270113,196.503601814,197.339233398,26200600
2025-01-23,197.110450959,199.259231101,194.185724963,196.951278687,26951400
2025-01-24,197.070671281,199.856110236,196.971184813,199.169708252,23877500
2025-01-27,191.410212356,195.856986779,189.738933995,190.813323975,41728900
2025-01-28,191.74846414,194.464274713,189.689212648,194.285217285,24157900
2025-01-29,194.543867849,195.767472519,192.424930471,194.39465332,18218300
2025-01-30,196.971180965,200.353508304,196.642893842,199.826263428,24354700
2025-01-31,200.95042195,204.41233586,200.751464172,202.95993042,32001100
2025-02-03,199.647214991,202.691312768,199.06028428,200.184402466,27838300
2025-02-04,202.333178377,205.974164542,201.756190254,205.307647705,43856400
2025-02-05,190.077202379,191.748465767,187.052989801,190.335845947,70373900
2025-02-06,188.515336914,191.101833097,187.739391095,190.604431152,29297400
2025-02-07,190.057290133,190.186604319,182.287874021,184.376953125,49315000
2025-02-10,186.376530989,187.222105261,184.8942676,185.501098633,23105600
2025-02-11,184.068584519,185.968663818,183.322481512,184.357086182,21239500
2025-02-12,182.267987136,184.148166059,180.885210206,182.655960083,22072600
2025-02-13,183.362270499,185.312077731,182.18839395,185.172805786,21402500
2025-02-14,184.098417498,185.431451155,183.362272286,184.267532349,20448400
2025-02-18,184.635602135,184.993732131,180.795658635,182.815109253,29916700
2025-02-19,183.113565597,184.496342445,182.636048785,184.307327271,19549400
2025-02-20,183.839771594,184.34711614,181.770577573,183.601013184,20441500
2025-02-21,184.187934602,184.37694977,178.149482868,178.726470947,35199200
2025-02-24,181.044371734,182.168489847,177.960473496,178.318603516,29854200
2025-02-25,177.114880518,177.811255395,173.782296545,174.508499146,41913400
2025-02-26,174.160326422,175.165072899,170.688455339,171.832473755,35431300
2025-02-27,173.085929349,173.652959656,167.06736295,167.624450684,39991000
2025-02-28,167.803495249,169.723474449,165.903431555,169.395187378,48130600
2025-03-03,171.036630104,172.469150172,165.067806604,166.142196655,40770500
2025-03-04,165.376215627,172.389571395,164.938499456,170.031890869,45388000
2025-03-05,169.633977016,172.87703249,168.181556543,172.120986938,30954900
2025-03-06,169.643902191,173.901661526,169.614059289,171.454452515,28302000
2025-03-07,170.370137893,174.060867636,169.385291588,172.956634521,27385800
2025-03-10,167.578469504,167.777671576,163.026987862,165.198150635,43604000
2025-03-11,164.242051055,166.074594659,160.716380985,163.375564575,39587400
2025-03-12,165.905283921,166.960988051,162.867634643,166.433135986,28372400
2025-03-13,165.36748287,165.457129894,161.453407811,162.100769043,31756200
2025-03-14,162.60870791,165.815667084,161.792021881,164.819717407,31995900
2025-03-17,164.36156569,165.626425971,163.00707359,163.624557495,31184300
2025-03-18,163.017013461,163.584711993,156.085213171,160.019210815,42074800
2025-03-19,161.104818558,165.198172447,160.347902254,163.226196289,34275600
2025-03-20,160.915580756,164.222125455,160.308050905,162.140594482,28138500
2025-03-21,160.557051563,163.574777821,160.238340377,163.325790405,36625800
2025-03-24,166.393324502,167.638261634,164.471133669,167.000839233,30879100
2025-03-25,168.295553743,169.938879648,167.638238578,169.869155884,24174400
2025-03-26,168.315493079,168.923022982,164.172338833,164.391448975,28901600
2025-03-27,163.963204931,164.749998512,161.343852342,161.582885742,24508300
2025-03-28,159.839979596,161.164594577,153.007763757,153.704925537,48669300
2025-03-31,152.489854834,154.910005242,150.049781178,154.013656616,54603500
2025-04-01,152.997784098,157.459649581,152.997784098,156.433822632,30672900
2025-04-02,154.521571306,157.768376664,154.073397035,156.403915405,25041700
2025-04-03,150.497962629,152.161196836,149.780877616,150.109542847,46883400
2025-04-04,147.410511685,150.458130575,144.791174271,145.010284424,62259500
2025-04-07,140.976688779,152.230923884,139.960815789,146.15562439,76794100
2025-04-08,150.607502633,151.6233755,142.45067282,144.11390686,52200200
2025-04-09,143.835040761,158.903763214,143.327111931,158.067169189,70406200
2025-04-10,155.905937675,157.08116606,149.322710465,152.201019287,48022000
2025-04-11,152.280692864,157.03137687,152.201030267,156.50352478,33636200
2025-04-14,159.351946107,161.064980743,156.921826497,158.425720215,30333000
2025-04-15,158.48548059,159.003363492,154.58135959,155.676895142,27551500
2025-04-16,152.479904941,155.258597913,150.89633337,152.708969116,28187400
2025-04-17,153.665072231,154.053492005,147.898530166,150.54776001,33046600
2025-04-21,148.276974544,148.346683111,145.508235998,147.071868896,26049100
2025-04-22,148.28693923,151.573576035,147.938350782,150.856491089,26971800
2025-04-23,154.979720849,156.891942294,153.187008495,154.720779419,31128800
2025-04-24,155.517544906,158.943614423,155.159002393,158.634872437,45894000
2025-04-25,164.40140466,165.427231513,160.387713866,161.304000854,56034000
2025-04-28,161.772108534,162.489193561,157.957634414,159.959487915,29745800
2025-04-29,159.670647087,160.088944095,156.881985169,159.511291504,26809000
2025-04-30,157.340113351,158.624896844,154.770561563,158.156799316,34981100
2025-05-01,159.800119452,161.294043938,158.266363667,160.646682739,30203200
2025-05-02,162.74813194,164.301810924,161.214361007,163.365615845,25715000
2025-05-05,162.339800795,164.720119965,162.060936095,163.544906616,21341800
2025-05-06,161.51314352,164.13249581,160.537117175,162.568847656,21277200
2025-05-07,163.415418317,164.331690159,147.241190735,150.766860962,127490100
2025-05-08,154.37220586,155.298431801,152.28070538,153.65512085,57498700
2025-05-09,153.545563893,154.422004495,151.583541763,152.131317139,32435300
2025-05-12,156.852119132,158.45559871,155.617136069,157.818191528,44138800
2025-05-13,158.146826681,159.919630909,155.527489627,158.883834839,42382100
2025-05-14,159.312119041,166.32359817,158.963530571,164.700195312,48755900
2025-05-15,165.168273298,165.536784973,161.712327069,163.295898438,33146700
2025-05-16,167.050647409,168.664096339,164.949192827,165.516891479,42846900
2025-05-19,163.843671425,165.965049042,163.554852713,165.865447998,30426100
2025-05-20,165.755884638,167.817507605,162.240183766,163.315811157,46607700
2025-05-21,163.026988723,172.438709188,162.897510415,167.877258301,73416000
2025-05-22,171.153959112,176.054029729,170.018577081,170.17791748,74864400
2025-05-23,168.375250095,169.271613923,167.209990796,167.787643433,35211400
2025-05-27,169.470799404,172.468602438,169.31144381,172.199691772,37995700
2025-05-28,172.458643244,174.560097592,171.213706195,171.661880493,34784000
2025-05-29,173.295257035,173.713554107,169.93891123,171.163925171,29317300
2025-05-30,170.65598331,171.51250064,166.761816424,171.044403076,52639900
2025-06-02,167.160184921,169.181961487,166.71201062,168.345367432,38612300
2025-06-03,166.811603712,167.797584088,164.610548413,165.506896973,45084900
2025-06-04,166.064632261,167.538633329,165.686166571,167.36932373,26900800
2025-06-05,169.650064259,170.237670921,166.911202649,167.528701782,36379100
2025-06-06,170.138069523,173.793202678,170.138069523,172.976516724,35731800
2025-06-09,174.043486985,175.96800471,173.873972402,175.589080811,28935900
2025-06-10,175.698767522,180.594803884,174.412443831,178.091949463,61766100
2025-06-11,179.258618846,179.856902918,176.247205474,176.845504761,31646800
2025-06-12,175.678825629,176.217298049,174.252900755,175.200195312,20941900
2025-06-13,171.949474011,176.62613512,171.8996132,174.173126221,27663100
2025-06-16,174.232945497,176.436665458,174.153171246,176.267150879,27389200
2025-06-17,175.200174079,176.855455442,174.083365069,175.449462891,24973000
2025-06-18,175.50930033,176.057738793,172.707296349,172.826965332,28707500
2025-06-20,173.455173151,173.844063136,164.989333818,166.165969849,75659900
2025-06-23,165.797022365,166.863970665,161.53916481,164.720092773,57671000
2025-06-24,166.44516047,167.7414654,165.65741448,166.295593262,40524300
2025-06-25,167.153161524,171.86970222,167.073387268,170.194473267,35479000
2025-06-26,171.939497843,173.195923381,169.456590642,173.046340942,31796700
2025-06-27,173.04632991,178.171707717,171.241481191,178.022140503,108140200
2025-06-30,180.26575902,180.714475925,174.083398342,175.72869873,63378900
2025-07-01,175.240106815,175.589102099,173.036386544,175.339813232,35904500
2025-07-02,175.040633189,178.35119606,174.5719842,178.131820679,29128900
2025-07-03,177.992233554,179.158903511,176.546361311,179.019302368,21689700
2025-07-07,178.550641104,178.789963875,175.180251028,176.287094116,34175600
2025-07-08,177.344091446,177.443797855,172.318419781,173.864013672,40442500
2025-07-09,174.751471041,178.929554295,172.27853009,176.11756897,43025600
2025-07-10,175.130386311,177.922408917,173.883942214,177.114715576,29252400
2025-07-11,176.2870918,180.913892125,175.977976068,179.677429199,34282900
2025-07-14,180.495079596,183.147516407,179.16886119,181.043518066,32536600
2025-07-15,182.289962667,183.695955328,181.083413243,181.482269287,33448300
2025-07-16,182.718760143,183.805655872,181.51219542,182.449523926,33104200
2025-07-17,181.621878864,183.536415352,179.966597295,183.057785034,31992600
2025-07-18,184.872583221,185.889685869,183.187403575,184.533554077,34014500
2025-07-21,185.720180506,189.748681351,185.620458887,189.559234619,45803100
2025-07-22,190.95524858,191.104815796,186.926747681,190.795700073,44660200
2025-07-23,190.955234227,191.982302938,188.641826697,189.688842773,58681900
2025-07-24,196.46952792,197.386909065,190.456682055,191.623352051,74881700
2025-07-25,191.433879273,193.777200425,190.715926206,192.630462646,39785900
2025-07-28,193.099129108,193.498000381,190.297124985,192.032180786,38139500
2025-07-29,191.882582924,195.362660323,191.533587706,195.193145752,41389200
2025-07-30,195.043600058,197.037910835,194.136185003,195.970947266,32445400
2025-07-31,195.153269922,195.432472188,190.546402103,191.354095459,51329200
2025-08-01,188.492258368,190.287140886,187.285709019,188.59197998,34832200
2025-08-04,189.74868065,194.714525138,189.57916607,194.485168457,31547400
2025-08-05,194.15612093,197.297154132,193.338446256,194.116226196,31602300
2025-08-06,193.946707497,196.070653173,193.119066765,195.532180786,21562900
2025-08-07,196.499425196,196.97805549,193.777195429,195.960968018,26321800
2025-08-08,196.658981174,202.033647952,196.609120363,200.84703064,39161800
2025-08-11,200.368395771,200.906852958,198.50372016,200.428222656,25832400
2025-08-12,200.797168896,203.918270025,200.019388937,202.761566162,30397900
2025-08-13,203.549323297,203.948179344,196.948144636,201.385498047,28342900
2025-08-14,200.926795333,203.858434384,200.657559138,202.362701416,25230400
2025-08-15,203.27013121,205.852760004,200.707434568,203.319976807,34931400
2025-08-18,203.619102445,204.686065884,201.91397546,202.921096802,18526600
2025-08-19,202.452450849,202.861288197,199.391191816,200.996612549,24240200
2025-08-20,200.158983421,200.707421891,196.04074229,198.753005981,28955500
2025-08-21,199.181777954,201.904007755,198.862680944,199.181777954,19774600
2025-08-22,202.153295884,207.94676592,200.727371065,205.503738403,42827000
2025-08-25,205.842758945,209.92113564,204.69603645,207.896911621,29928900
2025-08-26,206.919708615,207.25875301,205.114859801,206.550765991,28464100
2025-08-27,205.114850478,208.315725815,205.064989668,206.889785767,23022900
2025-08-28,206.660437418,211.616300512,206.311426975,211.037948608,32339300
2025-08-29,209.911184895,214.039407782,209.602069145,212.304367065,39728400
2025-09-02,207.847068763,211.07784244,205.613435246,210.748794556,47523000
2025-09-03,225.566522136,230.652005376,224.150548126,230.003860474,103336100
2025-09-04,228.996734954,231.7089989,225.46681148,231.639205933,51684200
2025-09-05,231.539474366,235.089345056,231.240324711,234.331512451,46588900
2025-09-08,235.010177464,237.664986694,233.213689442,233.582962036,32474700
2025-09-09,233.712718999,240.00041962,232.774552163,239.162063599,38061000
2025-09-10,238.433464892,241.188084852,237.385527538,238.702941895,35141100
2025-09-11,239.411570859,241.776937886,235.788654595,239.900604248,30599300
2025-09-12,239.900604727,241.607272169,237.535237695,240.329772949,26771600
2025-09-15,244.182227467,251.917093136,244.182227467,251.118652344,58383800
2025-09-16,251.587726694,252.545843428,248.982823031,250.669525146,34109700
2025-09-17,250.729411506,251.108674304,245.799056045,249.042709351,34108000
2025-09-18,251.188503938,253.494005688,249.312185618,251.537826538,31239500
2025-09-19,252.755449377,255.500079133,251.318258995,254.222579956,55571400
2025-09-22,253.933148876,255.280518725,249.81122418,252.036865234,32290500
2025-09-23,252.545858633,253.863288257,249.990860219,251.168563843,26628000
2025-09-24,251.168541125,251.857196072,245.958733955,246.657363892,28201000
2025-09-25,243.922727829,246.008658036,240.269886677,245.310012817,31020400
2025-09-26,246.587526996,248.932928759,245.489668993,246.058547974,18503200
2025-09-29,247.366007747,250.659551365,242.295926079,243.573425293,32505800
2025-09-30,242.335832449,242.814890829,238.782786938,242.625274658,34724300
2025-10-01,240.279863146,245.819028146,238.144042749,244.42175293,31658200
2025-10-02,244.671251092,246.328013005,241.826825871,245.210205078,25483300
2025-10-03,244.012558949,245.819021896,241.18808362,244.870880127,30249600
2025-10-06,244.302002914,250.829240411,244.102396511,249.940963745,28894700
2025-10-07,247.785167884,249.950928352,245.040538247,245.280059814,23181300
2025-10-08,244.481651092,245.529588479,243.343877883,244.142303467,21307100
2025-10-09,243.992595499,244.28202248,238.682977187,241.058334351,27892100
2025-10-10,240.958542547,243.613351912,235.379462021,236.108047485,33180300
2025-10-13,239.740909585,244.022525104,239.241886017,243.673202515,24995000
2025-10-14,240.75891237,246.637409539,240.040317196,244.970672607,22111600
2025-10-15,246.767162582,251.617672433,245.509628631,250.539779663,27007700
2025-10-16,251.278340551,256.458192577,249.611603602,250.968948364,27997200
2025-10-17,250.27031047,253.723560484,247.326074275,252.805358887,29671600
2025-10-20,254.192627659,256.827456261,253.733519275,256.048980713,22350200
2025-10-21,254.242542169,254.382268164,243.673211039,249.970901489,47312100
2025-10-22,253.873276188,255.859380485,248.803194289,251.198516846,35029400
2025-10-23,252.485974101,254.541948878,251.358191131,252.585784912,19901400
2025-10-24,256.078940573,261.168987452,254.821421796,259.412445068,28655100
2025-10-27,264.30287917,269.612497832,263.763925128,268.744171143,35235200
2025-10-28,269.163358932,270.201336576,265.979585843,266.947692871,29738600
2025-10-29,267.227124599,274.802298818,267.147294228,274.033813477,43580300
2025-10-30,291.020602251,291.020602251,279.51311835,280.930358887,74876000
2025-10-31,282.656944074,285.44150434,276.489019576,280.640899658,39267900
2025-11-03,281.628953364,284.972417597,279.25359614,283.16595459,29786000
2025-11-04,276.209550576,280.720712758,275.720517215,276.998016357,30078400
2025-11-05,278.325412165,285.860686647,276.798401198,283.75479126,31010300
2025-11-06,284.772793181,287.786915208,280.591003449,284.193939209,37173600
2025-11-07,282.656943624,283.225837848,274.652615914,278.285491943,34479600
2025-11-10,283.864577409,290.232092498,282.307595869,289.533477783,29557300
2025-11-11,287.188073887,291.349943998,286.758920913,290.741119385,19842100
2025-11-12,291.110411973,291.439784619,283.136024264,286.150115967,24829900
2025-11-13,281.788658685,282.287682314,276.698611587,278.026031494,29494000
2025-11-14,270.880003094,278.016034717,270.171398087,275.870239258,31647200
2025-11-17,285.221935062,293.375994301,283.016259221,284.463409424,52670200
2025-11-18,287.357759901,288.236015843,277.656740011,283.724853516,49158700
2025-11-19,286.599259202,303.216740242,286.070295364,292.238220215,68198900
2025-11-20,303.94529377,305.821627323,288.10629005,288.884765625,62025200
2025-11-21,295.841196092,303.326550893,293.276207203,299.074859619,74137700
2025-11-24,310.522422055,318.856122047,308.995411097,317.957855225,85165100
2025-11-25,325.572959832,328.187838552,317.029678466,322.808380127,88632100
2025-11-26,320.05378082,323.866328578,316.171392905,319.32522583,51373400
2025-11-28,322.738552395,326.211767984,316.171414524,319.554779053,26018600
2025-12-01,317.079626328,319.225421843,313.277068708,314.275115967,41183000
2025-12-02,316.121444361,317.758256306,313.29698433,315.193267822,35854700
2025-12-03,315.273111945,320.951971903,313.486599114,319.00579834,41838300
2025-12-04,321.600769421,321.730489976,314.085475008,316.999755859,31240900
2025-12-05,318.86605552,322.528901748,318.546703599,320.642578125,28851700
2025-12-08,319.633953011,320.023460677,310.815444588,313.312194824,33909400
2025-12-09,311.963917133,317.576606311,311.494526909,316.667785645,30194000
2025-12-10,315.419420632,320.89230783,314.27092168,319.793731689,33428900
2025-12-11,319.663883146,320.702539682,308.198826632,312.023834229,42353700
2025-12-12,313.292210223,314.460672186,305.162777386,308.887939453,35940200
2025-12-15,310.915281417,311.015157509,304.483651183,307.81930542,29151900
2025-12-16,304.553589085,310.366000149,302.196641144,306.171478271,30585000
2025-12-17,307.609590332,307.68947292,295.73503295,296.334259033,43930400
2025-12-18,301.327774708,303.564853026,298.841021383,302.066802979,33518000
2025-12-19,301.337777702,306.850591017,300.578755909,306.76071167,59943200
2025-12-22,309.477164915,309.726839919,304.903101788,309.377288818,26429900
2025-12-23,309.227480084,314.530574546,308.917885528,313.941345215,25478700
2025-12-24,314.360810394,314.670404978,311.514539574,313.68170166,10097400
2025-12-26,314.071187731,314.680380103,311.874035535,313.10244751,10899000
2025-12-29,310.965218796,313.611767741,310.216193785,313.152374268,19621800
2025-12-30,312.093765439,316.53799285,312.053808903,313.442016602,17380900
2025-12-31,312.443310222,314.171041767,311.035139524,312.593109131,16377700
