date,open,high,low,close,volume
2015-01-02,56.9636266062,57.8209002862,56.9228079061,57.2003974915,3146200
2015-01-05,56.9309458283,57.2248615017,56.4574042933,56.6370239258,4845500
2015-01-06,57.0860662591,57.8943545981,56.4982224595,56.9227790833,5127400
2015-01-07,57.1758906953,57.5841149684,55.8859004973,56.5227355957,9043000
2015-01-08,57.1514046665,58.3679113932,56.8738151195,57.8617172241,7472200
2015-01-09,57.1758856976,57.2412030706,56.343110994,57.0942420959,8141700
2015-01-12,57.331010055,57.649424446,56.5635465334,56.6778488159,5797600
2015-01-13,57.2085503214,57.8045605107,56.1798233922,56.645198822,3364800
2015-01-14,56.1471935093,57.0534523738,56.0982085639,56.9554824829,3376100
2015-01-15,57.5106428329,58.188290454,56.9309650597,56.939125061,4055000
2015-01-16,56.8166377304,57.8698568502,56.694175461,57.7065696716,4263300
2015-01-20,57.8617112168,58.8659394491,57.8617112168,58.8087882996,6163300
2015-01-21,58.4740495498,59.1925220578,58.0576590298,58.9802436829,5195900
2015-01-22,59.3476484298,59.3476484298,58.4903749414,59.1598625183,4582800
2015-01-23,59.1598676256,59.486448327,58.8251269228,58.8904380798,2903200
2015-01-26,58.6699952167,58.9230922822,58.0168338637,58.8741073608,3466600
2015-01-27,58.5883504924,58.8985987032,58.3352472027,58.5638580322,3661600
2015-01-28,58.8741064246,59.094544796,57.7719021094,57.9433555603,3105200
2015-01-29,57.9433564818,58.9149322813,57.494307273,58.8741073608,4416600
2015-01-30,59.6170766253,59.9844822487,58.4413948259,58.7843017578,6720100
2015-02-02,58.6781766989,58.784312799,57.3392011834,58.5312156677,6274500
2015-02-03,58.4495556901,58.4903806141,57.0289367875,57.8780441284,6811500
2015-02-04,57.3392056614,57.5514778782,56.9636337076,57.3310394287,5376400
2015-02-05,57.7229017327,58.433214112,57.7065755048,58.3025856018,3847000
2015-02-06,58.0984853151,58.2862650047,57.3473478697,57.4453239441,3246000
2015-02-09,57.1514032014,57.363681586,56.6452028163,56.832988739,3771200
2015-02-10,57.2412130705,57.6086124567,57.061593378,57.559627533,6888000
2015-02-11,57.5596178039,58.06943382,57.3129312182,57.5185012817,3456400
2015-02-12,57.7158501024,58.0118714807,57.4198287241,57.9954223633,3383500
2015-02-13,58.126996279,58.2914498292,57.7158561299,58.0200958252,2691900
2015-02-17,57.8967518688,58.8999284426,57.8063005449,58.8423690796,3971600
2015-02-18,58.7190309737,58.7519166604,57.72406643,58.3901176453,3800000
2015-02-19,58.2421249258,58.6203731744,58.1927838335,58.4805870056,2337000
2015-02-20,58.3572350711,59.1712908279,57.7816350854,59.105506897,3461700
2015-02-23,59.0479410517,59.1383923785,58.1434340573,58.4558982849,3378600
2015-02-24,58.3819094039,58.793049611,57.9789937576,58.2996826172,3158600
2015-02-25,58.2750089488,58.2750089488,57.6007393326,57.8556442261,3029500
2015-02-26,57.6994082932,57.8145270356,57.1813739523,57.5842895508,4544900
2015-02-27,57.518518216,57.9707749984,57.4856325168,57.699420929,3353200
2015-03-02,57.6994168255,58.497029854,57.691198538,58.4805870056,3815100
2015-03-03,58.4805982337,58.5052656479,57.6336439503,57.8638877869,4137300
2015-03-04,57.5678723348,58.2339176801,57.4034124342,58.0941314697,3005100
2015-03-05,58.1681164222,58.4559133208,57.8885440846,58.0447731018,3465900
2015-03-06,57.7734106192,57.7734106192,56.1699604093,56.2521934509,5880800
2015-03-09,56.5235452122,57.3458254998,56.2604157711,57.214263916,5848000
2015-03-10,56.8360246794,57.0909296012,56.3673250927,56.5564460754,3664900
2015-03-11,56.6468736813,57.0086789207,56.2521827598,56.2932929993,3424500
2015-03-12,56.5317623737,57.2553666737,56.3590842888,57.197807312,2724000
2015-03-13,57.0744785862,57.6007374759,56.8524593922,57.4691696167,3223800
2015-03-16,57.7816415476,58.7108224242,57.7076393221,58.4394683838,3922300
2015-03-17,58.1434491241,58.5957058752,57.8309848155,58.2503433228,2572500
2015-03-18,58.2996775293,60.9885314886,58.1269994103,60.4704971313,6436200
2015-03-19,60.2402556884,61.3256654182,59.6893231272,61.0296440125,7051200
2015-03-20,61.8519302102,62.6577614567,61.2927793097,62.5919837952,10713900
2015-03-23,62.5097395478,63.6938250718,62.4521801833,62.7893180847,6284400
2015-03-24,62.7153146799,63.068895454,61.9670428816,62.1314964294,5111600
2015-03-25,62.2137269704,62.8879965271,61.1447601318,61.1447601318,5431600
2015-03-26,60.8487463235,61.1365431933,60.3718222115,60.3882713318,4023500
2015-03-27,60.5362908671,60.840530628,60.1909282995,60.5033988953,4171600
2015-03-30,60.8487307082,61.0131842277,60.5773767548,60.7418365479,3370700
2015-03-31,60.3142718037,60.8323125198,59.7386779785,59.7386779785,4348000
2015-04-01,59.9606955862,60.0018121226,58.4394778389,58.8177261353,5875800
2015-04-02,58.7601453634,59.02327479,57.9954244871,58.5792427063,3781800
2015-04-06,58.4888033925,58.9657275366,58.2503413204,58.6368141174,3936900
2015-04-07,58.5874843794,59.2699786856,58.5299249966,58.9575080872,3128100
2015-04-08,59.1383988594,59.4344202752,58.8259345976,59.3275260925,3215400
2015-04-09,59.3850910551,59.6646633777,59.12196158,59.5002098083,2595800
2015-04-10,59.615311226,60.8322886156,59.4097411873,60.7829475403,3956400
2015-04-13,60.2567102352,60.5527316984,60.1169240646,60.4540557861,4351500
2015-04-14,60.2731472792,60.6431708973,60.1086874584,60.4047088623,3950600
2015-04-15,60.4704853286,60.8651763027,60.2731398415,60.6102714539,4358700
2015-04-16,60.5280658684,60.8487547497,60.3471631614,60.4293899536,2880000
2015-04-17,60.034696096,60.1909251121,59.171299133,59.5906639099,4386700
2015-04-20,60.0264516395,60.2402462375,59.4508580373,59.5413093567,2540400
2015-04-21,60.0100402132,60.1251589939,59.2535373026,59.3768806458,4048400
2015-04-22,59.5906413701,59.5906413701,59.1054928365,59.4508552551,3506100
2015-04-23,59.9277911932,59.9771322814,58.4394657289,59.5331001282,5448700
2015-04-24,59.3850961228,59.5577742675,58.5957076301,58.8588371277,3816300
2015-04-27,59.1466382558,59.3439838247,58.0776710668,58.2914657593,5328400
2015-04-28,58.0694436577,58.6121454553,57.7240811245,58.5299186707,4557900
2015-04-29,59.0890766823,59.8784652021,59.0726275592,59.4344329834,6789600
2015-04-30,59.1712807996,59.7057641695,58.7354733095,59.097278595,5479300
2015-05-01,59.4179946238,60.2978345662,58.5874895072,60.1251564026,6533400
2015-05-04,60.2320156092,60.5115878239,59.9031023239,60.0675621033,4040700
2015-05-05,59.8866806052,60.0017993547,59.0561756784,59.1301841736,3735900
2015-05-06,59.1795163609,59.4344212557,58.825935568,59.245300293,3567600
2015-05-07,58.9985968028,59.4426288068,58.9739294037,59.0561561584,3628100
2015-05-08,59.6153451218,60.6020793592,59.6153451218,60.2402801514,3713300
2015-05-11,60.2402704583,60.8405317029,60.1827110749,60.4129486084,2958600
2015-05-12,60.1415880341,60.1415880341,59.4590937955,59.5659942627,3152800
2015-05-13,59.8291304274,60.2156032628,59.6071111811,59.8620223999,2682100
2015-05-14,60.1766088123,60.6237115051,59.9696171758,60.4912338257,3364300
2015-05-15,60.6320142944,60.789323698,60.1021097068,60.3587837219,3464400
2015-05-18,60.4829836012,60.5160967178,60.1269575872,60.3919067383,2162000
2015-05-19,60.2925539254,60.9218105853,60.1352381812,60.8141708374,3548000
2015-05-20,60.8141685327,61.0128851442,60.5906202408,60.739654541,1980300
2015-05-21,60.7230935058,61.5593418999,60.5906220776,61.4931030273,3288200
2015-05-22,61.3109488052,61.5427785165,61.161914517,61.5179405212,3023400
2015-05-26,61.2364502459,61.5759198128,61.1205353491,61.5262374878,4194600
2015-05-27,61.5676256155,62.0892425428,61.3854718677,62.0147285461,2901100
2015-05-28,61.9319264042,63.3229110434,61.8822440949,63.2649536133,4823600
2015-05-29,63.0496750898,65.8647635628,62.9420353596,65.3265838623,11917000
2015-06-01,65.3431239475,66.1131331546,65.2272091264,65.409362793,4866500
2015-06-02,65.2107044815,65.2107044815,64.1757453856,64.5400466919,4467700
2015-06-03,64.5814114115,64.7221642536,63.9852742954,64.4406585693,3270800
2015-06-04,64.0349552621,65.0781952963,64.0266801415,64.3164672852,3786500
2015-06-05,64.2171127296,64.7966933677,63.7451718347,64.6807785034,2788900
2015-06-08,64.5648738682,65.2852011648,64.4406775463,65.01197052,6065900
2015-06-09,64.8877803937,68.630188704,64.5897117485,68.5308303833,10109100
2015-06-10,67.8850249906,69.126975718,67.3220070748,68.8703079224,13169400
2015-06-11,68.8123354024,72.2318367154,68.787497404,71.6936569214,16740800
2015-06-12,71.1140679733,71.2051448267,68.7957584057,69.7230834961,12630500
2015-06-15,69.1932286725,70.0543154433,68.7958015795,69.6154937744,5462700
2015-06-16,69.4747030785,70.6421330801,69.2428670487,70.1950302124,5694500
2015-06-17,70.1122432344,70.1122432344,68.7295399113,69.1600799561,5968200
2015-06-18,69.4581499472,69.8555768798,68.5142680885,68.7543792725,7251500
2015-06-19,68.2824074721,68.895100996,68.158211217,68.4148788452,6907000
2015-06-22,68.9696684969,69.0855833966,68.5970794764,68.6550369263,3537100
2015-06-23,69.3422421459,69.3422421459,68.2658824277,68.4480361938,3643500
2015-06-24,68.3072689412,68.787491257,68.1085586548,68.1085586548,4212100
2015-06-25,69.681718048,71.9503462595,69.6154791602,70.2116165161,9630100
2015-06-26,70.5344779362,71.1471714624,70.0294177958,71.0809326172,14369800
2015-06-29,70.6669654294,70.8574005736,69.3256632502,69.3670578003,4441900
2015-06-30,69.9631937218,70.0211511444,69.04415008,69.1269454956,4261200
2015-07-01,69.3836141914,70.3440523091,69.218017056,70.2529754639,3629100
2015-07-02,70.5510734393,71.4038785127,70.1205333413,71.3210830688,5128100
2015-07-06,70.6338779759,71.5694849305,70.5842019666,71.4949645996,5062900
2015-07-07,71.7350608114,73.5069096968,71.2548384324,73.4655151367,6912300
2015-07-08,73.0846203294,73.2750554563,72.1738581916,72.2400970459,5330000
2015-07-09,72.8610742951,73.1177419672,71.9503121298,72.4305343628,4767600
2015-07-10,73.1094777266,73.241949142,72.6126925471,73.1011962891,4471200
2015-07-13,73.8049576597,74.6660438619,73.4158122656,73.5400085449,5940500
2015-07-14,73.7304599913,73.771854549,72.7368958535,73.4903488159,6028700
2015-07-15,72.6871961923,73.0018212592,71.2879304702,71.5197601318,6615900
2015-07-16,71.867522591,72.4139774081,71.6853688797,72.173866272,5578000
2015-07-17,72.0331350785,72.3974426107,71.7185098661,72.3394851685,4430100
2015-07-20,72.6126893227,72.7948430382,72.2566633289,72.7534484863,4320500
2015-07-21,72.5133596096,72.6044364953,70.8077431005,70.8491439819,8065300
2015-07-22,68.9861840916,71.8675109411,67.4792849743,71.5197601318,12677800
2015-07-23,73.7387317436,74.4093892431,70.8905298393,71.8344116211,5258500
2015-07-24,71.2051828011,71.3790551638,69.6817261081,70.1453857422,3460300
2015-07-27,69.9631956292,70.0542724839,69.002751095,69.6734085083,5420600
2015-07-28,70.13709457,70.956780257,69.9632222313,70.9402236938,3027800
2015-07-29,71.1306449073,71.1968774636,70.1370807604,70.4517059326,2711800
2015-07-30,69.7645081183,70.3523639887,69.532678346,69.9963378906,3867800
2015-07-31,70.2778403452,70.5924718644,69.8638568236,69.971496582,4113600
2015-08-03,70.2198515113,70.3771672005,69.1600551806,69.6651153564,4815500
2015-08-04,69.9549307658,70.36891427,69.4250323858,69.5906295776,2848200
2015-08-05,70.1122322489,70.4434202482,69.5243765507,70.1536331177,3776800
2015-08-06,70.4930957097,70.4930957097,67.2640237952,68.4728546143,3866500
2015-08-07,68.3072564197,68.4645721226,66.7755192058,68.1168212891,4545300
2015-08-10,68.5722324995,69.3587986894,68.2576072869,69.1435317993,3211600
2015-08-11,68.5639543384,69.3422454429,68.4977217704,69.1683731079,3205600
2015-08-12,68.8934844544,69.5515175386,68.0022257413,69.4515609741,2826900
2015-08-13,69.3016269122,69.7597532066,69.0434137399,69.1600265503,2253900
2015-08-14,69.0600759865,69.9263407579,68.960119426,69.8930282593,2280200
2015-08-17,69.3515929692,69.784725261,69.0767172537,69.526512146,2814700
2015-08-18,69.8264009907,69.9596700697,69.3266308233,69.4598999023,2241400
2015-08-19,69.2516477187,70.409450807,68.776865203,69.7764053345,2651300
2015-08-20,72.3502259411,74.0910929248,71.4756236213,72.7417144775,10887700
2015-08-21,72.450183369,73.0499036001,70.4094467163,70.4094467163,8320000
2015-08-24,67.9689273525,69.1017433379,66.2197282545,67.2442626953,8620700
2015-08-25,68.4603303939,68.8018374267,64.8536465254,65.1868286133,6439000
2015-08-26,66.536233907,67.7190311178,64.7787038747,67.5524368286,7217800
2015-08-27,68.1271721868,70.001314939,68.0605344749,69.7514266968,4703400
2015-08-28,69.7514013597,69.9679706673,68.9434368721,69.2932815552,4860800
2015-08-31,69.4765463277,70.3178234775,68.3437308229,68.5936126709,3445300
2015-09-01,66.8444458775,67.6773984741,66.1364374414,66.469619751,4300500
2015-09-02,67.2275604563,68.1604690576,66.8860534139,68.1438064575,3257900
2015-09-03,68.3437502577,69.0184397007,67.7523484329,67.9689178467,3227700
2015-09-04,67.1692467092,67.5607351539,66.3696135763,66.9027023315,3416400
2015-09-08,67.8522592956,69.1183497103,67.6856714617,69.0350494385,2643600
2015-09-09,69.5098736575,69.5515238185,67.3775175955,67.5441055298,2839600
2015-09-10,67.569108501,68.027228559,67.0526756677,67.3358764648,3667700
2015-09-11,67.1775866237,68.1771265792,65.5866450981,68.1354827881,3645900
2015-09-14,68.2354672945,68.535330703,67.7023782028,68.2104797363,3197200
2015-09-15,68.6602590108,69.4349049115,68.3937145264,69.1017227173,3532600
2015-09-16,70.051279582,70.4094492864,68.8101825686,70.3428115845,3845000
2015-09-17,70.359496266,77.3396356875,70.2012332628,74.9490661621,16918100
2015-09-18,75.5487862259,76.1735005762,73.6163367564,73.7079620361,11578000
2015-09-21,74.2160421121,74.8074374304,72.5584689607,72.9582824707,6644100
2015-09-22,72.3169283255,73.283156176,72.1503403846,73.1332244873,5059500
2015-09-23,73.2997911047,73.6496294916,72.1170005462,72.2086257935,4863300
2015-09-24,72.0087298567,72.0836988746,70.8675891767,71.0924835205,5693500
2015-09-25,71.8337878098,71.9920507434,69.3266065474,70.0179519653,5794900
2015-09-28,69.7014508974,69.8513825703,65.3867575943,66.4196166992,8295100
2015-09-29,66.9443919391,68.4686901212,65.9615077756,66.8694229126,7315200
2015-09-30,67.9106127351,69.7764244576,67.8856251782,69.7097930908,6780700
2015-10-01,69.6348381736,71.0675177053,69.4682501906,70.9509048462,5350400
2015-10-02,70.101242895,72.9249496475,69.6264541575,72.8999557495,5616600
2015-10-05,73.3664016715,73.699583688,71.3006782536,72.1086425781,5297400
2015-10-06,71.9587592767,72.0587158552,68.368736369,70.1096038818,5521200
2015-10-07,70.2178752734,70.6759951853,68.6352647712,69.9596557617,5128000
2015-10-08,69.2599790203,69.9596558414,68.127163482,69.7764053345,4595400
2015-10-09,71.0758142771,72.1086732479,70.80093852,71.75050354,5115100
2015-10-12,65.4534067647,67.2609121035,65.2201810894,66.1697463989,26477400
2015-10-13,66.4612720121,67.6773817398,66.2530339144,66.3196716309,10104700
2015-10-14,67.4441380971,68.3020778139,65.8448714589,66.0114593506,9495500
2015-10-15,66.086453393,66.7028428661,65.6449895508,66.5195922852,6408600
2015-10-16,67.1192828083,67.9105847739,66.6028502104,67.8939285278,5519800
2015-10-19,67.5774094023,67.7190161055,66.194712061,66.8444137573,5869900
2015-10-20,66.7611403046,66.9193969491,64.6620965666,64.7953720093,7458000
2015-10-21,65.1618555046,65.2867932547,63.2377315391,64.145652771,8955200
2015-10-22,64.3205579566,64.8369841576,62.6046787768,64.1206512451,10075500
2015-10-23,64.5954686735,65.8698849769,64.3622366363,65.2285079956,5679200
2015-10-26,65.2284722515,66.5195504561,64.7786773871,65.8948364258,4755200
2015-10-27,66.2197143885,67.4274928008,66.2197143885,67.3941802979,4771600
2015-10-28,67.635706184,69.218316403,66.9610170344,69.1933288574,5710300
2015-10-29,68.5519664412,69.6098129057,67.7106829663,68.3020782471,5158600
2015-10-30,68.3687314344,68.7602200616,67.9439239502,67.9439239502,4044300
2015-11-02,67.5857451454,68.4520162491,67.3108693774,68.3354034424,3473900
2015-11-03,68.4936639864,68.7518771415,67.5774114586,68.0272064209,4826100
2015-11-04,68.4270342433,68.4270342433,67.4108313979,67.5107879639,3401900
2015-11-05,67.4691456725,67.8023279098,66.3529924858,67.1442947388,3787200
2015-11-06,66.8860562248,67.1276067417,65.3367648092,67.0193252563,6082600
2015-11-09,66.6611648385,66.8777341941,65.4533866671,66.1030883789,4160200
2015-11-10,65.9773417169,67.3268978301,65.9773417169,67.1089553833,3302600
2015-11-11,67.14250034,68.1316161003,67.03353229,67.6454391479,3323400
2015-11-12,67.5197054407,67.6957336938,66.8910303673,66.9413223267,3647800
2015-11-13,66.7736866084,67.2850031822,66.3713316968,66.6814804077,3638600
2015-11-16,67.0586839704,68.1148600335,67.0419221133,68.0897140503,3318900
2015-11-17,67.8382430008,69.0955933544,67.586770372,68.1483917236,3012100
2015-11-18,68.3076304539,70.2104236437,68.2238084022,70.1182174683,3916600
2015-11-19,69.7410178124,70.3110167924,69.3470534779,70.176902771,3156100
2015-11-20,70.6630896024,71.6689672869,70.5038231842,70.8055877686,4251500
2015-11-23,70.8307014442,71.1827578337,70.5121751483,71.0318756104,4033100
2015-11-24,70.042793048,70.6798523335,69.6152985441,70.3110275269,3431100
2015-11-25,70.311039644,70.7636866042,70.0344273865,70.193687439,2529400
2015-11-27,70.2188013722,70.6211561738,70.0763032448,70.1182174683,1253800
2015-11-30,70.2104316044,70.4367518092,68.7686691284,68.7686691284,6563300
2015-12-01,70.5876465496,72.5323481317,69.8583810581,72.5072021484,7368900
2015-12-02,72.3060203167,72.6999910675,70.7636674191,70.8810195923,4444800
2015-12-03,70.9564670763,71.1157270926,69.2045557352,69.6236724854,3669800
2015-12-04,69.9673733372,73.1610419331,69.9338432192,72.6078109741,6987600
2015-12-07,73.3035027372,73.8986540341,71.9958607784,72.4065933228,4379000
2015-12-08,71.7695498768,73.4879246023,71.7276356465,72.4317550659,4761000
2015-12-09,72.1048390568,72.3563116516,70.0511696481,70.2942581177,5479500
2015-12-10,70.6044013677,71.6773390854,69.8751360149,71.1744003296,3667200
2015-12-11,70.2439681504,70.7301387082,69.6739691285,69.8164672852,3738200
2015-12-14,69.8751451931,71.006759141,69.5482346391,70.9816131592,5208700
2015-12-15,71.4007184466,72.0713076982,71.2665980382,71.6857147217,3975500
2015-12-16,72.0880654397,72.5742422996,70.4535130256,72.3311538696,2983600
2015-12-17,72.7167464986,73.1023330902,72.2557155766,72.2724838257,3928200
2015-12-18,71.7276419858,72.0713207984,71.0570526123,71.0570526123,5821300
2015-12-21,71.8533552762,72.4652619679,71.3755625791,72.1215896606,3742400
2015-12-22,72.3144154011,72.482065971,71.4761817368,72.0126571655,2446100
2015-12-23,72.3898501134,72.8173510159,72.1970535824,72.2557296753,2804200
2015-12-24,72.0713157514,72.2138139048,71.6438148959,71.9623413086,1486900
2015-12-28,71.7360278402,71.836611772,71.1576446515,71.6605834961,2031100
2015-12-29,71.9539439553,72.8173296329,71.7527697524,72.2976226807,2097700
2015-12-30,72.4652880634,73.0101411517,72.2054377086,72.2557296753,1969400
2015-12-31,71.8533670992,71.8785130776,70.4786648534,70.6295471191,3178500
2016-01-04,69.9086869398,70.0763311099,68.5591302662,69.4644241333,6907300
2016-01-05,69.4895530088,71.5851365953,69.464407029,70.5038146973,7475300
2016-01-06,69.313527776,71.1492547291,69.15426137,70.0595550537,6628400
2016-01-07,68.4249989563,69.4141147516,67.754415987,68.2405929565,5833200
2016-01-08,68.4585247168,69.1458758939,67.9304399426,68.1064682007,5880200
2016-01-11,68.1483741285,68.6680747142,66.0779367242,67.2849884033,4889300
2016-01-12,67.5700102201,67.8969208087,66.6563322813,67.3939819336,4329300
2016-01-13,67.6789369654,67.7459971465,66.2958511069,66.4718856812,4628400
2016-01-14,66.455147072,69.3470563194,65.901916319,69.187789917,8253700
2016-01-15,67.6370665148,68.3830938551,67.1257435428,68.0980911255,6674300
2016-01-19,68.9949871209,71.0821928313,68.7016067183,69.766166687,9162300
2016-01-20,68.6094164935,69.9673571805,67.4023645002,69.2548599243,8354400
2016-01-21,69.2045325731,69.2548309151,67.5532121071,68.2321853638,4930800
2016-01-22,69.0704291162,69.707488251,68.6596965666,69.1374893188,3456300
2016-01-25,69.1542476195,69.7410083745,68.4166046138,68.4920425415,2632800
2016-01-26,68.5255708991,68.8776273431,67.8214580109,68.7015991211,4583400
2016-01-27,68.4082297727,69.7829320669,67.8633767718,68.5339660645,4341900
2016-01-28,68.6262024167,69.1459032715,64.1584147989,64.3847351074,10128700
2016-01-29,64.8457135528,66.5724717037,64.7367455514,66.3042373657,7042500
2016-02-01,65.5582476112,66.3545733504,64.778690125,65.7175140381,4056000
2016-02-02,65.0972239994,65.6336929881,63.781191117,63.9572257996,4804200
2016-02-03,64.0913491863,65.0050272626,62.1801773362,63.7812004089,6966400
2016-02-04,63.6638292196,64.150006165,61.5598678234,62.2639808655,6339500
2016-02-05,62.1634094424,63.5548739511,61.6520864135,62.2975234985,6312800
2016-02-08,61.6520763003,62.5154557795,61.0485471588,62.1885452271,4348800
2016-02-09,61.5514823801,62.8339785331,60.956337399,61.8113327026,5160000
2016-02-10,62.2333864428,63.1956273126,61.6003329001,61.6762962341,4748700
2016-02-11,60.941936192,61.3048870544,59.7855628049,60.2835617065,5425400
2016-02-12,60.4101720108,60.545226486,59.4479314139,60.1569480896,6332600
2016-02-16,60.7309219146,61.9717076427,60.7140433237,61.8957443237,4811300
2016-02-17,62.4697139907,63.2378154669,61.6931635592,63.0352401733,4000300
2016-02-18,61.9717098771,62.9255145148,61.7522559878,62.0139160156,5620000
2016-02-19,61.3555445221,61.6762892961,60.9419449508,61.2880172729,6650800
2016-02-22,61.5412312266,62.1573995657,60.8575292095,61.6256370544,5672600
2016-02-23,61.7016073336,62.8833083762,61.6678437107,62.0139160156,4411200
2016-02-24,61.8957376179,62.6976026169,61.3133264765,62.5456695557,3636100
2016-02-25,62.6891663064,63.212492778,62.2671306989,63.1534080505,4306800
2016-02-26,63.6598552758,63.9721639721,61.9632766161,62.1236457825,4807700
2016-02-29,61.9294928628,61.9294928628,60.7562346639,60.7731132507,5730200
2016-03-01,61.3048834421,61.4568165021,60.6549515099,61.397731781,4541700
2016-03-02,61.3892844567,62.5034578791,61.1445031027,62.4781303406,6738800
2016-03-03,62.2924506106,62.3684139196,61.2626828241,61.8282089233,4526500
2016-03-04,61.9295129916,62.5119178039,61.5327984542,62.1236457825,3481600
2016-03-07,61.7606757404,62.4274926271,61.4483735807,61.9548149109,3443100
2016-03-08,61.5665300508,62.9254846387,61.5243239322,61.6171722412,3278900
2016-03-09,62.0476883802,62.4106393278,61.6172101772,62.073009491,2372000
2016-03-10,62.4612754923,62.6385296905,61.1360838239,61.6340827942,4419200
2016-03-11,62.0139176645,63.2631395465,61.7775787377,63.0099220276,3527200
2016-03-14,62.6807386182,62.9677197787,62.2840240637,62.3853149414,3201800
2016-03-15,60.4776983872,60.7731219978,58.7473499766,60.1316261292,13748200
2016-03-16,60.1738481543,61.5328035619,60.0725572725,61.1782951355,5287400
2016-03-17,60.9672560464,61.0685404531,57.2955417506,58.2915458679,15421600
2016-03-18,58.4097313061,59.9712683608,58.2915618394,59.8868560791,10131700
2016-03-21,59.7602277891,59.9712455335,58.9499139836,59.2959861755,5900100
2016-03-22,59.2622434457,60.9757071036,59.2200437458,60.7056045532,7655400
2016-03-23,60.9166230112,60.9672716672,59.8530978301,60.0725517273,3884400
2016-03-24,59.6336390023,60.3004561062,59.2538030511,60.0303535461,2892900
2016-03-28,60.2244829258,60.325773795,59.4057327758,59.6083145142,2661900
2016-03-29,59.7095937123,60.7224829963,59.6420729119,60.5199012756,3814800
2016-03-30,60.7562586246,61.0516823093,59.9881506048,60.5874404907,3081000
2016-03-31,60.5789811009,61.0516653044,60.0134549993,60.7815628052,3680000
2016-04-01,60.4355007734,62.2080491269,60.3764160429,61.9717102051,4083600
2016-04-04,62.0898831137,62.2840223472,61.524356885,61.7691383362,2796300
2016-04-05,61.4315139121,62.1658583299,61.1782963623,61.6509742737,3591800
2016-04-06,61.4483927951,63.3559892834,61.4483927951,63.102771759,5669100
2016-04-07,62.8917572938,63.4404049522,62.3346671187,62.9592781067,3724100
2016-04-08,63.5416699824,63.5416699824,62.3430905923,62.7904472351,3224900
2016-04-11,62.8664113518,63.0858651767,62.2924428102,62.4190483093,3351100
2016-04-12,62.2755658586,63.5501150459,62.0645480798,62.9423828125,2849800
2016-04-13,63.0774482695,63.5079199767,62.528800661,63.4403991699,2341600
2016-04-14,63.5585737818,64.0059305568,63.1365381164,63.8371124268,3022100
2016-04-15,63.828666748,64.360429288,63.3813036006,63.752696991,3007500
2016-04-18,63.7949001364,65.2129399499,63.4657128976,65.1791763306,4088400
2016-04-19,65.4830280004,66.2595717544,64.6895992206,65.2044830322,3819600
2016-04-20,65.2298162898,65.6434093429,64.6389690711,65.0610046387,4049400
2016-04-21,65.1369908707,65.9219775602,64.917536935,65.305809021,3286600
2016-04-22,65.0778789285,65.7869019838,64.9343883906,65.6940536499,2697200
2016-04-25,65.3817388388,65.8375379512,65.1200788897,65.786895752,3767100
2016-04-26,64.672757126,66.0907974264,64.225393846,64.3773269653,5347300
2016-04-27,64.5883310957,65.1285426359,63.9974837794,64.5798950195,3690900
2016-04-28,64.2506852788,64.7064843806,63.8708494742,64.5376663208,4383000
2016-04-29,64.5798896042,64.5798896042,63.3897461158,63.752696991,3386600
2016-05-02,64.1072186535,65.0610234331,63.9890491756,64.7824783325,3571900
2016-05-03,64.43635298,64.6980192713,63.8032999665,64.3603897095,3270700
2016-05-04,63.4488390204,63.8286749749,62.9930397388,63.1956214905,4176800
2016-05-05,63.0690059402,63.6345321421,62.9255153707,63.533241272,3446400
2016-05-06,63.0689994473,63.263132212,61.9041771003,62.9677085876,4196900
2016-05-09,63.1196452792,64.0650073711,63.1027666882,63.8033409119,2963200
2016-05-10,64.3941901282,65.1032068177,64.1916148512,64.8921890259,4366000
2016-05-11,64.5523194255,65.4784980571,64.4418532337,64.841217041,3716300
2016-05-12,65.1896108865,65.3765477184,64.0340072736,64.5438308716,4081900
2016-05-13,64.424870001,65.4700138508,64.212442969,64.8582229614,3629700
2016-05-16,64.5608199879,66.6765912008,64.4418548977,66.5236434937,4580100
2016-05-17,66.4556476567,66.8805015656,64.1699315522,64.9091796875,7153300
2016-05-18,64.9177022711,65.3000683355,64.2464320721,64.8582229614,4664900
2016-05-19,63.8300485393,63.9235169105,62.6574476949,63.1417808533,4848800
2016-05-20,63.5496323881,64.1869130902,63.4561640332,63.5666236877,4689200
2016-05-23,63.7280951005,63.8470536927,62.8104089752,62.9463653564,4440500
2016-05-24,63.3457259836,63.8980309276,63.1842794096,63.7195930481,3711800
2016-05-25,64.1444738129,64.1529727105,63.2607764572,63.3372535706,4621700
2016-05-26,63.388169747,64.2378771336,63.1077647535,64.1698989868,2654600
2016-05-27,64.1699371939,64.3398826621,63.4476867818,63.7195930481,3247500
2016-05-31,63.7366059501,64.2634208194,63.4816909287,63.7535972595,4438800
2016-06-01,63.6431311105,64.1019742128,63.4561943114,63.6771202087,2450200
2016-06-02,63.9150218331,64.3058866436,63.643115596,64.1189498901,3231000
2016-06-03,64.152953384,64.2379228866,63.0908183942,63.8300666809,5319000
2016-06-06,63.8215534904,64.1529390144,63.0483162793,63.5921287537,3253800
2016-06-07,63.4051957252,63.7705703232,63.3117273524,63.4731674194,2902900
2016-06-08,63.4392110022,63.8045792683,63.218285077,63.651638031,3194900
2016-06-09,63.5326452327,64.1869238266,63.0823011652,63.2437477112,2760500
2016-06-10,62.9548541237,63.0398300984,62.1731244249,62.8358955383,4124200
2016-06-13,62.9463705446,63.7026101502,62.597987151,62.7594337463,3767000
2016-06-14,62.4875203121,63.1927794314,62.079657664,63.1502914429,3691900
2016-06-15,63.4986558156,63.6346056691,62.5469809096,62.6319503784,3408900
2016-06-16,62.4280377721,63.2777456356,61.9861860527,63.0908088684,4788700
2016-06-17,63.430703848,63.7960785493,62.4280481431,62.7594337463,6604900
2016-06-20,63.26074287,63.4731698191,62.2156059104,62.2665863037,3640100
2016-06-21,62.6234554928,62.7084314498,61.6292990302,61.6632881165,5999200
2016-06-22,61.6038471068,62.8019388312,61.6038471068,62.088180542,4410800
2016-06-23,62.5300086651,62.8274116516,62.1986230635,62.8274116516,2989700
2016-06-24,61.5613021026,63.8300259189,61.068476709,63.1587562561,10471300
2016-06-27,62.9293766815,63.787583635,62.1986272332,63.6346359253,7657800
2016-06-28,63.8385510706,64.7902262357,62.665956523,63.8555488586,8012300
2016-06-29,64.4758450537,66.4811565876,64.4673526407,66.4046859741,7123700
2016-06-30,66.4471554356,66.9654777752,65.8183734025,66.9144973755,4017200
2016-07-01,67.0334617346,67.4073353186,66.5916164393,67.0844421387,2909600
2016-07-05,66.9654790909,67.8916640946,66.9144986901,67.6707382202,3286600
2016-07-06,67.3988289022,68.3165149701,67.211892131,67.9936218262,4669800
2016-07-07,67.8321487053,68.0190853854,66.829493634,67.3987960815,3587300
2016-07-08,67.3988248485,67.891656946,67.0674393132,67.6877288818,3134900
2016-07-11,67.5857645706,67.7811937498,67.0844335576,67.245880127,3461400
2016-07-12,67.6622541839,67.8406921084,67.1014502047,67.6962432861,4430000
2016-07-13,67.9001574628,68.0021182559,67.4073253535,67.4328155518,2917200
2016-07-14,67.5517876773,68.5629422969,67.4668181718,68.4779663086,3823800
2016-07-15,68.8093463878,68.8263376929,67.9256494222,68.1635665894,4529100
2016-07-18,68.2910022979,68.4779325248,67.8576496058,67.9341201782,3087600
2016-07-19,67.8491588404,68.1890432184,67.6197406128,67.9511260986,3303700
2016-07-20,68.2060701951,68.4184972322,67.9681529509,68.2145690918,2811100
2016-07-21,68.1465904316,68.4864749851,67.9936427066,68.3165359497,2685900
2016-07-22,68.3165417573,69.4296574441,68.2145744378,69.3276901245,4315900
2016-07-25,69.3276655667,69.676048923,68.8263410094,69.6590576172,4180100
2016-07-26,70.3133126388,70.8231359656,69.3616376748,69.7525024414,5134900
2016-07-27,69.8884583226,71.0270635288,69.8034888492,70.8656234741,4057200
2016-07-28,70.7381843513,70.8571429415,69.633561462,70.4662780762,4862000
2016-07-29,70.5852138709,70.9081004425,70.2198393239,70.4322662354,3016200
2016-08-01,70.5427469325,71.1970256452,70.4747752275,70.6787033081,3131100
2016-08-02,70.6447207617,71.1205551548,70.1603874736,70.797668457,3340100
2016-08-03,70.8826116796,70.8826116796,69.9819236314,70.2878189087,2940900
2016-08-04,70.542744261,70.542744261,69.9904393337,70.0329208374,2093800
2016-08-05,70.0329267753,70.1178962727,68.8603321533,69.3021774292,5886900
2016-08-08,69.2002240973,69.5486010189,68.3675073748,69.3361740112,4227300
2016-08-09,69.4636094965,69.7949950048,68.5714137539,69.2511825562,2242800
2016-08-10,68.0785875041,68.9622843451,67.6962151256,68.4439620972,4956700
2016-08-11,68.3926678723,68.9826976802,68.3926678723,68.888633728,2408000
2016-08-12,68.5722325167,69.0254461147,68.3242463638,68.5978851318,2525000
2016-08-15,68.6919536175,68.9399397869,68.469620065,68.6320953369,2780400
2016-08-16,68.6235524313,68.7518220584,68.2729492188,68.2729492188,2158700
2016-08-17,68.5465963036,68.7090650796,68.050623879,68.5038375854,2519500
2016-08-18,68.4952650374,68.734698133,67.9736401401,68.2216262817,3037200
2016-08-19,68.0249946241,68.2302221888,67.3665466734,67.6059799194,3745500
2016-08-22,67.8282954455,68.3242679077,67.5717561652,67.8026428223,3157000
2016-08-23,68.1361247989,68.3841109748,67.9308973349,68.0420608521,3406900
2016-08-24,68.1532242234,68.4012103988,66.8534415885,67.0757751465,3423000
2016-08-25,67.075779239,67.700014715,66.5285016199,66.7080764771,2800500
2016-08-26,66.7422934787,67.4007347333,66.5627120671,66.9047622681,2602300
2016-08-29,66.9817053882,67.3323020029,66.7422722808,67.2125854492,2203300
2016-08-30,67.2125909933,67.2125909933,66.3831215712,66.5028381348,2025700
2016-08-31,66.6054419427,66.7764637071,66.2975975476,66.4857254028,2182600
2016-09-01,66.4857526027,66.6995331577,65.6733891034,66.0410919189,3544700
2016-09-02,66.2890787598,66.383142736,65.3740981468,65.7161483765,3943400
2016-09-06,65.9470087292,67.2980964847,65.9470087292,67.1356277466,5528600
2016-09-07,67.1185220052,67.4605721001,66.9218476044,67.2040328979,2971400
2016-09-08,68.4354132755,68.5551298348,67.9052418058,68.3156967163,4405400
2016-09-09,68.0848351353,68.0848351353,66.8705565956,66.9047622681,4152500
2016-09-12,66.690953012,67.8026140559,66.537030814,67.6230392456,3288900
2016-09-13,67.4434901163,67.4434901163,66.6909784065,67.109992981,3149000
2016-09-14,67.2724614803,67.7598808702,66.716630749,66.947517395,2660900
2016-09-15,66.8021434344,67.6059538037,66.5028454683,67.4007263184,2652300
2016-09-16,67.2980885508,67.4776698846,66.8448750036,67.383605957,4255100
2016-09-19,67.3750697655,67.8710421399,67.1185305307,67.6914672852,3321500
2016-09-20,68.0933636614,68.7090525557,67.8026253081,68.307144165,3629400
2016-09-21,68.2387367811,69.26488055,68.1361197946,69.153717041,3147600
2016-09-22,69.3076433276,69.6582399683,69.0340045382,69.5128707886,2639800
2016-09-23,69.2392352288,69.6582432175,69.0682069,69.4017105103,2197700
2016-09-26,69.2648892889,69.3931589072,67.9822061539,67.9993057251,4332800
2016-09-27,68.9399425549,69.2050283047,68.0762674509,69.1622695923,6888900
2016-09-28,69.1280549838,69.4102467918,68.426855249,69.0168914795,2467800
2016-09-29,68.709079378,68.8116964085,67.7513465233,68.1874542236,3269200
2016-09-30,68.4952726818,68.9655924037,68.4354144012,68.6320953369,3623000
2016-10-03,68.4097553771,69.3247355943,68.1446696627,69.2648773193,3983500
2016-10-04,69.3162119172,69.6155099431,68.9912677902,69.3589706421,3184100
2016-10-05,69.5641845814,70.1969731364,69.4615741003,69.9062347412,3560400
2016-10-06,69.4786659301,69.9318795686,69.0340053387,69.6667938232,2994200
2016-10-07,69.7522998887,70.3850883293,69.5214198239,70.1969604492,4241400
2016-10-10,70.2311569914,71.1803427912,70.2055043791,71.0264205933,4608400
2016-10-11,70.6330666053,70.8468470772,69.4786533619,69.9575195312,4218200
2016-10-12,69.9575488653,70.3081521178,68.8031351379,68.8458938599,3629800
2016-10-13,68.3499164883,68.8287828241,68.0677246016,68.4097747803,3565000
2016-10-14,68.5551336156,68.6834032287,67.7342172253,67.7855224609,3143900
2016-10-17,68.0078626168,68.0078626168,66.7080798372,67.1527404785,3884700
2016-10-18,67.631594707,67.6829064625,67.1270758671,67.3579559326,3218300
2016-10-19,67.5204176451,67.8368150649,67.1527150042,67.1783676147,2988500
2016-10-20,67.3237670138,67.6487110689,67.033022102,67.3323135376,2661900
2016-10-21,67.1612857348,67.3665131974,66.7679303797,66.9132995605,3215000
2016-10-24,67.118512913,67.2895411993,66.2206388751,66.3318023682,4363200
2016-10-25,65.7417670272,66.9389389502,64.561701195,66.4857254028,8496000
2016-10-26,66.2035603138,66.4002412938,65.3056859025,65.6391830444,2988700
2016-10-27,66.1522424859,66.2035477214,65.100439491,65.1260986328,3789900
2016-10-28,64.6643483233,64.7156535718,63.1593313033,63.7322616577,5651500
2016-10-31,63.8177707137,63.9118346825,63.1080242096,63.1422233582,3562100
2016-11-01,63.116537821,63.261913485,61.4404998799,62.406791687,8190500
2016-11-02,62.5521795573,62.8429179241,62.116065483,62.1246185303,4433900
2016-11-03,62.2614283793,62.663336748,61.4661646884,61.6628456116,4843200
2016-11-04,61.6714057942,62.4495634823,61.2865969498,61.9877967834,3617200
2016-11-07,62.6120259893,63.2191617499,62.4666568334,63.1764030457,4969400
2016-11-08,62.9113174475,63.6809284565,62.7317426327,63.2961196899,2690800
2016-11-09,65.9726704562,67.8111842519,65.4852511265,67.0330200195,7332700
2016-11-10,67.9625742973,68.5995064197,67.1362823792,67.4289245605,6904800
2016-11-11,67.1104759267,67.213758334,66.0948239986,66.8522567749,3072700
2016-11-14,67.1449203517,67.3428827204,66.008767654,66.2928009033,3221700
2016-11-15,66.6456900563,66.7403699809,65.5697877931,66.5510101318,3097600
2016-11-16,66.7231593329,66.7231593329,66.1206566248,66.2239456177,1922300
2016-11-17,66.2755916806,66.9727743748,66.0431996381,66.8867034912,4519200
2016-11-18,66.7747912736,67.0674335005,65.8624218033,65.9915313721,4571600
2016-11-21,66.1034321312,66.3100035097,65.5009229743,65.965713501,4060300
2016-11-22,66.9727634674,66.9727634674,64.9844981421,65.40625,5208800
2016-11-23,55.3788238285,58.8991785387,55.2411117892,58.5290679932,53877200
2016-11-25,58.985285013,59.5103260242,58.3397434319,59.4931144714,8620700
2016-11-28,58.8991983054,58.8991983054,57.754436633,57.8405075073,12507700
2016-11-29,58.1589755107,58.2192257779,57.2207918403,57.7974739075,8930000
2016-11-30,57.9265824154,58.3741548825,57.5048239861,57.7716522217,9085300
2016-12-01,57.9179864712,57.9265955302,56.5150119194,56.7818336487,7168100
2016-12-02,57.0658654971,58.8647711444,56.7732166317,58.2794799805,12272200
2016-12-05,58.6667902254,58.7958932181,57.4445605039,57.8921394348,7286000
2016-12-06,57.8405217895,58.4688518042,57.7802715059,58.3569602966,4617200
2016-12-07,57.8835461423,57.9954376221,57.2896459467,57.9954376221,5835900
2016-12-08,57.7114010201,57.9007543056,57.1433214633,57.8319015503,4811400
2016-12-09,57.9954383007,58.6754093785,57.8577262137,58.3999786377,4350800
2016-12-12,58.5118592595,58.9938612706,58.0298506816,58.1933898926,5273700
2016-12-13,58.5204741198,59.2951250635,58.5204741198,59.0799446106,6010900
2016-12-14,58.8905822243,59.3209431115,58.1331494269,58.2450408936,6140300
2016-12-15,60.5689924453,61.6190674734,59.9578807854,61.4297142029,14320800
2016-12-16,62.7121918184,63.4438040461,61.7653991375,63.0995140076,17584700
2016-12-19,63.2458616577,64.1151862349,63.0909314198,63.1942138672,6102400
2016-12-20,63.3921695571,63.7794917873,62.832699006,63.1597709656,6001500
2016-12-21,63.1167299547,63.598732052,62.9187610551,63.047870636,5054100
2016-12-22,62.9704133512,63.2458440791,62.5572639761,63.0564842224,4827500
2016-12-23,63.2458431283,63.6934155917,63.0564832745,63.5126647949,2570100
2016-12-27,63.7450571683,64.0893472166,63.4179852342,63.529876709,2786700
2016-12-28,63.4007652217,63.5040476256,62.8068651319,62.8843269348,3256800
2016-12-29,63.1683609034,63.5815101818,63.0392513435,63.3146820068,3031600
2016-12-30,63.2372281777,63.4782292176,63.0306567959,63.3060874939,2933900
2017-01-03,63.641758386,64.2700814882,63.2974684262,64.2098312378,3622700
2017-01-04,64.511103227,64.5541419484,64.0204920109,64.3131408691,3021600
2017-01-05,64.49390046,67.0244252703,64.0635394551,65.0619735718,3310800
2017-01-06,64.9500780346,65.4751189533,64.5799673307,65.1308288574,2296500
2017-01-09,65.130845837,65.9485358487,64.9931337028,65.647277832,3204100
2017-01-10,65.7936055935,65.8968880524,65.2513464169,65.647277832,3559400
2017-01-11,65.8538180625,66.2067105392,63.6934047911,64.7779159546,7701700
2017-01-12,64.4250232733,66.7059372807,64.3475614659,66.4046859741,11900700
2017-01-13,66.206708502,67.2395784339,65.7419180176,66.6198577881,5602600
2017-01-17,66.327235207,66.327235207,65.3029804925,66.146484375,4913300
2017-01-18,66.5510149418,66.8866959468,66.1722952164,66.7317657471,3360300
2017-01-19,66.6801144302,66.8092240049,66.0690027812,66.1378555298,4439200
2017-01-20,66.2928343456,66.6285221128,65.81944098,66.1120834351,4371200
2017-01-23,65.6214330333,66.1722945006,65.552580275,65.6902923584,5055100
2017-01-24,65.5870146,65.7849835519,63.8397499687,64.4250411987,6594300
2017-01-25,64.6574398191,65.0705827069,63.9258208564,64.4250411987,4830800
2017-01-26,64.5368939409,64.8553566585,64.1581744207,64.1926040649,3748000
2017-01-27,64.4852790664,64.8984284415,64.1323865246,64.8812103271,3132800
2017-01-30,64.6315946618,64.7090630359,63.9085915259,64.2959136963,5909600
2017-01-31,63.9086083847,66.5165949894,63.6934278851,66.3014144897,6964100
2017-02-01,67.0416098875,67.6269008817,66.1981063341,66.7919998169,4959200
2017-02-02,66.2669694277,67.0588384731,65.8882563018,66.6112594604,3830900
2017-02-03,66.6801432461,67.0330358982,66.0259926005,66.4735717773,3836300
2017-02-06,66.2067074955,67.0071788897,66.0689954468,66.9899673462,2835500
2017-02-07,66.8608707285,67.144910503,66.5510103503,66.8780822754,3346800
2017-02-08,66.654290329,67.6957627945,66.4391099047,67.23097229,2820800
2017-02-09,67.2309813709,67.644124164,66.8694797853,66.8780822754,2962600
2017-02-10,67.0244181063,67.351490071,66.7920195111,66.9555587769,2598600
2017-02-13,67.2155090013,67.6400991258,67.1808476386,67.3888092041,2097500
2017-02-14,67.1548466067,68.3073120125,66.9382180692,68.2899780273,3311200
2017-02-15,67.8827127372,69.7890477607,67.631429461,69.5377578735,4272800
2017-02-16,69.3644485463,69.6503931428,68.8098801135,69.3557815552,3629600
2017-02-17,69.4424671527,70.1876701049,69.381811406,69.6590957642,3111100
2017-02-21,69.468454943,70.0750189641,69.4164661967,69.6330947876,3178800
2017-02-22,69.685055583,70.369602449,69.6070724948,70.2482910156,3468800
2017-02-23,70.516927391,71.8166987679,70.3089658217,71.5307540894,6193500
2017-02-24,71.4181090211,72.1286505026,71.2621361783,71.8080444336,4016000
2017-02-27,71.7733693251,72.267282131,71.6260635048,71.9726638794,3104200
2017-02-28,71.7647171043,72.3366197398,71.5567555146,71.7560501099,3672000
2017-03-01,72.3019439343,72.9085012045,71.8946812196,72.6572113037,3420600
2017-03-02,72.6745345659,72.7438506644,71.7820195557,71.8426818848,3371600
2017-03-03,71.6607357695,72.7005569804,71.5740856547,72.596572876,2649100
2017-03-06,72.1373051401,73.0298136835,71.877348243,72.6398849487,3960100
2017-03-07,71.8773406997,72.0419804913,70.5082534698,71.6953735352,5570600
2017-03-08,71.6953780728,72.7785207475,71.6347223475,72.2759475708,4491800
2017-03-09,72.501226855,73.4543909599,72.3625880488,73.2637634277,5861600
2017-03-10,73.2204325241,73.2637608682,72.7005254497,73.0991210938,3629400
2017-03-13,73.2291132896,73.2637746492,72.6398833981,72.9085006714,2248500
2017-03-14,72.7872104391,73.263796009,72.7178876997,73.1858062744,2839100
2017-03-15,73.1598014364,74.6415400723,73.1078126948,74.4162445068,4883900
2017-03-16,74.1216355682,74.1216355682,72.6139025057,73.6450500488,4742800
2017-03-17,73.1684780385,73.437095387,72.6399037257,72.7525482178,5786900
2017-03-20,73.3070984441,73.5323939824,72.7611968896,72.8391799927,3121900
2017-03-21,73.0817978175,73.6103719604,72.4665735847,72.5532302856,4066200
2017-03-22,72.8651586131,73.2637608682,72.3279241676,73.0991210938,2850300
2017-03-23,72.7178735555,73.6970388794,72.7178735555,73.1511306763,3021100
2017-03-24,73.0471450881,73.6363749713,72.6658767487,72.9431610107,2479100
2017-03-27,72.700558873,73.1684774384,72.5619133969,72.9951705933,2340300
2017-03-28,73.0211430613,73.6537012871,72.8218485129,73.4370727539,2755000
2017-03-29,73.2637817561,73.4457489535,73.0644805717,73.1684646606,2066600
2017-03-30,73.2811151699,73.6103882289,72.8565250077,73.4457550049,3204100
2017-03-31,73.1338201938,73.6017387856,72.8565358369,72.8825302124,3151900
2017-04-03,72.8998245335,73.489054351,72.8478358061,73.1771087646,2429900
2017-04-04,73.2464529982,74.8581701312,73.0384914165,74.5982131958,4624600
2017-04-05,74.4509054132,75.1441194822,74.1476267372,74.1996154785,4056300
2017-04-06,74.0609848349,74.4335862813,73.7577061253,73.9656677246,2684600
2017-04-07,73.9483195018,74.2256103955,73.5757247381,73.9309921265,2808500
2017-04-10,74.052299499,74.3902394933,73.8530049439,74.0609664917,1994900
2017-04-11,74.0609760656,74.6415390426,73.9309976023,74.4595718384,2699200
2017-04-12,74.2949228475,74.8148300256,74.2342671202,74.7368469238,2545100
2017-04-13,74.5462229719,74.7975129082,74.3295944004,74.4162445068,2172500
2017-04-17,70.447615319,71.9120199923,70.2829754863,71.3834457397,12424500
2017-04-18,70.9761390417,71.1407721462,70.0922913817,70.3609085083,8210800
2017-04-19,70.2916627056,70.8029031171,69.2171799033,70.0923614502,5504500
2017-04-20,70.3523114179,71.2274862663,69.9710429384,71.0021972656,3267200
2017-04-21,70.8981836937,71.2621180306,70.768205256,70.9588394165,3204000
2017-04-24,71.7646997793,72.5532308086,71.6780496887,72.2846069336,4813600
2017-04-25,71.6693460224,71.6693460224,69.7543515738,70.3609085083,9221100
2017-04-26,70.4822576154,70.8028702301,70.1269902525,70.1529846191,4421700
2017-04-27,70.1616490548,70.7075505681,69.91902616,70.4735946655,3219200
2017-04-28,70.5082423782,71.2707722731,70.3609299826,71.1061325073,3161800
2017-05-01,71.1321339813,71.2447850369,70.8375223826,70.8981781006,2397200
2017-05-02,71.0368265761,71.0368265761,70.6208969124,70.7941970825,3626500
2017-05-03,70.4129486096,70.6728989136,70.3956146228,70.4042816162,3373200
2017-05-04,70.4909339346,72.007333894,70.4389451944,71.9553451538,3567100
2017-05-05,71.972687989,72.0160163558,71.1148405359,71.4961090088,3135600
2017-05-08,71.3660984987,71.4094268461,69.633070379,69.9016876221,4712900
2017-05-09,70.0316782675,70.1356623528,69.6244155306,70.0056838989,3988100
2017-05-10,70.0490137259,70.282976292,69.4857847125,70.2309875488,4018500
2017-05-11,70.3966487342,70.6408382215,69.6902424811,69.9605941772,3920500
2017-05-12,70.0565430142,70.3007325584,69.5419950574,69.9344482422,2935200
2017-05-15,69.9344705495,70.1960994358,69.2716653943,70.0304031372,2559100
2017-05-16,69.9693369633,70.0303843524,68.3733752357,68.8879165649,7170100
2017-05-17,68.8879132951,68.9227984663,67.9547565892,68.1466217041,4486000
2017-05-18,68.5216452334,68.8443281536,68.0594282489,68.2861785889,2928200
2017-05-19,68.460594522,68.6437367153,67.7890731467,67.8501205444,5091800
2017-05-22,67.9373182359,68.0332507947,67.0216007766,67.134979248,6936500
2017-05-23,67.3181321507,68.3384986342,67.169868484,68.0158157349,5884800
2017-05-24,68.0158243933,68.2687369703,67.8501280973,67.9896621704,2253800
2017-05-25,68.2948750789,68.4256928006,67.8152189706,68.3210372925,1736700
2017-05-26,68.1291855115,68.329766938,67.7803404372,68.0681381226,2238900
2017-05-30,67.9809202538,68.6088400419,67.8065010476,68.3297653198,3244900
2017-05-31,68.4431493601,69.6902660814,68.4431493601,69.3937454224,5163900
2017-06-01,69.4198953181,69.9693284067,69.2280302176,69.760017395,3093100
2017-06-02,70.1786541808,70.6931956041,69.6815520202,69.8821334839,4005700
2017-06-05,69.7687615565,69.8298089567,68.8792127742,69.2018890381,2814800
2017-06-06,69.2542172252,69.2978187072,68.6786217728,68.9751358032,2688000
2017-06-07,69.036166355,69.3675654503,68.9751123244,69.2367477417,2899900
2017-06-08,69.2367753198,70.1699322543,69.1931671817,69.85597229,4610400
2017-06-09,69.8559581781,70.8065608373,69.5071131045,70.675743103,4599300
2017-06-12,70.6059743358,70.8937720269,70.5013188153,70.5536499023,2842400
2017-06-13,70.8240167966,70.8937871585,69.9780694561,70.8589019775,4492900
2017-06-14,70.5536647632,71.1728617526,70.440286262,71.1641387939,4025600
2017-06-15,70.9809917548,71.6437968386,70.6059844032,71.5565872192,3484800
2017-06-16,71.722308144,72.0013830141,71.2164895164,71.4083480835,4903200
2017-06-19,71.5304268406,72.1757927387,71.3996157229,71.8095016479,2538000
2017-06-20,71.7048363029,72.978115235,71.7048363029,72.1670532227,3694700
2017-06-21,72.4722907466,72.7426491886,71.8443709059,72.0711212158,3781400
2017-06-22,72.2455477153,73.9200030105,72.2455477153,73.5275497437,4891600
2017-06-23,73.3618429665,73.5537014398,73.0042749293,73.1612548828,3928000
2017-06-26,73.3356856135,73.6496455698,72.9606849111,73.5013885498,2952800
2017-06-27,73.4141950687,73.5450128549,72.4199905396,72.4199905396,2365800
2017-06-28,72.7775116762,73.1874040738,72.2978555979,72.4722747803,3035300
2017-06-29,72.4635733973,72.5769518879,71.7833290685,72.1234512329,2366800
2017-06-30,72.3589318694,72.4984659403,71.5129845245,71.7746200562,5713900
2017-07-03,71.8705453393,72.3066000787,71.7920520263,72.1234512329,1464700
2017-07-05,72.0624038355,72.1757823261,71.539139479,72.1234512329,2263600
2017-07-06,71.792058742,72.0100861321,70.9635573211,71.1641387939,3391000
2017-07-07,71.1815953914,71.8182317399,71.0158924209,71.7659072876,1803700
2017-07-10,71.8007721351,72.0100765387,71.4170418505,71.7571640015,2269700
2017-07-11,71.8531072273,72.2455538739,71.4083294818,71.8182220459,2708900
2017-07-12,72.1496075907,73.2746227679,72.044952076,72.8211288452,3527000
2017-07-13,72.8734581664,73.4577765118,72.5246197349,73.2746276855,2944100
2017-07-14,73.3531345366,73.7630270883,73.091499011,73.5624389648,2005700
2017-07-17,73.5275413763,73.7194065089,72.7513645427,72.9432296753,1989100
2017-07-18,72.8298710303,73.0566147247,72.5769584601,72.9955673218,1704500
2017-07-19,72.8385905211,73.501395677,72.8385905211,73.4577941895,2297400
2017-07-20,73.7194126225,74.233960671,73.6147637442,73.911277771,2980600
2017-07-21,73.7979090107,74.0944230498,73.5275505385,73.8327941895,3064400
2017-07-24,73.8327784253,74.5915092774,73.7019606962,73.9025421143,3952200
2017-07-25,73.0304383509,73.6060337412,70.4402724017,71.6786727905,13319900
2017-07-26,71.1379693444,71.4083211514,70.6757523889,71.3734359741,7030500
2017-07-27,71.3036887171,72.4287109935,71.0420531538,72.4025421143,5577400
2017-07-28,72.2716933859,72.5769302819,71.9490105795,72.4722747803,3820100
2017-07-31,72.6816053661,73.0478964271,72.0624083954,72.0885772705,4083000
2017-08-01,72.2630023141,72.5159148977,71.6176430702,71.8356704712,3439400
2017-08-02,71.5652766286,71.6612091699,70.7018904101,71.35597229,4574400
2017-08-03,71.1467054033,71.7571794844,71.0769350358,71.4519424438,3688300
2017-08-04,71.4257637882,71.7920481527,71.3036690001,71.7833251953,2802600
2017-08-07,71.7833247851,71.8618180934,71.2687834171,71.5740203857,2769700
2017-08-08,71.3995991674,72.1408908286,71.1902881201,71.4868087769,3292600
2017-08-09,71.6263405468,72.1583277976,71.4868065067,72.0100708008,2392100
2017-08-10,71.9839190117,71.9839190117,71.2164650461,71.5565872192,3367500
2017-08-11,71.7935639397,71.9427665553,71.1967467811,71.2230758667,2446400
2017-08-14,71.3898246297,71.6882365388,71.2494006165,71.5214767456,1879600
2017-08-15,71.5302664088,72.2675076583,71.5302664088,71.7145767212,1949500
2017-08-16,72.0919417687,72.1445999198,70.2312756415,70.8193206787,3970500
2017-08-17,70.5648127294,70.7140153255,68.1950948964,68.2828674316,7318200
2017-08-18,68.1950892757,68.1950892757,67.5280635965,67.6421585083,4061300
2017-08-21,67.686048141,68.1424345072,67.4841806911,67.9142379761,3638100
2017-08-22,68.0458887869,69.0288835442,68.0458887869,68.6865921021,2131900
2017-08-23,68.6339369485,68.9147916766,68.502291526,68.590057373,1801500
2017-08-24,68.7480308375,69.5467086603,68.6865940819,69.2131958008,4188400
2017-08-25,69.3009971027,69.801269996,69.1079081445,69.1517944336,2171500
2017-08-28,69.4238447583,69.7134780874,69.0113379011,69.1956481934,1923200
2017-08-29,68.9323529977,69.1956505545,68.5637324006,68.9411315918,2154300
2017-08-30,69.4238356046,70.8895458521,69.1166518246,70.6437988281,5036900
2017-08-31,70.8895389813,71.3985901651,70.5121398892,71.3459320068,3939500
2017-09-01,71.5653506743,71.7145532551,69.7134628658,70.2839508057,4345000
2017-09-05,69.7485870479,70.2576383576,69.3799664565,70.055770874,3384000
2017-09-06,70.398042262,70.8017704176,70.0908585237,70.6613464355,2689200
2017-09-07,70.7578970121,72.6273353793,70.5384790805,71.5653533936,6249300
2017-09-08,71.6267872614,72.9520733901,71.5653505108,72.7765350342,3961300
2017-09-11,72.794093586,73.1539355042,71.7672125988,72.5220108032,4389200
2017-09-12,72.4956469068,72.6097484595,71.907608752,72.1182479858,2566400
2017-09-13,71.9339821227,72.4781410659,71.8637667694,72.3464889526,2454900
2017-09-14,72.258712683,73.7156442233,72.0744024295,72.9081878662,3370300
2017-09-15,73.1100533042,73.3470217104,72.1270586162,72.355255127,5374500
2017-09-18,72.451827118,72.5571434738,72.0305416069,72.425491333,2200000
2017-09-19,72.5307945278,72.7063262034,71.5741355128,71.7321166992,2259200
2017-09-20,72.0217333409,72.33769567,71.4336949434,71.9866256714,2849900
2017-09-21,71.9778416842,73.4611019678,71.8637401035,73.1363677979,4426700
2017-09-22,73.1451674039,73.7507631119,72.6185656429,73.6454467773,3148700
2017-09-25,73.6103436638,74.2949266651,73.5489068994,74.2861480713,4223800
2017-09-26,74.1018059413,74.7161733206,73.7331855138,73.9174957275,2347200
2017-09-27,74.0228542568,74.4265892748,73.698119898,74.2949371338,3085200
2017-09-28,74.2422555292,75.1111554462,73.8560844844,74.602104187,2841000
2017-09-29,74.7513164105,75.1374942011,74.0667333789,75.0760574341,3506100
2017-10-02,75.2866689828,76.0765747642,75.2515613152,75.7869415283,3071100
2017-10-03,75.6904074543,75.9712621375,75.4183313631,75.8747177124,2128800
2017-10-04,75.9185985006,76.4978650096,75.7255096642,76.3223266602,2317700
2017-10-05,76.1555848413,78.1917833019,75.8220719429,76.9279403687,5221000
2017-10-06,76.6295417837,76.7875230148,76.0415031384,76.4276809692,2297200
2017-10-09,76.4803162844,76.6031897946,75.8834992225,76.4013290405,1701400
2017-10-10,74.9356190822,76.09414564,74.8215241539,75.6202087402,4943700
2017-10-11,75.7869658354,76.0590486728,74.9970598007,75.5324401855,3433200
2017-10-12,75.5675444188,75.874728225,75.4007913218,75.8571777344,1941100
2017-10-13,75.8308341764,76.0941316617,75.225238577,75.9624862671,3026500
2017-10-16,75.9010849161,76.1292748372,75.2867104384,75.4359130859,3800700
2017-10-17,75.427123845,75.9186179572,74.9707307155,75.5324401855,3643700
2017-10-18,75.76939185,75.9712525709,75.0584732911,75.2427902222,4002200
2017-10-19,75.2077072834,75.8132963413,75.0497260735,75.7957458496,3233400
2017-10-20,75.93618077,76.6909792483,75.7694276384,76.5593338013,3223200
2017-10-23,76.7699446027,77.4018692975,76.4627608471,76.5154190063,4909800
2017-10-24,76.7260818127,77.5247665174,73.5050272981,74.7513198853,8696100
2017-10-25,75.4007957468,75.8045240152,74.3212563692,74.4704589844,3916000
2017-10-26,74.3124452963,74.6986229042,73.5752044405,73.8648376465,3820700
2017-10-27,73.785880435,74.4353558019,73.3645949535,73.6015701294,2892900
2017-10-30,73.5138130726,73.5138130726,72.3465076345,72.5395965576,4667200
2017-10-31,72.6361104965,72.9345156551,71.7233311409,71.9164199829,3853300
2017-11-01,72.1182737411,73.5664332198,71.9690711762,72.7501983643,3309300
2017-11-02,72.4518014507,73.6542073932,72.2411554217,72.9608459473,2716100
2017-11-03,72.5922173403,73.3645659389,72.5483377779,73.2943572998,1534800
2017-11-06,73.1012970003,73.2241705367,72.7765559705,72.7941131592,1861700
2017-11-07,72.8818594443,73.2153722827,72.6448843333,73.0924987793,2851900
2017-11-08,72.8467422595,74.0667052388,72.8467422595,73.7331924438,2328700
2017-11-09,73.5664346393,73.9526122933,73.3996748894,73.715637207,2098600
2017-11-10,73.4348160565,73.6103544775,72.469378177,73.1013031006,2692500
2017-11-13,73.1363913925,73.1363913925,72.4342512866,72.7238845825,2478700
2017-11-14,73.0329853865,73.4039337385,72.6090395996,72.856338501,2684800
2017-11-15,72.874020851,73.4304434881,71.9113136666,72.5913925171,1838100
2017-11-16,72.785686858,73.8632025425,72.2822482854,73.6953964233,2599700
2017-11-17,73.3068175438,73.7307635499,73.1301773053,73.2096633911,4097800
2017-11-20,73.3863045991,73.5894469406,73.1478396001,73.4657974243,2205900
2017-11-21,73.8809127054,74.6581392335,73.6336136618,73.7572631836,3529900
2017-11-22,73.8985603769,74.4196604695,73.7307541931,73.9073944092,2230900
2017-11-24,74.0752266136,74.3401870067,73.8190935168,74.2165374756,817600
2017-11-27,74.3225154793,75.294050264,74.2165272936,74.9054336548,2980900
2017-11-28,75.1350548182,75.3911878235,74.8435924254,75.1173934937,2659400
2017-11-29,74.8877655989,75.2852094675,74.5874691356,75.0379104614,2316000
2017-11-30,75.2940563284,75.4971986828,74.4726663535,74.7552947998,5002100
2017-12-01,75.0555757646,75.4353582923,74.349001426,75.3558654785,2736300
2017-12-04,75.5059869471,76.6453341775,75.3911715165,75.5854797363,4228300
2017-12-05,75.5943256687,76.4687128736,75.2587065852,76.009437561,3876800
2017-12-06,75.9917810355,76.3009047818,74.6581251722,75.3558654785,3130900
2017-12-07,75.2587042432,75.8416290283,74.7641062959,75.8416290283,4344900
2017-12-08,75.6561635123,76.3627311272,75.4883505872,76.3538970947,3777100
2017-12-11,76.4951965503,76.6983320804,76.0182599855,76.5481872559,3336800
2017-12-12,76.389233568,76.7513548107,75.9476262408,76.5835418701,4252500
2017-12-13,76.3185710567,78.6855795371,76.2567395705,77.6257247925,5786800
2017-12-14,77.917201646,78.0143558018,76.06245213,76.3980712891,4388400
2017-12-15,76.7424961798,77.3784116053,76.1949008438,76.4333724976,7346400
2017-12-18,76.6277087592,77.2371223161,75.9476296711,76.0271224976,3796000
2017-12-19,75.9917896689,76.6365325931,75.8239767283,76.5835418701,4027600
2017-12-20,76.5570458234,76.7866835182,75.6385017824,75.7268218994,3016900
2017-12-21,75.9829403453,76.1154238645,75.4618470385,75.6119918823,2024300
2017-12-22,75.6031581382,75.7621370142,74.8524271779,75.135055542,1834800
2017-12-26,75.3293591127,75.4530085931,75.0378967352,75.0643920898,1099900
2017-12-27,75.2410323092,75.4794972177,75.0555581051,75.1968688965,1332800
2017-12-28,75.3381971115,75.4618465985,74.9760759438,75.1173934937,1731700
2017-12-29,75.1792307296,75.4618591379,74.5963058472,74.5963058472,2563800
2018-01-02,74.5962877613,75.0732243481,74.2430006519,74.7905960083,3456700
2018-01-03,74.8435818103,75.4441678353,74.4284699895,75.1968688965,3078400
2018-01-04,75.320546843,75.7798222502,74.8436101071,75.5325164795,2462500
2018-01-05,76.0359235132,76.6188482443,75.8946127149,76.4598693848,2946300
2018-01-08,76.5658785796,76.5835399073,75.4265308961,76.0712738037,3251400
2018-01-09,76.1330870517,76.3273953195,75.7268091911,76.009437561,2426000
2018-01-10,75.6119884705,76.1065863988,75.5060003122,76.0447616577,1674600
2018-01-11,76.106587434,76.4775358853,75.8416271424,76.3008956909,2647500
2018-01-12,76.4157140048,77.2017810929,75.9829407954,76.8219985962,2728900
2018-01-16,75.8946253553,76.4775434452,75.2057190953,75.3293685913,4878300
2018-01-17,75.7798151455,76.2744131637,75.4883527112,76.1419296265,4083300
2018-01-18,75.9917554191,76.0800754971,75.3116766683,75.7974472046,4445800
2018-01-19,76.1066212123,76.2037753839,75.3558899454,75.5060348511,5826900
2018-01-22,73.5276184476,75.5766761336,72.7768873547,75.4618606567,6374000
2018-01-23,75.2322190967,75.885796007,74.4019952253,74.5609741211,5728100
2018-01-24,74.949576866,75.2145438897,74.4373108808,74.4549789429,5977700
2018-01-25,74.9053996129,75.4264995329,74.6845960467,75.0820465088,5201600
2018-01-26,74.8612814767,77.2547925568,74.8612814767,76.9103393555,6394100
2018-01-29,76.6365135319,78.0143326321,76.5305321123,77.3695831299,5324500
2018-01-30,76.5217128055,76.7866798823,75.2587156514,76.0359420776,5388400
2018-01-31,76.3980645879,76.6012069152,71.7788491629,71.937828064,10558500
2018-02-01,72.0173292208,73.192006418,71.7965255404,72.7857284546,8410700
2018-02-02,72.3175958618,73.3332938147,71.6463577396,71.6993484497,5152500
2018-02-05,71.4432310861,72.0791466996,67.6100828153,68.4402999878,8145200
2018-02-06,67.6189074575,69.8711073775,66.868176397,68.8819046021,10558800
2018-02-07,68.6787441584,69.3853115379,67.751366471,67.7602005005,8240300
2018-02-08,68.1753404502,68.5816183774,65.5256965212,65.5433578491,8059600
2018-02-09,66.2940648473,67.8485239406,65.0840655388,67.3274307251,8939700
2018-02-12,67.7248905503,68.0958390364,66.4177300787,67.3451080322,6454200
2018-02-13,67.1419557843,67.6453877232,66.903490861,67.3097686768,4041200
2018-02-14,67.0988850654,68.682705881,67.0365934174,68.5403366089,4361100
2018-02-15,69.1810020392,69.5369185199,68.5403537315,69.4212417603,4810700
2018-02-16,69.3589682718,70.8716118662,69.3233827276,70.2665557861,4699600
2018-02-20,69.5636156698,70.0263023734,68.6738278034,69.0030517578,3195000
2018-02-21,69.0386372986,70.0707944821,69.0030517578,69.0030517578,3871100
2018-02-22,68.6827087402,69.4835121695,68.086545874,68.6827087402,7687400
2018-02-23,69.1632200629,70.1686779984,69.0831356176,70.0708007812,5170300
2018-02-26,70.284328264,71.6012170421,70.266535497,71.3431777954,6015900
2018-02-27,71.3165027014,71.369887804,70.017413161,70.0263061523,4860400
2018-02-28,70.0974688749,70.453385287,68.5225477463,68.5314407349,6123400
2018-03-01,68.5670273364,68.8428660967,67.2056534531,68.0687484741,6258400
2018-03-02,67.9619825145,69.0475246015,67.9085974245,68.7183074951,3216700
2018-03-05,68.4246790035,69.474628815,68.2556171595,69.136505127,3816600
2018-03-06,69.2788648179,69.403434542,68.4068699611,68.6827087402,2962700
2018-03-07,68.1399486057,69.0564289166,68.1043562806,68.905166626,2266500
2018-03-08,69.092030826,70.3110358873,68.9318687347,70.1953659058,3497200
2018-03-09,70.5423821638,71.1474381948,70.1864656534,70.8360137939,4399500
2018-03-12,71.0317600647,71.1563298107,69.9462178876,70.3288269043,5059600
2018-03-13,70.3644042882,71.0673372993,70.0885655189,70.4266891479,4863200
2018-03-14,70.6402188664,70.7914810903,69.4212077238,69.8394088745,3167900
2018-03-15,69.9195384596,71.0584659449,69.8127614622,70.0708007812,3910100
2018-03-16,70.471183964,71.6190109253,70.4000061064,71.6190109253,8326300
2018-03-19,71.2898059896,71.3609838593,69.5458225937,70.0530014038,5117000
2018-03-20,70.3288144638,70.4711769533,69.2699650212,69.7326583862,3943800
2018-03-21,69.8127664724,70.2932528125,69.4301573564,69.6170120239,4052000
2018-03-22,69.0119315966,69.4123401333,67.988681176,68.095451355,3816900
2018-03-23,68.3090069338,68.3357062704,66.2980913784,66.5205383301,4298100
2018-03-26,67.276863528,67.8285344687,66.4226679603,67.7840423584,3488700
2018-03-27,67.7039446726,68.1577383128,66.8586490501,67.3213424683,4070600
2018-03-28,67.6772727103,69.1009389327,67.6594799373,68.5225753784,4257500
2018-03-29,68.9229808024,69.2255122662,68.1666623256,68.8429031372,3424000
2018-04-02,68.4068834669,68.7894924916,67.0900013275,67.3569335938,6282600
2018-04-03,67.846321154,69.0475333512,67.4993044479,68.9941482544,3610600
2018-04-04,68.3535032174,70.1330789395,68.2556260096,69.9373245239,3022200
2018-04-05,69.866132065,70.1597636556,69.4835230559,69.955116272,2213100
2018-04-06,69.5636383839,69.6259232833,67.8908390926,68.3802185059,4012800
2018-04-09,68.7539229907,69.7148957609,67.9175267992,68.8162078857,5377500
2018-04-10,69.4835111813,70.8982770107,69.4657184161,70.4889755249,3657200
2018-04-11,69.7148776714,70.2042637112,69.5102302646,70.0530014038,2830000
2018-04-12,70.4623149758,70.8983092017,70.1241911859,70.5512924194,2121100
2018-04-13,71.076253828,71.583432651,70.5067901245,70.9338912964,2652400
2018-04-16,71.5923348132,71.8503741231,70.8894015459,71.2898101807,2743000
2018-04-17,71.6902027217,71.7524875961,70.7292302692,71.1118392944,3782400
2018-04-18,71.147438488,71.3965780097,70.8182145266,70.9338912964,4261000
2018-04-19,70.2576381695,70.9605712891,69.8928287312,70.9605712891,4989400
2018-04-20,70.8627125569,71.1029591076,70.1330867016,70.3466339111,5424100
2018-04-23,70.675851126,71.441069241,70.4445043779,71.3609848022,4015900
2018-04-24,72.2240566325,72.5176881647,70.2220345666,71.2630844116,6394900
2018-04-25,71.4232848947,73.2473531409,71.1919448859,72.1974029541,5379000
2018-04-26,72.4465161008,74.3506613197,72.4465161008,73.4519805908,5058700
2018-04-27,73.4074902982,74.0659313407,73.300713323,73.6121444702,3209600
2018-04-30,73.9324776226,74.0392546206,72.1262091674,72.1351089478,5483500
2018-05-01,71.7880499399,72.0104967968,70.0173748595,70.3554916382,6306100
2018-05-02,70.0085058723,70.6402544092,69.8127514659,70.1419754028,5166300
2018-05-03,69.9818353091,70.0263206409,68.9051925245,69.4390640259,4469300
2018-05-04,68.8873813493,69.9551309607,68.593749697,69.7593765259,3367500
2018-05-07,69.7682645327,70.5245828037,69.6081024575,69.964012146,3722600
2018-05-08,69.8305602877,70.2042695921,69.554721411,70.1864700317,4591700
2018-05-09,70.2576381307,70.8715938348,69.803844489,70.5334701538,3325200
2018-05-10,70.702552902,72.224089551,70.6580675756,71.9482574463,3718400
2018-05-11,72.206286443,73.3630065918,72.0906096761,73.3630065918,4393800
2018-05-14,73.4964639099,74.1371121509,73.4074864961,73.9146652222,4739700
2018-05-15,73.603238199,73.7989925754,72.8113277045,73.1494445801,3662700
2018-05-16,73.2865311388,73.42091417,72.5339519871,72.7310562134,3614500
2018-05-17,72.6056576563,73.322392517,72.5966965054,73.1611328125,2808400
2018-05-18,73.0087823788,73.7255236996,73.0087823788,73.5284194946,4002300
2018-05-21,73.7255548273,73.9495357302,73.1700797273,73.3134307861,2505900
2018-05-22,73.5911510222,74.2630936041,73.2954946457,73.6628265381,2620700
2018-05-23,73.2058892513,74.289955583,73.1162982918,74.0749359131,2516900
2018-05-24,74.10181427,74.1734897735,73.555300518,74.10181427,2481800
2018-05-25,74.1734780158,74.782706028,73.9942892855,74.1555557251,2338100
2018-05-29,73.5642603669,74.0211831493,73.1521364823,73.859916687,3459300
2018-05-30,74.2899407069,75.2754547352,74.2809863975,75.1321105957,3475400
2018-05-31,75.1500490458,76.2520377871,74.9708671077,76.1893234253,9526400
2018-06-01,76.332675847,76.7627221141,75.759285381,76.0191040039,4057700
2018-06-04,75.8399156025,76.6193645697,75.5800970017,76.2162017822,4263100
2018-06-05,76.3774729983,76.7806358107,75.7413681783,75.992225647,3667600
2018-06-06,76.0459871493,76.9867095947,75.8488897134,76.9867095947,2720100
2018-06-07,77.2285820709,77.3360953225,76.4401720649,76.9418869019,3123600
2018-06-08,76.897112883,77.4257044481,76.5387421288,77.12109375,3172300
2018-06-11,77.3271511626,77.7482362799,76.8791894354,76.9239883423,3506900
2018-06-12,76.8344172612,77.0673524982,76.5566762704,76.5925140381,3016900
2018-06-13,76.8344217542,77.3898900976,76.691070675,76.7985839844,3052100
2018-06-14,76.7537630916,77.4615434629,76.3058013504,77.362991333,3115100
2018-06-15,77.1658718518,78.1872238734,77.1389952463,77.8378143311,5575200
2018-06-18,77.0314816606,77.1837869679,76.1624350413,77.1479492188,2903900
2018-06-19,76.9508487071,77.8288565146,76.7537444951,77.7840576172,3044500
2018-06-20,77.7124170357,78.0887101711,77.2286174348,77.3002929688,4675500
2018-06-21,76.8881331399,77.3002570151,76.3237039524,77.1121139526,2856400
2018-06-22,77.0673360386,77.4077913413,76.8791929249,76.9777450562,3769500
2018-06-25,77.049411028,77.5959248391,76.2610009107,76.8433456421,3414100
2018-06-26,76.6372996991,77.0494237033,76.1176624103,76.2520523071,2840600
2018-06-27,76.0728527522,76.691035198,75.8309496268,75.8578262329,3005400
2018-06-28,76.0191234256,77.0135992644,75.9832856579,76.5925140381,2564600
2018-06-29,76.9060738012,77.1390158368,76.2699689047,76.4491577148,2964000
2018-07-02,76.2072468446,76.9867027107,75.8936750026,76.9239883423,2347000
2018-07-03,76.879166804,77.9632330445,76.879166804,77.5063171387,2163500
2018-07-05,77.8646955597,78.1155529845,77.1658696595,77.5511169434,2675500
2018-07-06,77.7930238952,78.5814339599,77.7840627481,78.2947387695,2290500
2018-07-09,78.4829045439,79.1369317674,78.4112290168,78.7248077393,2718300
2018-07-10,78.912923968,79.0473138267,78.545592143,78.8860473633,2227200
2018-07-11,78.6351798034,78.9039595097,78.1245038298,78.4470367432,2449500
2018-07-12,78.9308601118,79.7282314913,78.769593606,79.6565628052,2604500
2018-07-13,79.5848732943,80.5166344041,79.325054701,80.3732833862,3335000
2018-07-16,80.301603475,80.4897465491,79.5938232429,79.7998886108,3175200
2018-07-17,80.0597054408,80.6062191925,80.0417831473,80.2478485107,2179400
2018-07-18,80.2747334473,80.7495717448,79.7998951497,80.6599807739,3021400
2018-07-19,80.48080728,80.6151971681,79.6207215655,80.1224365234,3171000
2018-07-20,79.7550904527,80.0686690811,79.0741936551,79.262336731,3829800
2018-07-23,79.1100388132,79.8805334827,78.9935643968,79.6296691895,3145300
2018-07-24,81.5827798537,84.001777053,80.6331032691,83.6344451904,9910000
2018-07-25,83.4642092428,86.5909793213,83.3477348513,86.3938751221,8476800
2018-07-26,86.5820263728,86.8687215528,84.960407402,85.273979187,4826100
2018-07-27,85.6950941815,86.8687519167,85.1306579357,86.5462188721,3975500
2018-07-30,86.3490763774,87.9079876817,86.232608821,87.8183898926,5356000
2018-07-31,88.0244767792,88.8756013014,87.3794108175,88.5261917114,4957800
2018-08-01,88.4634729484,89.0099867591,88.1947000347,88.4276351929,4971800
2018-08-02,87.7556779049,89.9417327799,87.6571258025,89.1174850464,4321000
2018-08-03,88.8576825047,90.2105287437,88.5889027523,90.1119766235,4572100
2018-08-06,89.9507322631,91.9128003308,89.789465739,91.3842086792,5090900
2018-08-07,91.1960392067,93.0058013779,91.0974870907,91.3304290771,5095100
2018-08-08,91.2497971854,91.9844541021,90.8735109968,91.626083374,3901600
2018-08-09,91.4379460469,92.0292588108,91.3125173094,91.5544204712,3298100
2018-08-10,91.5185404712,92.4503012588,91.3751895029,91.6081314087,2783800
2018-08-13,91.787343289,91.9934086644,91.4916937822,91.7783889771,2816400
2018-08-14,91.6819923738,92.6459277879,91.2315551359,92.2855834961,3283900
2018-08-15,92.1414281141,93.1864456671,91.961255992,93.087348938,3143200
2018-08-16,93.0152875929,94.5377676232,93.0152875929,94.0152587891,4427200
2018-08-17,94.0783212798,95.4206223171,93.6549091787,95.0873031616,3824300
2018-08-20,95.1143279409,95.8350233911,95.1143279409,95.3305358887,2765500
2018-08-21,95.5107123723,95.609809118,94.339579635,94.6548843384,2775500
2018-08-22,94.4116534152,95.1593740509,93.8260835966,94.618850708,1964400
2018-08-23,94.5828039852,94.8170332602,94.0422807046,94.4296569824,2043400
2018-08-24,95.1053197943,95.528731905,94.1684094984,95.2854919434,3089900
2018-08-27,95.6278359658,95.9341300172,94.5377785724,94.6909255981,2452500
2018-08-28,94.6188576095,95.1233451832,94.2224705883,94.7539901733,2516800
2018-08-29,94.0513234915,95.12335975,93.9432160492,94.8891372681,2949500
2018-08-30,94.7539735062,95.2584609913,94.5377655659,95.0242385864,2928600
2018-08-31,94.7179355462,95.3665662254,94.1143513371,95.1773834229,3278900
2018-09-04,94.8710952163,95.2224357356,94.0332816226,94.24949646,3107000
2018-09-05,94.4566847519,95.5917884839,94.3215522097,95.240447998,3366600
2018-09-06,95.1953985838,95.2674701871,93.384645943,94.9251403809,3180700
2018-09-07,94.7269442399,96.609768431,94.4116395755,96.4205856323,3822900
2018-09-10,96.844009348,97.1503033808,95.844038097,95.8710632324,2950800
2018-09-11,95.8620733148,96.0512561635,95.0602885654,95.1683959961,3516400
2018-09-12,95.3215168939,95.9341117533,95.0512587011,95.4656600952,3926000
2018-09-13,95.6368549434,96.1323318708,95.3305539922,96.0152206421,5167400
2018-09-14,96.0061942858,96.1143016991,94.9521727803,95.2854919434,3103100
2018-09-17,95.1413668567,96.1863778165,94.6368792812,95.2314529419,4972200
2018-09-18,95.3755982692,96.5647524898,94.6909316351,96.2854766846,3668800
2018-09-19,96.2854495947,96.4566179234,95.0422454462,95.2584533691,3270400
2018-09-20,95.2404737352,95.5918143159,93.8891616944,95.5557785034,3762000
2018-09-21,95.6998995828,96.2764587035,94.9071256371,95.7899856567,5333700
2018-09-24,95.4476521674,96.0962829183,95.123336792,95.123336792,3095500
2018-09-25,95.5017031236,96.1773589664,95.0782910291,95.2224273682,3775700
2018-09-26,95.5467540154,96.7269043674,95.501714411,95.7719726562,3707300
2018-09-27,95.9341169481,96.5467118406,95.6818732052,96.1142959595,2093700
2018-09-28,96.1863708605,97.0602202572,95.7629656035,96.6728439331,2812300
2018-10-01,96.9971582317,97.0331940374,96.4205990869,96.93409729,2707500
2018-10-02,96.8440137555,97.4205729155,96.5647448455,97.2584152222,3787900
2018-10-03,97.7178566492,98.7448530139,97.5106524931,97.8529891968,5097200
2018-10-04,102.357357856,104.21315703,100.033100117,101.789802551,10940700
2018-10-05,102.78075497,104.00594468,102.78075497,103.61856842,8330300
2018-10-08,103.465434878,105.050975921,103.393363268,104.014968872,6002300
2018-10-09,103.681612764,104.50141162,102.906867242,104.00592804,4716000
2018-10-10,103.564521561,103.933883369,102.024027141,102.105102539,5602900
2018-10-11,101.879886626,102.08709077,96.0151989985,97.2133636475,7226300
2018-10-12,98.1953205737,100.015084041,97.6818223832,99.5286178589,4519100
2018-10-15,99.5466167236,100.726759935,99.0781650809,99.6547241211,3884700
2018-10-16,99.8529176589,100.195254338,99.0331255087,100.024085999,4192800
2018-10-17,99.9790612564,102.492495219,99.8709538353,102.330337524,4402100
2018-10-18,102.636639186,102.924918771,101.267312875,102.078094482,3619600
2018-10-19,101.690720735,102.123143561,99.6907849289,100.825881958,4224000
2018-10-22,100.897947398,101.54657816,100.330398918,100.924972534,2938300
2018-10-23,99.7268091922,100.41147577,98.2493754911,99.4475402832,3757000
2018-10-24,99.2943951308,100.132208747,95.6638717527,95.7809829712,6739400
2018-10-25,95.8800822091,98.0331719141,93.8441037256,97.1953582764,4114800
2018-10-26,96.4386204011,96.816986051,94.6458751523,95.844039917,4464500
2018-10-29,96.7989534764,98.2673831767,95.7629533941,96.7539138794,3587800
2018-10-30,96.6007741691,97.7538924116,96.4656416216,97.6007385254,3325900
2018-10-31,98.7268342332,99.4835723955,97.6097517655,97.6908340454,4349200
2018-11-01,97.9611098267,98.4025433643,96.6908801143,97.1683425903,3639400
2018-11-02,97.4205651903,97.6457838091,95.429633425,96.1683502197,3577200
2018-11-05,99.4835443982,100.969988296,98.879960296,99.2222900391,7368600
2018-11-06,98.1953046445,98.4655697001,94.5467607593,95.40259552,6803700
2018-11-07,96.2584361501,99.7988731071,96.1413249429,98.8439483643,5875400
2018-11-08,98.6367377248,99.9430097497,98.2043218547,99.1862716675,3666300
2018-11-09,99.4745765073,101.384433226,98.8259456642,101.087142944,5054400
2018-11-12,101.132163742,103.339303309,101.132163742,101.978981018,5078900
2018-11-13,102.924894418,102.924894418,100.744780142,101.249267578,4239700
2018-11-14,101.731878953,101.994448709,99.3597020139,99.4230804443,5392800
2018-11-15,98.8526628589,101.614166088,98.2732010187,101.586997986,4796800
2018-11-16,101.116187582,103.488364234,101.107131548,103.062820435,4766400
2018-11-19,102.311337342,105.118107162,102.311337342,104.855537415,4869800
2018-11-20,104.013499094,105.208640027,103.506471701,103.868637085,4877300
2018-11-21,103.470268133,103.470268133,101.52363498,101.614181519,3619700
2018-11-23,101.279152833,103.04469939,100.862665105,102.193618774,1897000
2018-11-26,100.735929848,102.854586171,100.47336009,101.749984741,3296200
2018-11-27,101.659426585,103.443085265,101.143343197,103.415924072,3263200
2018-11-28,103.877688804,104.873638388,102.999440028,104.602012634,4814500
2018-11-29,104.393781448,106.775007391,104.094994474,105.932975769,4688300
2018-11-30,106.48526788,107.481217472,105.226748565,107.41783905,8965600
2018-12-03,107.417832891,107.46310615,106.421883356,107.309181213,4290100
2018-12-04,107.426894978,108.504328152,105.317288078,105.49836731,5676600
2018-12-06,104.411880272,105.01850331,102.293224201,104.88269043,5064400
2018-12-07,104.602033851,104.82838639,102.103099895,102.836486816,4128100
2018-12-10,102.854568833,103.805252042,100.518609506,103.298217773,3832600
2018-12-11,103.977269644,104.683495169,103.144294194,103.669433594,3806800
2018-12-12,104.556740311,104.792141916,103.461188232,103.52456665,3758800
2018-12-13,103.778102996,104.25796922,103.071877351,103.995399475,3609900
2018-12-14,103.479312771,103.741882508,100.717809427,101.342544556,5306100
2018-12-17,100.690646646,100.772137139,97.5307676369,98.1102294922,6121700
2018-12-18,99.0790142333,99.2872615678,95.6746707796,96.4261627197,6864400
2018-12-19,100.989422487,100.989422487,97.5126448305,98.789276123,8362800
2018-12-20,98.7802251463,99.7399644001,97.8929272548,98.952255249,8362300
2018-12-21,98.9522302521,100.962240959,98.399929764,99.0699310303,13154500
2018-12-24,99.0065917018,99.0609210043,96.5438751582,96.6525268555,3284000
2018-12-26,96.6615584076,100.581977844,96.3627714965,100.581977844,3792400
2018-12-27,99.8123857048,102.220779361,98.4452217257,102.211723328,4101600
2018-12-28,102.673495662,104.203633869,101.940108862,103.397819519,3984000
2018-12-31,103.524585151,104.891756304,103.434045524,104.774055481,2731000
2019-01-02,103.93202044,104.511482319,102.084983109,104.013504028,4247100
2019-01-03,103.868640505,103.886745667,100.591053686,100.781188965,4203300
2019-01-04,101.596064577,103.977290609,101.170520733,103.814323425,5795200
2019-01-07,101.740916811,105.425934967,101.451185908,104.375656128,7749600
2019-01-08,104.746877254,105.407822636,103.687542383,105.335388184,3428900
2019-01-09,105.362544083,107.037550882,105.226731227,106.123085022,5820100
2019-01-10,106.014452043,106.132159762,104.094987292,104.973236084,4282300
2019-01-11,104.366610064,105.217697694,104.212692019,105.190536499,2648800
2019-01-14,104.303222852,104.348496112,103.515520621,103.83241272,4404600
2019-01-15,103.135267844,107.037583166,102.673506759,106.014465332,5097700
2019-01-16,105.923930578,106.90177519,105.46217638,105.751907349,2920600
2019-01-17,105.760937635,107.924866937,105.525536014,107.888656616,4401900
2019-01-18,104.647285597,105.842426477,104.140251319,105.56174469,8887000
2019-01-22,104.746896718,106.032577402,104.746896718,106.014465332,4377500
2019-01-23,106.032575937,107.653260823,105.86054581,107.553665161,4012100
2019-01-24,107.037567758,107.037567758,103.39781581,104.113090515,6946200
2019-01-25,104.429983232,104.439039266,103.252954409,104.094985962,4599100
2019-01-28,103.868639981,104.221749341,102.800255867,104.14931488,3590900
2019-01-29,103.56985082,104.982288229,103.135257882,104.76499176,3767400
2019-01-30,104.602022981,106.005411336,104.602022981,105.87865448,4362900
2019-01-31,105.878650075,108.775959379,105.6885148,108.522445679,5746100
2019-02-01,108.93894884,109.545571982,107.861508552,109.455032349,4171500
2019-02-04,109.744727664,110.315133385,107.463097869,108.803100586,4518400
2019-02-05,109.30108288,110.224597927,109.011351992,109.038513184,8832400
2019-02-06,107.444998508,109.391631307,106.602966967,107.988243103,7421000
2019-02-07,107.743780777,108.04256771,105.806204096,106.385665894,7935000
2019-02-08,106.593943356,109.943958254,106.340422704,108.287055969,16195100
2019-02-11,107.924883603,108.594892065,105.969201334,106.847450256,7203100
2019-02-12,106.621076014,108.558652725,106.385667497,108.187431335,6975500
2019-02-13,108.287032646,108.902711711,106.937973705,108.332305908,12738600
2019-02-14,108.273142416,110.375973166,108.145698549,109.920814514,17847000
2019-02-15,110.31225123,111.495666504,109.602204844,111.495666504,10366400
2019-02-19,110.430580254,112.269424936,110.421482082,111.1770401,17861300
2019-02-20,111.404605497,112.01452324,110.703664378,111.659500122,19880300
2019-02-21,111.113321497,112.660864991,110.876644012,111.714134216,20798700
2019-02-22,111.723233701,113.552966284,111.650406658,112.879333496,19574000
2019-02-25,112.970378757,113.489259355,112.396881342,112.779212952,13682400
2019-02-26,112.751903011,113.935318297,112.260330828,113.489257812,20790900
2019-02-27,113.325388804,115.136925072,112.952162355,114.408668518,32135600
2019-02-28,114.263010615,116.311224292,113.971709392,114.96395874,36023600
2019-03-01,115.837862068,117.813248697,115.227951219,117.285263062,43290900
2019-03-04,118.805508772,118.805508772,114.099169881,116.029045105,59468600
2019-03-05,116.884735691,117.312585933,115.355409295,116.966674805,53212600
2019-03-06,117.203333587,117.239740161,114.144667394,115.318977356,74822500
2019-03-07,115.073212215,115.783258592,113.908000248,115.009483337,60615600
2019-03-08,115.036796927,115.592091022,114.017239075,115.33719635,50169800
2019-03-11,111.78697496,113.707745152,111.522982091,112.424194336,61771200
2019-03-12,112.424194336,112.897556309,111.677734376,112.424194336,8077600
2019-03-13,113.425514717,119.02396654,112.114662752,113.161521912,68139300
2019-03-14,113.771435874,113.771435874,111.522951493,112.04183197,42768700
2019-03-15,112.060059766,113.025000839,111.022298585,112.824729919,47331000
2019-03-18,112.8702439,114.108276026,112.424190353,114.008140564,16052200
2019-03-19,114.026358948,115.291699572,113.91711836,115.237075806,13726300
2019-03-20,116.101852989,117.521952501,115.45552863,116.666252136,7520700
2019-03-21,115.501041562,117.412706255,115.282567383,116.80279541,5704300
2019-03-22,117.185146216,117.867884215,116.001737852,116.793716431,15332900
2019-03-25,117.075928288,118.869254783,116.893867575,118.222923279,5972800
2019-03-26,118.559759351,120.280258916,118.068180109,119.269805908,5872900
2019-03-27,119.215154642,119.761336664,116.993978302,117.221557617,7675100
2019-03-28,117.740437318,118.250212788,117.312587072,117.385414124,6112900
2019-03-29,117.440011461,118.28661364,117.412703057,118.122749329,5729100
2019-04-01,118.987593536,119.570196117,117.476463318,117.476463318,5132300
2019-04-02,117.46734263,117.949823596,116.739099875,117.722244263,3214600
2019-04-03,117.53106653,117.658510396,115.464642381,115.655815125,4425300
2019-04-04,115.919808202,115.928913321,113.434645722,114.344963074,5539800
2019-04-05,115.146045221,115.619414156,114.344968415,115.601203918,4656400
2019-04-08,115.155138177,115.865184559,114.781904752,115.755950928,3430900
2019-04-09,115.391832676,116.62985792,115.246178562,115.828781128,4215600
2019-04-10,116.120084781,116.493318247,115.546587322,115.78327179,4227100
2019-04-11,115.482850205,115.901595318,113.343605995,113.926208496,5520700
2019-04-12,114.008135464,114.008135464,111.987229969,112.023643494,5470400
2019-04-15,112.669975853,113.197961585,112.114688656,112.952178955,4549100
2019-04-16,113.725938152,113.725938152,109.046907885,109.201660156,6573400
2019-04-17,109.23805859,109.292675396,105.496654527,106.051948547,14842800
2019-04-18,105.806170446,106.188502,103.9036039,104.868537903,9805800
2019-04-22,104.722905012,105.205372079,103.457564496,105.114341736,7519700
2019-04-23,105.633221089,107.317306717,105.077926977,106.953178406,5891500
2019-04-24,107.681435174,107.808879042,106.716501051,107.417442322,4254100
2019-04-25,107.189868041,108.036463455,106.27955069,107.626823425,3425000
2019-04-26,108.172997342,109.165239782,108.027343253,109.119728088,3372500
2019-04-29,109.147037462,109.247172913,108.555329872,108.873939514,4097200
2019-04-30,106.152089023,106.634556027,104.604552564,106.543525696,7548300
2019-05-01,106.552642779,108.810225795,106.106582301,107.581298828,5392100
2019-05-02,107.817970723,107.936309458,106.379667889,107.836174011,4168800
2019-05-03,107.817993536,107.817993536,106.088389112,106.425209045,5695500
2019-05-06,105.432942107,106.57994377,104.959580199,106.18850708,5952100
2019-05-07,105.869898465,106.042854019,104.194911121,104.631866455,5127200
2019-05-08,105.46024308,106.406973773,104.895850878,105.824371338,2992600
2019-05-09,105.469365963,105.733358821,104.486221584,105.414749146,5818900
2019-05-10,105.259974977,105.888096066,103.976431341,105.797065735,3660500
2019-05-13,104.5590372,104.859443552,103.65782509,104.112983704,4284600
2019-05-14,104.440700667,105.168950296,104.258633051,104.631866455,3668400
2019-05-15,104.91406512,105.451148975,104.067469783,105.25088501,3724400
2019-05-16,104.880148069,107.727117829,104.880148069,106.857467651,3914100
2019-05-17,105.914562786,106.784219849,105.475163141,106.198348999,3109800
2019-05-20,106.070188904,106.463821532,105.273767454,106.399742126,3042800
2019-05-21,107.141255758,107.82782395,106.674387432,106.720161438,2611100
2019-05-22,106.2990501,108.377059755,106.2990501,108.001739502,3934200
2019-05-23,107.800336345,107.983418359,106.628594698,106.930679321,3653500
2019-05-24,107.58978825,107.608100642,106.601128593,106.912376404,2086400
2019-05-28,107.186991014,108.395357378,105.914552234,105.969482422,5007200
2019-05-29,105.832173956,106.006106759,104.751973308,105.722320557,5915800
2019-05-30,105.722329011,106.463827293,105.237155348,106.09765625,2392800
2019-05-31,105.585009681,107.635564642,105.264612651,106.134269714,6098400
2019-06-03,106.674358421,107.763715225,106.225802614,106.894058228,4722000
2019-06-04,108.093280613,108.87138971,107.479948135,107.617256165,3122700
2019-06-05,108.047520489,108.367917572,106.674384147,107.122940063,4175800
2019-06-06,107.580637562,108.880545097,107.351781537,107.562332153,3882800
2019-06-07,108.193974621,108.880542684,107.919344603,108.340438843,2726300
2019-06-10,106.18920885,106.18920885,104.248507001,104.294281006,8172400
2019-06-11,105.072373776,105.813865038,102.390180968,102.719734192,5681200
2019-06-12,102.98520921,105.731481455,102.98520921,105.493469238,3793800
2019-06-13,105.639928566,105.639928566,101.255046869,102.362709045,8477300
2019-06-14,102.64649694,102.756350341,101.621226467,102.289482117,3188100
2019-06-17,102.197933851,103.827387438,101.92330386,103.809082031,3032300
2019-06-18,104.037945087,105.11814575,103.644312465,104.953369141,2868700
2019-06-19,105.292084004,106.180046558,104.669595294,105.484329224,3320600
2019-06-20,106.50957799,107.168684368,105.51176921,105.786392212,2840100
2019-06-21,105.951176567,106.12510937,105.099831929,105.722320557,4024600
2019-06-24,105.346992502,106.326495874,105.008283118,105.850471497,2570500
2019-06-25,105.740647541,106.949007163,105.429399693,105.60333252,2110100
2019-06-26,105.099847599,105.228006425,101.264225044,101.923324585,4677500
2019-06-27,102.289489321,102.719739775,101.758548638,102.042327881,3615900
2019-06-28,102.344395161,102.371856761,100.714934747,101.419815063,8958700
2019-07-01,101.895868611,103.296466563,101.282536055,103.204925537,3236400
2019-07-02,103.278144891,104.550583809,102.893668451,104.541427612,2343400
2019-07-03,105.154796401,105.704049608,104.156980239,104.742851257,3707700
2019-07-05,104.404127245,104.697062694,103.030991018,103.278152466,2444000
2019-07-08,102.957769127,103.250704616,101.529709496,102.088111877,2998700
2019-07-09,102.390176794,103.77246904,102.390176794,103.516151428,2717700
2019-07-10,103.69006216,104.953351612,103.140809216,104.84349823,3339100
2019-07-11,102.097234506,102.747184688,99.8727539741,100.531860352,6589600
2019-07-12,100.211479735,100.211479735,96.2568478079,99.1312789917,7211100
2019-07-15,99.1404458429,99.9277112311,98.4904885005,99.2960662842,4405200
2019-07-16,99.7812087774,99.9551415597,98.8383232431,99.6164321899,2206500
2019-07-17,100.101636561,100.37626662,98.0236266653,98.0327758789,3507300
2019-07-18,98.7101636674,99.3051906164,98.170059919,99.1770248413,3232900
2019-07-19,99.3235226898,99.3418281002,97.5659099553,97.7581481934,4820600
2019-07-22,97.877150849,98.2799397199,96.9159596584,98.1975479126,2894400
2019-07-23,98.408093221,100.147400452,97.089880249,99.067199707,5098200
2019-07-24,99.1861917257,100.385401948,98.096841885,99.3418121338,3762700
2019-07-25,99.3876026791,101.044518206,98.5728757198,98.7010345459,4596700
2019-07-26,98.7925637883,99.9917740672,98.4447051566,99.1129608154,3470700
2019-07-29,98.9298753233,100.916343806,98.9298753233,99.5249023438,3192500
2019-07-30,99.1404369272,100.714960578,97.9503827543,99.4974517822,4664200
2019-07-31,98.920731439,101.346606834,98.5087933651,99.735458374,5535700
2019-08-01,99.7995112747,101.374041512,99.1495611388,101.163497925,3679000
2019-08-02,101.575446214,103.69007342,100.870572807,102.911964417,4477700
2019-08-05,101.959927594,102.976048842,98.3531616065,99.5157470703,4765800
2019-08-06,100.211487258,102.63736276,99.8178545771,101.978256226,5490000
2019-08-07,101.035363363,101.959936702,99.350979338,101.721931458,4231700
2019-08-08,102.490882426,104.852678304,102.19794699,104.330886841,4815900
2019-08-09,103.662638164,104.861848658,102.847911155,104.14781189,2788100
2019-08-12,103.351385773,104.413274133,102.792976494,103.992179871,2318400
2019-08-13,103.928104897,106.317362539,103.836563877,105.914573669,5247200
2019-08-14,105.735070527,105.744278054,101.463690934,101.528129578,4937900
2019-08-15,101.647801271,102.467095625,100.53392925,101.472900391,3939900
2019-08-16,102.126491789,102.485508091,100.607572882,101.739852905,3497600
2019-08-19,102.227752785,103.967603168,101.988406244,103.590171814,2903500
2019-08-20,103.406043822,103.912345342,102.098856156,102.190910339,2074800
2019-08-21,103.102272288,103.507319176,101.261160283,102.605171204,2207300
2019-08-22,102.586762781,103.350818922,101.988399977,102.743255615,1840200
2019-08-23,102.605162729,103.617772844,100.230126753,100.810081482,3870100
2019-08-26,101.822716008,102.936588103,101.491315233,102.899765015,2565500
2019-08-27,103.387631873,103.91234846,101.933158875,101.933158875,2945200
2019-08-28,101.564912902,102.678784466,101.067811977,102.154067993,1744400
2019-08-29,102.927335428,103.45205192,101.813463821,103.332382202,2708600
2019-08-30,103.85712394,105.099873092,103.028622165,103.99520874,2870700
2019-09-03,103.599374947,104.961793919,103.277181746,104.906562805,3710300
2019-09-04,105.293185889,105.40365513,103.516512644,104.252960205,3756400
2019-09-05,104.906557024,106.268982944,104.262170657,105.49571228,4045900
2019-09-06,105.661419999,105.854735922,104.796095083,104.98941803,2904700
2019-09-09,105.422062314,105.422062314,101.583345761,102.246147156,4982300
2019-09-10,99.7606517308,102.301381119,97.9471553692,102.273765564,6589500
2019-09-11,102.89974883,103.102272274,101.528122353,102.816902161,3404100
2019-09-12,103.028619619,103.488897591,102.292179078,102.614372253,3578500
2019-09-13,102.862946207,103.240377614,101.482111928,102.080474854,2842600
2019-09-16,101.647767989,101.749029688,100.533896333,101.380805969,1728900
2019-09-17,101.564935281,102.356613926,100.92054193,102.292175293,2438100
2019-09-18,102.586742474,103.939960648,102.33818847,103.765052795,3132500
2019-09-19,103.893945194,105.965196084,103.461282773,105.265571594,3929800
2019-09-20,106.720062233,107.916787897,105.376051254,106.931793213,7517700
2019-09-23,106.784504485,107.281605607,104.91577678,105.109092712,2611300
2019-09-24,105.27477786,105.449685736,103.047034171,104.252960205,3480200
2019-09-25,103.912344362,104.805284682,102.467071923,102.540718079,3093400
2019-09-26,103.139077364,103.709824514,101.896328382,102.936553955,2266400
2019-09-27,103.424456042,104.363427012,102.531515678,103.442871094,1906300
2019-09-30,103.470486857,104.43706636,102.816892997,102.945770264,2516600
2019-10-01,103.047045471,103.516523995,101.638595852,102.144897461,2203400
2019-10-02,101.564934031,101.850304112,98.1864955667,98.4994812012,4483900
2019-10-03,98.5823183398,99.5120816746,97.7722317552,98.7664337158,2735000
2019-10-04,98.9505549969,99.6593869964,98.4994845575,99.6041488647,2865300
2019-10-07,99.7054203911,100.01841309,99.0242109021,99.2635574341,1460800
2019-10-08,98.3982459351,99.7238490335,97.53292091,98.6744155884,2802500
2019-10-09,99.0149894996,99.558121128,98.3890112121,98.7756500244,1636600
2019-10-10,98.5270887289,98.9505435652,98.1128414174,98.4258270264,2736900
2019-10-11,99.1899174447,100.469489832,99.042625101,99.7514572144,2554900
2019-10-14,99.8987432072,100.460282981,99.309587875,99.3280029297,1341300
2019-10-15,99.7422437537,101.353216795,99.6225739991,100.984992981,1760000
2019-10-16,100.506271895,100.782441415,99.2267000302,99.3739852905,2314600
2019-10-17,100.543107358,100.764038787,99.6593746173,99.8434829712,2018900
2019-10-18,99.705415891,100.285370653,99.3279915915,100.00920105,2207100
2019-10-21,100.220929223,100.340598969,99.2083120551,99.3371963501,3944900
2019-10-22,101.242753016,102.605171977,100.239343314,101.113868713,5708500
2019-10-23,97.578934148,99.1899071175,93.307554951,98.8677139282,9047500
2019-10-24,98.9597728062,99.6133667419,97.8090777736,99.2727584839,3304500
2019-10-25,99.493685048,101.804275339,98.9965840107,101.445259094,4234600
2019-10-28,101.831897817,104.197726237,101.831897817,104.01361084,4168500
2019-10-29,103.562555639,103.847925767,102.641999589,102.798492432,2987800
2019-10-30,102.522303847,104.216123179,102.421042146,103.765052795,2424700
2019-10-31,103.433658401,105.560140219,103.102257725,104.897338867,4124400
2019-11-01,105.007819526,105.412866401,103.387639047,103.571754456,2629100
2019-11-04,104.243761856,105.247171571,103.903160624,104.124092102,3002100
2019-11-05,103.976776798,104.096453549,101.730625378,102.411834717,3357300
2019-11-06,102.706421048,105.210334209,102.651189941,104.777671814,3973700
2019-11-07,105.155098665,105.523315389,103.129871565,103.811080933,3076200
2019-11-08,103.700640135,104.547550013,103.1943315,104.510726929,2224100
2019-11-11,104.446285552,105.13670257,103.30479805,103.838722229,1770200
2019-11-12,103.811067073,104.980176789,103.516489519,104.179290771,2273200
2019-11-13,103.903144447,104.510707674,103.332397274,103.829498291,3250600
2019-11-14,103.871161068,104.028553944,102.769396806,103.130477905,2627100
2019-11-15,103.074959982,105.380326244,103.074959982,104.797042847,4857400
2019-11-18,104.63961718,105.667311768,104.491484778,105.611763,3361600
2019-11-19,105.574731784,107.50976301,105.315494774,106.565391541,3781600
2019-11-20,106.435794069,107.324609881,105.593273618,106.111747742,3638200
2019-11-21,106.195052915,106.954250066,104.889607341,106.241348267,2909500
2019-11-22,106.556129548,108.028235501,106.204308905,107.583824158,3120100
2019-11-25,107.954181485,109.676264213,107.954181485,108.759674072,2939300
2019-11-26,108.759656988,109.35220073,108.324506132,108.407829285,4704900
2019-11-27,109.000385317,109.157778211,107.97269067,108.731887817,1798200
2019-11-29,108.537439161,109.287375681,108.481883337,108.648536682,1243900
2019-12-02,108.805948275,109.481822252,107.491242252,108.083786011,2199700
2019-12-03,107.769011475,109.176301282,107.324600078,108.889289856,2786000
2019-12-04,109.509593013,110.028067019,108.852240024,109.870674133,2597000
2019-12-05,109.620696138,111.027985733,108.824464175,110.88910675,3003200
2019-12-06,111.074293062,111.7594205,110.713211908,110.768760681,2462800
2019-12-09,110.666934258,111.879796428,110.12068573,111.324287415,2335100
2019-12-10,111.620534833,112.166790305,111.20390493,111.703865051,3592600
2019-12-11,111.620553363,112.21309722,111.083565348,111.824241638,3438100
2019-12-12,111.620556176,112.888974156,111.620556176,112.676025391,2959400
2019-12-13,112.935245049,113.129672803,111.768671462,112.518608093,3343900
2019-12-16,113.944418522,115.046182856,113.009307557,113.740730286,3468400
2019-12-17,114.805474609,117.610800802,114.166635434,116.036857605,6718800
2019-12-18,118.397760472,120.342045127,118.221853679,119.879119873,8173000
2019-12-19,119.508793029,121.277171005,118.823658523,121.14755249,4423400
2019-12-20,122.66594498,126.841525893,121.508631788,122.61038208,9229900
2019-12-23,122.573329622,122.749243453,121.314172557,121.425270081,2473400
2019-12-24,121.351262592,121.48088113,120.480960641,121.388290405,1215800
2019-12-26,121.286420003,121.934512552,120.971634212,121.416038513,1272000
2019-12-27,121.814178659,121.999345967,121.138297503,121.767883301,2161300
2019-12-30,121.767882,122.147470031,121.166070598,121.564193726,1856200
2019-12-31,121.453046681,121.767846549,120.823475201,121.684509277,1549800
2020-01-02,121.999346468,122.453004254,121.036453862,122.406723022,2204200
2020-01-03,120.638342289,122.6474365,120.573525962,121.999343872,1963500
2020-01-06,121.675276606,122.730745659,121.230872301,122.452987671,2102900
2020-01-07,121.934473662,123.0732655,121.934473662,122.684410095,2448300
2020-01-08,122.638173233,124.258411737,122.221529173,123.79548645,5188600
2020-01-09,124.573210502,126.248997954,124.073243228,125.841621399,4522800
2020-01-10,125.711952814,128.017325151,125.480490239,127.767341614,4177600
2020-01-13,127.952545548,129.609825975,127.665534133,128.637680054,5117100
2020-01-14,128.683954755,130.452318318,127.878455284,130.220855713,4685200
2020-01-15,130.156044218,131.183738674,129.628302736,130.646743774,3676500
2020-01-16,131.313387644,131.443006158,129.480207476,130.94303894,3794800
2020-01-17,130.43384858,131.230080732,129.026551588,129.230239868,5393200
2020-01-21,129.156186388,131.072704322,128.165519252,130.461639404,4849500
2020-01-22,130.776343185,131.702193402,130.257869324,131.063354492,2742100
2020-01-23,130.776422957,131.230094926,129.508011906,130.739395142,3138700
2020-01-24,131.331873625,131.461492105,128.415436639,128.758010864,3183300
2020-01-27,127.156306195,128.785812142,127.156306195,128.054382324,2826400
2020-01-28,128.406217226,129.50798166,127.98031975,128.933944702,2649100
2020-01-29,129.165426508,130.674567675,128.665473344,129.545028687,2815500
2020-01-30,127.934006178,133.063225493,127.859950575,132.091079712,5243400
2020-01-31,132.25773739,132.25773739,129.128358468,129.285751343,3913500
2020-02-03,130.109771005,131.072663447,129.322792421,130.544921875,5137800
2020-02-04,131.748546964,133.387306529,131.267100683,132.804016113,3177500
2020-02-05,134.044659764,136.433356204,133.813197095,136.424102783,4060900
2020-02-06,136.785138263,136.905489204,135.924090075,136.377761841,3285000
2020-02-07,136.303723943,136.303723943,134.600162261,135.553787231,2670400
2020-02-10,131.007864081,134.757561956,130.656036321,134.72052002,4892100
2020-02-11,134.924194657,135.044559747,132.563272965,133.553939819,2976400
2020-02-12,133.942779559,134.155721201,132.850282836,132.868789673,3953200
2020-02-13,132.952581117,133.771557177,131.956779388,131.966094971,3455500
2020-02-14,132.384828901,132.449981151,130.821345295,131.333190918,2273700
2020-02-18,131.240165801,132.114978399,130.78414254,131.23085022,2858200
2020-02-19,131.798530569,132.003274522,130.62591773,131.063323975,3082800
2020-02-20,131.807901147,132.906060807,131.407714454,132.152236938,3417000
2020-02-21,131.538001293,132.757149907,130.598050379,132.189453125,2900900
2020-02-24,129.620883041,131.770681476,128.308663617,128.569244385,4727400
2020-02-25,129.304432649,129.574314732,125.284020339,126.019241333,3401600
2020-02-26,126.596246482,127.517594571,124.064878783,124.269622803,4659000
2020-02-27,124.083462782,125.330529335,120.100285238,120.230575562,4292800
2020-02-28,117.615459573,118.006337687,113.083201888,117.382797241,7898300
2020-03-02,118.881124375,123.776341054,117.457232264,123.627433777,7355700
2020-03-03,124.036956305,126.242590935,119.765278781,121.272926331,6936600
2020-03-04,123.804297748,131.091284795,123.7763794,130.644577026,5301900
2020-03-05,128.783257148,132.068448104,127.992199547,130.430496216,6882100
2020-03-06,126.68000944,132.487267617,126.149546592,131.649688721,8010700
2020-03-09,124.725607963,131.15638305,124.064840792,126.30770874,5351300
2020-03-10,129.574312642,132.087063195,125.377088939,131.398391724,5961200
2020-03-11,129.788378376,132.003314407,127.8619272,130.309539795,7211800
2020-03-12,121.719628146,127.03364244,117.196678617,117.280433655,7836300
2020-03-13,123.729808419,129.704574585,119.597723695,129.704574585,6841700
2020-03-16,121.915064698,129.062444881,119.355778989,120.407417297,6619700
2020-03-17,123.971789971,133.631919306,122.008119531,133.268966675,8909200
2020-03-18,126.884742209,134.013520382,124.78147957,133.166625977,6734600
2020-03-19,132.608227212,133.064236292,122.026734748,123.860115051,6554800
2020-03-20,122.994648274,123.078403325,111.891998828,113.911506653,9113500
2020-03-23,112.562036069,118.080786999,108.941810664,110.793807983,7299300
2020-03-24,114.693218513,115.958902137,109.267538454,114.367492676,6827300
2020-03-25,111.789609174,117.392115472,110.942714806,113.483390808,6472100
2020-03-26,114.739779767,126.32637051,113.483404339,125.03276825,6723600
2020-03-27,121.589349013,128.066675649,121.170559587,124.809402466,4717400
2020-03-30,124.586021797,131.938160056,124.250987468,128.839096069,5057400
2020-03-31,127.461808101,132.170894011,125.191020223,129.099746704,7560100
2020-04-01,124.706998026,127.675771371,123.757731826,126.95916748,3297900
2020-04-02,125.963409386,132.896744984,123.804295835,132.319732666,4725000
2020-04-03,131.147131127,134.57192881,128.857741217,129.974517822,4013200
2020-04-06,132.403477541,133.548172183,130.570097316,131.789245605,4159900
2020-04-07,133.20383897,134.758021598,130.337437419,132.040527344,3900600
2020-04-08,132.198752949,137.038127093,130.756243508,136.079559326,4006600
2020-04-09,134.488156866,136.247083889,133.59474128,135.623550415,4415300
2020-04-13,134.916248452,136.423895979,132.97119456,134.404388428,2289000
2020-04-14,137.066043204,141.039920139,134.060049603,140.630432129,3809600
2020-04-15,138.610926296,142.761614739,138.210739663,140.695571899,3614400
2020-04-16,142.286982941,144.799733423,141.458705562,143.99937439,3512900
2020-04-17,144.641495972,146.735456658,142.417244967,146.38180542,3709900
2020-04-20,145.767686004,149.090098481,144.81841921,146.847229004,2562200
2020-04-21,144.632213857,144.995166523,140.909616586,142.082229614,4270200
2020-04-22,143.887687088,146.372518985,142.919818076,145.842056274,3278000
2020-04-23,146.279474377,151.286372984,143.32001593,148.838760376,5692900
2020-04-24,150.765194451,153.464071881,149.471592424,151.630691528,4414000
2020-04-27,152.626481687,153.091806326,149.573953189,150.104415894,3210300
2020-04-28,149.778706823,150.746575887,145.73037652,146.391143799,3270200
2020-04-29,146.819231095,147.070510386,143.943528114,144.399551392,3240700
2020-04-30,144.436810903,146.093366007,142.649965427,143.915649414,4175800
2020-05-01,143.059401996,143.87837787,141.058511815,142.975646973,2576400
2020-05-04,143.924917941,145.181300258,140.770017177,142.649932861,2228500
2020-05-05,143.133893597,148.178012101,142.156708798,146.940246582,2862600
2020-05-06,147.470701591,147.9174093,145.507030903,145.81413269,1964800
2020-05-07,146.577291148,146.754116818,142.128787828,142.361450195,2330600
2020-05-08,143.506148835,143.710892859,141.970582853,142.863998413,1966600
2020-05-11,142.826758173,148.410654324,142.463805492,147.554458618,3196200
2020-05-12,148.782918778,150.20681126,146.661039229,146.782028198,2329400
2020-05-13,146.139853589,148.29896671,145.2185057,146.977432251,2650000
2020-05-14,145.808687035,148.623124255,143.817067114,148.090164185,2393900
2020-05-15,148.323878012,149.146695068,145.892793247,148.884887695,2824500
2020-05-18,150.857842647,151.820923081,146.902666966,147.69744873,2703700
2020-05-19,146.659565528,148.791434303,145.191560536,146.519302368,2339400
2020-05-20,145.182193387,147.201848475,141.759978247,143.181228638,3780800
2020-05-21,143.199931411,143.199931411,139.992783285,142.386459351,3049800
2020-05-22,142.330363583,142.648270573,140.413547939,141.339233398,2355000
2020-05-26,141.292478211,141.90024241,137.599110098,138.347137451,5013400
2020-05-27,138.543458827,138.543458827,134.289067464,136.233932495,5376100
2020-05-28,137.851535937,142.218140806,136.991309613,140.862335205,3982700
2020-05-29,141.806756155,143.658112904,140.198502247,143.012939453,9466300
2020-06-01,144.434175937,144.920395837,141.086764723,142.545410156,5233800
2020-06-02,142.199461904,144.06952319,141.227022046,143.863815308,3269400
2020-06-03,143.377581203,144.359366135,141.049364264,142.62020874,3190300
2020-06-04,142.321033643,143.564611958,139.983456819,140.918487549,3328700
2020-06-05,139.974055447,141.900215891,138.702413465,139.515899658,4578800
2020-06-08,137.215718475,139.553294599,137.000665466,139.515899658,4076400
2020-06-09,140.020846055,141.890907438,139.422426983,139.441131592,4302100
2020-06-10,140.217180269,142.498642708,140.104966907,141.189605713,4940200
2020-06-11,141.984431533,142.349092971,133.756157706,134.719238281,4547400
2020-06-12,136.084371222,136.869807907,132.278803428,134.214309692,3973200
2020-06-15,132.774341687,133.615863498,130.605063904,132.325531006,3709900
2020-06-16,146.163992145,156.552168549,144.929744888,153.073867798,15029300
2020-06-17,153.560052737,153.681611266,149.043853777,149.576828003,4711200
2020-06-18,148.856875452,152.38194497,147.92184481,150.605392456,3631600
2020-06-19,151.69001142,151.923769072,147.977938768,149.548797607,6004900
2020-06-22,148.838187498,150.98876107,148.59508464,150.025680542,2647300
2020-06-23,150.437031824,152.288387914,148.623070669,148.987731934,2771500
2020-06-24,148.249085407,149.408514071,146.173316601,146.827835083,3096000
2020-06-25,147.398192866,152.774617709,146.528621435,152.279052734,3735400
2020-06-26,151.783522288,153.148659003,149.773197894,152.251037598,5290400
2020-06-29,153.204767228,153.54137881,150.567974127,152.148178101,2640300
2020-06-30,152.512845575,154.439006376,151.755473052,153.513320923,3296300
2020-07-01,153.644271935,154.719551676,151.961213597,152.690536499,2065100
2020-07-02,153.410467229,154.064985752,151.8209039,153.223449707,1960200
2020-07-06,153.775153994,157.945382893,153.354378768,156.047271729,2760100
2020-07-07,155.327231876,157.440409526,154.532464666,155.916305542,3273300
2020-07-08,156.000495654,158.786897004,156.000495654,158.141723633,2781800
2020-07-09,158.842995978,159.656467999,153.073859139,155.63583374,2955200
2020-07-10,155.345981181,155.345981181,152.166882892,152.74659729,2245100
2020-07-13,153.915416143,156.150139121,150.577349435,151.549789429,3455600
2020-07-14,152.297772842,154.064979921,151.035475956,153.232803345,2642900
2020-07-15,154.457733321,155.663916722,153.251535652,154.700836182,2346200
2020-07-16,154.233290174,154.691460291,152.035976887,154.280044556,1486800
2020-07-17,155.252417429,156.393155482,154.382846139,155.177627563,2935800
2020-07-20,155.673305435,156.814044317,154.962672794,156.187561035,1806200
2020-07-21,156.028537363,156.365148919,154.055622407,154.560546875,1540700
2020-07-22,154.784981306,155.074852818,151.783540642,154.130462646,1686500
2020-07-23,154.523205877,154.710223476,150.343616491,151.026199341,2408800
2020-07-24,150.979390629,150.979390629,148.15559425,149.17477417,2247900
2020-07-27,149.230865995,151.231830593,148.286476106,150.072387695,2709700
2020-07-28,151.16640709,154.663426941,150.867204694,152.082733154,3483100
2020-07-29,151.970533719,152.438049054,150.633446709,151.241210938,3108900
2020-07-30,148.155590874,148.202345256,140.675346318,143.059677124,6638100
2020-07-31,143.181270399,143.377618877,139.076485774,140.525772095,5342700
2020-08-03,142.872685008,143.854470036,141.395334881,142.910079956,3615000
2020-08-04,143.414963436,145.864738452,143.143796638,144.789459229,3260000
2020-08-05,147.089648593,147.257961505,143.34018135,144.312606812,2386400
2020-08-06,143.854444694,145.397239275,141.189602126,142.947463989,2176200
2020-08-07,143.022311485,143.527221819,141.73196447,142.994247437,2017100
2020-08-10,142.994218136,143.517847239,141.685181046,143.059677124,1745200
2020-08-11,143.190611053,143.190611053,140.441618316,140.843688965,2103400
2020-08-12,140.993253085,143.218630402,140.815609261,142.638916016,2430400
2020-08-13,141.708751107,142.526188552,140.740961716,141.370498657,2077700
2020-08-14,140.750307118,142.52612814,140.139566221,141.022781372,1538000
2020-08-17,141.802704893,143.475171396,141.276537589,142.375854492,2704700
2020-08-18,142.958370898,143.897959308,142.018782488,143.86038208,1959700
2020-08-19,144.518083104,145.081841854,142.826821192,143.089904785,1938800
2020-08-20,143.334235105,143.616114536,141.73693745,142.19732666,1830200
2020-08-21,142.197311378,142.206716438,139.012107133,140.242965698,3112000
2020-08-24,140.985224294,141.31407159,139.293962522,140.487243652,2268400
2020-08-25,141.276516085,142.169122221,140.289945372,140.637588501,2216100
2020-08-26,140.177201963,140.430894856,138.504735683,140.242965698,3029700
2020-08-27,141.483181176,141.821433473,139.942257229,139.970443726,3146100
2020-08-28,139.84834758,140.139617719,138.100712413,138.438964844,2102600
2020-08-31,138.448386528,139.801382075,138.147711293,139.425552368,4430700
2020-09-01,139.63224103,140.186594778,137.790641348,138.401382446,2358700
2020-09-02,137.922153872,140.938238484,137.659070307,140.515426636,2406800
2020-09-03,142.995980488,144.10468807,138.551730761,140.017486572,4226100
2020-09-04,139.782570578,143.362400095,139.012101206,141.793289185,4361800
2020-09-08,141.83085655,142.169108924,139.528867992,140.289932251,4351200
2020-09-09,141.520810696,144.809370339,141.229540564,142.789260864,2328500
2020-09-10,140.825508797,141.502013567,136.916817756,137.386611938,3961300
2020-09-11,138.645665523,140.177199241,138.006752276,139.14364624,3001400
2020-09-14,140.083232001,141.417445817,138.561103371,139.998672485,3072500
2020-09-15,140.900681715,142.695284649,140.393295954,141.013427734,2923500
2020-09-16,142.554368354,143.456365285,141.680543593,141.840286255,3618800
2020-09-17,141.060445035,143.456384562,140.430922376,143.259078979,3620700
2020-09-18,142.855040764,145.166434969,142.855040764,144.856369019,13209800
2020-09-21,143.916737159,144.377140584,140.0550287,142.046951294,3501600
2020-09-22,141.793287597,142.413419377,140.139602853,140.806716919,2926400
2020-09-23,140.9852262,142.432185863,139.71677627,140.759719849,3545700
2020-09-24,140.242956557,140.618800512,138.467135091,139.820144653,3424200
2020-09-25,139.425545397,141.314113236,138.918173885,141.182571411,2440600
2020-09-28,141.877877353,142.422840457,138.965146984,139.153076172,2427100
2020-09-29,139.040272094,139.472489019,137.114113219,137.424179077,3308300
2020-09-30,137.555707698,139.481866389,136.296662942,139.077850342,5083900
2020-10-01,139.369172737,139.726220978,135.357125574,135.573226929,3809200
2020-10-02,134.990708461,138.063167562,134.614878711,136.437683105,3880000
2020-10-05,136.306110084,138.561116741,135.469862558,137.771865845,2790600
2020-10-06,138.053687047,138.899325028,135.234922453,135.422851562,2409200
2020-10-07,139.547668911,140.834900391,137.978558051,139.961090088,4602800
2020-10-08,143.193253757,144.640227794,141.40804169,144.226806641,4686100
2020-10-09,144.781158999,147.656296929,144.762377556,147.402618408,4590600
2020-10-12,147.355661782,147.656322638,145.091250123,145.157028198,3242700
2020-10-13,143.757024121,145.006678404,139.57585864,141.013427734,5963900
2020-10-14,141.295295072,141.502005647,138.786595997,139.491287231,2710200
2020-10-15,137.659072655,138.034916566,136.597347656,137.912765503,3785900
2020-10-16,138.222861327,139.416142706,137.179917545,137.292663574,2918900
2020-10-19,138.119470225,138.504704841,133.618848898,134.173202515,3158900
2020-10-20,134.699380271,135.413462223,133.524894887,134.915481567,2188700
2020-10-21,133.69404715,134.671227261,132.679304143,132.773254395,1983700
2020-10-22,132.979951118,133.665846667,132.29405557,133.092697144,3056600
2020-10-23,133.647068418,135.958448013,133.158478402,133.778610229,2427200
2020-10-26,133.327609056,133.694048016,131.589378846,133.139694214,2947100
2020-10-27,124.984050396,127.859188546,123.903515156,123.93170166,11374600
2020-10-28,122.57869316,125.998793921,122.437746316,123.377334595,6188000
2020-10-29,124.025681042,125.087420627,122.503552272,124.542457581,4099900
2020-10-30,123.800189065,125.059248688,121.404249599,122.578735352,4335300
2020-11-02,124.533054195,125.857877428,122.137114975,123.678039551,3449500
2020-11-03,125.566592195,125.970622659,122.804200027,123.06728363,3628400
2020-11-04,126.759843983,142.798606656,126.759843983,139.61340332,12211700
2020-11-05,138.758412466,139.82015198,135.958442959,136.728912354,5731000
2020-11-06,136.287314197,138.485947837,130.696765514,134.116867065,6229800
2020-11-09,133.928918686,136.005415273,132.106129309,133.731613159,5493800
2020-11-10,138.683234518,140.186567149,135.103391163,137.706054688,5377000
2020-11-11,138.833597156,138.833597156,134.708804049,136.014831543,3046800
2020-11-12,134.985378992,135.485932756,132.086029214,133.190994263,3463400
2020-11-13,134.513182178,135.249840016,133.464894111,134.4659729,2142700
2020-11-16,135.108207084,136.279288601,132.218295222,132.775497437,4957600
2020-11-17,131.812158834,134.069312683,130.905513059,133.351547241,3619200
2020-11-18,134.012666107,134.503766614,132.341059645,132.378829956,2795100
2020-11-19,132.454377195,135.892051721,131.198301871,135.438735962,4626100
2020-11-20,134.900395321,138.914163837,134.900395321,137.403106689,5063800
2020-11-23,137.450328446,137.525883472,133.313795258,135.410400391,3794200
2020-11-24,135.419838216,137.544774664,135.155402834,136.845901489,4127000
2020-11-25,136.845895551,137.261440966,134.68318889,136.704238892,3223700
2020-11-27,137.554207468,139.698036179,137.280333124,139.244720459,1754000
2020-11-30,138.205879296,139.934162872,136.845917504,137.554229736,5842200
2020-12-01,138.536402588,139.830248058,137.185880046,137.469207764,3954400
2020-12-02,137.280372102,138.914208482,136.354848041,137.091491699,3757400
2020-12-03,137.601425913,138.356961691,135.174283976,136.099807739,4059600
2020-12-04,136.062059654,140.453589569,135.995943598,140.19859314,3058600
2020-12-07,139.112489503,140.085236899,138.338061411,139.225814819,2637200
2020-12-08,138.810305275,141.794664274,138.744203627,141.001358032,2754400
2020-12-09,145.997310438,150.105527054,145.137888158,149.217773438,8364400
2020-12-10,150.983784897,152.995395637,149.387719514,152.050979614,6430600
2020-12-11,150.842142482,152.220981935,150.21882439,151.144348145,3441900
2020-12-14,151.758227099,153.26928423,149.057196447,149.132751465,4390100
2020-12-15,150.568281181,158.879147359,149.264996509,158.12361145,6974300
2020-12-16,160.258008561,163.5634657,157.481422258,162.486831665,6009900
2020-12-17,162.184608352,164.233990009,161.589635878,163.034591675,3521100
2020-12-18,162.930696066,163.280125469,159.60634682,161.872940063,7356400
2020-12-21,159.492991683,159.606317001,156.584188437,159.398544312,3655900
2020-12-22,158.388087203,159.030283464,156.650350004,157.453109741,2447900
2020-12-23,158.142467973,158.661899693,156.27252819,156.281967163,1697300
2020-12-24,156.631448446,158.605275046,156.631448446,157.39642334,627200
2020-12-28,157.915826825,158.284148537,156.026994572,157.245285034,1482000
2020-12-29,157.368054985,158.425796376,156.688074259,157.320831299,1712000
2020-12-30,158.133065726,159.030258319,157.415300124,157.726959229,1413300
2020-12-31,157.783624383,159.73855846,157.046966476,159.455230713,1643600
2021-01-04,159.625268435,160.059691921,154.03432492,156.300918579,3164800
2021-01-05,156.00812241,157.396415449,154.128728888,157.075317383,2322600
2021-01-06,153.920964129,157.981957091,153.911525154,155.18649292,3619700
2021-01-07,155.054253366,157.830839453,152.787660125,156.612548828,3025500
2021-01-08,156.980821724,157.585247361,155.488642781,157.160263062,3438100
2021-01-11,174.716982866,178.77797508,171.902626853,175.604736328,11396500
2021-01-12,172.629829426,173.999244433,167.577211444,168.861618042,7179300
2021-01-13,169.834355949,177.191351328,169.371586853,175.189193726,7303900
2021-01-14,174.971980143,178.456877963,174.320330709,176.313049316,4413200
2021-01-15,176.416956655,181.120145499,176.416956655,180.166290283,6624600
2021-01-19,185.105560179,188.429908968,183.282843978,187.44770813,7729100
2021-01-20,187.721639471,190.554888484,187.636631048,190.073226929,5335800
2021-01-21,192.377553163,193.340861602,187.003823347,191.102600098,8698800
2021-01-22,190.809878663,195.059752364,189.412146459,194.681991577,6128800
2021-01-25,196.665247298,200.716786716,196.523576213,200.546798706,5959100
2021-01-26,200.73569119,201.377887369,198.894082252,200.896240234,6601500
2021-01-27,199.33795832,200.235150936,193.699791772,196.032501221,7358000
2021-01-28,196.43856195,200.065116558,196.032469917,198.440719604,5460400
2021-01-29,200.178489363,205.88275759,193.095366969,196.410263062,8401700
2021-02-01,197.817410762,198.223502784,191.810923543,191.848693848,5383800
2021-02-02,193.019798445,194.455300774,186.380553337,186.578872681,5314600
2021-02-03,186.814952094,189.440427779,185.946090985,186.012207031,3679000
2021-02-04,185.870553058,190.658750188,184.765587816,190.413192749,2924300
2021-02-05,190.413153779,191.64089749,189.685963818,190.554824829,2732200
2021-02-08,191.130949288,194.955823252,190.687072535,194.332519531,2909300
2021-02-09,192.424802185,193.558098751,189.185461512,190.498199463,2661300
2021-02-10,193.104790869,194.124762143,190.432091165,193.02923584,3062700
2021-02-11,192.393838294,193.6361879,191.208387988,192.11882019,3544700
2021-02-12,191.236820563,197.467553763,190.762640483,196.585571289,2611300
2021-02-16,195.343222914,196.775256025,193.095613951,195.13458252,2741900
2021-02-17,194.423343138,196.016595994,193.721565766,195.798477173,3329900
2021-02-18,194.698344912,194.812143501,190.572972403,190.734191895,3919400
2021-02-19,190.7437177,192.403348277,189.985026543,190.544555664,3434900
2021-02-22,188.894339262,191.198861604,187.737353366,190.316879272,2263600
2021-02-23,189.966031635,193.759472481,188.42019986,192.023971558,3287700
2021-02-24,191.255816093,195.798469942,191.217888049,193.958648682,2848800
2021-02-25,193.057709734,194.935459042,191.331687073,193.294799805,2386700
2021-02-26,196.026069609,196.301102198,191.62567843,194.309539795,3887900
2021-03-01,195.153551541,197.486523889,194.205191386,195.807922363,2797400
2021-03-02,198.102946695,199.108206116,193.560308046,193.598236084,3445300
2021-03-03,192.86802028,193.759481234,189.397032747,191.568771362,3660300
2021-03-04,193.266313634,194.167267377,188.353814875,190.184143066,4308400
2021-03-05,190.639375912,196.945965601,190.50660606,196.234695435,3875900
2021-03-08,196.310539613,199.999659802,195.665661694,196.338989258,3300300
2021-03-09,197.581330572,201.204072932,195.419070802,195.466491699,4227300
2021-03-10,196.206201641,197.296809863,193.835301619,194.840560913,3400200
2021-03-11,195.845863298,196.547655068,193.721545672,194.613006592,4037300
2021-03-12,194.309491673,197.695144026,191.834271344,197.334762573,4541400
2021-03-15,183.042977628,183.204197108,178.481367864,179.391799927,12388500
2021-03-16,181.648911637,181.724782191,177.561481371,181.04196167,6194200
2021-03-17,179.932360619,180.027202419,176.92606079,177.087280273,5134200
2021-03-18,176.413999447,177.428737515,174.308638276,174.431915283,4240000
2021-03-19,175.16214663,176.205348761,174.3844987,174.77331543,6048600
2021-03-22,174.545697229,176.309647775,173.739585273,176.243255615,2666600
2021-03-23,175.778537166,177.020886489,173.786975317,174.194763184,3284700
2021-03-24,174.213768754,174.346538605,170.534140957,170.86605835,3931500
2021-03-25,171.653184694,174.156854875,170.913464945,173.635253906,2630500
2021-03-26,174.545687274,176.309637719,173.199017607,175.740615845,2868200
2021-03-29,175.12419954,177.978758558,174.033576618,176.717437744,3002600
2021-03-30,175.949256531,177.210577261,175.171608737,175.920806885,2523600
2021-03-31,175.98720299,178.234811954,175.693199183,177.172653198,3621300
2021-04-01,177.17268167,178.358132068,175.124219909,175.67427063,2340400
2021-04-05,176.006164915,176.30015426,173.644757294,175.342315674,2864800
2021-04-06,175.152644922,176.044105812,173.066255409,173.360244751,2488400
2021-04-07,173.455065449,173.720605133,171.861827345,172.905029297,3406600
2021-04-08,173.502477413,174.469808767,173.047268617,173.180038452,2393200
2021-04-09,173.104204876,175.579425845,172.990406271,174.962997437,2611200
2021-04-12,173.957693098,174.441366029,171.539386323,172.430847168,2876100
2021-04-13,171.823910093,174.156882769,171.823910093,173.104202271,3089100
2021-04-14,173.161080355,174.94400211,172.64897223,173.549911499,2002100
2021-04-15,174.299065256,178.026127307,173.938698322,176.319076538,2586600
2021-04-16,177.703743859,180.472953983,177.229563746,179.477172852,3731800
2021-04-19,179.467707568,181.023017875,178.358127759,179.847045898,2966400
2021-04-20,180.577252868,183.507682149,180.349641231,180.766921997,2460900
2021-04-21,181.6678557,183.04297493,179.998747159,181.089355469,2219800
2021-04-22,180.188406274,181.392827567,177.106236166,177.39074707,2982600
2021-04-23,177.371832317,179.363394809,177.371832317,178.974563599,2482800
2021-04-26,178.832294041,178.908150125,176.451900622,177.552001953,2797500
2021-04-27,174.498263215,176.27169202,171.454020843,172.800704956,6838700
2021-04-28,172.079943504,172.601544472,169.358154548,171.226425171,4682800
2021-04-29,171.710068849,173.199001078,170.704809508,172.79119873,2432500
2021-04-30,172.449789472,174.450829773,171.833361222,173.331771851,3103900
2021-05-03,173.540388888,176.726878833,173.473996747,176.319076538,3197000
2021-05-04,177.845999893,180.264321471,177.134729692,178.481399536,3703500
2021-05-05,178.908165443,183.57411087,178.452956549,182.853347778,4274400
2021-05-06,181.658419097,184.076740766,179.543579672,183.877578735,3101600
2021-05-07,184.759544797,186.134664221,183.887040661,185.328552246,2526700
2021-05-10,186.039828142,186.457108966,183.507708016,184.702636719,2242000
2021-05-11,183.403345019,185.641475261,183.042963578,184.693115234,1850200
2021-05-12,184.693136151,185.546654484,182.777444628,183.223175049,2397400
2021-05-13,183.127942917,186.804790623,182.651667383,185.690307617,2174300
2021-05-14,186.423794609,187.909772098,185.67127105,186.90007019,1823700
2021-05-17,187.15722466,190.138714073,185.833179293,186.252304077,2466000
2021-05-18,185.747428201,187.033377748,184.394807647,185.394989014,2369400
2021-05-19,184.423383907,188.024025216,183.947108448,187.185775757,3070500
2021-05-20,187.804943702,191.538941581,186.861913055,190.062484741,3494400
2021-05-21,190.510190746,192.339086833,190.005339903,190.395889282,2579000
2021-05-24,191.462756433,193.958435473,190.548301052,191.481811523,2074900
2021-05-25,191.87234149,192.272425702,189.69100609,189.767211914,2919100
2021-05-26,189.776717615,192.834412494,188.843221773,191.453216553,2891300
2021-05-27,191.12936508,191.824737822,186.223732917,189.748168945,9340300
2021-05-28,189.671951219,192.682015879,189.109949615,190.262542725,2386000
2021-06-01,190.815028399,191.357974925,187.347728713,189.005172729,3070200
2021-06-02,189.567156782,191.386532561,188.843223302,189.681472778,2030300
2021-06-03,189.548106118,193.977461926,189.186132131,193.082061768,3066600
2021-06-04,193.167856444,194.749094965,191.739029607,192.434402466,2817700
2021-06-07,192.405742052,222.258680748,192.253330435,211.961608887,17231400
2021-06-08,211.190082611,211.72350883,207.056000342,210.227996826,4618500
2021-06-09,210.847148623,215.971862607,209.80885709,215.276504517,4934900
2021-06-10,216.200502943,224.659160526,215.514665056,222.458755493,5598200
2021-06-11,216.257655628,218.696183899,211.047200417,213.45715332,5636000
2021-06-14,213.590515328,215.90522191,212.437936711,215.371795654,2720700
2021-06-15,215.371767675,215.905193862,212.295017755,212.91418457,2188900
2021-06-16,212.923757524,213.714376724,209.751760449,210.285186768,2548800
2021-06-17,209.81841529,212.514136396,209.81841529,211.666366577,1890700
2021-06-18,209.970793793,210.561385251,207.960925291,208.180007935,4016600
2021-06-21,208.703923301,213.152334586,207.732317242,212.104522705,3671300
2021-06-22,212.066460522,212.99995655,210.047042263,210.932922363,1658800
2021-06-23,211.647324848,211.694955309,206.703582463,206.798843384,2419600
2021-06-24,223.773319657,228.012169467,219.486839382,221.915847778,12290500
2021-06-25,222.058671836,222.41112557,218.505660878,219.296279907,6992200
2021-06-28,218.134208812,218.972458457,216.114805067,217.391220093,2507500
2021-06-29,217.419765574,220.420295408,217.038750988,218.486618042,1621200
2021-06-30,219.172463131,219.896411216,218.191336732,218.629516602,1786700
2021-07-01,218.619973957,220.515555673,217.810314331,220.163116455,1977300
2021-07-02,220.963274327,223.09699397,220.353642219,222.858856201,1994000
2021-07-06,222.544527865,224.401999684,222.163498687,224.249588013,3125400
2021-07-07,223.544632249,225.364007908,222.382533554,224.630554199,3141500
2021-07-08,222.734979884,226.011757323,221.087070888,225.868865967,2431500
2021-07-09,225.916520034,227.154839247,221.706246337,223.83996582,4030100
2021-07-12,224.011429816,226.707151045,223.992374725,224.811569214,2928600
2021-07-13,224.782981612,225.421189039,222.925510063,224.135253906,1974000
2021-07-14,224.601996237,225.973672017,223.592294492,225.135437012,2103400
2021-07-15,223.859008445,224.792518904,219.743995625,220.486984253,3611200
2021-07-16,221.468134101,221.982505308,220.239349559,221.430038452,2229100
2021-07-19,220.87755891,223.182730882,219.629719265,223.030319214,2305600
2021-07-20,223.849536214,226.469052064,222.839834249,223.868591309,2297800
2021-07-21,225.164042782,226.107059107,222.506416966,226.030853271,1651500
2021-07-22,226.021326438,228.326498382,225.154501439,227.173919678,1703500
2021-07-23,227.926389162,232.946336716,227.240551318,232.565307617,2448100
2021-07-26,231.06030507,233.641710163,231.06030507,231.669937134,2678800
2021-07-27,232.146236197,232.479620363,231.14605463,232.022399902,2116500
2021-07-28,231.822329707,236.613660023,231.126971554,234.813339233,1688000
2021-07-29,235.756395702,236.461288743,230.745982181,233.689361572,1924100
2021-07-30,233.279747916,234.279929432,231.117467483,231.946182251,1905100
2021-08-02,234.07034913,236.127862743,232.660577744,234.899078369,1958900
2021-08-03,233.136901642,247.063195263,231.946212665,243.843582153,5406200
2021-08-04,243.853046357,257.807912141,243.300565055,250.016052246,3892400
2021-08-05,250.787609364,252.911808417,248.93012341,251.654434204,2262400
2021-08-06,251.006687979,251.73060687,248.368103476,250.940002441,2155200
2021-08-09,252.025983173,260.084587238,251.949791868,254.483581543,3238500
2021-08-10,254.092987068,258.217520234,253.550026004,256.664886475,2060200
2021-08-11,256.798190136,258.084139647,250.197019466,251.568695068,2813300
2021-08-12,251.520891506,252.80142744,249.88674929,251.778900146,2100900
2021-08-13,251.473137367,253.900437129,251.348901241,252.486099243,1482300
2021-08-16,253.126474483,258.267752207,252.543526871,257.96194458,2623200
2021-08-17,259.127707698,263.628700738,255.3243034,260.608917236,2096100
2021-08-18,259.940015249,262.567988545,256.136610671,256.604858398,2527400
2021-08-19,254.34001515,259.787098466,253.651962828,258.401428223,1901000
2021-08-20,257.426747171,260.761875307,257.120939601,258.88885498,1536800
2021-08-23,260.217116937,260.80006434,255.821257816,255.935928345,2438800
2021-08-24,254.38779122,255.572758772,250.163909171,251.109970093,3736000
2021-08-25,251.119564322,252.782345324,249.695689978,252.161193848,2388500
2021-08-26,252.285406848,253.804849548,249.017151245,249.724334717,1732900
2021-08-27,250.871120361,251.454067835,247.105948686,248.2240448,1839700
2021-08-30,249.447209279,252.352322298,248.090206681,250.670410156,1300700
2021-08-31,251.176932223,251.941451124,246.417900495,246.828842163,2733400
2021-09-01,247.067715091,247.28749055,243.197424354,245.978286743,2956800
2021-09-02,245.987875275,248.204936244,245.089583833,248.052032471,1469700
2021-09-03,249.256096978,249.409000748,245.385820545,248.013793945,1124500
2021-09-07,247.507312032,249.246559602,243.120989037,243.493682861,2403700
2021-09-08,243.302565051,244.363311277,242.42337565,243.531906128,1542400
2021-09-09,242.05070718,242.748325247,229.035074754,229.35043335,4976600
2021-09-10,231.452793653,233.067805178,227.983878501,228.87260437,4633500
2021-09-13,229.388584504,230.449330529,224.715571383,227.400894165,2832800
2021-09-14,228.127191909,229.149704828,221.686263127,222.747009277,3826000
2021-09-15,223.215258647,228.757895736,222.718328742,223.358596802,2802500
2021-09-16,223.693076905,224.276009716,219.536095351,220.787963867,2958700
2021-09-17,219.517015643,220.587312881,218.102677628,219.889709473,4480000
2021-09-20,217.968881088,222.402988201,217.204376844,221.361358643,2803400
2021-09-21,221.762737951,223.349081832,219.545691507,219.956604004,2172800
2021-09-22,219.794117967,220.778412199,217.481503346,218.169555664,2529600
2021-09-23,219.125155498,223.807719432,218.848015652,221.877349854,1912300
2021-09-24,222.441226071,224.944963303,221.074672338,221.399581909,1642500
2021-09-27,219.765460699,220.807090242,215.598927944,216.353866577,2785900
2021-09-28,216.344274795,216.35382581,210.428944645,211.766830444,3583300
2021-09-29,215.407833993,221.170262256,214.595545405,220.138183594,3971000
2021-09-30,222.450776453,226.63642596,220.558639718,220.797546387,3786100
2021-10-01,220.749811683,221.399630969,215.446079525,219.402374268,2215700
2021-10-04,217.691745743,219.975692769,214.270600713,214.872650146,4784700
2021-10-05,216.39207696,222.240506743,216.13405371,220.682830811,2802000
2021-10-06,220.329287901,220.606427807,216.019416767,217.739547729,2462700
2021-10-07,218.953181069,223.721763469,218.838510533,222.833023071,2001800
2021-10-08,223.06238095,225.346328163,221.2753637,223.559310913,2563000
2021-10-11,226.196832467,227.429599051,223.234398505,223.30128479,1892300
2021-10-12,224.285576604,224.639168387,221.686270894,222.450775146,1719200
2021-10-13,223.683548901,227.362702951,222.469898908,225.948379517,2105700
2021-10-14,226.49306406,227.859617733,223.721752644,226.187271118,1824700
2021-10-15,226.884853004,228.681435579,225.355859278,227.324447632,2598300
2021-10-18,227.391377023,231.892385328,226.196843613,228.375671387,2546000
2021-10-19,228.452120279,231.787262766,228.452120279,231.557907104,1573200
2021-10-20,232.91488549,234.988593626,232.255500751,232.905334473,1537500
2021-10-21,234.080773875,234.080773875,229.18796949,230.468505859,1717700
2021-10-22,230.267828772,233.211146338,228.929942569,232.934020996,1960700
2021-10-25,233.803636729,235.342196331,229.847342693,234.176330566,2763100
2021-10-26,233.650707104,237.874574988,226.569510395,237.415878296,4533000
2021-10-27,237.578347042,243.168768895,237.301221724,239.069122314,3181300
2021-10-28,239.059565629,245.357141736,238.983113748,242.108016968,3386500
2021-10-29,242.518934286,245.089572352,240.598129935,243.455444336,3152000
2021-11-01,243.789905951,245.099124327,237.043184393,238.247268677,2735800
2021-11-02,240.101227746,247.794011636,238.333312376,245.45274353,3987800
2021-11-03,246.331884635,254.951656157,246.322348199,254.445175171,4382900
2021-11-04,253.699834164,259.079988991,253.499131521,258.974884033,4133400
2021-11-05,257.053952826,257.531766058,247.086775821,253.241012573,3745700
2021-11-08,252.27586612,255.066308727,247.650636705,248.969406128,2386100
2021-11-09,248.969436022,250.52711229,246.924409941,250.393310547,1963800
2021-11-10,250.374196024,254.196702833,249.991951175,252.906600952,2215100
2021-11-11,250.680015366,252.59126886,250.326438135,250.976257324,1739400
2021-11-12,250.976257248,251.685707856,248.243871778,248.934158325,1964000
2021-11-15,248.684866746,248.895759155,246.546889362,247.764465332,1903200
2021-11-16,246.355142175,249.605249462,245.42518795,247.083786011,2565700
2021-11-17,246.211357121,253.63191519,245.501906548,250.401000977,2873600
2021-11-18,251.187115633,252.912816938,249.097092456,250.544754028,1689200
2021-11-19,255.434359663,259.624003979,249.557341628,249.940856934,2786800
2021-11-22,251.398081126,253.095022013,248.435610123,249.691543579,1995400
2021-11-23,248.761591427,251.915820269,248.550669727,251.14881897,1986200
2021-11-24,251.925299074,254.005754623,249.31755409,251.187088013,2518500
2021-11-26,250.995411809,254.907045183,248.339741199,249.624435425,1495500
2021-11-29,249.288874457,251.493970219,243.996697292,244.313079834,4041700
2021-11-30,242.817418874,243.517287297,236.30763753,237.803253174,8265900
2021-12-01,239.145531494,244.763687952,237.659497578,238.848327637,3241400
2021-12-02,236.346044653,239.663241152,235.003814325,237.649917603,3817700
2021-12-03,241.724506219,243.018782442,233.048000144,235.444824219,4169700
2021-12-06,235.770766255,236.74867448,231.561944168,236.163848877,3491200
2021-12-07,234.160096425,235.310568889,231.485232949,234.994186401,4035800
2021-12-08,236.432331496,237.937529516,229.587002035,234.236846924,3636200
2021-12-09,234.399772439,235.761166525,232.731577901,232.87538147,2291100
2021-12-10,231.245587266,234.495680175,231.245587266,234.064254761,2380800
2021-12-13,235.377718814,240.353528201,235.329794033,238.273086548,3016700
2021-12-14,237.515681444,239.69198715,236.221390605,239.087997437,3424000
2021-12-15,251.254229261,264.16831588,246.594789007,263.919036865,10016700
2021-12-16,264.293071888,272.183399866,260.822445237,267.523986816,5546400
2021-12-17,265.251795881,265.251795881,254.379773823,256.383544922,7582900
2021-12-20,258.118711794,258.866519512,249.605190539,252.606018066,3479400
2021-12-21,253.104601278,254.974135605,249.816165943,253.948287964,2702500
2021-12-22,253.814091211,255.558986285,252.002107293,255.501464844,2721000
2021-12-23,257.946168375,263.909467223,255.67398407,261.829040527,2632200
2021-12-27,263.689037826,268.7319364,263.382237285,266.919952393,1677100
2021-12-28,267.81148215,267.869003576,264.503883088,265.021575928,1033900
2021-12-29,264.436741152,267.830622047,264.360026418,266.929443359,1112300
2021-12-30,267.66776892,269.067506202,264.964143925,265.807830811,1181500
2021-12-31,266.018663285,267.226671762,264.618926471,264.820251465,1315700
2022-01-03,263.084951869,263.084951869,256.03828456,260.515563965,2621300
2022-01-04,257.898265207,258.741951946,252.701937845,255.79864502,2340500
2022-01-05,257.092921107,257.677732092,249.672363711,249.892852783,3004200
2022-01-06,249.365575113,250.516033079,244.917070349,248.627334595,2863200
2022-01-07,249.020399446,250.468090403,246.115450132,248.790313721,2245100
2022-01-10,247.534377772,249.423076101,245.329296944,249.37512207,2576700
2022-01-11,250.794104806,251.580270201,246.45106033,251.493988037,2294000
2022-01-12,242.462710509,246.815351094,240.612369399,245.358078003,6562800
2022-01-13,243.584431504,244.955407782,238.292240125,239.366012573,3726500
2022-01-14,239.826213008,240.200116981,232.875423135,234.045074463,2894300
2022-01-18,232.731617767,238.26349183,232.0988527,236.873336792,3241200
2022-01-19,236.163848663,240.07546693,234.629875552,234.936676025,2487600
2022-01-20,235.444816598,237.717001065,232.491927678,233.095932007,2655400
2022-01-21,236.691162599,237.649892176,232.127600451,233.028808594,2788600
2022-01-24,232.539824796,233.699879207,223.07715543,230.49772644,3712800
2022-01-25,227.036750404,231.56195521,225.416495066,229.577392578,2525100
2022-01-26,229.740382026,232.424813241,226.173906693,228.043426514,2913200
2022-01-27,230.075923171,233.230151718,226.030083126,226.950469971,2178500
2022-01-28,227.688701447,235.099677272,225.349398846,234.984634399,3081100
2022-01-31,233.230132394,235.35851308,231.935841702,235.262634277,3237100
2022-02-01,236.854152907,238.570272471,233.220559496,238.03338623,2449400
2022-02-02,235.224330182,241.484833751,233.958799997,240.478164673,2586700
2022-02-03,237.285589111,237.879996815,231.149725184,234.706604004,3473600
2022-02-04,232.702833445,234.025884882,231.264739145,232.271408081,3569300
2022-02-07,232.405614662,233.958751724,230.382694892,233.498565674,3948300
2022-02-08,231.916651332,232.865798767,227.669486831,230.008789062,2615000
2022-02-09,231.303107636,234.371054186,231.111364633,233.230163574,1759900
2022-02-10,229.999218646,234.016297896,228.283099148,229.749954224,2283100
2022-02-11,229.356851326,230.699081387,225.157626116,226.010894775,2054300
2022-02-14,225.279255147,228.051927603,223.228631585,225.94354248,2572000
2022-02-15,227.830458925,235.66709465,227.830458925,234.752502441,3409600
2022-02-16,233.539477987,237.81400946,233.539477987,236.42767334,2459000
2022-02-17,236.427649849,236.437271877,231.450328782,231.989456177,2059100
2022-02-18,229.14940058,233.395036161,229.14940058,231.354049683,2517900
2022-02-22,230.295068399,231.88356991,228.66804939,230.218048096,2936700
2022-02-23,231.585128564,233.63573723,229.149418378,229.428604126,2296300
2022-02-24,226.415253608,234.839156707,225.279237156,234.020843506,3272300
2022-02-25,234.752507479,243.474854824,234.646606399,241.501266479,2442200
2022-02-28,236.96680558,240.740712487,235.474568346,240.634811401,3188800
2022-03-01,238.333881822,241.010275048,236.292895109,240.201583862,2873200
2022-03-02,240.567397315,246.92143229,239.777950285,244.697509766,2452000
2022-03-03,245.332940888,249.905902146,244.909336555,249.000961304,3153700
2022-03-04,246.661476173,253.641280872,245.997203652,253.073272705,3497100
2022-03-07,250.175454207,253.804971646,248.249990739,251.889144897,3074800
2022-03-08,250.242843628,255.412708154,249.260867871,250.242843628,3482600
2022-03-09,253.487280631,257.809966552,252.303139276,252.996307373,2965900
2022-03-10,253.044416005,257.752188484,253.044416005,256.105895996,2797200
2022-03-11,255.191286117,261.593445729,255.191286117,256.375427246,2469600
2022-03-14,258.965277829,260.804099521,257.357531801,258.974914551,2713800
2022-03-15,259.812394695,266.1760664,259.812394695,265.194061279,4396900
2022-03-16,267.494997892,268.226653976,262.835380179,266.137542725,3148600
2022-03-17,266.686317895,275.235380101,266.147190493,274.869537354,3270100
2022-03-18,275.187170638,280.491830648,274.243683184,276.92010498,4557900
2022-03-21,277.035731993,284.323589912,277.035731993,278.845672607,3495700
2022-03-22,278.87455385,279.731369937,272.828598879,274.397827148,3791600
2022-03-23,273.820163233,277.440014449,272.790033262,273.598724365,3149200
2022-03-24,275.620534436,278.085125844,274.051276678,276.968353271,2412400
2022-03-25,277.748138794,280.780738246,275.899680714,278.248748779,2399800
2022-03-28,280.472687276,281.550971744,277.565247351,280.790405273,2195000
2022-03-29,281.146509158,282.215156516,276.862341767,277.642181396,2798100
2022-03-30,279.750622728,281.396915431,277.257150631,279.086364746,2220100
2022-03-31,278.585643584,280.925074365,275.264237131,275.69744873,3227600
2022-04-01,275.485636082,282.215149813,273.415769059,281.762664795,3066200
2022-04-04,281.839746594,283.986649177,280.106841031,280.559326172,3014100
2022-04-05,280.848093153,284.804906344,278.325740796,281.589385986,2324200
2022-04-06,285.055259343,295.135062613,283.784446297,294.441894531,4672900
2022-04-07,293.633200727,302.297786978,293.633200727,296.93536377,4270800
2022-04-08,296.521400294,300.738170362,296.473275455,300.073883057,3024700
2022-04-11,301.421735756,302.066779075,296.569558613,297.445648193,2178100
2022-04-12,295.154291027,298.071367094,292.843740672,296.598388672,2688100
2022-04-13,295.828193654,296.810169404,289.214231619,291.390014648,2528700
2022-04-14,292.42974542,293.122913399,289.002423017,290.610168457,1898100
2022-04-18,289.849710081,290.802805293,285.738825925,287.683563232,1581400
2022-04-19,287.288828298,288.521123949,282.850618985,285.941009521,2021700
2022-04-20,285.950625876,287.856845665,281.406530013,282.003448486,2608600
2022-04-21,282.003411225,282.513657903,275.976700767,278.816741943,2716800
2022-04-22,278.518276119,278.826357322,268.024506199,268.342224121,2772600
2022-04-25,268.361504265,275.293185365,266.513046178,274.571136475,2410200
2022-04-26,275.514617075,279.394425583,272.250971105,272.289459229,2166600
2022-04-27,272.549413353,277.391953752,270.132946824,274.465240479,2352100
2022-04-28,284.958958211,289.310524477,277.805868436,286.191253662,5886900
2022-04-29,284.766491869,286.229833857,278.364330274,281.242889404,3910900
2022-05-02,280.376390745,281.92637483,273.685393029,278.768615723,2789900
2022-05-03,277.873264382,279.009280774,273.521698152,277.334136963,2109500
2022-05-04,277.748099326,285.912074833,273.53132972,283.909576416,2743600
2022-05-05,282.484732291,283.996198645,277.555521588,281.473846436,3120200
2022-05-06,279.355886575,287.134746237,277.767355674,285.83505249,2931200
2022-05-09,282.571418643,283.938481339,275.96706325,278.450927734,3460500
2022-05-10,281.117751274,282.494451019,274.3786271,275.05255127,3140800
2022-05-11,273.09814523,283.524517796,272.453101991,276.005584717,2625200
2022-05-12,272.770741222,281.108000707,272.770741222,280.925079346,2370000
2022-05-13,282.673556549,282.837755958,276.761788251,281.707580566,2337700
2022-05-16,282.171214307,298.911593656,281.67858663,289.193878174,5118300
2022-05-17,289.792781185,293.077093476,283.40769439,291.145141602,2553000
2022-05-18,289.79282701,292.30437074,284.025948573,285.146484375,2161400
2022-05-19,283.591219916,283.591219916,274.694589248,276.529937744,3157400
2022-05-20,280.838225063,289.058661128,279.089810787,288.681945801,3129100
2022-05-23,290.372399752,294.545423265,289.164929717,292.304351807,2873600
2022-05-24,293.37657224,297.201858549,289.59960242,295.550018311,2804900
2022-05-25,296.554600827,299.858251371,294.274911857,296.56427002,3195700
2022-05-26,294.844866667,303.229531316,293.279960776,302.794830322,3284200
2022-05-27,302.012401035,313.053500025,300.669709678,312.473937988,3694300
2022-05-31,305.856978421,307.624701489,298.515555098,302.775512695,6298900
2022-06-01,302.775568667,303.219909444,295.192649947,300.495849609,2731500
2022-06-02,300.003196104,300.099799607,288.025098693,292.140136719,3703300
2022-06-03,291.879314914,295.405121457,290.468998192,291.386657715,2490000
2022-06-06,304.408008028,304.408008028,292.777649253,293.038452148,3734400
2022-06-07,293.647058807,301.529427149,292.710060831,301.481140137,3652800
2022-06-08,301.79982894,304.765381886,300.234952773,302.823760986,2684500
2022-06-09,300.998125912,301.307245306,292.79696967,292.932220459,1963300
2022-06-10,289.048978168,291.396292522,286.769259722,286.904510498,2469800
2022-06-13,280.548390857,283.185515839,278.693733523,281.369476318,2898800
2022-06-14,279.331302741,282.065001946,277.51526308,280.896179199,2422600
2022-06-15,281.678579574,286.257295927,278.713026473,283.021270752,1970100
2022-06-16,280.32627157,280.32627157,273.477475188,278.268737793,2628600
2022-06-17,280.142646734,290.749041983,279.823858217,281.002349854,6900000
2022-06-21,282.432094475,289.097323613,280.43251689,287.223327637,2821300
2022-06-22,286.856230699,299.114468754,286.344264588,296.255187988,4535700
2022-06-23,298.969542975,302.533996427,296.73814099,302.079986572,3729300
2022-06-24,308.67753581,314.734222565,308.155930136,314.541015625,5449900
2022-06-27,313.198402973,319.593159251,311.044265922,316.13494873,3218900
2022-06-28,315.410473991,317.873730487,305.982568244,306.813293457,2742900
2022-06-29,307.334873395,313.652363573,306.842216288,312.010192871,2562500
2022-06-30,311.169839372,315.922424567,309.121975063,313.198394775,2732900
2022-07-01,312.860270818,314.328543534,306.948503185,313.662017822,1817800
2022-07-05,311.469317658,316.289528679,308.078732313,316.048034668,2107700
2022-07-06,316.840119223,321.418835903,315.632649257,318.91696167,2252500
2022-07-07,316.115705516,319.255128107,315.140060139,316.791900635,2395000
2022-07-08,315.439495825,323.138326818,315.062780461,319.226135254,1898200
2022-07-11,319.361324377,321.360901854,318.221479725,319.80569458,1342600
2022-07-12,318.772079363,320.694362166,312.357984586,312.580169678,2058200
2022-07-13,311.053884475,313.633023416,309.914010599,311.488555908,2564200
2022-07-14,306.736061823,316.608338834,304.775131502,315.767944336,2615700
2022-07-15,320.675002782,323.920667474,317.004306359,320.317596436,3340300
2022-07-18,318.887956592,320.675017887,308.832144024,310.822052002,2116300
2022-07-19,313.063154729,316.241223986,310.889708753,315.101379395,1628100
2022-07-20,315.961140259,316.666313472,309.41182304,311.073303223,2051000
2022-07-21,310.513015307,316.888433699,308.832196922,315.796905518,1692100
2022-07-22,315.825921429,318.018676728,314.744003353,317.564666748,1850800
2022-07-25,317.564626992,320.964852081,316.898101158,320.269348145,1741700
2022-07-26,319.728408784,321.254667477,317.429381029,320.279022217,1812300
2022-07-27,317.786877285,319.612557068,314.125819044,317.74822998,1643000
2022-07-28,319.003916618,322.239942234,310.793120314,319.54486084,2350900
2022-07-29,319.796008119,319.796008119,315.700279364,318.472625732,3399900
2022-08-01,316.366880726,319.187514775,312.454659354,313.121185303,2464300
2022-08-02,316.057673943,317.78677915,308.494065734,309.305511475,3405700
2022-08-03,309.720907055,310.05900457,299.665092791,303.152252197,5152200
2022-08-04,299.645729875,299.694016877,291.956540642,295.385772705,4696300
2022-08-05,292.188437333,294.931805694,290.092256397,291.067901611,2814300
2022-08-08,290.4206717,295.704561476,286.44085539,292.207733154,3218900
2022-08-09,294.70956854,296.264804987,291.048511814,292.709991455,2122900
2022-08-10,294.13969795,296.680219598,292.294680215,294.245941162,2351000
2022-08-11,290.787814367,295.028464036,289.435453583,290.923065186,2198800
2022-08-12,293.568684879,298.96671305,291.99867044,298.569366455,2305100
2022-08-15,299.664571767,304.897865979,297.823231341,304.248565674,2795800
2022-08-16,304.238804215,304.665223543,300.071559368,300.730560303,2248000
2022-08-17,300.4398125,310.70288922,300.4398125,307.039581299,2747200
2022-08-18,306.971730169,309.113497811,304.500462088,306.942657471,2261600
2022-08-19,307.708337325,315.693955469,307.698636566,312.805938721,3393100
2022-08-22,312.331069612,315.713322271,310.499430145,313.125762939,2488000
2022-08-23,311.323150929,311.904634544,304.18067125,305.372711182,2962000
2022-08-24,306.700431652,310.954895021,305.489019707,309.02633667,1827000
2022-08-25,310.702983612,313.387462199,306.080216076,313.164581299,1977900
2022-08-26,313.60068349,314.569813213,305.537517097,305.818572998,1858000
2022-08-29,303.666995045,305.149761807,300.119977981,300.575469971,1697000
2022-08-30,300.565892388,302.339386685,296.563382088,297.561584473,1980300
2022-08-31,297.658467456,299.286598019,291.814587812,291.930908203,3183500
2022-09-01,291.707978086,299.858360691,291.223413339,299.587005615,2939200
2022-09-02,300.53675799,300.643377623,290.50629056,292.027801514,2525400
2022-09-06,293.597801111,303.172775964,292.900026671,297.348327637,2322200
2022-09-07,299.238120735,302.756065736,295.468222162,301.980773926,2228100
2022-09-08,302.320038219,305.983347502,298.094617118,305.760437012,2212500
2022-09-09,306.681044172,310.286207119,305.489004231,307.892456055,2177000
2022-09-12,309.045701211,310.557540771,305.159482694,305.488983154,2077400
2022-09-13,300.439855408,302.668841499,295.574806233,297.018829346,2272400
2022-09-14,297.726249778,302.184251159,296.456692566,300.052154541,2002900
2022-09-15,300.149116061,302.639786197,296.311371178,299.916534424,2348100
2022-09-16,298.462879836,302.329697938,297.270839638,299.354492188,4380200
2022-09-19,297.018826644,297.057570531,288.4613964,295.671722412,2515300
2022-09-20,294.440851308,294.440851308,289.711495909,292.415374756,1816800
2022-09-21,291.707938204,295.128963671,287.172419884,287.327484131,2241200
2022-09-22,291.514114156,302.959530101,290.700049002,301.273254395,5918300
2022-09-23,302.242408895,305.450225137,295.700784847,301.845062256,4572600
2022-09-26,299.267180751,302.106752692,295.468209636,298.007324219,3760000
2022-09-27,299.606340672,304.258179422,298.801976303,301.496154785,3019600
2022-09-28,323.233790088,331.15159183,317.971423527,324.057556152,9436300
2022-09-29,323.660224309,324.348298066,317.167043946,319.822479248,3743100
2022-09-30,317.050660654,319.337821297,312.46669776,313.367980957,4474100
2022-10-03,315.926502837,319.182793198,307.262483109,311.623565674,3340500
2022-10-04,312.234166275,319.909685692,311.846520352,319.706176758,2622500
2022-10-05,318.165199492,323.543885903,317.409279673,321.537780762,2186100
2022-10-06,317.816343439,328.786896921,316.779367734,322.671691895,4299200
2022-10-07,322.691040771,322.787959633,314.87015885,316.575836182,2601600
2022-10-10,316.159116827,316.915036628,310.354011205,313.891357422,1956200
2022-10-11,310.12133718,318.872572481,309.56892645,317.486724854,2598900
2022-10-12,317.273666967,323.350099176,313.88171322,314.550415039,1764700
2022-10-13,309.268589321,323.078684161,309.249217379,321.847900391,2657400
2022-10-14,321.324586533,324.939450349,318.097398192,321.159851074,2231400
2022-10-17,322.51659101,327.158699682,321.508688123,322.487518311,2230000
2022-10-18,323.824990005,324.97822706,320.171352358,324.6875,2087100
2022-10-19,324.900636829,325.26891074,315.907117029,319.124633789,2419000
2022-10-20,320.92727567,321.208331547,315.839345039,318.911499023,1761200
2022-10-21,318.911476375,331.859033302,316.682460607,330.250274658,3274700
2022-10-24,333.593736497,340.910651927,333.593736497,337.160125732,3375900
2022-10-25,335.822795994,341.4534369,332.459914922,340.464935303,2513100
2022-10-26,341.618162966,350.320956885,339.621758479,346.812683105,2373500
2022-10-27,347.907813734,349.972064443,344.351124786,345.329925537,2347600
2022-10-28,349.196720222,350.824850552,346.017976903,348.789672852,2942100
2022-10-31,347.57833164,352.685663656,339.641157701,350.912139893,4258200
2022-11-01,335.154084278,347.907833657,330.23091881,341.695709229,7013000
2022-11-02,343.226966397,351.939432639,339.398892383,344.002258301,3774400
2022-11-03,343.129948278,351.629202352,340.658680172,350.514709473,2602500
2022-11-04,353.926114191,354.58511517,342.432222651,346.376586914,3004600
2022-11-07,346.948327347,355.670492001,346.463762644,353.800079346,2560300
2022-11-08,353.877669286,357.366541778,350.757070775,355.341064453,3278600
2022-11-09,357.066138512,358.384140669,350.737722941,352.055725098,2323700
2022-11-10,355.903140939,357.608818481,351.794040945,357.337463379,2994000
2022-11-11,354.856530304,356.474960321,333.884549648,341.424377441,6646300
2022-11-14,348.956080072,350.63733217,330.539832983,346.030853271,4717400
2022-11-15,346.885997195,346.934576971,336.603989705,340.092895508,4180700
2022-11-16,340.141580363,346.827796745,340.102698735,342.989044189,3563800
2022-11-17,342.969621434,352.095118782,342.775242952,350.608215332,2929700
2022-11-18,352.338006644,354.398317309,349.228159154,351.482818604,2420900
2022-11-21,350.238950117,353.514022966,345.360328905,350.99697876,1999200
2022-11-22,351.803505462,352.58095991,347.235879025,350.715057373,2460400
2022-11-23,351.162131821,352.260307854,348.528472702,351.531433105,1993000
2022-11-25,352.678192118,355.525655709,351.366211628,354.962005615,1039100
2022-11-28,353.212776817,359.102083443,350.831773692,355.467407227,2481300
2022-11-29,354.349689282,355.797710739,350.481813518,353.698577881,2207000
2022-11-30,354.787110952,361.862054614,351.609197788,360.627807617,5556400
2022-12-01,364.233322603,364.622049898,358.110756501,359.898925781,2516100
2022-12-02,355.7686292,364.476274665,354.719062558,364.204162598,1925600
2022-12-05,363.232308774,364.680330443,357.906653298,358.888214111,2296500
2022-12-06,356.662731582,360.200218142,355.224407982,358.159362793,1971000
2022-12-07,358.917324594,364.670558606,358.373100556,361.492675781,1629100
2022-12-08,362.746375159,362.746375159,356.176774949,361.317779541,2090900
2022-12-09,362.493683447,363.465516379,350.647037639,350.821960449,2787200
2022-12-12,352.707314319,357.469289692,352.289433281,356.905639648,2639200
2022-12-13,351.4439623,362.241012379,348.227197536,348.557617188,5032600
2022-12-14,348.897801014,359.024285026,347.002714659,353.261322021,5095500
2022-12-15,350.50128389,353.718048661,346.643105798,349.869598389,3437100
2022-12-16,347.848162204,350.326354032,345.165923418,349.733520508,6612200
2022-12-19,347.73151586,349.568294215,344.621638822,347.702362061,2658400
2022-12-20,348.402045146,351.268963657,346.302882821,349.50994873,2276000
2022-12-21,352.415790529,360.239033983,351.035774678,357.644256592,2211200
2022-12-22,356.973687918,359.3449627,352.085369344,355.020294189,1958100
2022-12-23,354.544151198,357.537384033,352.260337529,357.537384033,1030300
2022-12-27,359.092311449,359.315843727,354.067921538,354.60244751,1372100
2022-12-28,355.856022781,357.644191541,353.688825001,354.932769775,996000
2022-12-29,357.731694524,360.501424205,356.13787434,356.682098389,1077900
2022-12-30,357.138857685,357.585922167,351.910392015,355.535339355,1388000
2023-01-03,355.943597593,358.606410774,351.278780959,354.709350586,2006700
2023-01-04,354.369189677,356.77931647,350.190290096,352.872558594,1886200
2023-01-05,350.783122478,351.307890928,343.018156878,348.810302734,2008500
2023-01-06,349.859849869,356.371142271,347.508001162,352.717041016,2131300
2023-01-09,353.747172982,354.689852075,338.965602987,339.976287842,2980600
2023-01-10,339.169713205,343.261121785,333.669134927,342.814086914,2465200
2023-01-11,344.359267931,351.570281134,341.113349588,350.258300781,2602800
2023-01-12,349.131012227,350.345803502,343.134789448,349.004669189,2019700
2023-01-13,349.4419282,353.076573394,348.538130811,351.434173584,1690900
2023-01-17,351.43419896,351.803500198,346.506999174,347.663482666,2435200
2023-01-18,346.28356889,348.888074416,341.67705994,342.094970703,2302300
2023-01-19,342.444804521,345.77818474,340.549747883,341.191131592,2658300
2023-01-20,337.22603263,339.237733949,331.958685008,336.322235107,5391900
2023-01-23,336.846981609,336.846981609,330.636984903,332.570922852,3403100
2023-01-24,336.254149682,336.866409093,331.744831242,336.633178711,2242500
2023-01-25,335.816835942,339.927699653,335.379528945,339.879119873,2503300
2023-01-26,341.113443817,342.260199843,336.963726844,338.207672119,2576200
2023-01-27,336.361018413,338.285257932,331.910037473,332.463989258,2363600
2023-01-30,334.631194931,338.003456135,329.898373658,330.909088135,2647700
2023-01-31,331.084037356,334.699257062,329.820666403,334.456298828,2406700
2023-02-01,333.134611311,336.195879044,328.013032898,332.920806885,2990900
2023-02-02,324.592260809,325.855631997,308.071097834,321.385223389,13036600
2023-02-03,323.57177255,332.687540144,320.092594195,329.529083252,5670700
2023-02-06,332.347403331,333.746844985,325.194698249,328.149078369,3055700
2023-02-07,326.584424549,331.356127506,323.319080337,330.112182617,2464100
2023-02-08,329.023769309,333.212367054,328.304622399,331.132659912,2399400
2023-02-09,331.288197943,337.566231432,330.9091688,332.162841797,3072800
2023-02-10,333.601029199,338.615689925,333.076260849,335.398925781,1980000
2023-02-13,336.711007084,340.928759075,336.254244352,340.530303955,2291600
2023-02-14,341.768479567,344.966403252,338.590044713,338.863037109,2028900
2023-02-15,337.195854486,338.190320471,325.983617221,326.627105713,3600700
2023-02-16,322.717458166,324.608916343,317.569579661,317.910827637,3654200
2023-02-17,315.06383497,323.292643841,312.480151679,320.1824646,3695600
2023-02-21,318.96372059,323.419372635,318.164232307,319.314727783,2515600
2023-02-22,320.484777615,324.277453566,318.164326897,320.835784912,2379800
2023-02-23,319.802252426,324.501619499,317.540298383,319.324493408,2229500
2023-02-24,317.842530101,319.041762628,312.080411951,313.591644287,2594600
2023-02-27,314.527639791,315.307609622,307.995280875,308.697265625,3043500
2023-02-28,307.595545472,307.595545472,301.891952689,303.432403564,3966900
2023-03-01,302.242865592,308.979960135,301.462895905,306.308532715,3580800
2023-03-02,303.988098995,308.385225204,302.759618406,307.166503906,2885200
2023-03-03,308.453524495,312.148696324,307.351795525,310.461975098,3002800
2023-03-06,309.009255629,312.226668273,308.580263309,310.97869873,2673700
2023-03-07,311.017732282,312.333957476,301.852952391,302.857177734,2620800
2023-03-08,302.730398676,305.197089624,301.579932805,304.719360352,2313200
2023-03-09,304.495104299,310.793448212,304.495104299,308.921508789,3920300
2023-03-10,310.871508711,318.359327008,306.474351698,307.137329102,4597300
2023-03-13,309.301746363,323.497411508,309.301746363,316.370330811,5275600
2023-03-14,315.941292534,319.090479031,313.396616785,318.885742188,4214300
2023-03-15,317.842506067,323.068368572,316.380040548,321.22567749,4743500
2023-03-16,319.441518914,323.399923654,316.906572443,321.284210205,3498200
2023-03-17,323.204947449,326.568630749,319.890030861,320.942993164,8679800
2023-03-20,320.942998427,325.583899577,320.77726896,325.252410889,3540900
2023-03-21,326.022550135,326.07128708,319.870418329,322.795349121,3240400
2023-03-22,323.468079981,327.202258223,322.376110598,322.688110352,2472200
2023-03-23,322.610165918,326.948795879,321.947158921,324.316375732,2703400
2023-03-24,324.657643053,328.499055539,320.543238145,327.719085693,2791900
2023-03-27,319.597463676,327.806783493,315.171089312,326.227325439,3102300
2023-03-28,327.397336011,330.351515774,326.344373713,329.201049805,2433200
2023-03-29,330.517290266,331.268012043,326.207877696,327.465606689,2743800
2023-03-30,327.660588214,332.769459119,327.660588214,332.164978027,2146900
2023-03-31,333.442149144,335.050855316,332.164931596,334.826629639,2933600
2023-04-03,334.651082224,342.743408844,333.734601501,341.963409424,3039600
2023-04-04,343.260219046,350.016803687,342.480219459,345.746398926,3585900
2023-04-05,349.119811621,355.720426098,348.973570996,353.175720215,3442700
2023-04-06,355.720386831,360.254024216,355.135394643,359.074310303,3531700
2023-04-10,358.967085788,359.132844998,353.955718627,357.816619873,1868000
2023-04-11,358.557610815,359.571565641,354.491942955,354.93069458,2027000
2023-04-12,354.911173711,363.120494459,354.238437093,359.815307617,2672600
2023-04-13,363.296004155,366.16243954,361.043809175,365.762695312,2839900
2023-04-14,364.875451397,366.893661306,363.188759913,365.353210449,2287900
2023-04-17,365.616428841,366.493902319,361.87252018,363.032745361,2059700
2023-04-18,363.666453707,364.894934358,360.410033804,360.653778076,1925300
2023-04-19,361.277753143,361.989497138,358.15784427,361.199768066,2173000
2023-04-20,362.096747435,366.649873678,360.507530054,365.431152344,2766500
2023-04-21,368.551093485,376.604383888,368.541334193,375.600158691,3682500
2023-04-24,375.600137383,377.364843408,372.080484626,373.757446289,2059700
2023-04-25,375.41494195,380.709090519,374.391227838,375.210205078,2648600
2023-04-26,371.583289946,371.953786027,361.404526029,366.854644775,3161200
2023-04-27,381.469569203,388.557642371,371.242038667,380.582336426,4981300
2023-04-28,388.040933305,394.193037179,382.688317892,385.954467773,5350100
2023-05-01,387.319414198,397.156929616,382.444528674,395.655456543,4091100
2023-05-02,396.815709093,401.242113786,389.269395301,394.085784912,3884600
2023-05-03,404.644786024,423.335112035,403.94280125,420.400421143,10129800
2023-05-04,420.653898473,421.872619897,414.579780186,417.719207764,4070700
2023-05-05,417.387732179,420.478393144,413.936304668,417.104980469,2753400
2023-05-08,415.535279952,424.115067109,412.41534112,421.892120361,2478600
2023-05-09,420.965893307,424.700072631,417.338976947,417.660736084,2601600
2023-05-10,415.398734397,427.420218516,415.398734397,425.012023926,2766300
2023-05-11,425.772523134,425.918763752,420.332134104,424.651275635,2595900
2023-05-12,430.262171569,435.521196843,424.651255896,424.661010742,3939200
2023-05-15,425.579965977,426.195804137,420.985671308,424.739318848,2234800
2023-05-16,424.43628707,428.620042804,420.975881633,426.831176758,2128800
2023-05-17,428.932769828,429.07942067,422.99928752,427.63269043,2274200
2023-05-18,426.69424008,429.636534138,423.839888787,428.043212891,2268100
2023-05-19,429.128312487,437.446959707,429.128312487,432.432312012,3442800
2023-05-22,434.318869478,444.719623814,422.666929324,424.230926514,4398000
2023-05-23,423.185034171,426.088249613,412.031604808,413.693359375,4492100
2023-05-24,414.465643479,419.314101145,410.809753246,416.195831299,3133000
2023-05-25,416.792030837,418.571111798,410.35997808,417.70111084,2882200
2023-05-26,415.345361463,421.963145059,414.143039294,416.215362549,2338400
2023-05-30,414.260318379,419.089235869,412.569209841,417.632720947,2595700
2023-05-31,417.398182063,420.878127049,414.475426821,419.802856445,3950900
2023-06-01,420.59461012,426.968015523,418.502747303,426.674743652,2914400
2023-06-02,430.066660513,434.700092951,426.958175976,432.383361816,2499000
2023-06-05,433.038373796,437.730425508,431.777373339,434.270050049,2113800
2023-06-06,437.759846938,438.776469306,430.125469075,433.106903076,1495300
2023-06-07,430.301326377,436.645377555,425.882947582,426.557434082,2458300
2023-06-08,426.078501453,437.407877007,422.618096023,435.638580322,2040300
2023-06-09,439.196682612,439.196682612,432.647361866,436.010009766,2082000
2023-06-12,436.117524776,436.938632315,428.815499701,435.296417236,2566600
2023-06-13,433.693314371,437.339419681,432.305232438,435.69720459,1766300
2023-06-14,434.299388766,438.6884139,433.566253797,437.652252197,2163300
2023-06-15,437.925918516,446.31296874,437.622891807,443.722564697,2287100
2023-06-16,445.55047266,446.703960825,437.437125615,437.64239502,4295700
2023-06-20,435.834027645,444.651215935,435.100892734,441.787109375,2506300
2023-06-21,444.279715734,445.10082318,440.086176071,442.813446045,2347500
2023-06-22,444.768516351,451.865271895,443.615057908,447.388244629,2912500
2023-06-23,446.723474252,449.665798147,442.148720231,448.522094727,4832100
2023-06-26,454.797802994,454.797802994,438.825240815,442.578887939,3214700
2023-06-27,452.099874638,457.456657946,441.542743552,454.054901123,4138700
2023-06-28,457.974717008,457.994256532,447.036341958,448.385314941,2854700
2023-06-29,448.737185207,455.354938507,447.222051753,454.045074463,2112400
2023-06-30,454.201524516,459.304144862,453.566146872,458.434173584,3173200
2023-07-03,455.775350135,455.775350135,447.085242782,451.044189453,2113200
2023-07-05,451.708851817,456.743038788,449.656068149,455.227905273,2130200
2023-07-06,452.705881157,457.085150768,451.239611445,452.79385376,2191700
2023-07-07,451.933695556,453.184911344,441.093077006,441.91418457,2914700
2023-07-10,442.774364581,444.445933608,439.597446725,442.96987915,2011400
2023-07-11,439.880890533,440.428295477,427.769489028,429.509490967,3570900
2023-07-12,428.610153149,434.30904117,425.22796631,430.692260742,3107800
2023-07-13,430.330665347,432.295446678,424.573098031,424.925018311,2865100
2023-07-14,431.181032188,440.320785593,430.956193437,439.353027344,2955000
2023-07-17,439.343319216,440.486992954,433.292510128,437.085266113,2347900
2023-07-18,436.899554328,443.12630889,435.032500461,441.053985596,2237000
2023-07-19,441.24946871,444.768522325,438.4733347,443.360900879,2212800
2023-07-20,444.915114897,454.758679713,444.768493888,453.390167236,2624200
2023-07-21,454.944452972,456.53780437,451.581804949,451.650238037,2226700
2023-07-24,451.611091703,455.169254017,447.378472736,448.991363525,2190700
2023-07-25,447.466427376,450.555372498,446.332508547,447.251373291,1737800
2023-07-26,444.768525524,444.768525524,436.518311367,443.390228271,1959800
2023-07-27,443.126267259,448.365723411,442.080321031,444.75869751,1883500
2023-07-28,444.895612714,449.235773955,441.620937342,448.170288086,1437600
2023-07-31,448.69809848,448.69809848,440.66293878,444.328613281,2110200
2023-08-01,445.110617481,447.085183299,441.298322174,442.901428223,1738200
2023-08-02,444.993327743,451.259190695,441.171247698,444.260192871,2366600
2023-08-03,440.643442254,443.888793556,438.180119488,439.059875488,2414100
2023-08-04,439.137976461,442.29535452,436.840844536,439.382354736,1870400
2023-08-07,443.05784833,444.768496393,440.447875016,443.869171143,2446400
2023-08-08,494.621756717,525.90218402,491.405729433,509.870941162,15094500
2023-08-09,508.668576101,520.555170889,505.26684901,514.396789551,5376600
2023-08-10,511.698900416,516.850415021,508.297172946,509.616851807,4108500
2023-08-11,511.943178386,519.851286331,508.306857963,516.400695801,2524300
2023-08-14,520.446598496,531.24184695,518.457963908,527.029541016,3981100
2023-08-15,526.764958301,536.130014924,522.895551833,535.473693848,2826800
2023-08-16,536.237819991,541.596250818,531.437713501,535.10144043,2597100
2023-08-17,532.133349161,537.609329193,526.432018434,526.696472168,2549900
2023-08-18,524.119974349,536.600177309,523.01301194,535.287475586,2958600
2023-08-21,535.836079382,542.213340706,534.621374328,538.833679199,2305400
2023-08-22,538.324327754,544.760303462,536.120208465,542.370056152,1936600
2023-08-23,545.367642247,546.033828676,537.031223726,542.076171875,2121300
2023-08-24,541.429734319,545.622428417,536.139823483,536.825561523,1776700
2023-08-25,538.422366259,544.760406221,535.924375885,542.360412598,1847600
2023-08-28,538.912121566,544.887710527,538.902315912,542.624816895,1373700
2023-08-29,542.164449769,545.005279139,538.64762821,542.605285645,1701200
2023-08-30,543.692606723,546.376724859,535.885094687,536.815734863,2191100
2023-08-31,535.865465929,546.043552901,531.927420588,542.899047852,3043400
2023-09-01,544.975886557,547.806969881,542.223188667,545.749755859,2030800
2023-09-05,547.826571849,550.471527383,545.357998503,546.807800293,2257200
2023-09-06,549.580048753,550.138432843,541.429697836,548.531860352,2424300
2023-09-07,552.685375453,564.558226838,551.147382785,561.541015625,3707100
2023-09-08,560.659466986,575.569082779,559.572055882,574.501342773,4308300
2023-09-11,575.177107872,585.962546355,572.561510341,583.415588379,3876500
2023-09-12,578.919250571,588.872107171,575.862876602,587.079406738,3212100
2023-09-13,582.534110819,588.499954393,579.634507196,586.66809082,3126600
2023-09-14,587.020621681,589.567639801,577.97885384,579.546203613,3244800
2023-09-15,579.928340995,581.946332493,563.333767495,563.921508789,5941200
2023-09-18,566.213800817,566.213800817,552.900892929,559.630859375,2723600
2023-09-19,559.963920477,566.615442027,558.99411743,563.235839844,2185100
2023-09-20,561.72724308,563.519943867,557.583517124,558.024353027,1869900
2023-09-21,555.624167561,556.417648083,531.437630432,538.91204834,4049900
2023-09-22,537.618956041,544.162733859,536.463025148,539.313659668,2353800
2023-09-25,538.882730692,541.390526614,534.621456695,541.028076172,1686500
2023-09-26,539.470488015,542.830538463,536.825532738,538.794555664,1864300
2023-09-27,538.67709758,540.440381462,532.58389975,538.549743652,2004200
2023-09-28,540.077806515,540.430451252,530.360106196,533.347900391,2178800
2023-09-29,534.366636821,534.954437802,521.347661242,526.177124023,2967700
2023-10-02,525.08000011,529.61559258,516.067589292,527.313476562,2810100
2023-10-03,525.070218612,526.382920466,506.036430362,514.480651855,3266100
2023-10-04,514.843088138,525.236720927,512.952450734,520.622802734,2220400
2023-10-05,522.660321293,531.437635376,520.769683977,530.438415527,2950700
2023-10-06,532.907070455,554.811104075,531.643396904,553.694335938,4745200
2023-10-09,552.518912524,567.967300909,552.087882309,560.101074219,4208100
2023-10-10,558.376916403,574.001685934,558.112402941,567.497070312,3526700
2023-10-11,584.042757741,596.375998612,573.080933268,592.93762207,5850600
2023-10-12,593.113819777,600.500046789,589.920286307,598.051025391,4063500
2023-10-13,605.290389256,617.124018428,590.272972254,596.777587891,3963800
2023-10-16,598.531044469,609.296933336,596.023248863,604.065856934,2941500
2023-10-17,606.377718932,607.749194878,590.243594108,595.905700684,2911700
2023-10-18,594.857666016,603.321500794,590.939230632,594.857666016,2049100
2023-10-19,592.663200604,592.663200604,566.546861741,578.752746582,3493700
2023-10-20,577.969071513,584.747946254,569.035045902,572.718383789,3666900
2023-10-23,574.109324538,576.342860498,564.391625477,564.891235352,2781900
2023-10-24,568.173019932,582.396956737,567.30115388,580.34954834,2633000
2023-10-25,584.767622871,587.471352464,573.92334733,574.501342773,2283300
2023-10-26,568.172991324,569.15259993,554.615181913,556.515625,2846500
2023-10-27,551.529431839,559.170366745,545.289330017,548.806091309,2717400
2023-10-30,559.562286125,561.521503452,551.078841618,554.174438477,2290900
2023-10-31,557.367874282,557.994838133,536.443449017,542.63458252,3661400
2023-11-01,543.682714621,547.042764584,540.018988417,543.153747559,2935900
2023-11-02,566.537097562,585.257404853,560.326352301,568.457092285,5181300
2023-11-03,566.63500613,571.111824692,555.61440917,556.231567383,3056500
2023-11-06,559.454484645,585.52191666,559.366353347,583.053283691,3978500
2023-11-07,584.82628741,589.665555898,578.096381649,587.696533203,3168200
2023-11-08,595.2689843,613.107679891,580.104661064,606.505126953,7776400
2023-11-09,602.224109783,603.095975667,571.532959819,579.262084961,6279800
2023-11-10,582.867150637,586.648425702,574.050672728,585.521911621,3645900
2023-11-13,582.230344183,606.132817804,566.360732786,600.216003418,5744800
2023-11-14,596.918490124,604.593192024,591.47162798,599.470214844,3827600
2023-11-15,599.528982202,601.521230755,573.560625216,577.604064941,4287000
2023-11-16,580.50908172,584.032400728,570.940250703,577.810180664,3030500
2023-11-17,581.441389015,585.102060768,576.298765777,580.715148926,2628200
2023-11-20,580.450336171,593.620959666,579.714272073,586.495849609,2827200
2023-11-21,587.320133876,590.382155035,580.774088759,581.588623047,1851600
2023-11-22,584.336769166,588.046501029,575.847472706,584.032531738,2052200
2023-11-24,587.241708344,592.286215091,585.887345679,589.930786133,1341700
2023-11-27,589.999341985,592.472535769,580.155745593,580.538513184,2630700
2023-11-28,580.999769106,584.316968526,578.408809814,580.607177734,1793900
2023-11-29,581.196074384,583.492560235,573.58025689,580.862365723,1908600
2023-11-30,580.469917199,585.151243596,575.317469101,580.057678223,5658400
2023-12-01,580.705444772,590.78457388,572.167090278,573.187744141,3638600
2023-12-04,571.31327781,576.18113617,563.65822386,574.797302246,2577100
2023-12-05,572.441931244,580.803577881,568.604550561,577.221435547,2157300
2023-12-06,579.763207433,582.864523718,573.541047126,578.30090332,2093100
2023-12-07,577.348874062,577.927877402,566.87709608,577.339050293,2095000
2023-12-08,578.055611749,587.182793639,573.904229835,586.937438965,2446800
2023-12-11,587.536080446,590.019098458,556.866746705,573.187744141,5614100
2023-12-12,571.185683981,574.964122019,567.426833584,573.89440918,2846100
2023-12-13,572.422252035,587.545887092,571.489892336,586.397644043,3112500
2023-12-14,583.453468126,583.453468126,558.123051662,563.010498047,5275900
2023-12-15,561.469527248,563.049656635,551.213751344,561.410644531,5317000
2023-12-18,565.758459576,572.216211969,565.002807842,568.987365723,3033900
2023-12-19,569.468081416,574.237760923,566.523825933,569.036254883,2192700
2023-12-20,565.76826196,569.085462128,559.438158942,559.614807129,2647100
2023-12-21,560.792396609,564.31571587,556.484014321,561.371459961,1786500
2023-12-22,562.372456286,565.198946399,556.876476664,559.791320801,2226100
2023-12-26,558.917979976,562.127238467,557.092555471,560.066223145,1678700
2023-12-27,559.899403829,572.834495926,559.899403829,570.704833984,2163400
2023-12-28,571.166014718,575.788518188,569.222824932,570.057006836,1973500
2023-12-29,572.019855516,575.278172732,568.702655575,572.088562012,2000100
2024-01-02,569.625142345,581.706402895,568.290427428,581.196105957,3226700
2024-01-03,588.851227872,608.322601497,587.673513436,606.222351074,5130300
2024-01-04,613.641799731,624.584581114,601.874600372,603.081726074,6272500
2024-01-05,602.591075497,608.42070491,598.851872685,607.056518555,2404000
2024-01-08,610.864439716,614.426994421,598.263057039,614.397583008,2453900
2024-01-09,618.401761746,622.631674214,612.130481481,613.857788086,2918900
2024-01-10,616.811740045,625.212680507,614.13248655,618.480163574,2679100
2024-01-11,622.602105139,627.872317764,616.468239429,623.907348633,2690300
2024-01-12,626.341365749,632.033581678,621.247800793,630.973632812,2067800
2024-01-16,631.945224779,635.694251022,621.895507893,622.778808594,2413600
2024-01-17,627.568314419,628.618439809,613.573271615,617.224121094,2124100
2024-01-18,609.735910783,612.287575745,601.315320569,611.76739502,3385000
2024-01-19,610.825162697,617.891388897,608.479557767,616.900146484,3125000
2024-01-22,618.293817404,620.884777301,613.386723615,619.157470703,2030200
2024-01-23,616.026600963,618.293675376,603.395749243,617.979614258,2525000
2024-01-24,621.748400648,631.219055264,620.25662504,621.925048828,2276900
2024-01-25,615.712653134,620.855277606,613.0726344,615.958007812,2407900
2024-01-26,625.50722862,627.715420851,618.784534011,627.371948242,2410300
2024-01-29,629.580170861,633.65308291,627.882335476,633.015136719,2718500
2024-01-30,633.701891675,634.781427987,629.089213078,632.995239258,2006100
2024-01-31,638.295094834,651.220362258,625.163707919,633.613708496,4719000
2024-02-01,635.301764576,648.246679232,631.219029363,648.158325195,2494300
2024-02-02,650.07210608,660.121823717,647.481146404,655.24420166,3019200
2024-02-05,678.179952548,698.65233175,669.847717575,693.077880859,7602400
2024-02-06,728.212645565,728.212645565,678.258411821,691.929626465,8187300
2024-02-07,697.180209009,727.221420527,693.882656609,711.901489258,5798000
2024-02-08,714.786904282,727.231286724,712.264650931,722.010131836,4636900
2024-02-09,721.833354128,731.843835465,719.978458665,726.406738281,2833900
2024-02-12,727.034930468,727.034930468,712.951596675,723.56072998,2932300
2024-02-13,716.612288397,729.174435587,716.612288397,729.164611816,2860300
2024-02-14,733.244637565,751.167239923,732.438456493,744.540893555,3394300
2024-02-15,743.056334985,750.125105756,737.363982614,745.002990723,2507000
2024-02-16,758.029665636,781.07438539,750.626600421,768.873657227,5009400
2024-02-20,776.679716783,780.002731004,740.500217926,742.918701172,4701100
2024-02-21,725.635074508,736.862502372,720.876656495,733.333007812,3541800
2024-02-22,750.705205667,762.050606783,743.518462827,756.663024902,3167400
2024-02-23,760.949518418,764.537999452,749.407477184,756.564697266,2394800
2024-02-26,758.294999716,767.064581649,756.151764176,758.904541016,2243800
2024-02-27,742.171578452,759.917223568,732.871062871,752.101257324,2716700
2024-02-28,749.397612287,750.134966448,738.986145131,744.865356445,2716300
2024-02-29,740.382308592,743.705323094,731.48491296,740.972167969,3905400
2024-03-01,756.053521172,770.859591098,751.24595739,768.932617188,4247500
2024-03-04,783.011157153,787.278006432,772.904460339,778.921325684,3855600
2024-03-05,772.068745773,775.234483982,756.309061662,764.478942871,3168700
2024-03-06,771.065877746,774.565849337,760.949401491,766.622131348,2518600
2024-03-07,758.825892035,779.619242042,748.286612698,767.005554199,3977400
2024-03-08,766.848398426,766.848398426,742.269924117,749.289550781,4054900
2024-03-11,739.526894347,744.039468055,715.351483675,721.987670898,3968900
2024-03-12,728.466659816,743.223525088,725.566387905,742.22076416,2701700
2024-03-13,744.236209606,747.942662771,733.136592098,745.062072754,2357500
2024-03-14,752.052075393,755.050636884,736.764278275,747.903198242,2647500
2024-03-15,742.643477109,748.060582122,735.102818446,741.453857422,3730100
2024-03-18,749.427182622,756.7023748,745.465103877,749.800720215,2521400
2024-03-19,745.651823677,760.801966788,742.26982367,759.750061035,2557100
2024-03-20,757.125103307,760.123665028,743.882250787,759.828735352,2038000
2024-03-21,760.949512914,767.379219754,746.084457462,757.272583008,3013200
2024-03-22,757.016876881,763.898848489,754.342768145,757.616577148,1981000
2024-03-25,758.098362198,765.363772883,755.198150523,760.104003906,1806600
2024-03-26,761.146141361,765.206509781,756.033807127,761.834350586,2099000
2024-03-27,765.580113415,772.019661201,754.441132891,765.059020996,2297700
2024-03-28,767.16296688,780.287847419,763.348383082,764.842773438,3209400
2024-04-01,762.915827177,764.390535606,741.109812411,747.726318359,2921300
2024-04-02,742.338677388,752.170066136,740.795142154,751.078796387,2596800
2024-04-03,752.779686388,773.976160351,752.504378672,762.906005859,3044900
2024-04-04,768.362344518,774.615153447,754.873707784,755.129333496,2354000
2024-04-05,752.563292634,773.445212932,750.223477296,770.987365723,2113400
2024-04-08,771.783725567,771.96068337,760.310451294,764.184020996,1664200
2024-04-09,764.528039565,764.704997341,737.99313404,744.471984863,2464100
2024-04-10,738.612603151,752.356865428,734.237623154,749.132141113,1700300
2024-04-11,746.969269486,750.459400427,738.012828895,746.782470703,1594800
2024-04-12,746.762775495,750.626503934,737.147648843,738.966491699,2495000
2024-04-15,747.254447552,755.050732419,736.882343372,738.11126709,2358600
2024-04-16,739.005755857,740.441160088,730.472118391,734.149047852,2569800
2024-04-17,746.399121444,758.816171493,732.320564129,738.11126709,3069400
2024-04-18,736.783838208,739.516992784,731.229140176,733.372375488,1717300
2024-04-19,736.528361028,737.364065153,709.895160055,714.063659668,3505500
2024-04-22,717.435745206,725.438509962,713.188578111,718.998962402,2354100
2024-04-23,728.702537394,733.578867752,719.107092489,733.116821289,2042000
2024-04-24,739.949607706,739.949607706,716.501711104,719.854248047,2133400
2024-04-25,712.775701041,715.715276745,706.188658423,712.647888184,2608800
2024-04-26,711.281300111,725.015781515,708.843134883,721.142211914,2009200
2024-04-29,723.34451702,728.093095177,717.308029177,724.770080566,2665600
2024-04-30,761.932564863,782.086910127,754.716299717,767.9296875,7437100
2024-05-01,761.696761284,769.41437823,755.296516961,763.653198242,2802100
2024-05-02,764.233146136,764.233146136,741.571748645,743.164428711,3205600
2024-05-03,730.47214823,732.438425883,718.025637086,722.577514648,4595100
2024-05-06,725.595817002,754.057700348,723.590235235,753.752929688,3398300
2024-05-07,755.935507771,765.953695345,749.259956382,764.655944824,2879400
2024-05-08,765.963523873,768.175586487,759.179901193,761.932678223,2089800
2024-05-09,763.898951711,770.780924249,756.230480027,758.54083252,2522100
2024-05-10,760.969173139,764.311809319,747.185546875,747.185546875,2082300
2024-05-13,750.626632723,750.675777672,737.87534859,744.924438477,1848900
2024-05-14,738.84857722,751.609701145,738.84857722,751.098449707,1956200
2024-05-15,752.546141344,775.699083352,751.512037872,775.068847656,3038300
2024-05-16,772.793998152,774.537079373,758.445240143,759.410339355,2299700
2024-05-17,761.15337963,763.103293327,755.451264559,758.307250977,1670300
2024-05-20,755.254358566,772.419670235,754.486174308,771.287109375,2188800
2024-05-21,780.426185042,804.209421124,779.372426226,790.973510742,4334500
2024-05-22,788.836559703,792.657645475,783.173875286,790.717529297,1767500
2024-05-23,797.699851536,808.148720351,789.978878377,796.173400879,3025800
2024-05-24,795.730296918,797.818099324,791.938784274,795.168945312,1778100
2024-05-28,796.715110436,796.715110436,776.280204946,795.592407227,2483500
2024-05-29,790.806106795,803.224604208,789.909951975,799.206604004,2380000
2024-05-30,800.447435028,807.538112151,793.86888073,802.682983398,1984600
2024-05-31,806.36622051,813.663730701,798.783135711,807.882873535,4472100
2024-06-03,811.319858393,825.550441905,806.070779553,818.637023926,2537200
2024-06-04,821.335400558,822.783049211,812.777359028,819.946838379,1748300
2024-06-05,817.878660765,825.717806555,805.204101777,819.129394531,2169000
2024-06-06,822.202062586,834.108438084,819.247618626,824.575439453,2109000
2024-06-07,825.038316835,843.799023579,824.29970586,837.082580566,2468800
2024-06-10,841.012128733,858.394134101,836.491862434,851.864807129,3417500
2024-06-11,868.744423771,868.744423771,839.288583454,852.672241211,4109100
2024-06-12,858.758340398,858.758340398,840.883931173,854.129699707,2594600
2024-06-13,855.833423617,871.619969715,848.417741149,869.916259766,2243400
2024-06-14,868.931436817,871.176782729,862.697543899,865.110351562,2023300
2024-06-17,864.667240644,878.651620338,863.544537545,871.570800781,2532200
2024-06-18,873.530556774,881.281042926,870.576112952,877.922851562,2437000
2024-06-20,879.439448721,891.700402665,856.916743348,872.535888672,3360000
2024-06-21,872.210824378,878.425001759,866.439825564,870.457885742,3445900
2024-06-24,876.465353072,889.858868836,869.532279336,876.593383789,2878200
2024-06-25,878.22818246,895.610125023,877.962263269,890.873168945,2830100
2024-06-26,890.272418091,892.586708409,884.205986468,887.574035645,2232100
2024-06-27,889.809501239,895.757759362,886.057300175,895.235778809,1948100
2024-06-28,897.471413238,901.637159866,891.631469727,891.631469727,3375400
2024-07-01,897.924491252,902.90765108,890.577752172,900.484985352,2546100
2024-07-02,889.001964941,898.15087048,865.159583023,892.941223145,4584600
2024-07-03,897.166169492,904.552279559,870.57617325,884.462036133,3078400
2024-07-05,884.787022851,902.543259924,883.280287686,900.681945801,2880900
2024-07-08,903.951621327,914.508806549,898.151048049,904.059936523,2364600
2024-07-09,914.942038082,920.801697268,906.797661805,918.339660645,2416000
2024-07-10,922.347817731,931.32932208,918.832022394,925.509094238,2683300
2024-07-11,919.905483206,928.56198178,904.670370303,919.954711914,2855100
2024-07-12,922.771319025,936.351891291,921.816077675,933.99822998,2315100
2024-07-15,941.679742752,951.429371333,933.692910685,936.026916504,2358700
2024-07-16,941.236604011,941.866899815,924.130378308,927.301452637,2111800
2024-07-17,896.191181757,910.95354362,888.933102656,891.838317871,4200600
2024-07-18,893.256433964,896.053273825,823.954973829,836.009155273,7649600
2024-07-19,854.484238125,866.843709858,840.046882051,844.448974609,3782200
2024-07-22,851.667729935,861.141642422,843.808927961,852.819946289,2904500
2024-07-23,856.78872818,874.239614573,850.9586424,864.952819824,2087700
2024-07-24,859.250743207,865.00208695,841.297592185,846.822387695,2726100
2024-07-25,834.137972275,838.687810951,794.13480774,808.719909668,5468000
2024-07-26,799.541579598,809.527616006,789.132080044,792.401672363,4173900
2024-07-29,801.649077639,812.245694143,791.791072209,795.523498535,2473700
2024-07-30,802.801180572,809.419166123,764.029033509,778.210388184,3848600
2024-07-31,788.019169426,798.822618048,780.06190985,792.056945801,2961700
2024-08-01,820.96126853,828.12089101,807.725355862,819.799194336,4060700
2024-08-02,804.268567016,807.735133834,775.068848577,792.244018555,3515900
2024-08-05,746.4895757,780.899005248,736.198249607,763.487487793,4661800
2024-08-06,777.156624476,794.026503743,773.079477519,781.135253906,3437600
2024-08-07,766.481165169,774.635458633,751.433229848,760.414733887,4407700
2024-08-08,861.712780891,864.450594349,812.708396442,832.473632812,9434900
2024-08-09,846.940546372,894.694196165,846.940546372,878.139465332,6587600
2024-08-12,890.479456822,890.981661904,869.591512222,870.950561523,4206100
2024-08-13,880.503093571,900.800108954,876.810038657,894.260925293,3506800
2024-08-14,896.181210896,920.190993641,890.065491104,917.531982422,3562900
2024-08-15,923.07452234,925.007477838,907.295470676,918.715576172,3080000
2024-08-16,915.569604425,923.370346428,906.693888066,909.386169434,2364900
2024-08-19,909.386161044,913.212585766,903.843774141,909.080444336,2374600
2024-08-20,919.228339279,953.64641923,917.660329753,936.8515625,4961500
2024-08-21,942.423594905,943.291447576,926.200745112,938.823974609,2617000
2024-08-22,938.833770309,959.100036635,935.046831862,940.993530273,3183700
2024-08-23,942.246039903,947.236162411,930.086291781,939.583312988,2063300
2024-08-26,936.092219152,941.812113141,929.75102021,937.403869629,2166000
2024-08-27,939.346617098,959.050687505,936.831842917,941.299255371,2912900
2024-08-28,940.973890702,945.106032187,930.234259416,935.83581543,1701800
2024-08-29,941.812101761,944.297321543,923.074478794,927.216491699,1762800
2024-08-30,931.950273851,947.729326107,927.522286943,946.762878418,2555100
2024-09-03,944.543850678,956.259800571,938.439328066,943.320983887,2529400
2024-09-04,936.634624908,940.825935417,925.056755627,933.242126465,1891700
2024-09-05,928.163220381,929.977837769,893.656417134,900.145568848,3201100
2024-09-06,905.086483315,915.086472529,880.66838934,890.24432373,3440000
2024-09-09,899.967963501,902.788454172,883.547865926,895.727355957,2405900
2024-09-10,901.486718573,902.472909221,882.640629741,888.804321289,1930400
2024-09-11,889.692012677,908.814205648,884.810356407,908.173217773,2721100
2024-09-12,911.545968672,924.672165132,905.944412442,922.108093262,2510800
2024-09-13,924.070671595,929.336896876,909.366532734,910.954345703,2045400
2024-09-16,918.271835679,919.731378788,907.719582181,910.786621094,1760300
2024-09-17,908.774770216,908.774770216,889.8398959,893.666320801,2248000
2024-09-18,893.794483437,902.857578302,890.983864043,892.472961426,1777000
2024-09-19,900.244170589,904.149507492,891.378325688,902.403930664,2446500
2024-09-20,909.258049015,926.881273853,900.589453524,908.764953613,9921800
2024-09-23,908.281610073,909.267800746,896.891119835,905.835876465,2292000
2024-09-24,909.386147536,912.896983959,896.644580769,911.664245605,2767400
2024-09-25,918.922620041,926.328921904,908.469022591,911.792480469,1805100
2024-09-26,907.551929947,909.119939568,892.798494321,896.763000488,2693000
2024-09-27,881.279750994,888.764965082,863.518446403,865.668334961,4377300
2024-09-30,852.581622138,875.175225092,846.950451447,873.705810547,3244600
2024-10-01,876.555895832,878.962203545,866.733414801,872.265930176,2455200
2024-10-02,867.847755072,881.013375916,866.565719291,878.764892578,1751600
2024-10-03,877.256058275,879.682109079,868.715673253,873.321166992,1974700
2024-10-04,873.676319041,876.694060668,864.780918407,874.909057617,1970500
2024-10-07,878.212715121,892.77877144,877.285693429,885.993774414,2915700
2024-10-08,890.530176706,909.238184859,889.770790627,901.102111816,2200000
2024-10-09,903.636753211,908.626876289,899.406016317,907.039123535,1820100
2024-10-10,907.295446709,909.267828114,892.650538847,898.114013672,1682100
2024-10-11,903.390169478,919.366471959,898.597296792,919.188964844,2293900
2024-10-14,923.074562817,924.060753589,913.212655095,916.674194336,1550400
2024-10-15,911.674262026,913.725555826,895.264032012,900.707824707,2284200
2024-10-16,897.463179555,905.13571214,885.44151214,903.764892578,1645400
2024-10-17,908.281624885,917.660307972,903.390097397,904.455200195,2191200
2024-10-18,904.51438804,908.202731664,893.114025841,905.293457031,2286900
2024-10-21,905.303340382,906.171193033,892.068677737,893.617004395,1592200
2024-10-22,889.228460773,898.538103783,887.768917737,896.595336914,1391800
2024-10-23,893.113939304,895.411780289,879.415737225,890.776672363,2646600
2024-10-24,885.924742347,887.571664026,876.013537471,879.011535645,1797100
2024-10-25,887.305264223,888.518319612,877.167255984,880.372375488,2228300
2024-10-28,882.512445593,885.806348936,878.478959435,883.22253418,2084100
2024-10-29,885.806394499,895.44143697,885.806394499,891.102233887,3187500
2024-10-30,787.473309742,848.617135921,758.380682769,835.135925293,18257200
2024-10-31,824.958452174,841.713823756,813.844062913,818.281921387,6582800
2024-11-01,816.56585008,821.496803281,805.451462303,807.62109375,5266300
2024-11-04,793.883601566,808.863842369,792.581822475,795.007873535,3918100
2024-11-05,792.729829719,798.035541454,786.477353072,794.929016113,3733300
2024-11-06,806.043274276,809.396286593,757.009840606,765.658752441,8257900
2024-11-07,773.814635998,791.467415219,767.443821755,786.437866211,4557600
2024-11-08,792.404299788,835.569889929,790.195242049,820.057067871,7212900
2024-11-11,819.820430149,832.345065808,813.242554125,820.944702148,3342800
2024-11-12,818.735553349,822.473194534,799.524517062,807.552124023,3378600
2024-11-13,808.992041651,817.660637086,800.086709864,800.59954834,3059300
2024-11-14,798.01570321,798.01570321,772.690331725,775.372741699,3998800
2024-11-15,765.75126503,768.507272199,735.138609874,737.114257812,7334600
2024-11-18,724.262759883,725.062894998,702.738094283,718.345703125,9148100
2024-11-19,707.588326236,721.111641486,703.745675759,720.844909668,5832500
2024-11-20,726.830996212,748.148254924,726.505057703,744.236450195,5158900
2024-11-21,737.035221373,743.831455163,726.050623565,740.78894043,4143200
2024-11-22,747.832066942,752.010603012,736.00784387,738.902160645,4015500
2024-11-25,740.867948216,745.807067871,730.999596793,745.807067871,5690500
2024-11-26,775.639459272,797.174011591,764.526438664,779.709289551,6622600
2024-11-27,778.523923691,785.152245097,770.799132006,778.593078613,2714700
2024-11-29,781.694820845,790.585237278,779.719172749,785.66583252,2206900
2024-12-02,788.392220489,795.544056805,785.537394578,790.061645508,2895600
2024-12-03,793.153486561,807.18059888,791.849551697,803.426879883,2782100
2024-12-04,818.017097368,836.153593317,810.509658469,819.735961914,3871100
2024-12-05,817.701055579,821.010242169,807.506703717,815.567321777,2423400
2024-12-06,817.602142251,830.759964863,815.636382183,816.643981934,3047100
2024-12-09,813.670731605,813.670731605,791.523731937,793.795715332,3176000
2024-12-10,799.416315907,804.088703947,787.295696616,789.844299316,2695200
2024-12-11,785.567114747,789.765367168,776.795231924,786.337646484,3510900
2024-12-12,787.029010888,792.076837444,768.912352154,772.82409668,2823800
2024-12-13,767.667657789,784.579199578,763.578052024,779.511657715,3059400
2024-12-16,782.356666575,790.04196681,765.810613336,769.514953613,3426200
2024-12-17,768.388770472,778.405320411,763.024893329,769.139526367,3924800
2024-12-18,765.563613212,769.51490928,753.215812998,755.398925781,3354200
2024-12-19,755.784047402,763.55821673,743.238732012,748.316101074,4032600
2024-12-20,801.471020884,801.471020884,757.275782422,758.411804199,9942300
2024-12-23,775.609823273,789.627049511,763.65717591,786.584594727,3622300
2024-12-24,781.734302299,788.03662447,777.516274373,785.981933594,1165400
2024-12-26,784.450744247,794.121518937,781.862650342,784.47052002,1274200
2024-12-27,780.381072079,783.640879689,769.73229889,773.634216309,2096500
2024-12-30,768.448064339,770.26568711,761.612338828,764.417785645,1719100
2024-12-31,761.612334652,764.486876079,754.993901527,762.600158691,2327000
2025-01-02,771.08564953,777.417575555,762.373033634,768.596313477,1938900
2025-01-03,768.694950272,776.271603418,766.087140852,772.458557129,1799100
2025-01-06,774.177459239,775.214722756,754.055487547,755.784179688,3991100
2025-01-07,755.586652588,774.414576883,752.346560709,763.874450684,3576100
2025-01-08,764.407848337,782.909772214,761.286290793,777.634765625,3478400
2025-01-10,782.287472598,790.259219711,775.303549508,790.160461426,3973100
2025-01-13,784.727382023,795.534178614,774.068722853,787.769836426,3683800
2025-01-14,774.681213607,774.681213607,720.123712156,735.83996582,10373000
2025-01-15,739.880135808,745.411925791,726.317332319,737.647644043,5736900
2025-01-16,738.398489331,756.189210407,737.311906976,748.375488281,3070300
2025-01-17,738.724503363,746.083804864,716.182350478,716.883666992,5560100
2025-01-21,722.366050071,734.229825536,717.683774124,733.311096191,5122800
2025-01-22,736.501814318,751.111709166,730.051294837,744.799499512,3737800
2025-01-23,738.556479802,757.265869141,735.188026424,757.265869141,3127200
2025-01-24,752.672489889,779.679563605,751.23024518,775.846801758,4170600
2025-01-27,769.228455216,799.396578725,769.228455216,798.329711914,3915200
2025-01-28,797.411019481,806.212564901,790.367829685,795.188415527,2808800
2025-01-29,797.164153392,799.268223529,789.271448553,794.289611816,1827600
2025-01-30,798.566740514,814.579388602,795.198287341,813.206298828,2643000
2025-01-31,812.979191473,817.276201965,801.154966559,801.204345703,2561600
2025-02-03,794.47722553,808.000538463,791.987889763,800.562194824,2808800
2025-02-04,801.174703921,818.945649383,796.126937368,816.01184082,4299700
2025-02-05,824.981226868,836.588158715,820.941000232,831.925598145,4578900
2025-02-06,829.298052561,876.930898555,825.435626824,859.772399902,7138500
2025-02-07,865.857427232,878.531166145,859.031529411,867.615722656,4426100
2025-02-10,867.04269389,869.285073544,848.90626069,858.300476074,3065600
2025-02-11,856.473146308,863.545940236,850.022626085,854.467834473,1944200
2025-02-12,846.496082719,867.092250989,845.686059737,862.340759277,2533400
2025-02-13,866.390786307,872.74248727,857.233638709,861.24420166,2472900
2025-02-14,859.997576257,864.351517619,832.676760298,835.42767334,3222300
2025-02-18,847.450308272,853.694218367,842.443306361,848.222167969,4289400
2025-02-19,848.202371798,872.099462447,848.202371798,857.968994141,3205500
2025-02-20,857.761147006,871.09994442,854.950865273,863.975341797,2990300
2025-02-21,871.396796105,885.032499867,864.282098363,864.52947998,3940400
2025-02-24,870.080754308,883.756018098,860.907884513,872.168701172,3017100
2025-02-25,881.410819858,902.44816279,881.410819858,892.354980469,5111300
2025-02-26,888.960840665,912.768843796,887.209359584,905.426574707,3032800
2025-02-27,906.129207338,915.806805815,894.591354543,895.67980957,3085400
2025-02-28,892.394611645,911.571579786,883.261240916,910.987792969,4071100
2025-03-03,903.239772561,925.830679352,900.469110454,919.982543945,3979800
2025-03-04,912.580842544,919.42834851,893.334541456,901.517944336,3343500
2025-03-05,895.323560601,920.744498673,892.196683451,919.982543945,3109500
2025-03-06,910.780003087,921.625235732,888.871931343,903.200256348,3273100
2025-03-07,895.907351242,898.490000736,852.368188211,860.472412109,4818100
2025-03-10,844.966547802,854.14938272,817.131222896,821.069519043,5962900
2025-03-11,818.536326901,823.632352101,803.139297089,815.429199219,3796500
2025-03-12,806.41459604,825.90827927,804.742293917,813.252197266,3014800
2025-03-13,809.670116305,812.510052397,787.049556055,793.25390625,3566300
2025-03-14,794.698636692,806.671943938,791.62122368,804.960021973,3102300
2025-03-17,808.393687645,820.317469911,806.038609739,816.121887207,2546600
2025-03-18,824.69115426,827.531090468,804.10901525,813.895446777,2354900
2025-03-19,813.113752283,833.310023601,810.917032266,828.243652344,3790500
2025-03-20,830.242398436,845.441510068,823.741202474,833.745300293,4402700
2025-03-21,829.025362316,841.523087938,816.676089839,828.797790527,5963800
2025-03-24,836.466486317,857.790768735,828.985668947,855.841430664,3102400
2025-03-25,860.442718704,865.756470947,839.039256605,843.422851562,2670600
2025-03-26,836.832619419,842.492681679,817.744676089,818.100891113,2562100
2025-03-27,814.20224972,818.110891703,806.751085748,813.06427002,2128200
2025-03-28,811.411725612,821.08932372,808.868635274,813.895446777,2124700
2025-03-31,800.507149819,819.337868603,781.132263922,817.25982666,3737000
2025-04-01,810.026288852,812.064710825,788.652542718,796.796325684,2987700
2025-04-02,786.713112971,811.263262588,786.713112971,809.65032959,2683800
2025-04-03,802.021141425,810.214389524,778.816732683,780.825500488,2675100
2025-04-04,754.128041128,760.223558309,727.005145809,730.478393555,5299400
2025-04-07,690.620192868,740.165789816,669.998495327,716.149963379,6274400
2025-04-08,747.072710462,755.503495713,705.809503021,718.633728027,4115200
2025-04-09,697.022490741,746.924304887,681.783758483,745.816040039,6619000
2025-04-10,731.161128902,734.17917254,684.524741791,713.35949707,4182700
2025-04-11,715.318763288,728.133142417,704.522996299,724.739013672,3603400
2025-04-14,742.590162731,751.604734514,726.827013073,746.449279785,3461200
2025-04-15,747.656510692,757.294488698,743.619225845,749.249633789,2458100
2025-04-16,747.725708818,748.378769638,722.690704135,727.202941895,3302600
2025-04-17,831.993827088,849.013694107,813.232444249,831.162658691,10853400
2025-04-21,832.696483268,835.071310712,798.547912917,809.452514648,3326600
2025-04-22,813.272048259,823.286051651,805.474574572,818.872741699,3086500
2025-04-23,828.194100504,837.149303026,810.065968229,820.733032227,2714600
2025-04-24,827.244201117,853.219273221,820.525337542,850.725646973,2939500
2025-04-25,850.656273133,876.304841952,842.156274832,875.275695801,3398900
2025-04-28,861.323391621,873.00969639,855.356518234,868.101623535,3457600
2025-04-29,868.50738457,883.122649291,864.875839379,875.928833008,2454400
2025-04-30,878.897441297,893.047658038,872.881103322,889.534851074,4374100
2025-05-01,835.160354832,842.017766138,783.774251622,785.782958984,12601100
2025-05-02,816.478002951,822.820900877,799.131636892,814.993713379,6059400
2025-05-05,808.443196166,820.950826327,803.525278173,812.856506348,2889600
2025-05-06,808.334375261,809.848319509,762.281769983,767.001831055,5982000
2025-05-07,772.325461268,776.12526974,764.171772276,768.585021973,3807800
2025-05-08,756.987784116,761.915606835,731.339273753,743.579711914,6162000
2025-05-09,744.133808861,754.029073541,725.322901041,726.876464844,4072600
2025-05-12,720.246658668,757.314343612,714.61625039,747.656555176,9176100
2025-05-13,747.636751818,751.54539366,733.090699862,738.246154785,4523900
2025-05-14,741.392731797,751.545282071,706.551546774,708.065490723,7558500
2025-05-15,718.099451394,730.943487079,704.750747489,725.609924316,5212900
2025-05-16,733.750501044,752.46113398,731.767391582,750.993652344,4645100
2025-05-19,746.640804974,752.312469689,741.246744149,748.732971191,4062700
2025-05-20,749.615484649,757.052146203,736.725271288,740.701416016,3873500
2025-05-21,740.740972748,744.181699242,717.855871899,718.827636719,4060000
2025-05-22,711.043890868,716.090931201,705.54077408,709.159973145,4249900
2025-05-23,704.003926993,713.562530048,703.012372166,707.682617188,2635700
2025-05-27,710.974621616,725.133993771,708.297411347,719.095397949,3792700
2025-05-28,719.095357255,723.825093111,708.703882111,713.31463623,2948800
2025-05-29,713.155953711,721.187584063,710.905165423,716.467773438,2785500
2025-05-30,718.877263624,739.600784121,711.053881361,731.440246582,6106200
2025-06-02,726.313838483,741.058252452,724.529052076,740.81036377,2946900
2025-06-03,739.947863367,750.607078819,735.19833706,744.43963623,3056500
2025-06-04,750.002109985,766.095024171,749.615389109,759.372314453,3135900
2025-06-05,763.001430741,763.497208149,746.690341917,759.213684082,3636400
2025-06-06,761.989972974,766.075173692,758.737704872,763.378173828,2069900
2025-06-09,765.43075715,772.708735654,761.10759265,767.17590332,2262200
2025-06-10,770.527333142,801.800949219,770.438066583,800.37310791,4744400
2025-06-11,802.812322561,813.788780318,798.231344486,801.781066895,3125400
2025-06-12,803.486646922,811.647123853,799.540217522,805.172302246,2271100
2025-06-13,803.496585045,818.03275254,801.275451341,812.440368652,2754600
2025-06-16,814.740786959,818.032756344,798.955250595,800.759887695,2821800
2025-06-17,798.360225988,798.360225988,782.277236386,784.557800293,2875600
2025-06-18,783.278701068,783.952951047,772.857450773,778.400268555,2442900
2025-06-20,779.362073811,779.362073811,749.179143239,756.288574219,6210600
2025-06-23,764.022718403,786.511173102,757.379289406,764.131774902,3951500
2025-06-24,766.362860987,777.815307676,756.576219223,771.509033203,2788500
2025-06-25,772.421159455,792.202689058,767.066739534,785.608825684,3023100
2025-06-26,787.244866208,792.053882296,781.592992314,788.404968262,3118200
2025-06-27,789.079237478,795.722666235,768.097966141,768.901123047,4115100
2025-06-30,771.965087211,778.370553296,767.463450002,772.946777344,3041500
2025-07-01,772.946760962,783.328310919,766.471878912,769.347412109,2734000
2025-07-02,769.942361967,773.254181885,761.514145513,772.698913574,1978300
2025-07-03,773.868899622,776.932770137,766.471878849,774.077087402,1450800
2025-07-07,774.086997142,774.55305937,755.594536358,766.342956543,2576900
2025-07-08,768.306201734,785.995565745,762.307307382,771.092468262,3301800
2025-07-09,777.180645835,787.294516973,775.385934055,780.274291992,2703100
2025-07-10,783.001074483,792.738150037,779.788446562,783.972839355,3130400
2025-07-11,779.709077481,789.009866165,770.636387551,786.312866211,2852500
2025-07-14,783.328328645,794.116450215,780.710609326,792.589477539,2401400
2025-07-15,794.899661337,798.617991565,757.924607341,765.23236084,4174100
2025-07-16,766.967673005,789.317297436,765.638962883,783.130004883,3255400
2025-07-17,780.145368484,783.328281135,753.601488009,755.068969727,4107300
2025-07-18,757.409007811,769.406856772,754.077398327,765.192749023,3357700
2025-07-21,761.682690141,765.480362252,754.077481208,755.743286133,3058000
2025-07-22,756.893468808,771.717164675,756.060536146,769.8828125,2496600
2025-07-23,773.412704731,793.33306628,770.517381807,792.143188477,2683600
2025-07-24,794.592355346,803.298235708,790.9137257,798.627990723,2786400
2025-07-25,802.167820581,808.305547117,795.593807519,805.826660156,2976900
2025-07-28,805.787036905,813.293053525,795.722731421,801.285339355,2587700
2025-07-29,767.959221164,772.907070117,748.802374453,756.506774902,7100700
2025-07-30,767.463437005,771.528787592,752.005070605,753.661010742,4338700
2025-07-31,740.988867914,759.977165977,729.22904286,733.819946289,5810300
2025-08-01,740.512943546,761.514066396,739.689936138,755.891967773,4859500
2025-08-04,753.551846646,767.939315987,746.214377688,762.505615234,3353400
2025-08-05,759.10464963,763.437739459,753.105754924,759.481445312,3615200
2025-08-06,750.170718584,756.556334099,733.938970884,740.066772461,4752100
2025-08-07,669.953910982,672.561705031,627.852531559,635.447814941,26101600
2025-08-08,649.468380542,650.638407919,618.512069377,620.366271973,14125100
2025-08-11,624.104402009,648.913122341,620.614170284,629.855407715,11294200
2025-08-12,634.099323328,640.72290243,624.084643602,634.029907227,6897400
2025-08-13,644.907233766,656.161355973,639.057036531,654.911987305,6310000
2025-08-14,656.409274512,679.69096174,649.567522216,678.649841309,8395900
2025-08-15,689.849234879,702.360295288,681.501856151,696.835144043,8224600
2025-08-18,690.664070505,703.31426745,689.153577501,693.675048828,4997300
2025-08-19,702.181511537,709.793538666,694.172027683,698.802856445,5941000
2025-08-20,697.123383624,701.376528044,680.855984165,701.018798828,4139400
2025-08-21,700.780237125,713.897519491,700.780237125,705.371276855,3617300
2025-08-22,710.558531448,714.950873179,704.983706158,707.219604492,3222700
2025-08-25,706.54394223,709.028273954,689.879025619,690.972167969,2898100
2025-08-26,711.751105147,731.566137772,708.630769887,731.417114258,7695600
2025-08-27,732.341217393,741.910867427,726.965089925,729.568664551,4326200
2025-08-28,731.188519288,733.961072379,721.787846625,727.372619629,3117000
2025-08-29,727.730328293,732.798340734,723.934262152,727.988708496,2551200
2025-09-02,723.427328076,732.520004901,719.104615871,730.582214355,3222500
2025-09-03,727.432165467,733.205749512,724.450967633,733.205749512,2222500
2025-09-04,731.705241964,742.31829953,730.721456332,738.25390625,2423400
2025-09-05,740.03271813,740.03271813,718.041409688,722.65234375,3958200
2025-09-08,725.136656084,738.045233186,714.712349893,734.010681152,4534600
2025-09-09,729.57867941,748.121765888,729.270624694,745.905700684,2986900
2025-09-10,743.401460477,751.06310014,737.836521428,749.89050293,2477400
2025-09-11,747.763928523,756.359740247,745.667167179,751.540161133,2197500
2025-09-12,755.405711082,756.826741455,743.312002043,750.655700684,2198300
2025-09-15,748.350274811,751.599800076,737.45894283,743.500854492,2790900
2025-09-16,740.738268677,765.551805851,739.873726076,759.917358398,3881300
2025-09-17,756.717489722,772.09056584,751.599802805,755.366027832,3471200
2025-09-18,756.608164035,767.698193636,754.253022525,758.1484375,3464000
2025-09-19,760.205510623,760.205510623,744.504546194,747.277038574,7349500
2025-09-22,743.868539419,757.26403666,741.592913395,750.218505859,2527400
2025-09-23,745.865927805,748.280690884,738.512281881,742.298400879,2910100
2025-09-24,741.314629359,742.258687532,731.54622017,737.200561523,2243000
2025-09-25,733.046819389,735.362233675,707.587391232,710.11151123,5136400
2025-09-26,719.581672712,724.431092836,712.585816778,719.999023438,3559700
2025-09-29,721.002720884,723.298240907,711.592101686,721.956726074,3309200
2025-09-30,722.403914441,761.546997719,720.764231296,758.218017578,6234300
2025-10-01,758.516099415,828.077383062,758.516099415,820.246765137,10124500
2025-10-02,809.256087504,829.230149697,807.715814063,814.711669922,4291800
2025-10-03,819.769840553,842.814503859,810.985216963,834.606262207,5088500
2025-10-06,834.685711136,851.201542128,833.403757261,839.753723145,3651400
2025-10-07,839.704060198,843.221851823,831.336848558,838.342651367,2610800
2025-10-08,844.67276056,850.635156517,839.694150231,840.419555664,2180900
2025-10-09,846.35216197,854.858511017,840.399713109,849.989196777,3071700
2025-10-10,852.622632855,858.932811063,824.907414067,828.266235352,3431000
2025-10-13,827.461387961,830.084857006,812.227447756,814.264648438,2167500
2025-10-14,816.937735395,816.937735395,800.948549695,807.258728027,1928400
2025-10-15,807.407822014,824.986955974,803.512406797,821.389648438,2355800
2025-10-16,819.89896987,829.468619734,810.259751445,814.244628906,2272900
2025-10-17,784.015333867,799.39829589,778.937313926,797.798400879,3983000
2025-10-20,800.551026731,804.337145835,794.757608848,803.890014648,2279700
2025-10-21,801.872634185,807.894651274,793.704181382,794.558776855,2099500
2025-10-22,793.396158498,810.826207047,788.844846056,807.338195801,2930600
2025-10-23,801.3460263,819.531321507,800.968403044,815.894226074,2632900
2025-10-24,810.100798904,828.922097337,807.407761643,820.276611328,2211200
2025-10-27,819.829393509,821.240476816,806.394109372,821.230529785,2114800
2025-10-28,820.823129623,824.261466263,808.948012894,814.960083008,2493500
2025-10-29,822.125001618,825.086305669,804.555814674,808.431396484,3591200
2025-10-30,832.251085877,847.653941794,807.15933672,839.207214355,6037200
2025-10-31,833.900672265,864.45795156,828.961850058,857.452148438,5015000
2025-11-03,861.099213276,895.69104564,857.213684509,890.911193848,5401500
2025-11-04,885.82320977,909.483982139,878.101948193,901.176391602,5911500
2025-11-05,905.29045116,949.471826956,902.170116058,920.007629395,7272900
2025-11-06,922.183919453,943.946689227,910.51750759,931.564758301,6417400
2025-11-07,925.334091643,926.158906793,895.25384307,918.576721191,4373400
2025-11-10,933.850353346,975.835559721,932.528671878,960.581787109,5696600
2025-11-11,960.492323392,993.683019638,959.240210493,982.42401123,4166400
2025-11-12,986.895764015,1016.01211851,983.894672005,1011.40124512,5185200
2025-11-13,1003.75947836,1026.47613242,1003.75947836,1016.45935059,4153600
2025-11-14,1004.14876932,1028.65039251,1002.94456508,1020.3505249,3862300
2025-11-17,998.894185499,1027.17758872,993.500261324,1016.78778076,4720000
2025-11-18,1009.13461615,1035.71615472,1009.13461615,1025.09753418,3430500
2025-11-19,1024.68959371,1050.51477974,1021.31587796,1044.55358887,3571200
2025-11-20,1040.47326128,1051.91796956,1033.2581191,1038.27392578,3135700
2025-11-21,1035.99493749,1061.5216382,1033.0093613,1054.60498047,4266700
2025-11-24,1051.68913423,1070.5479752,1044.33465031,1065.01477051,5497200
2025-11-25,1070.65740768,1105.76781197,1068.08985595,1104.60339355,4181500
2025-11-26,1096.70168004,1106.64363927,1092.8204066,1099.03039551,3093700
2025-11-28,1091.44702598,1093.76590127,1062.55657082,1070.29919434,2732200
2025-12-01,1069.21441779,1078.93746336,1049.92759139,1052.80371094,3070200
2025-12-02,1047.50939517,1063.04445223,1035.35813734,1041.0904541,3280000
2025-12-03,1041.35896782,1046.42446107,1017.40468918,1028.59069824,3447000
2025-12-04,1027.66516396,1027.66516396,1002.33751432,1009.61236572,3854900
2025-12-05,1018.91749274,1022.4504125,999.172855011,1005.45251465,2502100
2025-12-08,1005.88037884,1009.32376511,984.125495722,992.793640137,3088600
2025-12-09,998.018413331,1007.1343457,974.47213562,977.497497559,2569700
2025-12-10,980.264196767,998.17765417,972.422078334,988.862670898,2966300
2025-12-11,1003.30291073,1026.60039113,982.25457413,1004.52697754,4517000
2025-12-12,1003.90997271,1023.95315579,998.67525265,1022.56982422,3275200
2025-12-15,1027.58562173,1059.87955584,1027.58562173,1057.08300781,4648400
2025-12-16,1058.38674928,1063.11391153,1031.24784253,1049.22106934,4024500
2025-12-17,1059.1829099,1059.1829099,1031.42699003,1036.78112793,3726600
2025-12-18,1036.79113153,1074.07098704,1034.54198777,1051.79858398,3848600
2025-12-19,1053.91840434,1070.2096943,1053.91840434,1066.28857422,5829100
2025-12-22,1071.54315766,1078.27066566,1057.88915186,1071.30432129,2625600
2025-12-23,1058.38679267,1083.24667176,1058.38679267,1066.4876709,2108600
2025-12-24,1069.47316458,1080.50981004,1067.55239053,1071.80187988,932800
2025-12-26,1071.80191998,1076.19075096,1063.16372098,1072.5682373,1014600
2025-12-29,1072.76717811,1080.28092637,1069.21439609,1073.54345703,1653000
2025-12-30,1073.77247515,1077.16611437,1066.91558671,1074.55871582,1251500
2025-12-31,1074.56859348,1078.29060208,1069.26426351,1069.51306152,1646700
