date,open,high,low,close,volume
2015-01-02,77.8959477502,78.24289942,77.0236034797,77.767074585,18177500
2015-01-05,77.3011826864,78.5601239314,76.1909296318,76.5180587769,26452200
2015-01-06,76.5577143421,76.9145735756,74.7039900139,75.4871139526,27399300
2015-01-07,76.0918044932,76.6865799663,75.1599847954,75.4871139526,22045300
2015-01-08,76.0719683516,77.5490031949,75.4177176517,77.4994354248,23961000
2015-01-09,77.5192576831,77.9356072865,76.5279627892,77.0632629395,21157000
2015-01-12,77.1623923735,77.3210031898,75.5465843885,76.0521469116,19190200
2015-01-13,76.5577088718,77.4003080288,75.189717062,75.7844924927,25179600
2015-01-14,75.7547551085,76.5279639272,75.3681506991,75.6159744263,25918600
2015-01-15,75.7349214302,75.9034397249,72.8998178021,73.405380249,34134000
2015-01-16,73.3954527208,74.6643085924,73.1971892641,74.5255279541,21791500
2015-01-20,75.0608619967,75.6457224429,74.1686949439,75.5763320923,22821600
2015-01-21,75.4970227877,76.6270983623,75.1897162276,76.0719680786,25096700
2015-01-22,76.4982123731,77.0731651307,76.0124800738,76.9740371704,19519500
2015-01-23,76.9740477011,77.5093478352,76.369357229,77.1524810791,16746500
2015-01-26,77.3011804143,77.7869128026,76.6171845062,76.8253555298,19260800
2015-01-27,76.0422277022,76.2107460131,74.9716274398,75.1203231812,20110000
2015-01-28,76.230590452,76.9641466675,75.3384233992,75.5763320923,53306400
2015-01-29,76.1810085429,77.340821715,73.5639907154,77.3209991455,61293500
2015-01-30,77.3210094479,77.479620277,75.0905957139,75.249206543,42649500
2015-02-02,75.4474492699,75.4771869044,73.1079928923,74.3371963501,41955300
2015-02-03,74.5354660632,74.9220704697,73.2170420291,74.743637085,26957700
2015-02-04,74.4363337337,75.6853674811,74.357035886,74.9716339111,20277400
2015-02-05,75.0509330883,75.3185869363,74.5552856574,74.9518051147,15062600
2015-02-06,75.0211974751,75.0410200451,73.6036454818,73.8217315674,21211000
2015-02-09,73.4053877951,74.1785965799,72.8106048256,73.7919921875,16194300
2015-02-10,74.1984020577,74.6841343121,73.8514504474,74.535446167,15811300
2015-02-11,74.4363193268,76.081872246,74.3768440618,75.843963623,20877400
2015-02-12,76.1909269464,76.2008420131,75.2293696792,75.5664138794,17235000
2015-02-13,75.794422156,75.8142522932,74.8427797711,75.0806884766,18621900
2015-02-17,74.6445029936,76.2404882593,74.426416923,74.9418869019,25254400
2015-02-18,75.2789349753,76.2305771445,74.7931950428,76.0422286987,22426400
2015-02-19,76.3197834341,79.1449720608,76.2801307351,78.7286300659,45851200
2015-02-20,78.8575160546,79.6406324073,78.5105567728,79.2044677734,36931700
2015-02-23,79.2639317997,79.4919329329,77.6976841907,78.153678894,24139100
2015-02-24,77.8166423505,78.7881145891,77.4201229151,77.767074585,18897100
2015-02-25,77.8166537816,79.5018521759,77.8166537816,78.8674240112,25593800
2015-02-26,79.184636932,80.6616718351,79.0260336746,79.7100296021,31111900
2015-02-27,79.9776678932,80.5228830797,77.9356029455,78.2825546265,30739200
2015-03-02,78.3122921169,79.1648062817,77.8364672675,79.0557632446,21662500
2015-03-03,78.9169890414,79.0062019538,77.8364736479,78.9070739746,18635000
2015-03-04,78.6096772765,80.4435710648,78.1635900979,80.1957473755,28126700
2015-03-05,80.5228818896,81.2762605105,80.3444485187,80.5030517578,27825700
2015-03-06,80.1957512219,80.6220082905,79.1350660833,79.3134994507,24488600
2015-03-09,78.9863674892,79.2143686138,77.9455049567,78.7484588623,18925100
2015-03-10,77.8166585732,78.5700449013,76.8749313354,76.8749313354,23067100
2015-03-11,77.1227383751,77.7472513757,76.5874382762,76.8947372437,20215700
2015-03-12,77.420128103,78.3618627706,77.2317872199,78.2429046631,16093300
2015-03-13,77.9157749603,78.6889837458,77.0037854987,77.3705673218,18557300
2015-03-16,77.2813302132,77.4399409878,76.6865549342,77.39037323,19305400
2015-03-17,77.6778640977,79.0855009523,77.6580339657,78.6691589355,22170000
2015-03-18,78.5601125965,80.5327871233,78.4808071977,80.2056655884,36912400
2015-03-19,80.4138474433,82.277479189,80.2948893291,82.0296554565,42099500
2015-03-20,82.6640915326,83.8635576053,82.3468774271,83.070526123,44466300
2015-03-23,83.1894601034,84.2204076315,82.5748621507,83.695022583,27357300
2015-03-24,83.9725845361,85.3207461163,83.7842360974,84.5673599243,32576500
2015-03-25,84.7557241162,84.7755466889,82.1981811523,82.1981811523,37436100
2015-03-26,81.9999152344,83.0407703403,81.424962378,82.2873916626,32794800
2015-03-27,82.6541650918,83.2192028758,82.1585176474,82.5748672485,18372600
2015-03-30,83.0804136918,83.6057987189,81.6926070402,82.4757232666,24527700
2015-03-31,82.1783379483,82.7731132977,81.4943421368,81.5042572021,19734300
2015-04-01,81.7818296254,81.9999157145,80.1660216537,80.9590530396,22058200
2015-04-02,81.5340019749,81.8413009604,80.731055561,80.8500061035,19664100
2015-04-06,80.0966206234,82.0891176703,80.0966206234,81.7223434448,19062900
2015-04-07,81.9305150176,82.6938086699,81.50425796,81.6033859253,17467000
2015-04-08,81.9106952955,82.3766051111,81.1275714129,81.5637435913,18966700
2015-04-09,81.7818334335,82.0792249439,80.9987095149,81.4547042847,15927300
2015-04-10,81.4943468578,81.8908663014,81.1969629473,81.3258285522,12529700
2015-04-13,81.2167913568,83.209296221,81.2068762902,82.2873916626,26883100
2015-04-14,82.4459865656,82.961464096,81.722345598,82.7929382324,19634200
2015-04-15,82.8226894881,82.9317325289,81.5538257004,81.9899978638,22390900
2015-04-16,81.7520785012,82.3468538332,81.4348644866,81.5934677124,13769700
2015-04-17,80.7707161198,81.3952292177,79.6703781167,80.0768051147,24215000
2015-04-20,80.8301889952,82.4261744276,80.5327974929,82.3666915894,28796800
2015-04-21,83.2687715535,83.7545039366,82.8127768073,82.8920822144,27171900
2015-04-22,83.5859810474,84.0023230673,82.9218153162,83.8932800293,45548000
2015-04-23,83.3678948373,84.8449220366,81.6926116943,81.6926116943,73728100
2015-04-24,82.0494779474,82.2180038332,80.7707141444,80.820274353,29660400
2015-04-27,81.1573153755,82.2080855388,80.9193991565,81.1969680786,25446000
2015-04-28,81.1176670899,81.1870574335,79.531596692,79.9776763916,23775300
2015-04-29,79.3134984064,80.6814824963,78.8277585131,79.769493103,26430300
2015-04-30,79.3135005715,80.2552276242,77.6382099075,78.0842895508,28999000
2015-05-01,78.5502148058,79.0656924484,77.4300541624,78.3023910522,24136400
2015-05-04,78.6394247169,78.9962914791,77.9455137625,78.1239471436,14692000
2015-05-05,77.8662294671,78.1140532305,76.547805231,76.8848419189,22311300
2015-05-06,77.2912622582,78.1239463191,76.3792727925,77.4201278687,28663000
2015-05-07,77.3209963408,78.2528158963,76.8848241976,77.747253418,19749400
2015-05-08,78.4114289935,78.5403021772,77.3507437,77.8265686035,19943600
2015-05-11,77.796827172,78.3420348299,77.2516119512,77.3309173584,18874100
2015-05-12,77.1921401243,77.2119626955,76.1215397681,76.7857055664,21285300
2015-05-13,77.043438118,77.8463845385,76.97404778,77.7571716309,21512300
2015-05-14,78.2528200163,81.1374841758,77.9851661642,80.6616668701,49438000
2015-05-15,80.7013122109,80.8103476795,79.4820162956,79.7199249268,27069900
2015-05-18,79.6307261463,80.6715813191,79.5315981627,80.1759338379,21613700
2015-05-19,80.5426984241,80.9788705342,79.8487951244,79.9280929565,17955400
2015-05-20,79.7695105022,80.3940236346,78.7683004265,79.848815918,23056900
2015-05-21,79.4919349074,80.2155758987,79.382891871,79.7794113159,13402700
2015-05-22,79.6505492408,80.6021915034,79.5514212565,79.8388977051,19567900
2015-05-26,79.7298500757,79.8983683956,78.3916034571,78.6394271851,16321300
2015-05-27,78.9070811226,79.9578589739,78.7385627864,79.848815918,14160900
2015-05-28,79.5514137415,80.3642752367,79.3035900227,79.4522857666,11982000
2015-05-29,79.2540272055,79.3729853206,78.1933419252,78.5006484985,16134600
2015-06-01,78.6096846688,79.6802773594,77.9752565695,79.5910644531,18119000
2015-06-02,79.0656805419,80.6418357468,78.8674170311,79.7397613525,18923300
2015-06-03,80.6418282103,81.8115563441,80.5427002457,81.7223434448,31775000
2015-06-04,81.4249596728,82.227906094,80.80044663,81.3357467651,20863900
2015-06-05,81.1573186015,81.7421789797,80.8004518219,81.4249649048,16143100
2015-06-08,81.1077488322,81.2861822176,79.4324580224,79.9677581787,16915500
2015-06-09,79.8983678379,80.4832357646,78.6295115694,79.9677581787,16497500
2015-06-10,80.1263846632,81.8809736607,80.106554526,81.44480896,21531200
2015-06-11,81.593485496,82.1783534534,80.651758312,81.1176681519,18656800
2015-06-12,80.6616710971,81.3753970931,80.4931452113,80.820274353,11417900
2015-06-15,79.8488048955,80.2254942238,79.3729800296,80.0074081421,18805100
2015-06-16,80.1164538285,80.8004497323,79.7496719914,80.3543624878,13693700
2015-06-17,81.0482729222,81.5042676674,80.6319233175,81.0780105591,18350300
2015-06-18,80.9293141942,82.4658242985,80.8599238544,82.1882629395,26782600
2015-06-19,82.1089621268,82.2576578812,81.4051436233,81.7917480469,23353200
2015-06-22,82.6839180175,84.2303357681,82.584782469,84.0023345947,29383100
2015-06-23,84.2204036605,87.204203068,84.0221477295,87.114982605,50667900
2015-06-24,86.8969055672,88.4730606648,86.6887270043,88.0864562988,41370200
2015-06-25,88.4829905595,88.6217712494,87.0753459635,87.2141342163,27302000
2015-06-26,87.3529166494,87.5709951928,86.0741452134,87.2438735962,38214600
2015-06-29,85.8560623918,86.7383143556,84.9837254958,85.0531158447,35957900
2015-06-30,85.8461300942,85.9452580639,84.8250976374,85.0233535767,23016500
2015-07-01,86.0146541405,87.1843824113,85.7370927818,86.1534423828,25260000
2015-07-02,86.6391791567,86.6788318618,85.5884013788,86.5301361084,16908800
2015-07-06,85.737087031,87.4222927661,85.6379590614,86.7878646851,24635900
2015-07-07,87.0356919712,87.0852521766,84.4880644766,86.4607391357,33059900
2015-07-08,85.5388317726,85.9948264867,84.7061401828,84.9044036865,24399300
2015-07-09,85.9750149055,86.8374366774,84.9044145374,85.1324081421,23307400
2015-07-10,86.5896117539,87.4520410769,86.0146588718,87.184387207,23245900
2015-07-13,87.8882217449,89.4346395848,87.6503054903,89.3156814575,29976700
2015-07-14,89.6725158917,90.0095600158,88.8695696206,88.899307251,26627800
2015-07-15,89.216546368,90.1979262604,88.6415934763,88.9786376953,30886600
2015-07-16,89.4941052576,90.0690581334,88.9885427247,90.0591430664,21804100
2015-07-17,91.7443406962,94.5596144186,91.7344256302,94.1432723999,54001600
2015-07-20,95.0156132455,97.7416741801,94.5298808693,97.0576858521,54860500
2015-07-21,98.0886157,98.3760920945,96.2943745639,97.533493042,39453300
2015-07-22,95.8978599899,96.730551582,95.0849985296,96.1952514648,28299500
2015-07-23,96.1159491311,96.601681497,93.9846636603,94.6091842651,29418800
2015-07-24,96.5025451196,96.9089796088,95.0453405859,96.1060256958,33444900
2015-07-27,95.7392435746,95.7689812055,93.0131831601,93.3502197266,38585400
2015-07-28,94.0144077378,94.7281412991,92.4977277017,94.4604949951,35236000
2015-07-29,95.4815175687,96.4331596964,93.9152699247,96.1456832886,64648300
2015-07-30,94.0838111092,94.9759705496,91.000883086,94.3811950684,86211300
2015-07-31,94.123439484,95.4914311664,93.1321446708,93.1916275024,46509000
2015-08-03,92.7158051482,94.252315175,91.9921641505,93.3204956055,29343100
2015-08-04,92.9735569915,93.9053766919,92.5175622087,93.2412033081,20136000
2015-08-05,94.4208433526,96.2448224182,94.3514530091,95.6004867554,29813200
2015-08-06,96.3340264852,97.8804439132,93.59805079,94.2919616699,42271300
2015-08-07,94.5496957294,94.5695258607,92.7951072531,93.4791030884,23199100
2015-08-10,94.8470937642,95.0651798463,92.8149362491,93.3304138184,21624200
2015-08-11,92.914089143,93.935121843,92.0913124295,92.8050460815,22491000
2015-08-12,91.8930365275,93.6178951424,90.396186636,93.3700714111,27050500
2015-08-13,93.2312895283,93.9053703712,92.5373785519,92.61668396,17451800
2015-08-14,92.7257162793,93.895444443,92.3985871809,93.5980529785,15929700
2015-08-17,93.5980446067,93.6376973026,92.5770122665,93.1123123169,18313500
2015-08-18,93.2610296229,95.0156183362,93.2213769178,94.3415374756,22278800
2015-08-19,93.8062277408,95.2634323618,93.3403255201,94.4803085327,23251300
2015-08-20,92.7257297338,93.9450182766,89.6725394989,89.7716674805,44598200
2015-08-21,86.7581341993,88.4036875129,84.8647647011,85.3108444214,62778700
2015-08-24,76.3594468303,81.3753967285,71.3732345697,81.3753967285,83710700
2015-08-25,86.1931011098,86.906834752,82.2774887085,82.2774887085,52021200
2015-08-26,85.2017887056,86.6986460357,82.5352107215,86.4309997559,45124300
2015-08-27,88.3243625111,89.2760045829,86.4309934328,88.9488830566,42431400
2015-08-28,89.0975900119,90.683668029,89.008377094,90.2177581787,33215900
2015-08-31,89.8113254808,90.2574127686,88.1162119385,88.651512146,32850700
2015-09-01,86.0939528506,88.6118425789,85.7470011793,86.4706497192,36097400
2015-09-02,88.0368903215,89.1074905396,86.8671621344,89.1074905396,27190500
2015-09-03,88.9786300055,89.0381052777,86.9663026214,87.3826446533,27048200
2015-09-04,86.4409062956,87.6205495654,85.9452588797,87.49168396,27328700
2015-09-08,88.9092364146,89.4544440376,88.0567222491,88.7506256104,27012500
2015-09-09,89.9897389265,91.1792972004,89.3850485057,89.6527023315,32551100
2015-09-10,89.2859366577,91.2586115085,88.8497644556,91.1793136597,26437400
2015-09-11,90.8819135507,91.2784330094,90.3366983496,91.2486953735,21185000
2015-09-14,91.5064315796,91.8137381474,90.8026130945,91.5064315796,20127900
2015-09-15,91.5659082731,92.4382450208,90.9909554433,92.091293335,18859400
2015-09-16,92.0913202247,92.7852237991,91.823666301,92.6365280151,16321200
2015-09-17,92.5572033947,94.6785737807,92.0912936024,93.5187530518,27841800
2015-09-18,92.3886885636,94.3613710074,92.2400003678,93.5782470703,62300000
2015-09-21,93.796326637,95.6500432691,93.6971910961,94.7182312012,28790000
2015-09-22,92.9537262316,93.8558082867,91.1198320453,92.1507797241,36888900
2015-09-23,92.5869397815,93.4989292213,91.9921643887,93.1519775391,21701400
2015-09-24,92.2498959322,93.945009211,91.4370344611,93.5881500244,29106000
2015-09-25,94.9561322098,95.0156074792,91.2585991842,91.9624176025,28961600
2015-09-28,91.2784373967,91.4866084208,87.4123857237,88.4334182739,41199900
2015-09-29,88.3243664149,89.2760085288,84.9737926662,85.9155197144,42281800
2015-09-30,87.6701191753,89.2363592944,87.2438620863,89.1174087524,36169100
2015-10-01,89.2661048398,90.1582641602,87.5908141124,90.1582641602,29283700
2015-10-02,88.126113681,91.3973821484,87.6007286206,91.2685165405,37881700
2015-10-05,92.1309423549,93.4493587085,91.8533810173,93.1916275024,27292500
2015-10-06,93.2610362722,93.3502491928,91.536177511,91.9921798706,22172800
2015-10-07,92.2994681864,92.8446834033,90.5746171885,91.5956497192,24129300
2015-10-08,91.0900937967,92.4085179162,89.6824567604,91.6650466919,27290500
2015-10-09,92.0913004514,92.9239845619,91.4370421678,92.4283370972,20012900
2015-10-12,92.507648668,93.776505052,91.8633054084,93.4394683838,18449600
2015-10-13,92.8446797129,94.5397930067,92.7356366739,93.3006744385,19480300
2015-10-14,93.2610289585,94.3712744414,92.7951191307,93.2511138916,19253400
2015-10-15,94.1630918722,95.461693216,94.0738789695,95.1246490479,27557500
2015-10-16,95.3427410792,96.7404629158,94.5199645204,96.69090271,25412900
2015-10-19,96.3340218635,97.7119209288,96.0762831169,97.6127929688,23729900
2015-10-20,97.8705449384,98.7230515608,95.7194293425,96.1556015015,30881800
2015-10-21,96.5223795796,97.3253259656,95.6302127268,96.2646408081,21917800
2015-10-22,96.9387438226,98.8618586393,96.7008351283,98.8023757935,26392100
2015-10-23,101.022861322,101.954673334,99.2880953424,101.300422668,42809700
2015-10-26,101.310336007,102.906321405,100.666000371,102.866668701,25961200
2015-10-27,102.043915817,103.193814153,101.508615577,102.797294617,23795500
2015-10-28,102.995539049,103.570491892,102.024066743,103.292922974,24081500
2015-10-29,103.055013407,104.204919082,102.618841245,103.967002869,20316700
2015-10-30,103.600234056,103.808405081,100.765129984,101.082344055,33487100
2015-11-02,100.834519767,102.569285865,100.299219607,102.410675049,24003900
2015-11-03,102.321455073,102.747712159,101.508593603,101.687026978,21242300
2015-11-04,102.291723221,103.233450352,101.58790475,103.035194397,43469300
2015-11-05,107.852885124,109.686779125,107.010278433,107.813232422,63232900
2015-11-06,107.099490733,107.793394065,104.988035538,106.167671204,35084300
2015-11-09,106.068558447,107.30767712,104.938482822,105.562995911,26383500
2015-11-10,105.037612392,107.208550761,104.323878815,106.97064209,25031700
2015-11-11,107.327494381,108.913572255,106.177596241,108.061058044,25057100
2015-11-12,107.535668423,108.437742802,107.059843568,107.079666138,20924700
2015-11-13,106.772368131,107.307668261,102.926146809,103.045097351,30278400
2015-11-16,102.420582,103.263181097,99.595393234,103.134315491,49309200
2015-11-17,103.709265953,105.275506008,103.233441116,104.214820862,26807200
2015-11-18,104.879003543,106.940891189,104.472569003,106.831848145,23836500
2015-11-19,106.425421971,106.79220381,105.02769252,105.334999084,25520600
2015-11-20,105.909940211,106.930980279,105.691861692,106.385765076,22129600
2015-11-23,106.256913438,106.534474827,105.156575383,106.018997192,19897200
2015-11-24,105.077257831,105.562990207,103.481272461,104.819519043,23577300
2015-11-25,105.404382938,105.672029219,104.185086948,104.492393494,15150800
2015-11-27,104.859164934,105.037598304,103.947175514,104.532035828,5913100
2015-11-30,104.918643183,105.176381961,102.846840579,103.332572937,20383200
2015-12-01,103.917448969,106.217252897,103.590319828,106.187515259,22781900
2015-12-02,106.068549107,106.980538555,104.869083244,105.146644592,24429100
2015-12-03,105.344898247,105.919851063,102.450319159,103.471351624,23236500
2015-12-04,103.89762234,106.792209371,103.203718893,105.255699158,21224700
2015-12-07,105.5530725,105.900024164,103.748916286,104.690643311,15474900
2015-12-08,103.094673631,105.979345533,103.045105859,105.562995911,20401800
2015-12-09,105.25569326,105.513432053,102.648590384,103.689445496,23517300
2015-12-10,104.135529813,105.473776384,103.501101697,104.502304077,17454300
2015-12-11,103.243368452,103.431709346,101.022869927,101.231040955,26427700
2015-12-14,101.399552701,103.828222097,100.576776148,103.748924255,24648100
2015-12-15,104.383348441,104.878995855,103.37222348,103.639877319,21764300
2015-12-16,104.452745153,106.157766009,103.283016882,105.86038208,22680500
2015-12-17,106.554274919,106.812013682,105.206113398,105.295333862,21675700
2015-12-18,105.156557861,105.662112781,103.064925155,103.134315491,35994200
2015-12-21,103.996744167,104.234652808,102.698142798,103.857955933,16138800
2015-12-22,104.304045801,104.740217958,103.897611281,104.591522217,14597100
2015-12-23,104.968203151,105.186289212,102.955875967,103.719169617,19599700
2015-12-24,103.828235426,104.403188337,103.590326745,104.105796814,6501800
2015-12-28,104.105791507,105.057441307,103.620059103,105.007873535,13069700
2015-12-29,105.493587151,106.802095939,105.325068856,106.326278687,17179900
2015-12-30,106.068542589,106.316366286,105.136723066,105.295333862,13115000
2015-12-31,105.077255745,105.245774057,103.709271553,103.748924255,18391100
2016-01-04,101.062523419,101.34999988,98.8816774181,101.330177307,37912400
2016-01-05,101.99431948,102.807180898,100.784938636,101.835716248,23258200
2016-01-06,100.249637348,102.866654935,100.021643786,102.073623657,25096200
2016-01-07,99.6251391359,100.547043711,96.4529984275,97.0675964355,45172900
2016-01-08,99.0105321439,99.6251377061,96.1853431842,96.4827346802,35402300
2016-01-11,97.0576827843,97.7416710907,94.5596155169,96.6611633301,29932400
2016-01-12,98.1382001401,99.0898423854,96.7008254865,98.5049819946,28395400
2016-01-13,99.7044392624,99.7044392624,94.3811831186,94.6091842651,33410600
2016-01-14,95.015604752,98.0093192734,91.6452009306,97.513671875,48658600
2016-01-15,93.1618926235,95.540994195,92.7257204726,94.1432723999,46132800
2016-01-19,95.6896968282,96.5719486965,93.1024164979,94.4307556152,30998300
2016-01-20,92.0219063611,94.1730144551,88.5920269527,93.5286712646,59051400
2016-01-21,94.0837878308,95.154380407,91.8137219584,93.3403167725,30518900
2016-01-22,95.57073773,97.2162832071,94.658740743,97.0874176025,30495400
2016-01-25,97.8606330743,98.6140193108,96.0862143078,96.1655197144,32482000
2016-01-26,96.9089872216,97.027937764,94.827269537,96.4926376343,26877100
2016-01-27,96.938720977,96.9981962458,93.4097138518,93.6277923584,58699400
2016-01-28,106.266802389,109.37946754,103.897608359,108.160179138,107475300
2016-01-29,108.041214457,111.857697795,107.892518729,111.233184814,62739500
2016-02-01,111.292675803,114.712647768,111.034944573,114.088127136,46132700
2016-02-02,113.800653131,116.56635914,112.214575302,113.612304688,59778600
2016-02-03,114.266557566,114.335947905,108.794613153,111.709022522,56919300
2016-02-04,110.826776863,110.965557549,108.298971751,109.528175354,38890200
2016-02-05,108.556701282,108.626091619,102.281803058,103.164054871,76894700
2016-02-08,99.5359186872,101.78615465,96.6115943663,98.8816604614,71229700
2016-02-09,96.2943906725,101.508604218,95.9771765916,98.673500061,62709000
2016-02-10,100.666011485,102.35120998,99.3674098769,100.120796204,45179400
2016-02-11,98.7329838826,104.195021638,98.019250248,101.022880554,43670600
2016-02-12,102.836922187,103.332569596,100.20998941,101.121986389,36176800
2016-02-16,102.896409664,103.025275273,99.3673948135,100.725471497,45687200
2016-02-17,101.131899829,104.799695405,99.5260069718,104.284217834,44073400
2016-02-18,104.879001419,105.07725737,102.133110364,102.569282532,29593500
2016-02-19,101.657286288,104.105778128,101.171546383,103.659698486,32404500
2016-02-22,104.571689479,107.307665327,104.422993742,106.227157593,35709700
2016-02-23,105.919853278,106.534458808,104.204917422,104.541954041,25319300
2016-02-24,103.302844551,106.018990563,101.845639783,105.94960022,34412400
2016-02-25,106.177607287,107.129249573,104.690664798,107.129249573,29906300
2016-02-26,107.75374618,108.497217311,106.227158781,106.980537415,26686200
2016-02-29,106.663331026,107.961932503,105.820731863,105.989250183,32779000
2016-03-01,106.89132381,108.863998413,106.663322671,108.863998413,26817300
2016-03-02,108.725212622,109.58764181,107.823130735,108.992858887,25670200
2016-03-03,109.290256735,109.339824502,107.595143456,108.626091003,21353100
2016-03-04,109.092010124,109.092010124,106.990462149,107.446456909,24938900
2016-03-07,107.129242591,107.129242591,103.808406094,104.809616089,31436400
2016-03-08,103.867882839,106.435340672,103.491193484,105.007873535,25617000
2016-03-09,105.771150391,106.574104309,104.571684611,106.574104309,20493300
2016-03-10,106.970632981,107.714104133,104.849255003,106.385765076,24854300
2016-03-11,107.535668426,108.46748044,106.980538168,108.457572937,20697600
2016-03-14,108.328704895,109.36956756,107.823142381,108.933395386,17249400
2016-03-15,108.160186391,109.865214817,107.892532534,109.706604004,17618500
2016-03-16,109.528169915,111.520674755,109.141565514,111.203460693,24744800
2016-03-17,111.173718739,111.709018865,109.76608187,110.05355072,24241200
2016-03-18,110.588863302,111.441377573,109.310091896,110.479820251,36256900
2016-03-21,110.687986636,111.391805072,110.06346604,110.876327515,18448000
2016-03-22,110.3905982,111.897363087,110.202249753,111.272850037,19001100
2016-03-23,111.034955738,112.204684148,111.025040671,111.560340881,18562000
2016-03-24,111.153890428,112.10553259,110.707810764,112.065887451,17839100
2016-03-28,112.333543159,113.592484415,111.966761306,112.700325012,21351800
2016-03-29,112.839101353,115.30742356,112.6507529,115.128990173,29825300
2016-03-30,115.713850077,115.97158129,113.364478582,113.701515198,33235200
2016-03-31,113.701518267,114.008824818,112.779613738,113.106742859,21207500
2016-04-01,112.759793839,115.15872566,112.36327437,115.049682617,24760500
2016-04-04,113.077008753,113.552833632,110.638424211,111.570243835,48487900
2016-04-05,111.134067617,112.333533493,110.925896603,111.243110657,22962400
2016-04-06,111.490935031,112.819266524,111.441367262,112.72013855,20814600
2016-04-07,112.799437311,113.889860089,112.085703838,112.650741577,20714500
2016-04-08,113.255444366,113.334749774,108.943312986,109.666954041,48497800
2016-04-11,109.736334874,109.944513444,107.823135546,108.041221619,39762300
2016-04-12,108.388176535,110.192340443,108.041224846,109.647125244,26248100
2016-04-13,111.253024881,111.669366905,105.592724605,109.547996521,88227400
2016-04-14,109.657043547,111.064680477,109.300176781,109.87512207,28473300
2016-04-15,109.825552675,110.003986043,108.249389998,108.685562134,20922800
2016-04-18,108.784691715,109.845376873,108.249391604,109.488510132,21167200
2016-04-19,110.132856704,111.471103244,108.209749831,111.3125,30210500
2016-04-20,111.451283169,112.283967235,110.588853905,111.441368103,21027900
2016-04-21,111.570239937,113.047267166,111.332323724,112.45249176,20875200
2016-04-22,110.241900238,110.777200369,108.061054576,109.597557068,38458200
2016-04-25,108.913569831,109.706601188,108.120530912,109.141563416,21017900
2016-04-26,109.528168316,109.538083382,107.208541945,107.813232422,22521500
2016-04-27,107.0003734,107.991668295,105.38455788,107.942100525,52213100
2016-04-28,118.539048573,119.738514521,115.218212097,115.713859558,87110100
2016-04-29,115.803071269,116.814188751,114.831598928,116.55645752,37140600
2016-05-02,116.804285652,117.696452619,115.555251899,117.537841797,28095200
2016-05-03,116.496973531,117.131409226,116.00132608,116.40776062,24117500
2016-05-04,115.594905309,117.270196203,115.555252603,117.032279968,23448400
2016-05-05,117.012455509,117.944275172,116.2293316,116.784454346,22056700
2016-05-06,116.140110181,118.598517215,116.090542413,118.449821472,26395600
2016-05-09,118.49938733,119.232943402,117.864959231,118.20199585,21138100
2016-05-10,118.578697763,119.451034546,117.964092207,119.451034546,23220000
2016-05-11,119.361820254,120.025986009,118.380432877,118.479560852,22038400
2016-05-12,118.935564374,119.788071022,117.864964076,119.232948303,22035500
2016-05-13,119.332081879,119.589820681,118.638178448,118.767044067,18124300
2016-05-16,118.340781356,118.568782508,116.328453937,117.636962891,31247800
2016-05-17,117.785665478,117.974013938,116.179764938,116.328460693,21328600
2016-05-18,115.783224985,117.240421854,115.713834658,116.625823975,21642300
2016-05-19,116.031075716,116.467240346,114.871254888,115.793159485,20544100
2016-05-20,115.941856268,116.962888855,115.931941201,116.328460693,18944800
2016-05-23,116.397838979,116.576272354,114.930726842,114.960464478,20441000
2016-05-24,115.22811022,116.705144978,115.109159679,116.67539978,20183600
2016-05-25,117.101662929,117.636963079,116.35819176,116.863754272,20019800
2016-05-26,117.210704277,118.717476727,116.893490219,118.430000305,18481300
2016-05-27,118.519223191,118.806699637,117.974015499,118.340789795,13493600
2016-05-31,118.420084758,119.054512872,117.091753257,117.775741577,23547600
2016-06-01,117.468433235,118.043386032,116.794352472,117.745994568,15029500
2016-06-02,117.656782832,118.400253935,117.190873063,117.894691467,13228300
2016-06-03,117.94426795,117.94426795,116.834014964,117.438705444,14135100
2016-06-06,117.587402095,118.390348532,117.329663307,117.75592041,12744700
2016-06-07,118.201990619,118.26147345,116.645658075,116.73487854,17103000
2016-06-08,116.734900027,117.567584187,116.249160037,117.359413147,14505600
2016-06-09,117.101658863,117.64687406,116.685316838,117.527915955,13859200
2016-06-10,116.516802104,117.081839888,115.247945857,115.604812622,18510800
2016-06-13,113.998916284,114.474741176,112.323625442,112.958053589,31718200
2016-06-14,113.077001012,113.94933774,112.591268662,113.939430237,17618500
2016-06-15,114.296297396,114.435078068,113.077001423,113.602386475,19819400
2016-06-16,112.878748445,113.503261484,111.956843923,113.394218445,19236300
2016-06-17,113.423947018,113.433862084,111.580138121,112.036132812,24644300
2016-06-20,112.779621972,113.721356703,111.768504461,112.383110046,20785400
2016-06-21,113.126569021,114.207076758,112.977873283,113.384300232,19166300
2016-06-22,113.651967399,113.741180315,112.621019745,112.918411255,14846300
2016-06-23,113.374405678,114.088131686,112.551629058,114.078224182,16176900
2016-06-24,110.043639195,112.690394527,110.033724129,111.104324341,40643100
2016-06-27,110.598757724,110.598757724,107.287836807,108.021392822,36130400
2016-06-28,109.666952948,111.768500876,109.587655104,111.718933105,26813800
2016-06-29,112.383112947,113.255449794,112.055983794,113.166236877,20968300
2016-06-30,113.671775886,114.177338365,112.68048106,113.285171509,23192700
2016-07-01,113.205883762,114.127788396,112.819279324,113.195976257,14980000
2016-07-05,112.94814036,113.205871582,111.986583122,113.205871582,14207000
2016-07-06,112.373191192,115.773333023,111.986586783,115.684112549,24337600
2016-07-07,115.61470037,115.951744507,114.355759404,114.841491699,16630200
2016-07-08,115.416444566,116.477129614,114.841491813,116.219390869,18142600
2016-07-11,116.685322291,117.666702128,116.477151268,116.843933105,17711600
2016-07-12,117.597307619,117.68652809,116.546537478,116.903404236,15217700
2016-07-13,117.359413273,117.369328341,115.664299748,115.763427734,16207700
2016-07-14,116.477137673,116.615918338,115.684098817,116.268966675,14579700
2016-07-15,116.715056802,117.250356943,115.565158676,115.842720032,16646000
2016-07-18,116.298714069,118.568780234,115.872456972,118.330871582,20868400
2016-07-19,117.954180981,119.797990146,117.627059404,119.560081482,21541300
2016-07-20,120.194507324,121.136234459,119.510511419,120.858673096,20046500
2016-07-21,120.858675413,121.037108802,119.203214704,119.560081482,17801700
2016-07-22,118.856255327,119.956593228,118.271387427,119.946678162,18422400
2016-07-25,120.333281234,120.789275957,116.754706221,120.57118988,18487400
2016-07-26,120.937980865,121.007371207,119.698862209,120.164772034,17612000
2016-07-27,121.354322135,123.911864841,120.452247692,122.266311646,52654200
2016-07-28,126.409909543,127.212863474,122.553773377,123.911849976,78955800
2016-07-29,123.564902408,124.744538116,122.633082845,122.861083984,35058800
2016-08-01,122.771872378,123.495520986,121.790492541,123.227867126,25006900
2016-08-02,122.9800356,123.713599228,121.007360983,122.018478394,23968400
2016-08-03,122.018480119,122.841256664,121.245271342,121.443534851,18525300
2016-08-04,121.869790807,123.70368476,121.443533721,123.277427673,21066000
2016-08-05,123.892043811,124.744550493,123.53517703,124.060562134,20184000
2016-08-08,124.159678745,124.357934688,123.465775382,124.169593811,15233900
2016-08-09,124.24890537,124.992376582,123.445958881,123.971343994,19621000
2016-08-10,123.981240889,124.387675389,123.455855853,123.792892456,10670100
2016-08-11,124.110120448,124.288553836,123.664040761,123.812736511,11729500
2016-08-12,123.614459089,123.911850555,123.098989118,123.792892456,12159000
2016-08-15,123.822643942,123.832551445,122.623170512,122.821434021,19295100
2016-08-16,122.424917633,122.841259667,121.711184109,122.226661682,14222400
2016-08-17,122.583527435,123.29725339,121.780573446,123.287345886,13794200
2016-08-18,122.930480209,123.178303929,122.563698381,122.831352234,12400800
2016-08-19,122.524050593,123.079180891,122.206836521,122.484397888,11688300
2016-08-22,122.256413311,123.7433558,122.038327202,123.069274902,14386400
2016-08-23,123.426126563,124.001071841,123.168387779,123.287345886,13309500
2016-08-24,123.386485488,123.604571591,122.018493597,122.405105591,12243700
2016-08-25,122.048229699,123.287348313,122.028399566,122.811523438,10730800
2016-08-26,122.970140805,124.100216436,122.831360118,123.872215271,17504800
2016-08-29,123.26751549,125.62680212,123.26751549,125.438453674,15925900
2016-08-30,125.49793889,125.49793889,124.060564241,124.744552612,17804300
2016-08-31,124.506632425,125.121237958,124.010984997,125.022109985,14200600
2016-09-01,125.279841545,125.52766526,124.506632765,125.071670532,13536100
2016-09-02,125.745758565,125.755673632,124.903159399,125.408721924,12118800
2016-09-06,125.56731765,128.808856066,125.369061704,128.60067749,26278400
2016-09-07,128.907977453,130.831091909,128.818764546,129.909194946,27990800
2016-09-08,129.780337275,129.938948102,128.67999924,129.136001587,15676600
2016-09-09,128.58086382,128.818764907,125.99357605,125.99357605,27100700
2016-09-12,124.863487015,127.639107804,124.655316023,127.569725037,21252800
2016-09-13,126.915492178,127.232713825,125.557422926,126.102630615,18016200
2016-09-14,125.785401,127.678777765,125.785401,126.657737732,15691100
2016-09-15,126.865914726,127.97616765,126.558608188,127.232696533,15077200
2016-09-16,127.084004791,128.05546957,127.084004791,127.94644165,24119200
2016-09-19,128.779139364,128.808877005,127.14349351,127.530097961,14958800
2016-09-20,127.530079623,128.045557193,126.91548164,127.520172119,11083800
2016-09-21,128.005906754,128.878235922,127.272343132,128.808853149,14068300
2016-09-22,129.363973845,129.591967418,128.432154295,128.947631836,15538300
2016-09-23,126.449557548,127.480512572,126.191826355,126.846076965,28326300
2016-09-26,126.261226913,127.044350747,125.696189155,126.20174408,15064900
2016-09-27,126.499124881,127.886931494,126.320691522,127.569725037,15637100
2016-09-28,128.085211239,128.342942449,127.282249724,128.105026245,12047600
2016-09-29,128.055452751,128.164495782,126.439652541,126.974945068,14532200
2016-09-30,126.915480393,127.470603098,126.340527556,127.153396606,18402900
2016-10-03,127.262435841,127.966246704,126.687483022,127.649040222,13156900
2016-10-04,128.045553767,128.154596805,126.439660952,127.07408905,14307500
2016-10-05,127.133575586,127.678790826,126.717233528,127.351661682,12386800
2016-10-06,127.312001964,127.936522617,126.96505781,127.619316101,11682700
2016-10-07,127.916656209,128.124834743,127.212845471,127.867103577,12804400
2016-10-10,128.551063546,129.562188172,128.075246421,129.106201172,15138700
2016-10-11,129.09634157,129.502776144,127.113751602,127.758102417,17537900
2016-10-12,127.886914451,128.531265035,127.341714507,127.926574707,11073000
2016-10-13,127.093917853,127.133562991,125.646620734,126.707305908,17139300
2016-10-14,127.371482704,127.827469871,126.469400746,126.766784668,13345300
2016-10-17,127.084006885,127.351660751,126.21167007,126.429756165,11351700
2016-10-18,127.559818322,128.263644344,126.895652565,127.450790405,13504000
2016-10-19,127.619317234,129.334253261,127.480536546,128.977386475,16752300
2016-10-20,128.93772981,129.522590148,128.372684479,128.868331909,13167500
2016-10-21,128.650274906,130.979824406,128.570969484,130.920349121,19088800
2016-10-24,131.564658777,132.24865467,130.99961343,132.119781494,17470200
2016-10-25,132.337855317,132.337855317,131.068999188,131.138381958,13336800
2016-10-26,130.494059722,131.108657719,129.800156319,129.899276733,13084700
2016-10-27,130.593192681,130.652667954,128.144693123,128.561035156,16741400
2016-10-28,129.363978447,131.812477947,128.79893312,130.147094727,24545500
2016-10-31,130.860810652,130.969853677,129.740657903,129.849700928,15669000
2016-11-01,130.266057422,130.791442473,127.530074007,128.372680664,22077800
2016-11-02,129.096340867,129.096340867,125.180728726,126.062980652,39640900
2016-11-03,120.937980779,122.206837072,118.459743468,118.95539093,63766300
2016-11-04,118.548954445,120.868588463,118.211917806,119.698860168,30545500
2016-11-07,121.760750736,122.137440064,120.293631,121.086669922,23008900
2016-11-08,120.967718313,123.525261031,120.481985919,123.138656616,19460800
2016-11-09,120.442320929,122.732209549,119.460941172,122.107696533,31916000
2016-11-10,122.851186522,123.099010266,114.266568411,119.748435974,67846700
2016-11-11,118.48947976,119.649292993,117.121495502,117.983917236,32840100
2016-11-14,118.092964175,118.092964175,112.561544125,114.078224182,51377000
2016-11-15,115.713853927,117.458527459,114.821687028,116.179756165,34681400
2016-11-16,113.483431007,116.853827247,113.215777179,115.327232361,32397900
2016-11-17,115.793153233,116.764625549,115.000121862,116.764625549,18597800
2016-11-18,117.35940427,118.092960388,115.822894128,116.001327515,22879300
2016-11-21,117.171061125,120.888417221,116.774549191,120.709983826,35415400
2016-11-22,121.334486878,121.909439686,119.847544655,120.412582397,26089200
2016-11-23,120.174667335,120.253965168,118.895896184,119.78805542,15672100
2016-11-25,119.956597652,120.085463266,119.024778028,119.332077026,8658600
2016-11-28,119.074339992,120.630672603,118.776948513,119.361816406,18101300
2016-11-29,119.520418581,121.037098477,119.351900274,119.817810059,18891000
2016-11-30,119.272606795,120.729811566,116.923235066,117.389144897,30188900
2016-12-01,117.349483675,117.418874013,113.007614878,114.09803772,43277000
2016-12-02,114.107955094,115.466031812,113.305008655,114.395431519,25070400
2016-12-05,114.940640838,116.546541301,114.068304047,116.40776062,20201500
2016-12-06,116.665500005,116.77454305,115.317338327,116.288803101,19131200
2016-12-07,115.981498314,116.923225403,115.555241222,116.923225403,21913700
2016-12-08,116.952973388,118.459738279,116.615929196,117.87487793,22442800
2016-12-09,118.18217361,118.895907114,117.914519764,118.638168335,17464700
2016-12-12,118.182178892,118.202001462,116.625846206,116.744796753,17805500
2016-12-13,116.834018189,120.462153611,116.586194463,119.262687683,29768000
2016-12-14,118.955380323,120.630671016,117.815389749,119.163551331,25913100
2016-12-15,119.034691514,121.433623318,118.588604278,119.520423889,20139600
2016-12-16,119.847547673,120.442323064,118.231732243,118.826515198,25324300
2016-12-19,118.806686313,119.312248805,117.478354844,118.20199585,15918100
2016-12-20,118.459733465,118.727379744,117.765830102,118.05329895,13684400
2016-12-21,117.884787922,118.162349284,117.448623308,118.003746033,10767600
2016-12-22,117.825318592,117.954184213,115.912119032,116.37802887,16258600
2016-12-23,115.981499222,116.536621926,115.287595842,116.249145508,10890000
2016-12-27,115.941856696,117.646885224,115.842728714,116.982719421,12051500
2016-12-28,117.161139847,117.220615118,115.634544882,115.902191162,12087400
2016-12-29,115.98150139,116.506886468,115.049681779,115.337158203,9934900
2016-12-30,115.584987407,115.812988569,113.770915869,114.048484802,18684100
2017-01-03,115.019943468,116.814184777,114.504473459,115.842720032,20663900
2017-01-04,116.526708573,118.618341239,116.268969803,117.656784058,19630900
2017-01-05,117.825303766,119.897106324,117.290003652,119.619544983,19492200
2017-01-06,119.926854202,122.801603215,118.985119558,122.335700989,28545300
2017-01-09,122.474489887,124.338121607,121.968927363,123.812736511,22880400
2017-01-10,123.733419236,124.407500017,123.198119126,123.26750946,17324600
2017-01-11,123.267512069,125.022108174,122.980035657,124.992362976,18356500
2017-01-12,124.516551278,125.626804273,123.71360484,125.51776123,18653900
2017-01-13,126.380186783,128.144698088,126.261236234,127.22278595,24884300
2017-01-17,126.925400108,127.222791622,126.290979502,126.756889343,15294500
2017-01-18,127.292166892,127.311981897,125.73582682,126.806427002,13145900
2017-01-19,127.113732345,127.232698011,126.340523585,126.439659119,12195500
2017-01-20,126.984890349,127.361572148,125.676373742,125.934112549,19097200
2017-01-23,126.201732163,128.124846397,125.844865448,127.807624817,16593600
2017-01-24,128.25374282,128.769205293,127.262447891,128.24382019,15162700
2017-01-25,128.868337002,130.593195573,128.64034341,130.335449219,18731300
2017-01-26,130.484162337,131.981012304,130.295813872,131.624145508,20020100
2017-01-27,131.525020697,131.792674597,129.938957684,131.029373169,19539500
2017-01-30,130.434596275,130.434596275,128.471836435,129.839813232,18956100
2017-01-31,129.036858819,129.522598779,128.392523167,129.185562134,19790500
2017-02-01,131.098756139,132.327967313,129.542415819,132.070220947,50139800
2017-02-02,132.060321493,134.310565385,129.264862324,129.701034546,54366400
2017-02-03,130.09755961,131.693545145,129.621727125,129.839813232,24804900
2017-02-06,129.839784963,130.910385132,129.165711779,130.910385132,17058500
2017-02-07,131.08884883,131.842227543,130.513895948,130.692321777,14596400
2017-02-08,131.445691002,133.269669727,131.287080211,133.03175354,22390600
2017-02-09,133.319264584,133.329172088,132.149528666,132.972305298,16470600
2017-02-10,132.932652933,133.765337024,132.516295762,133.021865845,15061900
2017-02-13,133.527422806,133.527422806,132.536127886,132.883087158,13526200
2017-02-14,132.932668727,133.061526794,131.396158415,132.684844971,14364900
2017-02-15,132.28828885,132.536112552,131.505172609,132.278381348,13226500
2017-02-16,131.911610113,132.704633875,131.862042346,132.67489624,12831100
2017-02-17,132.337877107,132.922737503,132.010747956,132.367614746,12276500
2017-02-21,132.33785266,132.744287148,131.743069744,132.555938721,14759100
2017-02-22,132.437021282,135.599239704,132.298240584,134.935073853,27360100
2017-02-23,134.707040883,134.935034437,133.160623517,134.181655884,18422500
2017-02-24,132.992114927,134.439396874,132.992114927,134.260971069,12625700
2017-02-27,134.082566286,135.985851014,133.844665149,135.222564697,14306700
2017-02-28,135.599195279,135.619025408,133.576960747,134.360076904,16112100
2017-03-01,135.28201252,136.283214896,135.113494207,136.223739624,16257000
2017-03-02,135.896617666,136.620273852,135.123408834,135.569488525,12294800
2017-03-03,135.440644231,136.134547724,134.895428942,135.97593689,11160600
2017-03-06,135.688447048,136.630174152,135.321657659,136.223739624,12748200
2017-03-07,135.837143496,137.165475076,135.797498354,136.104797363,13527100
2017-03-08,135.956088075,136.788787278,135.856967662,136.521133423,10184500
2017-03-09,136.521128276,137.363734951,136.203906663,137.036605835,15535300
2017-03-10,137.700783305,138.275736184,137.016787378,137.581817627,16314100
2017-03-13,137.502513823,138.464055901,137.462853559,138.384765625,10955500
2017-03-14,138.245988928,138.245988928,137.314169332,138.107208252,12944000
2017-03-15,138.077443265,138.880404742,137.284419541,138.503707886,19344800
2017-03-16,138.979541021,139.02910879,138.513631211,138.771377563,13612900
2017-03-17,139.118343447,139.118343447,138.483915221,138.622695923,20592800
2017-03-20,138.493808181,138.969625467,138.037805901,138.721801758,12099500
2017-03-21,139.921247259,141.071152794,137.195186709,137.304229736,29894800
2017-03-22,136.729309373,138.573118642,136.402195341,138.374862671,17055400
2017-03-23,138.265831391,139.167913531,137.879226921,138.31539917,13022800
2017-03-24,138.860585433,139.792405019,138.543363818,139.11831665,16664700
2017-03-27,137.839577076,139.42564005,137.562015678,139.098526001,12800500
2017-03-28,139.138148434,140.714303645,138.791189179,140.5259552,14679400
2017-03-29,140.753990402,141.61641226,140.198852465,141.408233643,16527600
2017-03-30,141.160395973,141.705611225,140.615195847,141.170318604,12404000
2017-03-31,141.071177278,141.388398912,140.654835228,140.813446045,11478300
2017-04-03,140.694453149,141.229760772,139.594130525,141.041412354,13564000
2017-04-04,140.625073719,140.853067276,140.040213447,140.496200562,12948600
2017-04-05,141.021608015,142.19134387,140.060050745,140.615188599,17158100
2017-04-06,140.872905352,140.981948386,139.683354611,139.941085815,15103400
2017-04-07,139.970846466,140.317805755,139.019211767,139.554504395,11818300
2017-04-10,139.772580201,140.198829746,139.405805931,139.812225342,9039400
2017-04-11,139.574324943,139.802318535,137.601642647,138.701980591,16638100
2017-04-12,138.503725139,139.177798413,138.226163777,138.364944458,11612500
2017-04-13,138.404614116,139.356264048,138.117145199,138.176620483,10965600
2017-04-17,138.543365949,140.317792241,138.533458445,140.188919067,11519700
2017-04-18,140.040254976,140.674683198,139.385996617,139.732955933,14807500
2017-04-19,140.119550358,141.794826155,140.040244945,141.031539917,15563900
2017-04-20,141.70561101,142.994297479,141.447879767,142.548217773,15968200
2017-04-21,142.647331085,142.914984945,141.031530672,142.429244995,12382000
2017-04-24,143.698134554,144.401945556,143.083521348,144.203689575,14407200
2017-04-25,144.52087943,145.869041124,144.52087943,145.214797974,17767500
2017-04-26,145.80956478,146.305212235,144.818269869,145.284179688,12395000
2017-04-27,145.39324343,146.463843901,144.867858262,146.414276123,11275100
2017-04-28,148.198576002,150.210903282,147.772326489,148.942047119,30652200
2017-05-01,150.419094218,151.241870803,150.101872588,151.132827759,25218300
2017-05-02,152.005180797,152.104316353,150.339812357,151.450057983,21870400
2017-05-03,152.262910598,152.262910598,150.022574327,150.47857666,29782500
2017-05-04,148.862776731,150.201031107,147.425401925,149.536865234,36225500
2017-05-05,150.131602467,150.310043406,148.48604938,148.932144165,17148500
2017-05-08,149.398051001,149.764825249,148.436493803,149.744995117,15827500
2017-05-09,150.171261419,151.261676672,148.902405228,149.170043945,17453900
2017-05-10,148.922229438,149.209713431,147.564160257,148.981704712,12080700
2017-05-11,149.001510016,149.338546598,148.1093508,148.733856201,11841900
2017-05-12,149.090729815,149.150220208,148.327443721,149.021347046,9598200
2017-05-15,148.862738228,150.161331995,148.466226359,148.882568359,15064700
2017-05-16,148.803310233,148.902445795,147.732709694,148.47618103,14550800
2017-05-17,146.711638289,147.375804026,143.162800899,143.589065552,28300100
2017-05-18,143.460208906,146.860343384,143.252030307,146.37461853,23031600
2017-05-19,147.157707265,148.08952678,146.671982503,146.771102905,16187900
2017-05-22,146.790943637,147.296498566,146.404339249,146.949554443,12586700
2017-05-23,147.227146647,147.514615559,145.968197684,146.781066895,12817800
2017-05-24,147.217176458,148.922204622,147.127963562,148.733856201,17862400
2017-05-25,148.991623384,151.261682002,148.644664126,150.637176514,19891400
2017-05-26,150.904784455,150.924614583,149.834184388,150.805664062,14996200
2017-05-30,150.647093276,151.56899031,150.319964131,151.053527832,13226000
2017-05-31,151.370736591,152.015087387,149.774751108,150.141540527,18023900
2017-06-01,150.428993059,150.964285621,148.991618556,150.210906982,14530600
2017-06-02,150.528153376,152.292657284,149.982938095,152.272827148,16854400
2017-06-05,152.30254056,153.363233313,152.074546979,152.292633057,12520400
2017-06-06,152.074565138,153.17490316,151.152652949,151.479782104,13457100
2017-06-07,151.935766903,152.411584199,151.013854821,151.787063599,12066700
2017-06-08,152.738714867,153.38305048,151.767250133,153.363235474,17799400
2017-06-09,153.422706745,154.235560649,145.333737214,148.297714233,35577700
2017-06-12,146.88014281,147.901175203,143.301568121,147.147796631,33170200
2017-06-13,148.842931534,149.863964128,147.603812839,149.36831665,20483400
2017-06-14,149.943249445,151.073324938,147.752496357,148.942047119,20808800
2017-06-15,146.384523849,148.733888047,145.095837385,148.495986938,18994200
2017-06-16,148.287781263,149.516992226,147.30640912,149.328643799,22882400
2017-06-19,150.389355024,152.233164132,150.389355024,151.539245605,19026500
2017-06-20,151.54915742,152.50079198,150.884991703,150.924636841,14743900
2017-06-21,151.033680423,152.738708735,150.557863141,152.57019043,15039800
2017-06-22,151.678031813,153.204634476,151.578911395,152.06463623,13005500
2017-06-23,151.390528902,153.848935541,151.321131012,153.720077515,18027000
2017-06-26,154.889838972,155.137662714,151.86638629,152.252990723,18049700
2017-06-27,151.509516701,151.975426538,149.080847096,149.269195557,19360800
2017-06-28,149.606209914,152.134014688,148.555439842,151.906021118,16719100
2017-06-29,150.954354294,151.172440337,147.623603529,149.725143433,23973500
2017-06-30,150.577700007,150.597530142,148.753720891,149.665710449,17666000
2017-07-03,150.399262345,150.825511888,146.51338818,147.137893677,13862700
2017-07-05,147.702948903,149.536850627,146.840527129,149.031280518,14334300
2017-07-06,147.732669061,148.733871406,146.711636585,147.524505615,14951800
2017-07-07,147.950765821,150.666919329,147.891290546,150.121704102,13615900
2017-07-10,150.369516091,152.63957461,150.191075155,152.163757324,13378700
2017-07-11,152.034896067,154.067053665,151.578908877,153.918365479,13667700
2017-07-12,155.127744928,157.774500506,154.840260936,157.51675415,22739400
2017-07-13,157.358149022,158.389089004,157.040927411,157.87361145,13929200
2017-07-14,158.736064435,158.924412895,157.943025453,158.577453613,16371200
2017-07-17,158.855016185,159.3804013,157.427549033,158.339538574,12858800
2017-07-18,158.270135582,162.304697659,158.032219379,161.442276001,23722900
2017-07-19,162.16593588,164.257568812,161.74959382,162.711151123,26273600
2017-07-20,163.36540166,163.563657613,161.392719374,163.097747803,18523100
2017-07-21,162.730987954,163.613239884,162.324553381,162.998626709,14744000
2017-07-24,163.206815551,164.723495759,162.879686371,164.554977417,17367000
2017-07-25,163.573563187,164.098948265,162.433580122,163.841217041,15383200
2017-07-26,164.564862132,164.564862132,162.671500355,164.16835022,35236900
2017-07-27,173.179209498,173.96234091,166.041889511,168.956298828,68910700
2017-07-28,167.598225243,171.920256208,167.578395111,170.948791504,24557600
2017-07-31,170.502718003,171.216451521,167.082753719,167.776657104,25478900
2017-08-01,168.341687262,168.98602282,167.578386044,168.381332397,14385000
2017-08-02,168.81752783,169.06535156,165.457038657,167.82623291,17433800
2017-08-03,167.826232051,168.222743966,166.785369365,167.122406006,10793800
2017-08-04,167.499112196,168.579620083,167.221550815,168.143447876,10777700
2017-08-07,168.470567434,170.562200306,168.183098565,170.482894897,12787800
2017-08-08,170.383776436,171.543589682,169.13473515,169.739425659,14393500
2017-08-09,168.500299026,169.957503706,168.083956992,169.689849854,10815000
2017-08-10,168.57959691,169.104981961,165.397548966,165.942749023,20832700
2017-08-11,166.48796338,167.350400166,165.397548144,166.616836548,13791200
2017-08-14,168.60933735,169.590724697,167.816298445,169.263595581,12954200
2017-08-15,169.997138177,170.007045679,168.53001109,169.511398315,8729200
2017-08-16,169.759244919,169.888118091,167.766747694,168.520126343,15779900
2017-08-17,167.865886017,168.381363635,165.397571231,165.457046509,17216000
2017-08-18,165.387637143,167.201708621,164.763131643,165.952682495,15093600
2017-08-21,165.704860007,166.537544097,164.376528464,166.319458008,11907500
2017-08-22,166.815092215,168.391247359,165.694924221,168.163253784,11391000
2017-08-23,167.370252113,167.885729773,166.735823888,167.241394043,9856500
2017-08-24,167.409860555,167.816279903,164.961361337,166.279785156,14030400
2017-08-25,166.398780034,166.914257672,164.733396561,164.872192383,12614500
2017-08-28,165.457035297,166.240151612,164.88208244,165.784164429,8553700
2017-08-29,163.811498662,166.9638095,163.563674912,166.587127686,11121000
2017-08-30,166.706060353,168.698557643,166.170767766,168.440826416,11138300
2017-08-31,168.916636509,170.651402497,168.57959989,170.472976685,17226500
2017-09-01,170.899249558,171.414727186,169.818741653,170.522567749,11677600
2017-09-05,169.779102004,170.889347584,168.074073363,169.233886719,13210900
2017-09-06,169.422213493,170.978538607,168.093881969,170.591934204,13906300
2017-09-07,170.443230324,171.801299359,168.787769823,171.702178955,18049500
2017-09-08,171.583238869,171.979765924,169.313180094,169.461868286,10998500
2017-09-11,170.899234809,172.376269656,170.700978854,171.999572754,12372000
2017-09-12,172.247369398,172.485285582,170.254872407,171.454345703,11186300
2017-09-13,171.503918836,171.662529645,170.562191742,171.543579102,9119300
2017-09-14,170.760442422,170.780272554,169.015768962,169.47177124,15615700
2017-09-15,169.392464883,170.83974686,168.777851804,170.145843506,15660500
2017-09-18,170.492834832,170.572140248,167.86589397,168.530059814,12954000
2017-09-19,169.134734313,171.057848877,168.877003079,171.018203735,13168600
2017-09-20,170.99836325,171.543578447,169.214029477,170.671234131,12264100
2017-09-21,170.195405677,170.770358473,168.530022557,169.620452881,11161400
2017-09-22,168.728305927,170.235063233,167.746918563,169.055419922,12097100
2017-09-25,167.766768817,167.826244096,160.153615462,161.452209473,41251600
2017-09-26,163.0679864,164.05928115,161.36295822,162.780517578,23363300
2017-09-27,164.455772652,166.874533963,164.128658736,166.220275879,19242500
2017-09-28,166.478068375,167.598236455,165.704859561,167.261184692,12178700
2017-09-29,167.360318179,170.165684535,167.340488046,169.382553101,15340400
2017-10-02,169.898004541,170.37382178,167.280987038,167.994720459,13392300
2017-10-03,167.826240959,169.243785502,167.727105412,168.480499268,8190300
2017-10-04,168.351632788,169.184316963,166.825030007,166.953903198,12127900
2017-10-05,167.707263675,169.818726649,167.132325945,169.749343872,14580600
2017-10-06,168.767938181,170.869478298,168.272290785,170.730697632,13124500
2017-10-09,171.196623261,173.357653971,170.502719868,170.99836731,14570400
2017-10-10,171.494012355,171.692268303,169.313166668,170.096282959,11341100
2017-10-11,170.453181304,171.275958013,169.907966,171.236312866,11283700
2017-10-12,171.107403127,172.336614175,170.790181517,171.047927856,10351000
2017-10-13,171.940100842,173.12965172,171.692277112,172.227584839,13658300
2017-10-16,172.971040563,173.476595482,172.54477592,173.000778198,11498800
2017-10-17,173.189128089,174.596764947,172.842168845,174.576934814,15990100
2017-10-18,175.11224818,175.201476222,174.220088768,174.497650146,12752400
2017-10-19,173.407210065,174.497640508,171.127243889,173.040435791,14048400
2017-10-20,173.972264722,174.348961645,173.10984295,173.456787109,12602200
2017-10-23,173.674864983,173.813645665,169.759253119,169.779083252,13852700
2017-10-24,170.800106044,171.731925625,170.007067137,170.304458618,12267900
2017-10-25,170.403569819,170.750529049,167.419777921,169.114898682,15868200
2017-10-26,169.888124494,170.790191356,168.906737099,169.14465332,11833100
2017-10-27,172.634002073,176.658672103,172.386178347,176.331542969,30285300
2017-10-30,177.699539171,179.11709891,176.063908445,178.304229736,24353200
2017-10-31,178.998139082,179.226132689,177.382323449,178.49256897,20174200
2017-11-01,180.772554767,181.307847406,178.998143393,181.069946289,40918300
2017-11-02,179.057608786,180.356202729,175.796239982,177.362487793,35529900
2017-11-03,177.729262078,178.294307451,175.171734459,177.362487793,17822100
2017-11-06,177.005607689,178.879154368,176.757783974,178.601593018,13312700
2017-11-07,178.928747212,179.176570961,177.402159569,178.680923462,12928200
2017-11-08,178.224896048,178.780033875,177.550822804,177.996902466,10494100
2017-11-09,176.757763757,177.8382714,175.548382957,177.739151001,12610300
2017-11-10,176.797451097,177.54092227,176.410846692,176.906494141,11070200
2017-11-13,175.954811853,177.481399058,175.756555935,177.213760376,9523400
2017-11-14,176.579372737,177.412056858,175.637630442,176.519897461,9585900
2017-11-15,175.122145767,177.015522495,174.864399434,176.400909424,10253700
2017-11-16,177.20386529,178.26455806,176.946134069,178.026641846,15607600
2017-11-17,177.739148647,178.413221805,177.342621678,177.441757202,13018000
2017-11-20,177.312909562,177.937430174,176.549623398,177.184051514,10052400
2017-11-21,177.590470228,180.306623622,177.431874545,180.276885986,14504000
2017-11-22,179.721766377,180.148015918,178.869252167,179.295501709,10376300
2017-11-24,178.829586684,181.555647549,178.720543644,181.188873291,9426300
2017-11-27,180.970781505,182.130594639,180.405751318,181.436691284,12344500
2017-11-28,181.912508465,182.646072083,180.504871624,180.832000732,14379700
2017-11-29,180.306616368,180.38592177,172.48530075,173.60546875,41933500
2017-11-30,175.31050502,176.728049433,173.674859398,175.637619019,25307600
2017-12-01,174.497626294,175.935000761,170.839745981,173.57572937,20182500
2017-12-04,174.755358647,175.032935115,169.303237091,169.977325439,24459400
2017-12-05,168.966213771,173.853305525,167.538746685,171.325500488,20184900
2017-12-06,170.998381863,175.231215609,170.403598832,174.527389526,20255800
2017-12-07,174.269622729,178.81966207,174.269622729,178.571838379,20404500
2017-12-08,179.949731666,180.693202716,177.184026017,177.441757202,19883800
2017-12-11,177.739161124,178.651150527,177.243513723,177.481414795,13168600
2017-12-12,177.045278728,177.62021647,175.062688888,175.419555664,16854100
2017-12-13,175.756599328,177.600408557,175.707031555,176.747894287,14615700
2017-12-14,176.737946377,178.78993391,176.133255933,176.837081909,13591000
2017-12-15,177.46160546,178.918810076,176.807347239,178.611495972,28463100
2017-12-18,179.434289752,179.721773752,178.185263586,179.245956421,17265400
2017-12-19,178.383498799,178.512371965,176.668563005,177.94732666,14920600
2017-12-20,178.244714857,178.244714857,175.816045632,176.341430664,11860500
2017-12-21,176.391043976,177.124592634,175.508791985,175.905303955,11600700
2017-12-22,175.59798017,175.984584581,174.695898169,175.657455444,8509500
2017-12-26,175.092420676,175.459194944,173.149476043,174.457992554,8897300
2017-12-27,175.013144183,176.886691223,174.725660148,176.073822021,9496100
2017-12-28,176.400938201,177.382325674,176.133284322,176.371200562,12220800
2017-12-29,176.450491907,177.293098621,174.923904419,174.923904419,10261500
2018-01-02,176.133280186,179.999339583,176.004422128,179.84072876,18151900
2018-01-03,180.296702618,183.17145148,179.751487454,183.062408447,16886600
2018-01-04,183.290387179,184.588995965,182.497363506,182.725357056,13880900
2018-01-05,183.974408509,185.273002349,183.320150275,185.223449707,13574500
2018-01-08,185.570390969,187.255589171,184.707969299,186.640991211,17994700
2018-01-09,187.05734997,187.156485513,185.47128716,186.234573364,12393100
2018-01-10,185.312659422,186.254386493,184.014065604,186.204818726,10529900
2018-01-11,186.759942478,186.759942478,185.748832628,186.135437012,9588600
2018-01-12,176.509984467,179.900211537,175.85572614,177.808578491,77551300
2018-01-16,179.920009397,180.167833101,176.490122673,176.837081909,36183800
2018-01-17,177.699523684,177.759014085,174.269651697,176.053985596,27992400
2018-01-18,176.579356916,179.40453817,175.538494296,178.234817505,23304900
2018-01-19,179.27569596,180.782453378,178.601607535,179.711853027,26826500
2018-01-22,179.226137413,183.776177791,178.839532971,183.756347656,21059500
2018-01-23,184.43041456,187.899946624,183.934767123,187.701690674,25678800
2018-01-24,188.236977052,189.000278316,184.896318273,184.926055908,24334500
2018-01-25,186.31388653,186.978052345,184.975647397,185.847976685,17377700
2018-01-26,186.115610123,188.34602356,185.183790533,188.34602356,17759200
2018-01-29,187.106914083,187.196126994,184.014078807,184.361022949,20453200
2018-01-30,185.986751595,186.541874341,180.257068059,185.491104126,20858600
2018-01-31,186.730188789,188.177485792,183.607616351,185.263076782,43275100
2018-02-01,186.581547329,193.619747925,186.254418161,191.40914917,54211300
2018-02-02,190.368269805,192.519393093,188.32620469,188.623596191,26677500
2018-02-05,185.302754088,188.950727298,179.037777993,179.682113647,33128200
2018-02-06,177.01553576,184.152855942,176.192759186,183.696853638,37758500
2018-02-07,182.546937674,183.468849735,178.383502395,178.611495972,27601900
2018-02-08,179.43428361,180.257060189,169.987244465,170.086380005,38478300
2018-02-09,173.238680731,175.360051082,165.724664031,174.576934814,39887600
2018-02-12,175.518679532,176.004419498,170.344118739,174.874343872,32092100
2018-02-13,174.091199727,174.438158981,171.593147553,171.642700195,21809400
2018-02-14,171.940107725,178.244744273,171.702206615,177.957275391,28929700
2018-02-15,178.928725195,178.928725195,175.300582317,178.393432617,20922100
2018-02-16,177.431870745,178.314122556,174.765285176,175.816055298,20645300
2018-02-20,174.239882144,176.400897435,173.58562398,174.477783203,21204900
2018-02-21,175.171716317,179.692018328,174.864402214,176.36126709,23200800
2018-02-22,177.144400766,178.641265789,175.865636963,177.431884766,18464200
2018-02-23,178.333923557,181.793547759,177.947319201,181.694412231,19007300
2018-02-26,182.97318531,184.043785447,181.625023856,183.320129395,17599700
2018-02-27,182.844348541,183.092172275,179.880386353,179.880386353,15849800
2018-02-28,180.713033758,181.287986522,176.589244018,176.767684937,18783000
2018-03-01,177.45169957,178.552037544,172.891751977,174.408432007,23201600
2018-03-02,171.781475396,175.568228928,171.484099046,175.082489014,20025900
2018-03-05,174.666154384,179.573061002,174.358855392,178.829589844,16189300
2018-03-06,180.197570714,180.792353655,177.550815366,178.214981079,15086800
2018-03-07,177.184057168,182.219837112,176.519891395,182.110794067,19097300
2018-03-08,181.962097104,182.794781224,179.870464171,180.752716064,17225900
2018-03-09,182.309067433,183.89513036,181.615163957,183.61756897,18526300
2018-03-12,183.617536365,184.479973149,182.616334036,183.151626587,15301200
2018-03-13,183.994263749,184.370960686,179.533436293,180.296737671,18067500
2018-03-14,181.010453636,182.64608416,180.266982466,182.586608887,16821700
2018-03-15,181.644862521,182.398241115,180.603999967,182.259460449,15614300
2018-03-16,182.883991932,183.716675974,181.813391682,183.478759766,24403400
2018-03-19,175.469074059,175.627684845,168.579578736,171.057815552,88140100
2018-03-20,166.01216024,168.718391117,160.540208087,166.686233521,129851800
2018-03-21,163.365410858,171.890538356,161.878468432,167.91545105,106598800
2018-03-22,164.68383152,168.787791924,162.294807109,163.454620361,73743000
2018-03-23,163.999824113,165.149729781,157.635712925,158.002487183,53609700
2018-03-26,159.420034954,159.697596285,147.722753439,158.666641235,126116600
2018-03-27,154.949336617,161.432415124,149.437738212,150.894943237,79117000
2018-03-28,150.329868885,154.523057296,149.487277277,151.697860718,60029200
2018-03-29,153.799379626,160.014802154,152.798177339,158.398986816,59434300
2018-04-02,156.43622399,157.814123104,152.768436395,154.03729248,36796000
2018-04-03,155.187225048,156.019909163,149.497186677,154.751052856,42543900
2018-04-04,150.706579718,154.205849907,149.199807062,153.749862671,49885600
2018-04-05,160.153571594,160.163494221,155.286310917,157.952896118,41449600
2018-04-06,156.356928014,160.014808327,155.444938593,155.831542969,41644800
2018-04-09,156.446163126,159.132563744,154.681644347,156.55519104,34915200
2018-04-10,156.555180127,164.535106273,155.643190728,163.603286743,57889300
2018-04-11,163.920542523,167.181896432,161.828909459,164.872192383,56144600
2018-04-12,165.526409019,165.992318806,161.680195305,162.443481445,38263000
2018-04-13,163.147304859,164.257550228,162.344358468,163.08782959,19990600
2018-04-16,164.277393465,164.33686874,161.967674513,163.395141602,18119400
2018-04-17,164.386436571,167.528839617,164.217918252,167.191802979,22743000
2018-04-18,165.427312346,166.656508449,164.326974304,164.911834717,20969600
2018-04-19,164.753203653,166.864666557,163.761908788,166.636672974,22235000
2018-04-20,166.329354031,166.963782121,164.366594489,164.832504272,19119400
2018-04-23,165.813922047,166.983642909,163.652891041,164.396362305,23088100
2018-04-24,163.989903882,164.654084759,156.812938669,158.299880981,35079900
2018-04-25,158.74596065,159.65795012,154.83034892,158.299880981,41083600
2018-04-26,171.712116462,174.735569156,169.313184442,172.643936157,77556900
2018-04-27,175.270858911,175.558342919,171.097515613,172.078887939,29804700
2018-04-30,172.27712721,174.190334157,170.21524721,170.502716064,20750500
2018-05-01,170.502702937,172.505122637,168.748106933,172.346511841,26025900
2018-05-02,172.733128583,176.529789695,172.683560815,174.53729248,30424500
2018-05-03,173.605480153,174.58685242,170.621672832,172.505142212,24026100
2018-05-04,171.573316409,175.439360318,171.553486277,175.07258606,17677800
2018-05-07,175.806163088,177.937441152,175.627722134,176.420761108,18697200
2018-05-08,176.698322002,177.481438345,175.568246382,177.362487793,15577200
2018-05-09,178.105968827,181.41689046,177.223716892,181.069946289,23282800
2018-05-10,181.555675795,184.509745827,180.911340086,183.914962769,21071400
2018-05-11,183.240873116,186.680667719,182.576692205,185.362243652,21207800
2018-05-14,186.07596682,186.224655,184.579101885,185.015274048,15646700
2018-05-15,183.270637958,183.677057442,181.605254369,182.715515137,15429400
2018-05-16,182.100856764,182.715469843,181.069916799,181.605209351,16975500
2018-05-17,181.089723915,182.457715557,180.633736784,182.160324097,14840700
2018-05-18,181.892698477,182.586601851,181.020354164,181.089736938,13130500
2018-05-21,182.170284342,183.686964465,181.535856154,182.884017944,13532900
2018-05-22,183.320149846,183.805889769,181.833207567,182.199996948,12731400
2018-05-23,180.911363455,185.282978662,180.594141749,185.27305603,16628100
2018-05-24,184.261894501,185.173883962,183.419287815,184.311447144,12354700
2018-05-25,184.400687433,184.707986442,182.84434713,183.310256958,10965100
2018-05-29,182.735286067,185.183785517,182.110780607,184.12310791,16398900
2018-05-30,184.916147817,186.363445057,183.637384025,186.036315918,13736900
2018-05-31,186.234538084,191.042323627,185.84793374,190.11050415,30782600
2018-06-01,191.389295384,192.856407461,190.398000578,192.30128479,17307200
2018-06-04,190.170021243,192.291391849,189.803246948,191.597488403,18939800
2018-06-05,192.60858329,193.302486627,190.943200155,191.260421753,15544300
2018-06-06,189.367078418,190.854020885,187.463793876,189.674377441,22558900
2018-06-07,189.089489846,189.30757592,185.144140636,186.541854858,21503200
2018-06-08,185.897517286,187.83053917,184.807086929,187.453857422,12677100
2018-06-11,187.16637373,190.923389592,187.156466227,189.87260437,12928900
2018-06-12,190.497149828,191.597487834,189.8924593,190.725143433,11562700
2018-06-13,191.062175503,192.806849,190.23939896,190.735046387,15853800
2018-06-14,191.41904523,195.562650521,191.230696784,195.096740723,19120900
2018-06-15,194.08560543,195.354476711,192.945622442,194.145095825,21860900
2018-06-18,193.104239723,197.842627893,192.440073988,196.583679199,16826000
2018-06-19,194.531709666,196.236738043,192.103025147,195.770828247,19994000
2018-06-20,197.366842923,201.778102701,197.079358899,200.241592407,28230900
2018-06-21,200.9949367,201.619457291,198.348181287,199.745910645,19045700
2018-06-22,199.408903293,200.479503695,197.575001516,199.983856201,17420200
2018-06-25,198.258967171,198.258967171,191.428946357,194.64074707,25275100
2018-06-26,195.879893279,197.366835743,194.521808877,197.267700195,17897600
2018-06-27,197.446114263,199.002454543,194.09554773,194.135192871,18734400
2018-06-28,193.480911727,195.622112125,191.577627527,194.521774292,18172400
2018-06-29,195.602317943,195.879879306,192.271566457,192.628433228,15811600
2018-07-02,191.686680611,195.731165421,190.546697583,195.641952515,13961600
2018-07-03,192.856425326,193.699016914,190.844097895,191.052261353,13489500
2018-07-05,193.044762502,196.920713828,192.34093651,196.722457886,19684200
2018-07-06,196.722457826,201.867280462,195.978986696,201.460845947,19740100
2018-07-09,203.146051216,204.008488042,200.360515041,202.957717896,18149400
2018-07-10,202.719807722,203.126242262,200.499301693,201.768157959,13190100
2018-07-11,200.459648977,202.719800061,199.99373918,200.776855469,12927400
2018-07-12,201.659119166,205.277354715,201.421218065,205.118743896,15454700
2018-07-13,206.000983593,206.615581569,204.65282197,205.515258789,11486800
2018-07-16,205.693679233,206.903060147,205.039421008,205.426025391,11078200
2018-07-17,203.116300486,208.627912334,203.056825217,208.162002563,15349900
2018-07-18,207.993508424,209.153321672,206.625516588,207.537506104,15334900
2018-07-19,206.952637582,208.162018553,205.951420067,206.278549194,11350400
2018-07-20,207.031934267,209.658859553,206.684975021,208.112442017,16163900
2018-07-23,208.746876004,209.777816016,206.982372342,209.074005127,16732000
2018-07-24,213.237441697,214.317949484,210.749297,212.801269531,28468700
2018-07-25,213.842155075,216.716904477,212.404780374,215.606658936,58954200
2018-07-26,173.367532276,178.561922033,172.237456904,174.725601196,169803700
2018-07-27,178.304197772,178.363673042,171.494007071,173.367553711,60073700
2018-07-30,173.774003524,173.774003524,165.110080427,169.570907593,65280800
2018-07-31,169.18429044,172.72322032,168.520124705,171.077667236,40356500
2018-08-01,172.415928318,173.555926619,169.412305744,170.155776978,34042100
2018-08-02,169.194200802,175.25101305,168.787781402,174.834671021,32400000
2018-08-03,176.143193705,177.293099423,174.616591084,176.232406616,24763400
2018-08-06,177.412059314,184.172683042,176.827198921,184.073562622,49716200
2018-08-07,184.876500892,186.660834757,182.120702249,182.209915161,33398600
2018-08-08,183.141728369,185.223453659,182.160340996,183.567977905,22205200
2018-08-09,184.232184482,184.945918102,180.891509998,181.496200562,19732100
2018-08-10,180.455314849,180.514805248,177.858127081,178.690811157,21500400
2018-08-13,178.532203264,181.020347819,177.342637379,178.482635498,17423300
2018-08-14,179.136904845,180.405761085,177.065087046,179.533416748,19102000
2018-08-15,177.778799402,179.295479181,173.258497697,177.967147827,33020200
2018-08-16,178.849438224,178.928743637,172.495233781,173.179229736,31351800
2018-08-17,172.980921071,174.685949125,170.542329511,172.287017822,24893200
2018-08-20,172.524954774,173.050354978,169.422212076,170.99836731,21518000
2018-08-21,171.305658009,172.65381959,169.898021159,171.11730957,19578500
2018-08-22,170.710888885,172.723216174,170.631583483,172.128433228,16894100
2018-08-23,171.583230653,174.021822763,171.325499425,171.394882202,18053600
2018-08-24,172.18792677,173.29818738,171.414717933,173.129653931,14631600
2018-08-27,174.458002136,177.114665317,174.259731047,175.915206909,17921900
2018-08-28,176.549594969,176.688375625,174.299351729,174.725601196,15910700
2018-08-29,174.765301467,175.251026308,173.22879128,174.368774414,18494100
2018-08-30,174.368754225,178.224890501,174.170498284,176.093612671,24216500
2018-08-31,175.607877972,176.073787765,173.456769946,174.200241089,18065200
2018-09-04,171.989639518,172.376243866,167.330557207,169.670013428,29809000
2018-09-05,168.014574284,169.640297278,165.219115468,165.72467041,31226700
2018-09-06,165.526417339,165.526417339,158.607183207,161.115158081,41514800
2018-09-07,158.914496468,163.196898059,158.765808271,161.620727539,24300600
2018-09-10,162.086627673,163.57357006,160.7483886,162.750793457,20197700
2018-09-11,162.512893535,165.734602063,162.29480744,164.495483398,20457100
2018-09-12,161.828870656,163.058081612,160.391496269,160.589752197,24078100
2018-09-13,160.589780942,161.898297529,159.459705311,159.955352783,25453800
2018-09-14,160.312214682,161.422460145,158.944222861,160.906997681,21770400
2018-09-17,160.510460376,160.64924105,158.379182498,159.182128906,21005300
2018-09-18,158.002489566,160.351853581,157.487011996,158.904571533,22465200
2018-09-19,158.686494053,162.017245619,158.091711045,161.640548706,19629000
2018-09-20,163.068010844,165.001032871,163.038273207,164.574783325,18936000
2018-09-21,165.18941497,165.794105587,161.392752919,161.511703491,45994800
2018-09-24,159.628231133,164.257576924,159.479542935,163.970108032,19222800
2018-09-25,160.579892285,164.148545427,159.747192938,163.474472046,27622800
2018-09-26,162.86974826,167.826222552,162.780535353,165.496673584,25252200
2018-09-27,166.091445116,170.274710341,165.754408518,167.37020874,27266900
2018-09-28,166.864656898,167.320644039,161.144881619,163.02835083,34265600
2018-10-01,161.61080028,164.43599669,159.856204138,161.025939941,26407700
2018-10-02,160.173437284,160.867340712,157.288765395,157.943023682,36031000
2018-10-03,158.607167376,162.23530996,158.141257611,161.01600647,23109500
2018-10-04,160.054473777,160.054473777,155.980251323,157.467193604,25739600
2018-10-05,157.824073278,159.499349013,154.840265843,155.96043396,25744000
2018-10-08,154.185982793,156.961611191,153.045999851,155.881103516,24046000
2018-10-09,156.317318688,159.19206828,156.04966479,156.525482178,18844400
2018-10-10,155.454871965,156.31729368,149.992827439,150.062225342,30610000
2018-10-11,148.823119903,153.46237314,147.861562564,152.015090942,35338900
2018-10-12,155.36563422,155.524245022,149.982910562,152.401672363,25293500
2018-10-15,151.985353039,154.215766736,151.222051672,152.183609009,15433500
2018-10-16,154.04720023,158.071869677,153.660595878,157.397781372,19180100
2018-10-17,158.171022512,159.092934696,156.57503701,158.032241821,17592000
2018-10-18,157.130156357,157.278859674,151.945688027,153.571411133,21675100
2018-10-19,154.503225747,155.980260613,152.213336918,152.708984375,19761300
2018-10-22,153.412802312,155.97034512,153.115425925,153.432632446,15424700
2018-10-23,149.903602514,153.422702117,149.536828274,153.046005249,19095000
2018-10-24,152.936983077,153.303757366,144.332550205,144.768707275,27744600
2018-10-25,146.443985157,150.884997012,145.720344146,149.635955811,22105700
2018-10-26,144.550617473,147.702927731,142.548197708,144.104522705,31303300
2018-10-29,147.207276356,147.534405452,137.819713482,140.85307312,31336800
2018-10-30,138.721812704,145.363485604,138.523556746,144.947143555,50528300
2018-10-31,153.650690827,155.038497468,147.663277014,150.46862793,60101300
2018-11-01,150.200992027,151.420280394,148.049884131,150.428985596,25640800
2018-11-02,150.478573353,152.788292355,147.663299383,149.04119873,24708700
2018-11-05,148.793394483,148.882607408,146.156545994,147.385742188,15971200
2018-11-06,148.010244973,149.655798202,146.711651023,148.634765625,16667100
2018-11-07,150.250567247,151.678019121,148.525708767,150.210906982,21877400
2018-11-08,149.179966448,149.626046102,145.462610784,146.582763672,24145800
2018-11-09,145.472531392,146.473733828,142.815868232,143.698120117,17326900
2018-11-12,143.222281569,143.777404288,139.267024636,140.3177948,18542100
2018-11-13,140.763859297,143.618793115,140.387162439,140.922470093,15141700
2018-11-14,142.449061038,144.31270012,140.317783249,142.964538574,22068400
2018-11-15,141.091005827,143.579150597,139.604063468,142.59777832,30320300
2018-11-16,139.84200204,140.53590556,136.570725301,138.31539917,37250600
2018-11-19,136.412106784,136.55088748,130.067824777,130.40486145,44362700
2018-11-20,125.924204148,132.992142423,125.745770744,131.277191162,41939500
2018-11-21,133.230050842,135.995772548,132.962412065,133.646408081,25469700
2018-11-23,132.486551521,133.3291582,130.117357419,130.583267212,11886100
2018-11-26,131.842213408,135.807392759,131.624127334,135.1927948,24263600
2018-11-27,134.568300374,135.420814706,132.546065168,133.824829102,20750300
2018-11-28,135.093671197,135.599226163,130.702241938,135.569488525,29847500
2018-11-29,134.736809666,138.771387429,134.47907842,137.47277832,24238700
2018-11-30,137.056422095,139.742837824,136.16426277,139.385971069,25732600
2018-12-03,141.755178136,142.429251443,139.534671998,139.861801147,24819200
2018-12-04,139.504938046,142.141786318,135.96602284,136.729309082,30307400
2018-12-06,132.655113583,138.483918312,132.506410247,138.414535522,28218100
2018-12-07,138.037811057,139.64370391,135.470360966,136.223739624,21195500
2018-12-10,138.384775058,141.804739462,137.799899567,140.615188599,26422200
2018-12-11,142.627519323,142.627519323,139.871720629,140.843185425,20300300
2018-12-12,141.834459172,145.90868133,141.269413886,143.242095947,23696900
2018-12-13,144.302803245,144.580364602,141.943516585,143.747665405,18148600
2018-12-14,142.092205193,144.738960721,141.269428624,142.805938721,21785800
2018-12-17,141.834461104,143.658439897,137.215023728,138.969619751,24334000
2018-12-18,139.851881263,144.659652279,138.612762683,142.409423828,24709100
2018-12-19,139.980776969,143.648565532,131.346590656,132.080154419,57404900
2018-12-20,129.562245699,134.389862345,128.868342266,132.238739014,40297900
2018-12-21,132.228828592,133.725678473,122.345617043,123.862297058,56901500
2018-12-24,122.028391748,128.61059636,121.949086346,122.980033875,22066000
2018-12-26,124.903162293,133.071438034,124.794119244,133.011947632,39723400
2018-12-27,131.287088719,133.814893541,128.541197825,133.348983765,31202500
2018-12-28,134.161821103,134.736773845,131.04915635,132.04045105,22627600
2018-12-31,133.279604206,133.467952669,128.818776891,129.948852539,24625300
2019-01-02,127.867121361,136.312942144,127.440856732,134.49887085,28146200
2019-01-03,133.517517728,135.975924941,129.978587536,130.593200684,22717900
2019-01-04,132.843411048,136.798682756,132.585679845,136.74911499,29002100
2019-01-07,136.362511441,137.66110522,134.726881058,136.848251343,20089300
2019-01-08,138.672227958,141.893936034,138.32526873,141.289245605,26263800
2019-01-09,141.705600547,143.440366592,140.040232403,142.974456787,22205900
2019-01-10,141.834502272,143.30161476,139.613995841,142.944747925,16125000
2019-01-11,141.903866976,144.094635485,141.328929212,142.548217773,12908000
2019-01-14,140.763885063,145.294110314,140.040243973,144.12437439,20520300
2019-01-15,144.738941828,149.368286522,144.719126824,147.65335083,24069000
2019-01-16,147.70292758,148.34726316,145.720337948,146.255630493,18025700
2019-01-17,145.670809309,147.702967253,145.224729547,147.009063721,15787900
2019-01-18,148.446387382,151.103050026,147.256836719,148.733856201,31029600
2019-01-22,147.901216272,150.210935519,145.095849506,146.285415649,22378700
2019-01-23,146.989187455,147.504664971,141.814627539,143.043838501,20098400
2019-01-24,143.380873175,145.165206765,141.279333129,144.560516357,20955500
2019-01-25,146.196134686,148.525683226,145.26431527,147.712814331,22237200
2019-01-28,146.761216911,147.663298924,144.937237876,146.186264038,15508500
2019-01-29,146.800842852,146.810765481,142.181405468,142.934799194,17632100
2019-01-30,144.947129962,149.635950231,144.43165242,149.110565186,44613200
2019-01-31,164.158429645,170.185488891,163.563646698,165.238937378,77233600
2019-02-01,164.396329354,167.627960149,164.217903547,164.267471313,30806500
2019-02-04,164.257557283,167.826224873,162.195662134,167.776657104,20036000
2019-02-05,167.677501295,170.482867259,167.22151418,169.670013428,22557000
2019-02-06,169.709685549,170.96863432,167.796493634,169.005874634,13281200
2019-02-07,166.735820223,167.76677552,163.811502924,164.931671143,17517600
2019-02-08,163.038263464,165.913012448,162.780532251,165.87336731,12561400
2019-02-11,166.438419492,166.834946556,163.642975541,164.346786499,12811200
2019-02-12,165.407450535,166.8745626,163.067994208,163.603286743,16292300
2019-02-13,163.940347991,164.773032039,162.304702404,162.64175415,14205100
2019-02-14,161.769433137,163.434801473,160.837613418,162.52281189,12755200
2019-02-15,163.077915973,163.266264421,159.459695696,161.085418701,15504400
2019-02-19,159.102862003,162.721083033,158.934343653,160.87727356,14345400
2019-02-20,160.837568001,162.294772447,159.846273283,161.144866943,11770700
2019-02-21,160.520366717,160.827680824,158.200740414,158.646820068,15607800
2019-02-22,159.182134272,160.996205724,158.914480418,160.480728149,15858500
2019-02-25,161.650440677,164.6243249,161.48190726,163.186935425,18737100
2019-02-26,162.909381085,164.79285025,162.374088558,162.701217651,13784100
2019-02-27,161.481928362,162.502960869,159.013613815,161.392715454,12697500
2019-02-28,160.956529795,162.076697745,159.459680111,160.044540405,11114200
2019-03-01,161.184546437,161.70993149,160.282464506,160.867324829,11097800
2019-03-04,162.473245283,166.041913352,162.403862499,165.913040161,18894700
2019-03-05,165.912998524,170.383747556,165.10014469,169.769134521,28187900
2019-03-06,171.394874653,172.059055517,169.779074322,171.008270264,21531700
2019-03-07,170.007063494,170.244979699,166.150927207,167.657699585,18306500
2019-03-08,164.753214861,168.143441717,164.525221261,168.123626709,13184800
2019-03-11,170.106188028,172.782680873,170.086357897,170.572097778,18884000
2019-03-12,170.591934454,172.287055376,169.729512738,170.423416138,12155300
2019-03-13,170.819931344,172.515037023,170.621660279,171.860778809,11973300
2019-03-14,168.282209887,169.660109136,166.696147187,168.688644409,18037400
2019-03-15,165.704876965,166.121219052,161.095346108,164.535140991,37135400
2019-03-18,162.146094205,162.473208171,157.893431134,159.073074341,37524200
2019-03-19,160.074300403,162.393942026,159.420057248,160.163528442,25611500
2019-03-20,160.094127792,164.673905431,159.836396561,163.999832153,20211500
2019-03-21,163.454588411,164.941530515,162.324513017,164.634231567,16223000
2019-03-22,164.208002535,165.962598833,162.661584832,162.909408569,16389200
2019-03-25,161.581039002,165.090215647,160.589744284,164.842391968,12631200
2019-03-26,165.893161963,167.974871605,164.901867335,166.220275879,15437900
2019-03-27,166.388861293,167.469369144,163.355486078,164.426086426,10620300
2019-03-28,163.137421875,165.268700029,161.908210656,164.108886719,10443000
2019-03-29,164.941545904,165.734584792,163.37529826,165.238937378,13455500
2019-04-01,166.368993236,167.429670712,165.82377812,167.231414795,10381500
2019-04-02,168.658908483,173.377466616,168.07404814,172.683563232,23946500
2019-04-03,172.98094656,176.410833302,171.44443656,172.029296875,27391100
2019-04-04,174.487747192,176.450507024,174.002007205,174.487747192,17847700
2019-04-05,175.34024383,175.459194376,173.575740147,174.190338135,9594100
2019-04-08,173.684772511,173.972241354,172.713292694,173.407196045,7297400
2019-04-09,174.091204521,177.630134555,174.021821744,176.03414917,19751000
2019-04-10,176.628915848,177.233606334,175.003192837,176.272064209,11701500
2019-04-11,176.688393043,176.846988718,175.459182029,175.964736938,8071000
2019-04-12,176.450478458,178.066293859,176.400910692,177.540908813,12329800
2019-04-15,176.946137534,178.928727311,175.330322026,178.086120605,10834800
2019-04-16,177.441785163,178.601598368,176.747881766,177.312911987,11215200
2019-04-17,178.036578222,179.166653855,176.807367045,177.223709106,9973700
2019-04-18,177.24355076,177.322856176,175.796253391,176.72807312,11655600
2019-04-22,176.69830177,180.088528241,176.69830177,179.860534668,13389900
2019-04-23,181.149235739,182.616347958,179.900194483,182.180175781,19954800
2019-04-24,182.883961805,183.5282973,180.068673405,180.990585327,37289900
2019-04-25,195.26525476,196.752197031,190.447561198,191.577636719,54148800
2019-04-26,190.824276789,191.220788717,187.443957399,189.823074341,22075000
2019-04-29,189.287750492,193.708932223,188.990359009,193.084411621,19641300
2019-04-30,192.499562118,195.671702823,190.606185199,191.716430664,23494700
2019-05-01,193.084421243,194.472228066,191.329825018,191.349655151,15996600
2019-05-02,191.319913714,192.311208604,188.098205323,190.854003906,13209500
2019-05-03,192.687879189,194.452382641,192.023713519,193.768386841,14575400
2019-05-06,189.575227751,192.588757363,188.891231902,192.192245483,13994900
2019-05-07,190.863918041,191.220784819,186.214757553,188.118041992,16253000
2019-05-08,187.741356968,189.059781116,186.90867281,187.890045166,12505700
2019-05-09,185.570422505,188.118057936,184.638602777,187.007797241,12967000
2019-05-10,186.611226561,188.345992279,182.983084342,186.700439453,12578500
2019-05-13,181.902600273,183.815792024,179.26575241,179.959655762,16833300
2019-05-14,180.931103134,181.892660151,176.549582611,179.156677246,17628100
2019-05-15,178.849402751,185.649685561,178.452890889,184.648483276,16746900
2019-05-16,183.439129076,186.938398954,183.439129076,185.362243652,12953100
2019-05-17,183.230963588,185.947117325,182.67584081,183.686965942,10485400
2019-05-20,180.296710495,182.626244296,179.791140446,181.129394531,10352000
2019-05-21,182.963312132,184.083465115,182.289223716,183.211135864,7502800
2019-05-22,183.121896384,185.114408745,182.011650974,183.706771851,9213800
2019-05-23,180.832011812,182.299124012,178.105950868,179.295501709,12768800
2019-05-24,180.742789622,182.031475936,179.255847365,179.483840942,8807700
2019-05-28,179.959660181,183.102078163,179.870447275,182.705551147,14843300
2019-05-29,181.902628425,182.953398681,179.771350273,180.604034424,12797700
2019-05-30,181.486268019,181.88277992,179.315329817,181.416870117,8581500
2019-05-31,178.710661656,178.968392911,175.617826092,175.925125122,15226500
2019-06-03,173.476593677,173.526161443,159.608373685,162.721038818,56059600
2019-06-04,162.284899509,166.815109469,159.439872776,166.041900635,46044300
2019-06-05,166.022074011,167.251285194,163.196892478,166.706069946,19758300
2019-06-06,166.834932163,168.222738952,165.774239376,166.8646698,12446400
2019-06-07,168.688662306,172.35645065,167.370238188,171.840988159,16917300
2019-06-10,173.228804603,176.311732718,172.28707736,173.298202515,14767900
2019-06-11,176.926318637,178.413261063,175.251027749,176.549636841,15266600
2019-06-12,176.827202583,177.709454507,171.375080218,173.516265869,17699800
2019-06-13,174.002010399,176.480247903,173.090020813,175.925125122,12253600
2019-06-14,178.938626331,180.257050285,178.433071407,179.751495361,16773700
2019-06-17,183.399489645,187.850409814,182.804721698,187.3646698,29459900
2019-06-18,192.311220841,192.836605956,185.649717548,186.829360962,37571400
2019-06-19,185.372159334,186.462589851,182.943489684,185.847976685,21417100
2019-06-20,189.287748566,189.49592714,186.006565033,187.880111694,14635700
2019-06-21,187.106895485,190.32860362,187.106895485,189.476089478,22751200
2019-06-24,190.744929445,192.291346798,189.902338003,190.923370361,15509000
2019-06-25,191.20094541,191.458676612,186.492295121,187.196105957,16750300
2019-06-26,187.890021763,189.099402706,185.679438452,186.026397705,12808600
2019-06-27,188.227069194,197.148722761,186.631083896,187.850372314,11159000
2019-06-28,188.891231226,191.518156452,188.28654078,191.319900513,16378900
2019-07-01,193.510668723,193.580051495,190.259207793,191.319900513,14181800
2019-07-02,191.319900591,193.302490234,191.032431748,193.302490234,9050000
2019-07-03,192.469807775,195.681593343,192.469807775,195.483337402,10246100
2019-07-05,194.472221534,195.354488495,192.479724279,194.690307617,11164100
2019-07-08,193.490862691,194.967882478,191.954352502,194.055892944,9723900
2019-07-09,193.27276484,197.723684317,193.193459434,197.475860596,14698600
2019-07-10,198.258979131,201.193218678,197.93185,200.965209961,20571700
2019-07-11,201.490583539,202.025891222,198.46714638,199.478256226,13678500
2019-07-12,197.941740621,203.512827745,197.426278209,203.08656311,15366300
2019-07-15,202.471954801,203.542554957,200.063115794,202.134918213,16030300
2019-07-16,202.115089004,203.681336547,201.331972795,202.06552124,12132700
2019-07-17,202.402591348,202.5810323,199.835141112,200.043319702,12083700
2019-07-18,198.407675395,200.707486907,197.644389185,199.032196045,11937900
2019-07-19,200.419978067,200.568681364,196.345770906,196.633239746,12098300
2019-07-22,198.169737613,200.806585285,197.079307335,200.558761597,13589000
2019-07-23,201.074236465,202.46205828,199.2106125,200.598419189,14583700
2019-07-24,195.909586559,203.027075613,195.503152081,202.878387451,32532500
2019-07-25,204.900645635,206.843590226,196.534114551,198.962799072,39889900
2019-07-26,198.447341639,201.113927517,194.541637053,198.011169434,24434000
2019-07-29,197.267704759,197.892225448,193.599916288,194.234344482,16530800
2019-07-30,193.689076776,196.980182542,191.815530341,195.324707031,11903600
2019-07-31,195.235538579,197.029780029,191.002704881,192.539215088,14593500
2019-08-01,192.479728425,196.742299509,189.218374868,191.052261353,17777000
2019-08-02,189.436437179,190.943194344,186.432815227,187.374542236,15297000
2019-08-05,183.082234181,184.053698824,177.778801091,180.147994995,23086700
2019-08-06,182.090939486,184.172649436,181.496156571,182.903793335,18035700
2019-08-07,182.001743583,184.747619473,179.64245696,183.538238525,15833200
2019-08-08,184.995431339,188.683049217,182.44781156,188.504623413,14828900
2019-08-09,188.346045606,189.317510448,185.491111232,186.214767456,11058800
2019-08-12,185.223475134,185.957023747,182.85428071,183.756347656,10930900
2019-08-13,183.905022661,189.714011019,183.75631936,186.809509277,13577000
2019-08-14,184.182596985,184.370945438,177.749087585,178.145614624,18903700
2019-08-15,179.374841253,181.605255178,178.462851597,181.000564575,12925900
2019-08-16,182.150458889,183.488713209,180.772559424,182.100891113,12654600
2019-08-19,184.390766621,185.867801529,183.240875984,184.549377441,9691200
2019-08-20,183.83563821,184.380853436,180.802278203,182.209915161,10083400
2019-08-21,183.389568891,184.281728311,181.545759647,181.952194214,8398200
2019-08-22,181.833206237,182.507294597,178.343859272,180.455307007,10821400
2019-08-23,179.265764826,181.535838601,175.122159433,176.202667236,17323400
2019-08-26,177.838312935,178.92874346,176.688422256,178.789962769,8773600
2019-08-27,180.346276751,182.437909629,179.434287244,179.72177124,14399600
2019-08-28,178.958461182,180.366098079,177.362475841,180.177749634,9386100
2019-08-29,182.170241004,184.460129464,181.872849553,183.954574585,10128700
2019-08-30,185.154064164,185.173894298,181.862972891,184.053726196,10774500
2019-09-03,182.398246615,184.053707147,180.524700013,180.802261353,9779400
2019-09-04,183.042595569,186.115615782,182.289216897,185.510925293,11308000
2019-09-05,186.888810563,189.69417671,186.303950252,189.238174438,13876700
2019-09-06,188.554202881,188.554202881,184.727804098,185.857879639,15226800
2019-09-09,186.095788744,187.334907379,184.232164604,187.116821289,14722400
2019-09-10,185.808326252,186.462584544,182.943484477,184.549377441,15455900
2019-09-11,184.836869776,187.790924599,184.460172841,186.849197388,11761700
2019-09-12,188.207252708,189.267930399,185.600142247,185.838058472,11419800
2019-09-13,185.699281784,186.333709937,184.916150316,185.560501099,11441100
2019-09-16,185.302748899,186.15526312,184.152858307,184.598937988,8444800
2019-09-17,185.035096919,186.68064997,183.924836422,186.442733765,9671100
2019-09-18,186.452660011,187.434047439,184.390764739,186.502227783,9681900
2019-09-19,187.017690103,189.436451958,186.512120048,188.484802246,10392700
2019-09-20,189.00028273,191.419044622,186.4823853,188.276626587,19934200
2019-09-23,187.691762448,188.445156211,183.597725021,185.193710327,13327600
2019-09-24,186.343607492,186.403082765,178.819682975,179.701934814,18546600
2019-09-25,179.870440413,181.8232924,176.321603175,181.208694458,18068300
2019-09-26,179.751510535,179.820893314,176.12336748,178.542129517,16083300
2019-09-27,178.918807935,179.186446646,174.130852127,175.558319092,14656200
2019-09-30,176.321621827,177.114660785,175.310511904,176.529800415,10740000
2019-10-01,177.590493203,178.274489173,173.357674444,174.279571533,17073000
2019-10-02,173.317963917,174.993254401,171.58319817,173.080062866,16151700
2019-10-03,174.041650351,178.274468622,172.118535852,177.818481445,16086300
2019-10-04,177.986991087,179.404535444,176.549616598,178.879150391,10430200
2019-10-07,178.433081613,179.602802332,176.539704728,178.115859985,9178300
2019-10-08,176.708222186,178.799855016,176.1729296,176.202667236,9466900
2019-10-09,177.600397411,179.146815031,176.391016427,178.284393311,7556900
2019-10-10,178.750328881,180.029092827,177.610330509,178.462844849,8605000
2019-10-11,180.564358833,184.866590167,180.554451329,182.586608887,14930500
2019-10-14,182.596529347,183.012871416,180.980728841,181.684539795,7006000
2019-10-15,182.200009504,188.722731899,182.06122882,187.245697021,15039100
2019-10-16,186.680644489,188.048621031,185.272992559,187.899932861,10516900
2019-10-17,188.643407336,189.178699883,187.126727471,188.732620239,9603000
2019-10-18,188.574039453,189.823080806,182.318970561,184.232177734,16874200
2019-10-21,185.411785272,188.256811826,185.124316416,188.108108521,8122600
2019-10-22,188.346038949,188.990374611,179.920031944,180.752716064,19537600
2019-10-23,180.425580703,184.757549735,180.415673199,184.529541016,12300400
2019-10-24,183.012849236,185.104481962,181.208700486,184.757537842,11413500
2019-10-25,184.212314406,187.354717105,183.478750809,186.254379272,8061200
2019-10-28,185.570405429,187.8801244,183.468865045,187.751251221,13657900
2019-10-29,190.021319758,190.854003835,186.829349004,187.662033081,13574900
2019-10-30,187.909845639,188.792097433,184.361008331,186.611251831,28734600
2019-10-31,194.987701137,196.365600424,186.611262372,189.981658936,42286500
2019-11-01,191.171223113,192.420249213,188.256813754,191.934509277,21711800
2019-11-04,192.856414553,195.651858142,192.122850925,193.024932861,16371300
2019-11-05,193.669280777,194.045977681,191.914699686,192.628433228,9942000
2019-11-06,192.340960372,192.677997029,189.684297133,189.882553101,10973000
2019-11-07,190.239425117,191.756105241,187.820662922,188.762390137,13473000
2019-11-08,188.34602687,190.665653255,188.048635381,189.178710938,10760800
2019-11-11,188.276618098,188.425321397,186.898718902,187.959411621,8631200
2019-11-12,188.346025583,193.361975212,188.088294361,192.777114868,17615500
2019-11-13,193.005104787,193.99639964,191.062175346,191.508255005,10860700
2019-11-14,191.250526573,192.340957063,189.783414289,191.468612671,9040500
2019-11-15,192.568942631,193.599897801,191.696613401,193.401641846,11524300
2019-11-18,192.86633618,196.900913743,191.369486304,195.681610107,16167200
2019-11-19,195.681600449,198.258973151,195.146307877,197.584899902,19056800
2019-11-20,196.851342213,197.852544612,193.728754216,195.790649414,12355400
2019-11-21,195.701430538,197.356891148,195.146307833,196.206985474,12131000
2019-11-22,196.653106955,197.56509654,195.899713074,197.089279175,9959800
2019-11-25,197.783173021,199.220547676,197.515519149,198.050811768,15272300
2019-11-26,198.258978084,198.407666267,196.316033443,197.237945557,11735500
2019-11-27,198.159866832,201.371668116,197.684049461,200.241592407,12736600
2019-11-29,199.84508996,202.025936065,199.458485492,199.884735107,7985200
2019-12-02,200.370448163,200.420000808,196.325963051,197.961593628,11503400
2019-12-03,195.879898065,197.198307104,193.381830429,197.089279175,11595300
2019-12-04,198.258973071,198.288710707,196.325951109,196.980209351,8456300
2019-12-05,198.120204959,199.537749446,196.484574378,197.624557495,9740400
2019-12-06,198.754620005,199.815312769,198.318447845,199.299835205,12270600
2019-12-09,198.903314892,201.37164463,198.467157844,199.587310791,11954800
2019-12-10,199.904515038,200.291119408,198.407650194,199.121383667,9475700
2019-12-11,198.536553567,200.866102776,198.536553567,200.499313354,8036800
2019-12-12,200.588534873,201.887128809,192.410351711,195.037277222,23734800
2019-12-13,194.69031628,195.086843324,191.488437923,192.420257568,18798000
2019-12-16,193.570157115,197.386633361,193.114154811,196.19708252,14911500
2019-12-17,197.109058771,197.267669572,194.422658274,196.662979126,10175700
2019-12-18,198.348188845,202.521546943,198.348188845,200.737213135,23274400
2019-12-19,201.014774104,204.504136309,200.747120252,204.266220093,16514600
2019-12-20,205.673840474,205.901849169,201.659093517,204.504119873,27306900
2019-12-23,204.900655202,206.774201979,203.889530157,204.385177612,13348900
2019-12-24,204.504116813,204.989841576,203.21543057,203.334381104,6046300
2019-12-26,203.780494689,206.010908158,203.522748341,205.981155396,9350700
2019-12-27,206.853482314,207.111213514,204.791587333,206.288452148,10284200
2019-12-30,206.050548938,206.090194076,202.125014661,202.630584717,10524300
2019-12-31,202.224153507,203.770571084,201.827641609,203.463272095,8953500
2020-01-02,204.950219837,207.963749667,204.474402522,207.953842163,12077100
2020-01-03,205.406218315,208.56843627,205.148471966,206.853500366,11188400
2020-01-06,204.900664048,210.927739186,204.722238217,210.749313354,17058900
2020-01-07,210.967375408,212.712048883,209.906682667,211.205276489,14912400
2020-01-08,211.145820622,214.357621648,210.759216203,213.346496582,13475000
2020-01-09,215.646279679,216.478978867,214.397253586,216.399673462,12642800
2020-01-10,217.291833977,217.965922359,215.527330307,216.161758423,12119400
2020-01-13,217.688352313,220.037716237,217.301747931,219.978240967,14463400
2020-01-14,219.680881399,220.44418277,216.72682659,217.153076172,13288900
2020-01-15,218.689576165,219.75025388,218.223666336,219.224868774,10036500
2020-01-16,220.632501182,220.691976453,218.471470552,219.83946228,10015300
2020-01-17,220.097210005,220.354941239,218.610267625,220.206253052,15905900
2020-01-21,220.226077896,220.434241354,217.212532939,219.51234436,14275800
2020-01-22,220.374759077,220.810931238,219.353726576,219.393386841,12212800
2020-01-23,218.828326381,219.561889976,217.361214317,217.846939087,11195000
2020-01-24,218.877889306,219.84935395,214.228714391,216.042785645,11905800
2020-01-27,211.244961056,214.179185653,210.650178032,212.999542236,13810700
2020-01-28,214.258473512,216.835846235,211.661285782,215.894104004,13413800
2020-01-29,219.51234719,222.248315695,216.548369965,221.286758423,33181300
2020-01-30,204.732154439,209.589493872,202.967650555,207.706039429,48775500
2020-01-31,206.615575183,206.873321521,199.30973709,200.15234375,31359900
2020-02-03,201.669034936,203.354233224,200.737215318,202.412506104,15495600
2020-02-04,204.821309497,208.766673359,203.413672814,208.003372192,19628900
2020-02-05,210.660061656,210.878147732,206.893153353,208.280960083,12538200
2020-02-06,208.637829482,209.351562988,207.517661455,209.014526367,10567500
2020-02-07,208.469316281,210.967383613,208.102526889,210.481643677,12242500
2020-02-10,209.678689089,211.938840117,208.82617492,211.205276489,11856400
2020-02-11,208.360252137,209.024417824,204.712279482,205.386367798,25030800
2020-02-12,206.04062146,209.381279954,205.594526719,208.92527771,13813700
2020-02-13,207.696109023,212.464235011,207.359057266,211.284591675,15396600
2020-02-14,212.137125922,213.059022994,210.798871647,212.315551758,10741700
2020-02-18,211.691034049,216.082463301,211.542330734,215.904037476,15609200
2020-02-19,216.092357602,216.419486699,214.228718549,215.596710205,12135100
2020-02-20,214.63519662,216.86561036,211.096266227,212.712081909,13109200
2020-02-21,211.621633286,212.375027099,207.012118002,208.350357056,14092300
2020-02-24,200.043286931,201.877173173,196.444882087,198.972686768,23080100
2020-02-25,200.489390113,201.728508717,194.244229324,195.057098389,21433500
2020-02-26,195.473429899,199.45843935,193.788231714,195.483337402,16524500
2020-02-27,190.150162401,194.174816585,187.850351366,188.098175049,21682600
2020-02-28,181.109570016,191.062178997,180.237240814,190.794525146,32568900
2020-03-02,192.340971104,194.85886892,187.206070172,194.729995728,24949000
2020-03-03,194.511898851,195.523023949,182.368535555,184.271820068,27984100
2020-03-04,187.52326322,190.160111408,184.767464478,190.090713501,23062500
2020-03-05,185.154060346,187.344828732,182.289218688,183.558074951,19333400
2020-03-06,176.777627014,182.180181368,174.725639245,179.513595581,24559600
2020-03-09,168.1236259,173.476612462,163.752011635,168.024490356,29949000
2020-03-10,173.149462499,176.737944868,168.024470151,176.638824463,24517800
2020-03-11,172.495227687,174.348959517,166.200513871,168.758056641,20373900
2020-03-12,158.151177581,165.149732099,152.996447261,153.125320435,43266300
2020-03-13,162.106443563,169.303238638,156.228072437,168.797683716,35028600
2020-03-16,150.994035718,157.744751088,141.854296178,144.738952637,39120400
2020-03-17,149.427794446,152.599935011,138.781282075,148.119277954,34255600
2020-03-18,138.533452215,146.890060354,135.906526971,145.68069458,37553100
2020-03-19,145.343657412,158.537790476,143.53950851,151.79699707,39862300
2020-03-20,154.661843728,157.883552345,146.711653922,148.426589966,32568400
2020-03-23,148.357177909,150.984102981,141.011680082,146.810760498,29830800
2020-03-24,153.858883295,159.905772921,151.241865445,159.578643799,30440400
2020-03-25,157.536558978,161.571135849,151.727571171,154.850158691,35184300
2020-03-26,156.872418645,162.572364346,155.653130148,161.918106079,26556800
2020-03-27,156.822869997,158.69641699,153.402905184,155.425140381,24879900
2020-03-30,157.794271706,165.298379304,156.684026562,164.505340576,22515200
2020-03-31,164.03946028,169.442013948,162.770604138,165.347976685,23676300
2020-04-01,160.213067532,162.721042272,156.664230182,158.210662842,19507600
2020-04-02,157.715009147,159.945422453,154.562683809,156.812927246,20886300
2020-04-03,155.781991997,156.535385823,149.517015913,152.837844849,25983300
2020-04-06,158.755884759,164.753222404,157.130161599,164.108886719,28453600
2020-04-07,170.294529974,171.880607732,164.564847141,167.360305786,31411900
2020-04-08,169.759226017,173.476581331,166.279786888,172.7628479,21664200
2020-04-09,174.368743063,175.538478751,170.076450043,173.664932251,23534300
2020-04-13,172.158171985,173.476595929,167.974906576,173.268417358,19355400
2020-04-14,177.421949712,179.652363146,175.082493239,176.619003296,21011800
2020-04-15,173.664954917,176.638839599,171.315590858,175.429458618,17423000
2020-04-16,176.40092709,176.500062632,171.008280333,174.71572876,23593200
2020-04-17,177.640057748,178.710658143,175.122175149,177.679718018,20974800
2020-04-20,175.865623724,178.928721194,175.231195623,176.688400269,16110700
2020-04-21,173.724430652,173.853303829,166.874579285,169.313171387,24850500
2020-04-22,176.896575936,183.171474612,176.58927693,180.693237305,33242000
2020-04-23,182.477554758,185.421701624,181.555642697,183.518417358,21426600
2020-04-24,181.634937512,188.752441867,179.255836101,188.415405273,28792000
2020-04-27,190.9828676,192.063375346,185.778569687,185.867782593,29197800
2020-04-28,187.017710287,187.553002909,180.970804997,181.317764282,21731000
2020-04-29,189.267926467,195.195880811,188.346029478,192.499557495,45954500
2020-04-30,205.118731697,207.864622709,199.815313244,202.927978516,46230100
2020-05-01,199.845035357,205.475582493,197.317230622,200.50920105,30415600
2020-05-04,198.457225538,204.117525776,197.029758537,203.473175049,19250700
2020-05-05,205.217857771,208.54860897,204.70238023,205.267425537,21071200
2020-05-06,206.308298898,209.758016194,204.86101675,206.655258179,21857000
2020-05-07,209.321823805,209.757995958,207.22026844,209.420944214,15152000
2020-05-08,210.392452308,211.35400965,209.014552889,210.501495361,12506000
2020-05-11,209.054175402,213.12839794,208.538697833,211.324234009,12911900
2020-05-12,211.433275042,213.405957268,208.171921592,208.271057129,14704600
2020-05-13,207.60689965,208.945153918,200.350628288,203.314605713,20684600
2020-05-14,200.79668614,205.128639875,198.942969576,205.009689331,17178900
2020-05-15,203.483115808,209.500268206,202.343117556,209.044281006,19383200
2020-05-18,210.303197104,212.771526734,209.103738801,211.334152222,20151900
2020-05-19,211.413459849,218.570609976,210.977287688,214.992034912,31843200
2020-05-20,221.554384873,229.326132372,221.247085909,227.968063354,50162900
2020-05-21,232.676746342,235.135153524,229.187383966,229.375732422,47782600
2020-05-22,229.494700226,233.935712721,226.748823964,232.865112305,33925600
2020-05-26,237.682758811,238.802911651,229.653264868,230.178649902,33178300
2020-05-27,227.075926672,228.55294637,219.205042861,227.145309448,34697600
2020-05-28,222.347439307,229.613632419,222.050047825,223.497344971,29377200
2020-05-29,223.239581972,225.509655494,220.939785942,223.13053894,23241500
2020-06-01,222.634904099,230.416574629,221.554396355,229.891189575,18223800
2020-06-02,228.929649101,230.971714197,224.587772552,230.694152832,20919000
2020-06-03,230.089470483,230.624763099,226.540632762,228.156448364,15380300
2020-06-04,227.561668143,229.613655966,222.654761126,224.320129395,17041500
2020-06-05,224.736453875,229.336061206,223.34863206,228.761108398,16750400
2020-06-08,227.036271287,229.534338688,225.430378379,229.385635376,15466500
2020-06-09,229.504579078,237.682761276,228.404241232,236.592330933,27462900
2020-06-10,238.862407976,239.110231683,233.231845498,234.669219971,20720700
2020-06-11,227.938331947,230.862648624,221.603958691,222.476287842,26708200
2020-06-12,227.898650091,229.643338479,222.545664653,226.590148926,22091400
2020-06-15,223.130545517,231.734992347,222.843076677,230.476043701,15340300
2020-06-16,235.075682987,236.384199577,230.971722514,233.598648071,15236700
2020-06-17,232.954305456,235.52175566,229.712766843,233.479690552,19578100
2020-06-18,232.944396517,234.084379614,230.129107475,233.886123657,15782500
2020-06-19,235.719993611,238.733538399,233.499502848,236.711288452,30081300
2020-06-22,236.483330178,238.60470085,234.847699496,237.137588501,18917800
2020-06-23,239.179636843,243.055603607,237.771999874,240.131286621,24017900
2020-06-24,239.100339623,241.102759663,230.654502388,231.982849121,20834900
2020-06-25,232.57758684,235.234264835,230.713962856,233.628356934,18704300
2020-06-26,230.614846352,231.060926035,213.524916725,214.199005127,76343900
2020-06-29,207.924098797,218.828342357,205.307080947,218.719299316,58514300
2020-06-30,218.669736233,225.519587555,216.568195905,225.093338013,33927100
2020-07-01,226.510894441,236.919491341,225.579074775,235.482116699,43399700
2020-07-02,236.919473443,237.910768311,230.585099842,231.388046265,30633600
2020-07-06,231.725077355,238.307274516,230.248057717,238.188323975,26206200
2020-07-07,237.325915824,245.494176126,236.741055463,238.763290405,27887800
2020-07-08,236.037225752,244.839929175,234.530453292,241.459609985,29791300
2020-07-09,242.867244728,244.383924679,237.157391685,242.37159729,22174900
2020-07-10,241.568653722,243.352987546,237.236699901,242.936645508,22982700
2020-07-13,244.859730246,247.972395403,236.344511295,236.919464111,24674900
2020-07-14,234.698980313,238.237910445,230.010159566,237.643127441,23378100
2020-07-15,239.447272662,242.688811038,235.977740707,238.188323975,19133600
2020-07-16,235.92817026,239.655433387,234.272709704,238.83265686,18880700
2020-07-17,238.902063199,242.034558612,235.789397918,239.923095703,18152400
2020-07-20,237.970228574,243.908089904,233.588707349,243.283569336,20872200
2020-07-21,244.076627674,244.760623564,237.990077688,239.64553833,19364200
2020-07-22,238.168479972,239.794202817,236.047109734,237.78187561,15427900
2020-07-23,237.544012834,240.309719079,229.732603817,230.575210571,21771800
2020-07-24,228.186167333,231.457443411,224.924798757,228.701644897,18325800
2020-07-27,229.445096239,232.904705337,228.820575687,231.467330933,13163100
2020-07-28,232.587509595,232.914638702,227.82929141,228.116760254,14170100
2020-07-29,229.12789264,231.665605054,228.305116094,231.259170532,13588300
2020-07-30,228.215907818,232.845253079,227.006526858,232.458648682,20615300
2020-07-31,253.593054467,253.622792102,246.832416364,251.461761475,53005100
2020-08-03,250.450628053,253.176688784,248.150831956,249.766647339,23124900
2020-08-04,249.370148384,250.599359533,245.276095512,247.655212402,17183500
2020-08-05,248.012062998,250.073958118,245.613131256,246.951370239,13050100
2020-08-06,246.872040267,264.279188951,246.505266046,262.970672607,45241600
2020-08-07,261.78111885,276.462222747,261.136783277,266.103179932,72766400
2020-08-10,265.706706297,271.476019902,257.429387432,260.710571289,30248800
2020-08-11,257.924999362,263.605129521,252.909050037,253.900344849,28238300
2020-08-12,256.715650379,261.602727145,255.863121004,257.627655029,21415700
2020-08-13,259.273183847,262.851774372,257.310439193,259.025360107,17374000
2020-08-14,260.026512912,260.363549484,256.428108276,258.965820312,14792700
2020-08-17,260.214897628,261.800975436,257.141877549,258.886566162,13351100
2020-08-18,258.678420728,262.841841229,257.003129898,260.056304932,18690400
2020-08-19,259.114541634,265.577772324,259.074881375,260.304077148,23291500
2020-08-20,259.223609233,267.282841389,259.183948968,266.668243408,20299700
2020-08-21,266.351037167,268.135355941,264.100808567,264.685668945,15538600
2020-08-24,268.710335721,274.836531397,266.430339131,269.027557373,23685600
2020-08-25,270.038663525,280.625686431,267.907385412,278.375457764,42127200
2020-08-26,281.527749848,302.017828614,281.527749848,301.264434814,69015200
2020-08-27,297.547100467,298.60779334,289.477944927,290.667510986,30301300
2020-08-28,292.431969111,294.642567429,288.446974864,291.103637695,17157400
2020-08-31,291.39114573,294.295632504,289.012013787,290.647674561,17345100
2020-09-01,292.144477462,298.86545489,290.161887893,292.868133545,17295900
2020-09-02,296.278276922,300.957190887,290.499009692,299.866760254,24341400
2020-09-03,293.413355516,295.009355969,281.160965584,288.585754395,32294100
2020-09-04,284.749440579,286.484206536,268.779695352,280.268798828,30333700
2020-09-08,268.918450046,276.86862339,267.074656254,268.799499512,24864000
2020-09-09,273.369392264,276.055823309,268.987885609,271.337249756,22918800
2020-09-10,273.111677849,276.72989832,264.70548589,265.756256104,24814700
2020-09-11,267.709134015,269.027573349,260.353741816,264.289154053,18913900
2020-09-14,268.591394591,274.231865608,263.387095798,263.8331604,24093800
2020-09-15,268.313817819,272.130279181,266.955718324,270.048583984,18478500
2020-09-16,264.963214204,270.068376733,259.51109242,261.226013184,29183400
2020-09-17,256.031632574,259.2236032,248.01206087,252.601760864,31281400
2020-09-18,256.150591679,256.943645736,247.873288482,250.331695557,28130800
2020-09-21,245.385116675,247.774140856,242.004812785,245.989807129,24709400
2020-09-22,251.104912055,253.097424511,246.059224577,252.53237915,30293100
2020-09-23,253.037888081,255.744118466,245.989781925,246.852218628,19641300
2020-09-24,244.354196225,250.044234475,243.481851861,247.357818604,20006800
2020-09-25,247.228929468,253.523657814,244.463223493,252.601760864,18351300
2020-09-28,257.141847163,257.34011821,252.601730606,254.584320068,18826300
2020-09-29,255.565743683,261.03768081,254.663661666,259.511108398,20200200
2020-09-30,259.69940719,263.763691428,257.835768237,259.62008667,20142500
2020-10-01,263.040073347,265.994112402,262.494843073,264.308929443,20009800
2020-10-02,258.936149291,262.841853872,256.923821722,257.677215576,16367600
2020-10-05,259.917537032,262.564277496,258.569360226,262.346191406,12822300
2020-10-06,259.501160235,263.377126663,255.991968055,256.408325195,18696900
2020-10-07,256.95357006,257.915127426,252.601800714,255.873062134,23133400
2020-10-08,257.488826362,262.316427237,256.894043427,261.463928223,16312800
2020-10-09,262.217286345,262.445295037,259.887767795,262.147918701,14107800
2020-10-12,267.847874155,277.74097716,265.538140269,273.34954834,31019300
2020-10-13,275.163612295,276.670399835,271.010114688,273.736175537,18063300
2020-10-14,275.203326075,276.323494319,269.136605229,269.453826904,15577800
2020-10-15,265.270476529,266.697943365,261.37469549,264.398132324,15416100
2020-10-16,265.052441007,269.007698064,262.990530629,263.61505127,16622700
2020-10-19,263.218564984,266.212265049,257.617754182,259.124511719,13587000
2020-10-20,260.770038354,267.352251121,260.591612529,265.230865479,18763200
2020-10-21,277.126380784,280.585990067,273.96414785,276.303619385,28998600
2020-10-22,277.433648819,279.991206141,272.645708626,275.698883057,16720000
2020-10-23,276.37297568,282.756916556,274.410231355,282.310852051,17535200
2020-10-26,280.695044679,282.747032216,271.872526837,274.697692871,21322900
2020-10-27,276.333349321,282.033294446,273.90466495,280.823913574,16287200
2020-10-28,276.36313042,276.36313042,264.933500739,265.339935303,23121800
2020-10-29,274.142574262,281.131220993,271.396698462,278.385314941,32368100
2020-10-30,272.110411388,274.291271959,256.844478148,260.819549561,47247800
2020-11-02,262.296655142,268.115551776,255.099843978,259.084838867,27165700
2020-11-03,260.869123535,267.699128461,258.608972771,262.990478516,17961900
2020-11-04,278.553860264,286.424744003,276.194573618,284.878326416,35364400
2020-11-05,289.358977974,294.791284967,286.434676142,292.114776611,23823600
2020-11-06,291.391142668,292.035478291,285.552401292,290.855834961,13891000
2020-11-09,287.346640894,290.033041537,276.105360629,276.343261719,25117700
2020-11-10,270.722591411,271.6147506,261.701803498,270.058410645,29067700
2020-11-11,271.089404484,275.976480845,270.108032261,274.07321167,14957000
2020-11-12,274.767119677,277.314754891,272.041058637,272.685394287,12899500
2020-11-13,275.302409687,275.342069951,270.722632274,274.539123535,10391200
2020-11-16,272.655619441,276.977680449,272.239292571,276.531585693,12970400
2020-11-17,275.262741994,275.262741994,270.910973408,272.606079102,15040300
2020-11-18,272.130206341,274.975247502,269.473543843,269.602416992,12152900
2020-11-19,268.660726406,271.089410953,266.846670094,270.564025879,12963700
2020-11-20,270.187322645,270.6234948,267.064749909,267.352233887,18114700
2020-11-23,268.531930356,268.591405639,262.227278113,266.093322754,20990800
2020-11-24,266.152701166,275.401497548,265.538103299,274.509338379,16930400
2020-11-25,275.718830146,277.741050343,270.276599544,273.191009521,12467000
2020-11-27,274.975335637,276.700179263,272.427700217,275.391662598,7808400
2020-11-30,273.627109886,275.282585558,268.650820745,274.558929443,16693300
2020-12-01,276.729888399,286.781602972,276.531617318,284.055541992,20738900
2020-12-02,282.875919585,289.240046636,278.385354557,285.017120361,17361600
2020-12-03,283.758114065,284.154625903,278.623214667,279.39642334,12921700
2020-12-04,277.859950497,280.992446035,276.868655589,277.265197754,10880300
2020-12-07,276.759605404,285.978635202,275.778233205,283.093963623,13007700
2020-12-08,283.520217357,283.936544206,279.09902105,280.932922363,10747700
2020-12-09,281.190694008,285.126135678,269.384368999,275.500671387,25189700
2020-12-10,273.141378605,276.303611448,269.493390737,274.707611084,20065100
2020-12-11,272.140150414,274.073187305,267.897410033,271.168670654,14391400
2020-12-14,270.990262085,274.80675322,269.196020868,271.803131104,16376900
2020-12-15,272.437542154,273.676660679,265.141626798,273.151275635,23979500
2020-12-16,272.368181731,275.441171554,270.137768326,273.270263672,15885000
2020-12-17,274.658056583,277.998715207,271.228154805,272.090606689,16377800
2020-12-18,273.369406323,275.580005024,268.779735967,273.993927002,26693200
2020-12-21,270.603692689,272.278983491,265.458869738,270.415344238,16553700
2020-12-22,269.136505749,269.136505749,262.326316135,264.764892578,17312900
2020-12-23,264.566680893,269.800716171,263.912422701,265.776031494,14329000
2020-12-24,266.53933168,268.046088778,263.882669066,265.07220459,6702000
2020-12-28,266.400549016,274.886029897,263.34737441,274.588653564,23299700
2020-12-29,274.539169452,278.068177323,273.874988474,274.370635986,16383000
2020-12-30,275.530384854,275.659227758,269.34468511,269.503295898,11803800
2020-12-31,269.632198838,274.677885987,267.461260699,270.782104492,12900400
2021-01-04,272.387942522,272.606028555,262.891353093,266.5987854,15106100
2021-01-05,265.954482297,270.02868928,265.875161774,268.61114502,9871600
2021-01-06,259.719258909,265.419204476,257.746591776,261.017852783,24354100
2021-01-07,263.585330124,269.245616011,262.475084583,266.400604248,15789800
2021-01-08,265.974362839,266.608806169,260.889014576,265.240814209,18528300
2021-01-11,258.212499614,261.176461606,253.672352151,254.604171753,30412300
2021-01-12,254.396002528,257.459099988,248.121104304,248.904220581,26383500
2021-01-13,249.360219468,251.739321028,247.030670549,249.449432373,19528900
2021-01-14,251.194137181,252.809952809,242.480661125,243.501693726,29739400
2021-01-15,245.7420032,251.650127544,245.008454644,249.171890259,24942900
2021-01-19,254.663636996,259.917517771,250.520031847,258.827087402,28028500
2021-01-20,266.588940319,267.966854803,261.305351612,265.151580811,25199900
2021-01-21,266.916008685,271.21822386,265.161397783,270.494567871,20838700
2021-01-22,269.642128558,276.045884978,269.632205928,272.110443115,21954000
2021-01-25,275.718747431,277.661676749,269.146458132,275.589874268,19087000
2021-01-26,275.718759863,282.905647415,275.391615626,279.594696045,19373600
2021-01-27,280.070533896,280.982538473,265.785971419,269.770996094,35346200
2021-01-28,274.767110247,284.293469868,262.395769386,262.693145752,37758800
2021-01-29,262.990502842,264.239543992,252.631490156,256.081176758,30389500
2021-02-01,257.260842134,261.870387631,252.690987156,259.729187012,22914300
2021-02-02,261.701830175,266.50961606,260.978174072,264.755004883,17320800
2021-02-03,263.307733383,266.856585889,261.543229759,264.328765869,14223400
2021-02-04,264.685658721,265.825641796,261.701851416,264.170166016,16060000
2021-02-05,264.477472768,266.826867142,263.357334919,265.766174316,12454400
2021-02-08,266.410492041,267.510814808,262.693136338,264.259368896,13755200
2021-02-09,264.120623731,271.010135599,263.436627808,267.104431152,14613400
2021-02-10,270.078263788,271.416487485,265.389428781,269.503295898,14687200
2021-02-11,269.523166614,271.19842705,266.152739981,268.036224365,12828600
2021-02-12,268.165078679,268.819336926,266.004063112,268.145263672,9097600
2021-02-16,268.442664655,274.192193608,267.699193431,271.585083008,15417200
2021-02-17,268.878803671,271.585049485,267.233250601,271.188537598,12763200
2021-02-18,267.223378217,269.582664962,263.714185738,267.044952393,15249100
2021-02-19,267.510784803,267.917219277,257.885321319,259.283050537,25622600
2021-02-22,255.704525345,260.77995027,255.288168186,258.063781738,17434900
2021-02-23,257.241003306,265.131701526,252.740531522,263.545623779,21924600
2021-02-24,260.046350172,264.061112241,256.140676513,262.009124756,15736100
2021-02-25,260.016624341,264.616246918,251.82853441,252.472885132,19053100
2021-02-26,254.237412508,263.238357183,254.237412508,255.37739563,26619500
2021-03-01,258.549520201,264.328755646,255.654926039,262.603912354,22157300
2021-03-02,263.466339075,264.388236008,256.398402087,256.745361328,15191700
2021-03-03,258.024154129,258.718042397,252.879331255,253.186630249,15513500
2021-03-04,254.237388525,264.170151919,251.293241643,255.397216797,31626500
2021-03-05,258.400870863,263.139259568,253.384905653,261.979431152,26820100
2021-03-08,263.238343807,263.268081444,252.829762673,253.087493896,18391800
2021-03-09,258.906364464,266.192387178,257.54829545,263.42666626,22039700
2021-03-10,266.301488321,266.628602341,260.581697132,262.594024658,14210300
2021-03-11,265.776028852,275.480813215,265.488575147,271.495819092,21834000
2021-03-12,266.797085773,267.391838426,261.721631198,266.06350708,20600200
2021-03-15,266.737613468,273.557727095,266.162675748,271.366973877,16844800
2021-03-16,273.676690563,279.683965662,272.407834265,276.848846436,22437700
2021-03-17,273.309893324,283.738334458,273.012516972,281.537658691,21315000
2021-03-18,277.433698703,282.707394829,275.857543443,276.194580078,18728300
2021-03-19,278.771938228,290.251119251,278.752123222,287.584533691,38930500
2021-03-22,287.921643308,297.101014387,284.253839726,290.984741211,28273100
2021-03-23,290.598058053,295.405843775,287.287137125,288.100006104,23000900
2021-03-24,288.466786852,289.180520318,278.712449648,279.683929443,18675000
2021-03-25,278.5340588,285.552413555,275.332165303,276.313537598,24505600
2021-03-26,275.877391239,282.023432448,275.35200609,280.556304932,17629200
2021-03-29,283.282303712,290.6278018,282.221641268,288.288360596,21718800
2021-03-30,287.306976206,289.92400916,284.204248704,285.492919922,17474500
2021-03-31,287.465607511,293.918947196,286.097615665,291.966094971,19498200
2021-04-01,295.802373291,299.767552638,294.018054685,296.060119629,17616000
2021-04-05,298.270712671,308.064680073,298.062518978,306.22088623,28237000
2021-04-06,306.151521742,308.639681691,302.592776583,303.593994141,17335200
2021-04-07,303.673321413,311.514468874,302.840637203,310.364562988,22855200
2021-04-08,312.109222204,313.130254796,307.350988276,310.295135498,20894100
2021-04-09,308.689250494,312.000172095,307.628557606,309.740020752,15988600
2021-04-12,308.342278356,309.432708839,305.24944299,308.828033447,10881900
2021-04-13,309.492130589,311.692806181,306.627304445,307.063476562,14036900
2021-04-14,304.624911242,305.348567412,299.321507719,300.183929443,17421400
2021-04-15,303.673253625,307.440192118,301.452762893,305.140380859,14558300
2021-04-16,305.487315035,306.260523726,301.958277909,303.51461792,13059200
2021-04-19,302.354884665,305.021470521,297.943610003,299.608978271,14553500
2021-04-20,299.361183529,302.444126876,294.622794383,300.015441895,16796400
2021-04-21,299.321474481,299.351212114,294.80117265,298.84564209,14863500
2021-04-22,298.706877243,300.283062747,293.462949033,293.938751221,16375400
2021-04-23,296.159272415,299.95591855,294.563271903,298.508636475,17536800
2021-04-26,300.699353871,303.137930551,298.934850379,300.401977539,16172600
2021-04-27,301.631270765,302.682041147,298.488851998,300.927459717,15309300
2021-04-28,304.684382359,308.213419994,302.711715212,304.42666626,33907200
2021-04-29,327.246246374,328.921537067,318.81031764,326.641571045,56526800
2021-04-30,323.300922461,326.948880311,321.675184358,322.25012207,26332400
2021-05-03,323.330656256,325.6899126,319.038332591,319.771881104,18719500
2021-05-04,317.234145499,319.385268488,310.394217548,315.588592529,24032600
2021-05-05,315.420097295,318.265108553,311.752294405,312.277679443,15577600
2021-05-06,311.782099785,317.452308527,310.542981006,317.234222412,19012200
2021-05-07,319.573659535,320.128782267,315.975254153,316.302368164,15916700
2021-05-10,311.613543763,311.841522219,302.176397381,303.306488037,24239200
2021-05-11,298.131949823,304.168932309,297.081179618,303.861633301,18920100
2021-05-12,298.508637949,302.305284104,295.594228524,299.916259766,24645500
2021-05-13,303.41549988,306.171298221,300.134316503,302.602661133,18079200
2021-05-14,306.845386378,314.091748604,306.38936901,313.189666748,19245700
2021-05-17,310.82049038,312.931953266,308.867638301,312.713867188,15401300
2021-05-18,312.842713151,313.744795023,307.113030585,307.26171875,14522400
2021-05-19,301.542031918,311.920891897,300.927433852,310.860198975,19106200
2021-05-20,310.850214083,316.470868982,310.433887203,315.836425781,17320200
2021-05-21,316.510532591,317.144945546,313.060815715,313.477172852,13600900
2021-05-24,315.439860661,323.112501788,315.261434885,321.803985596,16445400
2021-05-25,324.232712816,326.314438094,321.972561722,324.936553955,16437000
2021-05-26,325.491643516,326.958740413,322.98366896,324.807647705,9686900
2021-05-27,325.144742557,330.87442614,323.915546504,329.853393555,20477700
2021-05-28,328.118606179,329.972322769,325.471835531,325.868377686,12037400
2021-06-01,327.275971865,328.534935621,323.796547691,326.264862061,11765900
2021-06-02,327.504032692,328.981052497,324.272401452,326.284729004,11654300
2021-06-03,322.944035884,324.530113699,320.664069824,323.201782227,12610800
2021-06-04,323.062999311,329.565891383,322.349265778,327.474273682,13289400
2021-06-07,326.611824946,334.750346867,326.066594649,333.649993896,20136700
2021-06-08,333.76902925,335.355077004,329.347831892,330.775299072,14580500
2021-06-09,332.817321081,333.868091195,327.127298359,327.37512207,13727900
2021-06-10,327.910411578,331.032984111,325.68989068,329.565856934,13240200
2021-06-11,329.684828988,329.932652702,326.066608824,328.376342773,13587900
2021-06-14,329.010777492,333.887961803,326.938974742,333.838378906,12250800
2021-06-15,334.056413026,336.960929677,332.113483758,333.818511963,15795200
2021-06-16,333.769009317,334.611585792,325.85846502,328.197906494,17232200
2021-06-17,327.613013302,335.037832028,327.275976695,333.580627441,17794100
2021-06-18,331.617884568,333.223777479,326.136024933,326.790283203,23039500
2021-06-21,328.207803481,330.021889971,324.797746827,329.397369385,11337500
2021-06-22,329.793928818,336.961002403,329.7047159,336.078735352,15345300
2021-06-23,336.395926091,340.430503543,335.25594302,337.62512207,14817800
2021-06-24,338.874157053,341.897594303,338.814681781,340.192565918,12329100
2021-06-25,339.607726974,341.124407009,336.723055093,338.398345947,14594400
2021-06-28,339.478838805,355.022365637,338.794842913,352.544128418,29156100
2021-06-29,353.168628543,353.634538364,346.011478046,348.826782227,21417300
2021-06-30,349.104332955,349.847804118,344.14785853,344.683135986,15107500
2021-07-01,343.800853615,351.582523479,343.483632033,351.304962158,17137000
2021-07-02,352.008786036,353.337117424,349.550364065,351.61227417,11521300
2021-07-06,353.396602305,355.666675907,346.140316983,349.708984375,13488500
2021-07-07,352.167399353,353.386672592,346.953179039,347.438903809,14218900
2021-07-08,342.720342249,345.297684378,339.577924604,342.641021729,14406500
2021-07-09,342.313957893,347.657021607,342.264374998,347.369567871,13018700
2021-07-12,348.172471206,351.10669524,346.59631616,350.085662842,10018600
2021-07-13,348.440133576,355.369274773,345.763625427,349.024993896,11456000
2021-07-14,351.473486597,352.107929798,343.711661519,344.603820801,13894200
2021-07-15,346.189890778,346.189890778,337.25831503,341.461395264,14781600
2021-07-16,341.907510721,342.978095849,337.179045172,338.190155029,11026100
2021-07-19,334.631382585,336.832058183,331.627760643,334.016784668,14372300
2021-07-20,335.850672106,340.46021721,331.588116491,338.685791016,11024300
2021-07-21,338.527228408,343.50351821,338.279404668,343.216064453,9279700
2021-07-22,343.662153786,348.479863364,342.204948882,348.132904053,12385400
2021-07-23,357.76821994,372.062674416,354.080601971,366.570922852,33694300
2021-07-26,366.362717513,371.180425955,365.014571111,369.217651367,14925200
2021-07-27,368.672530925,369.901727057,361.376583918,364.608215332,15705400
2021-07-28,371.29940432,374.263366303,363.735819617,370.030548096,29676900
2021-07-29,357.857468809,362.338110991,353.634542738,355.200805664,33413200
2021-07-30,350.918367745,357.589792803,349.867597652,353.19833374,15976200
2021-08-02,354.982718725,356.271390027,347.686772346,348.886260986,13180400
2021-08-03,349.659453505,350.690378398,344.673241475,348.182403564,12406100
2021-08-04,349.35211622,357.341949648,348.450034349,355.795532227,14180600
2021-08-05,356.509243629,360.732138518,353.793075556,359.810241699,10247200
2021-08-06,358.253963644,361.971319445,358.253963644,360.345611572,8925000
2021-08-09,360.593435883,362.595840653,357.609628608,358.462127686,7798900
2021-08-10,358.680246973,360.930505924,355.914555778,357.986358643,7469900
2021-08-11,358.947862499,359.205578582,354.695199226,356.826477051,8400300
2021-08-12,355.329622113,359.840001212,354.0012605,359.493041992,7170700
2021-08-13,359.810299683,361.485590431,358.333280009,360.018463135,7195700
2021-08-16,359.364239465,363.755699147,354.268999081,363.36907959,11222100
2021-08-17,359.820215337,361.495506052,351.979069448,355.329650879,12328700
2021-08-18,353.148828308,356.727388581,352.058397805,352.355804443,10042400
2021-08-19,348.291484954,354.457340722,347.944525673,352.028656006,12004500
2021-08-20,351.51317247,356.856236172,350.234393597,356.241638184,8697700
2021-08-23,356.311075178,362.506668893,355.97403851,360.187042236,10942000
2021-08-24,360.494254171,364.756809516,358.690090457,362.328155518,9235100
2021-08-25,362.417445082,367.631636024,362.219173989,365.183166504,9684500
2021-08-26,365.173248759,366.224019015,360.960245103,361.208068848,7888700
2021-08-27,361.921721138,370.486492091,360.910581126,369.386169434,11219100
2021-08-30,369.316818881,378.169074918,367.29456885,377.346313477,13547300
2021-08-31,376.642529515,379.428065912,375.502516117,376.077484131,12345400
2021-09-01,376.28563561,380.984363857,375.512426782,378.724212646,11567200
2021-09-02,378.179039657,378.426863406,370.803802493,372.013183594,14832900
2021-09-03,371.4877542,373.876778477,369.862016085,372.984619141,7509600
2021-09-07,372.607942432,379.626297213,369.901696388,378.853088379,10793800
2021-09-08,376.850653152,377.554464024,371.527404657,374.283203125,11067200
2021-09-09,374.352560036,376.523467684,373.291867404,374.709411621,9098900
2021-09-10,378.040203542,380.449073108,374.967213594,375.393463135,11549600
2021-09-13,378.357430083,378.426827987,371.091251779,373.232452393,13026300
2021-09-14,374.114680002,375.294323324,371.844606267,373.252258301,8711600
2021-09-15,373.718214346,374.273337125,364.469445323,370.665039062,17940300
2021-09-16,369.544830753,370.308116928,366.491625548,369.812469482,11934200
2021-09-17,368.176839715,368.176839715,358.442316609,361.545074463,26299000
2021-09-20,356.172244608,357.887195671,346.75494308,352.603607178,19822800
2021-09-21,355.37921291,356.905815489,352.098029292,354.368103027,11751900
2021-09-22,344.207345491,346.794610708,337.724268252,340.222320557,43692900
2021-09-23,342.353550822,346.626059157,340.014109661,342.94833374,21806300
2021-09-24,340.252033533,351.265335012,339.389611857,349.887420654,18801900
2021-09-27,346.764843526,352.05835431,344.058597738,350.50201416,15205800
2021-09-28,344.940886741,346.556702265,335.969680018,337.68460083,21710300
2021-09-29,340.162848522,342.224758913,335.93003007,336.653656006,14452200
2021-09-30,337.486347525,339.815866247,335.206351194,336.435577393,16547100
2021-10-01,338.636210894,342.01652988,335.692094303,340.024047852,14905300
2021-10-04,332.609135532,333.015570022,319.890836846,323.390106201,42885000
2021-10-05,325.719677288,332.262229927,323.32076048,330.061553955,35377900
2021-10-06,326.869552128,331.469174725,322.963848023,330.735626221,26443000
2021-10-07,334.066399509,335.890378594,326.116224868,326.354125977,28307500
2021-10-08,328.624161611,330.497693125,325.848517912,327.176849365,15946100
2021-10-11,324.777959021,327.58331033,322.47814755,322.616943359,14708200
2021-10-12,320.217959095,321.556213129,314.607226878,320.951507568,31658700
2021-10-13,324.12368301,324.153420646,319.851204565,321.71484375,14761500
2021-10-14,325.501602042,327.642802809,324.25259095,325.670135498,14302200
2021-10-15,325.818842972,326.205462555,319.702569582,321.932983398,21596400
2021-10-18,326.08644861,332.966037196,324.649058996,332.420806885,21585000
2021-10-19,336.69335882,339.4788955,334.343994384,337.030395508,18786300
2021-10-20,340.460278027,340.985663164,336.495098048,337.81350708,13639500
2021-10-21,337.31782228,339.330149687,334.859400074,338.903900146,16354400
2021-10-22,323.509114515,326.760560756,318.314708381,321.784240723,35224500
2021-10-25,317.51169683,326.69109591,316.936759185,325.828674316,38409000
2021-10-26,325.402422692,327.335429294,306.904859119,313.060791016,65654000
2021-10-27,311.454957944,316.470907894,309.343494893,309.502105713,29971800
2021-10-28,310.265381889,322.686305809,305.427857924,314.161193848,50806800
2021-10-29,317.402714319,323.162135229,316.817853962,320.753295898,37059400
2021-11-01,323.201808965,330.547308061,323.162148697,327.107513428,31518900
2021-11-02,328.495351808,331.87567149,320.981318541,325.224060059,28353000
2021-11-03,324.639162487,329.258600428,320.386529077,328.733215332,20786500
2021-11-04,331.102351951,334.333952097,329.75417543,332.926330566,22495300
2021-11-05,337.347561837,343.77116362,336.683411202,338.160430908,26872800
2021-11-08,341.421800257,341.788574527,335.394710369,335.672271729,18342500
2021-11-09,337.040230753,338.338824516,331.55837174,332.450531006,17556700
2021-11-10,329.59562833,330.289546854,322.676409358,324.787872314,21872600
2021-11-11,326.94887311,329.56587577,324.153414386,324.886962891,12376600
2021-11-12,327.305755805,338.884073436,326.90924388,337.922546387,25414300
2021-11-15,341.342453311,350.571405627,340.212392951,344.534423828,25076600
2021-11-16,340.836878424,343.632337026,337.902654281,339.974456787,18181100
2021-11-17,341.243291269,344.27665075,337.13934678,337.803497314,13602800
2021-11-18,336.762701228,339.478839546,332.381164503,335.741668701,17487200
2021-11-19,339.221168569,349.034983235,336.941171868,342.294158936,26488500
2021-11-22,346.011431127,350.749818969,337.545795481,338.041442871,27116800
2021-11-23,335.979577176,338.428076818,330.596853065,334.314208984,17225000
2021-11-24,333.075084195,338.804767469,329.912851065,338.091033936,13566200
2021-11-26,332.87678613,334.809823116,329.010742409,330.220123291,14750700
2021-11-29,333.957341928,337.704435311,332.391079098,335.087402344,16650900
2021-11-30,332.08375357,332.886699927,320.614465627,321.635498047,25390000
2021-12-01,327.414744303,327.622907726,307.588849736,307.896148682,30329600
2021-12-02,308.689236629,311.861392521,304.525816054,307.688049316,24396200
2021-12-03,310.998950982,311.018765988,296.892814067,304.168914795,27471000
2021-12-06,305.44770262,317.313503793,303.673276277,315.102905273,21758300
2021-12-07,318.770682035,323.697418493,318.205636728,319.99987793,18794000
2021-12-08,322.170836953,329.853372296,320.257645089,327.682434082,19937700
2021-12-09,326.671382685,333.204013503,325.144779821,326.948944092,16879200
2021-12-10,329.665053049,332.113552837,323.52893476,326.879516602,14528000
2021-12-13,328.069084634,338.120799967,326.720907735,331.57824707,22948700
2021-12-14,325.194276963,332.777707083,324.797765057,330.834747314,20461000
2021-12-15,329.595604227,339.131855532,321.159705901,338.685791016,24681300
2021-12-16,336.029118825,341.461394913,330.834713554,331.984619141,22635000
2021-12-17,329.902905414,334.175383686,327.870763125,330.884307861,40012600
2021-12-20,326.909237046,327.028187596,319.722348886,322.616943359,17901800
2021-12-21,323.568575654,333.075090224,320.93172756,331.290771484,16116800
2021-12-22,330.894208316,331.59804944,325.402456637,327.573394775,16764600
2021-12-23,327.22647589,333.739291108,325.50160207,332.321716309,13987700
2021-12-27,335.900264953,344.841733583,335.067580912,343.166442871,17795000
2021-12-28,343.612550255,349.639609835,342.195005832,343.206115723,16637600
2021-12-29,343.890092558,346.645890971,338.665979703,339.954650879,10747000
2021-12-30,341.005422551,344.207315752,340.232213791,341.36227417,10593300
2021-12-31,340.033916149,340.450273257,333.342676549,333.42199707,12870500
2022-01-03,335.355025215,338.110823602,334.254702487,335.592956543,14537900
2022-01-04,336.990736486,340.103386955,328.981056203,333.600494385,15998000
2022-01-05,330.121050577,332.837219453,321.020969722,321.348114014,20564500
2022-01-06,320.009790903,336.217466746,319.910655374,329.565856934,27962800
2022-01-07,329.843445374,334.066371201,326.017061696,328.901733398,14722000
2022-01-10,322.4781581,325.481780592,312.684159144,325.214141846,24942400
2022-01-11,323.935334641,331.717005379,322.448392344,331.459259033,16226800
2022-01-12,332.262155632,333.441798764,327.156993896,330.358886719,14104900
2022-01-13,332.063945312,332.708280886,322.924205982,323.637939453,14797100
2022-01-14,318.988706979,329.833472635,318.413739153,329.010681152,16868500
2022-01-18,320.475763904,321.387738348,314.874953293,315.380493164,22645600
2022-01-19,316.797969217,324.252525247,316.550145525,316.807891846,20814700
2022-01-20,321.080453686,324.966343508,313.229414001,313.804351807,16925000
2022-01-21,312.069540527,315.539072627,300.402010614,300.530883789,28710700
2022-01-24,295.247243739,306.835482533,286.494123843,306.022613525,38878100
2022-01-25,297.338899076,303.564229455,294.989504896,297.537139893,25108500
2022-01-26,304.33741975,304.833067139,288.318092493,292.065185547,28348800
2022-01-27,295.158077634,299.083597249,291.698467866,292.075164795,21629900
2022-01-28,293.046545294,299.271875031,290.479095555,299.083526611,21871600
2022-01-31,298.062543735,311.058435625,296.714397189,310.533050537,21579500
2022-02-01,311.821701482,316.877311201,309.40293966,316.223052979,18023800
2022-02-02,324.966373717,325.144799578,314.111680045,320.188323975,58458300
2022-02-03,242.520282861,245.841126712,233.697764606,235.690261841,188119900
2022-02-04,232.924552286,240.498044341,228.106858706,235.026092529,89342200
2022-02-07,235.63078793,236.225570903,222.059958719,222.952133179,88613800
2022-02-08,218.927471258,223.804640051,214.268373414,218.263290405,94729700
2022-02-09,222.248304775,231.338476834,220.275637683,229.980407715,86563300
2022-02-10,226.28288119,232.954291341,224.726541005,226.084625244,49310400
2022-02-11,226.471250835,228.414180466,216.865600354,217.638809204,46156900
2022-02-14,217.40088655,219.076177385,212.910321771,215.804901123,38184000
2022-02-15,218.550802013,219.224875328,213.187892625,219.076187134,42685500
2022-02-16,210.560960979,215.567003431,210.511393207,214.654998779,45817500
2022-02-17,212.156923416,215.606625184,205.356640288,205.901855469,38747500
2022-02-18,207.56721918,208.915380724,203.393861384,204.365341187,37128400
2022-02-22,200.578593028,205.673847868,198.318442017,200.320861816,39852400
2022-02-23,202.382758075,205.138556519,196.325946,196.722457886,44481400
2022-02-24,189.396804975,206.536302611,188.564120873,205.792831421,49957200
2022-02-25,203.155983644,209.480450084,201.411294902,208.647750854,37627600
2022-02-28,205.872118663,211.294503005,205.02952707,209.192962646,34239800
2022-03-01,208.043064099,209.906703425,200.459663863,201.718612671,27094900
2022-03-02,202.997371734,207.329325678,200.261403211,206.29838562,29452100
2022-03-03,207.200462109,207.259937382,199.666614896,201.203125,27263500
2022-03-04,200.608324241,204.09768618,197.059487035,198.318435669,32130900
2022-03-07,199.042098842,199.141234383,185.649710018,185.838058472,38560600
2022-03-08,186.214767368,194.987718833,184.489908663,188.633514404,37508100
2022-03-09,194.036065268,197.36681667,192.231901326,196.772033691,31894700
2022-03-10,193.1438613,194.571328129,189.406691063,193.510650635,24853000
2022-03-11,190.963049305,191.8750388,185.04501753,185.976837158,34694500
2022-03-14,185.40186771,190.616072982,184.202409456,185.005355835,31010500
2022-03-15,189.139049045,190.6061611,184.291618125,190.358337402,31721700
2022-03-16,193.00513436,201.956527041,192.82670852,201.857406616,40640300
2022-03-17,199.944195845,206.229002432,199.359335433,206.03074646,29499700
2022-03-18,204.900652696,214.912737231,204.206749292,214.605438232,52128000
2022-03-21,212.632748395,212.840926972,205.822557518,209.648956299,30142300
2022-03-22,209.530002125,217.549589513,208.350358752,214.764038086,31998800
2022-03-23,211.472948719,214.912743327,210.313135468,211.601821899,23717300
2022-03-24,213.128390437,218.74903036,212.920211865,217.658615112,31502300
2022-03-25,218.590429084,223.536995993,216.984536215,219.889038086,40039000
2022-03-28,220.196348846,222.089710677,217.628883468,221.643630981,26224100
2022-03-29,224.102038407,228.880071812,223.328814493,227.859039307,31417900
2022-03-30,226.917316794,229.137807666,224.736471062,225.866546631,25588000
2022-03-31,226.46129822,226.500958483,220.325180874,220.424316406,24192300
2022-04-01,222.595262937,225.301493659,220.761361403,222.892654419,19544800
2022-04-04,224.012812024,232.309960429,223.893861479,231.85395813,28054800
2022-04-05,232.042298495,234.798096946,229.008938697,229.821792603,29727200
2022-04-06,224.934715103,226.99661018,219.4825935,221.356140137,28995100
2022-04-07,221.980665843,223.556836274,216.657416923,221.00920105,21037200
2022-04-08,220.444175317,223.170236423,218.114626139,220.394607544,18375700
2022-04-11,216.518643766,218.689582153,213.346502913,214.575714111,20516600
2022-04-12,218.322783551,220.09719468,211.274676552,212.275878906,20128800
2022-04-13,209.976096683,214.724392682,209.490356728,213.118499756,19231800
2022-04-14,213.01936274,213.118498282,208.171931232,208.350357056,18379500
2022-04-18,208.171940349,211.522522134,206.486741953,208.935241699,16580800
2022-04-19,208.687418348,216.528549954,207.18064578,215.418304443,20089900
2022-04-20,211.750505732,212.295720957,197.188381126,198.675323486,43036500
2022-04-21,199.845065357,201.203134581,183.964516231,186.432846069,49954100
2022-04-22,188.712793958,191.042342883,181.674609665,182.507293701,36426800
2022-04-25,181.139317587,185.550576982,180.078639882,185.362243652,29281100
2022-04-26,185.005364298,185.560486999,177.937427116,179.374801636,31747400
2022-04-27,172.911570122,179.63256377,167.528845828,173.427047729,71062900
2022-04-28,201.153550783,206.714715542,191.22077207,203.939086914,100890600
2022-04-29,202.680171577,210.630346164,198.159853912,198.724899292,49193400
2022-05-02,199.418795049,210.035570181,199.240369226,209.292098999,49915300
2022-05-03,208.618017315,213.029276777,206.278560649,210.184265137,41556300
2022-05-04,208.816262242,222.347446548,205.158396809,221.465194702,41375900
2022-05-05,216.835823103,218.253367361,204.3653331,206.466873169,41129200
2022-05-06,205.535069516,207.55731947,199.270093962,201.996154785,34747200
2022-05-09,198.10037393,200.806619963,193.877463,194.501983643,36303200
2022-05-10,197.773221791,201.193200981,192.499541275,195.929412842,34452500
2022-05-11,194.620908719,198.923124495,186.6310751,187.096984863,31153400
2022-05-12,185.431620564,196.325956901,183.171469414,189.575241089,38262200
2022-05-13,190.903561784,198.149924632,189.614875469,196.890975952,24549800
2022-05-16,195.334667621,203.582233516,194.224407022,198.298629761,27112600
2022-05-17,200.360523197,203.671459706,196.633259766,200.856170654,24872700
2022-05-18,198.258986822,199.250281757,189.961853064,190.566543579,23960000
2022-05-19,189.535603973,193.589996957,187.949541024,189.624816895,24446900
2022-05-20,193.272768931,196.187178373,186.234569052,191.855209351,31465600
2022-05-23,193.490834356,195.27516802,189.575222923,194.521774292,25059200
2022-05-24,178.978293787,182.081036478,174.576942095,179.701934814,50406300
2022-05-25,178.829602059,183.835644558,177.75901683,182.229751587,28030200
2022-05-26,181.288007793,191.151388569,180.673394698,189.961837769,23056500
2022-05-27,189.694210132,193.629652457,188.147792366,193.431396484,22562700
2022-05-31,193.19346434,195.879880201,190.33853016,191.954345703,26131100
2022-06-01,194.799317769,197.793032025,183.389521117,186.997833252,36623500
2022-06-02,186.809508155,199.190786058,186.095774665,197.128890991,31951600
2022-06-03,194.27394675,194.898467301,188.127922139,189.119216919,19465000
2022-06-06,192.301320262,195.205807318,186.759969781,192.559051514,30574200
2022-06-07,190.259235162,194.819198046,189.823078084,193.946853638,18828700
2022-06-08,192.975370552,200.271301401,192.717639331,194.928222656,22267200
2022-06-09,192.588764354,197.713756969,182.081032779,182.398254395,23501600
2022-06-10,181.44658382,181.506074211,173.496410841,174.041625977,27450800
2022-06-13,169.104976013,171.077658107,162.602084557,162.830078125,31749300
2022-06-14,164.584668483,165.298401923,159.955323749,162.3046875,27244300
2022-06-15,165.744515461,170.661345153,162.552544457,167.875808716,30008300
2022-06-16,162.294800986,163.642962644,158.220578373,159.469604492,26944100
2022-06-17,160.272555982,164.45582177,158.508052228,162.31463623,31374200
2022-06-21,164.485565551,166.299637144,154.612276214,155.682876587,50724900
2022-06-22,157.001291544,159.390300764,154.08688211,154.49331665,47267800
2022-06-23,154.909665282,158.359367455,152.907245258,157.36807251,40499200
2022-06-24,160.322117699,168.767954365,159.895868159,168.678741455,68736000
2022-06-27,169.828628138,170.254877631,166.547429727,168.014556885,29174600
2022-06-28,168.420989771,169.808811643,159.211867226,159.28125,27744500
2022-06-29,162.146134616,164.882103442,158.924425783,162.512908936,28595200
2022-06-30,160.738457553,163.791647576,157.110329815,159.846298218,35250600
2022-07-01,158.914493754,159.221792773,153.650719899,158.636932373,31423900
2022-07-05,156.763374375,166.785366387,155.653128931,166.725891113,28618600
2022-07-06,166.735789355,170.096278263,164.019651169,168.292129517,23085900
2022-07-07,167.974917096,171.216455641,166.319456435,170.691070557,24083400
2022-07-08,168.50029686,170.899228617,166.686225442,169.392471313,19249200
2022-07-11,165.615640331,166.031982359,160.500555198,161.462112427,21885600
2022-07-12,163.365404369,164.465742325,160.688911134,161.848724365,16639700
2022-07-13,158.765789262,163.543822647,158.220574061,162.066802979,16555100
2022-07-14,159.816566873,161.174636062,155.910862501,156.674163818,23765200
2022-07-15,159.142490357,163.543842514,158.428771883,163.266281128,23342800
2022-07-18,165.298428887,170.195428241,164.198090914,165.774246216,23574300
2022-07-19,168.886893048,174.953627611,168.034378901,174.249801636,25933700
2022-07-20,175.944957556,182.001770699,175.161826024,181.496200562,24784300
2022-07-21,179.057602836,182.249573628,177.312914129,181.575485229,27195800
2022-07-22,171.563401609,174.071376292,166.943964122,167.796478271,42583900
2022-07-25,167.528813246,169.085153269,163.375285811,165.199264526,26166300
2022-07-26,164.495472766,164.554948038,156.575021328,157.764572144,28468400
2022-07-27,161.174662774,169.382584793,160.609632446,168.103820801,43846600
2022-07-28,159.657959499,160.104039193,153.502026435,159.320922852,73214300
2022-07-29,156.317282273,158.745951552,153.819215096,157.715011597,42065400
2022-08-01,155.88111778,163.752001441,153.878697914,158.537780762,40596700
2022-08-02,156.931862817,160.827658886,156.63447138,158.795501709,27374500
2022-08-03,161.273783945,168.064145534,160.163538399,167.330596924,31721900
2022-08-04,166.834915897,170.651391756,165.347973715,169.085159302,23938200
2022-08-05,165.536322903,170.116100005,164.356679679,165.655273438,25832700
2022-08-08,166.537515918,175.964723427,165.675094336,168.767929077,27299100
2022-08-09,167.479284583,168.054237489,165.149750446,167.062942505,18655100
2022-08-10,174.457987521,178.908891754,172.43573754,176.787521362,30262100
2022-08-11,178.145606841,181.506095828,174.834670496,175.94493103,24079100
2022-08-12,179.23602519,179.880375938,177.352570964,178.928726196,21274000
2022-08-15,177.402131097,179.860538063,176.648737338,179.315322876,15878700
2022-08-16,177.877977204,179.414487479,175.498860128,177.907714844,21156700
2022-08-17,175.221273054,176.589264793,172.65382301,173.327911377,20118100
2022-08-18,172.822350513,174.229987466,170.363943378,173.139572144,18844500
2022-08-19,168.718385132,170.819940558,165.595812318,166.497894287,26240800
2022-08-22,164.049376893,164.049376893,160.847483896,161.630615234,19499700
2022-08-23,161.065573295,163.613208166,159.301069778,159.707504272,18111800
2022-08-24,159.201958102,164.019651653,158.379181566,161.838790894,20891500
2022-08-25,163.742077693,167.409880776,162.592187152,167.310745239,15550500
2022-08-26,167.013345804,169.432107567,160.26263055,160.371673584,24023600
2022-08-29,159.261458828,161.63065328,157.625812997,157.784423828,20052700
2022-08-30,158.954118025,160.252711718,154.552766948,155.791885376,19567900
2022-08-31,165.615679729,166.378966066,160.728587017,161.511703491,40953000
2022-09-01,162.15602844,165.903122111,158.954150012,163.920532227,30145700
2022-09-02,165.992314477,166.468131755,157.833962349,158.9243927,22634200
2022-09-06,158.706329699,160.282485061,156.317305207,157.159896851,19339800
2022-09-07,156.386694233,159.558850344,155.444967006,158.993804932,16831200
2022-09-08,157.328417435,160.817764531,156.36686019,160.649246216,22530800
2022-09-09,161.828872359,168.064109851,161.600878795,167.677505493,22086800
2022-09-12,165.932856488,169.898036179,165.823813442,167.489196777,23220400
2022-09-13,160.133775914,160.223003953,151.340994748,151.79699707,44444100
2022-09-14,151.995221754,152.203385176,147.752481548,150.151412964,43064200
2022-09-15,148.495992693,152.857684604,147.405562152,148.248168945,34606300
2022-09-16,146.761229428,147.286614573,143.033950505,145.016540527,40122800
2022-09-19,143.975692181,147.286613872,143.836911485,146.731491089,22169500
2022-09-20,144.510968824,147.544328788,143.955846102,144.818267822,23217400
2022-09-21,145.115661259,148.297724576,140.76387721,140.882827759,38338600
2022-09-22,140.317787767,143.321409925,139.64369941,141.57673645,34418500
2022-09-23,140.188931346,141.378482272,137.680956308,139.187728882,31710700
2022-09-26,138.90023235,141.00178776,135.004450771,135.182876587,30497000
2022-09-27,136.719388469,138.206330794,132.952464888,133.230026245,30826500
2022-09-28,133.448131162,140.793630913,133.101186979,140.377288818,32658500
2022-09-29,138.146882141,138.622699541,134.023091002,135.222564697,38985400
2022-09-30,134.86566021,139.76265893,134.320445047,134.49887085,33166400
2022-10-03,135.946176691,138.404583712,134.915236691,137.403381348,27723100
2022-10-04,139.267031743,141.150486081,138.127033484,139.058853149,34670700
2022-10-05,137.036608337,138.989460442,133.60672143,137.77015686,27979300
2022-10-06,136.521120971,140.218646337,135.410875636,137.859375,36231100
2022-10-07,135.569483214,137.08616318,131.287097171,132.288299561,33214800
2022-10-10,132.387419371,134.925131558,130.722036294,132.625320435,24024000
2022-10-11,130.474217965,131.505173037,125.884525721,127.421028137,38481400
2022-10-12,127.202967643,128.54120667,125.150979958,126.390098572,34605200
2022-10-13,122.454644865,129.998398863,121.463350069,129.155792236,34325700
2022-10-14,129.859628051,130.642744343,125.418623703,125.656539917,23559400
2022-10-17,129.165705833,133.616609472,129.04674018,132.873138428,29612200
2022-10-18,135.896599419,136.640070513,130.256129632,131.643951416,25445000
2022-10-19,131.733184297,135.807407116,131.069018501,132.070220947,30691000
2022-10-20,131.772816498,135.579400199,130.16692369,130.385009766,26356300
2022-10-21,125.210432208,128.987262627,124.348010652,128.878219604,46348600
2022-10-24,126.142274944,132.318037883,123.485604332,128.590774536,63563400
2022-10-25,129.74068279,137.145656985,129.453198795,136.312957764,38433200
2022-10-26,130.533720355,134.37004235,127.411147107,128.689926147,82791500
2022-10-27,97.1270703031,101.607719585,95.5409925324,97.0874176025,232316600
2022-10-28,98.7131532212,99.9720944836,96.6611729713,98.3364562988,95928300
2022-10-31,97.3649789361,98.4554017312,91.7938992961,92.349029541,121361400
2022-11-01,93.5088550834,96.6413432139,92.7356462272,94.3712768555,110189600
2022-11-02,93.3898969905,94.3712768803,89.6923710362,89.7518463135,71821100
2022-11-03,89.2958453081,89.6725346428,87.6403846606,88.1360321045,60664000
2022-11-04,89.5634845408,90.5944320505,87.3231561534,89.9996566772,55638100
2022-11-07,93.9549295984,96.03664738,92.2895538606,95.8780441284,81987300
2022-11-08,95.0849957095,96.9486347799,93.9648353045,95.6302108765,52088300
2022-11-09,100.834524179,103.986842443,99.8630517935,100.586700439,107677300
2022-11-10,106.187505828,111.768493046,103.699353666,110.896156311,80671000
2022-11-11,108.279132248,113.899771841,107.862782692,112.036132812,59961700
2022-11-14,110.023814646,115.257850308,109.835473765,113.225700378,53395000
2022-11-15,115.059588765,117.706344104,113.414043307,116.060798645,50670500
2022-11-16,113.503257198,115.069504833,111.679278355,112.244316101,33287800
2022-11-17,109.448880149,111.352164656,108.844189618,110.479820251,35093800
2022-11-18,112.809350855,113.324820821,109.6570331,111.074584961,33357700
2022-11-21,110.549209317,111.391816073,108.239497835,108.903663635,24351100
2022-11-22,108.903654339,110.648335417,107.377059341,110.469902039,29029000
2022-11-23,110.74746183,111.689188912,109.766082046,111.262931824,21343100
2022-11-25,110.331104377,111.748656116,110.053535505,110.4401474,12007600
2022-11-28,109.815635538,111.06466909,107.436526531,107.833045959,23309400
2022-11-29,108.586446522,109.974260924,107.595151601,108.507141113,23899200
2022-11-30,108.556695949,117.131397504,108.427822784,117.071914673,43348600
2022-12-01,118.162352261,120.144942115,117.369320857,119.391563416,36551400
2022-12-02,116.804275905,122.960216117,116.586189825,122.415000916,39950500
2022-12-05,120.690161677,123.584741152,120.293642179,121.364242554,35474900
2022-12-06,118.866169777,119.50059788,112.74987477,113.126571655,43689200
2022-12-07,112.769714098,114.871254523,111.897369713,112.938232422,29461100
2022-12-08,115.376812345,116.318539471,113.592478507,114.326042175,30619400
2022-12-09,114.296292144,116.516790353,112.878740294,114.891067505,26033400
2022-12-12,114.177343209,114.712643345,112.15510077,113.711433411,24747100
2022-12-13,121.066839808,122.226660555,117.607222828,119.1040802,44701100
2022-12-14,118.350709205,123.059360446,118.350709205,120.531555176,36922000
2022-12-15,117.299916105,117.597300009,113.01752285,115.138893127,34531000
2022-12-16,119.183381607,122.236563958,117.785652257,118.390342712,67064000
2022-12-19,115.812985731,116.774543001,113.334748465,113.483444214,29769900
2022-12-20,112.274063118,116.308633081,111.481024168,116.070716858,28742500
2022-12-21,115.684108442,119.292421169,114.613515729,118.717475891,20392800
2022-12-22,116.179754078,117.587398522,113.384302887,116.100456238,23618100
2022-12-23,115.019938801,117.151224215,114.534206448,117.012443542,17796600
2022-12-27,116.903403833,117.567569578,115.039772208,115.862541199,21392300
2022-12-28,115.238038489,117.121500416,114.504482341,114.613525391,19612500
2022-12-29,115.386720822,119.976413205,114.762200232,119.213119507,22366200
2022-12-30,117.131396415,119.371717203,116.715046854,119.292411804,19583800
2023-01-03,121.750837042,125.269936896,121.215536898,123.654121399,35528500
2023-01-04,126.271145602,127.926613885,124.754465568,126.261238098,32397100
2023-01-05,125.032014609,127.401216219,123.455859454,125.834968567,25447100
2023-01-06,127.847320791,129.195482632,124.94282606,128.888183594,27584500
2023-01-09,130.018247405,131.792658684,128.154608085,128.342956543,26649100
2023-01-10,126.162076061,132.27837025,126.043125535,131.832290649,28684400
2023-01-11,129.819992828,132.684834618,129.205379676,131.733184814,25423000
2023-01-12,132.278374633,136.481454717,130.612991578,135.51991272,30757700
2023-01-13,133.795069894,136.194001666,133.666196721,135.787567139,22423800
2023-01-17,134.994509701,135.55955496,133.081318123,134.181655884,21147600
2023-01-18,134.627751266,136.055218272,131.643959211,131.862045288,20215500
2023-01-19,131.336670044,136.253484401,130.98971077,134.964797974,28625200
2023-01-20,134.707066697,138.721814166,133.438210403,138.156768799,28688600
2023-01-23,138.077447649,142.508536667,137.452942203,142.02281189,27470100
2023-01-24,140.456576836,143.737760536,140.129447704,141.893951416,21970200
2023-01-25,139.990642422,141.923664113,139.088560591,140.268203735,26622000
2023-01-26,143.142951687,146.225878875,142.052536569,146.017715454,25482100
2023-01-27,146.949580557,151.856487926,146.106973732,150.419113159,35771900
2023-01-30,148.109364581,149.804470274,145.670772637,145.779815674,28040100
2023-01-31,146.662062327,148.575269152,146.235812824,147.673187256,29842100
2023-02-01,146.741376409,152.243065888,145.779819188,151.787063599,55661000
2023-02-02,181.783616213,195.443655163,178.591646257,187.126693726,150475700
2023-02-03,181.872874796,195.057099867,181.297921944,184.906234741,76809700
2023-02-06,184.906232679,189.039930512,183.905030296,184.440322876,42483800
2023-02-07,183.964505152,192.093120121,182.794769331,189.951919556,47080700
2023-02-08,188.346004764,189.168781232,181.327636035,181.833190918,36139100
2023-02-09,184.509738981,185.025201479,175.726864877,176.371200562,37118800
2023-02-10,174.814848139,177.332730335,171.840963669,172.633987427,33433600
2023-02-13,176.668553286,179.424351508,174.289451913,177.868011475,31463200
2023-02-14,175.617791199,179.929914523,174.34893506,177.91758728,24034600
2023-02-15,174.884234223,176.638830329,173.803726475,175.617797852,25308900
2023-02-16,171.24621811,174.319238783,170.294568216,170.938919067,25827500
2023-02-17,168.738213065,171.672437394,168.2227355,171.375061035,24171300
2023-02-21,172.792614681,176.619013668,170.383775292,170.58203125,34592600
2023-02-22,169.58084896,171.256124864,168.212856971,169.630401611,22433200
2023-02-23,170.502728515,172.178019373,167.905540631,170.542373657,20017800
2023-02-24,167.171987299,169.233882703,166.20052244,168.90675354,19791300
2023-02-27,170.38377428,171.61297029,167.588315368,168.06413269,19277000
2023-02-28,170.40355461,176.004378797,170.373816979,173.417098999,46051100
2023-03-01,173.070183159,176.301814404,171.543595579,171.910369873,30998400
2023-03-02,170.879418442,173.486513724,169.937676193,173.010696411,17352000
2023-03-03,177.362461791,184.995428639,175.508745376,183.637359619,45877700
2023-03-06,186.363425251,188.008978274,183.032674067,183.290405273,33209400
2023-03-07,187.354712316,188.702873814,182.408145948,182.903793335,36701500
2023-03-08,181.278107265,183.647301651,179.761427164,183.359832764,19432400
2023-03-09,184.727805659,187.285333121,178.730468651,180.10836792,26582800
2023-03-10,179.434268882,183.161547064,177.243515813,177.94732666,25665000
2023-03-13,176.410846793,182.180175237,173.298181417,179.325241089,24728000
2023-03-14,185.947097896,192.628430922,184.935972869,192.331039429,41642600
2023-03-15,191.270331069,196.058286829,189.178698409,196.028549194,42123600
2023-03-16,196.534107182,203.968818393,194.38299922,203.14604187,50447100
2023-03-17,198.814071486,200.142402813,193.728724608,193.907165527,50141100
2023-03-20,196.752208986,197.624553345,191.954345264,196.088043213,25186300
2023-03-21,201.431132361,201.778091647,196.226833834,200.400192261,31827000
2023-03-22,200.737187726,205.564788339,197.931821756,198.070602417,28477800
2023-03-23,201.074272295,206.070407519,200.390276331,202.501739502,27389700
2023-03-24,203.393913348,205.77303057,201.778112684,204.216690063,27716400
2023-03-27,203.027085979,204.067948546,199.607121937,201.074234009,18527200
2023-03-28,198.40765937,199.280003684,196.177245944,198.933044434,19127300
2023-03-29,201.788012404,203.929213283,200.776887245,203.562438965,18851100
2023-03-30,201.609579289,206.278570207,201.054456516,206.03074646,22608300
2023-03-31,205.435963915,210.323040593,204.970054095,210.095046997,25440300
2023-04-03,207.022036632,211.631567289,206.38760846,211.21522522,17924600
2023-04-04,211.532406121,214.357602476,210.689799453,212.850830078,21026400
2023-04-05,212.285793614,213.316748765,208.112450618,209.639038086,19396600
2023-04-06,207.428465196,215.051525668,206.833682185,214.218841553,26104400
2023-04-10,212.840939575,213.782666727,208.826192112,212.880584717,16106100
2023-04-11,213.604218966,214.139526678,211.552246407,211.988418579,16710100
2023-04-12,212.969768954,214.952358533,210.729448175,212.137084961,18972200
2023-04-13,213.852046229,219.224862815,213.812401089,218.431838989,23310400
2023-04-14,215.983314832,220.176487581,215.656185735,219.561889648,21591200
2023-04-17,217.876700468,219.056343825,215.239867517,216.954803467,15481900
2023-04-18,217.995660245,218.52104532,214.327872222,215.993240356,12281000
2023-04-19,211.611712862,215.438111589,211.076405173,213.822296143,15898100
2023-04-20,211.621644659,214.863183426,210.917833705,211.21522522,16475400
2023-04-21,208.380095505,211.552235976,207.755574914,211.036758423,17717200
2023-04-24,211.819873872,212.057790078,208.875742117,210.93762207,15750900
2023-04-25,208.984794112,209.420951154,205.32691358,205.743255615,19198200
2023-04-26,210.650168714,212.246154127,207.061685974,207.577148438,41992700
2023-04-27,237.801746249,239.586080194,234.708910829,236.483322144,71196500
2023-04-28,236.929387806,238.337024744,233.697771888,238.227996826,39554000
2023-05-01,236.542807581,241.87597951,234.401621881,241.063110352,29143900
2023-05-02,241.063099071,242.787957733,236.90958593,237.157409668,24350100
2023-05-03,237.385406421,239.645557731,230.723903048,234.966644287,34463900
2023-05-04,234.00508036,236.12645092,230.902322368,231.487197876,17889400
2023-05-05,230.218338987,232.6370859,227.84914472,230.753631592,27000500
2023-05-08,229.40543274,233.568867729,228.265449811,231.239334106,16400500
2023-05-09,229.445123957,233.826645595,229.068427055,231.338485718,16865600
2023-05-10,234.11410765,234.68906049,228.711553633,231.051010132,19119000
2023-05-11,231.021288309,236.136373818,230.277817105,233.737426758,20449000
2023-05-12,234.679160126,234.897246214,229.435201634,231.774658203,16161400
2023-05-15,234.85757102,238.168492147,233.281415859,236.780685425,20653200
2023-05-16,233.737435913,237.553927624,233.46979716,236.741073608,18163800
2023-05-17,236.374249762,241.717328304,236.066950784,240.379089355,21193100
2023-05-18,239.199481711,244.93907299,239.090438658,244.701171875,22943300
2023-05-19,245.31576532,246.525146383,241.291110197,243.501693726,21733600
2023-05-22,243.273699017,251.362669496,242.986215009,246.158370972,27738500
2023-05-23,244.661484826,249.419703235,244.502874017,244.592102051,17748100
2023-05-24,243.144821913,247.417300688,242.817692767,247.040618896,17724300
2023-05-25,251.194136879,253.394812901,247.000963432,250.490325928,22371400
2023-05-26,250.728169856,260.026519303,250.51009893,259.758880615,25727200
2023-05-30,262.940956499,266.311352907,259.015437401,260.234710693,23816500
2023-05-31,257.736705192,262.693180292,256.200210012,262.415618896,25473700
2023-06-01,263.585297397,271.614791819,263.57540502,270.236877441,25609500
2023-06-02,270.286460336,272.953045931,268.75985778,270.236877441,19416900
2023-06-05,267.94701923,273.171163102,267.213470631,269.027557373,20742900
2023-06-06,267.788407578,274.162426257,267.342312791,268.759857178,19419000
2023-06-07,269.305085065,271.862612466,260.512274338,261.305328369,26163600
2023-06-08,258.351244993,265.320046201,256.626401728,262.276763916,20899400
2023-06-09,260.195085691,265.617469784,259.421876911,262.643585205,16949800
2023-06-12,264.844231472,269.384348113,263.020222512,268.690429688,15442500
2023-06-13,272.487106262,273.319790224,266.747501178,268.958099365,16164000
2023-06-14,269.523207298,272.596197542,265.98427695,270.970489502,19175100
2023-06-15,269.9296081,281.517848714,269.057293938,279.376647949,25973500
2023-06-16,282.27125028,285.34427082,277.691472236,278.553894043,43127700
2023-06-20,276.303661218,282.320798768,273.815501133,281.854888916,20701600
2023-06-21,281.061824975,281.52773476,275.936817338,279.188293457,20556200
2023-06-22,276.650527196,282.776751779,275.371778742,282.400054932,17563100
2023-06-23,279.059462721,287.148433482,276.521749963,286.21661377,51092000
2023-06-26,286.186761475,287.267268953,275.183385428,276.045806885,24232700
2023-06-27,279.555073656,286.831174312,278.206896913,284.551177979,26108300
2023-06-28,282.340608761,287.029414079,281.587214988,282.806518555,16722100
2023-06-29,282.023370397,284.075357892,278.246539632,279.079223633,15395700
2023-06-30,282.281165992,286.533799642,281.944129332,284.481842041,19694900
2023-07-03,284.204254879,286.88073291,282.370353296,283.530151367,8629300
2023-07-05,285.145961896,295.524820344,283.86718305,291.8074646,33865500
2023-07-06,293.31425537,295.524823582,288.774107897,289.448181152,47600500
2023-07-07,289.636515425,293.621539992,286.147168523,288.00088501,25586000
2023-07-10,292.977184841,295.53474253,284.5511785,291.539825439,37058300
2023-07-11,291.341590382,297.566921685,289.35900041,295.693389893,27585900
2023-07-12,299.123201454,306.756183402,297.487571109,306.647125244,36677100
2023-07-13,310.889895632,313.487083379,307.58889699,310.681732178,30281000
2023-07-14,309.075838249,312.138935789,304.684378951,306.181243896,23054100
2023-07-17,304.862870872,308.996554056,302.057489099,307.916046143,25323100
2023-07-18,308.17372865,311.464834608,304.942097959,309.333526611,20731900
2023-07-19,310.305024704,315.905834538,307.816864958,313.259094238,21763700
2023-07-20,310.770965023,312.79321518,299.589159262,299.886535645,23836900
2023-07-21,301.918672533,302.800909197,288.665065544,291.698425293,42139300
2023-07-24,293.205184939,294.93002827,285.790288686,289.071472168,24915700
2023-07-25,292.620349763,295.703262443,289.31932074,291.906616211,19585600
2023-07-26,298.568104468,299.143042183,289.358966651,295.970916748,47256900
2023-07-27,322.289820902,322.517829639,307.142834731,308.996551514,64229200
2023-07-28,314.121525487,323.360401002,311.51441512,322.64666748,39220300
2023-07-31,320.872256133,322.825108342,314.82535105,315.826568604,25799600
2023-08-01,314.775779334,321.318331482,311.920845288,319.900756836,22817900
2023-08-02,315.231763487,315.618383001,307.945740262,311.573883057,20461100
2023-08-03,307.231992295,313.199606395,307.231992295,310.463623047,15180200
2023-08-04,312.218243655,315.638223275,307.499700345,308.025085449,17612800
2023-08-07,310.503352673,314.309921952,307.757446082,313.804351807,16236500
2023-08-08,311.663115512,315.12275534,307.410451852,309.918457031,15183500
2023-08-09,310.156376879,310.899848111,300.213689481,302.553131104,19955800
2023-08-10,305.259352079,309.621043562,301.224774599,303.078491211,14358900
2023-08-11,299.936118228,302.067396306,297.745334622,299.014221191,14046300
2023-08-14,298.359929053,303.544381656,295.653683274,303.52456665,15641900
2023-08-15,303.474999734,304.555507418,297.418172872,299.321472168,11623600
2023-08-16,297.586674066,298.45898797,291.718196269,291.728118896,18547700
2023-08-17,290.498944404,293.472828962,282.469480301,282.60824585,23950100
2023-08-18,276.601035752,283.203063918,271.991520167,280.784301758,35347900
2023-08-21,280.982569446,287.971186837,279.396491455,287.376403809,20181500
2023-08-22,290.003327431,290.350286716,284.253828783,285.096435547,12980200
2023-08-23,285.98853615,294.811053398,285.165774816,291.67855835,18287000
2023-08-24,295.901529859,296.8531645,284.144786778,284.253814697,18360900
2023-08-25,283.639199549,285.879535585,273.627115539,283.014678955,23701400
2023-08-28,285.492970422,288.912950398,283.312109242,287.733306885,14239300
2023-08-29,286.06784713,296.545840685,285.671335251,295.395935059,20844500
2023-08-30,294.583115611,295.693361047,290.875652153,292.53112793,17717000
2023-08-31,293.225057363,298.478939166,293.08629179,293.314300537,17229900
2023-09-01,296.763949868,299.113313945,291.906610901,293.799987793,12842300
2023-09-05,294.434382206,298.766366064,292.93754757,297.537139893,14956000
2023-09-06,299.083540798,300.659695874,293.086219456,296.565673828,15418100
2023-09-07,295.405887449,304.377094414,289.676203997,296.070068359,33748700
2023-09-08,296.615253354,302.592760233,294.196491441,295.296844482,17548000
2023-09-11,298.786232177,306.349817933,298.657358986,304.88269043,19489300
2023-09-12,303.663357402,305.973091491,297.616482634,299.0340271,13480400
2023-09-13,299.727910622,304.505959287,298.69698571,302.404418945,13210900
2023-09-14,304.069779848,310.146422263,302.374674084,309.006439209,19343100
2023-09-15,308.89739058,309.284010114,296.149352633,297.695770264,28131100
2023-09-18,295.594228524,300.957137561,295.207608993,299.916259766,14234200
2023-09-19,299.8469173,303.504798207,297.200146385,302.414367676,15924400
2023-09-20,302.394481201,305.378288374,296.823408997,297.061340332,19379500
2023-09-21,293.125932527,297.646235136,290.717062777,293.155670166,21319600
2023-09-22,296.694495959,302.721584765,295.673463613,296.476409912,25369600
2023-09-25,293.066449783,298.33022348,291.143335184,298.211242676,18987000
2023-09-26,295.068842165,297.685844957,293.433211638,296.357513428,19417200
2023-09-27,297.834594066,298.677170612,284.293500772,295.148162842,36429800
2023-09-28,296.337675741,303.663328725,294.117185026,301.313964844,22167100
2023-09-29,304.704216043,307.935846936,296.754011979,297.596618652,25373700
2023-10-02,300.104578636,304.505929977,299.004255927,304.149078369,16265600
2023-10-03,301.611388227,304.09951779,297.031610746,298.320281982,17362300
2023-10-04,296.129515456,304.228377276,295.901506754,302.91986084,16880500
2023-10-05,301.97813847,303.544370936,296.892791328,302.136749268,19130000
2023-10-06,298.815907931,313.556456816,298.290522895,312.684112549,21803900
2023-10-09,309.779619623,317.541444461,309.105546431,315.588592529,22503700
2023-10-10,316.342006883,321.833788808,315.3903723,319.038330078,19038000
2023-10-11,320.198182439,325.977418524,320.138707164,324.966308594,22036300
2023-10-12,325.144672392,327.662569484,319.880899781,321.338104248,20530500
2023-10-13,320.713666633,322.220424125,309.650810923,311.950622559,21341000
2023-10-16,315.866240341,319.018551051,312.773374656,318.354370117,16536100
2023-10-17,315.410161592,321.576016251,314.537817357,321.179504395,16387800
2023-10-18,318.592291285,323.102671105,312.813024916,314.210754395,16851000
2023-10-19,317.09543775,319.087950307,309.036204857,310.086975098,18709200
2023-10-20,311.405363803,312.555239152,303.802119356,305.963134766,22312300
2023-10-23,306.805770117,314.597333473,304.585279232,311.276519775,17796800
2023-10-24,314.022443081,315.578783561,307.925984605,309.82925415,19525500
2023-10-25,307.301436302,308.173780703,296.238580965,296.922576904,42192500
2023-10-26,292.43201015,292.43201015,276.967802885,285.839904785,66684100
2023-10-27,291.916528647,296.704469631,290.41966369,294.146942139,29596300
2023-10-30,296.486369243,306.706616595,296.446708979,300.025299072,28435100
2023-10-31,300.669619219,301.03639345,294.275755747,298.647369385,19434200
2023-11-01,299.222366123,310.017551655,299.222366123,309.135314941,20434600
2023-11-02,314.537867992,316.044655641,305.645951294,308.163848877,21631800
2023-11-03,309.829216415,312.803101187,308.312536391,311.86138916,16764300
2023-11-06,313.229420456,315.558939619,311.712740241,313.050964355,12887700
2023-11-07,314.299928163,318.205632112,312.376813823,316.044616699,14055600
2023-11-08,315.370568976,318.532771825,312.138937973,316.996276855,13609700
2023-11-09,316.639444643,321.35798801,316.024816366,317.75958252,16103100
2023-11-10,317.154899185,326.235164284,316.679066733,325.90802002,19096200
2023-11-13,323.36034878,329.436959983,322.864701421,326.324310303,16908900
2023-11-14,331.627773815,335.156780915,330.428285315,333.382354736,17179400
2023-11-15,334.988250342,335.454160116,327.147104707,329.813690186,14531200
2023-11-16,326.502804474,331.667442561,323.538842331,331.280853271,18932600
2023-11-17,327.38508539,332.579461335,326.48300334,332.123474121,14494400
2023-11-20,331.974703657,338.893921449,331.280785252,337.010467529,16960500
2023-11-21,335.384763112,336.94110324,332.97592396,334.046539307,12027900
2023-11-22,336.257121873,339.934847594,335.632601269,338.517272949,10702700
2023-11-24,337.169067875,338.883988328,333.838301984,335.285614014,5467500
2023-11-27,333.253504528,336.941122681,331.290760032,331.786407471,15684500
2023-11-28,330.497697394,336.425651495,330.497697394,336.039031982,12637200
2023-11-29,336.732955368,336.941118819,327.900514484,329.308166504,16024500
2023-11-30,329.000882472,330.596852758,319.593473197,324.302124023,23146400
2023-12-01,322.646659356,324.01462084,317.967746444,321.992401123,15276400
2023-12-04,314.52800636,318.066906601,310.929600586,317.234222412,19037100
2023-12-05,316.203252481,319.078001589,312.644507483,315.519256592,16952100
2023-12-06,319.127504457,319.44472603,314.280088969,314.686523438,11294300
2023-12-07,315.003721301,325.382578527,315.003721301,323.746948242,15905100
2023-12-08,320.277480738,330.269750743,320.188267823,329.853393555,14087400
2023-12-11,326.532524808,327.018279867,317.214359061,322.448394775,25802500
2023-12-12,321.774295808,331.558370573,321.734635546,331.310546875,18485500
2023-12-13,331.023133788,335.424486031,329.744385013,331.826080322,16353300
2023-12-14,330.943818164,331.786424905,325.779180054,330.269744873,19607300
2023-12-15,329.099969168,335.71191916,328.33668302,332.004486084,31776900
2023-12-18,334.542255923,344.534496464,334.08623843,341.62008667,18993900
2023-12-19,342.571700393,350.521905366,342.11571318,347.310089111,17729400
2023-12-20,345.614950826,351.870019044,344.762451758,346.239471436,16369900
2023-12-21,349.907276086,353.307410249,346.170075044,351.007598877,15289600
2023-12-22,352.484628711,354.090551868,348.16259745,350.313720703,11772800
2023-12-26,351.899730182,353.872427399,350.373157977,351.741119385,9898600
2023-12-27,352.970398839,355.874885771,352.217004999,354.715057373,13207900
2023-12-28,356.568797504,358.749628193,354.69523557,355.200805664,11798800
2023-12-29,355.864935122,356.86615262,348.757367857,350.878723145,14987100
2024-01-02,348.261724735,350.085703685,337.050182055,343.275512695,19042200
2024-01-03,341.976883494,344.921030196,340.192534742,341.471313477,15451100
2024-01-04,341.501109199,345.119329704,340.410678707,344.098297119,12099900
2024-01-05,343.969416376,350.422756019,343.245790442,348.886260986,13920700
2024-01-08,351.61229218,355.855032889,348.98533665,355.537811279,13890200
2024-01-09,353.297540334,357.500651805,352.266585039,354.318572998,13463900
2024-01-10,357.034700187,369.693525267,355.954162116,367.245025635,22117200
2024-01-11,368.890572812,369.534908441,359.77064771,366.45199585,17205400
2024-01-12,366.93768729,373.777615369,366.323089353,371.229980469,19310000
2024-01-16,370.397348572,372.340278186,364.033251994,364.261230469,15306900
2024-01-17,363.111251153,365.331771942,355.488192183,365.163238525,12724800
2024-01-18,368.25609056,373.569446347,367.720813157,372.855712891,16354300
2024-01-19,375.700755757,381.014081739,374.679723251,380.112030029,21670800
2024-01-22,384.572845445,386.951947012,377.841945008,378.456542969,17680500
2024-01-23,381.27177284,384.999050692,378.753875765,381.846740723,15506100
2024-01-24,386.604970702,392.701427651,384.434032677,387.29888916,15698500
2024-01-25,386.773516836,392.047182337,382.302767476,389.757293701,15091100
2024-01-26,390.917178366,393.335940519,388.181194562,390.709014893,13163700
2024-01-29,391.551545956,399.422429542,389.678014407,397.529052734,18742400
2024-01-30,400.076661988,402.822537675,396.09166781,396.577392578,18614700
2024-01-31,385.61371423,394.535368287,383.73025998,386.743804932,20180800
2024-02-01,390.510699737,397.013591601,389.62843279,391.343383789,29727100
2024-02-02,455.599120983,481.729638816,449.066491525,470.855133057,84707600
2024-02-05,465.789593585,467.79199814,455.222387657,455.410736084,40832400
2024-02-06,459.960842844,463.053678154,449.056598725,450.761627197,21655200
2024-02-07,454.01306253,467.415358638,452.208898558,465.502166748,23066000
2024-02-08,464.243201285,466.493429654,460.981832829,465.908569336,18815100
2024-02-09,468.832928046,469.467341041,463.400621184,464.03503418,18413100
2024-02-12,464.114334884,474.978917891,462.518334456,464.818145752,19382000
2024-02-13,452.892854857,463.816943021,451.128351306,456.114562988,20916600
2024-02-14,463.856630755,469.982826181,462.032651709,469.160064697,16858400
2024-02-15,471.142666911,484.366538034,468.109306757,479.816497803,24212300
2024-02-16,473.947987798,474.790594509,465.125469281,469.199707031,23324600
2024-02-20,465.631013748,472.034769948,462.498518421,467.643341064,18015500
2024-02-21,462.929739312,465.410606083,458.255794797,464.448028564,12921800
2024-02-22,476.564518374,486.23989766,472.416516881,482.409454346,21625800
2024-02-23,484.314753497,490.576458217,478.65839596,480.325531006,18374300
2024-02-26,479.769840692,482.419419597,476.921810624,478.053070068,12101400
2024-02-27,476.306550494,483.540735685,476.247012118,483.322418213,10809600
2024-02-28,481.288092829,487.291777544,479.055313017,480.315582275,12715500
2024-02-29,484.701807446,487.936867265,478.91640943,486.378875732,17732000
2024-03-01,488.343674131,500.390776473,488.085684606,498.455688477,16273600
2024-03-04,499.150320772,500.559466215,492.620693718,494.37713623,12324100
2024-03-05,491.21155507,491.787102759,484.155985452,486.468139648,15325300
2024-03-06,493.821496333,499.120624111,490.507061968,492.293273926,11757900
2024-03-07,499.428207481,515.871368018,497.542754954,508.270019531,18586400
2024-03-08,510.254746857,519.562963653,495.528325615,502.077819824,18597100
2024-03-11,493.206221472,493.513846513,472.357008526,479.888916016,20428300
2024-03-12,489.484881828,498.465606228,481.020166745,495.925201416,15448200
2024-03-13,491.598637063,497.145851378,487.271989784,491.777252197,12090700
2024-03-14,496.431331466,497.512985652,484.423931268,488.065826416,12620000
2024-03-15,485.267445219,488.065839757,477.61643074,480.395019531,29153600
2024-03-18,488.14521761,493.613057044,483.084243914,493.176422119,11755300
2024-03-19,484.43389344,492.829137897,477.59661026,492.442108154,10903100
2024-03-20,495.677146148,504.31057402,491.380298526,501.651062012,11711100
2024-03-21,510.770814911,511.098245728,502.137386116,503.87399292,9712500
2024-03-22,503.119782006,506.067052947,500.480136123,505.680023193,8120600
2024-03-25,501.919046797,503.338095312,496.411504431,499.170227051,8380600
2024-03-26,501.264122991,506.09684686,491.420029821,492.094848633,11205400
2024-03-27,495.478690687,496.064201885,484.334656729,490.080322266,9989700
2024-03-28,489.068155397,489.117790904,481.437006673,481.863708496,15212800
2024-04-01,483.471305983,493.622992956,478.092773748,487.589538574,9247000
2024-04-02,481.387333847,493.722194615,480.94076577,493.563415527,11081000
2024-04-03,495.111500046,503.357898172,494.932884919,502.861724854,12099200
2024-04-04,512.46761109,525.943694795,506.672310616,507.009735107,26476300
2024-04-05,512.904303527,526.638408577,510.473041985,523.304138184,19263300
2024-04-08,525.229204792,527.422251878,514.918709724,515.275939941,13260600
2024-04-09,518.233133371,521.845289447,502.861694589,512.943969727,10863800
2024-04-10,505.392280401,518.560710757,501.928969681,515.851623535,11418500
2024-04-11,517.121829093,519.850782807,513.331057029,519.15612793,10369500
2024-04-12,513.787503535,516.208831903,505.431931002,507.982269287,11984500
2024-04-15,512.765337265,514.561542865,493.474146049,496.401580811,13512900
2024-04-16,494.297754017,500.906786056,493.30540741,495.935150146,9847900
2024-04-17,499.249587446,499.30912582,483.41174397,490.387939453,12193700
2024-04-18,495.994706719,508.28989617,495.220677548,497.959533691,14808700
2024-04-19,498.951887611,498.951887611,472.089086591,477.388214111,25215400
2024-04-22,485.972053767,488.244536314,469.776947468,478.043212891,17271100
2024-04-23,487.490274483,494.94280725,485.227725413,492.303161621,15079200
2024-04-24,504.171648643,506.096803613,480.871337841,489.723083496,37772700
2024-04-25,418.174886021,442.358369832,411.327699967,438.001983643,82890700
2024-04-26,438.081388388,443.023286112,428.65409425,439.897399902,32691400
2024-04-29,436.19590946,436.394390912,425.28009585,429.309020996,21502600
2024-04-30,427.751016724,436.255434889,426.431208988,426.8777771,18429500
2024-05-01,425.319757994,446.516266793,423.84114097,435.828704834,20344900
2024-05-02,435.481391306,440.562201204,428.971599838,438.2996521,15221300
2024-05-03,442.517127566,450.69408443,440.453059891,448.500976562,16489100
2024-05-06,452.093259877,462.592304077,449.870413138,462.115966797,15094600
2024-05-07,462.72134472,467.921231665,457.779447322,464.656402588,13406800
2024-05-08,459.952731527,471.940267278,459.456558138,468.983093262,11683900
2024-05-09,466.402931387,472.43638577,464.051074642,471.781463623,9437700
2024-05-10,473.438684291,473.845550073,466.006017186,472.555511475,10750000
2024-05-13,469.13190584,469.727319921,459.307679495,464.428192139,14668800
2024-05-14,459.823629128,468.923460575,456.558800406,468.238739014,10478600
2024-05-15,471.344822657,478.807258562,467.593753532,477.854614258,13100500
2024-05-16,471.364688629,474.03410371,469.131908525,469.60824585,16608200
2024-05-17,467.226588437,469.181512669,464.835059515,468.298339844,10807300
2024-05-20,466.353351658,469.578478487,463.465619078,465.251831055,11745100
2024-05-21,463.544969149,467.097587167,458.732081768,461.074035645,11742200
2024-05-22,464.28922822,470.094462253,462.086217417,464.199920654,10078600
2024-05-23,469.260877058,470.729530682,458.00766996,462.215209961,11747900
2024-05-24,464.041147266,476.177558002,462.731242387,474.560028076,12024300
2024-05-28,472.932544874,477.179787251,471.205871424,476.247009277,10175800
2024-05-29,471.027275395,476.17755705,470.074631068,470.729553223,9226200
2024-05-30,468.060130563,468.119668935,461.153376475,463.475463867,10719600
2024-05-31,462.235055796,465.529653931,450.98184846,463.257171631,16919800
2024-06-03,467.256338539,475.929469028,464.656395108,473.835601807,11279400
2024-06-04,473.349319143,475.224868717,469.608183435,473.339385986,7088700
2024-06-05,480.742364864,492.848976281,480.206489173,491.271148682,15690500
2024-06-06,489.207080415,498.971768176,487.133079474,489.981109619,10667300
2024-06-07,492.114629548,495.09166949,486.418569482,489.187194824,9380700
2024-06-10,490.080317892,498.812986865,489.633780055,498.753448486,11220900
2024-06-11,496.332129678,503.715191557,494.456579876,503.586181641,9673700
2024-06-12,510.056258033,510.076124348,500.609128585,504.945678711,11983200
2024-06-13,501.839637516,505.461696888,497.522923346,500.241973877,9954600
2024-06-14,499.298246467,503.768239776,497.410922022,500.798187256,10243300
2024-06-17,498.324882261,507.344323564,492.702619452,503.251800537,11266600
2024-06-18,501.195563022,502.625963446,491.719167793,496.159362793,13060400
2024-06-20,498.652632231,500.311509903,493.457495289,498.354644775,11801200
2024-06-21,500.092975146,500.092975146,489.106726363,491.480773926,22359200
2024-06-24,495.871357245,504.413988378,490.994093382,495.583282471,13525300
2024-06-25,493.735616343,507.304533942,492.195964,507.195281982,12063200
2024-06-26,503.271597254,510.383857241,501.314732213,509.698455811,8882300
2024-06-27,510.820990462,519.393450631,510.473348507,516.095581055,10121200
2024-06-28,513.701654583,518.400095419,500.480378121,500.857849121,15855100
2024-07-01,501.582977327,503.202082932,489.881528237,501.314758301,10328200
2024-07-02,497.420919037,507.095962569,496.119656602,506.102630615,7739500
2024-07-03,502.99345152,507.870714614,502.645779305,506.559509277,6005600
2024-07-05,508.188678152,537.263496074,508.188678152,536.309875488,21354100
2024-07-08,538.733549875,539.190504391,523.138287022,525.790466309,14917500
2024-07-09,530.190814324,533.8959223,524.667892295,526.465820312,8753200
2024-07-10,527.250554554,535.286635344,524.8367656,531.124572754,10983300
2024-07-11,527.349958719,531.889492535,504.980106127,509.28125,16458300
2024-07-12,494.440934124,504.702040099,490.934473461,495.543518066,19750500
2024-07-15,495.305093522,503.301403246,490.080157992,492.8515625,12539200
2024-07-16,498.155956105,500.589631426,482.550720186,486.524047852,14075800
2024-07-17,475.974889989,475.974889989,456.058565945,458.909423828,28076600
2024-07-18,471.832663755,476.044381411,461.442420321,472.677001953,19267200
2024-07-19,472.885605055,483.464584246,472.537932811,473.610748291,15149400
2024-07-22,483.335423943,488.778893684,480.673301719,484.149963379,12023100
2024-07-23,486.573660993,491.9177911,484.46780236,485.431335449,9455500
2024-07-24,469.160575744,473.123960227,457.50878193,458.19418335,17649700
2024-07-25,460.170952622,460.458997052,439.698366092,450.386627197,18240500
2024-07-26,461.104698137,466.637533997,456.356572682,462.594696045,14222400
2024-07-29,466.746852621,470.799633909,461.919243259,462.604644775,11339600
2024-07-30,463.886032833,469.57783597,453.654725605,460.10144043,11390400
2024-07-31,467.879225879,473.322696131,463.637709169,471.663818359,24285800
2024-08-01,517.52589874,523.654739337,488.818614067,494.42098999,43083100
2024-08-02,485.739352295,497.808330139,472.975029919,484.885101318,24044700
2024-08-05,448.340392439,480.256153608,447.794041665,472.557830811,21396200
2024-08-06,475.806004148,499.208902469,475.458331902,490.795379639,20955000
2024-08-07,499.775089036,506.748268135,483.613559449,485.659851074,20105300
2024-08-08,494.182659258,506.559567221,491.42119757,506.231781006,16156800
2024-08-09,504.324497694,514.883650269,502.327921318,514.317443848,13696600
2024-08-12,513.413487831,514.565786734,505.705253253,512.50958252,9767400
2024-08-13,516.542595399,527.955970652,514.695012385,525.015686035,13743800
2024-08-14,524.53887803,530.439272361,519.64175869,523.247558594,11444200
2024-08-15,528.243912136,536.170741368,523.187887072,533.747009277,13482100
2024-08-16,528.353244162,530.10145732,521.161470519,523.903076172,14776700
2024-08-19,523.356768613,528.114806545,519.274189091,525.750732422,9879700
2024-08-20,524.826905292,527.54868573,522.373404506,523.217712402,7944400
2024-08-21,523.634953827,535.803270032,523.416389275,531.591491699,13423300
2024-08-22,533.4192569,540.601027494,525.065361881,528.383056641,15708300
2024-08-23,533.339813767,536.270155366,521.558910504,524.479309082,11323900
2024-08-26,524.081913245,524.479270277,511.516300438,517.645141602,9584000
2024-08-27,515.519415852,520.515904854,511.873904431,515.63861084,6282700
2024-08-28,514.21806465,517.615303116,509.032901667,513.33404541,9106100
2024-08-29,515.588947845,523.684627666,512.24142395,514.764465332,8317400
2024-08-30,517.873634795,520.049034388,511.764679126,517.83392334,9157500
2024-09-03,516.174994269,521.985961533,505.228457516,508.34753418,12459100
2024-09-04,502.695537393,513.145409536,500.708873374,509.321044922,8335200
2024-09-05,508.307802962,518.151725765,507.741596502,513.413513184,8640900
2024-09-06,518.400093213,521.082101657,494.927653918,496.934173584,14744500
2024-09-09,502.784901664,507.920410852,498.732090347,501.424041748,11047800
2024-09-10,504.771565557,510.751412962,496.695771982,501.424041748,9899000
2024-09-11,503.629216502,509.698459862,492.295295881,508.417053223,10782500
2024-09-12,513.602239347,523.197859314,511.784425021,522.095214844,11970500
2024-09-13,516.870336224,524.062049323,513.66183303,521.121765137,10321400
2024-09-16,521.53937685,531.044686985,514.440266936,530.229431152,9527600
2024-09-17,534.524721605,538.998980081,527.534967143,533.252075195,11690800
2024-09-18,533.997648895,541.086865928,530.845800164,534.872619629,10323500
2024-09-19,546.853752729,558.854714185,543.393679313,555.901672363,15647000
2024-09-20,556.796479956,561.270737384,553.117633933,558.13873291,22066800
2024-09-23,566.242122262,570.696474586,559.192654565,561.181213379,12830700
2024-09-24,563.438417728,564.502304298,551.019873883,560.10760498,12993000
2024-09-25,560.823380311,573.580004208,560.49525106,565.059020996,16543400
2024-09-26,572.436493616,574.096984007,559.133029598,564.591674805,14400800
2024-09-27,566.838695894,567.57451367,561.280707696,564.114379883,9398400
2024-09-30,564.452529773,571.392581823,561.569094717,569.165405273,12792300
2024-10-01,574.673674074,579.704726163,566.838746376,573.172302246,15259300
2024-10-02,571.571525092,572.705018338,566.083143266,569.53326416,6524700
2024-10-03,566.888476956,580.022870213,565.476556382,579.436279297,11581000
2024-10-04,580.3908895,593.43583475,578.10405825,592.531066895,14169500
2024-10-07,594.797935556,599.500919508,580.69905758,581.434875488,12014200
2024-10-08,586.316645704,590.164502284,582.617894629,589.498352051,7857400
2024-10-09,590.592153807,590.989889937,578.282967005,587.132080078,9529700
2024-10-10,584.208830103,586.853586949,579.18773062,580.490234375,7740400
2024-10-11,581.484489196,587.827997175,579.376621539,586.575195312,8587100
2024-10-14,590.820791828,596.667160701,586.585211729,587.042541504,8252000
2024-10-15,586.783899445,587.231337309,576.821261201,582.91619873,9564200
2024-10-16,578.074276398,578.750379352,570.746439426,573.490600586,11268400
2024-10-17,579.993174883,581.623747414,571.909676339,573.629760742,8701200
2024-10-18,577.775821411,580.629398861,571.959310326,573.172302246,7694300
2024-10-21,572.734829943,573.937869258,565.854372344,571.869750977,8171900
2024-10-22,571.004794201,580.191988433,568.84722452,578.680664062,8544500
2024-10-23,576.652231171,581.653486001,559.282198078,560.465393066,14248400
2024-10-24,563.885798473,565.625787786,558.307904441,564.532104492,7184700
2024-10-25,570.646928094,577.964811956,568.449548159,569.970825195,11337900
2024-10-28,578.67066002,580.410649118,570.835732827,574.852600098,10925100
2024-10-29,576.83133446,590.273953392,572.108506358,589.886230469,13019100
2024-10-30,597.54209059,597.760863643,586.008472354,588.414611816,26864900
2024-10-31,581.653460378,586.525453807,559.789265654,564.333129883,26838400
2024-11-01,564.363087417,570.388419988,559.341987057,563.915649414,15303200
2024-11-04,560.873075352,565.436845233,554.698638125,557.47265625,12064600
2024-11-05,564.054797408,570.199437972,563.428396414,569.155456543,9775400
2024-11-06,559.530800482,569.722165573,551.99414472,568.777587891,18305400
2024-11-07,573.589908748,591.397427687,571.919526489,588.315185547,14653700
2024-11-08,588.156116511,589.707190217,581.176315178,585.96875,9415700
2024-11-11,583.005738546,583.642092019,573.212109317,579.833984375,10209100
2024-11-12,585.173238975,596.229622234,577.059944903,581.47454834,16287700
2024-11-13,579.277183922,582.289880035,571.879741772,576.682128906,10757600
2024-11-14,573.699279382,577.437780063,569.732113832,573.858337402,11053700
2024-11-15,567.952304839,569.29461857,548.345142298,550.910400391,17712900
2024-11-18,553.853489733,556.697175527,546.943295022,551.228637695,14327300
2024-11-19,548.70312906,558.218392176,547.450327046,557.880371094,9522400
2024-11-20,559.709762488,563.110181452,551.029721704,562.284973145,9797300
2024-11-21,566.262044953,566.739279664,545.909113301,559.868835449,11154700
2024-11-22,560.326213282,560.604640677,551.417507591,555.941467285,9164000
2024-11-25,558.884588798,569.31463371,553.207290614,561.877380371,13599800
2024-11-26,562.762187743,574.196401805,561.966776294,570.259033203,10356600
2024-11-27,571.601423171,571.690874352,560.873107272,565.943969727,7200200
2024-11-29,565.745093207,575.151000083,563.657130318,571.034667969,7130500
2024-12-02,574.19645875,591.099211649,572.277506439,589.438781738,12522400
2024-12-03,591.596311215,610.686490033,587.867763035,610.139648438,14907200
2024-12-04,609.453543445,614.245977598,601.638460976,610.268859863,14697000
2024-12-05,613.550058097,616.353933785,603.577404815,605.446655273,8081200
2024-12-06,606.609936911,626.187303927,605.048971401,620.201782227,16935500
2024-12-09,620.350888846,622.816743433,602.702426578,610.060119629,11426000
2024-12-10,614.027279952,622.011373913,609.234845212,615.77722168,10938900
2024-12-11,619.804050647,634.748101712,617.974610223,629.060791016,10837200
2024-12-12,627.887478818,633.017934128,623.622041783,627.181518555,7474700
2024-12-13,623.631903197,627.469867845,613.361040572,616.801208496,8453300
2024-12-16,626.881497533,628.045786753,615.537603542,621.16973877,10885600
2024-12-17,623.090251563,629.259769859,613.507610541,616.393371582,12897800
2024-12-18,617.94569906,624.27440372,593.387091448,594.252807617,17075500
2024-12-19,607.387800899,608.512247834,592.073482302,592.640686035,14958100
2024-12-20,587.675261472,600.143601343,577.147281978,582.371459961,48989400
2024-12-23,586.700012072,598.133549212,583.366513432,596.899597168,10205800
2024-12-24,599.755513946,604.999613074,596.332491769,604.760803223,4726100
2024-12-26,602.502036161,603.318010427,595.994223839,600.382507324,6081400
2024-12-27,596.461806366,598.889807783,586.899087228,596.859863281,8084200
2024-12-30,585.854227023,594.003946853,582.699835707,588.331970215,7025900
2024-12-31,589.356948752,591.048538741,580.978318661,582.630187988,6019500
2025-01-02,586.819467699,601.934759007,584.928849179,596.292663574,12682300
2025-01-03,601.785554431,606.502231468,593.476586681,601.656188965,11436800
2025-01-06,608.820700423,627.886434278,602.641222756,627.100341797,14560800
2025-01-07,628.593025894,628.991022072,605.238430385,614.850952148,12071500
2025-01-08,610.383119877,613.408146286,599.825257214,607.716247559,10085800
2025-01-10,607.029590227,626.811754363,594.402003695,612.830871582,19256600
2025-01-13,604.114021015,605.974818767,595.506601532,605.338012695,10785000
2025-01-14,602.093999102,602.511916347,585.655232506,591.327209473,13598000
2025-01-15,607.20873006,619.398478958,603.516955672,614.084716797,15524300
2025-01-16,608.492302361,613.218939215,606.711128443,608.293273926,8355300
2025-01-17,620.980653289,621.896111345,600.700885653,609.756164551,17280600
2025-01-21,614.791235346,618.443167535,606.01460901,613.427978516,11674000
2025-01-22,620.234321151,630.583193618,616.383360392,620.433349609,12274000
2025-01-23,624.274323436,633.468866899,618.094906111,633.319641113,9910200
2025-01-24,633.269938238,648.793186505,631.080746628,644.305358887,19065300
2025-01-27,623.528017751,660.604764968,622.025434936,656.634399414,28399200
2025-01-28,662.724320282,679.222789586,656.22640853,671.013366699,20950100
2025-01-29,671.68011881,677.700350691,662.395989939,673.162780762,21377800
2025-01-30,693.392740936,707.294001197,672.774619401,683.621032715,29322900
2025-01-31,687.601400077,701.831055109,682.208074697,685.790344238,19303900
2025-02-03,672.585605138,700.537475152,671.928877978,694.029663086,21415700
2025-02-04,699.044750274,704.229146727,688.208298216,700.72644043,13826300
2025-02-05,700.089683175,714.607951182,695.572034346,701.403198242,17778200
2025-02-06,702.408164493,715.364145619,700.039865561,708.488098145,13080700
2025-02-07,713.274491812,721.444133762,708.249341787,711.005737305,16427100
2025-02-10,715.025788859,717.652818701,707.831368761,713.871520996,12904300
2025-02-11,709.811595428,720.100704888,706.547698713,716.25970459,12998000
2025-02-12,711.781816882,723.523766964,709.095084563,721.812255859,12016500
2025-02-13,717.971210727,725.414400782,714.508285868,724.9765625,12569100
2025-02-14,722.568514992,737.265827854,722.051053162,733.046691895,16901200
2025-02-18,732.380075805,733.375157429,702.965465407,712.846618652,21938700
2025-02-19,700.636926947,703.522687868,691.969805123,700.30859375,17535500
2025-02-20,693.850486743,702.159393325,690.228375354,691.422485352,12587400
2025-02-21,693.153992361,700.408115721,679.003899724,680.188049316,15660400
2025-02-24,682.904564651,683.889685624,659.191755373,664.843811035,15677000
2025-02-25,662.694486603,664.714531473,638.703082985,654.266174316,20579700
2025-02-26,656.405590515,679.650681718,654.763681609,670.386474609,14488700
2025-02-27,679.093323274,685.262840189,654.335692829,655.002380371,12500000
2025-02-28,654.803450482,666.336472532,639.439388705,664.913513184,17534200
2025-03-03,670.366560991,677.899335946,647.638931395,651.828186035,10843800
2025-03-04,642.335081745,646.554217672,620.582614292,636.852172852,21495200
2025-03-05,637.84726762,656.256276124,634.52366855,653.241149902,13770000
2025-03-06,644.812846806,647.360253154,621.040333911,624.841552734,13446500
2025-03-07,622.294211856,631.667864072,597.655980276,622.582763672,21375700
2025-03-10,605.079267522,607.109212093,583.983525743,595.048828125,21999900
2025-03-11,592.12329216,611.905519168,590.411780966,602.730895996,17401500
2025-03-12,626.801802752,630.214924691,606.352831244,616.512634277,15747000
2025-03-13,617.199335675,617.448106065,583.625293663,587.734985352,16480300
2025-03-14,600.368785496,606.404341979,592.381172955,605.149414062,12364500
2025-03-17,605.010060957,610.627267943,595.588192417,602.460388184,15473900
2025-03-18,597.629823293,597.829028796,572.342213466,580.011169434,20297700
2025-03-19,581.92355106,589.931102798,572.451896415,581.704406738,20537500
2025-03-20,580.409673687,607.73900754,577.172781299,583.63659668,24336500
2025-03-21,581.066943556,595.129990154,578.606934696,593.845214844,25015900
2025-03-24,612.489648022,620.029123675,609.730861439,616.354003906,15741300
2025-03-25,624.232193823,631.323472946,618.674681769,623.783996582,15312500
2025-03-26,622.369741066,624.222224822,604.163437823,608.515808105,12609800
2025-03-27,599.57198047,611.772573096,597.679619339,600.149658203,10436500
2025-03-28,597.888887568,599.323082336,571.605306476,574.41394043,17602800
2025-03-31,561.227282152,576.36598941,551.068408809,574.035400391,21124700
2025-04-01,568.537765397,587.530800467,567.701126463,583.63659668,12836600
2025-04-02,572.59131018,590.269722854,571.047573626,581.574951172,13470800
2025-04-03,544.016982785,550.331439352,528.161207579,529.475891113,34777500
2025-04-04,504.576697392,515.910804485,492.206806707,502.694335938,38589800
2025-04-07,483.143545125,537.194657382,479.956438914,514.167907715,36606100
2025-04-08,541.058964793,545.222098728,500.8318511,508.391265869,28034200
2025-04-09,507.216089004,585.519037891,500.084961835,583.407592773,39216600
2025-04-10,573.168912032,578.955476588,533.141004745,544.086669922,28173500
2025-04-11,533.35025563,545.192316911,526.458181557,541.377746582,17642300
2025-04-14,553.926848987,555.520432371,526.14938059,529.336425781,14130900
2025-04-15,529.963942641,535.7704468,515.412880545,519.416687012,15558700
2025-04-16,506.459125436,511.299509861,493.631067221,500.284118652,18735100
2025-04-17,503.212273263,505.253993238,496.001482675,499.457489014,14593500
2025-04-21,489.348342604,491.509603882,477.864846895,482.70526123,16166000
2025-04-22,489.88621366,504.835685927,484.398426545,498.262298584,17399400
2025-04-23,526.398387792,533.180919601,514.436816211,518.171691895,18173900
2025-04-24,516.637929351,531.746792126,515.412909424,530.999816895,13910000
2025-04-25,544.594730122,547.642386636,534.087290687,545.062866211,17098900
2025-04-28,553.398994412,556.23747541,538.40970658,547.522766113,15179000
2025-04-29,543.797894857,554.325271655,541.925472334,552.203857422,11835000
2025-04-30,536.228602821,546.885400011,527.364473103,546.785827637,29244000
2025-05-01,589.692078423,590.558564733,568.199096457,569.90222168,31159000
2025-05-02,581.106814133,601.902605892,575.997499558,594.612121582,24739300
2025-05-05,588.835506407,600.777200296,585.678308436,596.853088379,13887700
2025-05-06,590.140201133,593.62608472,584.214186877,584.941223145,10600700
2025-05-07,587.979016344,600.647747178,584.303895978,594.403015137,13139100
2025-05-08,603.844780303,608.834584449,594.213796916,595.598205566,14622800
2025-05-09,601.285091363,604.5219837,589.323580281,590.100402832,10427300
2025-05-12,628.375386617,637.807224277,618.525320692,636.851074219,21965100
2025-05-13,642.936412058,658.254386922,640.237380827,653.384155273,18570800
2025-05-14,658.543258728,659.997331415,651.67106319,656.700683594,12348200
2025-05-15,651.641283696,654.659031937,636.00459046,641.283203125,14341800
2025-05-16,635.387040298,637.85701866,623.624674105,637.757446289,18519000
2025-05-19,625.716236769,640.406749292,625.268039483,637.847106934,9592400
2025-05-20,633.444886717,636.771381958,629.710011025,634.530456543,6743500
2025-05-21,629.241952363,644.002190206,627.628490729,632.937011719,11464600
2025-05-22,631.492707806,640.655614094,628.166212891,634.002563477,8228400
2025-05-23,621.48328882,629.899220514,620.138757944,624.530944824,8454100
2025-05-27,632.847266212,640.486375681,630.198021151,639.729431152,9508400
2025-05-28,640.008286131,648.254920991,639.958499946,640.984375,9042900
2025-05-29,649.02184319,650.685090862,636.920821254,642.448425293,8858800
2025-05-30,639.908735949,646.790840509,630.227966818,644.878601074,16241000
2025-06-02,641.791063143,670.544619899,641.661582596,668.194152832,15766300
2025-06-03,668.742006809,672.85535509,662.347916144,664.160522461,11585000
2025-06-04,666.620547532,686.221168087,665.873572386,685.175415039,14031900
2025-06-05,688.870472145,691.579533852,679.498449916,681.858886719,13083100
2025-06-06,693.362229265,699.97546378,689.079583941,694.896057129,11728000
2025-06-09,695.643082019,702.345919988,691.141292054,691.260803223,12773200
2025-06-10,698.52132485,700.393747388,688.770831287,699.567138672,10850100
2025-06-11,700.871864292,706.011026567,689.199101027,691.340454102,9582500
2025-06-12,690.50378202,692.57541002,684.229203231,690.563537598,7322700
2025-06-13,685.175373098,691.768668459,678.263361066,680.115844727,9274400
2025-06-16,697.045369487,704.839829559,691.244375598,699.82623291,13720300
2025-06-17,699.706645893,703.663647154,693.786048764,694.952209473,10066100
2025-06-18,695.89917053,699.298064772,692.629917305,693.497070312,10068300
2025-06-20,698.460764147,699.527275932,676.452878869,680.120849609,22538600
2025-06-23,681.456559679,696.766367833,676.532694979,696.24810791,11080100
2025-06-24,702.587295664,710.860169242,699.816348105,709.873413086,13823200
2025-06-25,710.989724756,714.239084681,703.075660812,706.364868164,9320400
2025-06-26,712.026296071,725.841003271,708.727111696,723.718017578,13964800
2025-06-27,724.14663983,733.02750607,723.488761836,731.233398438,18775700
2025-06-30,742.117690533,745.456783248,731.851350759,735.678833008,15402100
2025-07-01,734.47276473,735.339917747,713.03302388,716.870422363,13431200
2025-07-02,712.993212891,717.946947943,710.471448567,711.238952637,9336700
2025-07-03,724.236280639,726.648418734,712.086100753,716.661132812,8601700
2025-07-07,715.255685,724.625000956,711.179080479,716.003234863,9457100
2025-07-08,719.212758012,720.548346387,712.474832075,718.315673828,7770700
2025-07-09,720.35903543,735.120713473,720.35903543,730.386230469,11418000
2025-07-10,729.160114164,733.396229996,717.249141011,724.864196777,9913600
2025-07-11,720.139765793,722.791049444,707.38159249,715.16607666,10873900
2025-07-14,715.255718852,725.62176845,714.209161161,718.564880371,8939400
2025-07-15,721.535149452,722.10323381,707.501129708,708.069274902,11529500
2025-07-16,711.03949775,711.637513285,696.985585156,700.613647461,13067600
2025-07-17,702.088897546,703.593974378,694.832650812,699.118591309,11803300
2025-07-18,699.896109862,702.407897071,689.390563508,701.979309082,12779800
2025-07-21,704.491042082,714.6577333,703.454461413,710.640869141,9404400
2025-07-22,713.850397754,714.259031624,699.118650932,702.507568359,8921100
2025-07-23,704.062493437,712.295520196,702.627195058,711.248962402,8771600
2025-07-24,714.707493338,721.256037437,711.667469397,712.46484375,10920800
2025-07-25,714.577945657,718.295801845,709.574386383,710.351806641,8271700
2025-07-28,712.863590178,722.372402917,710.35180307,715.285644531,8715700
2025-07-29,717.647921317,722.103289627,697.623524078,697.713256836,13267000
2025-07-30,705.776770013,706.185403818,688.941933295,692.938842773,27077300
2025-07-31,772.667590247,782.186380158,763.009243088,770.913330078,38831100
2025-08-01,758.244764261,763.497567253,742.875156638,747.559814453,19028700
2025-08-04,757.517282563,774.31221377,755.932449902,773.83380127,15801700
2025-08-05,773.913558848,780.571729784,760.507484213,760.966003418,11640300
2025-08-06,767.484528336,771.112651616,757.975715951,769.468017578,9733900
2025-08-07,770.963067578,772.468144277,757.068605878,759.341186523,9019700
2025-08-08,760.258274715,767.384941677,756.10191416,766.786865234,7320800
2025-08-11,767.564310615,770.933273658,762.171949999,763.368041992,7612000
2025-08-12,770.474785604,791.077244403,769.906640364,787.419250488,14563100
2025-08-13,788.565521433,792.861439233,775.687684264,777.531677246,8811800
2025-08-14,775.338835025,785.23638851,769.986382549,779.574951172,8116200
2025-08-15,781.588427814,793.648876198,778.269288949,782.664855957,13375400
2025-08-18,772.557971202,773.275589913,754.088475603,764.86315918,16513700
2025-08-19,764.61394582,764.663770312,746.911954957,749.025024414,12286700
2025-08-20,745.127870267,747.749283536,728.611993296,745.27734375,11898200
2025-08-21,742.277205343,743.064602672,730.715063689,736.68548584,8876300
2025-08-22,736.815052826,754.427372005,731.990898279,752.32421875,10612700
2025-08-25,752.354165268,756.400899647,747.679484102,750.839111328,6861200
2025-08-26,748.347267248,752.403978633,745.496624924,751.636474609,7601800
2025-08-27,749.842325519,751.686318321,740.413268994,744.938415527,8315400
2025-08-28,741.569491636,750.589914818,738.379933268,748.65625,7468000
2025-08-29,742.845387065,744.699296313,732.94777234,736.286865234,9070500
2025-09-02,723.668179346,733.595664313,719.372261517,732.708557129,9350900
2025-09-03,733.595654194,737.831770404,731.592210677,734.642211914,7699300
2025-09-04,746.124528983,758.673365065,743.383512866,746.204284668,11439100
2025-09-05,750.161309928,755.473914733,742.596139272,749.991882324,9663400
2025-09-08,753.530332396,764.006008523,749.563353553,749.842407227,13087800
2025-09-09,755.015407086,763.796623972,750.968672808,763.198608398,10999000
2025-09-10,762.630565958,763.198711248,748.546719354,749.523498535,12478300
2025-09-11,752.184709831,754.626657424,745.925196332,748.446960449,7923300
2025-09-12,746.284067763,755.095216472,741.330332705,753.121704102,8248600
2025-09-15,754.995421301,771.541227904,749.533343169,762.201843262,10533800
2025-09-16,764.494401219,778.80747606,762.600583714,776.455200195,11782500
2025-09-17,777.441922301,780.731129708,763.806619366,773.185852051,9400900
2025-09-18,778.199416386,786.203212879,770.833543717,777.701049805,10955000
2025-09-19,783.850932536,788.216628966,766.677238388,775.837219238,23696800
2025-09-22,779.821817603,783.691757559,762.486897323,763.175109863,11706900
2025-09-23,767.254538995,768.601012697,749.121705846,753.440490723,10872600
2025-09-24,755.534991627,759.135612422,750.577913378,758.686767578,8828200
2025-09-25,751.495547263,754.80694242,742.618609697,746.967285156,10591100
2025-09-26,748.054404379,749.979390408,735.437195741,741.820617676,9696300
2025-09-29,746.777764814,748.832479543,737.232643302,741.471618652,9246800
2025-09-30,740.324493737,741.042596729,724.41585822,732.474914551,16226800
2025-10-01,719.61838504,719.977436559,708.357694157,715.479187012,20419600
2025-10-02,720.705565321,725.882104327,716.277080732,725.16394043,11415300
2025-10-03,727.737273711,729.103714928,708.337716727,708.71673584,16154300
2025-10-06,703.360716574,715.020394768,688.718804278,713.803527832,21654700
2025-10-07,715.858141774,716.636147606,703.919222231,711.230224609,12062900
2025-10-08,711.599278595,717.783207586,705.973894495,715.977905273,10790600
2025-10-09,716.416765826,731.60723877,710.591888367,731.60723877,12717200
2025-10-10,729.023933285,733.362685654,702.682469172,703.470397949,16980100
2025-10-13,711.1603596,718.072374881,705.804295019,713.843383789,9251800
2025-10-14,705.943968291,713.693770641,697.515876366,706.811706543,8829800
2025-10-15,715.199879477,722.022162688,707.669477031,715.688598633,10246800
2025-10-16,715.688604306,723.60800973,702.054082452,710.222839355,9017000
2025-10-17,705.245801447,716.676034434,704.288269839,715.060241699,12232400
2025-10-20,719.319193164,731.86657695,718.311803423,730.270690918,8900200
2025-10-21,734.110725168,736.584272371,726.859564645,731.367858887,7647300
2025-10-22,731.926400605,738.678797262,722.151834801,731.507446289,8734500
2025-10-23,732.794143587,740.48410429,731.198257584,732.095947266,9856000
2025-10-24,734.878645564,739.28722332,729.253322751,736.444580078,9151300
2025-10-27,747.785115223,753.789518296,746.069606274,748.872314453,11321100
2025-10-28,750.677638161,756.43268992,743.586096532,749.490722656,12193800
2025-10-29,752.79212006,757.190653393,740.583881308,749.720092773,26818600
2025-10-30,667.414190283,679.193551667,648.483384679,664.741088867,88440100
2025-10-31,672.760263252,673.139282364,643.895334075,646.66809082,56953200
2025-11-03,654.298319497,657.619698439,634.52972577,636.055786133,33003600
2025-11-04,626.410791029,640.075264285,624.38608867,625.692687988,27356600
2025-11-05,630.66972089,640.563970352,624.914669378,634.300292969,20219900
2025-11-06,634.200518644,634.35015388,616.396847638,617.334411621,23628800
2025-11-07,614.890738676,620.516122426,599.640424749,620.097229004,29946800
2025-11-10,629.452909884,633.352740128,616.506540036,630.121154785,19245000
2025-11-11,626.370904487,627.926855254,617.783254308,625.453308105,13302200
2025-11-12,626.500571684,627.358326146,606.193402208,607.430175781,24493300
2025-11-13,611.479665942,616.047802185,601.435780837,608.307922363,20973800
2025-11-14,600.228881153,612.088052043,593.656010292,607.87902832,20724100
2025-11-17,607.460096414,610.103246525,593.855525555,600.448364258,16501300
2025-11-18,590.065297736,602.094010285,582.26563728,596.139526367,25500600
2025-11-19,592.179778656,593.785648359,579.742156788,588.788635254,24744700
2025-11-20,601.934516786,605.146134862,581.836761676,587.621765137,20603000
2025-11-21,586.973351337,596.568390885,580.350561785,592.708435059,21052600
2025-11-24,597.166812615,615.100211534,596.079674309,611.459655762,23554900
2025-11-25,622.381308671,635.397444057,616.696082618,634.569580078,25213000
2025-11-26,636.035802952,636.704047893,629.991525328,631.966369629,15209500
2025-11-28,634.429961877,646.368881278,633.851449409,646.269165039,11033200
2025-12-01,637.890997337,643.646049457,636.105662506,639.207580566,13029900
2025-12-02,640.673724794,646.189347698,636.414782172,645.421325684,11640900
2025-12-03,642.738377386,647.166862487,635.896186797,637.940856934,11134300
2025-12-04,674.246399228,674.346115469,658.337762692,659.813964844,29874600
2025-12-05,662.277548729,672.939820736,660.671739765,671.673095703,21207900
2025-12-08,667.603701448,674.954578166,663.344758714,665.070251465,13161000
2025-12-09,662.048130046,662.75624927,651.645193872,655.25579834,12997100
2025-12-10,648.263955694,652.812124015,641.730959438,648.443481445,16910900
2025-12-11,641.621238023,653.580186245,639.137707,651.016845703,13056700
2025-12-12,648.114396529,709.155654954,636.953421128,642.558837891,14016900
2025-12-15,644.550280981,651.837270441,637.562745157,646.357055664,15549100
2025-12-16,642.354199913,661.36027583,642.054746271,655.979919434,14309100
2025-12-17,654.442611823,660.052600025,648.044052222,648.343505859,15598500
2025-12-18,655.860075337,669.365951184,655.291083008,663.266845703,20260300
2025-12-19,665.233326383,669.805188095,657.008008635,657.596984863,49977100
2025-12-22,660.471900838,672.380651157,655.480803759,660.322143555,15659400
2025-12-23,658.874674169,664.814091526,657.077891512,663.755981445,8486800
2025-12-24,661.350308319,666.990211202,661.020878867,666.361328125,5627500
2025-12-26,666.87047396,667.75890388,660.14248471,662.108947754,7133800
2025-12-29,656.838368986,659.074370734,653.224819567,657.517150879,8506500
2025-12-30,657.517138604,671.023015395,656.668676485,664.764221191,9187500
2025-12-31,663.566286998,663.815841826,658.265744894,658.914611816,7940400
