date,open,high,low,close,volume
2015-01-02,39.5224797129,40.1662220691,39.4208368632,39.6071815491,27913900
2015-01-05,39.276836862,39.581768619,39.1751940201,39.2429580688,39673900
2015-01-06,39.2853132144,39.5987138955,38.573806782,38.6669807434,36447900
2015-01-07,38.9464911181,39.3530656743,38.5314476722,39.1582489014,29114100
2015-01-08,39.5987124054,40.4457436868,39.5733025009,40.310218811,29645200
2015-01-09,40.3271636965,40.5050395072,39.7257722045,39.971408844,23944200
2015-01-12,40.1662221982,40.2678682794,39.2683710993,39.4716567993,23651900
2015-01-13,39.7850534622,40.5812615662,39.0142552583,39.2683639526,35270600
2015-01-14,38.9295501709,39.1667210858,38.6415594559,38.9295501709,29719600
2015-01-15,39.149780388,39.2853052413,38.4636840002,38.5229759216,32750800
2015-01-16,38.3789858631,39.2006039519,38.2603987777,39.1667251587,35695300
2015-01-20,39.2175597566,39.514022735,38.5992271185,39.2937927246,36161900
2015-01-21,38.9126128565,39.0820197458,38.5229792731,38.8956718445,39081100
2015-01-22,39.2853121643,39.9290545235,39.0312034234,39.9205856323,35898000
2015-01-23,40.1154061209,40.1408160279,39.6410673914,39.9629402161,26211600
2015-01-26,39.8104817595,39.9205967627,39.1667392209,39.8189506531,42525500
2015-01-27,36.3799896394,36.5917474333,35.6684833226,36.134349823,169164000
2015-01-28,36.202102617,36.2444535164,34.8637922245,34.8892021179,84507100
2015-01-29,34.6689789557,35.6769446786,34.5503951331,35.583770752,63585300
2015-01-30,35.1941344411,35.2195475661,34.1776966804,34.2200508118,78004900
2015-02-02,34.3809961146,35.0416794085,34.0760643693,34.9654464722,50352500
2015-02-03,35.2619167393,35.5160255034,34.7706369951,35.2365036011,52082400
2015-02-04,35.5244791823,35.7531779414,35.0332028797,35.4397773743,41614800
2015-02-05,35.7616575202,36.1174090655,35.4567257778,35.9564743042,36548200
2015-02-06,36.1512986471,36.2444726135,35.7023730609,35.9225997925,34616600
2015-02-09,35.7785871452,36.2021026012,35.7531740207,35.88022995,31381100
2015-02-10,36.2021175167,36.2275274206,35.7277788474,36.083530426,29670700
2015-02-11,36.1258851109,36.1258851109,35.7531892826,35.8971862793,38262500
2015-02-12,36.134349641,36.4985733032,36.0072936729,36.4985733032,33268800
2015-02-13,36.7442200678,37.1592636108,36.5494032493,37.1592636108,40264900
2015-02-17,37.5090116684,37.5346024014,36.8436233221,37.1763191223,33695700
2015-02-18,37.2189710437,37.2786849229,37.014235419,37.1336631775,27111700
2015-02-19,36.8350917254,37.1336611049,36.7241931326,37.1080703735,27603400
2015-02-20,37.1166075085,37.4322417822,36.9289366814,37.4151802063,29721100
2015-02-23,37.2786973775,37.6966946718,37.2360450572,37.6625747681,32518800
2015-02-24,37.6625586162,37.7905155221,37.4663521697,37.6113739014,25271700
2015-02-25,37.4919617425,37.6113895393,37.3640015292,37.5260848999,29759800
2015-02-26,37.5260824617,37.7308148846,37.4407745737,37.5857963562,28957300
2015-02-27,37.6455093699,37.705223263,37.244570441,37.4066505432,33807700
2015-03-02,37.2530832336,37.6966742834,37.1507170695,37.4322280884,31924000
2015-03-03,37.1592690034,37.3895954342,36.7583300401,36.9204101562,31748600
2015-03-04,36.690067681,36.8606801389,36.5791723494,36.7327232361,25748700
2015-03-05,36.7412560351,36.8862777777,36.5279912551,36.7753791809,23193500
2015-03-06,36.6815353706,36.7753723771,35.9564365545,36.1355781555,36248800
2015-03-09,35.9905736282,36.7924515182,35.9905736282,36.5535926819,32108000
2015-03-10,36.1270589072,36.4341607661,35.8540802002,35.8540802002,39159700
2015-03-11,36.0929276595,36.1441091171,35.691988886,35.811416626,32215300
2015-03-12,35.2569422288,35.5299209429,34.8560033187,34.9924926758,59992500
2015-03-13,34.7195105406,35.3763665236,34.6427350814,35.2995910645,58007700
2015-03-16,35.3763609969,35.5213794781,35.2142776895,35.4531364441,35273500
2015-03-17,35.2910521218,35.6834617595,35.1033813429,35.5725631714,31673400
2015-03-18,35.3422469537,36.5365312718,35.2569423256,36.2550201416,44194800
2015-03-19,36.0502917758,36.3318029629,36.0161718701,36.0758857727,33879100
2015-03-20,36.3062143293,36.6644977655,36.2465004232,36.5791931152,71904500
2015-03-23,36.5791801051,36.7924449092,36.493872231,36.5621185303,26246100
2015-03-24,36.4938905704,36.8265833113,36.4682998224,36.5962600708,25513300
2015-03-25,36.6133096303,36.621842047,35.3507820486,35.3678436279,43469900
2015-03-26,35.1631153951,35.4958080961,34.9071949289,35.1545829773,37495600
2015-03-27,35.0777860021,35.3422354699,34.8304013594,34.9498291016,34401400
2015-03-30,35.060742501,35.436090746,34.8986623751,34.9413146973,35049700
2015-03-31,34.7877566757,35.0010214974,34.5830242692,34.6853904724,34887200
2015-04-01,34.6342028169,34.7706921611,34.3868181177,34.7365722656,36865300
2015-04-02,34.685378074,34.7536243546,34.2247254428,34.3697471619,37487500
2015-04-06,34.412413405,35.6408176652,34.2759240428,35.4446144104,39223700
2015-04-07,35.4957937527,35.7517108613,35.2398766441,35.4275474548,28809400
2015-04-08,35.3678214099,35.5640245675,35.0095382319,35.3336982727,24753400
2015-04-09,35.1886883051,35.5043192648,35.1886883051,35.38489151,25723900
2015-04-10,35.5128508639,35.7858295127,35.3251768226,35.5896263123,28022000
2015-04-13,35.3166539997,35.8796729705,35.3081215849,35.623752594,30276700
2015-04-14,35.6578717758,35.8540749896,35.3081176549,35.529914856,24244400
2015-04-15,35.6237406022,36.2208825227,35.5554975778,36.0502700806,27343600
2015-04-16,35.7858318101,36.1185243563,35.67493321,35.9649734497,22509700
2015-04-17,35.54697436,35.6066914963,35.1119156114,35.504322052,42387600
2015-04-20,35.5981456906,36.8265492725,35.5554933986,36.6047554016,46057700
2015-04-21,36.6815448808,36.80950506,36.2806060234,36.3744430542,26013800
2015-04-22,36.4000298766,36.7924395319,36.2976636968,36.6730117798,25064300
2015-04-23,36.5877070452,37.201910685,36.5109315902,36.9715843201,46309500
2015-04-24,38.9506922569,41.0662791884,38.9421630947,40.8359527588,130933700
2015-04-27,40.2899732394,41.057727585,40.2814440819,40.9724197388,59248200
2015-04-28,40.7591673221,41.979042232,40.6909242786,41.9363899231,60730800
2015-04-29,41.5610416154,42.0643466294,41.3733675666,41.8510818481,47804600
2015-04-30,41.5439825737,42.2605524126,41.4586747035,41.4927978516,64725500
2015-05-01,41.4416141394,41.6975312279,41.2880632355,41.5098571777,38937300
2015-05-04,41.2624723482,41.6890019457,41.1003922727,41.1515769958,34039500
2015-05-05,40.7933030897,41.0833434361,40.3582441972,40.6056289673,50369200
2015-05-06,40.5800192657,40.7506317287,39.2577783721,39.4795722961,52433000
2015-05-07,39.4710482184,40.170556478,39.3772111889,39.8378639221,32971700
2015-05-08,40.5629614348,40.9297771252,40.537370702,40.7335739136,35364900
2015-05-11,40.5629556381,40.8700574052,40.4094047546,40.4094047546,24609400
2015-05-12,39.9658196704,40.6738603232,39.5990039774,40.3923492432,29928300
2015-05-13,41.1089175336,41.2198161296,40.5800217941,40.6312065125,34184600
2015-05-14,40.9724411721,41.6463588665,40.9724411721,41.5610542297,32980900
2015-05-15,41.6889945542,41.723117697,40.9894863987,41.2027511597,28642700
2015-05-18,40.9297696844,41.1345052725,40.6141387713,40.9553604126,24136500
2015-05-19,40.8351682417,41.0498190357,40.5088981176,40.8523406982,28574800
2015-05-20,40.6892039986,41.1528504998,40.5861725345,40.8523406982,25047900
2015-05-21,40.5947542787,40.8695070138,40.3629310444,40.7149581909,22410700
2015-05-22,40.6119329865,40.6548624938,40.1998038203,40.2684936523,25720600
2015-05-26,40.2083855251,40.2513150258,39.6588767792,40.0023193359,29581900
2015-05-27,40.1998114966,41.0154853932,40.0280901591,40.8781089783,27335600
2015-05-28,40.7836483426,41.2301223596,40.6892014751,40.7407188416,19283700
2015-05-29,40.7235496758,40.8437535987,40.0023228632,40.2341461182,36519600
2015-06-01,40.4058693143,41.0154768235,40.0280817957,40.5518302917,28837300
2015-06-02,40.294247656,40.6548594209,40.0280794901,40.28565979,21498300
2015-06-03,40.6720410127,40.9897266201,40.1998098108,40.225566864,28002200
2015-06-04,40.1740473817,40.4917296713,39.6674713265,39.8048477173,27745500
2015-06-05,39.7619157868,39.9422216746,39.3583712305,39.6159515381,25438100
2015-06-08,39.7533310655,39.8649504086,39.212410084,39.2639274597,22121600
2015-06-09,39.2896721562,39.4442209594,39.0320919091,39.1952285767,24406100
2015-06-10,39.3154462815,40.2083945084,39.2295839855,40.0195007324,28417400
2015-06-11,40.0624250932,40.2856604836,39.6073664463,39.8735313416,27347800
2015-06-12,39.68464441,39.8992952287,39.4098916241,39.4699935913,23931000
2015-06-15,39.0235059593,39.1952272097,38.6543064171,39.0492630005,33254500
2015-06-16,38.9376599967,39.7018197174,38.894730485,39.3497924805,27070300
2015-06-17,39.2639273642,39.5558526087,38.9462450696,39.4699935913,28704100
2015-06-18,39.6846396072,40.1826277431,39.6417068284,40.1139411926,32658300
2015-06-19,40.1740422751,40.2083871872,39.4871604084,39.5816040039,63837000
2015-06-22,39.7790805006,40.1139351628,39.6331162803,39.6932182312,20318100
2015-06-23,39.6073583738,39.7361468621,39.1694689979,39.4184646606,25896500
2015-06-24,39.2124063703,39.7103977959,39.1093749039,39.1866493225,34890900
2015-06-25,39.5214953611,39.5472556785,39.0664368155,39.1952285767,20616000
2015-06-26,39.1952401025,39.7361577977,38.6629037234,38.8603820801,49835300
2015-06-29,38.6714838814,38.8346172891,38.0876335194,38.0962181091,34081700
2015-06-30,38.3881490798,38.3967369461,37.7270242091,37.907333374,35945400
2015-07-01,38.173501584,38.834626512,37.8644038747,38.1649169922,28343900
2015-07-02,38.1906691258,38.4224923779,37.8300573617,38.1219825745,21752000
2015-07-06,37.744184718,38.190658643,37.7356001297,38.1133842468,23034000
2015-07-07,38.0704662827,38.1992580737,37.1946906196,38.0361213684,36435800
2015-07-08,38.1563218874,38.5512818162,37.8042947354,37.9846038818,39785900
2015-07-09,38.4224959045,38.826040485,38.2078450894,38.2250175476,32424700
2015-07-10,38.6457312082,38.7573505488,38.2679469537,38.3022918701,25465800
2015-07-13,38.6199729426,39.1694784865,38.5942158938,39.1007919312,28178300
2015-07-14,39.0235221902,39.4614084494,38.9033182474,39.1694831848,22880300
2015-07-15,39.220993929,39.4012998126,39.0063431318,39.289680481,26629600
2015-07-16,39.504334098,40.0881845702,39.4699924573,40.0624275208,26271700
2015-07-17,39.967981834,40.1654601944,39.7189860979,40.0280838013,29467100
2015-07-20,40.0538398128,40.4659689478,39.8735306551,40.28565979,30631900
2015-07-21,40.1654517181,40.6376860404,39.9078714447,40.5947532654,42781900
2015-07-22,39.0149296429,40.2942498984,38.8088667016,39.1007919312,59152400
2015-07-23,38.8689716169,39.6932299953,38.7230073534,39.5901985168,33934000
2015-07-24,39.4184644541,39.7704915607,39.324017598,39.4442214966,32333200
2015-07-27,39.4442247267,39.5043266809,38.8517897744,38.9376487732,39701400
2015-07-28,39.1351357298,39.186649826,38.4568384105,38.929069519,34328900
2015-07-29,38.9805944976,40.1654647957,38.860387274,39.7447509766,40945900
2015-07-30,39.7189797662,40.6977900958,39.4356424335,40.2513160706,39777900
2015-07-31,40.6033472737,40.6720338285,39.9250499403,40.0967712402,31201500
2015-08-03,40.3371803103,40.3543527683,39.8821216356,40.1912193298,24125900
2015-08-04,40.1397034149,40.9639617792,40.0796014472,40.8180007935,33403900
2015-08-05,41.1957800036,41.5649796314,40.8179957851,40.8523406982,26959700
2015-08-06,40.9639615029,41.0154788786,39.7790913405,40.0280838013,27368000
2015-08-07,39.8305980888,40.1654527805,39.7189787664,40.131111145,19163000
2015-08-10,40.3114175769,40.7750640528,40.2169707086,40.6376876831,23079900
2015-08-11,40.1997939909,40.3028254384,39.4098807678,39.8477668762,29237400
2015-08-12,39.6588768102,40.2684875128,39.246747707,40.131111145,30181400
2015-08-13,40.405857186,40.4401988158,39.9164537522,40.1225166321,22627200
2015-08-14,39.9507951555,40.4401985865,39.9422105669,40.3543395996,21473400
2015-08-17,40.1912184077,40.7407239513,39.9851521912,40.6291046143,21099700
2015-08-18,40.482182681,40.9920992882,40.3611860788,40.8538169861,23574100
2015-08-19,40.4303288193,40.6896110413,40.0154818798,40.283405304,31485500
2015-08-20,39.8167090853,40.1624165847,39.4623603821,39.4623603821,36238200
2015-08-21,39.1512227717,39.3067908107,37.2239112854,37.2239112854,70053100
2015-08-24,34.9595221272,36.8954740038,34.3286090328,36.022567749,88753700
2015-08-25,36.7917658882,37.3708252329,34.9076676632,34.9768104553,70616600
2015-08-26,36.3077679535,37.0251094219,35.4867189145,36.9127540588,63408000
2015-08-27,37.3621865972,37.9844586361,37.1029076799,37.9412460327,50943200
2015-08-28,37.5091112117,38.1573101154,37.5004667134,37.9671707153,28246700
2015-08-31,37.6473910688,37.9671682508,37.2498265947,37.6128196716,34441700
2015-09-01,36.4460652903,36.8090584225,36.005291448,36.143573761,49688900
2015-09-02,36.6102754848,37.4918264106,36.1954285722,37.4745407104,37671500
2015-09-03,37.5177398599,38.0103705981,37.4053844978,37.5955238342,28285200
2015-09-04,36.9991934165,37.1979740116,36.471991131,36.8263397217,37138800
2015-09-08,37.4226852908,38.0276716353,37.3362600831,37.9326019287,32469800
2015-09-09,38.2091733343,38.3733858737,37.0856289504,37.2239112854,33469500
2015-09-10,37.26711282,37.8461721923,36.9473356336,37.4140396118,31366600
2015-09-11,37.2844119367,37.6733320585,37.1115581829,37.5782623291,27132500
2015-09-14,37.5350457592,37.5436869623,37.0424147558,37.1979827881,23656000
2015-09-15,37.32762079,38.2783146916,37.232554367,38.0103912354,28882200
2015-09-16,38.0017319864,38.3560804941,37.8893766166,38.2869377136,23372200
2015-09-17,38.2783038493,38.8919313075,38.0968089611,38.2437324524,32768200
2015-09-18,37.5955480342,38.0190395661,37.4486244864,37.5782623291,63143700
2015-09-21,37.6992427204,38.4338700332,37.6819570228,38.1227340698,26177200
2015-09-22,37.4918277043,38.0708838429,37.4313294001,37.9412460327,28085900
2015-09-23,37.96717082,38.1745926235,37.6041777186,37.9153137207,17145200
2015-09-24,37.5523326548,38.1400333963,37.3967646175,37.9498939514,27905600
2015-09-25,38.4425111338,38.6585774081,37.8202392087,37.9758071899,29384600
2015-09-28,37.88074359,38.1054510813,37.3448968164,37.4140396118,27613800
2015-09-29,37.4831837933,37.6560375065,37.206619171,37.5436820984,32763600
2015-09-30,37.9239505881,38.2869403196,37.7338112257,38.252368927,34958900
2015-10-01,38.6758710311,38.6758710311,37.8116057566,38.5548744202,28657900
2015-10-02,38.2610230928,39.3845672607,37.9585282765,39.3845672607,41839000
2015-10-05,39.5401278656,40.5253895406,39.4969152705,40.3006820679,34369300
2015-10-06,40.0413987131,40.7760226385,39.9463290364,40.4043884277,27017200
2015-10-07,40.7068878371,40.9229541278,39.7129848784,40.4476089478,27711500
2015-10-08,40.2401886594,41.0698824552,40.1883315608,41.0093841553,33772700
2015-10-09,41.0093921953,41.08717621,40.5513293104,40.7155418396,28600600
2015-10-12,40.6031633731,40.6809473436,40.1883166293,40.6204490662,19769100
2015-10-13,40.2401772764,40.7328080343,40.2401772764,40.5253829956,19987800
2015-10-14,40.3179642484,40.7068808674,40.2142500728,40.3438911438,24697800
2015-10-15,40.629108429,40.6463941298,40.2142614997,40.629108429,27189400
2015-10-16,40.6377454671,41.0871637155,40.534034578,41.0612335205,26450300
2015-10-19,40.9834535239,41.381018015,40.6377494278,41.1563072205,29387600
2015-10-20,41.0007406036,41.3205211069,40.6377507959,41.285949707,30802200
2015-10-21,41.4156039202,41.4761055424,40.7155509289,40.7933349609,25144300
2015-10-22,41.0785180958,42.3057762208,40.6982426485,41.5106506348,56637100
2015-10-23,45.2010529027,46.7308021474,45.1578403178,45.6936836243,135227100
2015-10-26,45.3998459858,46.9468813517,45.3739190871,46.8863830566,64633300
2015-10-27,46.6616716799,46.9900900264,46.3073231399,46.4023895264,50999900
2015-10-28,46.2727587163,46.6530342102,45.6850581278,46.6530342102,47000800
2015-10-29,46.2727440032,46.523381618,45.9961794962,46.1171760559,30202100
2015-10-30,46.082615549,46.6616748889,45.4776293107,45.4949150085,46619800
2015-11-02,45.676407366,46.1171843954,45.4776267967,46.0134735107,30285000
2015-11-03,45.7455378655,47.0073637302,45.7196109756,46.7999420166,36596900
2015-11-04,46.8258785564,47.4308647234,46.7221676782,47.0160179138,37087800
2015-11-05,47.0938032019,47.2752980679,46.6703118841,46.9987335205,31468500
2015-11-06,46.7480854789,47.5172806614,46.6357301262,47.465423584,32851200
2015-11-09,47.1456488988,47.4222133988,46.2900285075,46.8085861206,32513100
2015-11-10,46.7308196916,46.7826767911,46.0394081822,46.2468299866,55283700
2015-11-11,46.4110409689,46.8431735602,46.2036158744,46.3678283691,36516300
2015-11-12,46.2208933568,46.6530258713,45.9702557071,46.082611084,35361100
2015-11-13,45.8665433108,46.0566826659,45.3998394193,45.6677627563,36848200
2015-11-16,45.8751817009,46.575234148,45.6763978759,46.4715232849,32165200
2015-11-17,46.2627033152,46.575936379,45.9842746627,46.0886878967,31551300
2015-11-18,46.1147945511,46.9674828068,46.0973923435,46.8543701172,29710000
2015-11-19,46.976185401,47.559144416,46.7934638818,46.9326782227,28149200
2015-11-20,47.2024217873,47.2459256596,46.3497332759,47.1502151489,37147600
2015-11-23,47.2024217873,47.3851400428,46.7673764252,47.1502151489,28235900
2015-11-24,46.9152839726,47.3677314869,46.6194563524,47.2024154663,24600000
2015-11-25,47.0631940739,47.1850062097,46.7151565552,46.7151565552,21005100
2015-11-27,46.8108718246,47.0544994402,46.8021723793,46.9239845276,9009100
2015-11-30,47.4547480699,47.8201845745,46.9848982904,47.2894287109,56241400
2015-12-01,47.3416349437,48.0551090535,47.2459244355,48.0464096069,39952800
2015-12-02,48.1334073267,48.6902647287,47.9071852518,48.0376968384,47274900
2015-12-03,48.2813225534,48.5249468275,46.9239801997,47.1589050293,38627800
2015-12-04,47.0893110339,48.9252030699,47.0719088204,48.646774292,43963700
2015-12-07,48.5423359558,48.6989524667,48.1072908298,48.5597381592,30709800
2015-12-08,48.263922069,48.8120767052,47.8462790189,48.542350769,32878000
2015-12-09,48.1769202852,48.6119656276,47.4286417653,47.8375854492,36373200
2015-12-10,48.1943108981,48.4292357248,47.8636755882,48.0899009705,31775800
2015-12-11,47.6026548162,47.9419896112,46.9935907466,47.0370979309,39549500
2015-12-14,47.2720201755,48.0376974535,46.7064600023,47.9767913818,46768900
2015-12-15,48.429244034,48.6380672444,47.9332926435,48.0290031433,39843000
2015-12-16,48.324834565,48.942598118,47.6461616141,48.8381881714,37503300
2015-12-17,49.0383138541,49.4124531319,48.3161369583,48.4640541077,41280900
2015-12-18,48.5249435277,48.7250639277,47.0109847238,47.0979957581,84684200
2015-12-21,47.7505694452,48.1595097392,47.1850092703,47.7070655823,37246300
2015-12-22,47.8462931197,48.2726357402,47.4199471801,48.1595230103,28322200
2015-12-23,48.4640409982,48.6206575521,48.2378156119,48.5684509277,27279800
2015-12-24,48.6032656722,48.6902734121,48.2291264161,48.4379463196,9558500
2015-12-28,48.1595155851,48.6815719604,47.8375829777,48.6815719604,22458300
2015-12-29,48.9773950264,49.464643582,48.7772746098,49.2036170959,27731400
2015-12-30,49.1340149243,49.4037408733,48.9773983582,48.9948005676,21704500
2015-12-31,48.7598807423,48.8903923481,48.2204221504,48.2726287842,27334100
2016-01-04,47.2633223233,47.6809654236,46.4541377793,47.6809654236,53778000
2016-01-05,47.7940695352,48.1943103527,47.4547347847,47.8984794617,34079700
2016-01-06,47.2633138009,47.3329226313,46.6716520191,47.0283889771,39518900
2016-01-07,45.8537741651,46.5411465189,45.3056161711,45.3926239014,56564900
2016-01-08,45.5666347432,46.3584168992,45.3752171063,45.5318336487,48754000
2016-01-11,45.6884555324,45.9842864665,44.7748610745,45.5057373047,36943800
2016-01-12,45.905983408,46.2018143758,45.2969225795,45.9233856201,36095500
2016-01-13,46.8108641467,47.0457889594,44.6356380867,44.9314689636,66883600
2016-01-14,45.2447091995,46.4802362037,44.8705699926,46.2105102539,52381900
2016-01-15,44.6443420689,45.2186016316,43.8003532724,44.3659133911,71820700
2016-01-19,44.7922688071,44.9662876108,43.5567416071,43.9917869568,43564500
2016-01-20,43.4871238292,44.705251886,42.7214432416,44.1918983459,63273000
2016-01-21,44.3746046351,44.8792585947,43.7655407704,43.9221572876,40191200
2016-01-22,44.7313478604,45.5318327638,44.6008329712,45.4970283508,37555800
2016-01-25,45.1924889399,45.8102555748,44.9401652757,45.0619773865,34707700
2016-01-26,45.0619918712,45.6275487559,44.8531686719,45.3926239014,28900800
2016-01-27,45.2533974459,45.418716736,44.3920098619,44.566028595,36775200
2016-01-28,45.1229019812,45.4274323834,44.5921461497,45.2969207764,62513800
2016-01-29,47.6200516551,47.9332847595,46.9848860019,47.9332847595,83611700
2016-02-01,47.7505553176,47.9332734792,47.4199200831,47.6026382446,44208500
2016-02-02,47.1328155543,47.2111238566,45.8102805009,46.1148109436,56313800
2016-02-03,46.3323214013,46.4541335462,44.6008397608,45.3839225769,57559800
2016-02-04,45.3317205651,45.9494874359,44.6965548025,45.2447128296,46987100
2016-02-05,45.1925017158,45.2447083433,43.1216886083,43.6437416077,62009000
2016-02-08,43.1129925842,43.1303947961,41.9296687269,42.9911804199,59290500
2016-02-09,42.6518373144,43.7133488016,42.3473036436,42.8780593872,46740500
2016-02-10,43.4088138186,43.8438590617,43.0868812682,43.2521972656,38237000
2016-02-11,42.356000958,43.6002304961,42.208083864,43.234790802,48878600
2016-02-12,43.7220525458,44.0961917685,43.2870072469,43.9395751953,34243300
2016-02-16,44.6055993625,44.772102356,43.9308187947,44.772102356,37291200
2016-02-17,45.1226310593,46.2443422807,45.0875767479,45.9376220703,40789000
2016-02-18,45.8587550011,46.4020834575,45.6571943815,45.7360649109,27176000
2016-02-19,45.5432752763,45.8149378472,45.1576845154,45.4118232727,33559100
2016-02-22,45.8149318879,46.4458960742,45.8149318879,46.1391792297,25008300
2016-02-23,45.8675190883,45.8938081517,44.6756991844,44.8509674072,28895300
2016-02-24,44.4215496076,45.131384233,43.9921460763,45.0086975098,33014500
2016-02-25,45.3329444339,45.6571884155,44.3514472409,45.6571884155,26939500
2016-02-26,46.0953695165,46.165478149,44.7808627431,44.9561309814,35975900
2016-02-29,44.9999348746,45.2628388316,44.395263128,44.5880584717,31654000
2016-03-01,44.6669383323,46.0866046194,44.6231187683,46.0778427124,33024500
2016-03-02,45.9288649409,46.4108500726,45.7097804863,46.4020881653,29289900
2016-03-03,46.419621292,46.419621292,45.3767770143,45.8762893677,24427800
2016-03-04,45.9201031133,45.9639193357,45.3154278779,45.5958557129,33034200
2016-03-07,45.1839742059,45.3942933874,44.3251636384,44.7195129395,38407800
2016-03-08,44.5179625298,45.6834934859,44.3426942896,45.2628517151,33835100
2016-03-09,45.4731691638,46.3144526727,45.4468800988,46.3056907654,28251600
2016-03-10,46.3845469711,46.3933088757,44.8334291003,45.613368988,38387800
2016-03-11,46.4459121641,46.5072555542,45.9025835616,46.5072555542,32275700
2016-03-14,46.1917607836,46.9629389193,46.1216555038,46.5948753357,24083600
2016-03-15,46.2268163714,46.9629402161,46.2180544648,46.9629402161,21104800
2016-03-16,46.8402463611,47.8480326162,46.7964301488,47.6289482117,31691700
2016-03-17,47.5062630821,48.1985706261,47.3222329783,47.9006156921,28223900
2016-03-18,48.1284689315,48.1722884945,46.8402546772,46.8753089905,67625500
2016-03-21,46.6649803075,47.2608901826,46.3845525243,47.199546814,23925700
2016-03-22,46.9804647138,47.5413203079,46.8490127213,47.3835792542,23124100
2016-03-23,47.4186156521,47.5325404463,47.094371761,47.2959289551,20129000
2016-03-24,47.1820273122,47.6114343053,47.0856296192,47.5062713623,19950000
2016-03-28,47.5062692995,47.5763779251,46.7350944755,46.9191246033,17025100
2016-03-29,47.0242849379,48.0758909379,46.8402548072,47.9444389343,23924300
2016-03-30,48.1372415102,48.759440622,48.1109524427,48.242401123,23008300
2016-03-31,48.1547653277,48.7156210146,48.0758947878,48.400138855,26360500
2016-04-01,48.2423935582,48.7331439127,47.8217518298,48.6980895996,24399200
2016-04-04,48.5754013062,48.7769585857,48.1985758097,48.5754013062,18928800
2016-04-05,48.3650709328,48.4614686037,47.7253448861,47.8129806519,19272300
2016-04-06,47.6377261586,48.3738500878,47.5062741437,48.3037414551,21188700
2016-04-07,48.0846554295,48.1197097448,47.5237997575,47.7253570557,19225100
2016-04-08,47.9093805988,48.4439471322,47.60266374,47.6902961731,22167200
2016-04-11,47.751639817,48.3300225298,47.5851335247,47.5938987732,21414200
2016-04-12,47.6464765203,48.0057748187,47.1119100253,47.8918533325,24944300
2016-04-13,48.3037451092,48.5841729755,48.1021877892,48.5053024292,20818000
2016-04-14,48.3913628023,48.7068448696,48.2599108266,48.51404953,20877100
2016-04-15,48.4614758941,49.0048043517,48.2949729285,48.768196106,28793800
2016-04-18,48.627997017,49.5919674784,48.3826201042,49.4780426025,23786000
2016-04-19,49.6270172123,49.7497039858,48.7944955219,49.4166946411,29596800
2016-04-20,49.3290475329,49.5130776386,48.6279780756,48.7156105042,36195700
2016-04-21,48.899637749,49.276463187,48.5666285227,48.8821105957,38909100
2016-04-22,45.4906833962,45.9463793365,44.4916590954,45.3767585754,126834100
2016-04-25,45.3767767285,45.6834970083,45.2453280454,45.6659698486,33226900
2016-04-26,45.797423819,45.8762943751,44.772109932,45.0788269043,33532600
2016-04-27,45.1138672639,45.1313944202,44.2988728836,44.6406440735,43369300
2016-04-28,44.3602127222,44.4916647122,43.4312969147,43.7292518616,43134800
2016-04-29,43.2472574046,44.0359625487,43.2472574046,43.7029533386,48411700
2016-05-02,43.8168815691,44.4741347926,43.6240862204,44.3514480591,33114500
2016-05-03,44.1148385876,44.1761819573,43.4663472388,43.6240882874,26460200
2016-05-04,43.6766642815,43.8694596151,43.3436550714,43.7029533386,24257600
2016-05-05,43.7029541223,44.0797795486,43.5802673961,43.7642974854,25390700
2016-05-06,43.7467697185,44.1586494446,43.5189234221,44.1586494446,24787300
2016-05-09,44.2462946434,44.3339270815,43.8168876733,43.8782310486,17951600
2016-05-10,44.1060900498,44.7808673207,43.9833999303,44.7107620239,22891000
2016-05-11,44.8071462773,45.3767637606,44.6932214435,44.7370376587,24039100
2016-05-12,44.8685008142,45.403067464,44.6231239308,45.1401634216,24102800
2016-05-13,45.0788072966,45.4819251544,44.7282742441,44.7633285522,22592300
2016-05-16,44.5179517686,45.5345033047,44.4741355549,45.4205818176,20032000
2016-05-17,45.6411977427,45.6500209322,44.4410419941,44.5734100342,27803500
2016-05-18,44.546934295,45.1293623874,44.3880899638,44.8381500244,24907500
2016-05-19,44.5381217043,44.6704897676,43.9645166643,44.4057502747,23842400
2016-05-20,44.5469339788,45.1999610433,44.4763383689,44.6704788208,23905800
2016-05-23,44.6528281479,44.7234271226,44.1056995591,44.1498222351,26118700
2016-05-24,44.7410788846,45.6323690996,44.4763394501,45.526473999,34757900
2016-05-25,45.8176999002,46.3207093505,45.7029815767,45.9941940308,24040200
2016-05-26,45.8265211139,45.8706437998,45.3235150886,45.7912216187,24335200
2016-05-27,45.8176927934,46.1706809998,45.6853247407,46.1706809998,17721400
2016-05-31,46.1177436858,46.7707710266,45.9589026548,46.7707710266,37653100
2016-06-01,46.2765819597,46.726642148,46.2765819597,46.6383934021,25324800
2016-06-02,46.4530843005,46.5413330621,45.7471110401,46.3118896484,22840800
2016-06-03,46.223643574,46.2589397118,45.5353167096,45.7029876709,23368300
2016-06-06,45.8794611392,46.1971464337,45.7912124187,46.0030059814,18243300
2016-06-07,46.1000840222,46.5324910276,45.9765357971,45.9765357971,20866800
2016-06-08,45.9059456799,46.2765803004,45.773574249,45.9235954285,21149400
2016-06-09,45.8882902611,45.8882902611,45.4382335109,45.5529518127,20305700
2016-06-10,45.0499440959,45.9324111824,45.0411209062,45.4294052124,25833200
2016-06-13,43.7527154709,44.7587273122,43.293832227,44.2468948364,83217800
2016-06-14,44.0351153312,44.2116060809,43.7438995347,43.9733428955,42577100
2016-06-15,43.9292031956,44.2292420899,43.8497810364,43.8497810364,33757600
2016-06-16,43.6997686484,44.5381130178,43.6909420928,44.4675140381,31188600
2016-06-17,44.4851803033,44.5028300547,43.9645244166,44.2380905151,45710500
2016-06-20,44.6881332341,44.8558041369,44.1498277665,44.1851272583,35607900
2016-06-21,44.2998593156,45.3852936951,44.2645598155,45.173500061,34097800
2016-06-22,45.0764238264,45.4117589211,44.9617021539,44.9970016479,28816800
2016-06-23,45.2529018707,45.9412283466,45.1381835966,45.8088569641,29028800
2016-06-24,43.9556931473,44.9528786755,43.6997768472,43.9733428955,133503000
2016-06-27,43.3291358986,43.3732619494,42.3937228702,42.7378845215,50216300
2016-06-28,43.1702861971,43.6556457646,42.9496694359,43.6291694641,38140700
2016-06-29,44.0439364019,44.7587360228,43.9468644744,44.5998916626,31304000
2016-06-30,44.758749433,45.2705787954,44.5646055199,45.1558570862,28527800
2016-07-01,45.1205416834,45.641197383,45.0675924479,45.1470146179,21400400
2016-07-05,44.8558213896,45.2529290428,44.7763991857,45.1558570862,24806400
2016-07-06,44.8116850895,45.4823620728,44.4675234066,45.34116745,28167500
2016-07-07,45.3764635809,45.5441345099,45.0676013954,45.34116745,19585200
2016-07-08,45.6500319451,46.2059872735,45.4911875656,46.1530380249,28391000
2016-07-11,46.3295210056,46.6207367535,46.3030480708,46.4089431763,22269200
2016-07-12,46.7178034438,47.1237408368,46.5854354088,46.9560699463,27317600
2016-07-13,47.2649436182,47.5296831003,46.9296051455,47.2208175659,25356800
2016-07-14,47.5120277101,47.6443991186,47.2825877505,47.4237823486,24545500
2016-07-15,47.6090940696,47.6532167452,46.9560670256,47.3884773254,32024400
2016-07-18,47.3884989579,47.9532775422,47.2561275044,47.6179389954,31433900
2016-07-19,47.3973025568,47.5649734441,46.7089793625,46.8501739502,53336500
2016-07-20,49.550538744,50.1594399507,49.0034066107,49.3387451172,89893300
2016-07-21,49.4005092382,49.6211260194,49.2063653936,49.2416648865,32776700
2016-07-22,49.4887698011,49.9741261624,49.2240269073,49.9211769104,32157200
2016-07-25,49.8329226855,50.0711892278,49.6476020195,50.0623626709,25610600
2016-07-26,49.877042629,50.5565427236,49.8682160726,50.0888328552,28079000
2016-07-27,49.9564532896,50.1241207939,49.515219826,49.5858154297,32327500
2016-07-28,49.4181563848,49.7446682612,49.1710666801,49.6034736633,37550400
2016-07-29,49.6476001161,50.0888336888,49.4622828235,50.0182380676,30558700
2016-08-01,49.9476352403,50.0800066484,49.5417011925,49.9299888611,26003400
2016-08-02,50.1682520096,50.2123780566,49.6917223462,49.9299888611,35122000
2016-08-03,50.018245972,50.3977071737,49.8505783997,50.2741622925,22075600
2016-08-04,50.1241348814,50.7595123248,50.009413206,50.6447906494,26587700
2016-08-05,50.8742377555,51.3684172557,50.6977436341,51.1478004456,29335200
2016-08-08,51.2360496521,51.2625225923,50.9889565334,51.2360496521,19473500
2016-08-09,51.3331161323,51.6243319282,51.2007480702,51.3595924377,16920700
2016-08-10,51.3242894917,51.4654841016,51.024250525,51.2007446289,15756900
2016-08-11,51.2095712782,51.580209258,51.2095712782,51.4478378296,18162300
2016-08-12,51.2095682056,51.3507628166,50.8477568048,51.1301460266,21655200
2016-08-15,51.1919142878,51.624324642,51.1477916066,51.2889862061,19283900
2016-08-16,51.1557970543,51.1646752369,50.8538880347,51.0048408508,20523500
2016-08-17,51.0936446646,51.2179595578,50.818373553,51.1114044189,18856400
2016-08-18,50.9870886554,51.2357218414,50.8538955721,51.1469230652,14214300
2016-08-19,50.9959564886,51.2623459707,50.7917244394,51.1646690369,17271000
2016-08-22,51.1469108635,51.2801073023,50.8450018712,51.2090682983,15221900
2016-08-23,51.41331196,51.6619417391,51.3689108817,51.4044303894,18732400
2016-08-24,51.3245099996,51.5376236451,51.253474376,51.4577064514,18151500
2016-08-25,51.3955491514,51.7596156151,51.3067503874,51.6530570984,18552600
2016-08-26,51.7507317481,52.1236797654,51.2268309199,51.5287399292,20971200
2016-08-29,51.6619241535,52.0348686952,51.5908851624,51.5908851624,16417200
2016-08-30,51.484347588,51.6708199223,51.1558006103,51.4044303894,16930200
2016-08-31,51.1913180423,51.3245111097,50.8805274437,51.0226020813,20860300
2016-09-01,50.6230272871,51.3422822043,50.6230272871,51.1380500793,26075400
2016-09-02,51.2090682983,51.6708116623,50.9870764918,51.2090682983,18900500
2016-09-06,51.3067565161,51.324516271,50.800615357,51.1558036804,16278400
2016-09-07,51.0314827419,51.3600297004,50.9782034835,51.2001953125,17493400
2016-09-08,51.1735467099,51.3156213153,50.7739608234,50.9959526062,20146100
2016-09-09,50.4276622623,51.0758779653,49.9126396179,49.9126396179,35113900
2016-09-12,49.7261699937,50.8006096396,49.3798632804,50.6585350037,29303000
2016-09-13,50.170147041,50.3033434765,49.7705611216,50.1967849731,30130200
2016-09-14,50.0724870475,50.2856007391,49.7528182039,49.9570503235,24062500
2016-09-15,49.8593686915,50.9249268152,49.7084124786,50.7828521729,26847000
2016-09-16,51.1735490793,51.1735490793,50.3921370194,50.8361206055,44607000
2016-09-19,50.8538957598,51.2801197251,50.4809476731,50.5519866943,20937100
2016-09-20,50.9249267409,50.9249267409,50.3921476799,50.4454269409,17384000
2016-09-21,51.0669943964,51.368903393,50.6851716002,51.2889862061,33707300
2016-09-22,51.4310652741,51.5021042852,51.173557327,51.3422698975,19822200
2016-09-23,51.3866569244,51.4221764226,50.9515549271,50.9959526062,19955300
2016-09-26,50.6851715931,50.7384474595,50.4631797835,50.5253372192,21688700
2016-09-27,50.5519793859,51.5553833978,50.3299875577,51.4577064514,28065100
2016-09-28,51.3955468702,51.5553812509,51.2090711679,51.5287399292,20536400
2016-09-29,51.3333886466,51.6530540156,50.8006062569,50.9693222046,25463500
2016-09-30,51.120285126,51.297879291,50.9160530218,51.1469230652,29910800
2016-10-03,50.978201438,51.1025163153,50.6674142447,50.9870796204,19189500
2016-10-04,50.8538779202,51.1469053115,50.5874884588,50.8272399902,20085900
2016-10-05,50.8716468853,51.466583344,50.8450055632,51.182434082,16726400
2016-10-06,51.2712249756,51.3777800856,50.8627575103,51.2712249756,16212600
2016-10-07,51.368902536,51.4843392235,50.9870763588,51.3245048523,20089000
2016-10-10,51.4221952707,51.8484192434,51.3866757595,51.5376319885,18196500
2016-10-11,51.4044300032,51.5198667086,50.5164626419,50.7828521729,26497400
2016-10-12,50.7118148804,50.853889518,50.0813588875,50.7118148804,22177500
2016-10-13,50.347736542,50.8805154607,50.0103080868,50.5430870056,25313700
2016-10-14,50.7206901137,51.2712322665,50.7206901137,50.9870796204,27402500
2016-10-17,50.9338012604,51.0225966292,50.4986958238,50.8094863892,23830000
2016-10-18,51.084758613,51.4577066471,50.9782034835,51.2001953125,19149500
2016-10-19,51.0314943195,51.3600413525,50.9693368642,51.0847702026,22878400
2016-10-20,51.0581123985,51.0758721484,50.3122198384,50.8361206055,49455600
2016-10-21,53.5266740966,53.6776303169,52.825182421,52.9761352539,80032200
2016-10-24,53.2247501461,54.1659965515,53.215871965,54.1659965515,54067000
2016-10-25,54.0327938887,54.4945371633,53.9883962134,54.1571121216,35137200
2016-10-26,53.9972977788,54.3436045162,53.6953887331,53.8374633789,29911600
2016-10-27,53.8197017947,54.0150556962,53.3579583647,53.3668365479,28479900
2016-10-28,53.2869010569,53.7397661483,52.9050783426,53.1625862122,33574700
2016-10-31,53.4201067219,53.6509767039,53.206993103,53.206993103,26434700
2016-11-01,53.2514009988,53.2957986871,52.6120634476,53.1004447937,24533000
2016-11-02,53.118199224,53.2158761609,52.6564558597,52.7718925476,22147000
2016-11-03,52.8606873243,52.9583642601,52.4877427192,52.5765380859,21600400
2016-11-04,52.0792848585,52.6387018332,51.963848158,52.13256073,28697000
2016-11-07,53.0826796066,53.7397768432,53.0826796066,53.6509780884,31664800
2016-11-08,53.7664167838,53.9706488466,53.411231913,53.6953811646,22935400
2016-11-09,53.2780365993,53.801937428,52.5676634554,53.4289894104,49632500
2016-11-10,53.7042607923,53.713142362,51.1735553943,52.1236801147,57822400
2016-11-11,51.7063343203,52.4966246578,51.5109804347,52.4078292847,38767800
2016-11-14,52.4078336249,52.4611128856,50.862768939,51.6086616516,41328400
2016-11-15,52.145034275,53.1820346162,52.136092706,52.6277732849,35904100
2016-11-16,52.6903547907,53.3340114017,52.5741416661,53.3250732422,27332500
2016-11-17,54.0044788932,54.4872212888,53.6111351321,54.2100906372,32132700
2016-11-18,54.3352609686,54.6570893251,53.9061576301,53.9508552551,27686300
2016-11-21,54.0849443002,54.5051094215,54.0134253815,54.4067726135,19652600
2016-11-22,54.5140512269,54.7643606384,54.36207863,54.6392059326,23206700
2016-11-23,54.5408685018,54.6213255846,53.8614557882,53.995552063,21848900
2016-11-25,53.9061398211,54.1117515564,53.7541672642,54.1117515564,8409600
2016-11-28,53.9419021151,54.5497991951,53.8256855942,54.1832733154,20732600
2016-11-29,54.2190296098,54.8984421483,54.1028130956,54.6123733521,22366700
2016-11-30,54.4067773663,54.6928462453,53.8346396082,53.8703956604,34655400
2016-12-01,53.7363072383,53.7720667037,52.6903650419,52.9227981567,34542100
2016-12-02,52.8155109431,53.1641571244,52.5651981535,52.9674835205,25515700
2016-12-05,53.3697625872,54.1653916579,53.2446079123,53.8346252441,23552700
2016-12-06,54.0223649842,54.0491828726,53.4591654563,53.5932617188,19907000
2016-12-07,53.6469031819,54.8716391719,53.4591711227,54.8626976013,30809000
2016-12-08,54.8000986589,55.0504113827,54.3888752409,54.5408477783,21220800
2016-12-09,54.6928443564,55.4169580997,54.648146735,55.3990783691,27349400
2016-12-12,55.2649712725,55.6940744922,55.1755760472,55.5778579712,20198100
2016-12-13,55.8728644312,56.6953113588,55.6404348157,56.3019676208,35718900
2016-12-14,56.3198671112,56.7221525584,55.899701932,56.0337982178,30352700
2016-12-15,56.0516642996,56.4539496488,55.6940765648,55.9443893433,27669900
2016-12-16,56.2751596089,56.2751596089,55.5331662022,55.6940803528,42453100
2016-12-19,55.9265169802,57.0082150757,55.8013588693,56.8741188049,34338200
2016-12-20,56.9366898917,57.0350266914,56.3466725036,56.8025970459,26028400
2016-12-21,56.7042602462,56.9456314609,56.4271295751,56.8025970459,17096300
2016-12-22,57.0707896551,57.3032193149,56.6863840018,56.8115386963,22176600
2016-12-23,56.7221367743,56.8025938414,56.1410575779,56.5344047546,12403800
2016-12-27,56.5075940046,57.2764053642,56.5075940046,56.5701713562,11763200
2016-12-28,56.6774504841,56.6774504841,56.1678900945,56.31092453,14653300
2016-12-29,56.1947207246,56.4986693952,56.0785041537,56.2304801941,10250600
2016-12-30,56.2840962819,56.3109175797,55.4527076624,55.5510444641,25579900
2017-01-03,56.1321213695,56.1768189838,55.5421039941,55.9443893433,20694100
2017-01-04,55.8549945034,56.0963657293,55.5331662022,55.6940803528,21340000
2017-01-05,55.5957435485,56.015908654,55.4527091269,55.6940803528,24876000
2017-01-06,55.6940764298,56.453949512,55.4616467899,56.1768188477,19922900
2017-01-09,56.105310407,56.3913826937,55.9086401858,55.9980354309,20382700
2017-01-10,56.0784851182,56.3824336856,55.676199748,55.9801483154,18593000
2017-01-11,55.9712170212,56.525475038,55.8103028534,56.4897155762,21517300
2017-01-12,56.3734996944,56.6774482843,55.3811968446,55.9712142944,20968200
2017-01-13,55.9801587757,56.2036503109,55.7387875085,56.0516777039,19422300
2017-01-17,56.0337773271,56.0516570525,55.4526981856,55.8996810913,20664000
2017-01-18,56.0248363221,56.0516576156,55.533155803,55.8728637695,19670100
2017-01-19,55.6404445761,56.3019774972,55.6046851181,55.6940803528,18451700
2017-01-20,56.0248559093,56.1589521933,55.7566667515,56.087436676,30213500
2017-01-23,56.0516661161,56.4271301807,55.935449587,56.2840957642,23097600
2017-01-24,56.4986449331,56.9813873322,56.266211892,56.7847137451,24672900
2017-01-25,57.1691170087,57.3032098406,56.722134082,56.9277458191,23672700
2017-01-26,57.3211069263,57.6965710392,56.8115431285,57.4551963806,43554600
2017-01-27,58.4564342312,58.921300355,58.0094512462,58.8050804138,44818000
2017-01-30,58.7246322811,58.8140275224,57.9290030385,58.2240066528,31651400
2017-01-31,57.9826501499,58.2419011747,57.4462717767,57.7949180603,25270500
2017-02-01,57.535648359,57.7680814127,56.7400192192,56.8383560181,39671500
2017-02-02,56.543355014,56.6863894515,56.0963719704,56.4718360901,45827000
2017-02-03,56.7668316927,56.9456255454,56.3824261029,56.9277458191,30301800
2017-02-06,56.7668397846,56.9009360458,56.4450114859,56.8919944763,19796400
2017-02-07,56.9813962916,57.0171523411,56.5254717063,56.7042655945,20277200
2017-02-08,56.8294177684,57.0439711067,56.5165310357,56.6238059998,18096400
2017-02-09,56.7847132553,57.6071636403,56.6059193968,57.26745224,22644400
2017-02-10,57.4373205602,57.4820215923,57.1959493097,57.2138290405,18170700
2017-02-13,57.4283724257,57.9826337865,57.3300356227,57.8574790955,22920100
2017-02-14,57.9294394032,58.2082467897,57.5786726481,58.0733375549,23108400
2017-02-15,58.0103730446,58.0733297642,57.7045852246,58.0373535156,17005200
2017-02-16,58.2262282258,58.6759210753,57.9564166332,58.0283622742,20546300
2017-02-17,57.9833959817,58.1812619295,57.8305020627,58.1183052063,21248800
2017-02-21,58.1093096729,58.4150975122,57.9654046696,58.0013809204,20655900
2017-02-22,57.8574952295,57.9114561865,57.6056682813,57.884475708,19292700
2017-02-23,57.9384239529,58.2172381802,57.7315690888,58.1183052063,20273100
2017-02-24,58.0373569268,58.2801949034,57.68659706,58.1183052063,21796800
2017-02-27,58.0463473176,58.0463473176,57.6056502959,57.767539978,15871500
2017-02-28,57.632638537,57.7405604317,57.3448319504,57.5426979065,23239800
2017-03-01,57.677605549,58.4510778412,57.5786725678,58.4061126709,26937500
2017-03-02,58.1812579415,58.2352188829,57.4527543543,57.5696754456,24539600
2017-03-03,57.5516875233,57.8125067464,57.2189123725,57.7855262756,18135900
2017-03-06,57.5337161835,58.0643505622,57.3898145791,57.803527832,18750300
2017-03-07,57.731562895,58.2621970965,57.731562895,57.9204330444,18521000
2017-03-08,57.7945212254,58.5320171512,57.785525448,58.4510688782,21510900
2017-03-09,58.6309482949,58.6399372102,57.992385355,58.2172317505,19846800
2017-03-10,58.5589920248,58.6939012257,58.2352126871,58.397102356,19538200
2017-03-13,58.4690562318,58.6309459045,58.0733243961,58.1992378235,20100000
2017-03-14,58.0373537997,58.055345355,57.6955897294,57.9294319153,14280200
2017-03-15,58.0553512772,58.3881196039,57.7855328151,58.2352256775,24833800
2017-03-16,58.2352091958,58.2442049718,57.8304884789,58.1362762451,20674300
2017-03-17,58.3791311599,58.6759232365,58.1722694224,58.3431549072,49219700
2017-03-20,58.3791176647,58.621948737,58.2082322193,58.397102356,14598100
2017-03-21,58.6309507929,58.9097581395,57.6775973693,57.7495498657,26640500
2017-03-22,57.6686267553,58.5859973602,57.6686267553,58.4870643616,20680000
2017-03-23,58.406111634,58.6759232365,58.2532108446,58.3431549072,19269200
2017-03-24,58.7838455217,58.864786935,58.2442155143,58.4420814514,22617100
2017-03-27,58.1272982827,58.6579394409,57.8754713718,58.5500106812,18614700
2017-03-28,58.4240835423,58.8827720866,58.1452762222,58.7208824158,20080400
2017-03-29,58.5679869816,58.9097510058,58.4150862297,58.8827705383,13618400
2017-03-30,58.8378253307,59.3414861127,58.7838643712,59.0986480713,15122800
2017-03-31,59.0446580102,59.5303269918,58.8647767975,59.2335281372,21040300
2017-04-03,59.1885701415,59.3054946729,58.6309554045,58.9547348022,20400900
2017-04-04,58.8108206399,59.1885609246,58.7118876803,59.1166152954,12997400
2017-04-05,59.6292918529,59.6742570338,58.8558193789,58.9637413025,21448600
2017-04-06,58.9996907822,59.4134073123,58.8917689076,59.1166152954,18103500
2017-04-07,59.2245300785,59.3234630262,58.8557856148,59.0716362,14108500
2017-04-10,59.0086857358,59.1975558755,58.7838393511,58.9367332458,17952700
2017-04-11,58.9996798196,59.0086755948,58.3251407816,58.8917579651,18791500
2017-04-12,58.8378174178,58.918765708,58.5590100154,58.6669387817,17108500
2017-04-13,58.720898647,59.2335482693,58.4151039124,58.4151039124,17896500
2017-04-17,58.4960262004,58.9007468785,58.4690457367,58.8917579651,16689300
2017-04-18,58.7568682175,59.0986323062,58.6039742984,58.8108291626,15155600
2017-04-19,59.0446699606,59.1346071542,58.3611349376,58.4960441589,26992800
2017-04-20,58.8737642106,59.1345867856,58.5859611729,58.909740448,22299500
2017-04-21,59.0626532284,59.9890193381,58.8647872901,59.7192077637,32522600
2017-04-24,60.6905504263,60.8524401277,60.3487794666,60.7355155945,29770000
2017-04-25,61.0682923127,61.1942057657,60.7984738495,61.0862770081,30242700
2017-04-26,61.2301755403,61.4370303933,60.8164589726,61.0053291321,26190800
2017-04-27,61.2931401135,61.499994993,60.7804905115,61.4010620117,34971000
2017-04-28,61.9766651995,62.1835200456,60.8794136659,61.571937561,39548800
2017-05-01,61.7698178659,62.5522859929,61.6079281452,62.4263725281,31954400
2017-05-02,62.6961867997,62.6961867997,62.1745413597,62.3274421692,23906100
2017-05-03,62.3993816185,62.3993816185,61.7967948056,62.1295700073,28928000
2017-05-04,62.084615288,62.1295873333,61.7338552924,61.8867492676,21749400
2017-05-05,61.9676685567,62.0845862132,61.598917171,62.0576057434,19128800
2017-05-08,62.0306273213,62.1025798177,61.5359624855,62.0036468506,18566100
2017-05-09,61.9316810579,62.3094212904,61.7697914065,62.0935707092,22858400
2017-05-10,62.048615014,62.5612645678,61.985658292,62.3364181519,17977800
2017-05-11,61.4820003731,61.8147755164,61.2661497496,61.571937561,28789400
2017-05-12,61.7068426205,61.7068426205,61.1941931357,61.4999809265,18714100
2017-05-15,61.2841297642,61.589924414,60.7714802841,61.5449523926,31530300
2017-05-16,61.7168250267,62.8113186234,61.6535074435,62.7841835022,34956000
2017-05-17,62.3138206833,62.50377344,60.9931918264,61.0384216309,30548800
2017-05-18,60.9660469121,61.6263577839,60.7308643887,61.2464523315,25201300
2017-05-19,61.0564980934,61.5992211407,60.9931805196,61.2283630371,26961100
2017-05-22,61.4092803861,61.9610508803,61.0565099916,61.9158210754,16237600
2017-05-23,62.160038047,62.1871731638,61.8524906202,62.1238555908,15425800
2017-05-24,62.2957513838,62.3047918265,61.9158388566,62.205291748,14593900
2017-05-25,62.3861569673,63.2092852017,62.3318867477,62.9741096497,21854100
2017-05-26,63.1369695221,63.5168751157,62.8836922253,63.2816925049,19827900
2017-05-30,63.1279218312,63.6887397766,63.1098271453,63.6887397766,17072800
2017-05-31,63.7972808436,63.987233641,63.1460101661,63.1731452942,30436400
2017-06-01,63.5349603882,63.8696430556,62.8203721421,63.4083251953,21603600
2017-06-02,63.7158574697,65.0003037759,63.5349451653,64.9098510742,34770300
2017-06-05,65.0998130208,65.9319890353,64.9550831568,65.3802185059,33316800
2017-06-06,65.3983120899,65.6877649119,65.371170065,65.5973052979,31511100
2017-06-07,65.7058486589,65.8234364883,65.0817132463,65.4797134399,22301800
2017-06-08,65.5882737572,65.5973141989,64.6746853604,65.0817260742,24588300
2017-06-09,65.1631225893,65.1993050509,62.0424525676,63.6073112488,49187400
2017-06-12,62.6394679421,63.2636034773,61.626379478,63.1188735962,47761700
2017-06-13,63.3359348256,64.0595701237,63.2816645936,63.9057998657,25258600
2017-06-14,64.1409736099,64.3128316214,62.8022505616,63.5620613098,25510700
2017-06-15,62.6575517481,63.5078224926,62.2324232769,63.2274169922,26068700
2017-06-16,63.073651856,63.3450100364,62.6123339779,63.3178749084,48345100
2017-06-19,63.7701527913,64.1681531164,63.634470235,64.1048355103,23798300
2017-06-20,64.0595787289,64.1048085291,63.2002677354,63.2364501953,21512200
2017-06-21,63.5077910853,63.8786560227,63.2635681736,63.5620613098,19891100
2017-06-22,63.8063098746,63.8515327747,63.0555393424,63.5530395508,22965700
2017-06-23,63.3992727821,64.4485436117,63.2455024747,64.412361145,27617300
2017-06-26,64.5841978026,64.8646031697,63.7158396872,63.7972450256,19607000
2017-06-27,63.4173519021,63.4806694779,62.5761287369,62.603263855,25215100
2017-06-28,62.6032649964,63.1731231892,62.2233595345,63.1369476318,25806200
2017-06-29,62.7570636385,62.8565637189,61.5902047057,61.9520225525,28918700
2017-06-30,62.2143311976,62.7570544377,62.1781487281,62.3500137329,24161100
2017-07-03,62.7118226429,62.956045651,61.5268693638,61.6625518799,16165500
2017-07-05,61.7439752994,62.8113340369,61.7077928286,62.4856987,21176300
2017-07-06,61.7530108559,62.2143286968,61.6173352271,62.0243759155,21117600
2017-07-07,62.1419613045,63.1731374487,62.1419613045,62.8294143677,16878300
2017-07-10,62.8293938997,63.5439818547,62.594211394,63.2997589111,15014500
2017-07-11,63.3178623437,63.9329504253,63.091727121,63.3088150024,17460000
2017-07-12,63.9419976515,64.4756734635,63.8153624791,64.3580856323,17750900
2017-07-13,64.6746841221,65.16313711,64.5028191168,64.9189071655,20269800
2017-07-14,65.3440209286,66.2756967838,65.0907506264,65.8324737549,25868100
2017-07-17,65.85059764,66.4385438591,65.7782326927,66.3480911255,21803900
2017-07-18,66.1128891594,66.384254182,65.7239432087,66.3028488159,26435300
2017-07-19,66.4837595437,66.9722124828,66.438529736,66.8093948364,22416200
2017-07-20,67.0988273106,67.2073746756,66.2847393258,67.1350097656,42361000
2017-07-21,66.4385309752,67.1983489727,66.1852606097,66.7460784912,46717100
2017-07-24,66.5108859094,66.7098859955,66.1490681983,66.5742034912,21394800
2017-07-25,66.755147249,67.2164583193,66.4837821126,67.1079177856,22018700
2017-07-26,67.2435730178,67.279755485,66.7641674034,66.981262207,16252200
2017-07-27,66.718923906,67.3159171789,65.4163830908,66.1762008667,36844200
2017-07-28,65.7329976797,66.3119034105,65.6154098254,66.0676803589,18306700
2017-07-31,66.3028312195,66.4294663562,65.4977906075,65.7601013184,23600100
2017-08-01,66.1219544147,66.4114072967,65.5701837801,65.6515960693,22132300
2017-08-02,65.6244315879,65.6334720263,64.6203908429,65.3621139526,26499200
2017-08-03,65.2988167453,65.5249519945,64.991269218,65.2626342773,18214400
2017-08-04,65.4887645565,66.0676701982,65.3440346955,65.7420349121,22579000
2017-08-07,65.8505873101,65.9410400295,65.3621343438,65.4887695312,18705700
2017-08-08,65.2083622173,66.1490857553,64.900821567,65.841545105,22044600
2017-08-09,65.3531009693,65.588283611,65.1721954918,65.5521011353,22213400
2017-08-10,65.0364924594,65.29881015,64.5389922011,64.5932693481,24734500
2017-08-11,64.7741676095,65.7601137746,64.4756674876,65.579208374,21443700
2017-08-14,66.085779801,66.682780323,65.986279714,66.5651855469,20096600
2017-08-15,66.9198022818,66.9198022818,66.4196584205,66.5833435059,19181400
2017-08-16,66.6924589173,67.3835744583,66.5378693827,66.9743652344,18150400
2017-08-17,66.9107222688,67.1744375478,65.837677002,65.837677002,22977500
2017-08-18,65.7194495612,66.2377845263,65.4102704659,65.9195098877,18761500
2017-08-21,65.9013312746,65.9104268187,65.2011200729,65.6103363037,17734800
2017-08-22,65.7921993349,66.601529238,65.7921993349,66.5287857056,14343700
2017-08-23,66.3469218819,66.5197025465,65.9558967035,66.1286773682,13766500
2017-08-24,66.1468585003,66.2559842211,65.537588836,66.1013946533,17098300
2017-08-25,66.2559568292,66.701541197,65.9104025964,66.219581604,12794300
2017-08-28,66.4378476714,66.4651273647,65.9740790088,66.2286987305,14569700
2017-08-29,65.7012583278,66.528779237,65.5193891076,66.4287490845,11478400
2017-08-30,66.3923899853,67.4836194475,66.2287048722,67.3017501831,16897800
2017-08-31,67.3199418373,68.1656471931,67.1107928537,67.9928665161,27652800
2017-09-01,67.9382947655,67.9655744595,66.9652796998,67.2380905151,21736200
2017-09-05,66.6924724057,67.1926232809,66.3651091231,66.93800354,21556000
2017-09-06,67.0562112667,67.3290220696,66.7015613858,66.7470321655,16535800
2017-09-07,67.001647882,67.8382574519,66.9288974139,67.6018218994,17471200
2017-09-08,67.5927498011,67.6927799848,67.1471582784,67.2744750977,14703800
2017-09-11,67.5745635978,68.1474650434,67.5745635978,67.9837799072,17910400
2017-09-12,67.9837535758,68.4202424779,67.6291037411,67.9110031128,14394900
2017-09-13,68.138362727,68.4111735728,67.7928083351,68.3929824829,13380800
2017-09-14,68.2020224376,68.6476070416,67.7655264413,67.9928665161,15733900
2017-09-15,68.0474357885,68.5566753579,67.3563199887,68.4839248657,38578400
2017-09-18,68.4111738601,69.0840984947,68.2383931945,68.3475189209,23307000
2017-09-19,68.3929864151,68.847666559,68.2111171327,68.602142334,16093300
2017-09-20,68.5202873698,68.7021635664,67.5745519612,68.1474533081,21587900
2017-09-21,68.3020684243,68.4202827929,67.3927079147,67.4836425781,19186100
2017-09-22,67.28356785,67.7564390996,67.1562579608,67.6655044556,14111400
2017-09-25,67.3745071894,67.5200081803,66.3105572104,66.6197433472,24149200
2017-09-26,66.9925774951,67.1198873932,66.3742121595,66.6197433472,18019600
2017-09-27,66.8834385018,67.4472373267,66.5378772217,67.1562423706,19565100
2017-09-28,66.8743707403,67.2653960255,66.6652147766,67.1744613647,10883800
2017-09-29,67.238083982,67.7836986217,67.1835176615,67.7382278442,17079100
2017-10-02,67.9382933275,68.211104137,67.5654592882,67.8473587036,15304800
2017-10-03,67.9019096153,68.092874383,67.4654207,67.5290756226,12190400
2017-10-04,67.3744682589,67.9473694072,67.028914012,67.9200897217,13317700
2017-10-05,68.4020635251,69.2204889511,68.1656279714,69.0840835571,21195300
2017-10-06,68.8112833759,69.1386535968,68.6930690498,69.1113739014,13959800
2017-10-09,69.0841041592,69.6115348064,68.9840739696,69.3750991821,11386500
2017-10-10,69.4114744272,69.6842783587,69.2386937475,69.3750991821,13944500
2017-10-11,69.4387572492,69.5296918971,69.0659161736,69.4933166504,15388900
2017-10-12,69.5569510008,70.2844418444,69.4478322308,70.1298522949,16876500
2017-10-13,70.557227933,70.8118545207,70.2844241388,70.466293335,15335700
2017-10-16,70.4026757345,70.7573257115,70.3390207884,70.611831665,12380100
2017-10-17,70.4481321984,70.584537609,70.2480718546,70.5572509766,16824000
2017-10-18,70.6300217461,70.7937068982,70.3572177844,70.5754623413,13300700
2017-10-19,70.5390349052,70.8664049674,70.338974652,70.8482208252,15092800
2017-10-20,71.2210796366,71.8121650633,71.1301450182,71.6666641235,22866400
2017-10-23,71.8303542416,72.1486288974,71.6212052983,71.6848602295,20627200
2017-10-24,71.7484876503,72.0212914201,71.3483671291,71.7121124268,17517200
2017-10-25,71.4575040013,71.9303681059,70.9391691257,71.5029678345,20410800
2017-10-26,72.0213449599,72.2214053692,71.612135532,71.6212310791,32120700
2017-10-27,76.7227322115,78.3868563138,76.0316164301,76.2134857178,71066700
2017-10-30,76.1134361001,76.6863373921,75.5769169818,76.2862167358,31756700
2017-10-31,76.7136245018,76.7136245018,75.5769242892,75.6405792236,27086600
2017-11-01,76.0952593087,76.1680097874,75.3677683975,75.6405792236,22307400
2017-11-02,75.7951607051,76.8045509412,75.5860117735,76.4317169189,23992900
2017-11-03,76.4589904248,76.8772951921,75.8406253476,76.5135498047,17633500
2017-11-06,76.5681437309,77.0228239358,76.459024922,76.8136749268,19860900
2017-11-07,77.0864703155,77.2046915958,76.3226109864,76.6317901611,17939700
2017-11-08,76.5135629534,76.9409633366,76.2316635252,76.8954925537,18034200
2017-11-09,76.4862849608,76.6317789813,75.3859599803,76.4680938721,21178400
2017-11-10,76.1952549254,76.4771542301,75.6860156812,76.2680053711,19397800
2017-11-13,76.077115143,76.3317350144,75.8952388507,76.3226394653,14196900
2017-11-14,75.9315661036,76.4771807599,75.4587019182,76.4317169189,18801300
2017-11-15,76.2854993473,76.4865644334,75.5726372951,75.837677002,19383100
2017-11-16,75.9473202569,76.2397765716,75.8010955859,76.0387115479,20962800
2017-11-17,75.9656152297,75.9656152297,75.1613550021,75.3075866699,22079000
2017-11-20,75.3075836058,75.4812249884,75.170493166,75.4263916016,16315000
2017-11-21,75.6183329751,76.6236514793,75.6183329751,76.5139846802,21237500
2017-11-22,76.614510562,76.6784851802,75.8925073154,75.9564819336,20553100
2017-11-24,75.8650775293,76.2489251721,75.6548712643,76.0935592651,7425600
2017-11-27,76.1392657153,76.7516021816,76.1301314645,76.6510696411,18265200
2017-11-28,76.8338485018,77.7386343488,76.7881493592,77.5741271973,21926000
2017-11-29,77.4187619902,77.6106858399,76.0204546756,76.1666793823,27381100
2017-11-30,76.3220210462,77.2450819974,76.1666482072,76.9252090454,33054600
2017-12-01,76.4042893203,77.5101400597,76.0569996,77.007484436,29532100
2017-12-04,77.1537009089,77.1628421295,73.7538920036,74.1011886597,39094900
2017-12-05,74.3388323564,75.563498385,74.0098249914,74.5673141479,26152300
2017-12-06,74.5307503923,75.9838909901,74.4210766411,75.654876709,26162100
2017-12-07,75.4355535812,75.6731766108,74.9420320457,75.3898544312,23184500
2017-12-08,76.4317275447,77.2999625492,76.1575535744,76.9161148071,24489100
2017-12-11,77.0349338072,78.0219769756,76.8795678379,77.89402771,22857900
2017-12-12,77.9671334366,78.6434446391,77.7569340685,78.2138977051,23924100
2017-12-13,78.3601083829,78.5977313836,77.8391702096,78.0036773682,22062700
2017-12-14,78.0767939217,78.4789240846,77.2542581214,77.4004898071,19306000
2017-12-15,77.9214319109,79.5939133208,77.5741351262,79.3745727539,53936700
2017-12-18,79.6213490657,79.9686389303,78.8079543247,78.9450378418,22283800
2017-12-19,78.9175989196,78.9175989196,77.9305560378,78.4423599243,23524800
2017-12-20,78.7805053739,78.871903653,77.4187560831,78.159034729,23674900
2017-12-21,78.6434173143,78.6891094785,78.0493633987,78.1407546997,17990700
2017-12-22,78.0493926713,78.2595920452,77.6107045001,78.1499252319,14145800
2017-12-26,77.9670975107,78.1681625338,77.7111991078,78.0493545532,9891200
2017-12-27,78.2778692338,78.5794668954,77.884880243,78.3327026367,14678000
2017-12-28,78.5063192487,78.5337359391,78.1864462399,78.3418121338,10594300
2017-12-29,78.2595724771,78.6434271457,78.1407644682,78.1773223877,18717400
2018-01-02,78.7165549205,78.8810621115,78.1407832384,78.5520477295,22483800
2018-01-03,78.6525552434,79.0638265763,78.5703051605,78.9175949097,26061400
2018-01-04,79.1369594175,80.1148682958,79.11868394,79.6122055054,21912000
2018-01-05,80.1148476896,80.8002929697,79.9046414024,80.5992279053,23407100
2018-01-08,80.6083645689,80.9556613171,80.0600097229,80.6814804077,22113000
2018-01-09,81.0196675381,81.0927834054,80.2976640363,80.6266784668,19484300
2018-01-10,80.2976434346,80.5992410806,79.8863789883,80.2610855103,18652200
2018-01-11,80.5443722745,80.5443722745,79.7309779207,80.4986801147,17808900
2018-01-12,81.0379182649,82.0523779536,80.8368531774,81.8878707886,24271500
2018-01-16,82.3448018651,82.9754135775,80.4346982329,80.7454299927,36599700
2018-01-17,81.4126177974,82.5093273944,81.1110202178,82.3813781738,25621200
2018-01-18,82.0706670215,82.8657792391,81.9427177687,82.3448410034,24159700
2018-01-19,82.3813748135,82.8109215961,81.9426937817,82.2534255981,36875000
2018-01-22,82.2534454699,83.7340099985,82.0158224528,83.7248687744,23601600
2018-01-23,83.9898986816,84.3554709022,83.6608843804,83.9898986816,23412800
2018-01-24,84.583948356,85.3882016221,83.6974380324,83.9167785645,33277500
2018-01-25,84.5108380271,85.2145588092,84.0173165682,84.3828887939,26383200
2018-01-26,85.1048797812,85.9639663696,84.6113583933,85.9639663696,29172200
2018-01-29,86.9510134693,87.2343286056,85.653238814,85.8360214233,31569900
2018-01-30,85.2694181548,85.598432534,84.1727012334,84.7576141357,38635100
2018-01-31,85.6806642753,87.188645361,85.4613237271,86.8322143555,48756300
2018-02-01,86.6311392167,87.8009646347,85.5252884083,86.1467590332,47227900
2018-02-02,85.5801310588,85.8817286681,83.6243276689,83.8802261353,47867800
2018-02-05,82.7651947181,85.2145184049,80.4255447388,80.4255447388,51031500
2018-02-06,79.4111178138,83.6060464405,77.9122780663,83.4689559937,67998600
2018-02-07,82.701271873,83.8710975945,81.5223049269,81.8970184326,41107600
2018-02-08,81.9884021159,82.1437680548,77.4644656049,77.6929473877,55628700
2018-02-09,78.871922473,81.2755485696,76.6145211068,80.5901031494,63499100
2018-02-12,81.1018820074,82.0523669473,80.3616033506,81.4583129883,35720300
2018-02-13,81.2755400541,82.2534418055,80.2428049061,82.0980758667,26407700
2018-02-14,81.271658277,83.5488400693,81.1798376734,83.3835601807,34960900
2018-02-15,83.7508595905,85.1373739876,83.2091130611,85.08228302,27823900
2018-02-16,84.8894612735,85.8535953605,84.2926237016,84.4762649536,30596900
2018-02-20,83.9987763067,85.4495587142,83.5672117467,85.1373672485,30911700
2018-02-21,85.376125999,85.7250471886,84.0079727173,84.0079727173,26922500
2018-02-22,84.5221550141,85.1465449033,83.8885809633,84.2283248901,24392800
2018-02-23,85.9453945844,86.3769591253,84.8068036932,86.3677749634,26329200
2018-02-26,86.6799955483,87.6441226359,86.5422611057,87.6165771484,30199800
2018-02-27,87.9104055583,88.002226183,86.49634552,86.49634552,25869100
2018-02-28,87.0840121904,87.8828663944,85.9729664387,86.1015167236,31167300
2018-03-01,86.303514855,86.8360842536,84.3293400189,85.2567443848,37135600
2018-03-02,84.0906142483,85.5322197961,83.4294945311,85.4403991699,32830400
2018-03-05,84.7884806105,86.5606465185,84.7150282921,85.982170105,23901600
2018-03-06,86.6248979495,86.7626323927,85.3393951604,85.6883163452,22175800
2018-03-07,85.5414144868,86.2576252668,84.8711105229,86.1841659546,26716100
2018-03-08,86.5606238101,87.3227483335,86.1015136643,86.7075424194,25887800
2018-03-09,87.4971910415,88.6449661255,87.2309063814,88.6449661255,36937300
2018-03-12,88.6082618769,89.2601974708,88.1858813656,88.8561782837,26073700
2018-03-13,89.0673655874,89.2877364892,86.285159309,86.6891784668,35387800
2018-03-14,87.3410930238,87.607377677,85.853574032,86.174949646,32132000
2018-03-15,85.8811370166,86.8452710606,85.2383856576,86.4779815674,27611000
2018-03-16,86.9370685942,87.5798197825,86.239219443,86.863609314,49081300
2018-03-19,86.073958045,86.220876637,84.5772616677,85.29347229,33344100
2018-03-20,85.4403798113,86.1014923732,85.3944660059,85.5138320923,23075200
2018-03-21,85.3301884024,86.3585973668,84.6690688542,84.9169921875,24457100
2018-03-22,83.8059684231,84.2467172744,82.3276401018,82.4470062256,38604700
2018-03-23,82.1807163597,83.0622070018,79.9586249283,80.0504455566,44068900
2018-03-26,83.1999162271,86.3126815215,83.0070908643,86.1106719971,56396800
2018-03-27,87.1758255683,87.3594668009,81.2716695688,82.1531600952,56569000
2018-03-28,82.4745392565,83.7692331195,81.6022328563,82.0797042847,52501100
2018-03-29,82.8050973312,84.7425424999,81.1706665076,83.8059539795,45867500
2018-04-02,83.0713947558,83.44786145,80.3534634073,81.2808609009,48515400
2018-04-03,82.2541690495,82.6857336741,80.7023746348,82.3735351562,37213800
2018-04-04,80.6656370891,85.1741012939,80.5554551569,84.7792663574,35560000
2018-04-05,84.8803009328,85.4587772963,83.9253508208,84.8252029419,29771900
2018-04-06,84.0079424042,84.8986168886,82.1623253236,82.8509902954,38026000
2018-04-09,83.5947785724,85.5505853274,83.2091277203,83.3468551636,31533900
2018-04-10,84.8343378118,85.6515529798,84.1456728721,85.2842636108,26812000
2018-04-11,84.4854440893,85.6607648457,83.9987884954,84.3477096558,24872100
2018-04-12,84.8710780304,86.4596017718,84.8710780304,85.9270324707,26758900
2018-04-13,86.3586160343,86.4779821431,84.8802808933,85.4679412842,23346100
2018-04-16,86.3769599136,86.9187133865,85.7801154794,86.4687805176,20288100
2018-04-17,87.230936778,88.6449970148,87.1207478096,88.213432312,26771000
2018-04-18,88.3511596607,88.8102698173,87.7084012382,88.5531692505,21043300
2018-04-19,88.5531669647,89.1316432252,87.5431190419,88.2501525879,23552500
2018-04-20,88.0665026278,88.2501438654,86.3586124976,87.2309188843,31154400
2018-04-23,87.9104048368,88.4154287769,86.8911797982,87.5522994995,22331800
2018-04-24,88.369511785,88.5807055175,84.8527336756,85.5046691895,34524800
2018-04-25,85.6699454251,85.6699454251,82.896916564,84.7609024048,33729300
2018-04-26,85.8994943094,87.3686450881,85.4862910556,86.5514297485,42529000
2018-04-27,89.6183025213,89.8937714216,86.2300742781,87.98387146,48272800
2018-04-30,88.4521674317,88.5164425756,85.5322264571,85.871963501,41523600
2018-05-01,85.5873038878,87.4972035826,85.2016530856,87.2309188843,31408900
2018-05-02,87.2217242593,87.3870041555,85.568932303,85.8627624512,27471000
2018-05-03,85.3577660849,87.1666613629,84.8894717274,86.376991272,31142500
2018-05-04,85.6883242772,87.5706788298,85.3210347297,87.3778533936,22531300
2018-05-07,87.3870164814,88.8010764581,87.3227413464,88.3511505127,24242000
2018-05-08,88.0114076894,88.2960607246,87.2860128667,87.9746780396,23484600
2018-05-09,88.1583305599,89.0398211832,87.2768399366,89.0122756958,27327400
2018-05-10,89.4897431636,89.9396691167,89.1132765105,89.9029464722,22388100
2018-05-11,89.801956427,89.8662315737,89.1041069731,89.7101287842,16778300
2018-05-14,89.9120949165,90.6191281939,89.3519801922,90.0130996704,19454100
2018-05-15,89.2877010051,89.8478157039,88.461301695,89.3611602783,24594000
2018-05-16,89.7854122969,89.8223011493,89.1029861169,89.5917510986,17384700
2018-05-17,89.2320823285,89.9513972702,88.3744359668,88.6972045898,17246700
2018-05-18,88.5404439199,89.3888664225,88.5404439199,88.8632125854,17865800
2018-05-21,89.4534104684,90.3848345474,89.2689732611,90.006729126,19422500
2018-05-22,90.0805165825,90.5323927143,89.637857387,89.9145202637,15441200
2018-05-23,89.1859662352,91.0488142813,88.8263087775,90.9842605591,21251200
2018-05-24,91.048805467,91.242466615,89.2781761904,90.6614761353,26649300
2018-05-25,90.6522660747,91.2793623787,90.2464958086,90.7075958252,18363900
2018-05-29,90.2280625406,91.1871515753,89.6655269018,90.3848419189,28671000
2018-05-30,90.6614786661,91.5283489072,90.2926042992,91.2516860962,22158500
2018-05-31,91.565255221,92.2107925221,90.9381588274,91.1502609253,34140900
2018-06-01,91.5560382958,93.0131163572,91.454595707,92.9485626221,28655600
2018-06-04,93.3819724655,93.9352910494,93.0038670944,93.7600708008,27281600
2018-06-05,94.064403765,94.3687314657,93.6309686219,94.2396240234,23514400
2018-06-06,94.5070718219,94.6177313339,93.9721940613,94.5162887573,21122900
2018-06-07,94.6638690233,94.7007578822,92.5704702513,93.0315704346,28232200
2018-06-08,93.2252241935,94.018317008,92.7180182542,93.7232131958,22165100
2018-06-11,93.1514351259,93.6863058427,92.8378834297,93.1883239746,23490900
2018-06-12,93.2344089327,93.5571774921,92.9116403733,93.4280700684,18325200
2018-06-13,93.8062154125,94.0736543432,92.73645969,93.0038986206,29492900
2018-06-14,93.7416425071,94.0920760157,93.142211029,93.5295333862,25691800
2018-06-15,93.6125455819,93.6309864904,92.2845750238,92.3399047852,65738600
2018-06-18,92.2292461479,93.2436649846,91.6851443584,93.0131149292,23586000
2018-06-19,91.8972535052,93.1422223974,91.7589220647,93.0131149292,28653100
2018-06-20,93.4834266226,94.5439511084,93.2528765977,93.9445266724,26180800
2018-06-21,94.1382099652,94.4886435524,93.0315653643,93.2713394165,23198200
2018-06-22,92.5981216431,92.9301072284,91.8787996066,92.5981216431,38923100
2018-06-25,92.2199948605,92.3214374177,89.7300578136,90.7352523804,35433300
2018-06-26,91.1318232686,92.2937974879,91.0672695362,91.37159729,26897200
2018-06-27,91.8326820613,92.2384452963,89.8222856842,89.9513931274,31298400
2018-06-28,89.8038537436,91.3992631996,89.6931942216,90.9566040039,26650700
2018-06-29,91.2332445822,92.1370036611,90.6799259997,90.9381408691,28053200
2018-07-02,90.4678347262,92.2753462042,90.3756161169,92.2292404175,19564500
2018-07-03,92.6626951589,92.8010195841,91.2425057619,91.3439483643,14670300
2018-07-05,91.7588985192,92.1462208243,91.3254634005,91.9986724854,18977400
2018-07-06,92.1185738845,93.5387629824,91.9156887226,93.2897720337,19234600
2018-07-09,93.7416720483,94.2949908811,93.3727904812,93.926109314,18212000
2018-07-10,94.0644204182,94.5347444903,93.935312953,94.1750869751,19293100
2018-07-11,93.2805393483,94.3779526574,93.23442653,94.0459671021,19644600
2018-07-12,94.7745006692,96.286915298,94.7376188569,96.0840301514,24335900
2018-07-13,96.2500320446,97.3843342874,95.9918100929,97.2275619507,24635200
2018-07-16,97.1999001037,97.5872224896,96.3883594447,96.7480239868,21786900
2018-07-17,96.4713626637,98.214320464,96.2039237636,97.7071075439,25901700
2018-07-18,97.6978693611,97.799311923,96.5727842456,96.9416656494,29493900
2018-07-19,96.7664596439,97.1168931594,95.8073706672,96.2776947021,40171600
2018-07-20,99.671376399,99.7820358946,97.8269764229,98.0021896362,56004000
2018-07-23,98.0298888278,99.7267339009,97.8731094389,99.5699615479,29707000
2018-07-24,100.123271365,100.353821406,98.9151914038,99.284072876,26316600
2018-07-25,99.5607263018,102.502547001,99.2287336884,102.207443237,30702100
2018-07-26,102.12444292,102.36421693,100.980916701,101.091583252,31372100
2018-07-27,101.608005707,101.608005707,97.8823165171,99.3025054932,37005300
2018-07-30,98.8506298334,99.1641744866,96.6096833348,97.1722259521,34668300
2018-07-31,98.2050712845,98.41718037,97.1814287711,97.8269729614,27655200
2018-08-01,97.7808788002,98.1682011667,97.2183361572,98.011428833,23628700
2018-08-02,97.1998850477,99.6805983563,96.683448244,99.2010574341,26104300
2018-08-03,99.4131649321,99.643714937,98.5094058171,99.6344909668,18659600
2018-08-06,99.708274215,99.9849300148,99.1918373908,99.7174911499,20265900
2018-08-07,100.114030191,100.612019038,99.7543727525,100.409133911,16080200
2018-08-08,100.824146577,101.211468961,100.29849276,100.971694946,15487500
2018-08-09,101.174584165,101.589578481,101.073141579,101.137695312,13677200
2018-08-10,100.907135901,101.156133875,99.9480469277,100.519813538,18183700
2018-08-13,100.741147733,101.054699459,99.6898400691,99.7912826538,18472500
2018-08-14,100.114054653,101.211475178,99.6345136299,101.036254883,16788300
2018-08-15,100.434511662,100.897386184,98.8885124561,99.6661453247,29982800
2018-08-16,100.258634233,100.777051489,99.3328850976,99.6476364136,21384300
2018-08-17,99.3884208662,99.8883262123,98.7681706835,99.592086792,18061500
2018-08-20,99.5272703203,99.8883118412,98.5737500441,98.9347915649,17914200
2018-08-21,98.9810849083,99.379157275,97.9905337256,98.1108856201,22881900
2018-08-22,97.9905317956,99.3698958499,97.9257296471,99.1106872559,18000600
2018-08-23,99.1940167958,100.147537232,98.9348081796,99.5735702515,18167700
2018-08-24,99.6753888113,100.499304821,99.5735558607,100.35118866,17234000
2018-08-27,101.156575459,101.499105082,100.453011406,101.46207428,19662300
2018-08-28,101.776865408,102.29528268,101.638001621,102.073104858,19151500
2018-08-29,102.248982078,103.711667305,102.082346962,103.702407837,20818000
2018-08-30,103.378395155,104.248601526,103.165476828,103.63760376,22798700
2018-08-31,103.396908714,104.40597174,103.239526015,103.989387512,23222700
2018-09-04,102.619268252,103.646850137,102.036048964,103.415412903,22634600
2018-09-05,102.767400765,103.14695419,100.073467724,100.434509277,32872400
2018-09-06,100.212324321,100.89737657,99.5272720723,100.665939331,23477600
2018-09-07,100.193811903,100.647426911,99.2680629535,100.175292969,22498600
2018-09-10,100.758517545,101.499119569,100.314161981,101.258422852,20727900
2018-09-11,100.814066905,103.304326898,100.804807438,102.980316162,24301800
2018-09-12,103.156204331,103.545017189,102.304517004,103.415412903,18891100
2018-09-13,103.794986441,105.285442982,103.794986441,104.526329041,26055600
2018-09-14,104.942927115,105.285456853,104.091239569,104.952186584,19122300
2018-09-17,105.248397855,105.257650259,103.554275622,103.813484192,20736500
2018-09-18,103.85979329,105.257669339,103.424690085,104.80405426,22170900
2018-09-19,104.655948388,104.905897561,102.795190545,103.406181335,21728400
2018-09-20,103.943096783,105.350239221,103.619086045,105.137313843,23714500
2018-09-21,105.535372953,106.729589863,105.081757977,105.776069641,71229700
2018-09-24,104.637411803,106.368565033,103.887557349,106.155639648,27334500
2018-09-25,106.276013728,106.553734258,105.303974218,105.95199585,22668000
2018-09-26,105.970491262,106.516679793,105.294691371,105.516876221,19352000
2018-09-27,106.257462469,106.377814352,105.720526387,105.91493988,19091300
2018-09-28,105.711286946,106.063069044,105.239152949,105.877922058,21647800
2018-10-01,106.229680922,107.090627638,106.211169052,107.0258255,18883100
2018-10-02,106.738854597,107.238752805,105.942709951,106.599990845,20787200
2018-10-03,106.849944628,107.553515824,106.39632961,106.618507385,16648000
2018-10-04,106.100077178,106.238940919,103.341342473,104.415214539,34821700
2018-10-05,104.267096559,104.767001815,102.424858217,103.804222107,29068900
2018-10-08,103.369147152,103.711669796,101.221402475,102.619285583,29640600
2018-10-09,102.887734472,104.683689638,102.572983229,103.924575806,26198600
2018-10-10,102.98029489,103.220991557,97.9349667381,98.2774963379,61376300
2018-10-11,97.5276421138,100.841824766,96.4630295,98.0460662842,63904300
2018-10-12,100.915893768,102.980309945,99.1662288388,101.434310913,47742100
2018-10-15,100.823331753,101.351008426,99.0088574121,99.6105957031,32068100
2018-10-16,101.406547851,103.13770105,100.86035226,102.758140564,31610200
2018-10-17,103.387662842,103.508007686,101.415819743,102.489685059,26548200
2018-10-18,101.924976163,102.323048565,99.8235287797,100.443778992,32506200
2018-10-19,100.841845195,102.62854116,100.175304743,100.591896057,32785500
2018-10-22,101.202865389,102.332280131,100.203054922,101.489845276,26545600
2018-10-23,99.7679721872,100.878875287,97.3054833826,100.073471069,43770400
2018-10-24,100.360448204,100.434502753,94.0468335129,94.7226333618,63897800
2018-10-25,98.6385529324,101.15658413,98.2682519417,100.258613586,61646800
2018-10-26,97.8424065216,100.675195983,96.9814597355,99.0181045532,55523100
2018-10-29,100.082707216,100.628895639,94.0838516519,96.1390151978,55162000
2018-10-30,95.9631214522,96.6296546377,92.6767104742,96.027923584,65350900
2018-10-31,97.6109553537,100.110474279,97.5646650888,98.8792266846,51062400
2018-11-01,99.1014446381,99.3513937891,97.6943020416,98.0553436279,33384200
2018-11-02,98.5737356724,99.3513612769,97.1851124676,98.2774963379,37680200
2018-11-05,98.4719218104,99.7401933962,98.0368186586,99.5272750854,27922100
2018-11-06,99.4069137612,100.7585063,98.3885913897,99.7216720581,24340200
2018-11-07,101.313988735,103.906082105,101.276957922,103.646873474,37901700
2018-11-08,103.498736257,103.878289657,102.67482025,103.452445984,25644100
2018-11-09,102.619268424,103.174716375,100.684456533,101.434310913,32039200
2018-11-12,101.29544712,101.795352394,98.2219609273,98.9347915649,33621800
2018-11-13,99.5643030704,100.665939526,98.7218681301,98.9995956421,35374600
2018-11-14,100.505805577,100.654568734,97.1308212727,97.5956954956,39495100
2018-11-15,97.6142909614,100.226889015,96.6101679937,99.7434158325,38505200
2018-11-16,99.5574546922,101.230997461,99.29712629,100.682449341,33502100
2018-11-19,100.663862769,100.933490673,96.2754559904,97.2702865601,44773900
2018-11-20,94.6483782999,95.7361820915,92.3704907444,94.5646972656,64052500
2018-11-21,96.3219306154,97.0936234722,95.0574722529,95.866355896,28130600
2018-11-23,94.9923649717,96.5171513412,94.8343094917,95.8291397095,13823100
2018-11-26,97.4283406235,99.1390743613,97.2330943008,98.9903182983,32336200
2018-11-27,98.8043594406,99.7898975691,97.9582920844,99.613243103,29124500
2018-11-28,100.310553966,103.508890721,100.282662649,103.313644409,46788500
2018-11-29,102.579138813,103.313640873,101.370463101,102.448974609,28123200
2018-11-30,102.923115178,103.174151145,101.677256088,103.099769592,33665600
2018-12-03,105.061558986,105.452051573,102.951033444,104.215484619,34732800
2018-12-04,104.076022832,104.726843779,100.60805869,100.896278381,45197000
2018-12-06,98.3859641419,101.565701603,97.6235708249,101.519218445,49107400
2018-12-07,100.766124416,101.760954875,96.9727565095,97.4562225342,45044900
2018-12-10,97.4376321272,100.394232231,96.5915577047,100.03162384,40801500
2018-12-11,102.086366434,103.155571307,99.8921598731,100.961364746,42381900
2018-12-12,103.099773055,103.453074802,101.379740375,101.416931152,36183000
2018-12-13,101.881819999,103.081196153,100.998554862,101.760948181,31333400
2018-12-14,100.645257345,101.58430515,98.0884494218,98.5812149048,47043100
2018-12-17,98.0047973897,98.3673987542,94.5647235222,95.6618270874,56957300
2018-12-18,96.4613935544,97.1680043029,95.3177999362,96.6659393311,49319200
2018-12-19,96.3684030926,99.3714858294,94.2299793787,96.4055938721,68198200
2018-12-20,95.8105591766,96.9820368543,91.8405302109,94.3787460327,70334200
2018-12-21,94.4903479488,95.7641060883,90.6132979776,91.329208374,111242100
2018-12-24,90.8178135629,91.0874414191,87.3777477154,87.5172042847,43935200
2018-12-26,88.4562567152,93.6163628521,87.3591533876,93.4954910278,51634800
2018-12-27,92.3240282063,94.0812522909,89.6277561576,94.0719528198,49498500
2018-12-28,94.9179866437,95.2155128659,92.5285341464,93.3374176025,38196300
2018-12-31,94.174203783,95.2062249375,93.3839191667,94.4345321655,33173800
2019-01-02,92.5564543798,94.6018979854,91.9893072986,94.0161590576,35329300
2019-01-03,93.0678051061,93.1514861432,90.3715335684,90.5574874878,42579100
2019-01-04,92.7144985099,95.3084970314,91.9799965263,94.769241333,44060600
2019-01-07,94.499621228,96.0151084769,93.8859910089,94.8901138306,35656100
2019-01-08,95.8012549515,96.6659210573,94.5646881486,95.5781173706,31514400
2019-01-09,96.5636388134,97.51197876,95.9871924343,96.9448318481,32280800
2019-01-10,95.9686205025,96.4613859657,95.1876282432,96.3219223022,30067600
2019-01-11,95.9407185995,96.1731556485,94.4996060586,95.5781173706,28314200
2019-01-14,94.7413651761,95.6432222761,94.1463267563,94.8808288574,28437100
2019-01-15,95.3084878285,97.6700490547,94.7227419359,97.6328582764,31587600
2019-01-16,97.865302426,98.7950506726,97.5863751146,97.9768676758,29853900
2019-01-17,97.6235507871,99.139037641,97.4004132286,98.6648712158,28393000
2019-01-18,99.9107590134,100.319850566,98.4696532956,100.143196106,37427600
2019-01-22,99.2506287139,99.5760391927,97.4934050353,98.2557983398,32371300
2019-01-23,98.6649146125,99.5202815409,97.939704815,99.2134628296,25874300
2019-01-24,99.3529257478,99.483089971,97.9397040488,98.7392883301,23164800
2019-01-25,99.7062106405,100.301249014,98.7392715095,99.64112854,31225600
2019-01-28,98.7950478242,98.9995935675,97.3074520912,97.6979446411,29476700
2019-01-29,97.5120047108,97.5956857512,94.9923875254,95.7082977295,31490500
2019-01-30,97.270249393,98.9066009521,97.0006215911,98.9066009521,49471900
2019-01-31,96.5078813945,97.8281223467,95.9314348649,97.0936203003,55636400
2019-02-01,96.4893113095,96.7868305862,95.15977049,95.5595626831,35535700
2019-02-04,95.6432039361,98.3673665611,95.5502234374,98.3115768433,31315100
2019-02-05,98.6091180955,99.734112866,98.5161446694,99.6876296997,27325400
2019-02-06,99.4830719254,99.4830719254,98.1163407369,98.5812149048,20609800
2019-02-07,97.8002211727,98.1721147998,96.9634463249,97.8745956421,29760700
2019-02-08,97.0564289928,98.3487786225,96.9355642618,98.2465057373,21461100
2019-02-11,98.7392685015,99.092577402,97.595682043,97.856010437,18914100
2019-02-12,98.6834795171,99.6132277749,98.0698493555,99.3807907104,25056600
2019-02-13,99.9479249704,100.208253314,99.2134230891,99.3063964844,18394900
2019-02-14,98.8415509521,99.7527075127,98.2372201618,99.3901062012,21784700
2019-02-15,100.329150878,100.691752178,99.8177864329,100.617370605,26606900
2019-02-19,100.217590462,101.026474201,100.208290991,100.570892334,18038500
2019-02-20,100.710928504,100.785627732,99.2449900089,100.047988892,21607700
2019-02-21,99.8145514418,102.223547904,99.7865410147,102.158187866,29063200
2019-02-22,102.755787288,103.829558527,102.541028765,103.614807129,27763200
2019-02-25,104.352440346,104.744600627,103.885580833,104.193702698,23750600
2019-02-26,103.885569302,105.734328779,103.801530894,104.912658691,21536700
2019-02-27,104.287078873,104.912668902,103.530761628,104.73526001,21487100
2019-02-28,104.613900039,105.398220747,104.324449366,104.604560852,29083900
2019-03-01,105.407535277,105.52891618,104.26839698,105.071395874,23501200
2019-03-04,105.528896064,105.743654523,103.456046304,104.819274902,26608000
2019-03-05,104.809957907,104.940677997,103.85756766,104.296409607,19538300
2019-03-06,104.455135074,105.192773854,104.044296482,104.343086243,17687000
2019-03-07,104.016315792,104.156375091,102.587726618,103.073257446,25339000
2019-03-08,101.924768265,103.372028424,101.588628859,103.185287476,22818400
2019-03-11,103.633470055,105.463558445,103.624137994,105.351516724,26491600
2019-03-12,105.342156316,106.434605618,105.183425827,106.089134216,26132700
2019-03-13,106.565333826,107.377671821,106.238533641,106.910812378,35513800
2019-03-14,106.948183738,107.564434623,106.752103587,106.994865417,30763400
2019-03-15,107.695144554,109.478551239,106.994855314,108.227371216,54681100
2019-03-18,108.470150788,109.814708629,108.35810905,109.777359009,31207600
2019-03-19,110.262859357,110.589666665,109.235770012,109.852027893,37588700
2019-03-20,109.609286194,110.879144759,108.974356912,109.730667114,28113300
2019-03-21,109.375845073,112.81193134,109.329156273,112.251701355,29854400
2019-03-22,111.579394358,111.663425629,109.282447011,109.291786194,33624500
2019-03-25,108.834262252,110.188158801,108.610171732,109.861358643,27067100
2019-03-26,110.757742444,110.841773729,109.105055943,110.094802856,26097700
2019-03-27,110.066809059,110.374938083,107.86323133,109.030380249,22733400
2019-03-28,109.655962482,109.786682573,108.432785739,109.179763794,18334800
2019-03-29,110.244206533,110.477636292,109.207777831,110.122825623,25399800
2019-04-01,111.06588842,111.215286901,110.272228578,111.131248474,22789100
2019-04-02,111.168582368,111.560749764,110.664373251,111.289970398,18142300
2019-04-03,111.915547493,112.447766979,111.252607931,112.018257141,22860700
2019-04-04,112.13965769,112.261045727,110.533659767,111.448707581,20112800
2019-04-05,111.476698292,112.261025868,111.458027048,111.943557739,15826200
2019-04-08,111.868885284,112.064965444,110.776435626,111.980934143,15116200
2019-04-09,110.767081778,111.616769483,110.720400103,111.374000549,17612000
2019-04-10,111.822179171,112.373069911,111.61675987,112.223678589,16477200
2019-04-11,112.550488398,112.839939007,111.971580057,112.354408264,14209100
2019-04-12,112.643868459,112.961336648,112.391767443,112.933319092,19745100
2019-04-15,112.923962717,113.521542226,112.57848417,113.026672363,15792600
2019-04-16,113.577581647,113.586920832,112.139653493,112.76524353,14071800
2019-04-17,113.204089421,113.77365858,112.550488971,113.698959351,19300900
2019-04-18,114.091120597,115.332961384,113.260111302,115.192909241,27991000
2019-04-22,114.492636318,115.781166085,114.445947514,115.5570755,15648700
2019-04-23,115.874522413,117.256429619,115.622421426,117.125709534,24025500
2019-04-24,117.452519994,117.508540857,116.266692813,116.724220276,31257000
2019-04-25,121.439485647,122.662655204,120.291015315,120.589797974,38033900
2019-04-26,121.103352827,121.869009255,120.468430739,121.280761719,23654900
2019-04-29,121.290067299,121.551507425,120.776533353,121.168693542,16324200
2019-04-30,121.206064319,122.037073681,120.813904038,121.943710327,24166500
2019-05-01,121.878309714,121.990351407,119.235883889,119.403953552,26821700
2019-05-02,119.497367499,119.516038745,117.20041236,117.844680786,27350200
2019-05-03,118.918470695,120.851261913,118.815761019,120.356391907,24911100
2019-05-06,118.012749394,120.03891801,117.751309202,119.656089783,24239800
2019-05-07,118.078107099,118.750385937,115.986578477,117.200408936,36017700
2019-05-08,117.125718138,117.994077127,116.481449724,117.191078186,28419000
2019-05-09,116.051925509,117.45250389,115.379646746,117.181724548,27235800
2019-05-10,116.630854447,119.450682952,115.613096939,118.703704834,30915100
2019-05-13,115.883876241,117.228434003,114.884797105,115.174247742,33944900
2019-05-14,115.659769682,117.536539655,115.501032046,116.462768555,25266300
2019-05-15,116.453398065,118.749474558,115.928575065,118.10282135,24722700
2019-05-16,118.786989089,121.251765115,118.515207348,120.830024719,30112200
2019-05-17,120.248960772,122.263896252,119.883462976,120.024047852,25770500
2019-05-20,118.571393303,119.574170397,117.859145358,118.290245056,23706900
2019-05-21,119.42423773,119.517953821,118.627640228,118.927536011,15293300
2019-05-22,118.665155271,120.183382039,118.571432008,119.649185181,15396500
2019-05-23,118.27152509,118.355874588,116.903249951,118.252784729,23603800
2019-05-24,118.936910941,119.414865157,118.055963944,118.308998108,14123400
2019-05-28,119.002522767,119.958438427,118.130949452,118.234039307,23128400
2019-05-29,117.503027593,117.512401347,116.247216218,117.090675354,22763100
2019-05-30,117.390581148,117.859168803,116.940733854,117.831054688,16829600
2019-05-31,116.425285066,116.790782843,115.572452152,115.909835815,26646800
2019-06-03,116.069147883,116.556482994,111.533223316,112.311073303,37983600
2019-06-04,113.660606665,115.534957058,113.070188866,115.42250061,29382600
2019-06-05,117.100062875,117.962269673,116.406555084,117.924781799,24926100
2019-06-06,118.496464872,119.93034215,117.709233784,119.789764404,21459000
2019-06-07,121.073664388,123.941418165,120.20208403,123.144813538,33885600
2019-06-10,124.082000831,125.656462731,123.707136441,124.269447327,26477100
2019-06-11,125.469051559,125.806435287,123.032389713,123.800880432,23913700
2019-06-12,123.144822741,123.679019501,122.498183828,123.229179382,17092500
2019-06-13,123.688391463,124.644314268,123.294779555,124.007041931,17200800
2019-06-14,123.950787268,125.384664185,123.369743217,124.128852844,17821700
2019-06-17,124.297573937,125.328458264,124.20385068,124.503753662,14517800
2019-06-18,125.759563636,126.743600623,125.17851949,126.668624878,25934500
2019-06-19,126.518660501,127.390226632,125.40341965,127.165313721,23744400
2019-06-20,128.814702619,129.011515663,127.193393851,128.346115112,33042600
2019-06-21,127.999400896,129.077146743,127.886944439,128.364898682,36727900
2019-06-24,128.392997436,129.705036945,128.392997436,129.12399292,20628800
2019-06-25,128.627311161,128.945947334,124.39127476,125.047294617,33327400
2019-06-26,125.90951062,127.21218375,125.206629126,125.515884399,23657700
2019-06-27,125.712671666,126.246868355,125.122246756,125.722038269,16557500
2019-06-28,126.115645518,126.143759623,124.794225347,125.543968201,30043000
2019-07-01,128.0462498,128.111844627,126.490535564,127.155921936,22613500
2019-07-02,127.568320786,128.008794402,126.837325061,127.999427795,15237800
2019-07-03,128.205572862,129.086519856,127.727604348,128.824111938,13629300
2019-07-05,127.399602333,128.702275324,127.19342264,128.449234009,18141100
2019-07-08,127.830730021,128.486764298,126.865440418,128.355560303,16779700
2019-07-09,127.455840702,128.364901886,127.268408502,127.886947632,19953100
2019-07-10,128.514823253,129.873724258,128.411733422,129.189590454,24204400
2019-07-11,129.517645893,130.473568867,129.208376275,129.705078125,22327900
2019-07-12,130.126812947,130.389220921,129.339574725,130.173660278,18936800
2019-07-15,130.679743014,130.773451976,129.761315105,130.173660278,16651500
2019-07-16,130.229865667,130.314207999,127.943156004,128.467971802,22726100
2019-07-17,129.049046749,129.264593082,127.662031193,127.708892822,20211000
2019-07-18,127.034096084,128.036866071,126.209377365,127.849433899,30381800
2019-07-19,131.410701516,131.832427476,127.877547174,128.036865234,48992400
2019-07-22,128.777261048,130.445431934,128.702285309,129.733169556,25074900
2019-07-23,130.979627631,131.195188267,129.358318207,130.539154053,18034600
2019-07-24,130.17362209,131.898035227,130.126774772,131.87928772,20738300
2019-07-25,131.607511782,131.776210761,130.567260996,131.382598877,18356900
2019-07-26,131.55132676,132.779024437,131.485731908,132.460388184,19037600
2019-07-29,132.610319163,132.619685769,130.614130984,132.169845581,16605900
2019-07-30,131.335749146,132.347900211,131.017112968,131.532562256,16846500
2019-07-31,131.513822571,131.663774063,126.593651834,127.708892822,38598800
2019-08-01,128.392994949,132.085467311,128.327385825,129.386398315,40557500
2019-08-02,129.414542115,129.630102744,126.762334128,128.299301147,30791600
2019-08-05,124.925478896,125.515889652,122.563792975,123.903961182,42749600
2019-08-06,125.394079088,127.155959224,124.841149,126.228164673,32696700
2019-08-07,125.384655531,127.127801861,123.547800267,126.781051636,33414500
2019-08-08,128.018135983,130.257984103,127.390216025,130.164260864,27496500
2019-08-09,129.901831937,130.623460717,127.886911335,129.058380127,23466700
2019-08-12,128.458615393,129.198977531,126.743583009,127.259017944,20484300
2019-08-13,127.502731921,130.079964592,126.518694768,129.892532349,25154600
2019-08-14,128.218766988,128.745330468,125.689368376,125.980857849,32527300
2019-08-15,126.366354442,126.545012943,124.354121965,125.698738098,28074400
2019-08-16,126.82713241,128.312801851,126.676681603,128.002502441,24449100
2019-08-19,129.619768489,130.277972612,128.7170783,130.146331787,24355700
2019-08-20,129.958310336,130.428458314,129.046222111,129.0650177,21170800
2019-08-21,130.27803074,131.161911391,129.760865003,130.503692627,14970300
2019-08-22,130.381481404,130.889235066,128.152969536,129.554016113,18697000
2019-08-23,128.999198503,130.089945205,124.871300022,125.426071167,38508600
2019-08-26,126.930569993,127.466531285,125.905636386,127.363098145,20312600
2019-08-27,128.246989975,128.557289423,126.62028167,127.635803223,23102100
2019-08-28,126.827143012,127.654593827,125.576547473,127.466537476,17393300
2019-08-29,129.05563476,130.174589371,128.735937542,129.873687744,20168700
2019-08-30,130.84215619,130.870363916,128.134114014,129.629180908,23940100
2019-09-03,128.453875854,129.008647218,127.598202793,127.917900085,18869300
2019-09-04,129.102679638,129.469394606,128.331629816,129.412979126,17995900
2019-09-05,130.804565587,131.998745419,130.475456277,131.688446045,26101800
2019-09-06,131.669665041,131.810703721,129.948921413,130.795196533,20824500
2019-09-09,131.255960992,131.406411848,128.312843242,129.309555054,25773900
2019-09-10,128.632473747,128.717096929,126.479188239,127.955459595,28903400
2019-09-11,127.795648877,128.134156054,127.024599173,127.993103027,24726100
2019-09-12,129.619854564,130.15581601,128.698353832,129.309555054,27010000
2019-09-13,129.554003417,129.817285194,128.416253102,129.12147522,23363100
2019-09-16,127.720418974,128.538471977,127.560570361,128.190567017,16731400
2019-09-17,128.782965923,129.309529467,128.284595768,129.187286377,17814200
2019-09-18,129.159054868,130.390840292,128.378607492,130.249801636,23982100
2019-09-19,131.923520614,133.86992571,131.707256569,132.64755249,35772100
2019-09-20,132.59114076,133.192929657,129.995928828,131.114883423,39167300
2019-09-23,130.917447929,131.293575053,130.174620176,130.832824707,17139300
2019-09-24,131.979918644,132.290217979,128.707693288,129.177841187,29773200
2019-09-25,129.290676262,131.603810311,127.908440248,131.039627075,21382000
2019-09-26,131.11490233,131.810712324,130.174606145,131.20892334,17456600
2019-09-27,131.7824725,131.979940963,128.491436654,129.506958008,22477700
2019-09-30,129.807853623,130.907998119,129.553969709,130.7293396,17280900
2019-10-01,131.321746318,131.87651753,128.820555448,128.886383057,21466600
2019-10-02,128.115342214,128.228173154,125.604753377,126.610862732,30521700
2019-10-03,126.892913791,128.58544908,125.266206094,128.143508911,24132900
2019-10-04,128.585486728,129.995930824,128.275187305,129.873687744,22897700
2019-10-07,128.952174803,129.930076193,128.83934389,128.933364868,15303700
2019-10-08,128.895766985,129.535161327,127.522928623,127.569946289,25550500
2019-10-09,129.253081571,130.419039313,128.792331412,129.98651123,19749900
2019-10-10,130.221615324,131.331157863,129.995939089,130.795196533,17654600
2019-10-11,131.754262906,132.609935657,131.171284013,131.340530396,25446000
2019-10-14,131.349963633,131.914132681,131.190115019,131.218322754,13304300
2019-10-15,131.697865309,133.324573493,131.462791291,133.117721558,19695700
2019-10-16,132.384249697,132.57232035,131.199482062,132.026947021,20751600
2019-10-17,132.534759003,132.976699407,130.719994053,131.349990845,21460600
2019-10-18,131.41577234,131.64144856,128.406827814,129.206085205,32273500
2019-10-21,130.184001591,130.231019269,128.829972814,130.16519165,20078200
2019-10-22,130.672955633,131.650857305,128.124746782,128.228179932,27431000
2019-10-23,128.707696544,129.243657701,127.513516834,129.046203613,29844600
2019-10-24,131.067871512,132.036375338,130.390857179,131.585037231,37029300
2019-10-25,131.020854601,132.713390443,130.889213721,132.327865601,25959700
2019-10-28,135.778752977,136.972933058,134.94189001,135.581298828,35280100
2019-10-29,135.477844937,135.872767522,134.13321424,134.302474976,20589500
2019-10-30,134.951292303,136.342926431,134.26486586,135.976211548,18496600
2019-10-31,136.248862682,136.277070409,134.452908516,134.810211182,24605100
2019-11-01,135.647112109,135.79756293,134.434136436,135.139358521,33128400
2019-11-04,136.183081556,136.342930167,135.553084911,135.919799805,16912000
2019-11-05,136.314751009,136.361768692,135.318039262,135.835205078,18250200
2019-11-06,135.750519596,135.891572595,134.650375073,135.459030151,16575800
2019-11-07,135.252217774,136.230133972,135.186404494,135.647140503,17786700
2019-11-08,135.383854282,137.273858986,135.176987952,137.245651245,16732700
2019-11-11,136.662640911,137.678162489,136.089059677,137.386672974,14362600
2019-11-12,137.54652565,138.759515771,137.33965934,138.289367676,18641600
2019-11-13,137.979053338,138.656067671,137.546510824,138.515014648,16919200
2019-11-14,138.242373984,139.549385342,138.223564039,139.220275879,19729800
2019-11-15,140.038304025,141.035030034,139.417719447,141.016220093,23485700
2019-11-18,141.110235621,141.561573709,140.085302018,141.364105225,21534000
2019-11-19,141.871867768,142.294998106,141.232459015,141.411117554,23935700
2019-11-20,141.816831575,142.316883128,140.071373227,141.165817261,25696800
2019-11-21,140.958240546,141.335647434,140.109100243,141.033721924,18576100
2019-11-22,141.590385181,141.807385128,140.411015735,141.137496948,15901800
2019-11-25,141.524379607,142.798104782,141.44889821,142.684875488,22420900
2019-11-26,142.807450326,143.807553048,142.769716848,143.439590454,24620100
2019-11-27,143.72265609,143.88304858,142.958427119,143.713226318,15184400
2019-11-29,143.5056729,143.694369123,142.731999671,142.82635498,11977300
2019-12-02,143.232072206,143.25094615,139.939281604,141.099777222,27418400
2019-12-03,139.15612186,140.986490582,138.363574896,140.873275757,24066000
2019-12-04,141.656435161,141.694168652,140.769546953,141.382827759,17574700
2019-12-05,141.571511728,141.82625956,141.033712348,141.458282471,17869100
2019-12-06,142.458424507,143.288690954,141.779106434,143.175476074,16403500
2019-12-09,142.533918186,143.609502828,142.382955402,142.807525635,16687400
2019-12-10,142.741432963,143.307536042,142.241381482,142.590484619,16476100
2019-12-11,142.977317887,143.288673165,141.835696266,143.12828064,18856600
2019-12-12,143.081099392,144.769964548,142.486706965,144.581268311,24612100
2019-12-13,144.35482328,146.138029345,144.19443076,145.798370361,23845400
2019-12-16,146.345615865,147.09097112,146.072008452,146.741882324,24144200
2019-12-17,146.66637698,146.911695031,145.722881452,145.949325562,25425600
2019-12-18,145.581377954,146.694695882,145.468148689,145.647415161,24129200
2019-12-19,145.298343857,146.968335346,145.062469922,146.911727905,24958900
2019-12-20,148.459078587,149.534663286,147.458960888,148.515686035,53477500
2019-12-23,149.18556003,149.18556003,148.383597191,148.515686035,17718200
2019-12-24,148.581645586,148.798659885,148.24198668,148.487304688,8989200
2019-12-26,148.657171771,149.76105995,148.506209012,149.704452515,14520600
2019-12-27,150.440376769,150.534732092,149.279881164,149.97807312,18412800
2019-12-30,150.006357686,150.0346614,147.8740486,148.685455322,16348400
2019-12-31,147.91183199,148.855327736,147.609906442,148.789276123,18369400
2020-01-02,149.808267385,151.648081382,149.383697139,151.544296265,22622100
2020-01-03,149.374235167,150.912123255,149.128917089,149.657272339,21116200
2020-01-06,148.204299508,150.110164766,147.666500073,150.044113159,20813700
2020-01-07,150.317743629,150.64795849,148.430752206,148.676055908,21634100
2020-01-08,149.949776675,151.714123565,149.025154846,151.044235229,27746500
2020-01-09,152.695308985,153.053841884,151.93107993,152.931182861,21385000
2020-01-10,153.619955586,153.997348055,152.072609031,152.223571777,20725900
2020-01-13,152.619868018,154.082289317,152.148120141,154.053985596,21626500
2020-01-14,154.157778409,154.355918862,152.582142148,152.968978882,23477400
2020-01-15,153.431315562,154.676737197,153.384152279,153.959671021,21417900
2020-01-16,155.063515572,156.846721772,154.761590054,156.780670166,23865400
2020-01-17,157.960007373,158.007185025,156.082446234,157.658096313,34371700
2020-01-21,157.261848064,158.686535709,157.025974151,157.092025757,29517200
2020-01-22,157.941128061,158.02605359,156.318314781,156.337188721,24138800
2020-01-23,156.799524327,157.375057176,155.931510167,157.299575806,19680800
2020-01-24,158.044958836,158.063832781,155.15786431,155.714523315,24918100
2020-01-27,152.044334089,154.148339973,151.148016007,153.110488892,32078100
2020-01-28,154.525713915,156.393831241,153.855840076,156.110794067,24899900
2020-01-29,158.356347646,159.214932366,156.327837229,158.545043945,34754500
2020-01-30,164.215424933,164.215424933,161.139619823,163.017181396,51597500
2020-01-31,162.479398919,162.658651007,159.998000651,160.61126709,36142700
2020-02-03,160.799959769,164.639994048,160.771656051,164.526779175,30107000
2020-02-04,167.130815637,170.433050348,166.347712535,169.942428589,36433300
2020-02-05,173.63148935,173.79188187,168.329048831,169.734848022,39186300
2020-02-06,170.744387782,173.43335581,169.885803392,173.254089355,27751400
2020-02-07,172.518190992,175.141107833,172.169087801,173.499420166,33529100
2020-02-10,173.206920156,178.16970172,172.895564888,178.037612915,35844300
2020-02-11,179.877441025,179.924618687,173.131452845,174.018341064,53159900
2020-02-12,175.093892489,175.348640299,171.574658388,174.27305603,47062900
2020-02-13,172.735213398,175.70721942,172.537072945,173.329620361,35295800
2020-02-14,172.895576005,174.933530042,172.329472863,174.876922607,23149500
2020-02-18,175.122207121,177.094109337,175.018422036,176.650665283,27792200
2020-02-19,177.918416453,178.031940549,176.414164437,177.180480957,29997500
2020-02-20,176.868263365,177.152088022,171.333747515,174.474700928,36862400
2020-02-21,173.292089495,173.604295137,167.691342305,168.959075928,48572600
2020-02-24,158.722590035,165.136960538,154.427412729,161.674331665,68311100
2020-02-25,164.80585481,165.411340736,158.609075987,159.006439209,68073300
2020-02-26,160.557993991,163.916540313,159.138885032,160.993179321,56206100
2020-02-27,154.51256079,158.022481526,149.460522893,149.649734497,93174900
2020-02-28,144.19094951,154.88157434,143.803056222,153.273239136,97012700
2020-03-02,156.395273651,163.594887379,153.557055588,163.471893311,71030800
2020-03-03,164.427419698,165.562703923,153.509733881,155.638397217,71677000
2020-03-04,159.403769247,161.4945815,156.68853121,161.352676392,49814400
2020-03-05,157.095375423,161.655438351,156.754788672,157.303512573,47817300
2020-03-06,153.840904024,154.313940441,147.587362017,152.856994629,72821100
2020-03-09,142.856963993,149.242954106,141.910891384,142.497451782,70419300
2020-03-10,149.630849158,152.34607296,144.351762202,152.242004395,65354400
2020-03-11,148.656439478,149.195693525,142.998913139,145.345184326,56371600
2020-03-12,137.464366153,145.193778377,131.106756456,131.56086731,93226400
2020-03-13,139.54574793,153.178661413,133.140830576,150.264755249,92727400
2020-03-16,132.450155692,141.295939722,127.719792989,128.117141724,87905900
2020-03-17,132.450173919,139.545718951,127.719810565,138.665878296,81059800
2020-03-18,130.557984379,138.126563184,127.738692816,132.828552246,81593200
2020-03-19,135.070830667,142.052838785,131.504131827,135.014068604,85922700
2020-03-20,138.126623614,139.167309429,128.53344636,129.943099976,84866200
2020-03-23,129.62144184,132.989473464,125.37358379,128.646987915,78975200
2020-03-24,135.997908911,141.532438283,133.651653377,140.340377808,82516700
2020-03-25,140.879699282,146.00741195,136.650752856,138.997009277,75638200
2020-03-26,140.39719406,148.211764422,140.368813032,147.691421509,64568100
2020-03-27,143.566527048,146.537194641,141.154038862,141.627075195,57042300
2020-03-30,144.219362027,151.939320722,141.920397264,151.589263916,63420300
2020-03-31,150.803974553,155.893850027,148.117131693,149.205123901,77927200
2020-04-01,144.749123881,149.24296923,142.686692313,143.907119751,57969900
2020-04-02,143.670581321,147.095359411,142.251472463,146.88722229,49630700
2020-04-03,146.735894529,148.892939321,143.982819264,145.534378052,41243300
2020-04-06,151.674365415,157.521087125,149.082121307,156.357421875,67111700
2020-04-07,160.444482051,160.832375362,154.455839518,154.673446655,62769000
2020-04-08,156.735879064,157.681951864,154.68290282,156.225006104,48318200
2020-04-09,157.388661189,158.344189457,154.522061949,156.234451294,51385100
2020-04-13,155.487069702,156.641279668,153.547617585,156.584503174,41905300
2020-04-14,159.886271069,164.380115966,158.940198459,164.332809448,52874300
2020-04-15,161.967609846,164.209811497,160.113315821,162.610946655,40940800
2020-04-16,164.900476311,167.719768946,163.575965855,167.492706299,50479600
2020-04-17,169.820041769,170.293078097,166.385793408,168.968582153,52765600
2020-04-20,167.104817313,169.110486718,165.553258739,165.619476318,36669600
2020-04-21,164.143582453,164.304413049,157.152107098,158.769897461,56203700
2020-04-22,162.147397179,164.616647469,161.608143254,164.162536621,34620200
2020-04-23,164.720719134,165.619485316,161.693289368,162.17578125,32790800
2020-04-24,162.781282219,165.146464198,161.504092612,165.137008667,34277600
2020-04-27,167.066989467,167.36026972,163.954416359,164.663970947,33194400
2020-04-28,166.120933766,166.196621329,160.255284789,160.652633667,34392700
2020-04-29,163.878706035,168.098181982,162.610972145,167.861663818,51286600
2020-04-30,170.293091177,170.671514494,166.726392948,169.545700073,53875900
2020-05-01,166.319548926,169.00639137,164.626071061,165.155883789,39370500
2020-05-04,165.080240367,169.347023299,164.427447856,169.195648193,30372900
2020-05-05,170.87968111,173.746280817,170.198507473,171.012130737,36839200
2020-05-06,172.260905375,174.266574721,171.83517558,172.696090698,32139300
2020-05-07,174.238274526,174.59778691,172.734021818,173.699020386,28316000
2020-05-08,175.004512545,175.02343804,173.471879491,174.720687866,30877800
2020-05-11,173.273189856,177.398066944,172.989379626,176.66960144,30892700
2020-05-12,176.726337755,176.953385906,172.469011701,172.667678833,32038200
2020-05-13,172.705539731,174.124648497,167.019634702,170.056533813,44711500
2020-05-14,167.96574721,170.94588499,166.206051343,170.794509888,41873900
2020-05-15,169.403795284,176.972377775,167.454887603,173.282699585,46610400
2020-05-18,175.732975673,176.158705433,174.039512165,174.938278198,35264500
2020-05-19,175.051836751,176.537177872,173.594891093,173.727340698,26799100
2020-05-20,175.330647202,176.317311201,174.505276232,176.137054443,31261300
2020-05-21,175.890393841,177.095256619,173.888620106,174.021438599,29119500
2020-05-22,173.793756895,174.998619665,173.177088236,174.097335815,20826900
2020-05-26,176.782160505,176.933957187,171.810942233,172.256835938,36073600
2020-05-27,170.957077515,172.655271937,167.541739423,172.48449707,39517100
2020-05-28,171.469399328,174.704480912,171.127864048,172.095535278,33810200
2020-05-29,173.357330242,174.818348006,171.156336206,173.850662231,42130400
2020-06-01,173.177091401,173.613503298,172.152499858,173.452224731,22622400
2020-06-02,174.79935617,175.510886792,172.048110222,175.425506592,30794600
2020-06-03,175.340151757,176.402699674,174.16374908,175.85244751,27311000
2020-06-04,174.846818816,176.307822194,172.949403559,173.537597656,28761800
2020-06-05,173.252955715,178.100851527,172.674243572,177.59803772,39893600
2020-06-08,176.402722112,178.878849929,174.979660481,178.69859314,33211600
2020-06-09,178.357050995,180.918558939,177.655002073,180.064727783,29783900
2020-06-10,181.326494102,188.337442915,181.212639343,186.743606567,43872300
2020-06-11,183.223877824,185.71896862,176.52600542,176.715744019,52854700
2020-06-12,180.7667055,181.886187783,175.681633148,178.110336304,43373600
2020-06-15,175.112459155,181.032400081,174.571688848,179.248825073,32770200
2020-06-16,182.996183039,185.548208446,181.639538308,183.641311646,42556700
2020-06-17,185.026434886,186.250275749,183.755170225,184.27696228,25687800
2020-06-18,184.049251098,186.411537934,184.049251098,186.250259399,23061600
2020-06-19,188.403799306,189.067891592,184.400252916,185.14024353,44441100
2020-06-22,185.74740733,190.462484059,185.216133526,190.282241821,32818900
2020-06-23,191.724334044,193.488930931,191.098183493,191.553573608,30917400
2020-06-24,191.259456329,192.824818065,186.477961959,187.692306519,36740600
2020-06-25,187.65436079,190.320226753,185.443870408,190.064071655,27803900
2020-06-26,189.485350165,189.637146843,184.884127348,186.259750366,54675800
2020-06-29,185.737954938,188.346900587,183.622341246,188.261520386,26701600
2020-06-30,187.730243561,193.915806,187.597425091,193.071456909,34310300
2020-07-01,192.720442796,195.76580027,191.420718142,194.200424194,32061200
2020-07-02,195.130152573,197.350139136,194.485038419,195.680404663,29315800
2020-07-06,198.118591264,200.300621435,197.416542495,199.892669678,31897600
2020-07-07,199.655513217,203.659060482,197.321700608,197.568359375,33600700
2020-07-08,199.294994108,202.321358913,197.985773108,201.913421631,33600000
2020-07-09,205.233877288,205.281315554,200.623158662,203.326980591,33121700
2020-07-10,202.662904134,203.099315981,200.253193304,202.710342407,26177600
2020-07-13,203.478795134,204.731096072,195.908112794,196.448883057,38135600
2020-07-14,195.557076257,198.137561745,191.667369823,197.663208008,37591800
2020-07-15,198.81111888,200.490335018,194.513475549,197.36907959,32179400
2020-07-16,194.864532393,195.149147564,191.933029426,193.460449219,29940700
2020-07-17,193.982273011,194.523028896,191.060251431,192.473831177,31635300
2020-07-20,194.485030667,201.410598069,192.597097597,200.746505737,36884800
2020-07-21,202.700851473,202.966488419,197.359623522,198.042694092,37990400
2020-07-22,198.469617306,201.410616513,197.701166504,200.888824463,49605700
2020-07-23,196.562744468,200.101420024,191.781249705,192.151245117,67457000
2020-07-24,190.139970956,192.454819762,187.379228431,190.974838257,39827000
2020-07-27,191.136114331,193.507883244,190.557402137,193.394042969,30160900
2020-07-28,193.166354816,194.200442625,191.392276238,191.657913208,23251400
2020-07-29,192.113280246,194.152995703,191.648408332,193.593261719,19632600
2020-07-30,190.690206087,193.972740382,189.333561321,193.441452026,25079600
2020-07-31,193.915794719,194.579901507,188.802262203,194.494506836,51044000
2020-08-03,200.670634288,206.47672013,199.64602835,205.433135986,78983000
2020-08-04,203.184690258,203.753920567,199.522678608,202.349822998,49280100
2020-08-05,203.877219675,203.972096208,200.718036692,202.01776123,28806400
2020-08-06,201.448587329,205.27187816,200.699114624,205.252914429,32656800
2020-08-07,203.829821848,204.636214575,200.110875532,201.581375122,27820400
2020-08-10,200.812937657,201.012172625,195.76582071,197.568359375,36716500
2020-08-11,196.534264099,196.999121545,192.720455606,192.948150635,36446500
2020-08-12,194.760190712,199.494247185,194.247894941,198.460159302,28013100
2020-08-13,198.697318599,200.509353557,197.473477709,197.995269775,22588900
2020-08-14,198.052148586,198.839577453,196.866264354,198.184967041,17958900
2020-08-17,198.849163589,200.357605539,198.204034748,199.494277954,20184800
2020-08-18,199.731400515,201.467537079,198.479114069,200.642166138,21336200
2020-08-19,201.127180677,201.707291793,198.996933489,199.424880981,27627600
2020-08-20,199.272742742,204.465214576,198.673621981,204.065795898,26981500
2020-08-21,203.381036304,205.653927688,202.420530698,202.582199097,36249300
2020-08-24,204.265483185,204.959724311,202.021120411,203.219390869,25460100
2020-08-25,202.658290896,205.996298721,202.658290896,205.86315918,23043700
2020-08-26,207.204095318,211.207801263,206.709570752,210.313858032,39600800
2020-08-27,211.9685876,219.823849721,208.649589273,215.477783203,57602200
2020-08-28,216.999377672,219.338846263,215.477784943,217.693618774,26292900
2020-08-31,215.877159204,217.493857494,213.318964995,214.479187012,28774200
2020-09-01,214.460171065,216.305114818,213.433088528,216.13394165,25725500
2020-09-02,216.799670669,221.450064368,216.21005477,220.299346924,34080800
2020-09-03,218.035994254,218.074027907,204.427172832,206.652511597,58400300
2020-09-04,204.560294416,207.660552051,195.135872244,203.751937866,59664100
2020-09-08,196.381698609,199.738730843,192.292391571,192.729858398,52924300
2020-09-09,197.427784948,204.313021908,196.571875464,200.936965942,45679000
2020-09-10,202.943572918,204.217925068,194.108781522,195.307037354,35461500
2020-09-11,197.047416984,198.407356047,191.379458785,194.032745361,33620100
2020-09-14,194.232423494,198.949379697,194.032706925,195.345092773,30375800
2020-09-15,198.20761162,199.500973462,196.790615013,198.549972534,21823900
2020-09-16,200.299814297,200.328343165,194.612832712,195.002746582,26328100
2020-09-17,190.247727259,194.318009828,190.162140663,192.967590332,34011300
2020-09-18,192.862960275,193.671302228,186.63390229,190.571044922,55225300
2020-09-21,187.527861514,192.777390313,186.757553141,192.615707397,39839700
2020-09-22,195.012259412,197.903310529,192.178280544,197.256622314,33517100
2020-09-23,197.713106652,197.903318466,190.228733253,190.761291504,30803800
2020-09-24,190.057547006,195.497273639,189.439387677,193.233886719,31202500
2020-09-25,193.576215925,198.797201035,192.615695829,197.636993408,29437300
2020-09-28,200.547025068,202.154218515,197.865196225,199.177581787,32004900
2020-09-29,199.092064785,199.776786664,196.676514123,197.10446167,24221900
2020-09-30,197.551394165,201.593147607,196.41970088,200.024002075,33829100
2020-10-01,203.029166506,203.504666907,200.965496507,202.049636841,27158400
2020-10-02,197.808208294,200.651706513,195.468739446,196.086898804,33154800
2020-10-05,197.066442637,200.100138368,196.838197156,200.071609497,21331600
2020-10-06,198.587972146,199.881319161,194.783969365,195.820556641,28554300
2020-10-07,196.914231305,199.814786764,196.590894502,199.54850769,25681100
2020-10-08,200.195218008,200.841906242,198.112537979,200.261795044,19925800
2020-10-09,200.879933174,205.28307236,200.879933174,205.235519409,26458000
2020-10-12,208.069492156,212.891073954,206.186514332,210.551605225,40461400
2020-10-13,211.80690868,214.174906001,209.629108626,211.940048218,28950800
2020-10-14,212.073181321,213.233403474,208.392812818,210.038040161,23421700
2020-10-15,206.462290727,209.56254828,205.42568877,208.896850586,22733100
2020-10-16,209.362831716,211.397972959,208.573513779,208.896850586,26057900
2020-10-19,209.619622019,211.4075084,203.247918727,203.723419189,27625800
2020-10-20,205.226014571,206.719078565,202.648795528,204.132354736,22753500
2020-10-21,202.677274578,206.291080319,202.677274578,204.274963379,22724900
2020-10-22,203.447582825,205.473219059,201.326855222,204.360549927,22351500
2020-10-23,204.493720048,205.68247116,202.715353029,205.634918213,18879600
2020-10-26,203.371547586,205.739530532,197.903292429,199.786270142,37111600
2020-10-27,201.222268924,204.151353321,200.024013062,202.800933838,36700300
2020-10-28,197.494355309,198.607024622,192.197287838,192.748855591,51195600
2020-10-29,194.070728612,197.199514672,193.405016483,194.688873291,31432600
2020-10-30,193.528662965,194.279947212,189.838775214,192.549133301,36953700
2020-11-02,194.2800155,195.221511848,190.314342508,192.416061401,30842200
2020-11-03,193.899573347,197.922303099,193.167298589,196.315109253,27512000
2020-11-04,203.533181243,207.622487303,202.011574263,205.78704834,42311800
2020-11-05,211.160247818,213.138331565,210.313857539,212.348999023,36080100
2020-11-06,211.369436474,213.366543995,207.346707079,212.757904053,25231900
2020-11-09,213.442645287,216.94232165,207.204081677,207.689086914,44395000
2020-11-10,203.989651994,205.891653411,199.443869768,200.670654297,44045100
2020-11-11,201.983102366,207.356252226,201.802409854,205.93927002,29440800
2020-11-12,206.566912133,208.373808041,203.951659655,204.883636475,21593900
2020-11-13,205.758539762,206.766598318,203.666340843,205.901184082,18621100
2020-11-16,204.341529342,207.0709114,204.008687782,206.585891724,24953300
2020-11-17,205.511270307,207.01383874,203.590244706,203.951629639,24154100
2020-11-18,203.713250011,205.16255972,201.119754553,201.262786865,28372800
2020-11-19,201.548827328,203.122080839,200.166254458,202.54045105,24792700
2020-11-20,202.330689203,203.369990397,200.233012929,200.604873657,22843100
2020-11-23,201.138849797,202.416523777,198.478617284,200.337921143,25683500
2020-11-24,199.842133899,204.285404532,199.146089686,203.913543701,33979700
2020-11-25,205.105383624,205.277004965,202.578639106,203.923049927,21012900
2020-11-27,204.857471046,206.211426017,204.085131401,205.219787598,14512200
2020-11-30,204.142357829,204.771650612,201.03396894,204.113754272,33064800
2020-12-01,204.533274831,207.212595788,203.42723673,206.154220581,30904500
2020-12-02,204.886100837,205.448656898,202.902838294,205.353302002,23724500
2020-12-03,204.628604714,206.316287038,203.713247397,204.275817871,25120900
2020-12-04,204.25675543,205.362808006,203.265117068,204.39024353,24666000
2020-12-07,204.399782584,205.51536488,203.083975402,204.323501587,24620000
2020-12-08,204.018431882,206.859830451,202.988660051,205.963546753,23284100
2020-12-09,205.153070276,205.219807062,201.386784778,201.94934082,32440600
2020-12-10,201.920699255,203.169769557,200.576274079,200.72883606,26733300
2020-12-11,200.280718497,203.398637067,199.384434937,203.341415405,30979400
2020-12-14,203.188855214,206.154211599,202.979086115,204.237686157,28798400
2020-12-15,205.162614022,205.400986723,202.368892957,204.17098999,27000600
2020-12-16,204.762109576,209.872819855,204.733506022,209.081420898,35023300
2020-12-17,209.643987934,210.616552486,207.784684046,209.214920044,32515800
2020-12-18,208.423522949,209.47236851,205.973059482,208.423522949,63354900
2020-12-21,207.431886235,213.581897793,207.174439696,212.237472534,37181900
2020-12-22,212.332825463,215.136090173,211.531896845,213.524688721,22612200
2020-12-23,212.73333182,213.162399768,210.530770412,210.740539551,18699600
2020-12-24,211.121916006,213.210063036,210.912146881,212.390060425,10550600
2020-12-28,214.010994345,215.517511465,212.647509566,214.497283936,17933500
2020-12-29,215.784457762,216.613989937,213.181432468,213.724914551,17403200
2020-12-30,214.75472242,215.136127458,211.169602356,211.369827271,20272300
2020-12-31,211.388879228,212.628420013,209.462823996,212.075393677,20942100
2021-01-04,212.180259611,212.628401352,204.8193111,207.565368652,37130100
2021-01-05,207.155330657,208.356737939,205.667887877,207.765563965,23823000
2021-01-06,202.302075948,206.421161857,202.082777209,202.378356934,35930700
2021-01-07,204.085131191,209.138634517,203.770492081,208.137466431,27694500
2021-01-08,208.509340797,210.32098187,206.936086951,209.40562439,22956200
2021-01-11,208.309111624,208.728649854,206.65003259,207.374694824,23031300
2021-01-12,206.430702959,207.002803106,203.39861001,204.93371582,23249300
2021-01-13,204.066076939,206.678632059,203.980251722,206.278167725,20087100
2021-01-14,205.868151236,207.34606452,202.845587893,203.112564087,29480800
2021-01-15,203.589342964,204.533289467,202.168636551,202.759796143,31746500
2021-01-19,203.808627705,206.88839845,202.740722826,206.373519897,30480900
2021-01-20,207.574934634,215.288671357,207.183999932,213.906112671,37777300
2021-01-21,214.249328374,215.774919108,212.075371037,214.506774902,30709400
2021-01-22,216.518656968,219.369599228,215.298190109,215.441207886,30172700
2021-01-25,218.463755924,219.093063196,213.791657926,218.854690552,33152100
2021-01-26,221.076348575,223.288439376,219.379136337,221.524490356,49169600
2021-01-27,226.930817474,229.257337426,219.43637897,222.068008423,69870600
2021-01-28,224.651938664,231.35497695,224.156119439,227.817520142,49111200
2021-01-29,225.014288999,226.949874072,220.590092468,221.171722412,42503100
2021-02-01,224.127524698,231.221497931,221.619839466,228.504043579,33314200
2021-02-02,230.077285502,231.040305774,227.588674446,228.370529175,25916300
2021-02-03,228.427776041,233.691034277,228.1321817,231.698242188,27158100
2021-02-04,231.374019528,231.927045791,229.190518029,230.754241943,25296100
2021-02-05,230.964028359,231.965196418,229.238212668,230.935424805,18054800
2021-02-08,231.841253031,232.346601928,229.610088332,231.192886353,22211900
2021-02-09,230.620777867,233.376365251,230.153576762,232.432418823,23565000
2021-02-10,233.605244795,234.482454581,229.686397046,231.526641846,22186700
2021-02-11,233.395478711,233.748265654,230.887793231,233.118972778,15751100
2021-02-12,232.584945135,233.891237094,231.440759373,233.595657349,16561100
2021-02-16,233.633790552,234.682635987,231.62192489,232.365646362,26728500
2021-02-17,230.626309728,233.483803483,230.263144134,233.378677368,21653500
2021-02-18,231.085039783,233.120642474,230.18669198,232.986846924,16925600
2021-02-19,232.94863219,233.053758309,229.536823685,230.291824341,25262600
2021-02-22,226.899139627,227.386534606,222.101588203,224.118087769,36446900
2021-02-23,220.123277955,224.423867296,218.594173689,222.932998657,30228700
2021-02-24,219.817500357,224.777516838,218.852262006,224.156326294,26339700
2021-02-25,221.795796401,224.194565042,217.78191472,218.842727661,39542200
2021-02-26,221.270149453,224.93998303,219.368327593,222.082489014,37819200
2021-03-01,225.446522454,226.946957811,222.818383613,226.440444946,25324000
2021-03-02,226.507310265,226.784467587,223.105067785,223.506454468,22812500
2021-03-03,221.872207962,223.229281205,217.1893348,217.476043701,34029500
2021-03-04,216.692458048,222.187657852,214.322343981,216.682891846,44727800
2021-03-05,219.349221253,222.933046473,216.424822207,221.337051392,41872800
2021-03-08,221.117258676,223.028632349,217.065155823,217.31362915,35267400
2021-03-09,222.560298057,224.949514535,221.403910865,223.420410156,33080500
2021-03-10,226.497759337,226.497759337,221.757546649,222.12071228,29746800
2021-03-11,224.548185848,228.571619269,223.926980654,226.622024536,29907600
2021-03-12,223.640246204,225.370051433,222.894811722,225.303146362,22653700
2021-03-15,224.54811637,224.767920191,221.537695012,224.404754639,26034900
2021-03-16,225.809645269,229.422139715,225.484715301,227.17628479,28092200
2021-03-17,225.685434804,227.979091902,222.894831063,226.535995483,29562100
2021-03-18,222.254523473,223.812297649,220.123345958,220.496063232,34833000
2021-03-19,220.782749146,222.168491967,219.18675408,220.142440796,46430700
2021-03-22,220.065987222,226.40218032,219.94174328,225.532516479,30127000
2021-03-23,226.966039426,230.368281742,226.564652763,227.052047729,31638400
2021-03-24,227.310107062,227.453454247,224.892220669,225.026016235,25620100
2021-03-25,224.873120521,226.440446384,221.308412625,222.044281006,34061900
2021-03-26,221.289264886,226.220611904,221.289264886,226.000793457,25479900
2021-03-29,226.105857064,226.306557638,221.604581984,224.815689087,25227500
2021-03-30,223.181535582,223.487362355,220.859223675,221.57598877,24792000
2021-03-31,222.588970832,228.504673254,222.092009714,225.322235107,43623500
2021-04-01,227.902633053,232.078979715,227.501246346,231.610702515,30338000
2021-04-05,232.002487635,238.883443232,231.945148768,238.03288269,36910600
2021-04-06,236.637573697,238.348246397,235.939926521,236.876495361,22931900
2021-04-07,236.828698788,239.810436374,236.23617775,238.826080322,22719800
2021-04-08,241.568923408,242.878209478,240.83304059,242.027648926,23625200
2021-04-09,241.66449427,244.646246728,241.253555983,244.512451172,24326800
2021-04-12,243.422972546,246.251811673,243.336949658,244.569793701,27148700
2021-04-13,245.859924631,247.704392624,245.44895726,247.035400391,23837500
2021-04-14,246.070239038,247.36039284,243.853038741,244.263977051,23070900
2021-04-15,246.500297099,248.411670759,246.309177232,248.000732422,25627500
2021-04-16,247.972033608,249.434233119,246.184904114,249.185745239,24878600
2021-04-19,248.660110328,249.892954265,246.395137647,247.274353027,23209300
2021-04-20,246.395138852,248.669677743,245.458555436,246.815643311,19722900
2021-04-21,247.465495507,249.128380891,245.850382787,249.032806396,24030400
2021-04-22,248.679222807,250.179657894,244.311742263,245.773956299,25606200
2021-04-23,246.452520812,249.921668621,245.869536688,249.577606201,21462600
2021-04-26,250.065055894,250.810490563,248.641091642,249.959915161,19763300
2021-04-27,249.988459066,251.52712948,248.593164957,250.361190796,31014200
2021-04-28,244.732219974,245.171856823,241.740930731,243.279586792,46903100
2021-04-29,244.13976821,244.751407208,237.966024765,241.320480347,40589000
2021-04-30,238.673217722,241.865208014,238.539422158,241.005081177,30945100
2021-05-03,242.171000347,243.078914365,239.99203587,240.699249268,19626600
2021-05-04,239.848692117,240.078062175,234.869557997,236.80960083,32756100
2021-05-05,238.023351527,238.443856051,234.926935635,235.548126221,21901300
2021-05-06,235.528984048,238.787879191,233.846980707,238.663635254,26491100
2021-05-07,240.976399429,243.031134617,240.039830532,241.272674561,27032900
2021-05-10,239.753140646,240.575031869,236.169315178,236.226654053,29299900
2021-05-11,233.713178974,235.672339571,231.820923443,235.318725586,33641600
2021-05-12,231.438674629,233.55074891,227.52036743,228.40914917,36684400
2021-05-13,231.085053234,234.716665708,230.721887611,232.260543823,29624300
2021-05-14,234.697548695,238.13801217,234.611540389,237.153656006,23901100
2021-05-17,235.624593245,235.662814302,232.728863287,234.315292358,24970200
2021-05-18,235.356977382,235.490772943,232.136303155,232.308334351,20168000
2021-05-19,229.233484845,232.988425507,228.553388663,232.883056641,25739800
2021-05-20,233.687681642,237.509666975,233.591886455,236.1015625,21800700
2021-05-21,237.145663008,237.87365669,234.434823082,234.846710205,21863100
2021-05-24,237.356443474,240.584554774,237.088234442,240.220550537,21411500
2021-05-25,241.168823496,242.107554928,240.258827697,241.120925903,17704300
2021-05-26,240.84317939,242.289608072,240.191818762,240.900665283,17771600
2021-05-27,240.594121555,240.891066217,238.75496769,238.812438965,24426200
2021-05-28,240.431266022,241.465792746,239.051897058,239.1668396,18270200
2021-06-01,240.651567533,240.709038801,236.561373022,236.982833862,23213300
2021-06-02,237.682107765,238.77410572,235.488523567,236.887054443,19406700
2021-06-03,234.894640604,235.967476626,232.768115907,235.364013672,25307700
2021-06-04,237.327686426,241.053891527,237.088213053,240.230102539,25281100
2021-06-07,239.454176251,243.391118515,239.291336135,243.122909546,23079200
2021-06-08,244.416090617,245.230305878,241.877664263,241.935150146,22455000
2021-06-09,243.12293866,244.770516593,242.548211349,242.912200928,17937600
2021-06-10,243.582725471,246.619246035,242.988836193,246.408508301,24563600
2021-06-11,247.126924407,247.605871137,245.805026755,247.031158447,18999700
2021-06-14,247.040717328,249.004416459,245.987028676,248.94694519,19150500
2021-06-15,248.831956436,249.042694152,246.82996275,247.481323242,18038900
2021-06-16,248.477552019,249.60785926,243.70724679,246.542617798,27220000
2021-06-17,245.28781559,250.728644099,245.230344314,249.914428711,27565500
2021-06-18,248.697877001,251.2554361,247.854926102,248.506286621,37202200
2021-06-21,248.879915632,252.424104319,247.059923686,251.571594238,26696100
2021-06-22,251.657791113,254.598531287,251.351258166,254.330322266,24694100
2021-06-23,254.790148535,255.594775775,253.295836627,254.100463867,19518700
2021-06-24,254.952995599,256.571838322,254.292046595,255.460678101,21446900
2021-06-25,255.020003609,255.99704448,253.611898958,253.860931396,25611100
2021-06-28,254.981681898,257.577565187,254.713472878,257.405151367,19590000
2021-06-29,257.548820654,260.211763414,256.696310639,259.972290039,19937800
2021-06-30,259.292228209,259.934000569,258.248127664,259.493377686,21656500
2021-07-01,258.257621165,260.393733935,258.248062109,260.163848877,16725300
2021-07-02,261.332494015,266.294374994,261.0259611,265.959106445,26458000
2021-07-06,266.323135409,267.606709224,262.75018204,265.968719482,31565600
2021-07-07,267.635475502,268.871166475,265.480214826,268.143157959,23260000
2021-07-08,265.240676772,266.993638065,263.296154338,265.738800049,24618600
2021-07-09,264.110413603,266.342292737,263.727262026,266.236938477,23916700
2021-07-12,267.405525724,267.989826667,264.934144375,265.643005371,18931700
2021-07-13,265.83462337,270.940212667,265.710121757,269.148956299,26120100
2021-07-14,270.461235485,271.716073631,268.737009646,270.614501953,23113700
2021-07-15,270.125996344,270.614531437,268.047354361,269.196838379,22604200
2021-07-16,270.19301525,272.137537804,267.692898119,268.928588867,26186800
2021-07-19,267.185269816,268.564639016,262.893924956,265.346130371,32935600
2021-07-20,266.323116629,269.13932573,264.627655734,267.558807373,26259700
2021-07-21,267.15650514,269.666181562,265.614310556,269.551239014,24364300
2021-07-22,271.888441553,274.359822735,271.486142721,274.09161377,23384100
2021-07-23,275.2698196,277.779495612,274.436457026,277.472991943,22768100
2021-07-26,276.831206376,277.492155194,274.570591871,276.879089355,23176100
2021-07-27,277.243181777,277.386859993,271.03604897,274.474884033,33604100
2021-07-28,276.821720789,277.932881109,271.878985258,274.168365479,33566900
2021-07-29,274.187370271,276.467161014,274.034103834,274.436431885,18168300
2021-07-30,273.162483278,274.589735139,271.955528197,272.913421631,20944800
2021-08-02,274.302374967,274.695114819,271.792698616,272.82723999,16267400
2021-08-03,273.401933314,275.135717942,272.041711892,275.030334473,17879000
2021-08-04,274.168308627,275.480618187,272.664408652,274.446105957,16191300
2021-08-05,274.80052179,277.434729201,274.053365948,277.329345703,13900200
2021-08-06,276.361808445,277.310113468,275.509269367,277.271789551,16589300
2021-08-09,277.549613585,279.273810018,275.691298044,276.18939209,16117600
2021-08-10,276.639704584,277.070768467,273.191310454,274.379089355,18616600
2021-08-11,275.11661669,276.505574123,273.823454465,274.867584229,13955900
2021-08-12,274.561022343,277.760383169,274.283225039,277.607116699,14561300
2021-08-13,277.290977573,280.566956461,277.118534553,280.519073486,18249000
2021-08-16,280.844740467,282.406111232,277.808205827,282.195373535,22507600
2021-08-17,280.078521234,281.074709521,278.823653735,280.739440918,20075300
2021-08-18,280.278816561,282.946857738,278.580080207,279.021575928,21813000
2021-08-19,277.063624546,285.490027486,277.015649906,284.818206787,29850500
2021-08-20,287.649480456,293.523007109,286.056329551,292.102600098,40817600
2021-08-23,291.037308028,293.100715896,289.693695646,292.38092041,22830200
2021-08-24,292.735956424,293.340589198,289.837591058,290.432617188,18175800
2021-08-25,292.045014013,292.323343139,288.321296586,289.847259521,20006100
2021-08-26,288.868306307,290.250315941,286.910483732,287.044830322,17666100
2021-08-27,286.948924493,288.753216933,284.875909516,287.649536133,22605700
2021-08-30,288.993058995,291.968219267,288.935477704,291.363586426,16348100
2021-08-31,292.160188613,292.236953907,289.357772096,289.722473145,26285300
2021-09-01,290.672562933,292.899136994,289.348134754,289.674438477,18983800
2021-09-02,290.029643002,291.142901055,288.090974836,289.021911621,16285600
2021-09-03,288.868316055,290.413492267,288.167733858,289.012298584,14747900
2021-09-07,288.887532467,288.964297766,286.190701017,288.090942383,17180400
2021-09-08,287.707044755,288.503605516,285.490077066,288.119720459,15046800
2021-09-09,288.705071391,289.971918008,285.038907371,285.278839111,19927000
2021-09-10,286.401846542,287.841437557,283.484267219,283.800964355,19633400
2021-09-13,285.566802773,286.516952571,282.236548379,285.02935791,23652900
2021-09-14,287.495896473,289.252213765,286.09470287,287.716644287,21853400
2021-09-15,291.046864854,293.02390044,289.664855416,292.544036865,28356300
2021-09-16,291.526784807,293.014350461,288.6476028,292.927978516,19550800
2021-09-17,291.920271559,292.236968688,287.46712274,287.793426514,41372500
2021-09-20,284.395937844,286.689699826,277.860198195,282.447692871,38278700
2021-09-21,283.781753099,285.55725437,282.226999639,282.927581787,22364100
2021-09-22,284.779886846,288.129325687,282.649291109,286.555358887,26626300
2021-09-23,286.814573346,288.782003034,285.547725998,287.49597168,18604600
2021-09-24,286.219452267,287.726201706,284.971789339,287.294342041,14999000
2021-09-27,284.213692757,284.530389919,281.142553292,282.323028564,23571700
2021-09-28,278.128922625,279.069465797,271.36285778,272.101837158,43186200
2021-09-29,273.618236317,275.220964373,271.612409942,272.562530518,26353700
2021-09-30,274.203721682,276.238339191,270.278439924,270.566375732,32343600
2021-10-01,270.758246584,278.301717985,269.961685855,277.45715332,30086300
2021-10-04,275.825550263,276.16146059,268.963507664,271.708312988,31350700
2021-10-05,272.610522788,278.704796888,272.610522788,277.130859375,24993000
2021-10-06,274.270845856,281.804710448,274.011730048,281.305633545,28002600
2021-10-07,283.292344147,284.693567324,282.083107466,282.975646973,20430500
2021-10-08,284.290468905,284.693567324,281.929547558,282.975646973,17685700
2021-10-11,281.123313868,285.969924677,280.960147351,282.380554199,19298600
2021-10-12,283.445759006,283.54173756,280.576184746,281.084838867,17974100
2021-10-13,283.033188144,285.307737211,281.670362459,284.376800537,23416300
2021-10-14,287.159991309,291.056481724,285.835562976,290.557434082,27262900
2021-10-15,290.163932895,292.18897262,288.417222273,291.958618164,25384800
2021-10-18,291.344394921,295.797513927,290.499830294,294.914581299,22729300
2021-10-19,295.931996116,296.843719716,294.847499298,295.816833496,17682100
2021-10-20,296.757282653,297.227568966,293.782122041,295.029785156,16537100
2021-10-21,294.799395133,298.494321149,294.021989213,298.244812012,16918100
2021-10-22,297.899372646,298.561586881,295.404075603,296.709320068,17449300
2021-10-25,296.901209941,296.939607232,294.118006755,295.72076416,17554500
2021-10-26,298.475173505,299.818785791,296.171833972,297.621002197,28107300
2021-10-27,303.273862414,312.96711514,303.273862414,310.15512085,52588700
2021-10-28,311.268292816,311.786553676,308.417902017,311.287506104,26297900
2021-10-29,311.076362567,318.629410472,310.85561478,318.264709473,34766000
2021-11-01,318.015194457,318.13996368,313.226165048,316.10534668,27073200
2021-11-02,317.007611515,320.021170145,316.710098311,319.714050293,26487100
2021-11-03,320.452971598,321.412698994,317.333857562,320.548950195,21500100
2021-11-04,319.483605119,322.986603579,316.239722461,322.890625,23992200
2021-11-05,324.877314179,325.146036665,320.952032837,322.525970459,22570100
2021-11-08,323.716031209,324.051941647,320.971224981,323.418518066,20897000
2021-11-09,323.533668092,325.078844332,321.057584453,322.420410156,21307400
2021-11-10,321.09594305,321.15352434,316.633217334,317.477752686,25500900
2021-11-11,317.909673571,320.328175865,317.199484729,319.042144775,16849800
2021-11-12,320.472107928,323.648802502,320.34733871,323.159332275,23831000
2021-11-15,323.946383898,324.272687689,320.577731465,322.535583496,16723000
2021-11-16,322.16129422,326.950353975,321.99815696,325.83706665,20886800
2021-11-17,325.885137078,329.009957659,324.98134047,326.058197021,19053400
2021-11-18,325.154386598,329.259938705,324.135216737,328.125366211,22463500
2021-11-19,329.442601302,331.80784164,329.019546368,329.894470215,21963400
2021-11-22,331.346264934,336.201771663,326.471539109,326.740753174,31031100
2021-11-23,324.067814517,326.375397057,320.712248433,324.673553467,30427600
2021-11-24,323.327522788,325.135115638,321.048812627,324.894744873,21661300
2021-11-26,321.471920555,324.914017573,315.48186953,316.981781006,24217200
2021-11-29,322.039153704,325.971616085,321.846845346,323.6640625,28563500
2021-11-30,322.404545961,324.769786361,316.318341019,317.856719971,42885600
2021-12-01,322.221840333,326.211989384,316.702936655,317.366333008,33337600
2021-12-02,317.577779488,320.644912184,315.174072319,316.798980713,30766000
2021-12-03,319.202763983,319.885438108,305.780468165,310.568664551,41779300
2021-12-06,311.472477325,314.837668341,306.934275696,313.626190186,30032600
2021-12-07,318.866264631,322.866008447,317.385572463,322.019927979,31021900
2021-12-08,322.394924444,322.577608596,318.058625889,322.068023682,24761000
2021-12-09,321.52952938,323.529401083,319.327725123,320.269989014,22214200
2021-12-10,322.077655364,329.788740124,321.894971207,329.346466064,38095700
2021-12-13,327.558059269,330.548287003,326.019680423,326.327362061,28899400
2021-12-14,320.385432596,321.750751649,311.6263054,315.693389893,44438700
2021-12-15,315.952948776,322.279524033,312.001267303,321.760314941,35381100
2021-12-16,322.779463052,323.789037849,310.578240931,312.38583374,35034800
2021-12-17,308.520702328,312.405102274,305.030513974,311.328216553,47750300
2021-12-20,307.722666112,310.366744737,305.338206712,307.58807373,28326500
2021-12-21,310.837844885,315.10683172,307.482249288,314.683776855,24740600
2021-12-22,315.65488976,320.76036267,313.203119593,320.36618042,24831500
2021-12-23,319.93351795,323.433330698,319.91429885,321.798797607,19617800
2021-12-27,322.539160901,329.288792054,322.510317577,329.25994873,19947000
2021-12-28,329.93292165,330.567504021,327.211937373,328.106109619,15661500
2021-12-29,328.154248203,331.038698188,326.596649906,328.77923584,15042000
2021-12-30,328.740695512,329.913706086,325.769716206,326.250457764,15994500
2021-12-31,325.471616896,326.288853965,322.914068617,323.365966797,18000800
2022-01-03,322.433371573,324.981295984,317.077903529,321.85647583,28865100
2022-01-04,321.933333054,322.289106403,313.55882452,316.337524414,32674300
2022-01-05,313.308871857,313.510804437,303.809443386,304.194030762,40054300
2022-01-06,301.088481403,306.424731179,299.492415647,301.790374756,39646100
2022-01-07,302.049932414,304.309423735,298.146313086,301.94418335,32720000
2022-01-10,297.569425213,302.597992896,292.954317605,302.165313721,44289500
2022-01-11,301.309643302,304.415215603,297.954075952,302.848022461,29386800
2022-01-12,307.357330348,310.953267926,304.867063177,306.011230469,34372200
2022-01-13,308.126480698,308.520692277,292.290853357,293.060028076,45366000
2022-01-14,292.531208969,298.848159456,292.050467459,298.252044678,39846400
2022-01-18,292.358177821,297.867457291,290.117905731,290.992858887,42333200
2022-01-19,294.492647881,301.819143935,291.040927296,291.646636963,45933900
2022-01-20,297.165586767,299.646200238,289.541032878,289.983306885,35380700
2022-01-21,291.031287835,292.396577246,284.223971852,284.627807617,57984400
2022-01-24,280.945374325,285.666230538,265.417398744,284.954742432,85731500
2022-01-25,280.291619837,283.627968285,274.186223946,277.378326416,72848600
2022-01-26,296.127111732,296.617477405,281.743335631,285.281585693,90428900
2022-01-27,291.002465926,295.463732059,286.454640498,288.29107666,53481300
2022-01-28,288.666042204,296.598276694,283.10867182,296.386749268,49743700
2022-01-31,297.050204712,300.348084583,294.569561972,299.00201416,46444500
2022-02-01,298.453933716,298.665461144,293.377304783,296.867492676,40950400
2022-02-02,297.703977221,302.982509346,296.982864992,301.386444092,36636000
2022-02-03,297.569369708,299.242370111,288.406437725,289.646759033,43730000
2022-02-04,288.646819466,296.90595538,288.416072923,294.15612793,35096500
2022-02-07,294.377249081,295.982909183,288.348732177,289.358306885,28533300
2022-02-08,289.646778019,293.790767749,288.396861751,292.829284668,32421200
2022-02-09,297.934730324,299.915382942,295.550271281,299.223114014,31284700
2022-02-10,292.329280529,297.213600941,289.117931039,290.733215332,45386200
2022-02-11,291.512076624,292.56971395,282.887571653,283.675994873,39175600
2022-02-14,282.45487744,285.329731839,280.128104789,283.637512207,36359500
2022-02-15,288.454546071,289.214096572,285.57969173,288.896820068,27058300
2022-02-16,287.470934563,289.879612876,282.952251697,288.559661865,29982100
2022-02-17,285.53430337,285.958233039,279.406640809,280.109985352,32461600
2022-02-18,282.345260977,283.1256704,275.851473633,277.41229248,34264000
2022-02-22,274.589196934,280.890304634,274.107461501,277.209838867,41736100
2022-02-23,279.580109092,281.044604361,269.868330828,270.032104492,37811200
2022-02-24,262.555519937,284.378134561,261.601663551,283.828948975,56989700
2022-02-25,284.358929769,286.757963865,280.996394983,286.449645996,32546700
2022-02-28,283.559218097,288.212800648,282.297073125,287.875579834,34627500
2022-03-01,285.572796549,289.012395052,281.478044827,284.17578125,31217800
2022-03-02,284.570813811,290.4576376,282.971477638,289.224395752,31873000
2022-03-03,291.825776852,292.057000508,283.308666417,285.11038208,27314500
2022-03-04,283.539958965,284.859909857,276.680048453,279.271759033,32356500
2022-03-07,277.990328438,279.107958495,268.355616983,268.721740723,43157200
2022-03-08,267.652249466,273.587234741,260.137186938,265.773498535,48159500
2022-03-09,273.08623415,279.021219289,270.523397653,277.961395264,35204500
2022-03-10,272.681586998,276.130830088,270.330715102,275.157714844,30628000
2022-03-11,277.441221218,278.934619557,269.222811201,269.839447021,27209300
2022-03-14,270.099449871,274.974610657,265.744571645,266.341918945,30660700
2022-03-15,270.109143996,277.306274695,268.54832543,276.660736084,34245100
2022-03-16,278.549135506,283.809709258,272.855046773,283.636291504,37826300
2022-03-17,282.576451409,284.811682049,278.799631703,284.435943604,30816600
2022-03-18,284.58049583,290.004843623,282.036947043,289.455657959,43390600
2022-03-21,287.971898528,289.176237434,284.127628747,288.232025146,28351200
2022-03-22,288.848636968,293.858698674,287.856262867,292.953033447,27599700
2022-03-23,289.532716639,292.15335927,286.844623972,288.549957275,25715400
2022-03-24,288.212798586,293.08796067,287.422745119,292.991607666,24484500
2022-03-25,294.080373345,294.340500027,288.357351123,292.586975098,22566500
2022-03-28,293.213188428,299.446848504,293.213188428,299.350524902,29578200
2022-03-29,302.44331218,304.283546091,297.760825864,303.888519287,30393400
2022-03-30,302.298726453,304.408730687,300.198336937,302.395050049,28163600
2022-03-31,302.433559704,303.628283812,296.64311863,297.04776001,33422100
2022-04-01,298.069026825,298.801274214,294.37894573,298.117218018,27110500
2022-04-04,298.762764159,303.599378728,298.396640419,303.464508057,24289600
2022-04-05,301.826637369,303.368197298,298.550840897,299.523956299,23156700
2022-04-06,294.041816057,295.785696803,285.871568635,288.559661865,40110400
2022-04-07,285.823356695,292.558010667,285.524682989,290.361297607,31411200
2022-04-08,289.465285992,290.120439343,285.457242323,286.122039795,24361900
2022-04-11,281.131279205,281.92130327,274.589301303,274.839813232,34569300
2022-04-12,278.67436819,280.119574822,270.243996167,271.756652832,30966700
2022-04-13,272.402197471,278.038479941,271.024411437,277.113555908,21907200
2022-04-14,277.566373611,277.77833842,269.116743016,269.608093262,28221600
2022-04-18,268.721683565,272.141993643,268.172498072,270.272857666,20778000
2022-04-19,269.174533509,275.716509852,268.23996546,274.878265381,22297700
2022-04-20,278.828557832,279.117616832,274.945770094,275.899597168,22906700
2022-04-21,278.038529435,282.586115059,269.829764703,270.552368164,29454600
2022-04-22,271.390568548,272.855063633,263.393769113,264.020019531,29405800
2022-04-25,263.307023518,270.841345127,260.879057543,270.465606689,35678900
2022-04-26,267.363282448,268.191853642,260.137247787,260.349212646,46518400
2022-04-27,271.795215121,280.341199448,268.96260761,272.874298096,63477700
2022-04-28,274.77232633,280.350832251,271.178568529,279.050140381,33646600
2022-04-29,278.067399024,279.291026222,266.39977732,267.382507324,37073900
2022-05-02,267.565509722,274.531415287,266.129947413,274.078582764,35151100
2022-05-03,273.587298829,273.751101885,269.916475572,271.486938477,25978600
2022-05-04,272.267294091,280.254477727,266.621367569,279.387359619,33599300
2022-05-05,275.109581681,275.889991021,264.318692205,267.21875,43260400
2022-05-06,264.771553294,269.049368343,261.36085656,264.694488525,37780300
2022-05-09,260.195008722,262.410980541,253.701222772,254.915176392,47726000
2022-05-10,261.765460564,263.750208641,255.387286707,259.655456543,39336400
2022-05-11,255.974974956,261.447483323,249.82802511,251.032363892,48975900
2022-05-12,248.276888396,250.386892613,240.887066279,246.022369385,51033800
2022-05-13,247.94928292,253.431435598,246.022340802,251.581558228,34925100
2022-05-16,250.463954312,256.109910594,246.436651923,251.94770813,32550900
2022-05-17,256.389309048,258.528216306,252.872645019,257.073394775,28828800
2022-05-18,253.983089277,254.562524272,244.10382723,245.368911743,31356000
2022-05-19,245.195074084,248.835839111,243.244340063,244.461135864,32692300
2022-05-20,248.420587153,249.676034689,237.990874003,243.901046753,39199300
2022-05-23,246.730529608,252.534471429,244.741144339,251.713607788,33175400
2022-05-24,249.048325582,252.370359003,244.808821393,250.718994141,29043900
2022-05-25,249.289723638,255.508902107,248.314341903,253.51953125,28547900
2022-05-26,253.278079963,257.95213735,252.466882844,256.783630371,25002100
2022-05-27,259.275165038,263.968525633,258.386694301,263.871948242,26910800
2022-05-31,263.186386859,265.349579678,259.70980592,262.54901123,37827700
2022-06-01,265.764795321,268.16941638,260.781702093,263.080108643,25292200
2022-06-02,255.383376679,265.233653274,252.631082678,265.166046143,44008200
2022-06-03,261.042486328,264.074846353,259.207633251,260.762420654,28059000
2022-06-06,262.732495428,264.779807096,258.058437032,259.535980225,22400300
2022-06-07,257.498362224,263.765845588,256.822349671,263.157440186,22860700
2022-06-08,262.394455996,263.640236796,260.366448281,261.139038086,17372300
2022-06-09,258.599209917,263.360178684,255.557212992,255.711730957,26439700
2022-06-10,251.646059705,251.646059705,243.872063952,244.316299438,31422800
2022-06-13,236.706456854,240.48240688,233.249194617,233.954162598,46135800
2022-06-14,235.499352166,237.314901788,233.229915138,236.107757568,28651500
2022-06-15,239.796764161,246.547119423,237.97156283,243.128479004,33111700
2022-06-16,237.54661029,238.937242475,234.688101676,236.571243286,33169200
2022-06-17,236.310536061,241.911687869,235.663508565,239.159393311,43084800
2022-06-21,241.679873711,246.015940139,240.955587332,245.04057312,29928300
2022-06-22,243.253984978,248.352974452,241.786093845,244.451477051,25939900
2022-06-23,246.807834165,250.477540039,244.934344369,249.985015869,25861400
2022-06-24,252.833895942,258.792371735,252.74698511,258.521972656,33923200
2022-06-27,259.014471228,259.101382061,254.253502261,255.808319092,24615100
2022-06-28,254.92950952,257.759047987,247.532127539,247.686645508,27295500
2022-06-29,248.758563697,252.988400799,246.991303192,251.337036133,20069800
2022-06-30,248.237040398,250.632024318,244.229328857,248.024581909,31730900
2022-07-01,247.599739192,250.863831877,245.880752545,250.680343628,22837700
2022-07-05,247.37761952,253.963804533,246.006305647,253.838256836,22941000
2022-07-06,254.707387161,258.802010229,253.40366573,257.08303833,23824400
2022-07-07,256.03039254,259.835312539,255.933815132,259.197937012,20859900
2022-07-08,255.711769647,258.908285021,254.263196657,258.48336792,19658800
2022-07-11,256.542275902,257.392110123,253.191242471,255.441375732,19455200
2022-07-12,256.76438193,256.822322489,243.39887133,244.972991943,35868500
2022-07-13,241.61228376,244.857087362,239.603594413,244.055541992,29497400
2022-07-14,241.979256807,246.392567464,237.507990862,245.368911743,25102800
2022-07-15,246.95268084,251.443250421,246.035254389,247.918395996,29774100
2022-07-18,250.844498881,251.89712481,244.615639392,245.533065796,20975000
2022-07-19,248.748862957,250.815507255,244.982580257,250.632019043,25012600
2022-07-20,250.989426939,255.789033663,250.033378122,253.278167725,22788300
2022-07-21,250.883129864,255.808282685,248.217746802,255.759979248,22404700
2022-07-22,256.146273067,256.233183893,250.187827186,251.433578491,21881300
2022-07-25,252.051685046,252.53454268,248.005335714,249.956069946,21056000
2022-07-26,250.950709989,250.970043153,241.013522899,243.263626099,39348000
2022-07-27,252.206227201,260.791421435,249.975427075,259.52633667,45994000
2022-07-28,260.501652874,268.314284636,258.686103739,266.933319092,33459300
2022-07-29,268.179115258,272.331678713,267.14579295,271.114868164,32152800
2022-08-01,268.29496637,271.636332242,266.382839932,268.47845459,21539600
2022-08-02,266.537455823,268.362672113,263.04157072,265.397918701,22754200
2022-08-03,267.271327858,273.78023838,267.126447012,272.785552979,23518900
2022-08-04,272.138500535,274.069930715,270.564409695,273.925079346,18098700
2022-08-05,269.579351188,273.925068927,269.125463934,273.210449219,16774600
2022-08-08,274.311419277,276.117331645,269.743604768,270.709320068,18739200
2022-08-09,270.052622337,273.37465563,268.092192118,272.621398926,23405200
2022-08-10,278.290167186,279.873924817,277.102326859,279.24621582,24687800
2022-08-11,280.878271141,281.225914466,276.687070719,277.17956543,20065900
2022-08-12,278.589520571,281.901916504,277.102310969,281.901916504,22619700
2022-08-15,281.023068968,284.094035638,280.16356846,283.40838623,18085700
2022-08-16,281.97918336,283.958917284,280.463032833,282.674499512,18102900
2022-08-17,280.40020562,283.893852428,280.138919717,281.929290771,18253400
2022-08-18,280.835781439,282.500338739,279.761546726,280.816436768,17186200
2022-08-19,279.587318255,279.92604193,276.354986518,276.925964355,20570000
2022-08-22,272.987131768,273.354887185,268.283808156,268.796722412,25061100
2022-08-23,267.529022217,269.870997532,266.522538109,267.529022217,17527400
2022-08-24,266.53220789,268.293547581,266.24186062,266.899963379,18137000
2022-08-25,268.390215086,270.025740059,265.670798198,269.861236572,16583400
2022-08-26,270.083752908,271.303145851,259.341588626,259.448028564,27549300
2022-08-29,257.28033796,258.780361936,255.344807908,256.680328369,20338500
2022-08-30,258.073875441,258.441601289,252.257599018,254.493133545,22767100
2022-08-31,256.835171011,258.499698482,252.906017887,253.041519165,24791800
2022-09-01,250.525347794,252.480252206,247.176888803,252.006027222,23263400
2022-09-02,253.264148272,256.206133025,246.267195696,247.805938721,22855400
2022-09-06,247.941405387,249.518837532,243.818717026,245.086486816,21328200
2022-09-07,246.489769436,250.486629281,245.057481215,249.770492554,24126700
2022-09-08,249.209177154,252.035034444,246.576840379,250.186599731,20319900
2022-09-09,252.10285371,256.680394085,251.899631272,255.935195923,22084700
2022-09-12,257.212553658,258.828734034,256.612544146,258.054504395,18747700
2022-09-13,250.496308366,252.006019519,243.480011575,243.867126465,33353300
2022-09-14,245.357476296,246.03490889,241.805780272,244.089706421,23913000
2022-09-15,241.718656624,243.296103457,236.15400814,237.470169067,31530900
2022-09-16,236.38627698,237.392760864,234.257196903,236.850814819,39791800
2022-09-19,234.653987673,237.237918528,233.086213053,236.637908936,26826900
2022-09-20,234.266887626,235.660456864,231.915210927,234.634628296,26660300
2022-09-21,236.395984447,239.676707536,231.199075833,231.247467041,28625600
2022-09-22,230.202240812,235.9991581,229.911923145,233.211990356,31061200
2022-09-23,231.818415402,233.357172933,227.618318958,230.250640869,34176000
2022-09-26,229.408676308,233.666836031,229.26350271,229.795776367,27694200
2022-09-27,232.244266169,234.005605751,226.940917519,228.789352417,27018700
2022-09-28,229.17641466,234.5184813,227.163461798,233.299102783,29029700
2022-09-29,231.189369945,232.215198437,226.853787074,229.844177246,27484200
2022-09-30,230.608755498,232.786227128,225.227983524,225.392501831,35694800
2022-10-03,227.821607124,233.821748354,227.095783231,232.979797363,28880400
2022-10-04,237.189523176,242.289648922,237.083068434,240.85736084,34888400
2022-10-05,238.060535608,242.502573749,236.231460211,241.167053223,20347100
2022-10-06,239.938014289,242.27033192,238.147657564,238.834762573,20239900
2022-10-07,233.134589136,233.541063443,225.653769611,226.689285278,37769600
2022-10-10,225.537648087,226.998967998,219.421365876,221.860137939,29743600
2022-10-11,220.282704181,221.676288394,216.885853736,218.143951416,30474000
2022-10-12,218.134252984,220.514961686,216.740683611,218.472976685,21903900
2022-10-13,212.763147128,228.48932882,212.066355127,226.689285278,42551800
2022-10-14,227.947394615,229.592607167,220.979488559,221.192398071,30198600
2022-10-17,228.218360023,231.257141674,227.560272113,229.87322998,28142300
2022-10-18,235.399193188,236.066938716,227.782871649,230.811981201,26329600
2022-10-19,229.399032274,231.886195663,226.737678255,228.857086182,19985700
2022-10-20,228.1699638,233.531375535,227.298966419,228.537704468,21811000
2022-10-21,227.173180831,235.166915098,226.940911895,234.3152771,26299700
2022-10-24,235.902401906,239.850885059,233.521708166,239.279907227,24911200
2022-10-25,239.28956155,242.947711961,237.905664729,242.579971313,34775500
2022-10-26,223.718229712,230.618398778,222.644009989,223.86340332,82543200
2022-10-27,223.592425068,226.157011246,218.501986348,219.440719604,40424600
2022-10-28,218.947156814,228.973202708,218.763279103,228.266723633,40647700
2022-10-31,226.224755358,227.347366373,223.698887958,224.64730835,28357300
2022-11-01,227.037693812,228.140945413,220.002037541,220.814956665,30592300
2022-11-02,222.063362115,223.844046161,212.947002873,213.005081177,38407000
2022-11-03,212.995418374,213.305110296,207.082372993,207.343673706,36633900
2022-11-04,210.537280181,214.447044311,206.550078311,214.253494263,36789100
2022-11-07,214.834149233,221.047198517,214.147029612,220.524597168,33498000
2022-11-08,221.327867575,224.182771566,218.560058897,221.492385864,28192500
2022-11-09,220.040727241,221.260120614,217.098728086,217.272918701,27852900
2022-11-10,227.840938046,235.486291452,227.424806127,235.147567749,46268000
2022-11-11,235.157237119,239.996062416,234.131393752,239.144424438,34620200
2022-11-14,234.189445038,236.047551966,231.499059665,233.763626099,31123300
2022-11-15,237.741144805,239.037946313,232.292623327,234.170089722,31390100
2022-11-16,235.625826435,236.606033166,233.32576435,234.597106934,24093300
2022-11-17,230.763684756,236.07227944,230.618116818,234.548599243,23123500
2022-11-18,236.32457848,236.547802375,231.976777052,234.102157593,27613500
2022-11-21,234.305968979,237.450369632,234.073060284,234.907684326,26394700
2022-11-22,236.402201935,238.071449778,233.607194345,237.799713135,19665700
2022-11-23,237.877373141,240.953832019,237.062163147,240.274490356,19508500
2022-11-25,240.012437483,241.361421126,239.449550197,240.187133789,9200800
2022-11-28,238.818754683,239.371927611,233.694556358,234.626220703,24778200
2022-11-29,234.27683765,235.625821368,231.180979621,233.238418579,17956300
2022-11-30,233.471353719,247.795815595,232.782297629,247.611419678,47594200
2022-12-01,246.378887044,248.562494822,243.515937587,247.174697876,26041500
2022-12-02,242.448407314,248.504270133,242.322238569,247.4949646,21528500
2022-12-05,244.573757874,246.330361366,240.740316271,242.817169189,23435300
2022-12-06,243.41891893,244.428224543,236.586643915,237.88710022,22463700
2022-12-07,237.605658488,238.89641517,235.062973113,237.159225464,20481500
2022-12-08,237.615349628,241.400278777,235.887874384,240.099807739,22611800
2022-12-09,237.479497431,240.982975737,236.955438029,238.178253174,20609700
2022-12-12,240.148302108,245.088104061,239.876565465,245.058990479,30665100
2022-12-13,253.968104285,256.132312537,245.602466322,249.338867188,42196900
2022-12-14,249.542694646,254.841574413,246.805899199,249.6300354,35410900
2022-12-15,246.233317922,246.699150099,240.041572048,241.66229248,35560400
2022-12-16,241.215857853,242.467786372,236.324568495,237.46975708,86102000
2022-12-19,237.634748311,237.974426544,231.66622651,233.354873657,29696400
2022-12-20,232.335848678,235.742286098,231.384770378,234.665039062,25150800
2022-12-21,234.558283098,238.372310676,233.024903508,237.217422485,23690600
2022-12-22,234.140963677,234.849433708,226.969026273,231.161560059,28651700
2022-12-23,229.142938076,231.821491499,227.036971557,231.685623169,21207000
2022-12-27,231.656512137,231.879721223,228.871203938,229.96786499,16688600
2022-12-28,229.899951352,232.646446709,227.260210756,227.609588623,17457100
2022-12-29,228.696491662,234.781482186,228.696491662,233.898330688,19770700
2022-12-30,231.180976051,232.879337567,229.676710033,232.743469238,21938500
2023-01-03,235.907282308,238.498495107,230.394878058,232.510559082,25740000
2023-01-04,225.425956464,225.998543383,219.29245266,222.339797974,50623400
2023-01-05,220.495875195,220.835553466,215.216394053,215.750167847,39585600
2023-01-06,216.419788343,219.098341827,212.877497282,218.292831421,43613600
2023-01-09,219.768000021,224.416666889,219.729186841,220.418228149,27369800
2023-01-10,221.039335297,224.484586148,220.622030689,222.097183228,27033900
2023-01-11,224.46515687,228.987654528,224.290475364,228.812973022,28669300
2023-01-12,228.318007043,232.821090602,226.668173139,231.472106934,27269500
2023-01-13,230.006704478,232.306766785,227.98807846,232.170898438,21333300
2023-01-17,230.948051371,233.801301072,230.094013417,233.257827759,29831300
2023-01-18,234.441836617,235.227933026,228.570355125,228.851791382,30028700
2023-01-19,226.881705262,228.570367318,223.873172989,225.086288452,28623000
2023-01-20,227.929828623,233.636328247,227.590150385,233.131668091,35389800
2023-01-23,233.985687942,237.935583708,232.57846233,235.422012329,31934000
2023-01-24,235.344382191,236.751593061,233.345170428,234.897949219,40234400
2023-01-25,227.561039575,236.120789116,224.086675223,233.510162354,66526600
2023-01-26,236.460465811,240.98296392,234.859159285,240.682113647,33454500
2023-01-27,241.642866899,242.458076823,239.546600118,240.837356567,26498900
2023-01-30,237.295046137,238.352893906,235.05321149,235.548171997,25867400
2023-01-31,236.266348877,240.633564253,235.781102724,240.497695923,26541100
2023-02-01,240.682092684,247.650220356,238.226748326,245.291931152,31259900
2023-02-02,251.182762871,256.879546542,249.659083224,256.792205811,39940400
2023-02-03,251.881557415,256.404054685,249.513554045,250.726669312,29077300
2023-02-06,249.843571813,250.67818108,247.262058413,249.193328857,22518000
2023-02-07,252.842357319,260.83920438,252.405623938,259.664916992,50841400
2023-02-08,265.138554003,268.593504818,258.354791515,258.859466553,54686000
2023-02-09,265.720791459,265.89550259,255.045375695,255.841186523,42375100
2023-02-10,253.812898062,256.29735645,252.96857434,255.336578369,25818500
2023-02-13,259.742590569,266.497209131,259.267029171,263.313995361,44630900
2023-02-14,264.624162191,266.85628275,261.334178907,264.138916016,37047900
2023-02-15,261.054695449,263.399443343,258.972626066,262.027618408,28922400
2023-02-16,256.871180537,259.517532911,254.80858804,255.051818848,29603600
2023-02-17,252.366529334,253.047557669,249.068305876,251.072525024,30000100
2023-02-21,247.58949511,248.572157057,244.777747618,245.82850647,28397400
2023-02-22,247.210018169,247.453248935,243.561556673,244.699874878,22491100
2023-02-23,248.640230541,249.885570949,243.697779303,247.871627808,29219100
2023-02-24,243.19186174,244.20369522,241.382224202,242.471893311,24990900
2023-02-27,245.624170171,245.974423078,242.637289155,243.386444092,21190000
2023-02-28,242.325989692,244.680462066,241.99518452,242.666503906,22491000
2023-03-01,243.970175806,244.135570941,239.134747117,239.601760864,27565300
2023-03-02,239.874202843,244.592871159,238.959652717,244.31072998,24808200
2023-03-03,245.361480241,248.698599365,244.583138787,248.377532959,30760100
2023-03-06,249.486675844,253.076764637,249.048863396,249.914764404,24109800
2023-03-07,249.36021162,250.71258916,246.529016308,247.268432617,21473200
2023-03-08,247.161387228,247.647848796,244.018849651,246.830596924,17340200
2023-03-09,248.893191625,252.531914475,244.767992386,245.487960815,26653400
2023-03-10,244.281562419,245.945252802,240.895793791,241.858978271,28333900
2023-03-13,240.701198918,250.926631472,239.076418921,247.044662476,33339700
2023-03-14,249.797944727,254.000978615,248.932043974,253.728561401,33620300
2023-03-15,252.940534238,259.264533788,252.19136452,258.252685547,46028000
2023-03-16,258.028900053,269.071582022,256.151165793,268.721343994,54768800
2023-03-17,270.725588215,275.65828571,268.838115047,271.863891602,69527400
2023-03-20,269.480240752,269.966702283,262.54329456,264.858856201,43466600
2023-03-21,267.437103661,267.553849681,262.222220461,266.366882324,34558700
2023-03-22,265.997197348,273.430344859,264.810229854,264.917266846,34873300
2023-03-23,270.414201901,273.449716696,267.748402571,270.141784668,36610900
2023-03-24,269.73320229,273.031425992,267.826281246,272.973052979,28172000
2023-03-27,272.904984641,273.838982692,268.059815936,268.89654541,26840200
2023-03-28,268.322483514,268.663012554,264.683730747,267.777648926,21878600
2023-03-29,271.406624207,273.527619165,270.871528369,272.914672852,25087000
2023-03-30,276.53394389,276.757697201,273.85840536,276.358795166,25053400
2023-03-31,276.047537516,281.437511199,275.337292821,280.493774414,32766000
2023-04-03,278.761901012,280.464516346,276.261511344,279.452697754,24883300
2023-04-04,279.452655659,282.585468589,277.934898308,279.403991699,25824300
2023-04-05,278.110053449,279.374841509,275.259396103,276.640930176,22064800
2023-04-06,275.541537323,284.171360297,274.393495214,283.704376221,29770300
2023-04-10,281.379081013,281.758535273,277.00092707,281.554229736,23103000
2023-04-11,278.012731511,278.236514477,274.014032459,275.171783447,27276600
2023-04-12,277.078752053,279.23864232,274.32536331,275.813934326,27403400
2023-04-13,275.911235523,282.0503774,275.502624482,281.992004395,24222700
2023-04-14,279.228880864,280.668817489,276.008508342,278.392181396,20987900
2023-04-17,282.07963264,283.704427542,278.411722652,280.980224609,23836200
2023-04-18,283.675286968,283.860144792,279.238758575,280.561920166,20161800
2023-04-19,278.246266761,281.22340906,276.835546086,280.639678955,17150300
2023-04-20,277.526307,281.203955033,277.360897013,278.363006592,23244400
2023-04-21,277.292860066,278.518723149,275.395647885,278.02255249,21676400
2023-04-24,274.45190652,277.234482358,271.173160032,274.140563965,26611000
2023-04-25,271.941714851,273.97512034,267.913799415,267.962463379,45772200
2023-04-26,288.666349562,291.45863463,284.803842946,287.372344971,64599200
2023-04-27,287.956086404,296.936178407,287.255580498,296.576171875,46462600
2023-04-28,295.778308109,300.565072276,295.097250185,298.940307617,36469600
2023-05-01,298.65826339,300.244133102,296.887535877,297.286437988,21294100
2023-05-02,299.426786322,300.808320329,295.681026905,297.140411377,26404400
2023-05-03,298.317666277,300.25377368,295.856172103,296.157775879,22360800
2023-05-04,297.947924388,299.426786322,295.184826683,297.140411377,22519900
2023-05-05,297.441992071,303.522760235,296.031241981,302.238494873,28197100
2023-05-08,301.732630898,301.800742637,297.802013454,300.292694092,21318600
2023-05-09,299.660331602,301.645103151,298.016089095,298.687408447,21340800
2023-05-10,300.263548765,304.524957069,299.339289554,303.853637695,30078000
2023-05-11,301.703456242,302.695827106,297.967435139,301.713165283,31680200
2023-05-12,302.141301118,302.238599381,298.298272125,300.604095459,19774700
2023-05-15,300.730602922,301.508929699,299.261479214,301.080841064,16336500
2023-05-16,301.440755039,305.215701468,301.440755039,303.299041748,26730300
2023-05-17,304.498413575,306.585005381,302.987068019,306.165740967,24315000
2023-05-18,306.682436491,311.079920956,305.892648471,310.572875977,27276000
2023-05-19,308.837344383,310.797204513,308.476580625,310.39743042,27546700
2023-05-22,310.650948929,314.54138907,310.075672976,313.166564941,24115700
2023-05-23,312.045327077,314.668214602,307.38458812,307.394348145,30797200
2023-05-24,306.877457831,308.603285397,304.810327101,306.01940918,23384900
2023-05-25,315.175173291,318.743860097,312.016020604,317.788330078,43301700
2023-05-26,315.93569305,325.081666891,315.799201522,324.584411621,36630600
2023-05-30,326.866008947,327.363264193,322.273502209,322.946289062,29503100
2023-05-31,323.999405744,327.558332654,319.163135828,320.196716309,45950600
2023-06-01,317.798058079,325.208444467,316.618255841,324.28213501,26773900
2023-06-02,325.910467234,329.07937978,324.252870307,327.031768799,25873800
2023-06-05,326.856251407,330.112914729,326.310225806,327.558288574,21307100
2023-06-06,326.963471166,327.002481493,323.882339655,325.354644775,20396200
2023-06-07,323.375297573,326.144435754,314.453596824,315.311645508,40717100
2023-06-08,315.857702238,318.490349164,315.282426303,317.144775391,23277700
2023-06-09,316.881488832,321.756738815,316.315972927,318.63659668,22529000
2023-06-12,320.381940744,323.814136054,317.047286149,323.570373535,24260300
2023-06-13,326.124995278,328.572380454,322.146804119,325.949493408,22951300
2023-06-14,325.998190053,330.580936627,324.506364851,328.923339844,26003800
2023-06-15,329.059860982,341.11146383,328.786848192,339.414886475,38899100
2023-06-16,342.554568492,342.700820039,333.418354877,333.788848877,46552000
2023-06-20,330.844172959,333.545050419,327.480238965,329.615600586,26375400
2023-06-21,327.977558978,329.303642432,323.784855941,325.237670898,25117800
2023-06-22,325.783756592,331.634057586,325.023218653,331.234283447,23556800
2023-06-23,326.017657368,329.527842821,325.13038818,326.661193848,23146900
2023-06-26,325.393741327,327.724095742,320.294218267,320.401489258,21520600
2023-06-27,323.580066321,327.763038993,321.083940797,326.222473145,24354100
2023-06-28,326.310299468,329.547473234,325.481500857,327.470611572,20259500
2023-06-29,326.358946807,327.724010728,324.321096067,326.690460205,16997000
2023-06-30,329.323150644,334.17891055,328.786885025,332.043548584,26832800
2023-07-03,330.727231395,332.394558662,328.172605006,329.557159424,12508700
2023-07-05,326.729544781,333.125871259,326.378541017,329.713195801,18172400
2023-07-06,328.884330121,334.432366614,327.129252146,332.755279541,28161200
2023-07-07,330.854007649,333.262382591,328.591884272,328.806396484,21214800
2023-07-10,326.251780717,326.866067063,319.416669757,323.550872803,32791400
2023-07-11,322.800011302,324.555089186,318.841311164,324.174835205,26698200
2023-07-12,328.201798832,333.125788872,327.295009576,328.786834717,29995300
2023-07-13,331.087965363,335.163667095,330.561430048,334.110626221,20567200
2023-07-14,338.917624663,342.661813079,335.719461866,336.626251221,28352700
2023-07-17,337.055294585,338.332607772,333.662139451,337.104064941,20363900
2023-07-18,337.201534619,357.628844398,333.632877739,350.520721436,64738600
2023-07-19,352.724299008,353.416576101,343.646586879,346.220703125,39732900
2023-07-20,344.748422832,349.038636721,336.753001226,338.215576172,33778400
2023-07-21,340.438767948,341.560069716,331.351293034,335.192993164,69405400
2023-07-24,337.221038414,338.264349024,333.769353185,336.499481201,26678100
2023-07-25,338.449584558,343.110352032,336.460504021,342.223052979,41637700
2023-07-26,332.921067367,336.070489513,324.798884375,329.34262085,58383700
2023-07-27,331.98512813,332.813897058,320.840280879,322.46862793,39635300
2023-07-28,325.34495606,331.526769669,324.857431046,329.92767334,28484900
2023-07-31,328.513898995,329.274436898,325.042693198,327.538848877,25446000
2023-08-01,326.827001709,330.093425058,325.374186776,327.948303223,18311900
2023-08-02,325.305949443,325.305949443,318.217316611,319.328887939,27761300
2023-08-03,317.866290109,321.649488753,317.817549513,318.50982666,18253700
2023-08-04,323.599547476,326.778219494,319.07530191,319.601837158,23741500
2023-08-07,320.177171261,322.848798802,319.348372791,321.873748779,17741500
2023-08-08,318.802399334,320.547747493,314.941208944,317.915100098,22327600
2023-08-09,318.324571084,318.948587603,313.039787051,314.190368652,22373300
2023-08-10,317.885856883,320.069989574,313.166617465,314.872955322,20113700
2023-08-11,312.269536442,314.365888084,311.245716043,313.000823975,24355500
2023-08-14,313.371353997,315.974721002,312.094011039,315.955230713,18836100
2023-08-15,314.94113054,316.978981344,312.893519716,313.829559326,16966300
2023-08-16,313.458283639,316.99546277,312.481169251,313.067443848,20698900
2023-08-17,313.204294455,314.503843637,308.973371913,309.628051758,21257200
2023-08-18,307.292674317,311.093663352,304.419955818,309.2371521,24755000
2023-08-21,310.65399675,315.383227213,309.784380376,314.51361084,24040000
2023-08-22,318.050727785,318.617441,314.103177377,315.080291748,16084600
2023-08-23,316.409201728,321.66608213,316.057425027,319.516418457,21166400
2023-08-24,325.232515353,325.359544989,312.637497146,312.647277832,23281400
2023-08-25,314.11298756,317.913947315,311.504078824,315.588439941,21684100
2023-08-28,318.207066954,318.68584345,314.357233979,316.291931152,14808500
2023-08-29,314.513578864,321.45109687,314.513578864,320.894134521,19284600
2023-08-30,321.148192941,322.262087817,318.978997848,321.265441895,15222100
2023-08-31,321.666111011,323.336968486,319.301480759,320.259063721,26411000
2023-09-01,323.727805738,324.392236448,319.301478203,321.138458252,14942000
2023-09-05,321.470645209,327.186770548,321.138429883,325.916503906,18553900
2023-09-06,325.750398012,326.805668426,322.623620057,325.26184082,17535800
2023-09-07,323.708224835,325.45723807,321.499936838,322.359802246,18381000
2023-09-08,322.535724662,328.466816887,321.92013775,326.620056152,19530100
2023-09-11,329.522062655,330.675080351,327.753487912,330.206054688,16583300
2023-09-12,328.134577456,329.082379653,323.893904377,324.177246094,17565500
2023-09-13,323.727755867,329.140977765,323.590975363,328.369049072,16544400
2023-09-14,331.388353036,333.059210362,328.867410926,330.948669434,20267000
2023-09-15,329.209367025,329.678362811,322.105726895,322.662689209,37679800
2023-09-18,320.298123056,322.838626734,318.891075782,321.529296875,16834200
2023-09-19,318.705376752,321.851685916,317.083363475,321.128601074,16505900
2023-09-20,321.968986008,322.047142042,313.17495612,313.428985596,21436500
2023-09-21,311.953566544,317.904189923,307.791049476,312.217376709,35560400
2023-09-22,313.966426874,314.093456526,308.914731973,309.755065918,21447900
2023-09-25,309.344678508,310.399978876,307.791070019,310.272949219,17836000
2023-09-26,307.918114491,308.650950407,302.925043609,304.996551514,26297600
2023-09-27,305.15284645,307.10707545,302.602591918,305.631652832,19410100
2023-09-28,303.872841847,308.260106417,302.368106922,306.462219238,19683600
2023-09-29,310.478124212,312.158762301,307.771527853,308.523895264,24147300
2023-10-02,309.041733666,314.523360822,307.966901889,314.435394287,20570000
2023-10-03,313.487505469,314.034716802,304.087672542,306.217803955,21033500
2023-10-04,306.843203514,312.715670019,306.813891277,311.660369873,20720100
2023-10-05,311.787428862,312.657074987,307.693317159,312.051239014,16965600
2023-10-06,309.3055603,321.656300985,309.061281693,319.770477295,25673600
2023-10-09,317.3179039,322.740876935,315.783827123,322.271881104,19891200
2023-10-10,323.385795304,323.522605642,320.171110181,320.874633789,20557100
2023-10-11,323.630108864,325.20327883,321.607504363,324.812438965,20063200
2023-10-12,323.004713359,325.994681029,321.197045761,323.581207275,19313100
2023-10-13,324.773250753,326.190048575,318.891003675,320.229675293,21072400
2023-10-16,323.473736007,328.44727494,323.034052383,325.027374268,22158000
2023-10-17,322.047097781,325.828525342,319.916995769,324.460571289,18338500
2023-10-18,324.880712504,327.90977269,320.786601347,322.555175781,23153600
2023-10-19,324.548540656,329.170302484,323.336928347,323.737548828,25052100
2023-10-20,324.12841644,324.323851263,318.001919386,319.194000244,25027700
2023-10-23,318.021398586,325.115258084,316.966128242,321.783294678,24374700
2023-10-24,323.717974008,324.245624109,320.102668785,322.965606689,31153600
2023-10-25,337.123958422,338.276975936,329.893318708,332.873535156,55053800
2023-10-26,332.746601657,333.811652953,319.457837636,320.386108398,37828500
2023-10-27,322.867891094,329.013948773,320.884350134,322.262084961,29856500
2023-10-30,325.779744091,331.681523931,324.235886505,329.590484619,22828100
2023-10-31,331.095185687,331.241746868,327.030386631,330.37210083,20265300
2023-11-01,332.013746506,339.469134962,331.876936162,338.150024414,28158800
2023-11-02,339.293210443,340.846818832,336.87973657,340.348510742,24348100
2023-11-03,341.628516165,346.279590302,339.381135129,344.725952148,23637700
2023-11-06,345.361106154,349.357500582,345.263388747,348.370605469,23828300
2023-11-07,351.174878272,354.164845685,349.445396672,352.279022217,25833900
2023-11-08,353.402767355,355.542650509,352.298623192,354.888000488,26767800
2023-11-09,354.008564807,356.441600144,352.112960327,352.435424805,24847300
2023-11-10,353.217111145,361.630082498,352.806739754,361.20993042,28042100
2023-11-13,359.79306408,360.037342679,357.526151524,358.288299561,19986500
2023-11-14,362.519258099,363.437748109,358.943015471,361.796173096,27683900
2023-11-15,363.519387129,365.330723821,359.436536637,361.943054199,26860100
2023-11-16,363.206099575,368.483450886,362.442404512,368.307220459,27182300
2023-11-17,365.800680276,366.544804096,359.32885877,362.119293213,40157000
2023-11-20,363.460639931,370.950731166,363.245237248,369.550628662,52465100
2023-11-21,367.817601828,368.356093546,363.362689902,365.271942139,28423100
2023-11-22,370.098915558,371.851508736,367.132250843,369.952056885,23345300
2023-11-24,369.442886265,370.069523075,367.298689999,369.540802002,10176600
2023-11-27,368.904400973,372.683733333,368.336537499,370.696136475,22179200
2023-11-28,370.441633,374.994431479,370.25560204,374.700714111,20453100
2023-11-29,375.738463586,376.267154719,369.550560257,370.931091309,28963400
2023-11-30,370.578634033,372.145196139,367.621770094,370.989868164,30554400
2023-12-01,368.884823863,370.255554537,363.548729955,366.681854248,33040500
2023-12-04,361.384930513,361.796134773,355.314513435,361.424102783,32063300
2023-12-05,358.790359223,365.281751787,357.977691411,364.733459473,23065000
2023-12-06,365.732160422,366.358767407,360.337322574,361.091217041,21182100
2023-12-07,360.533142231,363.685837893,358.663062114,363.196289062,23118900
2023-12-08,361.482885094,366.632918711,360.533159124,366.407745361,20154400
2023-12-11,360.777907804,363.832687648,358.447650648,363.53894043,27708800
2023-12-12,363.098382316,366.593768221,362.716519877,366.554595947,24838300
2023-12-13,368.160305028,369.746468395,363.020042122,366.544799805,30955500
2023-12-14,365.50690313,365.947508978,356.518794813,358.281158447,43277500
2023-12-15,359.181961994,364.615941745,358.623869189,362.980865479,78502300
2023-12-18,361.72765361,365.203438459,360.973729266,364.860748291,21802900
2023-12-19,363.724925059,365.457946777,362.10942014,365.457946777,20603700
2023-12-20,367.161590587,368.170059893,362.785023232,362.873138428,26316700
2023-12-21,364.772651194,366.583987986,362.305335648,365.732177734,17708000
2023-12-22,365.869184346,367.337830747,364.919458478,366.750366211,17107500
2023-12-26,367.161624973,369.061076836,365.692978473,366.828735352,12673100
2023-12-27,365.879006224,367.220365235,365.017395505,366.251068115,14905400
2023-12-28,367.523845175,368.591057927,366.339145497,367.43572998,14327000
2023-12-29,368.140698335,369.276455139,365.673383135,368.179870605,18730800
2024-01-02,366.045412167,368.042779625,359.10361381,363.117919922,25258600
2024-01-03,361.296784675,365.457949126,360.807235916,362.853546143,23083500
2024-01-04,362.92212325,365.301323265,359.495281624,360.249176025,20901500
2024-01-05,361.25767175,364.283079992,358.839299288,360.063171387,21004600
2024-01-08,361.580712617,367.357412055,361.296795841,366.858062744,23134000
2024-01-09,364.234131653,368.130921234,363.431264397,367.935119629,20830000
2024-01-10,368.502976592,376.139956166,368.454033662,374.769195557,25514200
2024-01-11,377.931660398,382.513829835,372.429136859,376.590301514,27850800
2024-01-12,377.432315087,380.555638746,376.609876709,380.350036621,21661200
2024-01-16,385.431520548,385.793781837,379.517763356,382.112365723,27202300
2024-01-17,379.87025586,381.95570842,376.766503662,381.329101562,22234100
2024-01-18,383.532092246,385.754632921,381.965530195,385.637145996,23392100
2024-01-19,387.487675428,390.336853027,385.274905292,390.336853027,29331100
2024-01-22,391.658596997,392.246061511,385.363006828,388.221984863,27016900
2024-01-23,387.477830096,391.031958751,385.6958655,390.561981201,20525900
2024-01-24,393.146869507,397.151375216,392.079656679,394.14553833,24867000
2024-01-25,395.868765329,398.502540374,394.116172186,396.40725708,21021200
2024-01-26,395.917682766,397.680076334,394.018231075,395.486877441,17803300
2024-01-29,397.572322373,401.410397662,395.878472967,401.155822754,24510200
2024-01-30,403.642770191,404.416235751,397.95421575,400.049468994,33477600
2024-01-31,398.453563358,406.638835087,388.90736146,389.269622803,47871100
2024-02-01,393.430804958,399.47185075,393.401433223,395.340057373,30657700
2024-02-02,395.369365031,404.024583476,395.124590653,402.624481201,28256700
2024-02-05,401.332093687,402.565766204,395.54562338,397.170928955,25352300
2024-02-06,397.396175185,399.442485772,394.488253851,397.014312744,18382600
2024-02-07,398.923594398,405.6401907,398.884422121,405.39541626,22340500
2024-02-08,405.395358096,406.873805065,403.907140468,405.454101562,21225300
2024-02-09,406.570285547,412.023866446,406.413626343,411.759490967,22032800
2024-02-12,411.769283443,411.945513839,406.080728788,406.580078125,21202900
2024-02-13,396.475805791,401.498581529,394.958216381,397.826965332,27824900
2024-02-14,400.279215745,402.01541248,396.84603705,401.672088623,20401200
2024-02-15,400.347886385,401.318975922,396.571383835,398.798034668,21825500
2024-02-16,400.171269334,400.494985778,395.737575396,396.345733643,22296500
2024-02-20,395.541457918,396.767593307,390.411326607,395.100067139,24307900
2024-02-21,392.530073212,394.609593942,389.636381859,394.501678467,18518900
2024-02-22,402.358745417,404.948327553,400.769678889,403.790863037,27009900
2024-02-23,407.734116743,407.920461757,401.162019957,402.505859375,16295900
2024-02-26,403.60448178,404.291129498,399.582752151,399.759338379,16193500
2024-02-27,400.200743335,400.524459818,396.139798787,399.700500488,14835800
2024-02-28,400.387091947,401.485704314,397.581708934,399.935882568,13183100
2024-02-29,400.838348317,406.292195611,398.170276769,405.742889404,31947300
2024-03-01,403.418099881,407.930283535,403.035561254,407.567352295,17823400
2024-03-04,405.546719099,409.382074042,404.448106622,406.998474121,17596000
2024-03-05,406.056777619,406.341249398,392.99110226,394.96270752,26919200
2024-03-06,395.276564571,397.424755848,390.784018345,394.413360596,22344100
2024-03-07,398.366434456,401.95656207,394.560505841,401.328796387,18718500
2024-03-08,400.171278651,402.584334242,396.610577293,398.464508057,18002200
2024-03-11,396.051496691,397.934823635,393.599226239,396.796966553,16120800
2024-03-12,399.837861887,407.636095342,399.023721118,407.351623535,22457000
2024-03-13,410.117743044,410.196202532,403.594709205,407.175018311,17115900
2024-03-14,412.216872786,419.652174074,410.009829227,417.101806641,34157300
2024-03-15,411.285050672,414.53185476,404.909146704,408.469848633,45079900
2024-03-18,406.341235158,412.697531279,405.880207092,409.352630615,20106000
2024-03-19,409.852864314,413.619578185,407.616394793,413.364532471,19837900
2024-03-20,413.943258535,417.827646608,412.628845145,417.111602783,17860100
2024-03-21,421.623786324,422.594905862,419.004778021,421.172576904,21296200
2024-03-22,421.496197668,421.653116612,417.935496686,420.554504395,17648500
2024-03-25,417.121431755,419.250015916,413.560729872,414.786865234,18060500
2024-03-26,417.484302434,417.85705232,413.30565408,413.599914551,16725600
2024-03-27,416.336698676,416.346517337,411.01037408,413.384155273,16705000
2024-03-28,412.923091485,413.815721505,411.118224059,412.687683105,21871200
2024-04-01,415.856044585,419.720825299,414.159062617,416.464202881,16316000
2024-04-02,412.089357177,414.316038098,409.86270619,413.393981934,17912000
2024-04-03,411.716596484,415.179201122,411.088800887,412.422851562,16502300
2024-04-04,416.876128283,420.48589288,409.597806867,409.901885986,19370900
2024-04-05,411.991243042,418.367146039,410.333505869,417.396026611,16554800
2024-04-08,417.052769226,419.122471242,415.218445673,416.483825684,14272400
2024-04-09,418.298550487,419.573719342,413.570565154,418.141601562,12496900
2024-04-10,414.129620299,415.934487729,411.687168548,415.179199219,16216600
2024-04-11,417.690338343,421.172550491,414.296374406,419.760040283,17966400
2024-04-12,415.954100402,417.062531431,411.755814602,413.845153809,19253800
2024-04-15,418.45545152,418.671252525,405.536877125,405.742889404,20273500
2024-04-16,406.655128266,410.41199358,405.831168952,406.664916992,16765600
2024-04-17,409.283950899,410.882836072,402.496052909,403.977233887,15855500
2024-04-18,402.790318699,404.026272548,396.237859437,396.551727295,21029900
2024-04-19,396.316385491,397.738714523,390.175889857,391.50012207,30565800
2024-04-22,392.441727661,395.158862452,388.194408454,393.304931641,20286900
2024-04-23,396.522346563,400.406764837,395.364881998,399.788787842,15734500
2024-04-24,401.740759275,404.595205724,399.013835681,401.250305176,15065300
2024-04-25,386.507271018,392.255408847,380.621821602,391.421630859,40586500
2024-04-26,404.300971913,405.1151126,398.013346355,398.562652588,29694700
2024-04-29,397.513098509,398.5626776,391.568796457,394.570373535,19582100
2024-04-30,393.824756904,394.481978458,381.739992678,381.896911621,28781400
2024-05-01,385.114399721,394.050490049,382.858322567,387.399932861,23562500
2024-05-02,390.067950548,392.29460134,387.115407346,390.244506836,17709400
2024-05-03,394.599765799,399.37678414,394.187771166,398.896148682,17446700
2024-05-06,400.956065673,406.027344559,398.611680587,405.644805908,16996600
2024-05-07,406.74337133,406.753189991,401.279705827,401.524932861,20018200
2024-05-08,400.377309263,404.359794121,398.945161752,402.702056885,11792300
2024-05-09,402.731469805,404.840416358,401.289533614,404.448059082,14689700
2024-05-10,405.056215675,407.449633966,403.93796601,406.821838379,13402300
2024-05-13,410.02942391,410.362929088,402.976691942,405.82131958,15440200
2024-05-14,404.153815282,409.519384725,403.692787197,408.607147217,15109300
2024-05-15,410.660897707,416.468524998,410.041806119,415.751159668,22239500
2024-05-16,414.493323488,418.050640937,413.068459224,413.697357178,17530100
2024-05-17,415.220563596,415.593985848,410.788678428,412.930908203,15352200
2024-05-20,412.930905505,419.377267532,412.714715255,417.972045898,16272100
2024-05-21,419.436232282,425.469886644,417.490549987,421.607971191,21453300
2024-05-22,422.639803244,424.919622461,419.731085959,423.062347412,18073700
2024-05-23,425.469918954,426.089010636,418.050715117,419.60333252,17211700
2024-05-24,419.79003406,423.592991463,417.058191612,422.708587646,11855300
2024-05-28,422.187733826,423.357122435,419.210222238,422.865783691,15718000
2024-05-29,418.315958992,423.475015517,418.315958992,421.735687256,15517100
2024-05-30,416.950036235,416.950036235,407.06430334,407.486877441,28394500
2024-05-31,409.530836515,409.530836515,397.502873853,407.938903809,47995300
2024-06-03,408.331941673,409.216345341,401.836458408,406.356750488,17484700
2024-06-04,405.285679836,409.226226263,402.583316673,408.862640381,14348900
2024-06-05,410.572457476,416.733834209,409.08860495,416.66506958,16988000
2024-06-06,416.66508413,417.942552847,413.294477613,417.166229248,14861300
2024-06-07,418.817171709,418.895772715,415.672591644,416.507873535,13621700
2024-06-10,417.343120231,420.664544783,416.547153905,420.458190918,13982900
2024-06-11,418.109615781,425.322464727,417.88358917,425.184875488,14551100
2024-06-12,427.779179477,435.719200537,425.74502984,433.41973877,22366200
2024-06-13,433.213359235,435.709368352,431.758985815,433.93069458,15960600
2024-06-14,430.687869813,435.463697795,429.154895397,434.903564453,13582000
2024-06-17,434.923213854,443.128576651,433.0856118,440.603088379,20790000
2024-06-18,441.919894779,442.3424689,437.183411971,438.608276367,17112500
2024-06-20,438.568952621,438.79497924,433.626086037,437.979370117,19877400
2024-06-21,439.630227658,442.774777399,438.775303103,441.988647461,34187100
2024-06-24,442.008330584,444.907241225,438.67706943,439.915252686,15913700
2024-06-25,440.485186506,443.600287356,439.011170266,443.138427734,16413400
2024-06-26,441.222189173,445.742511586,440.426222812,444.327453613,16507000
2024-06-27,444.347116544,448.268020266,443.94421516,445.005523682,14806300
2024-06-28,445.221714828,447.491697518,438.677078892,439.207733154,28362300
2024-07-01,440.888053863,449.447165775,437.94002161,448.818267822,17662800
2024-07-02,445.349491224,451.628785366,445.261023851,451.324157715,13979800
2024-07-03,450.253004813,453.033968935,449.948377188,452.788299561,9932800
2024-07-05,451.648365175,460.236986419,451.019467205,459.460662842,16000300
2024-07-08,458.468171324,459.59827443,456.414378967,458.163543701,12962300
2024-07-09,458.910386011,459.234656386,450.066288636,451.579620361,17207200
2024-07-10,453.230534075,458.379754764,450.911399498,458.173400879,18196100
2024-07-11,454.96002403,456.728831473,443.727997801,446.823455811,23111200
2024-07-12,446.45984661,448.454680697,442.843600679,445.693359375,16324300
2024-07-15,445.447681718,449.339106061,443.610079661,446.096252441,14429400
2024-07-16,446.351781121,446.430382127,438.922741522,441.733184814,17175700
2024-07-17,434.923244779,437.144105595,431.5723108,435.837127686,21778000
2024-07-18,436.642930214,436.947557849,426.875113163,432.741699219,20794800
2024-07-19,425.597630596,433.498366081,424.51667935,429.538146973,20940400
2024-07-22,434.137108251,436.898429672,431.306992206,435.267181396,15808800
2024-07-23,436.210517905,440.622760087,435.424387934,437.144073486,13107100
2024-07-24,432.820373059,433.832529815,420.183123174,421.470428467,26805800
2024-07-25,421.372092005,422.354769487,410.277684833,411.152252197,29943800
2024-07-26,410.955721973,421.490025447,410.041809152,417.90322876,23583800
2024-07-29,424.103944082,424.664077457,417.343148044,419.337982178,15125800
2024-07-30,420.310803425,421.617751248,410.130249368,415.593963623,32687600
2024-07-31,413.21583875,414.473664599,405.069434864,411.103088379,42891400
2024-08-01,413.500858378,420.055300267,405.934229911,409.88458252,30296400
2024-08-02,405.34461979,407.811149835,397.335804412,401.413909912,29437900
2024-08-05,382.428630708,394.093008288,378.900791956,388.305023193,40709200
2024-08-06,393.071002763,398.642797422,391.596986503,392.687744141,24946500
2024-08-07,401.561357343,402.976385386,390.584836217,391.528198242,20650900
2024-08-08,395.468716623,398.829456719,393.01202299,395.714385986,20203000
2024-08-09,397.031145405,400.981497724,395.291817218,398.986663818,19276700
2024-08-12,400.008700381,401.679264125,397.237542636,399.763031006,16762900
2024-08-13,402.49480978,407.761975939,402.475167029,406.838256836,19414300
2024-08-14,407.614663559,410.484095396,405.30539515,409.638977051,18267000
2024-08-15,413.271539197,414.56116455,411.164834668,414.482421875,20752100
2024-08-16,414.059130299,414.787612725,410.810431555,411.962249756,22775600
2024-08-19,412.444599642,415.191219798,409.983478007,414.974639893,15234000
2024-08-20,415.141989457,419.237269223,415.082924944,418.193756104,16387600
2024-08-21,417.484942311,419.768870236,415.161658073,417.544036865,16067300
2024-08-22,417.760605989,420.152838991,408.162231852,409.087615967,19361900
2024-08-23,410.495397251,412.739938908,405.681429068,410.308349609,18493800
2024-08-26,409.894878778,410.790730653,404.943103281,407.059661865,13152800
2024-08-27,406.439495769,407.916168891,403.870098956,407.404266357,13492900
2024-08-28,408.428069235,408.546198269,400.975785589,404.214630127,14882700
2024-08-29,408.487169033,415.486585265,404.214665039,406.695465088,17045200
2024-08-30,409.136925063,410.997517663,405.720886544,410.652984619,24308300
2024-09-03,411.410943718,413.350308783,400.700137474,403.072662354,20313600
2024-09-04,399.597524005,404.844621681,398.08146479,402.541015625,15135800
2024-09-05,401.280956771,406.675746227,399.814137886,402.039001465,14195500
2024-09-06,402.698561067,404.263830811,394.567005631,395.453033447,19609500
2024-09-09,400.906934913,402.295011379,395.896093936,399.410583496,15295100
2024-09-10,401.851944667,409.85548683,401.35972035,407.758636475,19594300
2024-09-11,409.038430116,417.396389869,403.210480661,416.461181641,19266900
2024-09-12,416.726970571,420.72382983,413.222335655,420.359588623,17395700
2024-09-13,419.207752636,425.114444497,418.843511445,423.893737793,15874600
2024-09-16,423.903628151,426.788055713,421.560635372,424.632110596,13834700
2024-09-17,433.383859205,434.978661282,425.547625973,428.382843018,18874200
2024-09-18,428.235194112,429.249175094,423.716578082,424.110351562,18898000
2024-09-19,434.368336628,434.634126978,430.105656679,431.867828369,21706600
2024-09-20,430.420663552,432.409239119,427.467317441,428.500976562,55167100
2024-09-23,427.526355704,429.672446537,423.696866104,426.768341064,15128900
2024-09-24,426.266274803,426.610837846,419.473584977,422.495849609,17015800
2024-09-25,423.145594761,426.384439574,421.90520976,425.390136719,13396400
2024-09-26,428.323722922,428.530448709,422.456417882,424.602508545,14492000
2024-09-27,424.809248071,425.134132932,420.822243267,421.363677979,14896100
2024-09-30,421.550812497,423.726465977,418.754981508,423.608306885,16807300
2024-10-01,421.787005137,421.816537393,412.296906428,414.147674561,19092900
2024-10-02,416.008293474,416.244581577,410.229584758,410.643066406,16582300
2024-10-03,411.1353013,413.025425916,407.84724636,410.062255859,13686400
2024-10-04,411.735781947,413.22230898,408.51664577,409.589691162,19169700
2024-10-07,409.530641983,410.623365574,402.639501373,403.171112061,20919800
2024-10-08,404.509934292,409.195919364,401.822408771,408.260681152,19229300
2024-10-09,409.392771772,413.842498578,407.857034392,410.967895508,14974300
2024-10-10,408.772608676,410.859634931,406.724938736,409.37310791,13848400
2024-10-11,409.668479059,410.643073617,406.823408016,409.845672607,14144900
2024-10-14,411.27310627,417.445618602,411.026994105,412.621826172,16653100
2024-10-15,415.614563948,415.909916597,408.802195456,412.228057861,18900200
2024-10-16,408.713564988,409.885031259,404.096498352,409.648773193,15508900
2024-10-17,415.79177752,415.929614771,409.127070011,410.239501953,14820000
2024-10-18,410.652977554,413.123923557,409.786657823,411.657104492,17145300
2024-10-21,409.648818713,412.444649624,407.315679927,412.267456055,14206100
2024-10-22,411.981917518,423.883898426,411.538933639,420.861663818,25482200
2024-10-23,424.159515097,424.376094994,415.959071367,417.996887207,19654400
2024-10-24,418.715553635,419.355469326,415.831126145,418.124908447,13581600
2024-10-25,420.123331167,425.793735173,419.936283513,421.491699219,16899100
2024-10-28,424.947156085,425.222800536,419.670495099,419.955993652,14882400
2024-10-29,421.34399057,426.433602927,419.178191685,425.232574463,17644100
2024-10-30,430.63723552,431.680748723,425.380283143,425.803588867,29749100
2024-10-31,408.900562275,409.688139193,399.981460227,400.030700684,53971000
2024-11-01,402.649353947,409.038416104,401.162826865,403.988189697,24230400
2024-11-04,403.427098435,404.037481916,399.262899319,402.107940674,19672300
2024-11-05,402.01927565,408.447723897,401.73377714,405.061218262,17626000
2024-11-06,406.00635868,413.911480785,404.135882058,413.6456604,26681800
2024-11-07,414.728539342,420.211925708,413.350317196,418.813995361,19901800
2024-11-08,418.705699099,419.867341274,415.220742532,415.968933105,16891400
2024-11-11,415.949273347,418.203669387,409.530678338,411.509429932,24503300
2024-11-12,411.745691141,417.839431328,410.712031967,416.45135498,19401200
2024-11-13,415.082950596,422.65333321,411.706268834,418.587585449,21502200
2024-11-14,418.390689826,421.511405367,413.468446417,420.251312256,30246900
2024-11-15,413.291253478,416.224891327,407.207367824,408.546203613,28247600
2024-11-18,408.418229308,411.893332034,405.691317212,409.294403076,24727000
2024-11-19,406.685573577,411.440477453,405.149836063,411.292816162,18133500
2024-11-20,410.387139031,410.800620718,404.19494808,409.028594971,19191700
2024-11-21,413.80284234,414.079038504,404.717930202,407.262878418,20780200
2024-11-22,405.78327738,411.731384185,405.477489824,411.33682251,24814600
2024-11-25,412.69804257,415.361356173,409.215984227,413.102478027,27691100
2024-11-26,413.891605944,423.213278917,413.161665409,422.177520752,23458900
2024-11-27,419.336687464,421.427921634,416.288655489,417.245483398,18332400
2024-11-29,414.384847961,419.10980447,412.125939511,417.709075928,16271900
2024-12-02,415.844774791,427.119539711,415.58829615,425.126983643,20207200
2024-12-03,424.002417881,426.596705148,421.930931577,425.343963623,18302000
2024-12-04,427.149097525,433.698935349,426.754535873,431.479492188,26009400
2024-12-05,431.972704079,438.621159774,430.2464705,436.608856201,21697800
2024-12-06,436.293187858,440.041598774,435.770386901,437.545959473,18821000
2024-12-09,436.589140224,442.241302926,434.517653901,439.962677002,19144400
2024-12-10,438.354836133,443.513789205,435.602718177,437.309204102,18469500
2024-12-11,438.019420871,444.233879711,438.019420871,442.892333984,19200200
2024-12-12,443.01075016,449.965024174,443.01075016,443.454650879,20834800
2024-12-13,442.34983295,445.299216755,439.528658355,441.195709229,20177800
2024-12-16,441.195723418,446.039045508,439.23275876,445.457061768,23598800
2024-12-17,444.884927286,449.106800203,443.464481248,448.28805542,22733500
2024-12-18,445.190733278,446.502657606,431.084920253,431.449920654,24444500
2024-12-19,435.622448174,437.161259739,430.394438385,431.094787598,22963700
2024-12-20,427.228000341,437.713641133,422.808861642,430.670623779,64263700
2024-12-23,430.808713722,431.70635881,426.95181102,429.33895874,19152500
2024-12-24,428.747060657,433.629847299,428.293316295,433.363494873,7164500
2024-12-26,433.11692303,434.95167837,430.700214085,432.160095215,8194200
2024-12-27,428.69780849,429.309383603,420.559849745,424.683074951,18117700
2024-12-30,420.273761775,421.743516749,416.170254292,419.060455322,13158700
2024-12-31,420.313291875,420.934740884,414.947168193,415.775756836,13246500
2025-01-02,419.750981034,420.283655856,409.216030699,412.895355225,16896500
2025-01-03,415.361395025,418.271343787,413.842331089,417.600585938,16662900
2025-01-06,422.187446616,428.421623613,419.701680898,422.039489746,20573600
2025-01-07,423.173844852,424.801430543,415.085195217,416.633880615,18139100
2025-01-08,417.70906129,421.171402276,415.815153305,418.794128418,15054600
2025-01-10,418.86319942,418.942099713,409.383695035,413.260345459,20201100
2025-01-13,409.600731839,412.816468322,406.690813027,411.524261475,17604800
2025-01-14,412.135823882,414.039605807,405.142115022,410.024902344,16935900
2025-01-15,413.437842784,422.335332241,412.589506703,420.520324707,19637800
2025-01-16,422.877915087,423.657164566,418.626450824,418.813842773,15300000
2025-01-17,428.194739821,428.579457788,422.355154566,423.203460693,26197500
2025-01-21,424.357527613,425.048002951,419.819993532,422.680603027,26085700
2025-01-22,431.617552531,441.195673863,430.078741095,440.140228271,27803800
2025-01-23,435.997314759,440.682806264,435.504105127,440.643341064,18389300
2025-01-24,439.114363989,440.584118928,435.405418255,438.029296875,15549500
2025-01-27,418.251614675,429.289647933,417.74853125,428.658325195,35647800
2025-01-28,428.697790521,442.290645899,425.521519491,441.126678467,23491700
2025-01-29,440.623556901,440.810978942,434.418972239,436.322753906,23581400
2025-01-30,413.082758843,417.117209771,407.548961563,409.354095459,54586300
2025-01-31,413.289933304,414.976701732,409.275199877,409.423156738,34161900
2025-02-03,406.010143809,409.768398508,403.110068988,405.339385986,25679100
2025-02-04,407.085345209,408.298651672,404.175396505,406.769683838,20532100
2025-02-05,406.749979084,408.209860291,404.826449527,407.677215576,16316700
2025-02-06,408.377561339,412.520534147,408.377561339,410.172851562,16309800
2025-02-07,410.823853334,412.964366005,402.557656143,404.185241699,22886800
2025-02-10,408.091489633,409.817723279,405.339401666,406.621734619,20817900
2025-02-11,404.076782888,406.888053577,403.741373864,405.852325439,18140600
2025-02-12,401.679760294,405.171692746,398.878333335,403.484924316,19121700
2025-02-13,401.472606248,405.418282968,400.841283524,404.964538574,23891700
2025-02-14,402.251916559,403.356701308,400.367852169,402.883209229,22758500
2025-02-18,402.459040262,405.023736245,400.979411438,404.076782227,21423100
2025-02-19,402.340672257,409.847307996,402.113785001,409.137084961,24114200
2025-02-20,410.471416363,414.444761617,407.753324496,411.30166626,23508700
2025-02-21,412.497610927,413.199364369,403.157277136,403.47354126,27524800
2025-02-24,403.770119656,404.620126706,394.686747654,399.312438965,26443700
2025-02-25,396.446055172,397.256547977,392.097114268,393.283172607,29387400
2025-02-26,393.391966164,398.917102709,389.675583163,395.092010498,19619000
2025-02-27,396.614137378,401.032274111,387.619746903,387.97555542,21127400
2025-02-28,388.104012336,393.016347173,382.084677563,392.383758545,32845700
2025-03-03,394.192550601,394.192550601,381.679439317,383.982391357,23007700
2025-03-04,378.951442219,388.024920361,376.579295211,384.100982666,29342900
2025-03-05,384.822533208,397.009486657,384.298683938,396.367004395,23433100
2025-03-06,389.705180173,397.483859981,388.123738891,392.284912109,23304600
2025-03-07,387.767956487,390.219161984,381.066625373,388.746459961,22034100
2025-03-10,381.363142375,381.916642351,372.843164,375.749053955,32840100
2025-03-11,374.602487241,381.521266688,372.536740997,376.035675049,30380200
2025-03-12,378.506672871,380.750323378,374.553084561,378.822937012,24253600
2025-03-13,378.714261136,380.84920263,373.070521773,374.375183105,20473000
2025-03-14,375.373449377,385.702211136,375.106593019,384.051574707,19952800
2025-03-17,382.213177687,388.153423857,381.096284118,384.189971924,22474300
2025-03-18,382.578896379,382.875403462,376.678164121,379.070068359,19486900
2025-03-19,381.056691833,385.158533325,379.544445639,383.320129395,19185500
2025-03-20,381.264289136,387.244109711,378.832840706,382.351531982,18470500
2025-03-21,378.773554402,387.194687203,378.35841433,386.720275879,39675900
2025-03-24,390.812223126,390.812223126,385.287086733,388.519134521,21004500
2025-03-25,389.349379,391.761040051,388.084231984,390.574981689,15775000
2025-03-26,390.416857188,390.723257878,384.06147103,385.445220947,16108400
2025-03-27,385.603365624,387.688869027,382.905030681,386.048126221,13766800
2025-03-28,383.577170974,384.615006129,372.556548259,374.404846191,21632000
2025-03-31,368.217455608,372.694893161,362.978933,371.034393311,35184700
2025-04-01,370.302970523,378.407838875,368.899463521,377.755493164,19689500
2025-04-02,373.584455994,380.611944951,372.250113866,377.706085205,16092600
2025-04-03,370.44132213,373.100112488,365.064440007,368.780792236,30198000
2025-04-04,359.905026761,370.243651576,355.308986458,355.664794922,49209900
2025-04-07,346.808771376,366.695315749,340.789436793,353.707763672,50425000
2025-04-08,363.987159552,369.314604731,346.186116473,350.446105957,35868900
2025-04-09,349.437940973,388.667426732,349.003043809,385.959197998,50199700
2025-04-10,377.626954839,379.445601697,363.532403988,376.925201416,38024400
2025-04-11,376.223492045,385.524282346,374.493797095,383.942871094,23839200
2025-04-14,388.657535025,390.070935734,379.752066902,383.310302734,19251200
2025-04-15,384.002137049,387.342923812,379.702603966,381.254394531,17199900
2025-04-16,376.253122907,377.182188395,363.730118858,367.298217773,21967800
2025-04-17,369.413396373,369.976789929,362.633007108,363.512664795,21120200
2025-04-21,358.610267621,360.251010539,351.543233905,354.953186035,20807300
2025-04-22,359.163723999,363.502771353,355.684547087,362.563812256,19485000
2025-04-23,371.69659619,375.976372354,368.69186068,370.04598999,20545500
2025-04-24,371.340771086,383.942833043,370.836678955,382.806152344,22232300
2025-04-25,382.509673842,387.609806447,380.137526859,387.303405762,18973200
2025-04-28,387.412135091,388.183083655,382.153885223,386.621429443,16579400
2025-04-29,386.759758597,390.515685534,385.850450191,389.467987061,14974000
2025-04-30,385.771387168,392.05760859,379.979394474,390.673858643,36461100
2025-05-01,426.107850203,431.919629853,419.969912789,420.464111328,58938100
2025-05-02,426.730557978,434.341227779,425.000863038,430.229492188,30757400
2025-05-05,427.847463249,434.400541084,427.096271774,431.109191895,20136100
2025-05-06,427.185242321,432.651077124,426.167194506,428.282348633,15104200
2025-05-07,428.8061738,433.03651198,426.107838987,428.321868896,23295300
2025-05-08,432.848732204,438.522152035,430.605081659,433.085968018,23491300
2025-05-09,434.894688169,435.626092311,430.822497279,433.639434814,15324200
2025-05-12,440.765786258,444.155980926,434.677256764,444.047271729,22821900
2025-05-13,442.584444702,445.440926751,440.192510489,443.92868042,23618800
2025-05-14,442.940306647,448.633453634,442.940306647,447.68460083,19902800
2025-05-15,446.357695384,451.724655833,446.021027048,448.694610596,21992300
2025-05-16,447.62515427,449.912540713,444.337674632,449.823425293,23849800
2025-05-19,446.466636504,455.09137157,446.387402649,454.378417969,21336500
2025-05-20,451.130509309,453.85359127,449.872951428,453.685272217,15441800
2025-05-21,450.120529556,453.29910058,447.387535656,448.140106201,19216900
2025-05-22,450.496799449,455.744909074,449.457059092,450.407653809,18025600
2025-05-23,445.575443821,449.249120538,444.515910116,445.773468018,16883500
2025-05-27,452.011850721,456.438098259,451.655358793,456.180633545,20974300
2025-05-28,456.70544211,457.992705234,452.457425449,452.883209229,17086300
2025-05-29,457.03217973,457.200529008,450.853268639,454.1902771,13974800
2025-05-30,455.220101058,457.160907432,451.081023613,455.853820801,34770500
2025-06-02,452.665380496,457.586703521,452.417827577,457.4480896,16626500
2025-06-03,456.952975967,459.596854396,456.348931141,458.438293457,15743800
2025-06-04,459.458200121,461.131660207,458.487781837,459.329467773,14162700
2025-06-05,460.40882632,465.052921639,459.487936686,463.102203369,20131700
2025-06-06,465.4885565,468.706744124,464.191381752,465.775726318,15285600
2025-06-09,465.102394821,468.795864703,464.032949384,468.122528076,16469900
2025-06-10,466.577801573,468.172027728,462.389195668,466.310455322,15375900
2025-06-11,465.419248709,470.815914056,465.062787036,467.993804932,16399200
2025-06-12,470.370296539,475.717463277,468.88497916,474.182617188,18950600
2025-06-13,471.746732055,474.489607424,468.132465605,470.310913086,16814500
2025-06-16,470.558457557,475.984828137,470.350521577,474.450012207,15626100
2025-06-17,470.746635934,474.053939385,469.439549238,473.360809326,15414100
2025-06-18,473.321181121,476.291816149,469.815823327,475.539245605,17526500
2025-06-20,477.5097593,478.72770025,472.202209315,472.727020264,37576200
2025-06-23,473.529071692,482.975698636,467.884883811,481.242828369,24864000
2025-06-24,484.164003138,487.035610907,482.035023894,485.31262207,22305600
2025-06-25,487.223747712,489.719070186,484.599692889,487.451477051,17495100
2025-06-26,488.154502658,493.164970702,487.986153397,492.580749512,21578900
2025-06-27,492.679797551,494.412667949,488.204051743,491.085571289,34539200
2025-06-30,492.174794747,495.858383202,490.48151111,492.541168213,28369000
2025-07-01,491.610360686,493.174881738,486.174108601,487.233612061,19945400
2025-07-02,485.193811645,488.669464313,483.916460335,486.283050537,16319600
2025-07-03,488.976420367,495.234565348,488.610046885,493.957183838,13984800
2025-07-07,492.511476196,493.868061324,490.382527188,492.848144531,13981600
2025-07-08,492.372837529,493.323462483,489.273470189,491.758911133,11846600
2025-07-09,495.402850429,501.819432463,494.848334351,498.581451416,18659500
2025-07-10,498.125928812,499.502337428,492.877819467,496.57131958,16492100
2025-07-11,493.590808459,500.086594546,492.927353349,498.393341064,16459500
2025-07-14,496.610934969,499.036965595,496.125740931,498.096252441,12058800
2025-07-15,498.096255205,503.324571528,497.868525865,500.868865967,14927200
2025-07-16,500.235111344,501.760045738,496.977336791,500.670806885,15154400
2025-07-17,500.730221209,508.344951234,500.670810927,506.691314697,17503100
2025-07-18,509.444064388,509.602532095,502.463084424,505.057434082,21209700
2025-07-21,501.750106903,507.077480318,500.601457831,505.067321777,14066800
2025-07-22,505.968437121,506.196196674,500.32421875,500.32421875,13868600
2025-07-23,501.789756571,501.829373498,495.798988141,500.918365479,16396600
2025-07-24,503.789971197,508.642002247,502.33435886,505.879333496,16107000
2025-07-25,507.45372743,513.216766397,505.364395386,508.681640625,19125700
2025-07-28,509.048041379,509.95901921,505.126781338,507.48348999,14308000
2025-07-29,510.483843667,512.553352182,506.552671968,507.55279541,16469200
2025-07-30,510.127348903,510.899743046,504.453455154,508.216247559,26380400
2025-07-31,549.795171976,550.013049958,526.693578668,528.277893066,51617300
2025-08-01,529.763278707,530.555436009,515.761670257,518.979858398,28977600
2025-08-04,523.099117769,532.981410509,522.960473636,530.396972656,25349000
2025-08-05,531.921917663,532.040738233,522.079210875,522.584228516,19171600
2025-08-06,525.703379865,526.495537083,518.900630784,519.801696777,21355700
2025-08-07,521.643443573,522.92085518,512.48398654,515.741821289,16079100
2025-08-08,517.484569802,519.524403327,514.325792308,516.930053711,15531000
2025-08-11,517.187500441,522.425758423,514.632737621,516.662719727,20194400
2025-08-12,518.623257971,525.782467567,517.583548014,524.059509277,18667000
2025-08-13,526.901545782,527.485797291,514.286258092,515.484436035,19619200
2025-08-14,517.444956505,520.801788238,515.048661424,517.365722656,20269100
2025-08-15,517.652894313,520.950255151,513.999011397,515.078308105,25213300
2025-08-18,516.484491938,517.702432859,508.988582919,512.038391113,23760600
2025-08-19,509.958999692,510.117406964,503.572122463,504.780181885,21481000
2025-08-20,504.879208726,505.998152725,499.502366724,500.769836426,27723000
2025-08-21,499.579652956,503.487503108,498.617567406,500.125152588,18443300
2025-08-22,500.135036339,506.562166791,498.310055407,503.09072876,24324200
2025-08-25,502.495643753,504.04291093,500.006116957,500.144989014,21638600
2025-08-26,500.244129231,500.859095114,494.441892678,497.943084717,30835700
2025-08-27,497.903396573,503.150235661,495.820527705,502.604705811,17277900
2025-08-28,502.951870307,506.919228164,501.374849191,505.481079102,18015600
2025-08-29,504.509070237,505.441401764,500.373086314,502.555145264,20961600
2025-09-02,496.385907775,501.870778911,492.755771632,500.997955322,18128000
2025-09-03,499.678837515,503.646195573,498.220832218,501.226104736,16345100
2025-09-04,500.184612487,504.003200347,499.044003196,503.824676514,15509500
2025-09-05,504.915698083,507.792026331,488.35196775,490.960510254,31994800
2025-09-08,494.045137744,497.109948305,490.990285533,494.134429932,16771000
2025-09-09,497.338025994,498.151341571,493.638484382,494.342681885,14410500
2025-09-10,498.875429413,499.123389281,492.666504621,496.286712646,21611800
2025-09-11,498.151380061,499.063885703,493.817046366,496.921508789,18881600
2025-09-12,502.515474277,508.367321246,499.738335797,505.738952637,23624900
2025-09-15,504.637995811,511.263445719,502.862594743,511.15435791,17143800
2025-09-16,512.662004357,513.009123966,504.449574528,504.885986328,19711900
2025-09-17,506.453050392,507.117596135,501.801320993,505.857940674,15816600
2025-09-18,507.315982089,508.883105468,503.517250078,504.300811768,18913700
2025-09-19,506.393637996,515.062306658,506.145678089,513.703491211,52474100
2025-09-22,511.382573173,513.514991853,508.357414157,510.251861572,20009300
2025-09-23,509.60711582,510.390707758,503.170087242,505.074432373,19799600
2025-09-24,506.215041938,508.297880644,502.78328579,505.986907959,13533700
2025-09-25,504.15198973,505.848057015,500.918613646,502.892364502,15786500
2025-09-26,505.897624679,509.745966567,502.485694568,507.286193848,16213100
2025-09-29,507.325804547,512.632120614,504.72719041,510.400482178,17617800
2025-09-30,509.051680895,513.931514147,505.500908904,513.723266602,19728200
2025-10-01,510.598906756,516.262331476,507.514300777,515.46887207,22632300
2025-10-02,513.415830363,517.343476169,506.51260542,511.531311035,21222900
2025-10-03,512.880091926,516.242441774,510.797253554,513.128051758,15112300
2025-10-06,514.37784896,526.696538667,513.971221417,524.256591797,21388600
2025-10-07,523.978804803,525.476491954,517.184729258,519.703979492,14615200
2025-10-08,519.009699064,522.649732353,518.821247176,520.566833496,13363400
2025-10-09,518.077454944,520.051205802,513.177765545,518.136962891,18343600
2025-10-10,515.39947274,519.307322643,505.471150036,506.790283203,24133800
2025-10-13,512.195798663,512.195798663,507.504417299,509.855072021,14284200
2025-10-14,506.066287964,511.075095689,501.870795908,509.37902832,14684300
2025-10-15,510.757655693,512.969438255,505.838110317,509.240112305,14694700
2025-10-16,508.397113363,512.632226909,503.983415433,507.434997559,15559600
2025-10-17,504.885986735,511.273405258,503.170093506,509.388946533,19867800
2025-10-20,510.41055089,514.467201402,509.240187452,512.572753906,14665600
2025-10-21,513.276940227,514.457231651,508.853314272,513.43560791,15586200
2025-10-22,516.897182364,520.943843959,513.485252045,516.292114258,18962700
2025-10-23,518.196408628,519.674239574,514.377790808,516.311889648,14023500
2025-10-24,518.523659586,521.062765839,516.460677374,519.336975098,15532400
2025-10-27,527.440444111,530.217582634,524.693029294,527.182556152,18734700
2025-10-28,545.511641065,549.20125438,536.35698326,537.646362305,29986700
2025-10-29,540.492965331,541.812128684,532.34994206,537.130615234,36023000
2025-10-30,526.150996824,530.604346478,517.85923316,521.469543457,41023100
2025-10-31,524.564019865,525.000431617,510.896444054,513.584350586,34006400
2025-11-03,515.568011904,520.676008789,510.390639537,512.81072998,22374700
2025-11-04,507.583777793,511.342827598,503.695753745,510.1328125,20958700
2025-11-05,509.111179779,510.628723202,502.446017436,503.02130127,23024300
2025-11-06,501.533570298,501.573252354,491.76394507,493.043426514,27406500
2025-11-07,492.894630007,495.304792622,489.224811911,492.765686035,24019800
2025-11-10,495.959403453,502.713827637,494.729501961,501.870758057,26101500
2025-11-11,500.680558116,505.441405788,498.250569547,504.528900146,17980000
2025-11-12,505.203338237,507.494515261,495.046911744,506.968841553,26574900
2025-11-13,506.14559398,509.309564288,497.19921292,499.182891846,25273100
2025-11-14,494.16419888,507.425087988,493.38063721,506.016662598,28505700
2025-11-17,504.300759403,507.940793082,500.789639421,503.348571777,19092800
2025-11-18,491.327530109,498.875444472,482.807632405,489.760437012,33815100
2025-11-19,486.100528935,491.148988191,478.889836636,483.144836426,23245300
2025-11-20,489.603854357,490.458448523,472.502357947,475.413879395,26802500
2025-11-21,475.483430161,475.900795731,465.317911427,469.14364624,31769200
2025-11-24,472.005506105,473.893522064,465.069498488,471.011810303,34421000
2025-11-25,471.081365977,476.129327199,461.959245989,473.982940674,28019800
2025-11-26,483.24422226,485.231613943,478.166451066,482.439331055,25709100
2025-11-28,484.526092432,489.52438124,483.582069264,488.908294678,14386700
2025-12-01,485.360803866,486.771834992,481.5946881,483.671508789,23964000
2025-12-02,483.651628644,490.388885062,483.254156383,486.910949707,19562700
2025-12-03,473.317207986,481.187262027,472.204273501,474.718322754,34615100
2025-12-04,476.73553763,478.285700752,473.486132745,477.80871582,22318200
2025-12-05,479.478094828,480.352551999,475.861057822,480.114074707,22608700
2025-12-08,481.833169747,489.196428919,481.326375186,487.924499512,21965900
2025-12-09,486.01663804,489.017588539,485.420414475,488.918212891,14696100
2025-12-10,480.97857755,481.197191839,472.084987997,475.543060303,35756200
2025-12-11,473.625243373,482.965978013,472.860078184,480.422119141,24669200
2025-12-12,476.795120688,479.408545464,473.337048425,475.513244629,21248100
2025-12-15,477.073342056,477.689428577,469.541111188,471.826629639,23727700
2025-12-16,468.935011467,474.877323558,467.911505956,473.386779785,20705600
2025-12-17,473.903466893,476.973983271,472.005504278,473.118438721,24527200
2025-12-18,475.175417144,486.513490341,474.877320521,480.928924561,28573500
2025-12-19,484.287552936,484.774484482,479.448259418,482.856658936,70836100
2025-12-22,483.055423421,485.648985367,479.647053922,481.863006592,16963000
2025-12-23,481.922585996,484.754594684,481.68407839,483.780792236,14683600
2025-12-24,482.618145472,486.076217606,481.773498018,484.943389893,5855900
2025-12-26,483.64164971,485.042764355,482.896377897,484.635345459,8842200
2025-12-29,481.803336601,485.271355604,481.127630727,484.02923584,10893400
2025-12-30,482.8666136,486.592973011,482.439331666,484.406860352,13944500
2025-12-31,484.76456456,485.062691501,480.253177052,480.571166992,15601600
