date,open,high,low,close,volume
2015-01-02,34.3638279614,34.6368651187,33.4862032132,33.8860092163,15138200
2015-01-05,33.8470139191,33.8762705668,32.9108830279,32.9401359558,23706600
2015-01-06,33.2521596884,33.3789284999,31.8187112816,32.0527420044,40092000
2015-01-07,30.746076722,32.1600245524,30.6680658201,31.301902771,52552300
2015-01-08,31.7504675366,33.0278948463,31.7407140818,32.8328666687,31947100
2015-01-09,32.9206312139,33.0278969043,32.1405221747,32.6963500977,19328500
2015-01-12,31.5846924795,32.169777016,30.6193069002,30.8728427887,41982700
2015-01-13,31.1263807963,31.3994198932,29.8879560543,30.0732326508,40260500
2015-01-14,29.5174049968,30.4242829366,29.059089299,29.3028736115,35766100
2015-01-15,29.4979009563,29.6636743584,28.5422669254,28.5715198517,28512400
2015-01-16,28.4252478712,28.5325135541,27.8011606833,28.2692260742,58433300
2015-01-20,28.7762959471,29.2736160896,28.6202741604,28.9323177338,29884200
2015-01-21,28.7665461244,29.9757159756,28.7665461244,29.7319316864,27258700
2015-01-22,29.6929254961,30.1804940471,29.4783941434,30.1219844818,22299200
2015-01-23,30.12198855,30.3560212629,29.702679242,30.1804981232,21161800
2015-01-26,29.7806853653,30.2487506866,29.4588883644,30.2487506866,19175500
2015-01-27,29.6734227134,29.6929259021,28.6592792208,28.912815094,27587900
2015-01-28,29.2541126467,29.4393892142,28.3082303407,28.3764896393,21685200
2015-01-29,28.5617728486,29.0883460315,28.1424635056,28.9713287354,30282700
2015-01-30,28.6690300342,29.0590844976,28.3472348693,28.542263031,23451600
2015-02-02,28.5227611775,28.6592797811,27.3916022505,27.7329006195,34019600
2015-02-03,27.8596695242,28.3667413149,27.7719070274,28.230222702,24009200
2015-02-04,28.0936999963,28.5130092569,27.9864361775,28.3082313538,20932800
2015-02-05,28.571521189,28.7860525781,28.3959980432,28.7567977905,19785900
2015-02-06,28.8055510266,29.1565991203,28.1424574964,28.1912136078,18744100
2015-02-09,28.0546993238,28.0546993238,27.5378759081,27.6451416016,22390300
2015-02-10,28.3764937388,30.365772719,28.2789796439,30.3170166016,43831000
2015-02-11,30.3170099802,30.7948268949,29.692922885,30.2487506866,29782200
2015-02-12,30.2877617586,31.2531473904,30.1707463329,31.1458835602,23793200
2015-02-13,31.4091688608,31.5944473127,30.5608005238,31.0581207275,18739200
2015-02-17,31.5066866122,32.0235081763,31.4189241089,31.5261898041,19877400
2015-02-18,31.4579197255,31.6919542552,31.2336386494,31.3701572418,12348400
2015-02-19,31.3213997714,31.3994125179,30.9313453388,31.0191078186,13431000
2015-02-20,30.950851874,31.2531438595,30.4925380985,31.2336406708,16531500
2015-02-23,31.0678686914,31.1166248026,30.492537652,30.619304657,13867900
2015-02-24,29.3906331045,30.1804955351,28.07419944,30.0049705505,54985000
2015-02-25,29.8392005171,30.1512441426,29.5954162022,29.7221832275,16774700
2015-02-26,29.7806908048,30.199998236,29.6051658122,29.8587017059,14932000
2015-02-27,30.1999958354,30.4340285202,29.8586993325,29.9074554443,15651200
2015-03-02,30.3072617477,30.7168194143,30.2194992578,30.4632835388,18443200
2015-03-03,29.6246654374,29.9269592894,28.6495282993,28.9225673676,28945700
2015-03-04,28.9810736049,29.0200799813,28.1034505971,28.542263031,26709000
2015-03-05,28.7177906064,29.0980935103,28.2497233479,28.5520172119,24007700
2015-03-06,28.4935066113,28.5422645843,27.6841428581,27.7914085388,28302000
2015-03-09,27.8304180431,28.0644507602,27.2160805333,27.9474334717,17563000
2015-03-10,27.4013513219,27.6158808021,26.7772623487,26.9235343933,29749000
2015-03-11,27.2355808646,27.4793651518,26.9235372746,27.1868228912,17471600
2015-03-12,26.4359667775,27.6743894529,26.4262151835,27.3233413696,19567700
2015-03-13,27.2745865897,28.0546974592,27.2648349946,28.0059394836,23678700
2015-03-16,28.2497249539,28.532515644,27.5183720296,27.8011627197,18183900
2015-03-17,27.0405569821,27.284341308,26.7772694638,26.9722976685,24932400
2015-03-18,27.3135972477,27.6451440937,26.9137910852,27.4598674774,24544800
2015-03-19,27.4013542564,27.5281212674,27.225829272,27.352596283,21656600
2015-03-20,27.6158842293,28.0449451029,27.4111063174,27.9669342041,23608200
2015-03-23,27.7621519387,27.8011583146,27.1283132101,27.3233413696,18699400
2015-03-24,27.4111093439,27.6451420663,27.1868263576,27.264837265,15670800
2015-03-25,27.167325104,27.1770767,25.7436237139,25.9093971252,35874000
2015-03-26,25.1195349274,26.4944782543,24.9732647169,25.9971580505,44702400
2015-03-27,26.2604449893,26.4652229078,25.4023232152,26.0166606903,30909000
2015-03-30,26.0654168061,26.2896979149,25.8021293168,26.0166606903,26142900
2015-03-31,26.0459114685,26.6309941099,25.9483992448,26.4554691315,25292100
2015-04-01,26.4554691315,26.6700004873,26.1044210346,26.4554691315,39424700
2015-04-02,27.0600567046,27.0698082995,26.0459131461,26.0654163361,41390500
2015-04-06,25.8411383735,26.7675195497,25.7436242718,26.7480163574,22460900
2015-04-07,26.6700001782,26.7675142606,26.1921832202,26.2019348145,17820600
2015-04-08,25.9191444618,26.6700004873,25.8313819726,26.4554691315,22105800
2015-04-09,26.3969658278,27.1673251705,26.3384581119,27.1283187866,18660000
2015-04-10,27.1088100221,27.4696115593,27.1088100221,27.3233413696,19698700
2015-04-13,27.3233433568,27.4501103678,27.0893106643,27.1868228912,13636800
2015-04-14,27.040555276,27.2063286816,26.7285116562,27.0308036804,16671900
2015-04-15,27.3038406364,27.7426531049,27.1868233581,27.4696140289,20138900
2015-04-16,27.2063253248,27.4793643885,27.0795583174,27.3135910034,16393500
2015-04-17,27.0600539122,27.3818490735,26.9137837225,27.3233413696,18157100
2015-04-20,27.420856354,27.6841419602,27.3135906767,27.5573749542,19901000
2015-04-21,27.6256384719,27.8791743824,27.4598650635,27.8401679993,22172000
2015-04-22,27.8694236826,29.0103343867,27.8499204904,28.7665500641,29662800
2015-04-23,28.2107178264,29.0395847694,28.142458524,28.7860488892,22039700
2015-04-24,29.0005817102,29.0005817102,28.1717146723,28.4740085602,18764300
2015-04-27,28.5227598429,28.9225659004,28.4154941679,28.542263031,14871400
2015-04-28,28.4935071749,28.7177901354,28.0449449736,28.2692260742,12372000
2015-04-29,27.9864406385,28.2692294822,27.8011640348,28.1522140503,10964300
2015-04-30,28.0742010156,28.1327087271,27.1575715224,27.4306087494,18988900
2015-05-01,27.6061325072,28.5227619593,27.6061325072,28.2692260742,16701100
2015-05-04,28.3472383492,28.4252492515,27.7816588428,27.9571838379,13909600
2015-05-05,27.5671289324,27.6548914287,27.1380680461,27.3428478241,19347300
2015-05-06,27.5183713828,27.5963822852,26.7577655497,27.294090271,19770700
2015-05-07,27.1088109967,27.20632508,26.2214363727,26.5919895172,29689300
2015-05-08,26.6895051751,26.7480128845,26.0946709059,26.5042285919,34955400
2015-05-11,26.4554745472,27.3916073371,26.1921888856,27.0600605011,24591200
2015-05-12,26.8650264831,26.8942812658,26.1921832202,26.2019348145,19518800
2015-05-13,26.6602491549,26.9722927375,26.4067132792,26.5139789581,17530500
2015-05-14,26.6505021436,26.83577875,25.8118834764,26.0264148712,32201100
2015-05-15,25.8703878896,25.9679001115,25.3633161521,25.675359726,25864900
2015-05-18,25.509590432,26.162932467,25.392575003,26.0946731567,20150000
2015-05-19,26.1629327247,26.2604468231,25.4120765848,25.6558609009,19527000
2015-05-20,25.8118786785,26.318950423,25.6071007778,25.9288959503,22866300
2015-05-21,25.9581525082,26.4652224274,25.6851134286,26.2311897278,17258100
2015-05-22,26.5529871532,26.9625448769,26.5334839616,26.6505012512,20360300
2015-05-26,26.5432329818,26.796768868,26.3579582594,26.6407470703,14966600
2015-05-27,26.7480138221,27.7133994315,26.7090074411,27.4306087494,23441800
2015-05-28,27.489115107,27.9084243536,27.4111042142,27.576877594,18667000
2015-05-29,27.7133974167,27.7133974167,27.2355804443,27.2355804443,18451300
2015-06-01,27.2648357984,27.8206655765,27.1185655873,27.7133998871,20206400
2015-06-02,27.6548898372,27.7036459501,27.0795587768,27.0990619659,18228000
2015-06-03,27.3038456389,27.3135972355,26.3384598913,26.4067192078,29623400
2015-06-04,26.2311919654,26.5627387832,26.0459153649,26.3189544678,22186200
2015-06-05,26.3287020173,26.3287020173,25.8411334615,25.9288959503,16585400
2015-06-08,25.8508837656,25.9678991717,25.1585354837,25.2755527496,23252600
2015-06-09,25.2658035261,25.304809905,24.3199211557,24.5637054443,39816700
2015-06-10,24.8855006309,24.9537599342,24.4076836484,24.5637054443,23802900
2015-06-11,24.5734589591,24.7587336938,24.3491759825,24.39793396,25793500
2015-06-12,24.2711629262,24.7489799037,24.0956379427,24.5051956177,21123900
2015-06-15,23.6178240024,23.6470787901,23.1107540357,23.6373271942,44190200
2015-06-16,23.4520505922,23.7153381014,23.2862771819,23.6373271942,19173100
2015-06-17,23.695833873,24.0663870608,23.6275745647,23.8713588715,17951700
2015-06-18,24.0273780756,24.202903055,23.8226001729,23.8616046906,21570800
2015-06-19,24.1833998662,24.3491732512,23.8518530961,23.8616046906,25589300
2015-06-22,23.5398125946,24.0956405289,23.4032939749,24.0176296234,26231200
2015-06-23,24.0176297655,24.2419127476,23.7738454518,23.881111145,16168900
2015-06-24,23.8323527851,23.8811088993,23.4032919126,23.4617996216,21243700
2015-06-25,23.5300600778,23.6373257662,23.0717462583,23.4227962494,38347800
2015-06-26,19.7660302332,20.0878254144,18.9469148885,19.1711959839,149010300
2015-06-29,18.8591546954,19.1126906053,18.1375533485,18.2643203735,49126100
2015-06-30,18.4203381394,18.6251178855,18.0887913961,18.3715820312,34683900
2015-07-01,18.5763635663,18.625121544,18.1668058536,18.3130779266,25027100
2015-07-02,18.3618325556,18.8981572469,18.3423293661,18.5958652496,26178100
2015-07-06,18.3715832315,18.5081018312,17.7767490015,17.8645114899,37875800
2015-07-07,17.6792287931,17.9035116634,16.9381264858,17.7474899292,46293200
2015-07-08,17.5134666358,17.53296983,17.055152732,17.1916713715,30898900
2015-07-09,17.4256982813,17.5622168604,16.7138468874,16.7235984802,47087100
2015-07-10,16.8991250605,17.21116862,16.8698702793,17.1331577301,24282900
2015-07-13,17.3866963405,17.406199531,16.9576354483,17.1721668243,35788100
2015-07-14,19.2687086185,19.3467195092,18.5276042262,19.1224384308,103878600
2015-07-15,19.0054241957,19.1614460021,18.3033260669,18.4203414917,41983200
2015-07-16,18.7713884924,19.2492054308,18.6153667108,19.1224384308,34717200
2015-07-17,19.0444257362,19.7367720937,18.8884039695,19.6197566986,34081300
2015-07-20,19.5807553043,19.5807553043,18.3033260669,18.4203414917,41989300
2015-07-21,18.3715846979,18.634872184,18.0497895016,18.4105892181,29340300
2015-07-22,18.0692906654,18.1668028849,17.406197157,17.5524673462,43635100
2015-07-23,17.8742620265,18.4593446277,17.8450072455,18.2350635529,32805200
2015-07-24,18.1375519271,18.2350660171,17.6207285519,17.884016037,21567400
2015-07-27,17.6499799985,18.2058077886,17.1331567211,17.6694831848,27584100
2015-07-28,17.8937689433,19.5807559426,17.7474987275,19.2589607239,51809500
2015-07-29,19.4832403874,20.0585714718,19.1809483828,19.3759765625,41557900
2015-07-30,19.258959363,19.600257749,18.9761686872,19.4052295685,31248700
2015-07-31,19.5222426681,19.531994261,18.0107792423,18.049785614,55074900
2015-08-03,18.1473096525,18.9079157198,18.1278064559,18.5276126862,32958300
2015-08-04,18.6933772012,18.7128803884,18.1375493839,18.537355423,19934500
2015-08-05,18.7031296848,18.9859184738,18.4105874418,18.4398422241,23370800
2015-08-06,18.4593459547,18.4885988779,17.9912805841,18.2545661926,29928600
2015-08-07,17.991278922,18.0692898099,17.5524665151,17.9815273285,23718300
2015-08-10,18.1180429514,18.4885941433,17.8645071423,18.3520755768,25232400
2015-08-11,18.1668043736,18.1668043736,17.2404251926,17.4354515076,22959200
2015-08-12,17.2111684804,17.8742619689,17.0844014828,17.7377433777,20428400
2015-08-13,17.7767511968,17.9230214088,17.2306748706,17.259929657,15468600
2015-08-14,17.3184384885,17.5427196187,16.4018089153,16.5285778046,37248200
2015-08-17,16.0605059143,16.8308650463,15.7192094481,16.7918586731,33001000
2015-08-18,16.5773317542,16.5773317542,15.8654820723,15.9727458954,32424300
2015-08-19,15.8362264461,15.9434921234,15.4851774212,15.5046796799,36874000
2015-08-20,14.9683570727,14.987859334,14.2955118533,14.3735227585,54864200
2015-08-21,14.0322235774,14.870841171,13.8859524505,14.1687421799,43715800
2015-08-24,13.4666447032,14.0809803009,13.1643517719,14.0809803009,54532000
2015-08-25,14.8025825388,14.9586043372,13.905456268,13.9152078629,38655100
2015-08-26,14.2467533089,14.3832728436,13.7591847379,14.0614776611,43819700
2015-08-27,14.2662567166,15.5339352065,14.2662567166,15.2803993225,42971800
2015-08-28,15.8459792529,16.1287699293,15.2218911199,15.5631895065,34099400
2015-08-31,15.5144285253,16.2652844135,15.0756170895,16.001996994,32916900
2015-09-01,15.4071668617,15.8069720068,15.2901505176,15.4266691208,27914200
2015-09-02,15.6899567973,15.9044862994,15.3486584249,15.8849849701,23478500
2015-09-03,15.9825001722,16.7821124817,15.8557331383,16.1775283813,26377200
2015-09-04,15.8947341346,16.8698712437,15.8557296174,16.4018058777,32420800
2015-09-08,17.1136556867,17.3086838544,16.6260871275,17.0941543579,26817000
2015-09-09,17.4549597919,17.523219115,16.421314627,16.5383300781,32951100
2015-09-10,16.3920569561,16.9868912848,16.2945428573,16.7723617554,20814300
2015-09-11,16.5968365318,16.7431067481,16.2945426435,16.3823051453,22107600
2015-09-14,16.47981827,16.4993214603,15.9532451504,16.2847919464,15178700
2015-09-15,16.4408130633,16.4408130633,16.0507567126,16.1092662811,21319400
2015-09-16,16.0507579255,16.2847924976,15.9044877129,16.2652893066,22363200
2015-09-17,16.2652844135,16.392051397,15.9044829283,16.001996994,22827600
2015-09-18,15.6802034286,15.7874690975,14.9781045039,15.1146240234,36698200
2015-09-21,15.2316428882,15.5826919439,15.0756210857,15.3584108353,19024500
2015-09-22,14.9683572908,15.4266711327,14.7928322866,15.0268650055,22763900
2015-09-23,15.0463669357,15.0463669357,14.4320304027,14.4417819977,22567900
2015-09-24,14.4320307613,15.1341298064,14.237003507,14.9586048126,32800800
2015-09-25,14.9586044813,15.2023887761,14.2857593067,14.5392951965,28917300
2015-09-28,14.305262538,14.3637702481,13.5739096513,13.7104291916,30448600
2015-09-29,13.9054560347,14.3247643785,13.7981903527,14.0224723816,25529200
2015-09-30,14.3637710797,14.9488537949,14.334517223,14.6075553894,28066300
2015-10-01,14.61730623,14.6660632754,14.1394892309,14.4027767181,37460500
2015-10-02,14.8415886394,15.5534383584,14.7733284022,15.5144329071,49688200
2015-10-05,15.9142364134,17.3964451809,15.7972210085,17.1331577301,63718700
2015-10-06,17.1916672209,17.845009189,16.9088784132,17.766998291,51249900
2015-10-07,17.932770055,18.4495933697,17.7669966793,18.1570529938,41913500
2015-10-08,18.1277991856,18.6251193393,17.9912805841,18.2545661926,33619600
2015-10-09,18.1668061161,18.3813375011,17.4549563713,17.7084922791,23392500
2015-10-12,18.0790404333,18.16680105,17.2794265504,17.5817203522,22494700
2015-10-13,17.3671933298,18.0985462433,17.2989340222,17.7279949188,21778500
2015-10-14,18.3033194773,18.8201408275,18.0595352601,18.3520755768,34627900
2015-10-15,18.4008399618,18.6738771901,18.0400383759,18.1960601807,20397700
2015-10-16,18.2740717785,18.3618342795,17.7767515595,18.0400390625,15587100
2015-10-19,17.9132651968,18.7421300519,17.8645072371,18.6836223602,27543300
2015-10-20,18.4300900223,18.576360209,16.1970271269,16.6650924683,67592500
2015-10-21,16.0800111559,16.5090720167,15.5339348803,16.0215034485,48737400
2015-10-22,15.9922528263,16.5870872294,15.6704575619,16.3042964935,33986100
2015-10-23,16.4798145909,16.8893721969,16.3920521139,16.8113613129,22439400
2015-10-26,16.7333497364,16.8211122097,16.089759505,16.1677703857,14901400
2015-10-27,16.1092674985,16.3823047328,16.1092674985,16.2652893066,14697600
2015-10-28,16.3823018113,16.6845956381,16.1677723284,16.4993190765,15151700
2015-10-29,16.2750436826,16.3237998085,15.787474984,15.8069763184,17073800
2015-10-30,15.9727484532,16.2067830463,15.7972252982,16.148273468,19248400
2015-11-02,16.5383236092,16.8601206238,16.3823018287,16.6650924683,18767100
2015-11-03,16.6748449883,17.5427164229,16.665093394,17.396446228,22131500
2015-11-04,17.601227839,17.601227839,16.6748485032,17.00639534,19246900
2015-11-05,17.0844027179,17.2794290251,15.9532438122,16.0995140076,26767000
2015-11-06,16.031254494,16.3530496636,15.6997077302,16.0410060883,18047800
2015-11-09,15.9532434972,16.0410059847,15.4071663139,15.4461717606,23643000
2015-11-10,15.3486610714,15.4559267709,15.036617429,15.1633853912,24591700
2015-11-11,15.251143543,15.397413726,15.0853701728,15.1146240234,16199800
2015-11-12,14.900094948,15.3584096552,14.900094948,14.9683551788,14296800
2015-11-13,14.9196013212,14.9976122332,14.4905403757,14.6270599365,21071200
2015-11-16,14.5782993077,14.8220835802,14.2857579947,14.5197916031,23731800
2015-11-17,14.6563116432,15.3389074873,14.5685491476,14.9000959396,25249600
2015-11-18,15.0073609479,15.2999013465,14.9195984563,15.2218904495,20071300
2015-11-19,15.3194058206,15.8752346704,15.3194058206,15.4754276276,18278900
2015-11-20,15.6021965536,15.699710654,14.9586060945,15.0463685989,24068900
2015-11-23,15.1536326254,15.2804005778,14.6953178636,14.9391021729,14049000
2015-11-24,14.8415870243,15.2706469421,14.7733267945,15.2413930893,12222500
2015-11-25,15.0171124506,15.3876646968,14.9683563348,15.1926374435,10003300
2015-11-27,15.1633832089,15.2511457031,15.0853723095,15.1731348038,5019000
2015-11-30,15.2023887575,15.6119464467,15.1146262626,15.5339355469,13495300
2015-12-01,15.7777214434,16.2165321022,15.7192137276,16.1385211945,20138300
2015-12-02,16.0800110732,16.1775251583,15.3291559656,15.4266691208,16121100
2015-12-03,15.5534372265,15.797222442,15.1146256987,15.2218904495,15210100
2015-12-04,15.1536294676,15.5339332455,15.0171099481,15.1146240234,19068500
2015-12-07,14.9683558599,15.0853722081,14.3442677393,14.4807872772,23579100
2015-12-08,14.2467549459,14.3345174475,14.0614792768,14.2370042801,18188000
2015-12-09,14.2370025766,14.3052618786,13.885952612,13.9639635086,20917100
2015-12-10,13.9347115219,14.4320317517,13.9054576642,14.2955121994,14817000
2015-12-11,13.9639656861,14.0809820493,13.642170455,13.6909275055,23718100
2015-12-14,14.0712295992,14.1199857135,13.1741033323,13.3203735352,35155800
2015-12-15,13.4276389491,14.0127206788,13.3983841651,13.8274450302,26455800
2015-12-16,14.002968324,14.0907308111,13.4373888843,13.7201786041,21968200
2015-12-17,14.2857586895,14.4027759644,13.8957042066,13.9639635086,29024400
2015-12-18,14.022472932,14.3637703913,13.9054565806,14.0029697418,38534200
2015-12-21,14.0809805904,14.4222789783,13.9737158345,14.4027767181,22217300
2015-12-22,14.4320283432,14.5782985269,14.1589902331,14.2467517853,27101100
2015-12-23,13.378881419,13.9444608688,13.2131080358,13.9444608688,59121400
2015-12-24,13.8469465018,14.2272503019,13.8371949077,14.1199846268,14284200
2015-12-28,14.0907312721,14.1492399088,13.7006767941,13.8371953964,17658500
2015-12-29,13.9932186969,14.1492404946,13.8762014187,13.9834671021,16104200
2015-12-30,13.915208076,14.0809805418,13.7494346801,13.8079423904,10943700
2015-12-31,13.7494346801,13.9347103361,13.6811744448,13.8079423904,13249400
2016-01-04,13.4861481102,14.002970593,13.4666458488,13.9737167358,22622300
2016-01-05,14.0614778732,14.7050682478,14.0029692346,14.4515323639,29806700
2016-01-06,14.139488447,14.3247640933,13.7591846298,13.8664503098,26835100
2016-01-07,13.5154007823,13.9152078014,13.2911196806,13.3203735352,26029200
2016-01-08,13.4373905868,13.6031639881,12.9595735738,12.9985790253,29064200
2016-01-11,13.0375820149,13.1253444967,11.9064232059,12.2184667587,43159100
2016-01-12,12.4037446976,12.9108155275,12.09170018,12.4037446976,25671300
2016-01-13,12.4622507984,12.6475273521,11.6138817065,11.7601528168,35319800
2016-01-14,11.7796581135,11.9551831192,11.2433324305,11.7211503983,35810400
2016-01-15,11.0678071328,11.3700991315,10.6387462618,10.8045196533,37164600
2016-01-19,10.9995471434,11.0873096385,10.4437192478,10.5314817429,38131300
2016-01-20,10.1219241348,10.1316757299,9.07852764,9.80012893677,65210400
2016-01-21,10.1901820097,10.6289934973,9.87813845062,10.5802373886,52299100
2016-01-22,10.902034982,11.2823379224,10.6094936149,10.7947692871,35091300
2016-01-25,10.7850190477,10.8922838169,10.2096878865,10.2194385529,23874800
2016-01-26,10.2876968384,10.4534702238,10.1024202641,10.2876968384,26179500
2016-01-27,10.2389385486,10.5607336857,10.0634135902,10.1316738129,23013500
2016-01-28,10.2194359987,10.2876962256,9.4685809419,9.64410591125,37390400
2016-01-29,9.74161867575,10.7752643335,9.69286163841,10.7557611465,38448100
2016-02-01,10.7265083086,10.8240223925,10.2486913435,10.687502861,25824800
2016-02-02,10.5314828929,10.794769477,10.2194383284,10.3267040253,22090300
2016-02-03,10.4047130211,10.5899886625,9.92689606116,10.4924755096,18098100
2016-02-04,10.4437195404,11.2628349444,10.4339679451,10.9507904053,26164100
2016-02-05,10.8727802675,11.0970623248,10.4924773246,10.7265100479,22658100
2016-02-08,10.4437197974,10.492476845,9.69286368201,9.91714572906,27424400
2016-02-09,9.76112352927,10.0829187287,9.50758763579,9.7318687439,30178600
2016-02-10,9.82938124141,10.0244084625,9.57584538904,9.65385627747,22090500
2016-02-11,9.47833525716,9.70261640021,9.21504772753,9.44908046722,27105700
2016-02-12,9.63435355661,9.98540253763,9.24429820328,9.77087306976,23857000
2016-02-16,10.1024215127,10.5997417303,10.0536653944,10.5412340164,27494100
2016-02-17,10.6972528065,11.3603453128,10.6484957721,11.1458158493,34404700
2016-02-18,11.2823356136,11.4578605839,11.0385513458,11.2043247223,21616100
2016-02-19,11.1068122357,11.1068122357,10.6777513781,10.8825302124,17907100
2016-02-22,11.0873092841,11.155568587,10.6289945632,10.7752656937,20001700
2016-02-23,10.7265081101,10.8045190037,10.1316748133,10.2291879654,22686800
2016-02-24,9.99515676424,10.4047144817,9.80988109682,10.3754606247,18551800
2016-02-25,10.4047131879,10.472972489,9.95615007365,10.4534702301,16153900
2016-02-26,10.5217291232,10.7265079485,10.3071987039,10.4339666367,16418800
2016-02-29,10.3852106112,10.6192442415,10.258443596,10.3657083511,20720000
2016-03-01,10.5022288499,10.8240240748,10.3267038436,10.7947692871,15638700
2016-03-02,10.7362588724,11.3993514173,10.6972534286,11.3896007538,18197500
2016-03-03,11.4383585406,11.5553758192,11.311591527,11.4968671799,16323300
2016-03-04,11.5066191111,11.9844361145,11.3115918577,11.5846300125,35279500
2016-03-07,11.175073102,11.4871167294,10.7752669719,11.2920894623,27748800
2016-03-08,11.1555690596,11.1653206547,10.3852107157,10.3949623108,29648400
2016-03-09,10.4924769682,10.6387471828,10.2681949185,10.5412340164,15133800
2016-03-10,10.6777535245,10.7850192254,10.3949637374,10.6094942093,17739000
2016-03-11,10.7167552186,11.1165612328,10.5802366362,11.1068105698,17261200
2016-03-14,11.0580545026,11.0580545026,10.7362593445,10.8727779388,13531300
2016-03-15,10.8727777603,10.8727777603,10.4534694602,10.5802373886,15156500
2016-03-16,10.4437186357,10.6192436156,10.2876968446,10.4534702301,20471800
2016-03-17,10.4534698373,10.7265079613,10.3364534984,10.5997400284,19976800
2016-03-18,10.5704871861,10.8922823813,10.4827246911,10.8630285263,44827100
2016-03-21,10.8630280664,11.3115911876,10.8045194288,11.2433309555,18083000
2016-03-22,11.1653225807,11.3115937426,11.0483062091,11.1555709839,13463400
2016-03-23,11.1458207369,11.1750745984,10.3657106339,10.3852128983,29424300
2016-03-24,10.238940239,10.3364543275,10.0731668464,10.238940239,22822800
2016-03-28,10.2389397898,10.3267022796,9.99515550909,10.1219234467,22898800
2016-03-29,9.92689521883,10.2681926198,9.84888433117,10.1901817322,30891600
2016-03-30,10.2486933417,10.6777533485,10.1414276425,10.2194385529,35166700
2016-03-31,10.0536635441,10.2291875833,9.76112223876,10.2096853256,48134200
2016-04-01,10.0244083764,10.7947665904,9.98540293248,10.7557611465,28458300
2016-04-04,10.7850176332,10.9410394334,10.5119785529,10.5314817429,22475200
2016-04-05,10.3657081167,10.4534706098,10.1219238268,10.1414260864,20760300
2016-04-06,10.1609282864,10.2194359895,9.99515491104,10.2096853256,18413000
2016-04-07,10.160930013,10.3852111296,10.1316761565,10.2486925125,19470200
2016-04-08,10.3754593346,10.6192436156,10.3071991035,10.4534702301,18950000
2016-04-11,10.4827230259,10.6484963946,10.1804301387,10.1901817322,18258000
2016-04-12,10.2486925369,10.2779463935,9.80012937276,9.91714572906,25679600
2016-04-13,10.0439146351,10.6289964722,9.9464005306,10.6094942093,26108900
2016-04-14,10.5217299134,10.5217299134,10.1316754216,10.1414260864,17778100
2016-04-15,10.4632226785,10.511979729,10.1999360937,10.4242172241,25325200
2016-04-18,10.3657086771,10.8240234273,10.2974493699,10.6192445755,26372800
2016-04-19,10.80451926,10.80451926,10.3364538868,10.4534702301,21005700
2016-04-20,10.3657097313,10.5022292897,10.2389417693,10.4827260971,19268600
2016-04-21,10.5314840657,10.6192465801,10.3364567724,10.3852128983,15629500
2016-04-22,10.3949623108,10.5412334475,10.238940509,10.3949623108,18715200
2016-04-25,10.4047131816,10.6094920147,10.2194366074,10.2876968384,22500000
2016-04-26,10.5509813987,11.3603449849,10.44371667,11.2238264084,47098100
2016-04-27,11.0580554353,11.3213419824,10.9215358995,11.2725858688,24353400
2016-04-28,11.2433294016,12.1014500772,11.2335787383,11.3310918808,41186400
2016-04-29,11.3408470427,11.3993547606,10.385211994,10.4827260971,40162100
2016-05-02,10.5314810563,10.5899887626,10.1706804344,10.3559560776,23794800
2016-05-03,10.2291877857,10.3559557182,9.99515510878,10.1024198532,27847600
2016-05-04,9.99515664577,10.2291893587,9.55634507659,9.75137233734,40867200
2016-05-05,9.8098783493,10.1414241387,9.7611213147,9.8098783493,26456300
2016-05-06,9.73186942165,9.95615147534,9.60510239605,9.74162101746,20963300
2016-05-09,9.75137314127,9.81963245567,9.51734040907,9.62460517883,20476700
2016-05-10,9.6928630825,9.85863647617,9.59534992326,9.83913421631,19608200
2016-05-11,9.77087369287,10.0731656578,9.76112209918,9.84888458252,17808400
2016-05-12,9.89764246798,10.004908158,9.11753343146,9.39057159424,41066600
2016-05-13,9.41982552035,9.54659347221,9.17604121214,9.32231235504,21517300
2016-05-16,9.37106795874,9.44907885869,9.27355479878,9.43932819366,16247600
2016-05-17,9.41007558664,9.67336313239,9.25405375063,9.42957878113,22112100
2016-05-18,9.43932828838,10.0244100439,9.43932828838,9.80012893677,26916900
2016-05-19,9.7513713212,10.0049071987,9.66360883052,9.81963062286,18852900
2016-05-20,10.0536647473,10.5412333379,10.0244099623,10.5314817429,31189700
2016-05-23,10.5704871861,10.8922823813,10.5509839961,10.8630285263,28369200
2016-05-24,11.0288006819,11.2140763162,10.8825295633,11.2043247223,25437300
2016-05-25,11.301838601,11.487114232,11.1360652275,11.3115901947,29175600
2016-05-26,11.4188574835,11.7309011127,11.3993542917,11.6528902054,23644100
2016-05-27,11.6723900419,12.1209530949,11.5358705283,12.0039367676,29838400
2016-05-31,12.3452360599,12.5890203452,11.9551815754,12.4037446976,49604300
2016-06-01,12.2964782064,12.764544487,12.0039378273,12.764544487,35762100
2016-06-02,12.6280262806,12.8815621703,12.4329990308,12.7840480804,31941900
2016-06-03,12.6962868637,12.7157891242,12.3159830187,12.5402641296,28326000
2016-06-06,12.5695186008,12.715788806,12.4427506557,12.4525022507,24861200
2016-06-07,12.5110092226,12.8230528046,12.4915069637,12.676782608,21409500
2016-06-08,12.7547948318,12.7645464272,12.198966911,12.2672262192,25869800
2016-06-09,12.1599615279,12.3842426446,11.9356794813,12.19896698,21881700
2016-06-10,12.013689337,12.0624463803,11.7504027913,11.8381652832,21439300
2016-06-13,11.7016463584,12.0526954144,11.6431377174,11.7504034042,15538900
2016-06-14,11.7699074288,12.0136917645,11.4481121801,11.6236371994,21913200
2016-06-15,11.8576690205,11.9454315233,11.6528901572,11.7211503983,17491700
2016-06-16,11.5748792981,11.691895659,11.2920895266,11.6528902054,22453100
2016-06-17,11.67239023,12.0429424041,11.6528870435,11.8966712952,20604200
2016-06-20,12.198965615,12.3452358113,11.9844351879,12.0136890411,21481700
2016-06-21,12.2282188806,12.5110085951,12.1112025433,12.4329977036,25060500
2016-06-22,12.4622524053,12.7157882852,12.3549876545,12.4037446976,26968200
2016-06-23,13.0765888175,13.807941668,13.0765888175,13.700676918,71203000
2016-06-24,13.1643510044,13.5056493654,12.8035503848,12.8815612793,77486100
2016-06-27,12.8035501507,12.9108148962,11.7991592047,11.9259262085,45700500
2016-06-28,12.3257347734,12.7255408841,12.3062315827,12.6670322418,34838100
2016-06-29,12.9693252832,13.0863416386,12.6182752869,12.8620595932,36879800
2016-06-30,13.008327228,13.4373870823,12.8913109041,13.4178848267,48486100
2016-07-01,12.2672256061,12.579269205,12.0039390521,12.1892147064,68847100
2016-07-05,12.0721997106,12.140459023,11.5066201592,11.6138849258,37298900
2016-07-06,11.4676130909,11.5553755831,11.2140772091,11.4383583069,35747800
2016-07-07,11.6041300072,12.2379696195,11.5943793439,11.8966712952,33457100
2016-07-08,12.0819503864,12.4037455919,12.0721987911,12.3062314987,27955700
2016-07-11,12.4720043417,12.6572799944,12.2964793539,12.3257341385,22797100
2016-07-12,12.6767828232,13.1253459449,12.657279634,12.9010639191,35226800
2016-07-13,12.9108157482,13.0570868798,12.7450423569,12.9595727921,23067400
2016-07-14,13.1643516324,13.2131086763,12.9400705325,12.9595727921,18698900
2016-07-15,12.9790766692,13.1643523299,12.7157891762,12.8035516739,18046200
2016-07-18,12.9205678487,13.0278326055,12.7645460461,13.0083303452,17180500
2016-07-19,12.8913135529,12.9303190022,12.7255401608,12.8913135529,30569900
2016-07-20,12.9985784084,13.2813681507,12.9108159143,13.252114296,35666000
2016-07-21,13.1448486821,13.164351872,12.7547941838,12.8523082733,16734700
2016-07-22,12.8815625763,12.9010648369,12.6962869156,12.8035516739,18755900
2016-07-25,13.6519206603,13.9737158586,13.5349043091,13.5739097595,51357000
2016-07-26,13.6519205778,14.3247648257,13.5836612725,14.3052625656,38959800
2016-07-27,14.4807866802,14.519792128,13.7104283885,13.8371953964,35035800
2016-07-28,13.7786878737,13.8371955812,13.3593786067,13.4666442871,25504200
2016-07-29,13.5641574826,13.5934113364,13.2813677489,13.3983840942,21792900
2016-08-01,13.4666426845,13.5739074221,13.2131068355,13.222858429,16363900
2016-08-02,13.2131103685,13.2423642266,12.696287869,13.0668392181,23707600
2016-08-03,12.9400691596,13.2423611258,12.9400691596,13.1741018295,17316600
2016-08-04,13.2716165912,13.8469476721,13.2618659262,13.6811742783,23400100
2016-08-05,13.8664523517,14.4125287065,13.8469491597,14.158993721,29098400
2016-08-08,14.168742412,14.3540189897,14.0224722127,14.0614776611,16163500
2016-08-09,14.1979964496,14.3345150471,14.0419737339,14.1199846268,12573700
2016-08-10,14.119985818,14.1394890079,13.6811742762,13.84694767,15003200
2016-08-11,13.8957058849,14.1297386029,13.8567004319,14.0712308884,14451300
2016-08-12,14.1004812716,14.6173036291,14.0712274215,14.558795929,24909900
2016-08-15,14.714819021,15.3096523185,14.7050674268,15.1438789368,29105200
2016-08-16,15.1926371054,15.2023887003,14.8513387223,15.1048746109,21872700
2016-08-17,15.1438773264,15.3681593197,15.0756180341,15.1341266632,22552100
2016-08-18,15.1633830392,15.4071673295,15.12437759,15.377913475,16590700
2016-08-19,15.7582200379,16.0410107731,15.6314529958,15.8459825516,35059400
2016-08-22,15.7484644392,16.021503508,15.5144317488,15.7874708176,22145800
2016-08-23,15.8654829496,16.1287704443,15.73871407,15.7777204514,23741400
2016-08-24,15.7972204052,15.8362249187,14.9976074196,15.1243753433,26686900
2016-08-25,15.5046808206,16.1385196169,15.4851785605,15.7972230911,34837800
2016-08-26,15.9337406235,16.3920543984,15.8849845116,16.0995140076,24243700
2016-08-29,16.4993183963,16.8211135374,16.197026442,16.489566803,34467800
2016-08-30,16.5773331323,16.587084728,16.0995161064,16.323797226,23620900
2016-08-31,16.284787273,16.3237917826,15.7387092598,16.0800075531,21963700
2016-09-01,16.1970291946,16.3823039201,15.8947353289,16.2262821198,15719500
2016-09-02,16.5383259811,16.5480775763,16.1580230691,16.2847919464,16099500
2016-09-06,16.3823040396,16.6553431222,16.3335479241,16.5870838165,22998600
2016-09-07,16.7821068598,16.9186273044,16.5968321691,16.7333507538,23023500
2016-09-08,16.7528563252,17.4159498765,16.4603140679,17.0161437988,39212100
2016-09-09,16.8991272926,17.2989333885,16.2750400912,16.3920555115,31389600
2016-09-12,16.1970254894,16.7723564441,15.9629928423,16.7235984802,28239200
2016-09-13,16.4993229121,16.7236040409,16.0507587945,16.3335494995,24345800
2016-09-14,16.4603133793,16.6553415427,16.2360322934,16.5090713501,18591300
2016-09-15,16.4798172571,17.0258935335,16.4310611442,17.0161437988,24303700
2016-09-16,17.6304794623,17.6304794623,16.9088782,17.0453968048,37447400
2016-09-19,17.1916695992,17.3281900845,16.4310637036,16.5285778046,23999900
2016-09-20,16.6260860756,16.8406174184,16.3042909212,16.4993190765,17775800
2016-09-21,16.8211145116,17.2599269384,16.8016113237,17.2209205627,31384900
2016-09-22,17.4452065522,17.601228379,16.9771410718,17.1526660919,25278000
2016-09-23,17.0161438809,17.2989326851,16.9966406917,17.0453968048,17947600
2016-09-26,16.9186255593,17.1624097839,16.7528522122,16.9283771515,19567200
2016-09-27,17.0941535906,17.6304782378,16.9186286196,17.5524673462,28621000
2016-09-28,17.7084935391,17.7084935391,16.7236046251,17.00639534,42715600
2016-09-29,17.016142241,17.3281857989,16.9186281641,17.1039047241,31870200
2016-09-30,17.3086835261,17.5524678012,17.1429101447,17.3379383087,21363100
2016-10-03,17.5427205016,17.5719752913,17.1624175346,17.2891845703,26856100
2016-10-04,17.5329601574,17.5914697077,17.2209166623,17.3574352264,54502800
2016-10-05,17.113657585,17.8742652915,16.8503719474,17.259929657,67739500
2016-10-06,17.201422061,17.4452063957,17.1039098151,17.2891845703,21606800
2016-10-07,17.2794306524,17.3574415547,16.8698729508,17.1721668243,23849000
2016-10-10,17.2794308708,17.3964481556,17.0551497565,17.0649013519,18857600
2016-10-11,16.9673841938,17.0356434893,16.1190160071,16.4408111572,38070200
2016-10-12,16.4603108979,16.616334521,16.2555330311,16.3627986908,17901800
2016-10-13,16.1482701344,16.5773309866,15.767967254,16.431060791,28593700
2016-10-14,16.6065912141,16.9771426217,16.5675848239,16.7041034698,23539800
2016-10-17,16.596835963,16.7431061743,16.5090734642,16.5675811768,12657800
2016-10-18,16.7821084497,17.2209208848,16.7723587155,16.9771366119,20185700
2016-10-19,16.5773292001,16.821113453,16.4310590203,16.7918586731,18629500
2016-10-20,16.6260896772,17.0649021918,16.6260896772,16.7723617554,17129700
2016-10-21,16.5773332452,16.6455925551,16.3823050513,16.518825531,18710300
2016-10-24,16.645594874,16.7333573875,16.5480807635,16.635843277,13838700
2016-10-25,16.674843902,17.1721640199,16.674843902,17.1039047241,27444000
2016-10-26,16.8698730293,17.4842105147,16.772360796,17.2014198303,23610500
2016-10-27,17.3769431551,17.4549540502,16.9673854909,17.0941543579,21198300
2016-10-28,17.1624162906,17.2306756018,16.6748476566,16.7723617554,20832400
2016-10-31,17.103903855,17.3184333252,16.7333507538,16.7333507538,23267600
2016-11-01,16.7723583415,16.9771362334,16.16777254,16.5578269958,27146100
2016-11-02,16.5285768053,16.5968361139,16.0897643075,16.2652893066,24949700
2016-11-03,16.245782085,16.3920522614,16.1482680142,16.2067775726,17255100
2016-11-04,16.0507579255,16.5968361139,16.0410081899,16.2652893066,18026600
2016-11-07,16.5968392167,16.9966454073,16.5968392167,16.9478874207,21673200
2016-11-08,16.8698709367,17.1136552096,16.635838258,16.9771366119,18062700
2016-11-09,16.5285774383,16.9186319736,16.3335492408,16.7723617554,33873300
2016-11-10,16.9186311718,17.318437284,16.3335484667,16.5675811768,30282200
2016-11-11,16.6553436353,17.240426339,16.4798186382,17.2306747437,31043300
2016-11-14,17.3281895981,17.5329675304,17.0941568783,17.2696800232,26313300
2016-11-15,17.2209271767,17.7182474982,17.2209271767,17.6499881744,25153900
2016-11-16,17.4939605374,17.8742634208,17.4842089429,17.7865009308,21629000
2016-11-17,17.8937633172,18.8591486698,17.7962492507,18.7031269073,45958100
2016-11-18,18.4300936094,18.8494029235,18.381337491,18.7323856354,29121600
2016-11-21,18.9079085064,19.1809475746,18.8689039881,19.0054225922,22744000
2016-11-22,19.1516962543,19.3077180757,18.9664215037,19.2492103577,22219100
2016-11-23,19.1419389907,19.4344812142,18.9859172154,19.4149780273,20041300
2016-11-25,19.4539896374,19.9318066853,19.2979678201,19.6295127869,16308000
2016-11-28,19.6782670644,19.7757811468,19.4539859768,19.4929904938,22205900
2016-11-29,19.4247329017,19.6977719845,18.8981579263,18.9371643066,37924400
2016-11-30,19.093185894,19.2687108839,18.8786563842,19.0444297791,26031700
2016-12-01,19.2102030571,19.3369700713,17.7279941074,18.0205345154,40713100
2016-12-02,18.0010331155,18.7226363322,17.8450113011,18.3228302002,25887600
2016-12-05,18.5276074613,18.5276074613,17.9425247484,18.1473045349,26635500
2016-12-06,18.1570577093,18.6153715799,18.1180513237,18.5861167908,22267800
2016-12-07,19.0151733592,20.0293168312,18.8201451962,19.9318027496,44735700
2016-12-08,20.2340961882,20.4681288847,19.7855339847,20.1463336945,36257400
2016-12-09,20.2145956144,20.3316129078,19.6295128673,19.9903144836,23978000
2016-12-12,19.7952845418,20.0000643223,19.0054239256,19.5222473145,28676100
2016-12-13,19.6392643829,19.9610596135,19.3077175563,19.6295127869,26252400
2016-12-14,19.4344848171,19.8245393276,19.2882146082,19.5222473145,19489100
2016-12-15,19.600259213,19.9903137433,19.4832419239,19.7855358124,19453100
2016-12-16,20.0195710212,20.4778849188,19.6880241642,19.76603508,36643400
2016-12-19,19.9220527237,20.1853402066,19.6880200256,19.8440418243,23555900
2016-12-20,20.2145923171,20.2828516188,19.9610564394,20.1365814209,23018500
2016-12-21,20.2340965307,20.3121074309,19.8342904348,20.0683231354,32034500
2016-12-22,22.3403909638,22.9059704112,22.203872364,22.6134300232,85870000
2016-12-23,22.4964174213,22.9059751655,22.486665825,22.6816940308,27780100
2016-12-27,22.7694534704,23.0522422848,22.6329330008,22.7206954956,24214100
2016-12-28,22.8182050274,22.8279566204,22.1941179535,22.2136211395,24026900
2016-12-29,22.018592907,22.2331223728,21.5992837085,21.7163009644,19890500
2016-12-30,21.7943149808,21.8430710928,21.2092323374,21.375005722,20268900
2017-01-03,21.5212782223,22.1746202364,21.5017750315,21.9893436432,24962900
2017-01-04,22.1063576784,22.2721310564,21.6968000304,21.8040657043,20426800
2017-01-05,21.8430724761,22.0088458713,21.4140115958,21.5602836609,19759400
2017-01-06,21.7163084184,21.7260600148,21.4335177048,21.4920272827,17782200
2017-01-09,21.3945104679,21.989342889,21.3945104679,21.7845649719,21537200
2017-01-10,21.8040680298,22.1258632261,21.7455584596,21.9210834503,20644300
2017-01-11,22.0478560223,22.3111416926,21.999098039,22.2233810425,20907700
2017-01-12,21.9015802642,21.9210834543,21.160477641,21.7553100586,27592300
2017-01-13,21.7163044373,21.7553089556,21.44326537,21.6285419464,14025700
2017-01-17,21.3359986538,21.5212752212,21.0434582716,21.1994800568,20053800
2017-01-18,21.1409732573,21.7845636138,20.9947030599,21.7650604248,19493400
2017-01-19,20.965449138,21.7455581294,20.9556975431,21.1702270508,31259000
2017-01-20,21.3555032931,21.7748125668,21.3457516984,21.4140110016,19978700
2017-01-23,21.4140120225,21.7553104145,21.199482508,21.3457527161,16070300
2017-01-24,21.7163019338,22.5159139946,21.7065503404,22.2818813324,29461400
2017-01-25,22.8182137069,23.3837932977,22.6134357553,22.9742355347,31611800
2017-01-26,23.2082617247,23.3935382904,22.7109434514,22.9352245331,19379100
2017-01-27,22.9449759102,23.5008037422,22.8669650191,23.3740348816,18626100
2017-01-30,23.2277673867,23.6373250777,22.8474644808,23.5788173676,30508100
2017-01-31,23.3545334855,23.5495597828,23.0912460312,23.5105552673,22712500
2017-02-01,23.822599976,24.232157638,23.705582704,24.1346435547,28728200
2017-02-02,23.9201129731,24.6807186966,23.8518518159,24.1736488342,45499700
2017-02-03,24.280913186,24.6124599456,23.8908587217,23.9883728027,25054400
2017-02-06,23.9201169881,24.1151433186,23.6080715113,23.7348403931,18900000
2017-02-07,23.9786212086,24.0761352897,23.6080680726,23.9883728027,19879300
2017-02-08,23.6470748432,23.7738418488,23.3155280781,23.6080684662,21559200
2017-02-09,24.1346462886,24.2711649048,23.8128510792,23.8421058655,27887400
2017-02-10,24.0956396679,24.1443976446,23.3057790452,23.4520492554,28578400
2017-02-13,23.4715538213,23.5983227081,23.2277695035,23.3057804108,16876400
2017-02-14,22.7792044306,22.7889560253,22.1161108707,22.5451717377,60685200
2017-02-15,22.4964089198,22.6816854593,22.2233717668,22.4476528168,28215800
2017-02-16,22.467159008,22.7596993853,22.2818824437,22.4086494446,23819800
2017-02-17,22.4379043861,22.7987040633,22.4379043861,22.7694511414,22108700
2017-02-21,23.0327382961,23.3837863748,22.9937319207,23.1790084839,20256300
2017-02-22,23.2667734352,23.4617997529,23.0619936626,23.1595077515,16013300
2017-02-23,23.3252820525,23.3740381689,22.6524368593,22.8962211609,20172900
2017-02-24,22.3891447308,22.6816869481,22.0771011869,22.6621837616,22019600
2017-02-27,22.7792055182,23.1790116202,22.5744257396,23.169260025,17999800
2017-02-28,23.1985103926,23.3545321656,22.7401948069,22.8572120667,21447500
2017-03-01,23.5593161269,23.9688738518,23.4715536244,23.9396190643,27989300
2017-03-02,24.2614148729,24.6222164873,23.7738462296,24.0858917236,45941900
2017-03-03,24.5734559109,25.0415212772,24.3589245564,24.9342556,37862400
2017-03-06,24.8659999626,25.2755576834,24.5442047434,25.0707778931,25527800
2017-03-07,24.9245086985,25.109785305,24.6514714467,25.0025196075,20313000
2017-03-08,25.0025154458,25.1877920214,24.417434655,24.7489795685,24921100
2017-03-09,24.6027091528,24.8562450279,24.2321578647,24.5246982574,21786600
2017-03-10,24.6514730003,25.1097868875,24.1931572532,24.5539588928,28919000
2017-03-13,24.7587298781,25.1780391203,24.661217658,25.0610237122,23768200
2017-03-14,24.95375756,25.061023232,24.6222108102,24.9440059662,14587500
2017-03-15,24.5247005807,25.4998377955,24.3199226583,25.4705848694,29779900
2017-03-16,25.5485922799,25.5778452019,25.1877907413,25.3925704956,19147300
2017-03-17,25.2170464773,25.2658025892,24.7684824356,25.158536911,19126500
2017-03-20,25.3438143832,25.9484002365,25.1682893981,25.5583438873,26918800
2017-03-21,25.6461076894,25.7826281625,24.7977393645,24.8855018616,28397500
2017-03-22,25.0902817227,25.4998394539,24.9927676228,25.4120769501,25092500
2017-03-23,25.7046162882,25.8313833014,25.3925726927,25.8118801117,47118300
2017-03-24,28.9713286366,29.1273523176,27.4598665475,27.723154068,107481800
2017-03-27,27.4013543905,28.4545024421,27.3720996064,28.0449447632,48190000
2017-03-28,28.0156890881,28.3374842641,27.9084252693,27.9766845703,24776400
2017-03-29,27.888922625,27.9669335219,27.6451383395,27.7914085388,23060600
2017-03-30,27.6938936696,28.2789763101,27.6256343692,28.2497215271,25092700
2017-03-31,28.3764894949,28.6300253597,28.1814613342,28.1814613342,32337800
2017-04-03,28.2302208689,28.3179833601,27.5963802417,27.9279270172,21629100
2017-04-04,27.7621540947,27.9669338641,27.4598620978,27.8791713715,13957900
2017-04-05,27.9279262377,28.1912137038,27.5281201713,27.5573749542,22389900
2017-04-06,27.5476247179,28.0644480813,27.3233436179,27.9084262848,19423700
2017-04-07,27.7426499749,28.1424560189,27.6451358974,27.8109092712,20325500
2017-04-10,27.742649747,27.7816542617,26.8942796972,26.9527873993,27422100
2017-04-11,26.8162721889,26.8552785685,26.0166600067,26.5042285919,38619300
2017-04-12,26.7382646487,26.7480162449,25.9971600829,26.0264148712,24621900
2017-04-13,25.8898958077,26.5529895009,25.704621051,26.0751724243,26077500
2017-04-17,26.2409396356,26.5432316207,26.1629287407,26.4554691315,14108600
2017-04-18,26.328700903,26.6602476557,26.231186824,26.4652194977,14407100
2017-04-19,26.7675157318,26.8650279597,26.3774593807,26.582239151,21231900
2017-04-20,26.8162750121,27.3818545562,26.8162750121,27.264837265,23633000
2017-04-21,27.3038406406,27.3330954251,26.4847252726,26.6407470703,28361700
2017-04-24,27.0503078125,27.0698110044,25.8606410054,25.9093971252,44041000
2017-04-25,26.0459153649,26.3482092552,25.7143704071,26.3189544678,22881400
2017-04-26,25.9191482784,26.3969653123,25.7338716784,26.1239280701,24670700
2017-04-27,26.4944748635,26.9625402213,26.4262155647,26.9430370331,24626900
2017-04-28,27.3233445159,27.4988695077,26.8260243257,26.9820461273,28105100
2017-05-01,27.157570894,27.6743924102,27.0308020188,27.5866317749,23938000
2017-05-02,27.5768795,27.5768795,26.7675157332,27.0795593262,25335300
2017-05-03,26.8650281687,27.4013547258,26.8650281687,27.3038406372,15061300
2017-05-04,27.2453321647,27.4696132601,27.0308008039,27.0990619659,15544600
2017-05-05,27.1088144666,27.5183721808,26.9332913261,27.4988708496,15639600
2017-05-08,26.87477997,27.3721001514,26.6017427519,27.3623485565,32326800
2017-05-09,27.4111073897,28.1814648134,27.3623494135,28.0937023163,31073400
2017-05-10,28.2009698636,28.6885384976,28.0839525731,28.5910243988,29267500
2017-05-11,28.4447499558,28.5812685579,27.9766845831,28.3082313538,22494600
2017-05-12,28.3764915454,28.3959947349,27.9669338665,28.2107181549,15902700
2017-05-15,28.3569873283,28.4642530065,28.0156889649,28.1132030487,21899900
2017-05-16,28.2009630975,28.3569848741,27.8596647636,28.2984771729,14940800
2017-05-17,27.6353908543,27.8011642675,26.2897003571,26.3287067413,38027900
2017-05-18,26.4749730063,27.1965742675,26.4164652987,26.7967681885,26863000
2017-05-19,27.0893142626,27.4598656101,27.0405562828,27.1283187866,19173200
2017-05-22,27.4988690255,27.5476251402,26.9625424643,27.3623485565,18032700
2017-05-23,27.3818519995,27.606133105,26.8747802184,27.5866317749,21800800
2017-05-24,27.7621543041,28.3959949467,27.7329013796,28.2692260742,22216800
2017-05-25,28.4740068553,28.9225690725,28.4642552601,28.6982879639,20714000
2017-05-26,28.5422654825,29.0298340687,28.1619607205,29.0200824738,17784800
2017-05-30,29.1956059225,30.1024837426,29.1370963561,29.9367103577,34690000
2017-05-31,30.2390032433,30.3267657356,29.5661580891,30.0049705505,26402900
2017-06-01,29.9854724027,30.0634833134,29.5271585347,29.995223999,20534800
2017-06-02,30.034222555,30.5998020103,29.7709369462,30.4340286255,20206300
2017-06-05,30.5217911151,30.9703551575,30.2975100239,30.4340286255,24360800
2017-06-06,30.268260325,30.9801100522,30.1024869226,30.7850818634,33125800
2017-06-07,30.9118559369,31.7407212286,30.9118559369,31.6919651031,32635800
2017-06-08,32.0235027979,32.0430059864,31.0873702064,31.6431999207,29156500
2017-06-09,31.857730938,32.1112686963,28.8153038774,29.8391990662,53064200
2017-06-12,29.312624376,30.9020990896,28.4837573652,30.424282074,46550900
2017-06-13,30.9606048611,31.4384237067,30.0049708897,30.7558269501,33767900
2017-06-14,30.9898577775,30.9996093717,30.0829799748,30.2877578735,28935000
2017-06-15,29.7124293838,30.1999979767,29.3321264764,29.8001918793,33670600
2017-06-16,29.8684459458,30.2292474596,29.0785854846,29.1175918579,42881700
2017-06-19,29.7514368699,30.4730381911,29.5759118724,30.424282074,24915000
2017-06-20,30.6193063516,30.7948313375,29.9659643822,30.0634784698,25793300
2017-06-21,30.4047761439,31.3506603545,30.2877588694,31.214138031,30579000
2017-06-22,31.2433961648,31.594446145,30.9703570846,31.0971240997,23050800
2017-06-23,31.0971209512,31.2823993775,30.8533366807,30.9410991669,45323800
2017-06-26,31.6432089777,32.1405274088,31.1556402838,31.6919651031,34750700
2017-06-27,31.7017078989,31.857729698,30.824086674,30.8728427887,33221500
2017-06-28,31.2726498052,31.4774277251,30.6583141857,31.4384250641,28415900
2017-06-29,31.4871769027,31.5846891219,29.8781992483,30.6875629425,53948400
2017-06-30,31.3213998747,31.3506565146,28.9713198177,29.1175918579,73308000
2017-07-03,29.3418798605,29.5271564579,27.8499192056,28.4154987335,36830400
2017-07-05,28.8153017058,29.8001904391,28.8153017058,29.7514343262,40444600
2017-07-06,29.195603664,29.7221767014,29.1761004767,29.3516254425,27143800
2017-07-07,29.4686418768,29.7416809286,29.2346092008,29.4491405487,22023100
2017-07-10,29.4101352842,29.8294445419,29.0103292153,29.7416820526,24907900
2017-07-11,29.7904413815,30.6095567966,29.7514368598,30.5900554657,28530500
2017-07-12,30.9801115614,30.9898631573,30.3852772306,30.6680679321,22258600
2017-07-13,30.7655757358,31.058117991,30.0732292656,30.3560180664,23773000
2017-07-14,30.570548153,31.1556307792,30.4827856661,30.9996089935,28887600
2017-07-17,30.8825926886,31.0678692623,30.6583115972,30.9313488007,22320500
2017-07-18,30.8533385858,31.1166260606,30.6193058948,31.1068744659,14045000
2017-07-19,31.2531469268,31.5456873466,30.8630924136,31.0288658142,19984100
2017-07-20,31.1361302675,31.223892762,30.6388100855,31.2043895721,23179300
2017-07-21,31.106874211,31.3019005219,30.8338370037,31.214138031,21146600
2017-07-24,31.2043844808,31.2141342142,30.7168159733,30.8825893402,17415500
2017-07-25,30.0342240314,30.063478816,28.9128166601,29.1566009521,51216400
2017-07-26,29.1078464084,29.3028727366,28.9420730065,29.0688400269,26387400
2017-07-27,29.5174025202,30.5217926128,28.9323198475,29.4881477356,38967000
2017-07-28,29.2151089299,29.2346121199,28.2399717529,28.5520172119,31854900
2017-07-31,28.6982875711,28.8153029915,27.1770740876,27.4208583832,41112700
2017-08-01,27.5183701424,28.220470092,27.138067243,27.6353874207,28221600
2017-08-02,28.2399718461,28.6982875111,27.5183705559,27.918176651,27226000
2017-08-03,27.6841415917,27.6938931859,26.9235358463,27.1380653381,30288400
2017-08-04,27.1673261747,27.5963852539,26.5919950104,27.2258338928,23947500
2017-08-07,27.2355809988,27.8986745609,27.1088121273,27.8791713715,16589300
2017-08-08,27.898674226,28.6105238932,27.898674226,28.1229553223,21903300
2017-08-09,27.8011578937,28.1717091594,27.6548877062,27.8694171906,14181800
2017-08-10,27.596383009,27.6743939134,26.7480146561,26.8065223694,26147600
2017-08-11,26.7577631416,27.3428457866,26.182432091,27.3135910034,23375900
2017-08-14,28.1034542278,28.6300292165,28.0059401344,28.5130119324,25254600
2017-08-15,28.766546924,29.0688389302,28.4154969426,28.9420719147,23973600
2017-08-16,29.2736180192,30.0927333832,29.2151084504,29.9269599915,37879500
2017-08-17,29.5661589032,29.7709386775,28.8738124004,28.8835639954,26152500
2017-08-18,29.2151104118,29.8391995015,29.0200840825,29.6246681213,31178100
2017-08-21,29.7709344723,29.8391937674,28.5520131734,28.825050354,26247700
2017-08-22,29.1078437558,29.7806888975,29.0298328597,29.6929264069,18821200
2017-08-23,29.2248591701,29.9757152079,29.1273469448,29.6929264069,21200400
2017-08-24,29.7904441492,29.8684550598,29.3613850709,29.4686489105,18056800
2017-08-25,29.5466512075,29.6344136889,29.3028669505,29.536901474,13929800
2017-08-28,29.6734255153,30.4340313466,29.66367392,30.307264328,22531000
2017-08-29,29.985463722,30.7460712763,29.9367076144,30.6973133087,23151900
2017-08-30,30.8630954829,30.8923502717,30.5998079628,30.8240909576,17467900
2017-08-31,30.8240846565,31.2238907229,30.6973157905,31.1751327515,25694000
2017-09-01,31.3311587262,32.0625116133,31.3311587262,31.7894706726,26034000
2017-09-05,31.6432029433,31.9259936246,30.8630920659,31.272649765,28866600
2017-09-06,31.272654226,31.8869917924,31.2629044894,31.448179245,29290200
2017-09-07,31.6627069042,32.0820162088,31.6432037133,31.9747505188,25353300
2017-09-08,31.9844964208,32.199027775,31.5066813206,31.6431999207,19649300
2017-09-11,32.0820216235,32.6085929871,31.9942591096,32.6085929871,31012100
2017-09-12,32.8523734417,33.681242357,32.7256082743,33.4374580383,38685800
2017-09-13,33.700742802,33.9347736457,33.1741678239,33.7299957275,41588100
2017-09-14,33.573977095,33.9835329701,33.4472082061,33.720249176,23007000
2017-09-15,33.7787559127,34.1298059404,33.5252218481,33.7885093689,37417300
2017-09-18,34.2565624392,34.9099024168,34.1492967785,34.5491027832,41330100
2017-09-19,34.6173628463,35.2024435473,34.6173628463,35.0561752319,26392200
2017-09-20,35.1341894406,35.6900173045,34.4613461631,35.0756835938,42243000
2017-09-21,35.0366769558,35.3487205361,34.5198554735,35.0171737671,22464900
2017-09-22,34.7148905531,35.3194784298,34.7148905531,35.1732063293,21559800
2017-09-25,35.1439372426,35.2512029043,33.6812317896,34.0030250549,35607200
2017-09-26,34.3540781033,34.4905966963,33.2424224525,33.3301849365,55112600
2017-09-27,35.3584659267,36.22634098,35.0269191984,36.1678314209,84593900
2017-09-28,36.2263498669,37.5037772675,35.9045527929,37.0162086487,52569900
2017-09-29,37.0357087556,38.381399073,36.8699372245,38.3521461487,48711400
2017-10-02,38.6154298165,39.3662858716,38.3813989826,39.0152359009,54244800
2017-10-03,38.9372244348,39.5320586569,38.8592116818,39.3662834167,27322300
2017-10-04,39.1420012086,39.4247918503,37.9425830646,38.576423645,37908400
2017-10-05,38.8104568753,38.8689664421,38.2741322,38.3911476135,22501000
2017-10-06,38.03035276,38.6836929321,37.8450780216,38.6836929321,25150300
2017-10-09,38.7324517963,39.9708765193,38.6349358418,39.941619873,27279300
2017-10-10,40.4194311519,40.9557557812,39.4540438431,40.936252594,48214100
2017-10-11,39.8246061981,41.0240245921,39.7855998146,40.5754623413,53023600
2017-10-12,40.1854054176,40.7119804285,39.2882809278,39.5710716248,66789800
2017-10-13,39.766087731,40.1463905855,39.3175255805,39.3955383301,35371200
2017-10-16,39.8636121797,40.5364555491,39.5028087156,40.4584465027,33696800
2017-10-17,40.1171408091,40.3706785452,39.2492693613,39.3857879639,41233700
2017-10-18,40.0196295492,40.9070042073,39.7953484509,40.6144638062,43528000
2017-10-19,40.1561443489,40.4681879099,38.8104541672,40.282913208,47676000
2017-10-20,40.9557616452,41.1215331806,40.4096834841,40.4681930542,36293700
2017-10-23,40.8094821557,41.1410288861,40.3706734795,40.5266952515,26844200
2017-10-24,40.7022266727,40.9655104323,40.3999328141,40.5657043457,26299400
2017-10-25,40.2829192805,40.5559565076,39.3077820754,40.0391349792,31061100
2017-10-26,40.1463887083,40.1561421615,39.3077740087,39.5905609131,27453500
2017-10-27,39.5808203573,39.9221169002,39.0444956242,39.8343544006,31094700
2017-10-30,39.7173356934,40.819241715,39.6685795798,40.6144638062,29119500
2017-10-31,41.199548026,43.4618661052,41.1507919084,43.2083320618,61972200
2017-11-01,43.6764022288,44.2029772837,42.6915114351,43.2765960693,38842900
2017-11-02,42.9840453354,43.6373854096,42.6329953827,43.2375793457,25813000
2017-11-03,43.6568880819,43.8811691668,42.272191476,42.6232414246,27694600
2017-11-06,42.7597634315,42.9157852299,41.3945736249,42.1746826172,28841000
2017-11-07,42.4964772258,43.1400675724,42.2526929472,42.8572769165,32422900
2017-11-08,42.7597551605,43.042545778,42.3697025997,42.9937896729,19519600
2017-11-09,42.6037432054,42.6037432054,41.521344031,42.4184684753,32501100
2017-11-10,42.6720008766,43.7349005396,42.6232447622,43.6666412354,33840800
2017-11-13,43.2278304991,44.7295388432,43.091308177,44.4662513733,30522300
2017-11-14,44.4467539381,44.8563097634,43.6861444169,44.6612815857,29899200
2017-11-15,44.0664444538,44.6027728377,43.5106166013,44.232219696,22434500
2017-11-16,44.5930287446,45.1391069774,44.1639696673,45.0318412781,24192600
2017-11-17,45.3828860931,45.3926358283,44.5930236235,45.0123329163,22613300
2017-11-20,45.3536335288,46.6700710966,45.246371552,46.4555397034,26975000
2017-11-21,47.1576397764,48.3960645768,46.952861839,48.1717834473,35756600
2017-11-22,48.6105860865,48.6495924657,47.4111678224,47.9182395935,28711800
2017-11-24,48.0937666008,48.6398447741,47.8109759189,48.4448165894,14203300
2017-11-27,46.7675765585,47.1868858282,45.9192082843,46.8553390503,44469700
2017-11-28,47.2453949686,47.6452010455,46.6310575316,46.7383232117,30633200
2017-11-29,46.3190224485,46.4165346921,42.1941920537,42.652507782,81370100
2017-11-30,43.0620605689,43.4326137634,40.8192456505,41.3360671997,63895700
2017-12-01,40.6924728473,41.4920850132,39.015235758,40.9460105896,73138600
2017-12-04,40.9070046809,41.2385514647,38.0986086134,38.9079742432,73640500
2017-12-05,38.7812057297,41.0045172888,38.439905488,40.1854019165,56540700
2017-12-06,39.8050973121,40.7022254051,39.2980255585,40.5462036133,39735300
2017-12-07,41.1312866002,42.1551798965,40.8679991149,42.1259269714,43189000
2017-12-08,42.9450391077,43.4716140385,41.8041267576,42.1356735229,44717800
2017-12-11,42.3404532074,42.662250252,41.2775572864,41.9406471252,32824000
2017-12-12,41.6285985576,41.7846203339,40.6729647126,40.8192367554,28492300
2017-12-13,41.1702918521,42.0284098698,40.9265075635,41.0045166016,28565600
2017-12-14,41.2385602016,41.6676193045,40.8387540294,41.1898040771,24582800
2017-12-15,41.2482978111,41.5018355355,40.8484917564,41.3458137512,58721700
2017-12-18,42.2916946643,42.6427446128,41.9211452474,42.6232414246,35075500
2017-12-19,42.9937936883,43.2375779565,42.223434508,42.8865280151,51048300
2017-12-20,45.4901431095,45.6364114294,43.7446469648,44.6125183105,84338200
2017-12-21,44.4174998245,44.4467564708,43.2473344114,43.3155937195,50486100
2017-12-22,43.0815541469,43.8226566507,42.8475196237,43.0230445862,30372500
2017-12-26,42.1161588471,42.1259122986,40.4876821072,41.1995315552,41966200
2017-12-27,41.1702902965,41.9991553585,40.9850118634,41.4238243103,24175100
2017-12-28,41.7651291554,41.9796568156,40.7119791663,40.770488739,28999700
2017-12-29,40.7802261426,40.7997293275,39.7563331093,40.0976295471,44642100
2018-01-02,40.5071967626,42.6329959768,40.1658965395,42.584236145,37097000
2018-01-03,43.3935947094,43.9299192933,42.9547823335,43.8616600037,43376700
2018-01-04,44.8465527884,45.8119363465,43.8909152438,45.7144241333,52229500
2018-01-05,44.9830786369,45.499900146,44.2517257603,44.6612815857,47381100
2018-01-08,44.1834648984,44.9440706729,43.7934085567,44.4174957275,32217400
2018-01-09,44.144464441,44.4175016849,41.7066212781,41.9016494751,62982900
2018-01-10,40.9070052889,42.2916982937,40.3609271311,42.2331924438,53348000
2018-01-11,42.4379678203,42.9060331905,41.5603429262,41.7553710938,39402200
2018-01-12,41.7553704618,42.2721919362,41.6188518626,41.7456207275,28458500
2018-01-16,42.067417571,42.7695175347,41.3653176074,41.8528862,38174800
2018-01-17,42.1356792434,43.2765917484,41.9113981246,43.1595726013,38077100
2018-01-18,43.11081366,43.5398763981,42.8182732511,42.8962860107,25152100
2018-01-19,42.8572800831,43.1010643797,41.5896024849,41.6871147156,41469200
2018-01-22,41.4140748483,41.8138809204,40.6437156276,41.8138809204,37879400
2018-01-23,42.1746801925,43.5496233749,41.6676084467,42.8572769165,41334100
2018-01-24,42.6720009872,42.8572794304,41.6773643457,42.0089111328,31305700
2018-01-25,43.1303156369,43.6081344765,41.7943787849,41.9406471252,40519200
2018-01-26,42.1454274179,42.7207584662,41.9601489849,42.584236145,27177500
2018-01-29,42.1746815182,42.3404530473,41.3263132436,42.2136878967,29455000
2018-01-30,40.9460080147,41.7358666763,40.4389362819,40.6339607239,38861900
2018-01-31,41.9113925079,42.8670264286,41.7066146077,42.6329956055,45114600
2018-02-01,41.9699031713,42.9937964188,41.053271884,41.4335784912,35713500
2018-02-02,40.9557655851,41.1605435202,39.6003253668,39.805103302,40657400
2018-02-05,39.1420018846,40.4974418337,38.0400959401,38.4204025269,45796800
2018-02-06,39.5418084153,42.8377728344,39.5418084153,42.7890167236,66972800
2018-02-07,42.1844210132,42.4769650616,40.7022161862,40.9654998779,51354800
2018-02-08,41.4628356248,41.9601539772,39.0054893494,39.0054893494,53794100
2018-02-09,40.0293835737,40.1659021942,36.5871502539,39.4052963257,65189300
2018-02-12,39.9903747977,41.6188558504,39.8636096404,41.1410369873,47941100
2018-02-13,41.0045212918,41.8528896717,40.9362619808,41.5701026917,30296800
2018-02-14,40.8875074944,42.5452416568,40.8875074944,42.3697166443,36765900
2018-02-15,42.6427495864,42.8280243165,41.2092967028,42.4184684753,35072300
2018-02-16,42.2136924706,43.988441969,42.0576706593,43.1108169556,49404600
2018-02-20,42.9255428683,44.14446445,42.808527438,43.7836647034,36215900
2018-02-21,44.2419636868,44.4174886406,43.4130987428,43.4326019287,31618700
2018-02-22,43.6666360536,43.7153958821,42.9450367173,43.1498146057,24359600
2018-02-23,44.0567008262,45.6364221144,43.9006790165,45.373134613,48476700
2018-02-26,45.8021919969,47.0308631389,45.5389045265,46.7870788574,41966100
2018-02-27,46.4750412883,47.7719756192,46.2410067111,47.3721694946,44731100
2018-02-28,47.5866935361,48.2302839247,47.1478810621,47.596446991,45031400
2018-03-01,47.5574444902,47.5964508733,45.6071699754,46.4360351562,61278800
2018-03-02,45.2073611944,48.0255071077,44.8075550912,47.8889884949,52492900
2018-03-05,47.5866927588,51.0581823944,47.5086837201,50.7363853455,70984100
2018-03-06,52.0723228646,53.281490791,51.8870444341,52.4038696289,73096300
2018-03-07,52.0138172902,53.6325448589,51.8090393753,52.6281547546,61670000
2018-03-08,53.232731407,54.0908530477,52.9499407714,53.8470687866,51685900
2018-03-09,54.3736394104,54.4419024251,52.2868467516,53.2327308655,65504600
2018-03-12,55.0952514889,59.6491404017,54.9489794218,57.8938941956,138651600
2018-03-13,60.6242778638,61.8431993623,57.0650293201,57.9524040222,142315800
2018-03-14,57.8451351631,58.5667382874,56.1288954241,58.2936973572,80306900
2018-03-15,58.2839531236,58.6545063154,56.7822408853,57.3770751953,50963700
2018-03-16,58.5082216862,59.1810648964,57.7378625412,59.073802948,69323100
2018-03-19,58.8592838837,59.4736213811,57.2893123459,58.6447525024,71373300
2018-03-20,58.6057379314,59.7271470788,58.3131975468,59.6296348572,53890500
2018-03-21,59.8246653366,60.1854687765,59.0933124415,59.5516281128,51220200
2018-03-22,58.5764950949,58.800776219,56.665226952,57.4550857544,74274700
2018-03-23,56.2556634231,57.3380663043,52.345364909,52.8621864319,118369500
2018-03-26,54.8612162513,55.3000287274,51.4092334523,54.1786231995,70260700
2018-03-27,53.6910556647,54.0908617686,50.3950908814,51.0971908569,67785100
2018-03-28,50.6388750071,52.0235680432,49.4394566996,50.209815979,62987500
2018-03-29,50.8631540074,51.3702257759,49.86851366,50.8436508179,61458800
2018-04-02,50.2585751623,50.4341001663,48.3278038381,48.815372467,59875500
2018-04-03,49.5369615715,50.4828457037,49.0688962322,50.2683143616,52436400
2018-04-04,48.3863013871,52.1698343397,48.0352514394,52.0625686646,60272800
2018-04-05,50.7656514293,50.9021700622,47.9670045759,48.6008453369,89203500
2018-04-06,46.5335466091,49.2249235423,46.084980687,47.2551460266,79392200
2018-04-09,47.9084866489,48.5910833612,46.7285679336,46.7675743103,50532900
2018-04-10,48.025507671,49.4882134884,47.4306733767,49.2249259949,50346500
2018-04-11,49.0298978086,50.5121068166,48.8641262681,49.2249259949,38942200
2018-04-12,49.849006559,51.6042525616,49.829503371,51.282459259,46656300
2018-04-13,52.072320217,52.1600827007,50.2975710747,50.9314079285,43598900
2018-04-16,50.9509102023,51.1751912745,50.0440324599,50.3658294678,30879500
2018-04-17,50.5608605672,51.3897293902,50.4535986037,50.9606666565,33325300
2018-04-18,50.1708183796,52.9207054626,49.4199621591,52.6671676636,55393600
2018-04-19,51.5847621947,52.7549239229,49.7124967338,50.1415557861,52635000
2018-04-20,50.2195643182,50.7753922082,48.9031306249,49.3614425659,38510800
2018-04-23,49.546732016,49.6149913356,47.5964572403,47.801235199,43693000
2018-04-24,48.4253081137,49.0103888843,45.2853654694,45.938709259,61915400
2018-04-25,46.3775317586,47.1381376693,44.9343289875,46.4165344238,43781200
2018-04-26,48.0547493662,48.9323741394,47.6159406994,48.8933677673,39041400
2018-04-27,49.8392627362,50.1122999611,46.0167229895,46.33852005,50049800
2018-04-30,45.8899493861,46.5042830289,44.1932093388,44.8367996216,54743800
2018-05-01,44.4565017274,45.7046760585,44.2809767471,45.6266670227,34154900
2018-05-02,44.7685495164,45.5779151927,44.5442684027,44.7490463257,31640800
2018-05-03,44.602773732,45.7046760049,44.2029676595,45.4608917236,30489600
2018-05-04,45.1683474912,46.5140376508,44.992822526,46.3970222473,28632200
2018-05-07,47.0601229987,47.8889919099,46.9138546402,47.2746543884,33996900
2018-05-08,47.3234089315,47.6452060053,46.6895719592,47.3624153137,25205500
2018-05-09,47.8402305052,49.7612481847,47.7719712014,49.7417449951,36489100
2018-05-10,50.5121009521,51.3702226403,50.3170727885,51.3507194519,37146300
2018-05-11,51.0776905997,51.4872464624,50.3950937753,50.5316123962,27646400
2018-05-14,51.6725203151,52.3746165485,51.5457514413,51.68227005,33376300
2018-05-15,52.4623897088,52.8231894938,51.3799866341,52.6671676636,43307300
2018-05-16,54.2078707618,55.4950514178,54.1006050872,55.0952453613,59011900
2018-05-17,54.6174273738,55.0367366247,52.5891441387,53.3400001526,54832200
2018-05-18,52.2673465608,53.2912434816,51.5359937429,52.0625686646,46088800
2018-05-21,54.7832094399,55.0660001271,53.1742315353,54.1006126404,70858100
2018-05-22,57.5818467864,58.995796369,56.8504939388,57.5623435974,111262700
2018-05-23,57.5818528299,58.5082339447,56.7042315527,58.4789810181,64066800
2018-05-24,58.6837581732,60.4487578798,58.0791741386,59.96118927,74725000
2018-05-25,59.3370926914,60.5560141001,59.103061864,59.8246612549,54715900
2018-05-29,59.8344125497,62.3892706887,59.8246590957,61.0630836487,75591900
2018-05-30,62.1162339666,63.052368409,59.4053503012,61.0143280029,84737600
2018-05-31,57.7573819281,58.7520224221,55.7485977476,56.1581573486,101882200
2018-06-01,57.3478193947,57.8646409143,55.4658043233,57.2795600891,74761500
2018-06-04,56.0021302503,57.6891171767,55.2122677713,57.630607605,64350500
2018-06-05,58.3131985388,58.6447453056,57.3673180699,57.9328956604,41711300
2018-06-06,57.7866356491,58.1084327486,56.8505047195,57.9426574707,36749000
2018-06-07,58.3619695539,58.7715291797,57.1040451856,58.147441864,42264700
2018-06-08,57.17228975,60.0684444346,56.772483684,59.8636665344,57144900
2018-06-11,60.1757101118,60.9948254322,59.5516229571,59.8636665344,42251500
2018-06-12,60.3024835224,60.3122332575,58.4497213875,59.0445556641,43633300
2018-06-13,58.8007682304,59.7466524374,58.5277310242,58.5569839478,33281400
2018-06-14,59.0445550488,59.0640582386,57.211296123,57.7086181641,43421900
2018-06-15,57.0747860877,57.6306140619,55.8753676318,56.782245636,45854100
2018-06-18,56.1679076344,57.1430449456,55.4560578437,56.9967765808,36975600
2018-06-19,56.206910601,57.9816601018,55.6900890479,57.7768821716,43486600
2018-06-20,58.6350067921,59.6003906343,57.3380723997,57.4843444824,57497600
2018-06-21,59.9319241092,60.2927275074,57.6208502686,57.962146759,70419900
2018-06-22,58.7032637332,58.9080416648,55.6023269521,55.6803359985,63497500
2018-06-25,54.1591186457,54.2566308736,51.1069382997,51.8382911682,72196300
2018-06-26,53.0572059017,53.4082558293,52.277097018,53.2327308655,42277100
2018-06-27,53.632544128,53.9738406481,50.8631544278,50.9606666565,53007500
2018-06-28,50.707138351,51.9845695217,50.5023604159,51.8187942505,36878900
2018-06-29,52.3551137954,52.5111355952,51.0971896617,51.1361923218,32582200
2018-07-02,50.23907869,53.174240592,50.0440504684,53.1254844666,38934200
2018-07-03,53.1937326561,53.4277672171,48.8543714423,50.2000617981,52190200
2018-07-05,51.3214672166,51.9845607499,50.648620229,51.5262451172,51136400
2018-07-06,51.233711815,52.0820801777,50.6876336179,51.9065551758,31841000
2018-07-09,52.4623832725,53.144980091,51.7895399096,52.9597053528,32579700
2018-07-10,53.300998909,54.5101706671,52.9987050396,54.3541488647,34852800
2018-07-11,53.0377055995,53.6325398181,52.4331216467,52.8329277039,38699200
2018-07-12,53.2912524816,54.2761394726,52.9987083292,54.0713615417,29647700
2018-07-13,54.1298630468,55.1830129832,53.9445883223,54.9489784241,28799000
2018-07-16,55.1927569192,55.7583382079,54.6661857262,54.7539482117,25735200
2018-07-17,54.4419020064,55.7095793976,54.120105002,55.5438041687,24729100
2018-07-18,55.8266011619,56.7042260742,55.5048041208,56.0216293335,33729700
2018-07-19,55.8266100709,56.1289039711,54.2858913612,54.8222198486,39392100
2018-07-20,54.6856929172,54.7441987653,53.4667714851,53.6520462036,32588100
2018-07-23,52.1795837213,53.2229838234,50.9216597102,52.9401931763,42781500
2018-07-24,53.6325403948,54.0225967219,51.6237566335,51.8480377197,39011500
2018-07-25,51.3214661125,52.8719342352,50.9996690872,52.0625686646,39749200
2018-07-26,52.2673485697,53.3790080202,52.1210802324,52.4233703613,28862500
2018-07-27,53.1059653066,53.2717405471,51.7895317161,52.618396759,30109700
2018-07-30,52.8426708906,52.9011804477,51.116678013,51.6920089722,25747800
2018-07-31,52.4428809099,52.8719436871,51.4579939092,51.4774971008,29301700
2018-08-01,51.3507289508,52.2478571816,50.8729100475,50.9899291992,28200000
2018-08-02,50.4146001043,52.2186026554,50.10255646,52.0723342896,28708000
2018-08-03,51.974809137,52.0723250835,50.9606656124,51.4969940186,22958900
2018-08-06,50.9216648764,51.4969959631,50.2195649145,51.3604736328,28776900
2018-08-07,51.6237555752,52.1113241142,51.3897247595,51.7212715149,21918600
2018-08-08,51.5262440088,52.199087262,51.1556908728,52.0625686646,18074700
2018-08-09,51.3409732759,51.5359977332,50.638873326,50.9606666565,34538400
2018-08-10,49.9757770989,50.6583738227,49.751496009,50.092792511,31340800
2018-08-13,50.3268327239,50.7656452187,50.0050356545,50.0635452271,24609500
2018-08-14,50.4438454212,50.4828518008,48.7666082963,49.3614425659,32050200
2018-08-15,48.5910862287,48.620339153,45.9679649005,46.3092651367,57746200
2018-08-16,47.0016237155,47.1088894253,45.7924516952,45.9289703369,33663000
2018-08-17,45.0610843833,46.1824935334,44.485753347,45.938709259,34464200
2018-08-20,46.2214997157,47.4014147059,45.3146219212,46.8748397827,33022900
2018-08-21,47.6842203737,49.1176698229,47.6549637221,48.6983604431,38572900
2018-08-22,49.1274129298,49.3907004188,48.6300908772,48.9908943176,26740400
2018-08-23,48.8056099963,48.9908884218,48.1717731277,48.4643135071,26832000
2018-08-24,48.6788436358,49.5564685388,48.6788436358,49.439453125,24785500
2018-08-27,50.0732869313,51.1459399375,49.8977619616,50.7753868103,29134100
2018-08-28,51.1166824306,51.2532047425,50.190305208,51.0386734009,26198800
2018-08-29,50.7948929634,50.8631522645,50.0245337423,50.5413589478,31450800
2018-08-30,50.2780766783,52.3453665544,50.122054871,51.4482383728,32416600
2018-08-31,51.3897316909,51.9065532216,50.9216662766,51.2142066956,29937300
2018-09-04,50.843651969,50.999673769,49.449205504,50.638874054,28975100
2018-09-05,50.1123024339,50.3170803626,47.8499843227,48.3083000183,39125100
2018-09-06,47.0016152707,47.2453995785,42.9645477302,43.5398788452,94413400
2018-09-07,44.0176889977,45.3048696984,43.539873892,43.7446517944,47114300
2018-09-10,44.1249612583,44.2517301444,43.2863426149,43.7836647034,33078300
2018-09-11,42.5647472401,42.6622594881,41.2970656966,42.5159873962,48980700
2018-09-12,40.214663713,41.1312914318,39.6685854882,40.7022323608,66916000
2018-09-13,41.2483034866,43.3838563701,41.2483034866,42.535484314,59922100
2018-09-14,43.0132955525,43.4521079657,42.3794549867,43.1985702515,40610300
2018-09-17,42.506240216,43.218090085,42.1746933449,42.4964904785,28205300
2018-09-18,42.8377677118,44.7295321087,42.7890116069,44.202960968,36507400
2018-09-19,44.641782112,44.9148230715,43.7251544362,43.9396858215,29264700
2018-09-20,45.2463607421,46.0459728279,44.7685419495,44.9148139954,75144100
2018-09-21,43.2960929752,44.4662546341,42.7110084259,43.6276397705,97053400
2018-09-24,43.1010737332,44.5150237042,42.7695268691,44.0372047424,36918900
2018-09-25,43.9786830362,44.3297329979,42.9255368711,43.5301208496,32547500
2018-09-26,43.1888276751,43.6471396316,42.8670306121,43.2473335266,30299800
2018-09-27,43.1303192505,44.3882471704,42.9547942515,43.8714256287,26952400
2018-09-28,43.5398721045,44.4760028084,43.3838503205,44.1054496765,28080400
2018-10-01,44.3102375513,44.9343285477,43.8909282149,44.0274505615,26693400
2018-10-02,43.783668931,45.5291619775,43.7641657375,44.6222839355,32397000
2018-10-03,45.1293530317,45.2658716584,43.598387769,44.0274505615,29505100
2018-10-04,43.3936004393,43.6373847114,42.4282130849,43.0620536804,34579600
2018-10-05,42.9840591877,43.5203840238,41.74563422,42.4964904785,35367100
2018-10-08,42.2039348616,42.7597627422,41.5505947535,41.9991569519,27426600
2018-10-09,41.7456224972,41.9699035941,40.9362568817,41.2190475464,31576400
2018-10-10,40.4681966466,41.6871182323,40.2926716407,40.5754623413,48452000
2018-10-11,40.9167602158,41.852891131,40.3999386371,40.9265136719,48197000
2018-10-12,42.4964845521,42.6622561046,40.8777530923,41.4140815735,32851100
2018-10-15,40.9850138788,41.4920856513,40.5949612445,41.2873077393,27697300
2018-10-16,41.6383552349,42.2721921228,41.2482989039,42.1356735229,28827400
2018-10-17,42.2526997188,42.3112055743,41.0630310584,41.2970619202,27759000
2018-10-18,40.9947659568,41.1605374839,40.1171410493,40.2731628418,33560800
2018-10-19,40.6339625638,40.9460098687,39.2687728089,39.4442977905,28641400
2018-10-22,39.5515627103,39.6880813112,37.6792975158,38.7714500427,34441200
2018-10-23,37.2014934902,38.1376245063,36.4798901737,37.7183151245,46364200
2018-10-24,37.0552044723,37.3477448163,34.5198498648,34.5491027832,53096500
2018-10-25,34.7051314903,36.2360965259,34.1883099886,35.8655433655,39625700
2018-10-26,34.4028401685,35.0171776629,33.4472061327,34.519859314,41257400
2018-10-29,35.2414585607,35.299968133,32.9791405062,33.7982559204,34176400
2018-10-30,33.7787519532,35.153695254,33.6324836054,35.1146888733,35319500
2018-10-31,35.6705174412,37.0942167359,34.9099079622,36.7821731567,44055400
2018-11-01,37.0357048585,39.2005103084,36.5871427065,39.1224975586,43981400
2018-11-02,39.1907627082,39.9221156078,38.6544379925,39.3175315857,33645700
2018-11-05,39.102999968,39.2395222997,37.8060694351,38.9274749756,22904000
2018-11-06,38.7519532867,39.5515654791,38.5764282962,38.810459137,19316600
2018-11-07,39.3175306865,40.0293803794,38.9664807075,39.9123649597,22957200
2018-11-08,39.6588208634,40.3999270826,39.3370275808,39.4345397949,15609300
2018-11-09,38.8982171131,38.995733052,37.4550146964,38.1376113892,26102800
2018-11-12,37.2892450561,37.5720319934,35.924051602,36.5091323853,24822400
2018-11-13,36.7236684392,37.7768184476,36.5091370553,36.9089431763,25870500
2018-11-14,37.6597922265,38.0010924295,36.6749054324,37.0844612122,23706400
2018-11-15,37.0064602614,39.1712624784,36.6846631757,38.9177284241,30046100
2018-11-16,37.4940241123,38.7226952829,37.377008696,38.4594078064,25445700
2018-11-19,38.2253849377,38.3424003784,35.758284908,35.9143104553,31039100
2018-11-20,33.2521803722,36.0703302879,33.2034242512,35.2219581604,38728600
2018-11-21,36.080070682,36.2946020224,35.4657333018,35.4754867554,22728400
2018-11-23,35.0366643869,36.5676288157,35.0269109361,35.4949798584,11257800
2018-11-26,36.8114405922,36.8504469849,34.6466341538,35.6607780457,26569700
2018-11-27,35.1927033794,36.51889063,35.1244440697,36.080078125,21397300
2018-11-28,36.3628656112,38.0303492631,35.0951880464,37.7475585938,42293700
2018-11-29,37.3477482274,37.7475542687,36.7919204072,36.9674453735,23631300
2018-11-30,36.8114179841,37.6695394978,36.0215557557,37.6012802124,28176000
2018-12-03,39.2005118734,39.2395182499,38.17661867,39.0347366333,35830000
2018-12-04,38.5764221913,38.8787122894,35.8070328812,35.963054657,36616300
2018-12-06,34.7733897127,36.7431671507,34.256568227,36.7334136963,37494400
2018-12-07,36.6846712332,36.6846712332,34.3345900374,34.4321060181,30619800
2018-12-10,33.9640329538,34.8319045303,33.6714887965,33.9347763062,33979700
2018-12-11,34.7051326405,35.3584727703,34.227313782,34.3345794678,26238800
2018-12-12,35.0464271152,35.6997709267,34.5198558921,35.1341896057,26642500
2018-12-13,35.3877320161,35.4657410625,33.8957694806,34.149307251,23825400
2018-12-14,33.5837279869,34.568618764,33.2131784833,33.349697113,28922100
2018-12-17,33.3106883016,34.3443351254,32.7646101026,33.037651062,30891000
2018-12-18,33.5349696142,34.0712943606,33.1254137525,33.261932373,46135400
2018-12-19,30.8728450567,32.7451105032,30.492542126,30.6290607452,106669600
2018-12-20,30.8143343162,32.0820137273,30.0927330483,30.5022907257,60427600
2018-12-21,30.8923474159,31.2531471456,29.3613822787,29.566160202,54630500
2018-12-24,29.1175924302,29.5954093537,28.2789739858,28.2984771729,23771800
2018-12-26,28.6105227179,30.1414876702,27.6841417271,30.1219844818,45711000
2018-12-27,29.653922287,31.2141403288,29.4783972924,31.1361312866,39858300
2018-12-28,31.2043911673,31.4774283997,30.6193084609,30.7850818634,29873400
2018-12-31,31.1946350314,31.5944429462,30.6778117083,30.9410991669,21392100
2019-01-02,30.2292496193,32.2575365406,29.9854653482,31.9357395172,26004300
2019-01-03,31.028860117,31.3506571237,30.0927294573,30.2292480469,29145500
2019-01-04,30.8728440894,32.2185344882,30.7655784006,31.8869876862,28557300
2019-01-07,32.8621302471,33.5934832776,32.4818272664,33.1546707153,44841500
2019-01-08,33.6909894254,33.7299958061,31.9942527851,32.9011306763,33434100
2019-01-09,34.1005563558,35.3877374371,34.0517965095,34.5588684082,54147900
2019-01-10,34.3833331523,35.0561801446,34.2078118933,35.0171737671,24437400
2019-01-11,34.5393577775,35.8167888464,34.139551675,35.1146888733,30469800
2019-01-14,33.8567737648,34.0517982808,33.4082077066,33.808013916,34612000
2019-01-15,34.1493027743,34.3540806791,32.8133659464,33.1449127197,30633600
2019-01-16,33.1936679186,33.4764585715,32.6963459123,32.7451057434,24890900
2019-01-17,32.4038103618,33.3496946843,31.847982427,33.037651062,29398500
2019-01-18,33.3789443588,35.2902122892,33.213172828,34.8709030151,44872400
2019-01-22,34.3735833276,34.3735833276,32.715849487,33.0278930664,37021900
2019-01-23,33.2619221029,33.827499602,32.6085784092,33.3886909485,31011600
2019-01-24,34.4321003745,36.5091402038,34.2273187086,35.6802749634,65094800
2019-01-25,37.1429798582,38.3326485531,36.5676487032,37.9913482666,61032300
2019-01-28,36.0313221669,37.9913464046,35.7387817355,37.133228302,44213000
2019-01-29,37.3282520966,38.0108489038,36.3238619367,36.4603805542,30331000
2019-01-30,37.3477552734,37.7963175078,36.6554087309,37.2892494202,32848100
2019-01-31,36.6944175336,37.8548295781,36.3531172477,37.2697486877,34130500
2019-02-01,37.3575011614,38.8689628222,37.2794884131,38.6154251099,36839900
2019-02-04,38.5666755762,38.6251851475,37.5525319939,38.4886665344,30851500
2019-02-05,38.2643824654,39.3272820817,38.1961194443,38.3911476135,25094000
2019-02-06,39.3955412506,40.9167527815,39.3662846074,40.4876937866,47472600
2019-02-07,39.795352162,40.0293830168,37.9425899153,38.4009056091,40396400
2019-02-08,36.8601828954,37.8158168397,36.5188863867,37.6207923889,35573200
2019-02-11,37.6402918581,37.9035793305,36.4311238959,37.6207923889,30356500
2019-02-12,38.4106478259,39.7563379972,38.2643795002,39.3955383301,43587900
2019-02-13,39.8343642756,41.2288111593,39.785608146,40.6437301636,50101700
2019-02-14,40.360923156,42.0869162344,40.2829141239,41.1800384521,41759200
2019-02-15,41.2190478014,41.3458166725,40.3901789915,40.9460105896,28968400
2019-02-19,40.6632178521,41.4335770546,40.4681896879,40.9167518616,25575900
2019-02-20,41.2580536655,42.1844309711,41.082528683,41.1605377197,28048700
2019-02-21,41.4140793443,41.8041320044,40.3901822771,40.4974479675,24048800
2019-02-22,41.0337776907,41.511592865,40.7899933756,41.511592865,22834300
2019-02-25,42.7207614722,42.8962864634,41.6383586002,41.6871147156,25233700
2019-02-26,41.297049696,42.0771622574,41.2385438577,41.8918838501,18051500
2019-02-27,41.5603449603,41.6968635684,39.9903735284,40.2926673889,29522200
2019-02-28,39.2005119768,40.1268929614,38.8104556508,39.8636054993,25777900
2019-03-01,40.6047094603,41.5018375534,40.0878879723,40.5462036133,26755800
2019-03-04,40.8387471898,41.1020346816,39.6295754188,40.0391349792,27047800
2019-03-05,39.2492730231,39.6588288691,38.5276698451,38.9957389832,28798800
2019-03-06,38.400903398,38.4691627034,36.5871476382,36.9869537354,44890400
2019-03-07,36.6066517602,37.3575078583,36.2165953882,36.8894424438,31567800
2019-03-08,35.9728127444,37.8548279443,35.6607691204,37.6890563965,34080900
2019-03-11,37.9425854165,38.5666725819,37.8645763808,38.0596008301,25164700
2019-03-12,38.1961228271,38.4204076594,37.8645797459,38.2741355896,18623500
2019-03-13,38.4204061386,38.7324497366,37.6792998033,37.8645782471,22786300
2019-03-14,37.7768141289,38.6446855812,37.3867577882,37.4550170898,19757300
2019-03-15,37.6207958851,38.8494671505,37.4745238135,38.5569267273,30702000
2019-03-18,38.6154334646,39.4052959732,38.1766246796,38.6251869202,22296600
2019-03-19,38.9372244348,40.0293769378,38.8982180583,39.3662834167,32407300
2019-03-20,39.4930552644,39.7368395562,38.6349335159,39.1322555542,41714400
2019-03-21,40.6632209848,43.11081366,40.61446487,42.8962860107,84985400
2019-03-22,42.3892109458,42.3989606801,40.5169457787,40.5852050781,46605600
2019-03-25,40.312168292,40.9362554475,39.0639939811,39.541809082,34516000
2019-03-26,40.1463967173,40.6144658465,39.1030002115,39.3175315857,24689600
2019-03-27,39.3760442115,39.8343562013,38.0401034663,38.2546348572,26856700
2019-03-28,38.4203984434,38.9469695847,38.0498453499,38.3618888855,24584500
2019-03-29,39.2492716264,40.4876962955,39.2200187012,40.3024215698,35716900
2019-04-01,41.2190347384,41.6968497076,40.6827102195,41.1995315552,28073000
2019-04-02,41.0337727838,41.7261192629,40.7119757409,41.3848190308,21438100
2019-04-03,42.4672248294,43.7349024608,42.4672248294,42.8085250854,39097200
2019-04-04,41.3068097934,42.2526940084,41.199544113,41.8236312866,37038400
2019-04-05,42.2234396199,42.4574741824,41.6578619835,42.2429428101,21119400
2019-04-08,41.1312855251,42.0674163018,41.0727759566,41.8333854675,24546800
2019-04-09,41.482340072,41.5408459271,40.2439153013,40.6827278137,29055900
2019-04-10,40.6534595051,41.3848122427,40.4779345504,41.1215248108,23252200
2019-04-11,41.1507888742,41.6676103783,41.0825295706,41.2287979126,18163900
2019-04-12,41.7846150296,42.1259151794,40.7704754722,40.9654998779,21740400
2019-04-15,41.1215279583,41.1800375209,40.1756475413,40.7802314758,16932300
2019-04-16,41.2093002513,41.8626441702,41.0337789613,41.6968688965,19337500
2019-04-17,42.2819492433,42.9547925666,41.6968646961,42.0771713257,22092000
2019-04-18,42.1259214,42.4477146929,41.7261153574,42.3209495544,16193600
2019-04-22,42.0674118377,42.4867210678,41.4725776407,42.3209495544,19447900
2019-04-23,42.2916962374,42.3892121822,41.6578593355,41.706615448,21489400
2019-04-24,41.7553775534,42.3209589548,41.3263184942,41.9601554871,19637000
2019-04-25,42.5354830261,43.5398768575,41.6286051452,41.6871147156,28346200
2019-04-26,40.4584492334,41.2288048927,39.7563491693,41.0532798767,26092400
2019-04-29,41.0825334343,41.5505988685,40.6924770459,41.0630302429,13452800
2019-04-30,40.8192388076,41.3068073481,40.5462016153,41.0142669678,16342700
2019-05-01,41.3750634577,41.8626319606,40.8484885817,40.8582420349,17673300
2019-05-02,40.9557643023,42.1259297406,40.5949645631,41.5018424988,17046800
2019-05-03,41.433577847,42.3014492883,41.3555650919,42.2526931763,16577000
2019-05-06,40.3706775224,41.2385489482,39.9806211935,41.0825271606,25776000
2019-05-07,40.6437224569,40.8875067788,38.7422040015,39.2590255737,35094100
2019-05-08,38.8689653526,39.4833027663,38.5959281553,38.7616996765,26190100
2019-05-09,38.127857274,38.6446824415,37.2502361585,38.2936325073,27844400
2019-05-10,38.0400992088,38.3131401448,36.7139157877,37.9718399048,30368100
2019-05-13,36.431119372,37.035703278,36.1385790123,36.4506225586,33092100
2019-05-14,37.0747095155,37.6500404994,36.4701256117,37.5525245667,24004000
2019-05-15,36.9576987893,37.7378077509,36.8211764661,37.4550170898,17532300
2019-05-16,36.7431735673,37.0454674679,36.1775921508,36.3823738098,29479200
2019-05-17,35.6997652973,36.3531052859,34.9099030074,35.1634407043,31096300
2019-05-20,33.8860156962,34.3248281543,33.476459882,33.7592468262,34489500
2019-05-21,34.4125906645,34.9879217275,34.2760720596,34.7538871765,32501300
2019-05-22,34.3248356757,34.5686200147,33.7690076803,33.866519928,20902400
2019-05-23,33.0473928995,33.0571463528,32.1405151765,32.979133606,32186700
2019-05-24,33.3106925464,33.5057207651,32.7548645408,33.1546707153,19706000
2019-05-28,33.3009362741,33.4569580745,32.0625116058,32.1210174561,26758400
2019-05-29,31.5164304384,32.5890797491,31.3701583871,32.4623146057,28796100
2019-05-30,32.5988313734,33.4667027392,32.2087750715,32.4915657043,20957600
2019-05-31,31.7894637713,32.6670885333,31.7114547479,31.7992172241,18607300
2019-06-03,32.1307597235,32.3940471175,31.6626944852,31.8772220612,21174500
2019-06-04,32.5305672641,33.7007322767,32.2770295894,33.6324729919,25076000
2019-06-05,34.3248298349,34.5198580169,32.2185336531,32.5110740662,27070300
2019-06-06,32.4330662323,32.9791444808,32.1210225816,32.6378479004,21088100
2019-06-07,32.7158500014,33.1839153779,32.3940566825,33.1449127197,21430400
2019-06-10,33.739746076,34.6563774368,33.6617370333,34.0712928772,21728000
2019-06-11,34.9099124432,35.0951908995,33.8860190853,33.9737815857,19208600
2019-06-12,33.1644153442,33.2521778431,31.9162408881,32.1405220032,28746500
2019-06-13,32.2575351621,32.8036095254,32.1892721469,32.550075531,16586700
2019-06-14,31.6432044771,32.023507409,31.4384265475,31.8479824066,19715000
2019-06-17,31.7309629599,32.0332530881,31.3409066217,31.6236972809,20050000
2019-06-18,32.0820178218,34.0225389151,32.0820178218,33.4374580383,33727300
2019-06-19,33.8275139137,33.8275139137,32.8718797407,33.0961608887,20436400
2019-06-20,33.9737887808,34.3833447228,33.1741763724,33.300945282,21691500
2019-06-21,32.8621256416,33.0474003776,31.9162413311,32.4233131409,38858200
2019-06-24,32.3745529538,33.2326746563,32.1990279755,32.3647994995,27306000
2019-06-25,32.5208252064,33.037650469,31.7992257377,31.8674850464,39590500
2019-06-26,34.9781709265,36.6749113206,34.8123993852,36.1190834045,100271600
2019-06-27,35.9338092003,37.3770157253,35.6022623586,37.1234779358,51612400
2019-06-28,38.3813988068,38.4204051855,37.1039678015,37.6305427551,61402700
2019-07-01,40.1366520821,40.672976866,38.7519588684,39.1127586365,60928000
2019-07-02,38.634928297,39.0347343326,38.0595972973,38.6154251099,29774500
2019-07-03,38.6349391166,38.7812112008,38.1961265839,38.6056861877,13479700
2019-07-05,37.9815913451,38.57642558,37.83531929,38.4399032593,18408000
2019-07-08,38.0596058722,39.6003245207,37.9718433705,39.4052963257,28148500
2019-07-09,39.1322537288,40.380428054,39.0834976167,40.3219184875,28254700
2019-07-10,41.1800416389,42.9060348509,40.9947669184,41.8333854675,51625500
2019-07-11,42.1454261075,42.4574696779,41.3848166499,42.3989601135,30392400
2019-07-12,42.6622482683,43.5886292604,42.2819453932,43.4033508301,33257800
2019-07-15,43.5788799468,44.144461306,42.6232459412,43.2960929871,26623300
2019-07-16,42.9547902711,43.0035463842,41.8626377159,41.9894065857,31238900
2019-07-17,41.9308987408,42.6622516258,41.5408423808,42.2916984558,19539300
2019-07-18,42.5257290154,43.8129096743,42.4184633405,43.5593719482,26456600
2019-07-19,44.007945508,44.8563138812,43.5203768789,44.3882484436,39328400
2019-07-22,45.3438802966,46.2507582001,45.1586055657,46.0167236328,46042800
2019-07-23,45.6169204993,45.9679705132,45.0805957424,45.7826957703,29354400
2019-07-24,45.7826895188,47.0308638691,45.6559206489,46.7968330383,33169900
2019-07-25,47.1966356744,47.4891760515,46.4067733086,46.5822982788,28127800
2019-07-26,46.7480738807,46.9333523209,45.9192087867,46.3092651367,19676200
2019-07-29,45.7046780505,45.8021939993,44.7100376921,45.655921936,21939500
2019-07-30,45.7144250504,46.4945339311,45.0513315718,46.280002594,21301600
2019-07-31,45.5486560491,45.6266688078,43.3350942399,43.7739067078,34493900
2019-08-01,43.8811811878,44.8173121604,41.7748846396,42.5159873962,37906500
2019-08-02,41.5798544533,43.3058479446,41.1702985671,42.9840545654,31954100
2019-08-05,41.3458093365,41.4530712794,40.3316659871,40.8972434998,35172900
2019-08-06,41.6091046292,42.1161764451,40.6534705716,41.5603485107,26857000
2019-08-07,40.9655052758,41.882136471,39.6880781384,40.711971283,35604600
2019-08-08,41.0435276752,41.6968678579,40.6339680892,41.5701026917,18567500
2019-08-09,40.9947655369,41.1897937054,39.8538531688,40.4876937866,22900300
2019-08-12,40.0293773047,41.3458146246,39.9513682708,41.0825271606,23969200
2019-08-13,41.560345962,43.9591862746,41.4530802761,43.0718078613,33040200
2019-08-14,41.8138854722,42.0771729707,40.624216861,40.99477005,24657200
2019-08-15,41.287316326,41.5018477374,40.4682007878,41.1898040771,16104000
2019-08-16,41.579845687,42.7890173375,41.4920831985,42.4672203064,17914100
2019-08-19,43.5593757586,44.2419725241,43.2375824256,43.8909225464,22613400
2019-08-20,43.7349017073,43.851920849,42.9450429601,43.130317688,13191000
2019-08-21,43.6958987871,43.8811735139,42.8085240937,43.0718078613,14973800
2019-08-22,43.3936040184,44.3199850729,42.9547915484,43.6666412354,20599000
2019-08-23,42.7987615409,43.8519112669,41.5993434995,41.8918838501,27519900
2019-08-26,42.6525059912,42.681758919,42.0869245869,42.3502120972,12282800
2019-08-27,42.6232436494,42.7110061411,41.2970565391,41.3848190308,19122100
2019-08-28,41.0532742981,42.1844332921,40.721727504,42.0771713257,11545700
2019-08-29,42.8962821505,44.0957003227,42.8182693979,43.5593719482,18674100
2019-08-30,43.9981791077,44.7880413937,43.9299198173,44.1444511414,16391500
2019-09-03,43.4911189842,44.2029724358,43.3350971761,43.8714256287,17108100
2019-09-04,45.2951178134,46.3190109968,45.2463617037,45.6461677551,26978100
2019-09-05,46.7090680736,48.4058045262,46.6993146196,47.8109703064,33075500
2019-09-06,47.6451986198,48.2692857597,47.4891768348,47.7524642944,19565700
2019-09-09,48.3082914635,48.7568536241,47.6451979566,47.9084854126,19474400
2019-09-10,48.1425222614,48.6983501648,47.2941539435,48.1620254517,23111300
2019-09-11,48.7763637703,50.1123007086,48.6008387746,49.2249259949,31012900
2019-09-12,49.5369707145,49.8490143317,48.8543739072,49.1859207153,19671300
2019-09-13,49.2541726467,49.6832353459,48.8153639333,49.2444229126,14733000
2019-09-16,48.2985456337,48.9908958915,47.8012272849,48.9031333923,17495300
2019-09-17,48.9323868972,49.6442366345,48.6886025877,49.5759773254,13776500
2019-09-18,49.7319977913,49.8977693317,48.4545667049,49.2249259949,15247100
2019-09-19,49.8977629244,50.0245317872,48.5130700472,48.5813293457,16633600
2019-09-20,49.0884141356,49.1956798388,47.5574488003,47.93775177,23195000
2019-09-23,48.3083001761,48.9421371556,48.249790602,48.3668060303,16198500
2019-09-24,48.503319733,48.6593415162,46.8553356961,47.3038978577,24959000
2019-09-25,47.264895123,48.4643132765,46.6700609132,48.240032196,23571800
2019-09-26,48.1522720816,48.5033220404,46.9333506802,47.3916625977,33341000
2019-09-27,44.7587947229,44.7782941915,41.8431331347,42.1356735229,75941400
2019-09-30,41.9309018977,42.3892175972,41.5213460368,41.7846298218,31423100
2019-10-01,42.028411469,42.2624460317,40.7119777483,41.2483024597,28087300
2019-10-02,40.780230816,41.6090958141,40.7217212543,40.936252594,26408500
2019-10-03,40.9557563572,42.4087122076,40.721721827,42.3794555664,23627100
2019-10-04,42.6232408148,43.5106154075,42.2136850273,43.4423561096,21860000
2019-10-07,43.1985722776,43.6178815233,42.9645414595,43.0620536804,14911600
2019-10-08,42.5159800541,42.7500146167,41.560346053,41.5798492432,20664600
2019-10-09,42.1064213137,42.3014494824,41.7651248082,41.8138809204,12784000
2019-10-10,41.8041276421,42.7012557343,41.5505936255,42.2039337158,15572600
2019-10-11,43.2863407505,44.6807872776,43.1790750608,43.9786872864,27483700
2019-10-14,43.8421640185,44.2029674311,43.6861422281,43.7446517944,12443300
2019-10-15,44.0859491812,45.3926330968,43.920177653,45.3048706055,17767700
2019-10-16,44.8465705683,45.3926451304,43.9591956849,44.0372047424,16646900
2019-10-17,44.6320313946,44.9733279366,44.1542125159,44.3687438965,11718700
2019-10-18,43.7154006956,43.8616690378,42.1551790067,42.389213562,26215300
2019-10-21,42.8670171073,44.1737006984,42.8280107387,44.0956916809,15473700
2019-10-22,44.173716453,44.563772839,43.5106228289,43.5496292114,13802400
2019-10-23,42.9547948968,43.7056510218,42.8572826603,43.5496292114,13959200
2019-10-24,44.7588084255,45.9874799204,44.4467647532,45.9289703369,25760200
2019-10-25,46.1044891762,47.0698767153,45.753439162,46.8358421326,19855300
2019-10-28,47.2941488152,47.5379330874,47.0308613548,47.4794235229,15240000
2019-10-29,47.5866921712,47.9474918751,46.8650927634,46.913848877,12183600
2019-10-30,47.0211220277,47.1381374628,46.084987388,46.6895751953,12932800
2019-10-31,46.1044798764,46.6895643554,45.3048677697,46.367767334,15445800
2019-11-01,46.2995143049,47.3331610871,46.0752331929,47.1771392822,18311700
2019-11-04,48.1620122757,48.6593341921,48.025493701,48.3570404053,16021500
2019-11-05,48.3863084457,48.4838244009,47.4014214774,47.4696807861,13682600
2019-11-06,46.952864539,47.0991329085,45.9387208099,46.4945487976,21803600
2019-11-07,47.3136554322,47.8597335808,46.8065836629,47.1966400146,19253600
2019-11-08,46.3775270791,46.816335848,45.7826927854,46.0167236328,18518800
2019-11-11,45.5584178419,45.5779210351,44.7100456754,45.1098518372,14635900
2019-11-12,45.6364089379,46.4945305034,45.5193935444,45.7339248657,15170700
2019-11-13,45.3438814933,45.3926376111,44.6710381393,45.148853302,15423600
2019-11-14,44.9733275957,45.6656778497,44.6320310562,45.6364212036,11797400
2019-11-15,46.4165227799,47.3136508135,46.1629887799,46.5237884521,17859200
2019-11-18,46.7578304341,47.2063926624,46.289765015,46.631061554,12631200
2019-11-19,46.9138489088,46.9821082117,45.1293461377,45.4218902588,18384000
2019-11-20,45.0025854787,45.3438820275,44.1054572763,44.4370040894,24660700
2019-11-21,44.1737114439,45.0318331638,43.9201774257,44.4174957275,14192900
2019-11-22,44.7880589884,45.2268715419,44.612533967,44.729549408,11253700
2019-11-25,44.9538232959,46.3677729756,44.7978014932,46.33852005,18803600
2019-11-26,46.4652807463,46.4847802133,45.382878053,45.5584030151,12849300
2019-11-27,46.1727421,47.0698702033,45.9387112695,46.9626045227,15409400
2019-11-29,46.7480713057,46.7578247598,46.2605027549,46.3287620544,7343600
2019-12-02,46.3872725121,46.7578256593,45.197604035,45.2366104126,16053800
2019-12-03,43.9981840026,44.2712249144,43.4423561646,44.1054496765,20321400
2019-12-04,45.0318378752,45.441393729,44.5930253748,45.148853302,16921700
2019-12-05,45.5486542137,46.2215012106,45.100092029,45.4608917236,13003800
2019-12-06,46.2605043784,47.1283795539,46.1434889637,46.7383232117,20468100
2019-12-09,46.387280592,46.582308794,45.2756246765,45.2951278687,16540500
2019-12-10,45.8704468265,46.7285647354,45.5584032742,46.280002594,19263100
2019-12-11,46.5628036376,48.1132720123,46.5042940636,48.0352592468,22081300
2019-12-12,48.1327683724,50.0537896706,48.0937619952,49.7027397156,36590800
2019-12-13,49.7514922471,51.0191696556,49.4394486917,49.9270172119,30039700
2019-12-16,51.4482352359,52.9499473642,51.3799759319,51.6237602234,38629600
2019-12-17,52.6476574858,52.6574072208,51.3409735282,51.68227005,28344800
2019-12-18,51.682265139,52.3843650256,51.0679277382,51.7212715149,39099100
2019-12-19,53.642290215,53.9153311324,52.559891159,53.1742248535,55792900
2019-12-20,53.5350334954,54.539423616,53.2717460064,53.6910552979,44285000
2019-12-23,53.8568306268,54.7149524604,53.7690681243,54.022605896,23693800
2019-12-24,54.0713594597,54.2566341919,53.6715533493,54.0421028137,8621900
2019-12-26,54.0713577358,54.2663859171,53.5447827623,53.7398109436,13537400
2019-12-27,53.8665834843,54.1493704606,52.5501459611,52.6866645813,17176700
2019-12-30,52.4331249566,52.5403906382,51.3507221259,51.887046814,15271500
2019-12-31,51.5945028737,52.5598902219,51.4677340115,52.4428710938,13296400
2020-01-02,53.486269152,54.1103600289,53.1547223848,54.0128440857,20173200
2020-01-03,52.8134251682,53.9348343207,52.6574033811,53.1742248535,16815800
2020-01-06,52.4136154785,52.7939183259,51.8382844807,52.2380905151,18768700
2020-01-07,54.0031047138,56.9480198061,53.9836015214,56.8212509155,49908200
2020-01-08,56.6457174064,56.9382578085,55.6413273284,56.0898895264,29730800
2020-01-09,56.8699880254,57.0260097924,55.0757358444,55.8851013184,22376100
2020-01-10,56.0411256214,56.0703785416,54.8709604557,55.261013031,19122800
2020-01-13,55.592566612,56.3434226548,55.4462982732,56.0216293335,16163000
2020-01-14,56.362926739,56.8504953159,55.0562428043,56.0898895264,26454300
2020-01-15,55.6120596963,55.6998221716,54.4516480519,54.7734413147,21638600
2020-01-16,55.3877889181,56.4019324384,55.3487825396,56.2459106445,22732700
2020-01-17,56.5774560552,56.6749682791,55.5925654825,56.2264060974,20549200
2020-01-21,55.9436159499,57.7086154894,55.8461037251,57.5038375854,24821700
2020-01-22,58.0401603839,58.7520100174,57.3868165954,57.6988601685,22604400
2020-01-23,58.830017121,59.0542981851,57.5623360424,57.7281112671,26146100
2020-01-24,58.5082300973,58.5277332871,55.8168531496,56.3239212036,28555300
2020-01-27,53.778810817,54.5979261034,53.2619856412,54.0323448181,27310100
2020-01-28,54.8514781057,55.3682997312,53.86659098,55.0660095215,18544900
2020-01-29,54.5979301685,55.768091762,53.9153334257,53.9250831604,19278300
2020-01-30,52.8329389857,53.7008105838,51.8968080745,53.6618041992,30783800
2020-01-31,53.7788068999,53.8275630058,51.3897205121,51.7700233459,28550800
2020-02-03,51.9260496305,52.7646681164,51.6822653599,52.4428710938,20471900
2020-02-04,53.9153430587,54.6271928526,53.5740427665,54.1201210022,19998600
2020-02-05,55.6023238826,55.8363547287,54.4321584925,55.3585395813,19795300
2020-02-06,56.6359694399,57.6988653996,55.9826255922,57.2210502625,23358700
2020-02-07,56.5287008642,56.5579537878,55.3585355591,55.465801239,20891100
2020-02-10,54.9002234668,55.9143670448,54.802711235,55.9046173096,15929000
2020-02-11,56.4409442506,57.3770751042,54.9294822791,55.8266067505,26776900
2020-02-12,57.5721055919,59.6686485007,57.4355869687,57.7963867188,47180800
2020-02-13,57.5428416056,59.1225664675,57.396573265,57.854888916,23679700
2020-02-14,58.6642521549,59.0543085119,56.811490039,57.0455245972,20920200
2020-02-18,55.6510848124,56.5969691735,55.2122722881,56.3141784668,21513200
2020-02-19,57.1235310093,58.7520081211,57.1040278216,58.4984741211,23335500
2020-02-20,58.3912219852,58.4984876823,56.2556689387,57.5331001282,20797100
2020-02-21,57.1722910105,57.2698032356,54.5004136358,55.5730667114,27038900
2020-02-24,51.9845692669,54.0811121681,51.3019724331,53.6422996521,33321100
2020-02-25,53.4765350915,54.0713694999,50.2683321571,50.8046569824,41894200
2020-02-26,51.3409768988,52.9206981776,50.5901207817,51.0679359436,28075600
2020-02-27,49.3712010353,51.5360032458,48.7471137775,49.3224449158,36349200
2020-02-28,47.4404292472,51.6042620792,47.1868914761,51.2532157898,40121300
2020-03-02,51.8772909826,53.330243081,50.8046380127,53.2327308655,33272700
2020-03-03,53.2424913534,54.0226041145,49.8295110431,50.5121078491,36893200
2020-03-04,51.7017783795,54.0031029265,50.9119158536,53.9153404236,28222000
2020-03-05,52.121077624,54.2273735662,52.0138119502,52.3843650818,26223000
2020-03-06,50.9021649898,51.8675487804,48.7568623045,50.1903152466,30313700
2020-03-09,44.3492380348,47.391664963,43.8031598806,44.8270568848,31260800
2020-03-10,46.9528536755,47.0601156337,44.1639609255,46.6700630188,31652900
2020-03-11,45.05133519,45.1683506015,41.7846236422,42.6329956055,38483800
2020-03-12,38.4204047607,41.4823347817,37.0552112783,37.8450737,40117200
2020-03-13,40.5364571266,41.9504069508,37.3965138408,41.9211540222,35264800
2020-03-16,36.4213805645,38.1668774111,33.5934843238,33.6129875183,36879100
2020-03-17,34.6076142007,38.15711233,33.1741616023,36.4506225586,34869000
2020-03-18,33.4081977392,35.6510162015,30.3560192217,33.827507019,36519000
2020-03-19,33.7982513345,36.3726126526,32.8133645119,35.3877258301,31015200
2020-03-20,36.8309235608,37.6305355734,34.9489089235,35.2121963501,37667400
2020-03-23,36.070328489,38.4886684209,34.802647089,37.2989997864,45286000
2020-03-24,40.7802374779,43.3155927144,40.1171438831,42.1941871643,45588000
2020-03-25,42.8182760308,43.7641603433,39.0347425006,41.4433326721,54091000
2020-03-26,43.7836687499,44.6125340142,42.2527033994,43.6764030457,62450700
2020-03-27,42.1746790298,44.1542061269,41.2580515068,42.3989601135,39791500
2020-03-30,43.0718085719,44.4370021473,42.077171896,43.4131088257,33763900
2020-03-31,43.2960878862,44.0469401651,40.8679949177,41.0142669678,36723700
2020-04-01,39.541814306,41.2483044747,38.3521494037,38.898223877,37452800
2020-04-02,38.8007159011,40.5559623804,38.5374283712,40.0683937073,31457700
2020-04-03,39.951383175,40.8192549246,39.5418235049,40.1951675415,28522400
2020-04-06,42.2721949707,45.529153278,42.2624452357,45.2171096802,37899100
2020-04-07,46.894350797,47.1673880384,44.8953201659,45.3828887939,34646400
2020-04-08,45.9094594666,47.4794271759,45.6364185311,47.0893745422,27694400
2020-04-09,48.0742609988,48.571583031,44.2224684925,44.9830780029,39799400
2020-04-13,43.7836585872,45.2366108265,43.2863365682,45.0220794678,30449900
2020-04-14,45.8314510982,47.177141555,45.4608978988,46.4360351562,25738000
2020-04-15,45.2463627696,45.499896778,44.5052564931,45.2756156921,22389400
2020-04-16,45.850947103,46.0264720794,43.549622941,44.3979911804,26589000
2020-04-17,45.6169087146,45.7241743822,43.7348939639,44.5637626648,23388300
2020-04-20,43.4131020114,43.9591800998,42.2234336173,42.3209495544,30463300
2020-04-21,41.9309004574,41.9991597652,40.1659007502,40.3804321289,32482200
2020-04-22,42.0381664147,43.10106614,41.6871164181,42.8182754517,21346600
2020-04-23,42.7305150003,43.6081400338,42.3404586032,42.6817588806,22273100
2020-04-24,42.7110037334,43.2180754658,41.9113916184,43.0620536804,16581800
2020-04-27,43.8811757153,44.261478643,43.4716198609,44.1542129517,16667200
2020-04-28,45.0610930034,46.5042957374,44.1542150317,44.1834716797,25234900
2020-04-29,45.4218915144,48.8933774856,45.17810722,48.5910873413,35743000
2020-04-30,48.2497940459,48.3473100096,46.1922537098,46.6993255615,28585400
2020-05-01,45.2073635025,45.7534379817,43.4131108138,43.9396858215,28194000
2020-05-04,43.0913077172,43.5788762741,42.5257301256,43.3545951843,21377100
2020-05-05,44.3199817184,45.7826873611,43.9884349572,44.2809753418,21007500
2020-05-06,44.9245650885,45.9484582811,44.7782930382,44.9343185425,22011900
2020-05-07,45.9484544154,46.3190075171,45.1878487455,45.4316329956,16372100
2020-05-08,46.1142384561,47.2551471792,46.1142384561,47.0503692627,17437100
2020-05-11,46.5530513993,47.5184351408,46.2605072645,47.0016136169,17353500
2020-05-12,47.3136601505,47.3526665335,44.5052638091,44.554019928,26738900
2020-05-13,44.7295487269,44.7393021834,41.8821494807,42.4477272034,35117500
2020-05-14,41.9894105816,44.6417813252,41.4530821277,44.5930252075,27543500
2020-05-15,42.2039446995,43.6666507724,42.1649420313,43.3058509827,28803900
2020-05-18,44.6905424566,45.0025860825,43.8324206254,44.778301239,20307800
2020-05-19,44.641774531,45.0805869629,43.9006719836,43.9981842041,17389500
2020-05-20,45.3536235951,45.8704487729,44.9440678103,45.4803924561,17876500
2020-05-21,45.3438657189,45.4121250042,43.6471258811,44.0956916809,17445300
2020-05-22,44.0274478154,44.1834696248,43.140073077,43.8226661682,13385400
2020-05-26,45.0708411309,45.5291530707,44.3199850646,44.6612815857,24303900
2020-05-27,44.807551534,48.3473003311,42.8085211764,48.2205314636,56071500
2020-05-28,47.4891841936,47.5769466937,44.9245722183,45.3146286011,38289300
2020-05-29,45.4609020393,46.8260958119,45.0610958761,46.7188301086,26337000
2020-06-01,46.3092756827,46.4847969884,45.168363017,45.1878662109,21809100
2020-06-02,45.3341286047,45.6851748607,44.4370004753,45.655921936,23035600
2020-06-03,46.8455868699,48.1912733808,46.2702558359,47.703704834,34662100
2020-06-04,47.6452122416,50.6876397784,47.3916744436,49.9465370178,34830800
2020-06-05,51.3507184388,53.4570143809,51.2824591408,52.3843650818,34110700
2020-06-08,53.1449655622,53.2814841446,50.9314041649,52.36485672,22850600
2020-06-09,51.340972229,52.1698373152,51.1459440558,51.828540802,17840800
2020-06-10,51.6042636697,51.974816882,50.2878298144,51.1654548645,18766700
2020-06-11,49.1664221693,49.8197661118,47.0016198361,47.3136634827,29897600
2020-06-12,49.0396450972,49.224919805,46.1824931289,47.4794235229,24293600
2020-06-15,46.1824884858,48.4935621128,45.928950785,48.0157470703,18092300
2020-06-16,49.8880139604,50.8534013275,48.6203364725,49.7514953613,20987200
2020-06-17,50.0245322962,50.2293101937,49.2834297398,49.6929855347,13905100
2020-06-18,49.2444291855,49.7710041725,48.7763637703,49.2249259949,13220200
2020-06-19,49.8880164699,51.4384846879,49.488210387,49.5662231445,28081500
2020-06-22,49.8295131707,50.1220573285,48.9908982405,49.8782730103,15952200
2020-06-23,49.4297105907,49.6247388034,48.3375578079,48.6008453369,23194200
2020-06-24,48.4155616805,48.8543704284,46.8260870616,47.0893745422,19346500
2020-06-25,47.0406216604,48.0840182,46.1044870915,47.966999054,14971900
2020-06-26,47.9279912952,48.1230157448,46.9431007135,47.2844009399,16929700
2020-06-29,47.4794316246,47.9279975891,46.3970323958,47.9279975891,24666200
2020-06-30,50.4925972693,51.1654442413,49.7027386081,50.2390632629,47852100
2020-07-01,50.239062691,50.2780690668,48.3765510213,48.4643135071,25218400
2020-07-02,49.2444274647,49.4882117591,48.2497870973,48.5910873413,18562400
2020-07-06,49.4882163345,50.1513099742,49.2249288259,49.6539878845,16321000
2020-07-07,49.2639186246,49.3321779128,47.791459763,47.8694725037,19797900
2020-07-08,48.3277993448,48.5130740674,47.7427148126,48.474067688,15311900
2020-07-09,48.6105930171,49.137168053,47.5184402804,48.737361908,18510800
2020-07-10,48.7666061261,49.4492028595,48.1717756028,49.439453125,18128700
2020-07-13,50.0342838051,50.9801642222,48.1522689848,48.2302780151,23296400
2020-07-14,47.859733951,48.5520804469,46.7578279105,48.474067688,17455200
2020-07-15,48.9616404769,49.390703248,48.1815314201,49.2541809082,15911400
2020-07-16,48.58132911,49.0396447287,48.005998083,48.8543663025,14014000
2020-07-17,49.0591474862,49.1761628934,48.0547537715,48.240032196,15003800
2020-07-20,48.4253132888,50.0440408949,48.3082978662,49.9367752075,17604200
2020-07-21,50.3365754839,51.350718949,49.9562726144,50.2390632629,16650200
2020-07-22,50.2975701727,50.4828448707,49.7514920927,50.3658294678,11412600
2020-07-23,50.4536050198,52.8524418604,50.2878297462,51.3312263489,33399900
2020-07-24,50.0050385235,50.0050385235,48.4155674355,48.7763671875,25348000
2020-07-27,49.3419473085,50.4243503377,49.2346853271,50.3073348999,15991700
2020-07-28,49.9855284253,49.9952818799,48.7958636377,48.844619751,15614400
2020-07-29,49.1371574402,49.3711919789,48.5423232193,49.1371574402,14714800
2020-07-30,48.5033287774,49.4882157698,47.8889912642,49.4784660339,17644300
2020-07-31,49.3614469507,49.4394597169,48.0352596849,48.815372467,17433200
2020-08-03,49.1371574402,49.3614385248,48.7763577579,49.1371574402,15143500
2020-08-04,49.0981588204,50.2000649493,49.0396529663,50.0245399475,15753100
2020-08-05,49.8197490177,50.0050237068,49.3711868946,49.7807426453,13198600
2020-08-06,48.756863028,48.7861159555,47.1186321327,47.4891853333,32204700
2020-08-07,47.4794352148,47.9572541428,46.8553479194,47.5379447937,13637300
2020-08-10,47.6354534366,48.4350656884,47.0698757628,47.9279975891,15881500
2020-08-11,47.7914771599,48.5033306583,46.445790372,46.572555542,21532800
2020-08-12,47.1771421494,47.5184387059,46.4750421249,47.2746543884,17176600
2020-08-13,45.9874687276,46.0557280318,44.7880504565,44.9928283691,41051700
2020-08-14,44.4662513733,44.9343204664,44.17371098,44.4662513733,18167300
2020-08-17,44.7587850686,44.7977877174,43.6276264166,44.0956916809,17303800
2020-08-18,43.9396833876,44.0371956192,42.9547927366,43.2960929871,20118100
2020-08-19,43.1985686449,43.5886249355,42.759756248,42.9547843933,19455500
2020-08-20,41.6188601211,42.5744942255,41.1995507859,41.9211540222,22445400
2020-08-21,41.7846170285,41.9893986161,41.3458083747,41.5993423462,15476700
2020-08-24,42.0479174508,42.7305142742,41.8236363283,42.6720046997,14972200
2020-08-25,43.7641596267,44.4077500454,43.4911186747,43.9786872864,21524900
2020-08-26,44.4662541032,44.6807854741,43.5788794146,43.8421669006,15328900
2020-08-27,43.4423608119,43.715401753,42.5842390482,43.5106201172,13777000
2020-08-28,43.5106233607,44.6515358856,43.3058454295,44.554019928,13459100
2020-08-31,44.2224686514,44.6807843063,44.0176907409,44.378490448,13241800
2020-09-01,44.3980027892,44.6515405858,43.9396907598,44.6222839355,14079800
2020-09-02,45.2756184149,46.9918581714,45.1293463537,46.6408119202,24636200
2020-09-03,46.5725588525,46.6408218902,44.7100466367,45.1781158447,20632800
2020-09-04,45.0415768991,45.7826831057,43.7738995372,45.3243675232,20608500
2020-09-08,43.8714282438,45.0805963983,43.422862264,43.9104309082,20893600
2020-09-09,44.7393003438,44.7393003438,43.3448537079,44.0274505615,17529100
2020-09-10,44.3394944044,44.8075598639,43.5788847777,43.75440979,13744700
2020-09-11,44.1054429238,45.324364087,43.8421555062,44.9440612793,18365500
2020-09-14,47.147876788,48.3570484156,47.0991206775,47.8109703064,26715400
2020-09-15,48.1425261126,48.4253168144,47.4891859254,47.8304824829,14456000
2020-09-16,47.8889899397,49.9465300893,47.7427178673,48.9616394043,23542200
2020-09-17,47.9377408156,50.014783929,47.5964443105,49.7124900818,20556900
2020-09-18,50.2195687122,50.8729088885,48.7276099,49.4784660339,25549000
2020-09-21,48.3765598338,48.5423313817,46.6993225642,47.9279975891,21257500
2020-09-22,48.0450042661,48.542322539,47.5671854612,48.4643135071,10845300
2020-09-23,49.7417392733,50.3268237351,48.4058025566,48.6105804443,19160000
2020-09-24,48.2887883057,49.1079035959,47.8694790667,48.240032196,13842300
2020-09-25,48.3375488712,48.3668017957,46.5920524567,47.9182395935,17773000
2020-09-28,48.4058053003,48.5325741655,46.9333499084,48.4838180542,18904000
2020-09-29,48.4740700904,50.1025511746,48.3570546661,49.4492073059,35676600
2020-09-30,47.7329669993,48.0450106078,45.6656771632,45.7924423218,55392600
2020-10-01,45.9289568895,46.9821067652,45.8802007775,46.7285690308,24460000
2020-10-02,45.6949292128,46.3385196079,45.34387923,45.3926353455,20277500
2020-10-05,45.82170379,46.5433033156,45.8119503338,46.4165344238,16933700
2020-10-06,46.3677671035,47.6159450871,46.0459738035,46.1434860229,17926200
2020-10-07,47.2161363004,47.7817176003,47.1186240789,47.2063865662,13889300
2020-10-08,47.7719728352,48.7568597658,47.0211167485,48.6593475342,14569700
2020-10-09,48.9908935985,49.3419398589,48.0840157228,48.6495933533,13933700
2020-10-12,49.3224439701,49.5759780187,48.8348753443,49.4199562073,13108800
2020-10-13,50.5998698765,51.438488483,50.3560855709,50.5608634949,22179400
2020-10-14,50.7168781493,50.9509126864,50.0732878221,50.3463287354,15899400
2020-10-15,49.4979696919,50.6778886992,49.0689106019,50.6486320496,14000600
2020-10-16,50.8534068018,51.2434594525,50.2975788918,50.3268318176,14225400
2020-10-19,50.6778817611,52.657409098,50.0245378991,51.321472168,24176200
2020-10-20,51.8187899541,52.8524367201,51.4384870431,52.199092865,17343400
2020-10-21,51.9748160937,52.6184065474,51.8578006621,51.9845695496,12922200
2020-10-22,51.9650583009,53.4862698357,51.7602803973,53.0279579163,14842600
2020-10-23,52.7451749615,52.7744278892,51.0776911264,51.5360031128,16175700
2020-10-26,51.097188562,51.5750036863,50.1220514041,50.8436508179,11678900
2020-10-27,50.736388275,51.019178961,50.2585731212,50.6681289673,8964800
2020-10-28,49.4882117081,49.5857239378,48.3375495422,48.7568588257,15463700
2020-10-29,48.4740698956,49.6442352934,48.1522765501,49.2249259949,12420700
2020-10-30,48.7666085554,49.1761681038,48.0742620529,49.0884056091,15955700
2020-11-02,49.5272176141,49.5272176141,48.2107802065,48.474067688,13103200
2020-11-03,48.8836279365,50.3073273284,48.7666087965,49.8100090027,11429500
2020-11-04,50.4438478535,51.1947039579,49.6637388228,50.6681289673,13554400
2020-11-05,51.5652579039,53.418016414,51.4677419487,53.2229919434,16373600
2020-11-06,53.1059773534,54.0323585478,52.9792121805,53.7885742188,13922600
2020-11-09,55.065994193,56.3921812674,54.4809096908,54.5686721802,20968500
2020-11-10,53.7593076293,54.5491662741,53.0084516401,54.0323448181,14502100
2020-11-11,54.5784334845,55.5243140946,54.4614143353,54.9587364197,14765500
2020-11-12,55.192752147,55.5535555116,54.5004057769,54.8514556885,13785600
2020-11-13,55.3780444647,56.7432343617,55.3390380826,56.4897003174,14318800
2020-11-16,58.2351941612,60.3707432676,58.1279284752,60.3219871521,31397200
2020-11-17,59.4833734526,60.6535389202,58.8007766198,60.4487609863,17703600
2020-11-18,59.9709342874,60.4975092373,59.1225660147,59.2298316956,18734500
2020-11-19,58.5472321297,60.4292470223,58.1669292575,60.2927284241,12723600
2020-11-20,59.9514297507,61.0825886622,59.8246608834,59.8734207153,14115700
2020-11-23,61.0533360058,62.8963445774,60.7510421579,62.5843009949,20612600
2020-11-24,62.691570289,62.691570289,61.326376747,62.3600234985,22625600
2020-11-25,62.0772321527,62.4087789396,61.0533388672,61.8529510498,12468500
2020-11-27,62.2430003287,63.1888844673,61.9309530472,62.6330566406,7500200
2020-11-30,62.9548519049,63.6276989178,61.9992216659,62.4965362549,20373500
2020-12-01,63.6276907604,66.9236512204,63.5204250927,65.4121932983,36160400
2020-12-02,65.9290254888,67.6647684829,65.1001603718,67.3917312622,23298900
2020-12-03,68.8154188721,69.3517472064,67.82078239,68.1620788574,20462300
2020-12-04,69.3420114817,72.5307070635,68.7861835384,71.5165634155,31860800
2020-12-07,71.4677962594,71.5750619315,69.7028005556,70.8047027588,17460600
2020-12-08,70.2098770374,71.7213426439,70.1903775672,71.3702926636,15431100
2020-12-09,71.3312808554,72.7549801387,69.0202032338,69.6345443726,18367300
2020-12-10,68.3961186053,70.1611144532,67.9378029578,69.507774353,15610600
2020-12-11,68.6301409226,69.5467721039,67.6745108074,68.7764129639,15322000
2020-12-14,69.6247729394,70.4048779596,69.2639696247,69.7612915039,13573700
2020-12-15,70.9997254778,71.545807279,70.531663865,71.3312759399,11538300
2020-12-16,72.3454238052,72.5014418725,70.8242048707,71.1752548218,13889300
2020-12-17,71.7603361218,71.9066081757,69.9758408704,70.4634094238,11988100
2020-12-18,70.8924718851,71.6238247894,69.2932474628,69.683303833,23912500
2020-12-21,68.2596163248,69.9173468883,67.9183197312,69.693069458,13180400
2020-12-22,69.7320638121,69.9953475847,68.0255736985,68.6886672974,11154200
2020-12-23,68.7179291569,69.2932566132,68.1523477173,68.2108535767,8524000
2020-12-24,68.5619040642,68.8837011723,68.0255829905,68.8251953125,4848500
2020-12-28,70.0051006018,70.3171442087,68.7179197932,68.9031982422,8345200
2020-12-29,69.2347453129,69.624801704,67.4209894179,68.4643859863,9403400
2020-12-30,68.6691681083,70.8437275997,68.6204157063,70.1318740845,11620300
2020-12-31,70.590194956,73.7983978568,70.5706954817,73.3108291626,23214500
2021-01-04,74.5784916252,76.6555310519,71.9163639636,72.2089080811,31155900
2021-01-05,74.5394839275,76.7335424503,74.1396741368,75.3390960693,33418200
2021-01-06,74.4615026845,76.4995365593,74.2079648426,75.192855835,22390900
2021-01-07,76.1192075165,78.0889888284,76.109461501,77.1431045532,27945300
2021-01-08,80.487822128,82.0675470065,75.1538206692,75.4951171875,51272100
2021-01-11,74.6857554776,77.806199019,74.5199839371,76.7140426636,19920800
2021-01-12,77.2211141283,77.6404234049,75.88517354,77.4843978882,18231000
2021-01-13,76.9870870456,78.3912871417,76.5970380764,77.9232254028,15067700
2021-01-14,78.0207281462,80.1660269743,77.5721659345,79.2786560059,17639300
2021-01-15,78.908098189,79.8442289816,77.5526581148,78.7130737305,14322600
2021-01-19,79.2591493145,83.5497544223,78.9471057125,83.3742294312,26602500
2021-01-20,83.7935258627,85.0807064536,81.1606588395,81.4239425659,21191700
2021-01-21,81.9115175135,82.9841668502,80.4585652979,82.8964080811,14696200
2021-01-22,81.9895254954,82.8378899732,80.1855234289,80.2342758179,14229500
2021-01-25,81.1216632017,81.4239533424,76.928570413,79.259147644,19283400
2021-01-26,79.7564924182,79.9417709133,77.0456115149,77.5331802368,13678000
2021-01-27,75.4073657884,75.6608961184,72.4819540206,73.2230529785,23513400
2021-01-28,75.2805787696,78.1864905094,74.8125171426,76.4409942627,18351400
2021-01-29,76.4117408136,77.3966313299,75.0367939844,76.3239746094,17934400
2021-02-01,77.6111635043,79.073869254,76.5287680941,78.4302825928,14900200
2021-02-02,79.2396482669,79.7077099408,77.9329605946,79.5906982422,11386200
2021-02-03,79.8149784004,80.4780719945,77.0065859403,77.1431045532,17456000
2021-02-04,77.1821025058,79.3176476834,76.9968240772,79.229888916,11519700
2021-02-05,79.7369582425,79.9807425201,78.7130687404,79.0836181641,10958000
2021-02-08,79.7174677077,81.9700323044,79.6102020183,81.9212799072,12394800
2021-02-09,81.2776889015,81.9115296066,80.351311483,81.2484359741,10362500
2021-02-10,81.9115136599,82.3405763502,79.2786465538,80.3025360107,9869200
2021-02-11,82.3015848784,84.4858902217,81.9115284928,84.3298721313,18750400
2021-02-12,83.9690759665,86.1241285701,83.3352352149,85.8218383789,14273900
2021-02-16,87.0017389915,87.0017389915,84.8856931305,85.5585327148,10312800
2021-02-17,84.5346324601,85.1489661176,82.7891362641,83.9105453491,10033500
2021-02-18,84.3688572299,86.5239167323,83.8227828435,86.3386383057,19168100
2021-02-19,88.0061246106,89.2152925498,86.6019247846,88.6984710693,21886500
2021-02-22,87.3040221923,88.2694058251,83.7837767137,84.1348266602,16077000
2021-02-23,83.1206886283,86.9822308516,80.3903090706,86.0363540649,23203200
2021-02-24,86.1046303374,90.2977164473,85.5488023497,90.2197036743,21281700
2021-02-25,89.2445529225,90.7852714781,85.4025174285,85.9290924072,22546200
2021-02-26,87.5087916106,90.62923445,86.0363401088,89.2542877197,22787600
2021-03-01,92.1894603515,93.3693753244,90.2684391153,92.4039916992,19908900
2021-03-02,91.2435923768,92.5405267076,88.6399776994,88.8252487183,18679600
2021-03-03,88.3181772857,91.0095580829,86.1923778589,86.8944778442,26424100
2021-03-04,86.6019165789,87.5185477607,79.8149637957,82.2333068848,31971100
2021-03-05,85.3537623549,87.0992589262,81.2289359511,86.7189559937,30329100
2021-03-08,86.3678807626,87.4892897612,82.7598769651,82.9354019165,22708300
2021-03-09,85.8120763144,87.9378757753,84.1543459979,87.0797576904,22301400
2021-03-10,87.7721140399,87.7721140399,83.1889640789,83.2864837646,23407800
2021-03-11,85.4122557805,87.9768711378,84.6906564032,87.0894927979,20716500
2021-03-12,85.3927517486,86.3288824302,84.2810960993,85.5877761841,21916400
2021-03-15,85.5877878549,86.6994510956,83.9983169142,86.6409378052,16144400
2021-03-16,88.4937208323,92.326011189,87.8696334789,89.1568145752,28539000
2021-03-17,89.0592712203,93.1158376007,87.8598493395,92.4039916992,24616700
2021-03-18,90.6585061603,91.1558282126,87.1870201287,87.5868225098,27081000
2021-03-19,88.1133867642,90.3757044824,86.6799340724,88.2596588135,24963400
2021-03-22,89.5468416866,90.1221690046,87.4210425108,89.0105133057,19365800
2021-03-23,88.7569844272,89.0007687265,82.8574088472,83.2767181396,32043800
2021-03-24,84.8954406867,84.9832069018,80.8583733483,80.9363861084,24232800
2021-03-25,79.1226458222,82.3308486711,78.4888050421,81.9992980957,23630200
2021-03-26,82.0675378736,85.9485791747,81.9407652955,85.8023071289,23949100
2021-03-29,85.5780345997,86.0558496991,83.6375064001,84.4371185303,21772800
2021-03-30,84.1153371025,85.0514679234,83.1304464456,84.3883743286,13897000
2021-03-31,85.2659858206,86.8652099834,84.5541325024,86.0168380737,25372300
2021-04-01,90.687761778,92.033448468,88.981271637,90.1124343872,39700600
2021-04-05,91.594638154,92.3162376041,90.1709387245,91.4191131592,19795100
2021-04-06,91.5068696461,93.7106817619,90.3562149127,91.1655731201,22847000
2021-04-07,91.9066691229,92.7062812251,90.239185621,91.623878479,17621500
2021-04-08,92.6380162582,93.9934561114,91.4483479117,92.9208068848,17815600
2021-04-09,91.9944343075,93.0085778269,90.9900442427,92.9305725098,14080200
2021-04-12,92.8232919173,94.5492811061,92.3942292635,93.2133407593,18818300
2021-04-13,93.8959617556,94.4127832805,89.1275414491,89.8588943481,27102100
2021-04-14,89.3810787393,90.2294433364,87.2845322851,88.415687561,19117400
2021-04-15,89.4688411442,89.6736190704,87.226022532,88.0256347656,16017000
2021-04-16,88.1913906107,89.0592619253,87.8403407037,88.405921936,12358700
2021-04-19,88.415680439,88.4254338933,84.3688599235,86.2118759155,21361600
2021-04-20,86.1826331954,86.7384611672,84.3786306512,85.305015564,17396900
2021-04-21,84.8954238394,87.3332663107,84.183578004,87.265007019,14781300
2021-04-22,86.0071010704,86.1631265989,81.8140154276,82.6038742065,34044100
2021-04-23,83.1206929642,84.3103615403,82.4673528248,83.8910522461,18118600
2021-04-26,84.3201108672,86.104613644,83.9690608968,85.6560440063,14757700
2021-04-27,87.1090136425,87.9476322853,85.8413322225,87.2357788086,17681000
2021-04-28,85.4805306458,85.578042878,83.2279586516,83.8910522461,19433500
2021-04-29,85.5390318916,85.8998278753,83.422986064,85.8705749512,16463300
2021-04-30,84.7686722502,86.2801377997,83.4327316842,83.9300537109,14548100
2021-05-03,84.8076491642,84.8466555292,81.7847265551,82.9061279297,16300400
2021-05-04,82.0480414985,83.3157228049,79.9905014594,82.3113327026,17850500
2021-05-05,83.3644562017,83.8130183082,81.9407571401,83.032913208,13172100
2021-05-06,82.7598868006,83.003671071,81.2094149721,82.6916275024,13716900
2021-05-07,83.7740487313,84.1738511543,82.8769167641,83.8423080444,12746100
2021-05-10,82.8378968985,82.8866567313,78.7910837275,78.8398361206,24862900
2021-05-11,75.3488653435,78.7521003037,74.9100564794,78.6740875244,23227800
2021-05-12,77.1723428647,77.9817083736,74.5102229767,74.8905258179,23472600
2021-05-13,76.0314416317,76.8993130641,74.627241813,75.2708358765,20153800
2021-05-14,76.8310586083,78.1572457563,75.1635749384,77.7184295654,18241100
2021-05-17,77.1333532116,78.4205340544,75.7876665159,78.3912811279,15011500
2021-05-18,78.5473003053,78.9080962889,76.8408102951,76.9188156128,20893800
2021-05-19,75.2903367001,78.2742539287,74.2664471803,77.9427108765,27300000
2021-05-20,78.4985431458,79.4639268728,77.542905434,79.1128768921,17123000
2021-05-21,79.7369632975,79.9514946657,78.3717772081,78.7130737305,13076900
2021-05-24,79.3956759904,81.5409824821,79.337170134,80.8388824463,15730400
2021-05-25,81.4922446228,81.6287632844,77.7282130908,79.2104263306,26272100
2021-05-26,79.5516725886,80.3902909442,79.0055908485,80.1952590942,12609800
2021-05-27,80.4098164063,82.6428815922,80.2830512426,81.8432693481,22286500
2021-05-28,82.1260474212,82.6233694233,81.1509103251,82.048034668,11330300
2021-06-01,82.8086526948,83.6277718457,81.5409787458,82.057800293,11067200
2021-06-02,82.2918094466,82.7111186472,81.3751783014,82.2430496216,10314200
2021-06-03,81.5994947988,81.979797775,79.853998027,79.9905166626,14742100
2021-06-04,80.9071234313,82.2723168095,80.7901043052,81.677482605,12591100
2021-06-07,81.1216583233,82.1358018075,80.5950833927,81.9505233765,9006400
2021-06-08,82.8573971822,82.8671506359,78.0207182571,78.5277862549,29666500
2021-06-09,78.176744047,78.5570469429,76.5677662509,76.7042922974,21434900
2021-06-10,77.4258951799,78.8300876891,76.5775231375,77.3088760376,22683300
2021-06-11,78.0792393304,78.7520864138,77.2406207,77.3673858643,12675700
2021-06-14,77.5234011233,78.9276009583,77.3966359759,78.48878479,14303000
2021-06-15,78.6350750085,80.8486409508,77.9329749288,80.1367874146,22308600
2021-06-16,80.6730972978,81.0436467255,78.1279888167,78.48878479,18116400
2021-06-17,77.7184318232,79.4151759069,77.3868887464,78.6350631714,16003900
2021-06-18,76.9383261938,77.3088756497,74.2371919967,75.0368041992,39881500
2021-06-21,74.9392848702,75.3683475761,73.827629168,75.1538162231,19810100
2021-06-22,75.6803966596,76.3337367805,75.1343222229,75.7291564941,16771800
2021-06-23,76.1581965054,77.8841931229,76.1289435864,77.0553207397,16662200
2021-06-24,78.4302812843,78.8885969352,77.9329592546,78.5765533447,15721000
2021-06-25,79.5419543686,80.7803755456,79.0738851611,79.9905166626,19603800
2021-06-28,80.5755852614,81.5214695487,80.1172770204,81.3069381714,18365500
2021-06-29,81.4629448142,81.7554814466,79.8344678309,80.8681106567,18530800
2021-06-30,82.7403843935,83.2767127935,81.3556914477,82.8671569824,40670800
2021-07-01,80.1952720465,80.2050255005,77.9232082853,78.1182327271,53299000
2021-07-02,78.6058008648,78.8788380577,76.9285638915,78.3327636719,22685500
2021-07-06,78.7813495877,79.5127026205,77.7769592797,79.0641403198,21126500
2021-07-07,79.6589496004,79.7759612873,76.0119316033,76.2752227783,23026900
2021-07-08,74.3542369606,75.9437084626,74.071446183,75.192855835,23114500
2021-07-09,75.4853685035,76.9870731308,74.8222749602,76.7822952271,15441100
2021-07-12,76.7920504698,77.7476881492,75.7779069423,77.5819091797,12639300
2021-07-13,77.308900525,77.5234319673,76.1582379667,76.4995346069,14263400
2021-07-14,77.3771317317,78.7520786908,76.3727416528,76.5385131836,15952300
2021-07-15,76.3922539363,76.5092730928,74.4419792999,75.00756073,16616800
2021-07-16,75.2416045538,75.6804134033,72.9792786678,73.1450576782,19132100
2021-07-19,72.0041089364,72.8232278444,71.3800218826,72.7257156372,23436900
2021-07-20,72.8037484775,74.0324160191,71.9358695064,73.5155944824,14855800
2021-07-21,73.476579726,75.3195882681,73.4668262718,75.2708358765,15945800
2021-07-22,74.3347231031,74.3542225765,72.6087258357,73.6521224976,19042200
2021-07-23,74.0421798319,74.1494455364,73.0377895443,74.0519332886,12345200
2021-07-26,73.9251316277,75.5536160286,73.6325949992,74.4029541016,12023900
2021-07-27,72.9305151244,72.9305151244,70.707203406,72.3746871948,23940500
2021-07-28,72.6964709097,74.1201701267,72.5306919551,73.6716079712,14348300
2021-07-29,74.1884370569,75.202580598,74.0616644645,75.1635742188,14529400
2021-07-30,74.237192528,76.1679674619,74.1689332214,75.6511459351,12528900
2021-08-02,77.0748338705,77.5136425703,75.5438689888,75.7096405029,14904200
2021-08-03,76.9090806246,79.0543796834,76.0022026486,78.8496017456,25807600
2021-08-04,78.4497909197,81.0241527345,77.5624198667,79.9417572021,29176900
2021-08-05,80.0977842701,81.0046623365,79.1421537983,79.4639434814,14821000
2021-08-06,79.1811451252,80.8193760731,79.0348804832,79.9612579346,14612600
2021-08-09,79.6979720891,80.0002622611,78.088994111,78.2157592773,13363300
2021-08-10,77.8354333929,77.8354333929,73.8861256507,74.0226516724,40705000
2021-08-11,74.14943381,74.1591872652,71.8871157966,73.1645431519,31624900
2021-08-12,70.3854181994,70.4049176741,67.0992024659,68.50340271,72492400
2021-08-13,68.3083735579,69.4687819321,68.1425945561,69.1567382812,25301400
2021-08-16,68.4546351485,69.975854388,68.1815978962,69.1664886475,18135900
2021-08-17,68.4253835388,69.6735581104,67.8793090236,69.0202178955,17545800
2021-08-18,69.4785459749,70.0928799136,68.8252056439,68.8642120361,14004300
2021-08-19,68.3961123281,69.059205822,67.3234630574,68.5326309204,18022600
2021-08-20,68.3961281244,69.2639997072,67.8500536291,68.4838943481,14603100
2021-08-23,69.0787045195,70.0928479365,67.1869437161,69.9563293457,22265000
2021-08-24,70.3464096519,70.8827381842,69.907600809,70.1903915405,18092700
2021-08-25,70.9802212384,75.1147999255,70.385387089,72.1991424561,36552100
2021-08-26,71.4092934923,71.4190395068,69.9173274719,70.960723877,20315100
2021-08-27,70.6584439974,72.3064283249,70.3561538317,72.16015625,14994200
2021-08-30,72.27717239,72.8915061515,71.0192445014,71.3410415649,12810700
2021-08-31,71.8481076466,72.7647389756,71.497057667,71.8676071167,14807400
2021-09-01,72.4721963098,72.4721963098,71.2045149756,71.8871154785,14007100
2021-09-02,71.3897999892,72.1699127958,70.5121749417,72.1504058838,14803300
2021-09-03,72.1601548578,72.8622548522,71.7700984787,71.9748764038,9222500
2021-09-07,71.9261087815,72.6379546409,71.3410280566,71.8090896606,12028400
2021-09-08,71.3800453806,71.4190517642,69.3420120518,70.4731674194,17375500
2021-09-09,69.8490749429,71.4482993554,69.6442970237,71.0582504272,14638100
2021-09-10,71.9358529906,73.7496084001,71.6335629023,71.6725692749,18240600
2021-09-13,72.7062275049,73.3498216302,71.6920839206,72.501449585,15796700
2021-09-14,71.9553706568,72.2771676994,71.0972526495,71.6628265381,13945100
2021-09-15,71.1362622794,72.0919000964,69.9758539641,71.9846343994,15258800
2021-09-16,71.4775559735,73.0962797716,70.9704804899,72.7744827271,12867700
2021-09-17,72.559971083,72.6477298702,71.4970675424,72.4527053833,20449600
2021-09-20,70.7949484371,70.9509739364,69.4200090634,70.5706710815,23228300
2021-09-21,71.1070186535,71.3117966183,69.8783508648,70.3464126587,16026800
2021-09-22,71.224019658,72.7257317898,70.8339633027,72.130897522,16996100
2021-09-23,71.7798332596,72.9304951866,71.4287833537,72.1991424561,17304500
2021-09-24,71.4775552272,72.6477168175,71.2532704119,72.2089080811,14804300
2021-09-27,71.8188701486,73.9934223586,71.6823515094,73.3108291626,18435200
2021-09-28,72.64770983,73.1255248988,71.2435101049,71.2825164795,27311500
2021-09-29,69.3907488556,71.4970407966,68.4741177429,69.8588104248,38169200
2021-09-30,70.5033206003,70.893922221,69.1948137387,69.31199646,16923300
2021-10-01,69.6635280718,69.8881264196,68.4526697815,69.3217544556,17813800
2021-10-04,68.940915042,69.8881214612,68.7065570718,68.9604492188,19525700
2021-10-05,69.5365682365,69.5365682365,67.9741696337,68.8432540894,14512100
2021-10-06,68.159730665,68.726095233,67.4078211875,68.2964401245,17899300
2021-10-07,68.7456071741,69.9857589986,68.4721883435,68.8823165894,15236100
2021-10-08,69.2631690024,69.2729360918,68.0620703133,68.4722061157,13666200
2021-10-11,68.2573814907,68.7065707942,67.5542999897,67.5933609009,12700200
2021-10-12,67.7593614931,67.7984224027,64.1267788488,65.1521072388,36911700
2021-10-13,65.1716396441,65.8356602654,64.6736297657,64.820098877,17532400
2021-10-14,65.6989341542,66.4801373167,65.2399778549,66.2067184448,15541600
2021-10-15,66.4899151621,66.8512230275,65.894256714,66.089553833,11786100
2021-10-18,65.4352877646,66.0407131879,64.7322063504,65.6794128418,11849300
2021-10-19,65.7868348574,66.2946117891,65.0739862849,65.982131958,16930300
2021-10-20,65.6208097679,67.5738101473,65.4352797979,66.6656646729,19457800
2021-10-21,66.35318242,67.0855575348,66.0797635692,67.0269699097,11140700
2021-10-22,66.9000385209,67.4664030403,65.5036427755,65.923538208,17892100
2021-10-25,67.9839559222,69.4487064229,66.9293337736,67.1441650391,23341300
2021-10-26,67.7398187676,68.1792408595,66.8609671338,67.3199234009,14267900
2021-10-27,66.9097866464,67.0757973331,65.8649317894,66.6363677979,13541900
2021-10-28,67.6616993038,68.6967871249,67.5542836865,67.9448852539,16966000
2021-10-29,66.7828514881,67.915595354,66.4410778907,67.4761657715,11440900
2021-11-01,67.3492252826,69.3022258361,67.3199314663,69.0385665894,11988400
2021-11-02,68.8334934974,69.1850341474,68.3940714098,69.09715271,9761100
2021-11-03,69.0581014867,69.6537672578,68.6089122487,69.5756454468,10266900
2021-11-04,70.6693387399,70.7767543831,69.3705913811,70.542388916,15936600
2021-11-05,71.2845274578,72.0071356501,70.659567813,71.2064056396,13019300
2021-11-08,71.5969955173,73.2668099921,71.4016984542,72.8078536987,18742300
2021-11-09,73.335168991,74.477672522,72.8078579497,73.8136520386,20127300
2021-11-10,72.4172659736,73.3839991865,71.4798191276,71.6848907471,15228300
2021-11-11,72.2805291687,73.1984415838,71.8899351156,72.7980804443,12192600
2021-11-12,73.2570552361,76.1865563764,73.1887005075,75.4834823608,26553200
2021-11-15,75.9326508791,76.4404276599,74.7999071719,74.9756774902,12650700
2021-11-16,74.7608417224,75.3369806281,73.9991728726,75.0049667358,11807600
2021-11-17,74.6827409507,74.7706223955,73.4230547586,73.686706543,11600500
2021-11-18,75.0928696006,75.6787682519,73.9698928398,75.2100448608,16848200
2021-11-19,77.0751622547,81.8893086118,77.0751622547,81.0788116455,47216100
2021-11-22,81.6940232826,85.6097843424,81.6940232826,81.8893203735,34775200
2021-11-23,83.0415700856,85.6488235862,82.3482559029,83.4028778076,31823300
2021-11-24,82.7583926217,85.1117616988,82.6216831886,84.1840820312,21666100
2021-11-26,81.1764545662,82.0748403638,80.0534853568,81.4596405029,16487200
2021-11-29,82.39710272,84.2426879169,82.1822788858,84.1157455444,18889800
2021-11-30,83.5689038746,84.8774108009,81.9772034954,82.0260314941,27301000
2021-12-01,84.516096231,86.9573467582,83.0025179241,83.1489944458,31633400
2021-12-02,80.6882174532,81.6256568513,79.4382982559,80.9323425293,22994500
2021-12-03,81.7428397673,82.44592118,78.7449841242,79.7019577026,19167200
2021-12-06,79.9070030047,81.274104601,78.6375499259,80.5124282837,15094900
2021-12-07,82.4361423571,84.9945754782,82.3482609181,83.8130111694,21716900
2021-12-08,83.4321859174,84.3110302052,82.0553169529,83.998550415,12908500
2021-12-09,83.2954737266,84.5063319422,82.6412129016,82.9341659546,11964300
2021-12-10,82.3580412262,83.6665556532,82.1529770335,83.5298461914,11955900
2021-12-13,84.5746905898,85.3265925339,82.2213213183,82.3677978516,13054400
2021-12-14,81.2643479207,82.7779187622,80.9616352424,81.3327026367,12082500
2021-12-15,81.5182400668,83.7739531473,80.1316041191,83.6470108032,13971500
2021-12-16,83.861833831,84.2914962996,80.1999581099,80.7468032837,16503200
2021-12-17,79.701947207,81.3327007161,79.0379267879,81.0495147705,23165900
2021-12-20,80.2097105194,81.2936261305,79.0086196747,80.1022949219,22346800
2021-12-21,86.8987539642,88.9982309628,85.2972941723,88.549041748,58363600
2021-12-22,87.8850192601,88.3537426409,86.830397241,88.2170257568,18593900
2021-12-23,88.5685743051,92.7675285787,88.2268006898,92.2011566162,36400100
2021-12-27,91.5176155047,92.6991800537,90.5508822282,92.2109298706,17110100
2021-12-28,91.546890792,91.6836002195,89.8966031232,90.7559280396,13683800
2021-12-29,91.7910153545,94.4763908037,91.7031339158,93.9100189209,32234600
2021-12-30,92.1816185576,93.2655343543,91.2344121902,91.6836013794,19327800
2021-12-31,91.8888767033,92.2994422348,90.9406605058,91.0579681396,13660600
2022-01-03,91.8009064572,93.687553994,91.3805634026,93.5995788574,18705500
2022-01-04,93.4529596227,94.4207235544,91.4392266547,94.1763381958,19725000
2022-01-05,93.2378858883,96.238937361,92.2310195493,92.2798995972,28613100
2022-01-06,92.9641879177,94.5380302068,92.0062014989,93.5018386841,22320300
2022-01-07,93.9319561697,95.007257752,91.830247978,92.3287887573,14857900
2022-01-10,92.1430344772,93.5213636742,88.9953506583,91.7813415527,20290000
2022-01-11,90.3834839129,92.1528315966,89.5916777045,92.0844039917,14924900
2022-01-12,93.0228485619,94.0688176218,91.673836579,92.9739685059,13339200
2022-01-13,94.3327373384,95.9065794596,93.1596907382,93.4725036621,23679800
2022-01-14,92.3190122955,95.2418589962,92.2799097445,95.1734313965,18385000
2022-01-18,93.3845274499,93.7950930422,90.4616807928,90.7842712402,19900500
2022-01-19,91.6151607494,92.6513520155,87.7538686065,87.9787063599,19043800
2022-01-20,88.2524365225,88.3013165758,83.0225915168,83.1594467163,24701300
2022-01-21,82.3285364827,83.2278727653,79.6891702734,80.0899658203,29716300
2022-01-24,78.4672476778,81.1750416283,75.8963163896,81.087059021,29757100
2022-01-25,79.1026708799,80.5689833985,77.8611962291,78.9071655273,22128400
2022-01-26,81.3803259632,82.8857406959,78.7996171239,80.1290740967,21018700
2022-01-27,81.6344808839,81.8202086704,76.6294664467,76.9520568848,22694000
2022-01-28,75.632362807,77.4994625585,73.8239056808,77.4896850586,24434600
2022-01-31,77.1866875573,80.4614505833,76.2677960224,80.4223480225,21898200
2022-02-01,80.353906536,80.5396418035,78.6138838978,79.6207504272,15237400
2022-02-02,81.0577352456,82.7977578333,80.6862721795,82.6120300293,19862800
2022-02-03,80.8133501306,83.2669812659,79.8749112306,80.1290740967,19598200
2022-02-04,79.395910691,80.3441270064,78.046898837,79.3470306396,15657500
2022-02-07,79.532780499,80.1975090463,78.6725466265,79.0537872314,11799800
2022-02-08,79.3275046145,82.5045149059,79.1808718787,82.2308044434,18315700
2022-02-09,82.7000323697,86.7861572725,81.6833880324,86.1409835815,22386900
2022-02-10,87.186919728,92.5145173672,86.49286623,88.9758148193,33820700
2022-02-11,89.2299618591,92.455850886,86.952289014,87.744102478,31000000
2022-02-14,89.9240415324,91.077540814,86.7177065688,87.8418807983,23499100
2022-02-15,88.9660491511,94.3327496052,88.9660491511,93.8439788818,27069700
2022-02-16,92.3190287182,94.3229844719,91.4685648632,93.9026412964,15573600
2022-02-17,92.9055387445,93.8439776258,91.3903465392,91.624961853,17943300
2022-02-18,92.4069904433,92.5536231498,86.9034348619,88.7607650757,19530500
2022-02-22,87.8223031592,91.8595533334,86.6785816757,88.5359115601,24825700
2022-02-23,89.4157280996,89.806746217,85.1145437241,85.3491516113,19135400
2022-02-24,82.2405358569,86.9425139509,81.9081754393,86.8349838257,24472300
2022-02-25,85.9845390894,88.4479475492,85.3198106511,88.0764770508,15008700
2022-02-28,86.4635385309,87.7343454029,85.2025166196,86.8643341064,17269800
2022-03-01,86.571040639,87.8222921001,82.7586361741,84.3227005005,20794800
2022-03-02,85.2122936217,91.9573316894,85.0754384037,91.2046279907,28398700
2022-03-03,89.5623269246,90.1195251071,86.4048655848,87.1771240234,22099800
2022-03-04,85.4566751753,85.4566751753,78.7116374099,80.0704269409,28211500
2022-03-07,79.9237753995,81.1065994275,73.9314427105,73.9998703003,26715500
2022-03-08,74.537527305,78.4476926719,72.2696316906,75.4270935059,28343200
2022-03-09,78.1739871686,78.6823054165,75.7985612617,77.6558914185,19647900
2022-03-10,75.9940701423,75.9940701423,72.1523319502,74.0194396973,21692000
2022-03-11,74.9383093807,74.9774044643,71.0085897161,71.1845474243,22786500
2022-03-14,70.138598145,70.8522066759,67.4112566392,67.8413772583,24893400
2022-03-15,68.4767666663,71.8786059961,66.8051645872,71.4680404663,22851000
2022-03-16,74.7525778832,77.9198093307,74.4397649928,77.8807067871,35742800
2022-03-17,76.4437359812,78.7702893315,75.4661945622,78.7116317749,21612200
2022-03-18,77.3235363279,79.3763721236,76.306892205,77.6265792847,28601200
2022-03-21,77.2159884102,78.0957771084,73.8336962665,76.5903625488,30878200
2022-03-22,75.9549641507,77.9393794667,75.7692363553,77.3430786133,16768000
2022-03-23,76.1113694996,76.4632849794,73.3938057616,73.9510040283,28059800
2022-03-24,74.1953957897,76.7761045599,73.6284199722,76.4535140991,23348000
2022-03-25,76.5121503764,76.5414828787,73.4426714472,76.3459701538,22491000
2022-03-28,76.8249853639,78.3792802768,75.5346308409,78.0664672852,26605300
2022-03-29,80.2561479861,80.6960460939,77.4799339714,80.2072753906,41290700
2022-03-30,82.4067494842,84.3031748778,76.8347585911,77.3821868896,70087000
2022-03-31,75.9256485942,78.1642195854,75.1045172915,76.1407089233,34588600
2022-04-01,76.6685768624,77.1378000439,72.3967180053,74.4691085815,33536100
2022-04-04,75.1729402732,76.4241921571,74.7916996978,75.9256439209,24305700
2022-04-05,74.9872076077,76.2677845867,72.6313364697,72.9343719482,21171400
2022-04-06,71.5364777681,73.2080726162,69.8648829201,72.1230010986,28080100
2022-04-07,72.0154644413,73.0027832241,70.5100499723,71.634223938,22658600
2022-04-08,70.968615046,71.3112206594,69.3338914987,70.6162185669,20562600
2022-04-11,69.0597879905,71.3699387312,68.6094979159,70.5085220337,21127900
2022-04-12,71.2524723101,72.0355695894,70.0582409307,70.4400024414,18658500
2022-04-13,70.8315686215,72.1922075978,70.3421299259,70.8511428833,18892000
2022-04-14,71.0273465527,71.2720659192,68.6095180164,68.6486740112,18543500
2022-04-18,68.7661341317,70.5770557433,68.5703616482,69.6471252441,17476700
2022-04-19,69.4611389351,71.8593930297,69.2751498405,71.1937561035,15139000
2022-04-20,72.2509242877,74.6198128055,71.3503590493,71.6538085938,19042600
2022-04-21,72.4075528423,72.9165657366,69.1576806053,69.4219741821,17645300
2022-04-22,69.147869798,69.4806918573,67.8459616123,67.9438552856,18682400
2022-04-25,66.9747820043,68.6878172519,66.495134226,68.6388778687,20072100
2022-04-26,67.2390788646,67.6991523545,65.6239299524,65.6630859375,18628700
2022-04-27,64.7331340485,67.0335009989,64.4688405416,65.0659561157,17123600
2022-04-28,66.2210432289,69.3142912579,65.6435018048,68.6976013184,21058400
2022-04-29,67.6404158238,69.8233153561,66.5832266117,66.7496414185,16843500
2022-05-02,66.7202712922,69.2457687074,66.1525207429,69.1087265015,15342800
2022-05-03,68.9814849215,70.4400100158,68.7171838668,69.7547988892,13539100
2022-05-04,70.2539977551,72.3390105077,68.6780126839,72.0649261475,17201900
2022-05-05,70.7826237389,71.0273430935,68.8738157602,69.7841720581,16603600
2022-05-06,69.0598012557,70.3910750728,67.4348612411,68.8640213013,15159800
2022-05-09,67.7382955061,69.8918297079,66.0546330886,66.4951248169,21770900
2022-05-10,68.1004846776,69.0989361088,66.1818863133,67.4544296265,17662700
2022-05-11,67.2097118641,69.382812966,65.4085739399,65.5456161499,17237300
2022-05-12,64.6058834565,67.4446283142,64.4786321322,66.2797622681,27022900
2022-05-13,67.6404222369,71.0958580285,66.5832329246,70.4008560181,22872000
2022-05-16,69.9995089899,70.5183126986,68.8346427599,68.9814758301,13394700
2022-05-17,70.7238844085,73.1515033808,70.6259981729,72.9067840576,17671500
2022-05-18,71.6342383633,72.6522716124,68.6095037389,69.5492324829,20635100
2022-05-19,69.2653556767,70.185495205,67.5914764905,67.9340820312,17558000
2022-05-20,69.1087293793,69.1968322115,64.7135728072,67.4446411133,20313300
2022-05-23,67.3173772014,68.7171718014,67.072657918,68.1200561523,12356200
2022-05-24,66.9160354105,66.9649822501,64.6156758478,65.2127914429,18764500
2022-05-25,64.5373771203,67.3956968859,64.5080119979,66.4364013672,16241200
2022-05-26,64.9876545243,69.5394348448,64.9484985414,69.1087265015,14902500
2022-05-27,70.2442322886,71.8887463378,70.1267643322,71.7712783813,13078700
2022-05-31,71.9181089128,72.9067769736,70.4106371321,72.2802886963,15453000
2022-06-01,72.9263367207,73.7975366559,71.0175295522,71.9964065552,13595400
2022-06-02,71.5852866924,73.8171329738,71.5852866924,73.7779769897,11373200
2022-06-03,70.1757200034,70.1757200034,67.6502146339,68.4626846313,30306600
2022-06-06,69.2457817613,70.6162115472,68.5312054768,68.9619064331,13198700
2022-06-07,67.1999189245,69.3730274275,66.6811152216,69.2653503418,14328000
2022-06-08,68.3647837915,68.9129601318,66.3287247803,67.1509780884,16363000
2022-06-09,66.5049308773,67.2390889044,64.6059063905,64.6254806519,15073700
2022-06-10,63.4703957029,64.1751885001,60.964472396,61.297290802,26626900
2022-06-13,58.7522129031,59.6723561724,57.3426310096,57.5971374512,24278600
2022-06-14,58.1061571353,58.6053829154,56.5007989605,57.4600982666,17036000
2022-06-15,58.0767943436,58.8109523482,56.3343901402,57.8712272644,19726200
2022-06-16,55.7959972514,55.7959972514,53.1040851033,53.8480300903,22706200
2022-06-17,54.7192360252,55.1303626497,52.4678155169,54.5724029541,24139800
2022-06-21,55.6198053492,56.6965688364,55.1499447147,55.600227356,15502800
2022-06-22,54.7779699056,55.933045357,54.4255734988,55.1499443054,13513800
2022-06-23,55.4142360085,55.6295901762,53.7990872188,55.0324745178,13366600
2022-06-24,55.9428291968,57.7537503847,55.9232512062,57.2055778503,15647600
2022-06-27,58.321507331,58.7815770913,57.1370630412,57.5384025574,16159900
2022-06-28,57.7341701183,59.3101628252,56.5888857194,56.6378288269,19393600
2022-06-29,56.021140939,56.3050162193,54.151485662,54.8367004395,17351400
2022-06-30,53.8284560405,55.2184597991,53.0747201881,54.1123275757,29572400
2022-07-01,52.1643654004,52.8202113133,50.3142881424,52.5167617798,43681700
2022-07-05,51.0778133683,55.688324154,50.9897142696,55.531703949,33745900
2022-07-06,55.6491712383,56.8923458178,55.267409701,56.1581878662,23565000
2022-07-07,57.8516414515,58.0572085029,56.6182578134,57.6069221497,22945500
2022-07-08,57.1018142918,59.2693676182,56.984116346,58.0041427612,19283000
2022-07-11,56.9939330031,57.4843299434,56.6016139542,56.6996955872,13941800
2022-07-12,57.297975311,58.9260967049,56.9841215762,58.0433807373,21523100
2022-07-13,56.2779483542,58.2787648294,56.2583320296,57.7295227051,13987600
2022-07-14,56.82719807,58.5141648006,56.2191068905,58.2101173401,14803800
2022-07-15,60.2992047697,60.5149806115,58.2591555302,60.3482437134,20317800
2022-07-18,60.8974874461,61.1328796054,58.9849387799,59.2889862061,13233000
2022-07-19,60.2893957431,61.5546168944,60.2011241519,61.2015342712,19103700
2022-07-20,61.0249959667,62.3000272531,60.6620995399,62.0842514038,15176200
2022-07-21,61.3976905276,62.45694963,60.740560476,62.41771698,12924700
2022-07-22,60.1128540039,61.7115452334,59.8382291907,60.1128540039,22201700
2022-07-25,60.1717044823,60.6424888484,58.5533967864,58.9947547913,14479400
2022-07-26,59.1516737905,59.5243727304,58.4062684279,58.5141563416,11044800
2022-07-27,59.3282266458,61.1917328734,58.4651269373,60.701335907,14589800
2022-07-28,61.0544080035,61.1034469403,59.0339716287,60.8778648376,10120300
2022-07-29,60.1716947974,60.8974838154,59.6028363705,60.6719017029,14199700
2022-08-01,61.2996116499,62.7609960379,60.8092147567,61.3388442993,13347200
2022-08-02,60.5640184443,62.0842481185,59.7107288676,61.2701911926,11535800
2022-08-03,61.2996097669,63.2906198948,61.2407607946,63.0159988403,12290100
2022-08-04,62.8885167266,63.7418027549,62.4275423291,63.6044921875,11338400
2022-08-05,61.6526988075,62.0057851737,60.6130560335,61.2603797913,15047100
2022-08-08,60.7994087504,61.4173061449,59.8088049263,60.2697792053,11454300
2022-08-09,57.8668335976,59.3772569318,56.6310350687,58.0139541626,33107200
2022-08-10,58.847628445,60.3776681315,58.2493436239,60.220741272,17418400
2022-08-11,60.8092198393,62.8688854663,60.8092198393,61.1230735779,18298500
2022-08-12,61.4565310976,64.1635199755,61.034789521,63.7908210754,16194000
2022-08-15,63.4573516846,63.8692907404,62.6629111534,63.4573516846,9689100
2022-08-16,62.8885076551,63.3200518834,62.0057916472,62.6334991455,9275400
2022-08-17,61.6036551039,61.6036551039,59.5930249781,60.4365081787,14728400
2022-08-18,60.564021181,62.2019451401,60.0736242483,61.7703971863,11303900
2022-08-19,60.6522931862,61.0544185241,59.1222533992,59.3478355408,14050300
2022-08-22,58.4160785834,58.4651175239,56.8566163316,57.1900863647,13096800
2022-08-23,57.2293127242,58.1512612262,56.6506442731,56.7487258911,12769100
2022-08-24,56.7683447422,57.4450911,56.2583315302,57.1900863647,9961300
2022-08-25,57.4745121062,60.0932333575,57.4548995237,60.0245780945,12171600
2022-08-26,59.8970728562,60.0441934125,56.5035274447,56.5231437683,15754000
2022-08-29,56.2092992967,56.8860457353,55.4344712241,55.915058136,11607600
2022-08-30,56.3760259224,56.6898796322,54.5125199887,55.2186889648,12743700
2022-08-31,54.9146528474,56.06217993,54.7381096437,55.444278717,14172200
2022-09-01,54.1986667842,56.2975687768,53.7376962165,56.2092971802,17594500
2022-09-02,57.1802846423,57.670681601,54.9244593803,55.2481231689,12809700
2022-09-06,55.2481183183,55.6012009548,54.0711649723,54.1692428589,12133300
2022-09-07,54.2477081708,54.6498334921,52.9726731966,53.9436607361,17030600
2022-09-08,53.4434633893,54.8459952802,52.707867935,54.3261756897,18415300
2022-09-09,55.0911834732,56.5721841398,55.0911834732,56.3367919922,13925600
2022-09-12,56.3564211819,57.0233613875,55.9346794713,56.8272018433,10711500
2022-09-13,54.6302290375,55.1598587196,52.1193949362,52.5901756287,22361800
2022-09-14,52.8549800118,53.1884500707,51.4524445061,52.0899620056,19984900
2022-09-15,51.6878305098,52.42342581,50.9816578244,51.6780204773,15620800
2022-09-16,50.8933883677,51.9918763477,50.5010731027,51.8349494934,24901700
2022-09-19,50.9718532943,51.7564875601,50.8835817056,51.0993537903,19251400
2022-09-20,50.5403007353,50.5991497072,49.6183559573,49.8243217468,19373800
2022-09-21,48.7846851672,51.5014806957,48.7650688423,49.1377677917,31117300
2022-09-22,48.8435369003,49.4025891403,48.4021788841,48.7062263489,21317000
2022-09-23,48.3335171766,49.1868104748,47.5194602696,49.1377677917,24591700
2022-09-26,48.9710407541,49.4908603347,47.8725526106,47.9412078857,19266800
2022-09-27,48.863156932,49.6772177504,48.4512252466,49.6085624695,17297500
2022-09-28,49.1475827695,50.2068382325,49.1377727353,50.020488739,17784300
2022-09-29,49.0789220548,49.3339267935,48.2746714479,49.049495697,25582100
2022-09-30,49.5693194575,51.0601264796,48.8533404338,49.1377677917,38917700
2022-10-03,50.03029517,52.0703482769,49.6674024747,50.7266616821,24632400
2022-10-04,52.5313220791,53.7573144412,51.6486060818,52.9236373901,24275500
2022-10-05,51.8643774108,54.1398187371,51.1680109664,53.6788444519,20418300
2022-10-06,53.3551812892,54.051543951,52.2763059235,53.5709533691,17149400
2022-10-07,52.6421508059,53.7134717719,51.6101415157,52.003288269,21977700
2022-10-10,52.1605452188,52.2195183555,49.8999608039,50.4995079041,17227400
2022-10-11,49.7721879937,53.8412407267,49.4675028249,52.7895774841,32813700
2022-10-12,52.6814672433,52.8485559409,51.4922036436,51.8460350037,18131900
2022-10-13,50.4700277155,54.9617125862,49.8704842666,53.9198799133,27605000
2022-10-14,54.2933710201,54.4899406831,51.6986087262,51.8165550232,20403000
2022-10-17,53.6643313518,54.0476511644,51.9443206835,52.5831832886,18261700
2022-10-18,54.067298391,54.195071646,50.7747084503,51.6494560242,19774800
2022-10-19,51.197348572,52.5143855215,51.1678638733,52.1212387085,14786100
2022-10-20,52.5831812486,54.1557608703,52.2588345926,52.7797546387,15711800
2022-10-21,52.573353973,55.3155394388,52.425922994,55.0894813538,20199200
2022-10-24,55.2663953124,55.8364577477,54.1262741911,55.2762260437,15293600
2022-10-25,55.7086838279,56.0526844318,54.3916470525,54.912563324,17313000
2022-10-26,55.1189760513,56.4556669993,54.0181664481,54.4997711182,23511300
2022-10-27,54.4211281218,55.2663909772,51.2268230864,51.3152809143,27335800
2022-10-28,50.9418029142,53.5070727902,50.5781408203,53.1139297485,19171100
2022-10-31,52.986147079,53.9886678438,52.2588267695,53.1728897095,15932500
2022-11-01,54.1459380169,54.4899386637,53.1827324564,53.9198799133,11729700
2022-11-02,53.8019368724,55.3057164707,52.5045539109,52.5340423584,17302700
2022-11-03,51.806724761,53.4382777242,51.0204348539,52.5635299683,12769200
2022-11-04,54.313022872,55.9347487739,53.8805643812,55.1976013184,18882700
2022-11-07,55.4629745585,55.8462906334,54.509595988,55.5907478333,11411300
2022-11-08,56.3966909676,56.8782918317,55.5121125957,56.5048065186,14190100
2022-11-09,55.2565801014,55.6792116523,54.5587442562,55.0108642578,19952500
2022-11-10,57.5957875226,59.3452867353,57.0650441934,59.2371711731,24982500
2022-11-11,59.6106589444,62.0973018227,58.853853775,61.4486122131,17579400
2022-11-14,60.8785485589,61.6746691439,59.9448314678,60.7212905884,13988200
2022-11-15,62.4118159253,63.3357097732,61.3503218233,62.0186691284,16325000
2022-11-16,59.4927053296,60.3281412575,57.1240052857,57.8611526489,25901900
2022-11-17,56.3180615619,57.9791027976,55.541598721,57.7333869934,14212300
2022-11-18,58.5393276735,58.6376124839,57.1043446958,57.5761222839,9703700
2022-11-21,57.0257248583,57.0257248583,55.8462882365,56.1804618835,9968400
2022-11-22,56.563773288,57.6744096925,56.0035415948,57.615436554,8955700
2022-11-23,57.24196493,58.047912602,56.7603602238,57.9201393127,8996800
2022-11-25,57.664585154,58.1167050991,57.3893846435,57.4090423584,4360500
2022-11-28,56.3377232009,56.7701816966,54.5194276233,54.7946281433,15512600
2022-11-29,54.7553121507,55.5514327532,53.8314220219,54.1754226685,12874200
2022-11-30,52.6618107721,56.6915482941,51.7084322915,56.6620635986,31461400
2022-12-01,56.8389856273,56.9274397237,54.1557655572,54.5390853882,21764200
2022-12-02,53.4087882343,54.4702785764,52.4652404304,53.7429618835,15946500
2022-12-05,53.4382726642,54.3228510692,52.779756101,53.1139297485,13806900
2022-12-06,52.9370131817,53.6938183046,52.3276390403,52.7600975037,17988000
2022-12-07,52.2096962197,53.3105057894,51.5413488915,52.8977012634,11367300
2022-12-08,53.6250193393,54.745482825,53.1237569909,54.2540512085,13609100
2022-12-09,53.7429601005,54.9027389769,53.5857021384,53.9297027588,9932200
2022-12-12,52.6028400679,54.4309662599,52.4259243881,54.4014778137,13250600
2022-12-13,56.2099536411,56.897958736,53.7134835814,54.2933731079,14210500
2022-12-14,54.2933731761,55.1386325088,53.1335941216,53.654510498,11235300
2022-12-15,52.6421652565,52.7994232512,50.9614659866,51.1482124329,17785000
2022-12-16,50.8533456791,51.6396355211,50.7353993908,51.1776885986,22951400
2022-12-19,51.2759684293,51.3939147061,50.224305165,50.8336830139,16470000
2022-12-20,50.4601938881,51.0793987177,49.5854462911,49.811504364,16942000
2022-12-21,50.0572242406,50.8631717834,49.8803085605,50.3127670288,20400800
2022-12-22,48.6517278271,49.1136747254,47.6000645154,48.5829277039,40959600
2022-12-23,48.1602965403,49.6837337422,48.150469558,49.3397331238,17425700
2022-12-27,48.7598451369,49.4478501435,47.6885240729,49.1628189087,15159100
2022-12-28,48.9859106616,50.2144898779,47.9932203046,48.2782478333,12518700
2022-12-29,48.553445339,50.0572248897,48.4944721951,49.7820243835,13204300
2022-12-30,48.7131888043,49.2746954236,48.3979571499,49.2352905273,11989800
2023-01-03,49.8066476871,50.2006853559,48.8116947758,49.6194763184,12422800
2023-01-04,52.2595439974,53.7076419159,51.9443123599,53.3924102783,25077300
2023-01-05,53.0870319366,54.5646817567,53.0870319366,53.8948135376,18030900
2023-01-06,54.6040803891,56.4363665571,53.2249392121,55.9241142273,21069800
2023-01-09,55.9733705326,56.6629411466,54.8208055663,55.5202255249,15715900
2023-01-10,55.3232089003,56.4265197095,55.027679689,56.3575630188,10571300
2023-01-11,56.4954767404,57.5987913141,56.0718834904,57.1949005127,12143000
2023-01-12,57.2441480784,57.3722121003,55.5891801687,56.4166641235,14888100
2023-01-13,55.8847129858,56.1211385988,55.2838014873,56.0817337036,12520600
2023-01-17,56.3083005131,57.7268427739,55.7073890755,56.0029182434,10962700
2023-01-18,56.6530915018,57.18504633,55.5202289134,55.6679916382,10035300
2023-01-19,54.8799091495,56.2393479305,54.4563159334,55.5202255249,12034200
2023-01-20,56.6136853629,57.697293614,55.9142616656,57.5889320374,13826400
2023-01-23,58.042077674,60.987527692,57.9829740918,60.8988685608,20175400
2023-01-24,60.2881177825,60.8003702082,59.9630329947,60.3472213745,10183200
2023-01-25,59.7660035221,60.7511033296,59.5197285702,60.6230430603,10787200
2023-01-26,61.6475536483,62.1105480467,60.3767738733,61.8642730713,12219500
2023-01-27,61.2141013045,63.38131787,61.0367830389,62.9183235168,15895800
2023-01-30,61.824866197,62.3371185805,60.7708096366,60.790512085,16169000
2023-01-31,58.2193954736,59.4409208538,57.776103579,59.4015159607,23856300
2023-02-01,59.7167505624,62.2878617165,59.4901780527,61.6672477722,20902200
2023-02-02,62.6129442122,62.9675769812,60.9382738121,62.2287521362,15877600
2023-02-03,61.0761888748,62.8395184555,60.9776803959,61.4800796509,12187100
2023-02-06,60.0319872804,60.2684129127,58.8498703924,59.0862922668,11484300
2023-02-07,59.1946495736,61.4603784555,58.810461237,61.2042541504,12713100
2023-02-08,60.5343927262,61.4012817351,59.3325695837,59.3522720337,9510500
2023-02-09,60.2881006076,60.8988613514,58.8005980003,59.2832984924,10094700
2023-02-10,59.5985409899,59.8546652977,58.367166176,58.9286727905,11429700
2023-02-13,58.9286720026,59.3818170261,57.9632746124,59.2242012024,11466200
2023-02-14,58.6331416314,61.3815710261,58.150441067,61.1451454163,12496200
2023-02-15,60.4161873631,61.017095232,59.5591476212,60.918586731,10457400
2023-02-16,59.8743614702,60.4358680258,58.9582184041,59.1552391052,12683400
2023-02-17,58.9483758074,59.2833099103,57.6381911891,58.1307411194,10874900
2023-02-21,57.4707282025,58.8203140107,56.6333947923,56.7417526245,12667500
2023-02-22,56.8698139632,57.6972979885,55.9832263517,56.1309890747,12260300
2023-02-23,58.258803046,58.8597145405,56.5841325921,57.8746147156,16094600
2023-02-24,56.8402666513,57.5002817999,56.4954794215,57.3131141663,9867400
2023-02-27,58.2883544999,58.672546586,56.9683243497,57.0372810364,8514000
2023-02-28,56.7811549314,57.8647670245,56.544733071,56.9584732056,10493300
2023-03-01,56.9978785997,57.6775961515,56.3674152895,56.4856262207,9141400
2023-03-02,54.6730406632,55.8551612129,53.9046639969,55.5891838074,16625500
2023-03-03,55.618739736,56.0226305468,54.613937382,55.933971405,13769200
2023-03-06,56.4265187063,57.7761082184,55.6975469152,55.9832267761,14472200
2023-03-07,55.6581396925,55.8847121996,54.4858722624,54.7321472168,13278300
2023-03-08,55.0079775708,56.0718834895,54.5252769751,56.0423316956,11515700
2023-03-09,55.7960539533,56.702347754,54.7124456399,54.7715492249,10200000
2023-03-10,54.8306488149,55.6679820516,53.7174851085,54.1115264893,14180700
2023-03-13,53.1658461926,53.7372022169,51.9738723817,53.0968894958,17365200
2023-03-14,54.1509469255,54.5942389088,52.8998695041,53.4613761902,14657000
2023-03-15,52.5353804422,53.4613730125,52.0920847275,53.3234596252,14643600
2023-03-16,52.8900152627,55.8650175795,52.8112092204,55.727104187,14791800
2023-03-17,55.9536711302,56.8599649528,55.3823151672,55.8157577515,26655200
2023-03-20,55.8551658808,57.0077309766,55.2444049863,56.7811584473,10610200
2023-03-21,57.5101261174,58.6331392636,56.7417457349,57.756401062,14613700
2023-03-22,57.5298409225,59.5098902491,57.2244585728,57.3032646179,16949300
2023-03-23,58.2982098494,60.859467975,58.2489556081,60.4260253906,23903100
2023-03-24,59.6083979588,60.485140095,59.5985486125,60.248714447,18735600
2023-03-27,60.27826566,60.5048382016,58.2883632747,58.8991279602,15901000
2023-03-28,58.9089732853,58.9779299777,56.9584759337,58.3967208862,20496300
2023-03-29,60.0024400708,63.4601393724,59.9630351694,62.5932540894,51939800
2023-03-30,63.0759406029,63.1448972901,61.5490366255,62.1499481201,23038300
2023-03-31,59.4507749433,60.7412571104,59.0074830133,59.4409255981,35416500
2023-04-03,58.9188301314,58.9188301314,57.0077337984,58.7218093872,23610800
2023-04-04,58.7907544124,59.2044945109,56.1014324986,56.4166641235,21303200
2023-04-05,55.9733779737,56.2590578566,55.175445674,56.1703987122,19456200
2023-04-06,56.2148147804,58.3864150218,56.0667496728,57.8040313721,21496500
2023-04-10,60.390204629,62.9467694937,60.2125280156,62.4532241821,43280100
2023-04-11,62.8184590015,63.4600695389,62.2262060174,62.7493629456,23090200
2023-04-12,63.5291602596,63.5291602596,61.0416911574,61.1601409912,16694100
2023-04-13,60.7159436464,62.5519328404,60.0052409457,62.1867103577,23286500
2023-04-14,62.3643865221,62.4038710511,60.9725888795,61.8214874268,14953000
2023-04-17,61.4167858422,61.9596849854,61.1798824124,61.7326545715,11546800
2023-04-18,62.5124520848,62.6309019074,60.6863321402,61.1305236816,12175200
2023-04-19,60.1927804605,60.419810832,59.6005276448,59.8670425415,11652600
2023-04-20,59.1069940611,61.1502715743,59.0971210452,60.666595459,14382200
2023-04-21,60.3605969103,60.6567233628,59.9460168645,60.3408546448,9606200
2023-04-24,59.3241477141,60.0940809966,58.5838297121,58.7417640686,13402600
2023-04-25,58.3666675987,58.5739557188,57.2808656913,57.3894462585,15987300
2023-04-26,58.8108638934,60.3902074583,58.5739604759,60.2322731018,25385000
2023-04-27,59.9657582244,61.1601370318,59.3537630631,61.1009140015,13524600
2023-04-28,61.6240741489,63.6081286112,61.4957513006,63.5291595459,18094700
2023-05-01,63.0652255953,63.2725137431,61.5056242134,61.5451049805,12823400
2023-05-02,61.4266519646,61.7721359585,60.4593035596,61.1009140015,12237600
2023-05-03,60.6962097964,61.377301035,60.0348570585,60.1236953735,10818100
2023-05-04,59.7683358466,60.1730428472,59.1267292076,59.7288513184,13357900
2023-05-05,59.827564789,60.9429782758,59.3340194649,60.4395599365,12312700
2023-05-08,60.4593049599,60.558012523,59.5314410638,60.0842094421,11510400
2023-05-09,59.1069919538,60.5974972485,58.7812502165,60.1434364319,11895200
2023-05-10,61.1206499939,61.5056185025,59.0181496634,59.2155685425,14548700
2023-05-11,59.8078261447,61.0120780133,59.2945385247,60.8146591187,15536600
2023-05-12,61.1897545149,61.3871696437,59.3735074654,60.1335639954,12131400
2023-05-15,61.4266462203,64.0325685093,61.0021969705,63.8055343628,22227200
2023-05-16,63.7167054068,64.3780543446,62.4828383107,62.9072875977,15259000
2023-05-17,63.7463096363,64.4767545359,62.6210232444,64.0819168091,15947700
2023-05-18,65.1282526707,67.7045526659,64.2398694667,66.6977233887,30688000
2023-05-19,66.6977174913,67.5071315543,65.5724347094,67.2899703979,16812100
2023-05-22,64.9012008722,65.8882913797,63.9239833783,65.3750076294,37491000
2023-05-23,64.9999140631,66.6878380739,64.8617219825,65.1578521729,15896200
2023-05-24,64.1115300281,65.8685575829,64.0424339889,65.6711349487,15806600
2023-05-25,68.8495644472,68.9778835049,66.6384837693,68.7113723755,29021500
2023-05-26,68.9778960692,73.6270924073,68.8989345359,72.9756164551,33410000
2023-05-30,73.429675848,73.8047675992,70.6559534182,70.7645339966,24454700
2023-05-31,68.0105403518,68.9482733612,67.0431882999,67.3195724487,30403600
2023-06-01,68.0500320264,68.8890575752,67.2208719618,68.1980895996,18153000
2023-06-02,69.08646781,69.6392436576,67.4084168309,68.277053833,13468200
2023-06-05,68.6028042107,68.6028042107,66.6384958103,66.8951339722,12441100
2023-06-06,66.164680147,67.9513116808,65.9573920296,66.6680984497,12476600
2023-06-07,67.5268840001,67.7835221811,66.0758593459,66.1943054199,14610800
2023-06-08,65.6415281308,65.6612666302,63.1836745245,64.4767608643,25856800
2023-06-09,65.0788954266,65.5428292982,63.6377437915,64.5853500366,14649300
2023-06-12,64.9900452201,66.668103855,64.9406952058,66.5792617798,14731100
2023-06-13,67.6749381922,67.9908069253,66.727331993,66.993850708,11911900
2023-06-14,66.6681093647,68.3165490902,66.6483633327,68.2277145386,11085800
2023-06-15,67.7045378183,68.6225323393,67.4775112071,67.9315719604,11842600
2023-06-16,69.2444296016,69.5899099177,65.2072238193,66.7865753174,32259700
2023-06-20,66.4509456102,66.7470758325,64.9209520132,66.0363693237,13261600
2023-06-21,65.8882945382,66.3324822755,64.496493241,64.9505615234,10427200
2023-06-22,64.6840309698,65.7994479116,64.6642924759,65.3947372437,8639500
2023-06-23,64.6050823567,65.108500715,64.002956436,64.4372787476,12663600
2023-06-26,64.7827409673,65.8389274059,64.5655874028,64.6050643921,13815900
2023-06-27,64.427428089,65.9771607018,62.9665375847,65.9278106689,18305200
2023-06-28,64.8025107659,66.8556613816,64.5458650563,66.2041778564,27100100
2023-06-29,66.9642289592,67.0728095378,62.7296127504,63.499546051,51141900
2023-06-30,63.66734731,64.2596001974,62.0880037666,62.2952919006,31549600
2023-07-03,62.6210429163,63.489683929,62.4433662599,63.0751075745,12921300
2023-07-05,62.6802515414,62.9270241852,61.2193579415,61.2588424683,16553000
2023-07-06,60.2026602896,60.9923320551,59.7189842152,60.4395599365,15607300
2023-07-07,60.7510725563,60.8104107911,59.9599149549,59.9796943665,15028100
2023-07-10,60.1577124478,62.1356085727,59.9104754322,61.7894744873,16953100
2023-07-11,61.9081466725,62.9663207885,61.621354604,62.8970947266,13454500
2023-07-12,63.757480227,63.9849340469,62.4322897257,63.0849952698,13953600
2023-07-13,63.4706955072,63.9355023664,62.8476570875,63.8168258667,11384700
2023-07-14,63.5893654421,64.8156589657,62.9762149078,63.3717956543,13860200
2023-07-17,63.0948987216,64.9442309257,62.6399834238,64.4398727417,11333600
2023-07-18,63.6585975038,64.4003086439,63.0454469117,64.2222976685,10393100
2023-07-19,64.9046665308,65.0332346235,64.0838452732,64.2420730591,9463900
2023-07-20,63.6882674323,64.8255594042,63.539923689,63.975063324,12745100
2023-07-21,64.5684014136,65.4287886978,63.6288964963,64.9244232178,24540200
2023-07-24,64.6376482801,65.9035006382,64.49919615,64.7563247681,10272700
2023-07-25,64.6771973441,65.2705646042,64.3607343024,64.9541015625,8610900
2023-07-26,64.2816287275,67.1297966379,64.2816287275,66.6353225708,14920600
2023-07-27,69.7010549697,71.5404912187,69.1867978094,70.2845306396,25068300
2023-07-28,70.7888986303,71.3328154954,69.8790682943,70.4130935669,11932900
2023-07-31,70.3339928821,70.9768031229,70.0867558526,70.6010055542,11193800
2023-08-01,70.2153193838,70.2944370475,69.1175863223,69.977973938,13141100
2023-08-02,68.9791275843,69.0780208818,66.5957591242,67.4165878296,14004400
2023-08-03,66.8232062529,68.6230910469,66.4177415558,68.4154129028,11075200
2023-08-04,68.7318873098,70.1460832785,68.3659738266,69.1373596191,11255500
2023-08-07,69.0780116923,69.4538167362,68.0692881193,68.6132049561,10537500
2023-08-08,67.9407115354,68.0000535346,66.2199444584,66.9023208618,14767800
2023-08-09,67.0309030099,67.2188055689,65.8837271031,65.9628372192,10043200
2023-08-10,66.3188574575,66.7144382082,64.2124007116,64.7167663574,12775300
2023-08-11,64.1827335125,64.588198312,63.3619047746,63.6585922241,11823100
2023-08-14,63.6585850087,67.7231618624,63.4904581156,67.5253677368,21954000
2023-08-15,66.8430039059,66.8825627386,64.5980948558,64.6079864502,13808500
2023-08-16,64.2816207034,64.5090820657,63.3816743919,63.5102424622,9895400
2023-08-17,63.7772622273,63.9948320212,62.6993123968,62.8575439453,9933300
2023-08-18,61.6213547268,63.1542234591,61.0675424573,62.8872070312,9576500
2023-08-21,62.9762123598,63.4805779798,62.1652752576,63.2531166077,11311900
2023-08-22,63.5893572273,64.3607354335,62.5905176691,62.7091903687,8876000
2023-08-23,62.8674370211,64.8947838571,62.4718562305,64.4695358276,10747400
2023-08-24,65.4090226931,65.507915988,62.6696361725,62.9860992432,12661600
2023-08-25,62.7586451561,63.6783671855,61.9378201996,63.0157737732,9409000
2023-08-28,64.9936681296,65.3793572719,63.9453855937,64.5881958008,9904900
2023-08-29,64.1827279329,66.2891844968,64.1530606995,65.9430541992,9955000
2023-08-30,66.4474388313,67.940745335,65.7848377346,67.3374862671,16892200
2023-08-31,67.2188014321,69.7603976666,67.2188014321,69.1670303345,18420900
2023-09-01,69.4340343561,69.8395066354,68.7813326354,69.6120452881,10772000
2023-09-05,69.1373631554,70.3735482422,68.7615580602,69.5131607056,11144300
2023-09-06,69.3549089471,69.8790576374,68.8703266206,69.6318206787,9192800
2023-09-07,68.6824297203,69.5131498928,68.3362994588,69.0977935791,12043200
2023-09-08,68.9988856847,69.8296057721,68.8406579578,69.4043579102,9805000
2023-09-11,70.0471886396,70.0768558724,68.5439834546,69.2560272217,9310400
2023-09-12,69.1867905993,70.8976736976,69.0186712758,69.5329208374,11062100
2023-09-13,70.2647496688,71.0657950347,69.5823732194,70.0669555664,14525500
2023-09-14,70.8779131646,71.4317292676,70.4922239839,70.9965896606,11170300
2023-09-15,70.5021015307,70.8383402181,68.8703358748,69.1076812744,16416100
2023-09-18,69.8691765312,70.2647572336,69.1373571362,69.7208328247,12735700
2023-09-19,69.8395108744,70.2746428662,69.1966931617,69.9285125732,10399000
2023-09-20,70.1658652575,71.5108352883,68.8802372439,68.90990448,15522100
2023-09-21,68.2374156286,68.5242114693,67.0803482179,67.1495742798,14978600
2023-09-22,67.8319328413,68.9791160269,67.0407790483,68.1187286377,15487200
2023-09-25,67.5352713862,68.4253262476,66.8627863293,67.8220672607,14900000
2023-09-26,67.2187999246,68.2868656256,66.8429948381,67.1891326904,12752500
2023-09-27,67.3671445365,68.0890723948,66.0122829786,67.4561462402,20852300
2023-09-28,65.2409101888,66.3485272799,63.1245617667,64.4794158936,46749800
2023-09-29,65.6265957112,67.9704053955,65.6265957112,67.278137207,24315500
2023-10-02,67.4858199866,68.5143269733,66.3188608619,67.2089157104,14880500
2023-10-03,66.4276434024,68.8802380596,66.3683089297,67.0803527832,12481500
2023-10-04,67.5550406254,67.7429431742,66.3781975462,67.3572540283,12912800
2023-10-05,67.851725682,68.7714476617,67.5847054858,68.2868652344,14045000
2023-10-06,68.0639684263,69.6687394533,67.3606449521,69.3022155762,15113400
2023-10-09,68.955503796,69.2923033731,67.9351894143,68.8267288208,8588700
2023-10-10,68.8366425453,69.4508159336,68.2422853462,68.4205932617,9007600
2023-10-11,69.0644901034,69.6093144398,68.281916818,69.5498809814,11165300
2023-10-12,69.7281744552,70.0550735239,68.648426544,69.0941925049,11408700
2023-10-13,69.2130709412,69.4012793838,68.4403983095,68.5592727661,10287900
2023-10-16,68.3611622954,69.3715688148,67.499339413,68.4305038452,11294100
2023-10-17,67.4299934184,68.9753236017,66.9842274217,68.3512496948,11843000
2023-10-18,67.3705489354,68.8960702379,67.3408322148,68.4899215698,11201000
2023-10-19,69.0248756132,69.1239339112,66.5483803738,66.8950881958,18111000
2023-10-20,66.9248047901,67.8757780531,66.5087554046,66.5880050659,11506100
2023-10-23,66.1917338575,67.5191386222,65.6072848789,66.2511672974,9762000
2023-10-24,66.6573275926,67.7073588536,66.4988283152,67.4299926758,8450700
2023-10-25,67.8460434298,68.549366984,65.2803986714,65.8747558594,11924300
2023-10-26,65.8252327457,66.8059301874,63.2794000183,63.923286438,16697900
2023-10-27,64.3095981165,65.6469034427,64.2699733033,65.0327377319,9980300
2023-10-30,65.7360734145,66.9148872652,64.5572595638,65.4487991333,10667700
2023-10-31,65.4587214881,66.4394114494,64.6464313828,66.2412948608,8268400
2023-11-01,66.3700610253,69.0050551354,66.3700610253,68.7474975586,16777500
2023-11-02,69.6588431231,70.3621667161,69.0942026297,69.7777175903,11926000
2023-11-03,70.6296266536,72.501855904,70.4810354711,71.8975906372,14457900
2023-11-06,71.897598226,72.3037394397,71.3428582564,72.2343978882,10073900
2023-11-07,71.7985408879,72.4424234926,71.0357762538,72.1155319214,8248400
2023-11-08,71.937217656,72.09570938,71.0456780911,71.6004104614,9917600
2023-11-09,72.8584720088,75.3844918918,72.8089390952,72.8782806396,22435900
2023-11-10,73.7401104813,75.0972247745,72.878287583,74.6514587402,12306000
2023-11-13,73.4528303866,74.4929535704,72.6999739219,74.0769042969,9116000
2023-11-14,75.2854224087,76.7217859973,75.1962722466,76.4444198608,12972700
2023-11-15,76.7713344636,76.7713344636,75.5925205869,76.4147186279,9954000
2023-11-16,76.1670599101,76.7515165089,75.7609187652,75.9491271973,12989000
2023-11-17,75.8798068368,77.2072121139,75.7510318149,76.8307800293,9376900
2023-11-20,76.6128193579,78.1680649386,76.4047947563,77.8807907104,11424100
2023-11-21,77.1180506148,77.1973002664,75.5925288309,75.9887695312,12016700
2023-11-22,76.4741498247,77.7123971182,76.127442094,76.3750915527,8579500
2023-11-24,75.9590313345,76.2859303867,75.6519484684,76.1472473145,4349600
2023-11-27,76.1472679102,77.5539151996,75.9392432455,76.78125,11005600
2023-11-28,74.3740819231,75.5231713992,73.2943264305,75.4043045044,19225700
2023-11-29,76.7218049623,78.2770433758,75.6618655029,75.9689559937,14062900
2023-11-30,76.097719916,76.2760278158,74.2651155644,75.4043045044,21701600
2023-12-01,75.2953446125,75.8203602632,74.3839888476,75.2160949707,14354700
2023-12-04,74.7108951735,74.8892031059,72.6405490968,73.5915222168,11659300
2023-12-05,72.779236724,73.2745357271,72.3532792791,72.9971694946,8800500
2023-12-06,74.5920162684,74.6910745354,72.2442967961,72.4424133301,8883900
2023-12-07,73.3240511658,73.51226718,72.3037365668,72.95753479,10641300
2023-12-08,72.7891378298,74.6415510866,72.7396049112,74.2552185059,12007100
2023-12-11,76.4642517999,77.7718406825,76.2463190599,77.0586090088,18547600
2023-12-12,76.6921000042,77.5242063047,76.3751089273,77.4251480103,10262100
2023-12-13,77.5638213729,79.5152929574,77.296355698,79.0398101807,11629900
2023-12-14,80.0502140163,81.62526861,80.0304053836,81.4172439575,17342800
2023-12-15,82.1106576563,82.2097159327,80.3473946393,80.6445770264,19547800
2023-12-18,80.8228685794,81.0903342101,80.0502035266,80.7931518555,12416600
2023-12-19,80.9021390359,81.4964963405,80.4068400225,81.3974380493,14316400
2023-12-20,80.6941102342,80.8526095381,77.8907161477,77.9501571655,29085000
2023-12-21,84.2008097975,85.2112161897,82.3285806314,84.6763000488,53969700
2023-12-22,85.3400039567,86.6674014118,84.8149883198,85.6768035889,22531800
2023-12-26,85.8848392116,87.0438445566,85.6173810906,86.2414550781,11203900
2023-12-27,86.6574970914,86.6673976277,85.4093417728,85.8452072144,9186300
2023-12-28,85.9343622562,85.9343622562,85.032914598,85.1914138794,9606200
2023-12-29,85.1467800313,85.4443603545,84.3433237535,84.6508178711,8549200
2024-01-02,83.3216546947,83.4010104679,81.0898246583,81.6750564575,13597100
2024-01-03,80.5442430545,81.9230171049,79.9292548859,81.5956878662,12915600
2024-01-04,82.7959254657,83.5795465986,81.9428699321,82.0420608521,19134200
2024-01-05,80.8219853671,82.8554253916,80.3557797925,82.7760696411,15483700
2024-01-08,83.2125169772,84.819436837,83.1530039494,84.2639541626,16219800
2024-01-09,82.4586693032,83.5101142706,82.2305309384,82.6570587158,12138700
2024-01-10,82.290039594,82.3495526307,81.0005425356,81.7147216797,10748600
2024-01-11,82.1313287046,82.7760733955,81.1592396361,82.7165603638,10579300
2024-01-12,82.0817408975,82.379321233,81.0501386536,81.724647522,10187500
2024-01-16,81.8734291257,84.5317864387,81.6651259398,83.9267120361,13713500
2024-01-17,83.0141373108,83.2918748713,81.9626925306,82.6074447632,10245400
2024-01-18,84.5317809565,85.1269339588,83.3613101058,84.1350097656,15077700
2024-01-19,85.3649966494,87.0810288938,84.9285551351,86.8032913208,18156800
2024-01-22,87.5571574436,89.2235906238,87.2992625661,88.5193252563,14371200
2024-01-23,88.2812653516,88.4598120337,86.1783830481,86.823135376,16850900
2024-01-24,87.6960196543,87.8547235865,85.9105531181,87.3686828613,19752800
2024-01-25,88.430060726,89.3128728262,87.7853083601,88.4796524048,15892400
2024-01-26,86.5354720394,87.7852987508,85.5931470009,87.3389358521,14934500
2024-01-29,87.7853113897,88.8466702191,87.3091843371,88.3507080078,12108100
2024-01-30,87.3686957554,88.0729611131,85.0674316401,85.4642028809,12980400
2024-01-31,84.2738816965,86.2180522797,84.1052563936,85.0575027466,11396700
2024-02-01,85.3749244077,85.4939580484,83.9366371963,84.9186401367,10459000
2024-02-02,84.3829993249,85.9105636447,84.2540518912,85.7816162109,10450000
2024-02-05,86.0395053684,86.5156323274,84.9186337159,86.2775726318,8409300
2024-02-06,86.1287804999,86.485873819,83.0438956182,83.9167861938,12990300
2024-02-07,83.4605121487,84.5913052744,81.8040003412,84.4821929932,16374800
2024-02-08,84.8194437862,85.3352410606,83.8473547023,84.1945266724,12524500
2024-02-09,84.3730868733,84.9285696822,83.281971549,84.8690490723,12161500
2024-02-12,84.8392787488,86.2081390387,84.7004099611,85.0079040527,10366000
2024-02-13,81.8040009554,82.8752810513,80.1177250486,80.8715896606,21207900
2024-02-14,81.5163385533,82.5082628445,80.8319083707,81.1691665649,12870900
2024-02-15,81.5758538588,82.0420594995,80.8517533441,80.9707794189,11527600
2024-02-16,80.306187335,80.6831158302,78.6099977553,78.8579788208,15553100
2024-02-20,78.6893519215,80.1177176837,78.5108052553,80.0582046509,12627200
2024-02-21,80.1375727599,80.841838172,79.2944385379,80.8319168091,9913300
2024-02-22,84.3135623294,85.6129806919,83.2026044308,85.216217041,17510900
2024-02-23,85.851057649,86.1188739003,84.3631710871,85.3054962158,10232800
2024-02-26,88.9557810377,91.6042173856,88.1820812118,88.7375564575,28920100
2024-02-27,91.1479160972,92.000971533,89.7592206737,91.1082382202,21422700
2024-02-28,89.7294702552,90.0568070867,88.5788420154,88.9855270386,14190700
2024-02-29,89.9179432627,90.0964899473,88.1027198976,89.8782653809,17027000
2024-03-01,91.177673211,95.284238909,91.177673211,94.3815917969,23446200
2024-03-04,96.147217793,96.5935806781,93.8558751987,94.9965820312,20913200
2024-03-05,93.488860111,94.59981799,92.5266923823,93.7070846558,12887500
2024-03-06,94.2824083543,95.6512611728,93.7963599953,94.7882843018,14232400
2024-03-07,98.1310724492,98.884937045,96.6828638624,98.1806716919,24843300
2024-03-08,99.0733931775,101.027485197,96.5340694727,96.8316497803,22379000
2024-03-11,95.125547012,95.6810222283,92.7746835699,93.7467727661,15673300
2024-03-12,94.5601444982,96.7126183938,92.8837900243,96.6332626343,14993700
2024-03-13,94.5502254386,94.570060595,92.3481522476,93.399597168,16732600
2024-03-14,92.5465440025,92.6953265994,89.5707709808,90.6916427612,16718900
2024-03-15,91.7331622346,93.935227815,91.2768703987,92.4969406128,29579500
2024-03-18,96.0381100708,96.2960125069,92.9333897476,93.0226593018,23140300
2024-03-19,91.832359718,93.3996020342,90.2651174018,93.2408905029,21054700
2024-03-20,94.2228980331,95.8992527156,92.8342023389,95.4727249146,39807400
2024-03-21,112.454452901,112.583400326,107.901516741,108.962875366,89554100
2024-03-22,108.427243418,110.440848548,106.185499936,109.319976807,37281400
2024-03-25,109.34973189,120.42953199,109.270383699,116.184089661,55766100
2024-03-26,118.038980875,121.47103773,117.215681965,117.84059906,44295100
2024-03-27,118.33657892,119.140035228,116.134505635,118.286979675,29320700
2024-03-28,118.589812204,118.778454607,116.51468517,117.050842285,21047800
2024-04-01,118.351503828,126.473277,118.152930504,123.415206909,44309400
2024-04-02,121.836512156,122.799608614,120.059253009,121.876228333,25026400
2024-04-03,121.330152229,127.366875356,120.466349916,127.09879303,40130100
2024-04-04,129.253341917,129.610779961,122.769832728,123.206695557,36009900
2024-04-05,123.514503081,124.795321571,120.337276631,122.700340271,23326500
2024-04-08,128.141314217,128.776757921,121.73723006,122.074806213,27955800
2024-04-09,124.00100261,125.242104812,120.406767906,121.757087708,19212900
2024-04-10,119.14580997,123.593923542,119.076308551,121.33014679,22242300
2024-04-11,122.025170415,126.6519955,121.211007671,126.602355957,21745300
2024-04-12,124.358451329,125.093181775,120.962797231,121.647880554,24808200
2024-04-15,122.749972756,123.891788328,119.751473089,120.506065369,17732600
2024-04-16,118.679160389,121.677667668,117.517490501,120.903213501,17452400
2024-04-17,121.151421971,123.534339572,115.372850767,115.501930237,25546500
2024-04-18,115.174291347,116.782762625,110.686468844,111.133262634,32146900
2024-04-19,108.87942226,110.090731698,104.967465528,106.009986877,33787500
2024-04-22,106.83406966,109.445353385,105.870973196,108.343254089,19820900
2024-04-23,108.929074835,112.086439652,108.134773841,111.659500122,17887500
2024-04-24,111.917625176,113.138865412,108.452470203,110.984313965,20505900
2024-04-25,108.591483508,112.255212142,107.300734158,110.785751343,18342800
2024-04-26,111.202764121,114.240980074,110.805609877,114.022544861,20630700
2024-04-29,112.999879064,113.933190411,111.311982976,113.545967102,14419100
2024-04-30,113.367238887,115.452289054,112.126136695,112.155921936,14845600
2024-05-01,109.733291176,112.920448361,107.975893755,108.919128418,16686200
2024-05-02,110.944598995,111.609835491,108.651044693,111.530403137,15439200
2024-05-03,114.211190098,114.657991445,112.642435066,113.883537292,15564400
2024-05-06,118.927379972,120.506065963,117.179905895,119.274887085,22538700
2024-05-07,119.294746225,120.545779376,118.331649695,118.361434937,12508300
2024-05-08,117.457906106,119.61245754,117.378473754,118.47064209,10867900
2024-05-09,118.470643247,118.778434148,116.604028392,116.971389771,11524800
2024-05-10,119.185536103,120.982649796,118.331657121,120.376991272,13922400
2024-05-13,122.054964517,123.226565387,120.784076978,122.124465942,16643200
2024-05-14,122.114540363,124.149951249,120.803936584,123.921585083,13887700
2024-05-15,125.331467727,127.039217989,124.547090229,126.900215149,14265100
2024-05-16,127.019360954,129.203705321,126.145627752,126.979644775,15874700
2024-05-17,127.446294062,128.111522975,123.971208154,124.398147583,13774700
2024-05-20,126.225064835,130.087382139,125.738554857,128.081756592,19123200
2024-05-21,123.315917129,127.903041369,122.402467686,126.592430115,15717800
2024-05-22,126.880357047,126.959789404,124.348505609,125.381103516,11190100
2024-05-23,130.832050903,131.010762371,123.772660058,125.371192932,20747400
2024-05-24,126.910149484,129.471778733,125.698832494,128.568267822,14048900
2024-05-28,130.822090451,132.351136789,128.349824655,131.725616455,14143000
2024-05-29,129.074631805,132.152571393,128.975337567,130.643386841,11242500
2024-05-30,129.372494922,130.73273807,124.805232816,125.391036987,12639700
2024-05-31,125.450610744,126.413707278,120.148625702,124.110221863,24153800
2024-06-03,127.217951306,127.922888908,124.259160176,127.257659912,16134300
2024-06-04,126.443493435,126.949865265,124.527231293,125.738548279,12995500
2024-06-05,127.883171494,132.917074052,126.741355975,132.758224487,22301800
2024-06-06,132.887303455,133.175247676,128.260470388,129.14414978,15505000
2024-06-07,129.283150332,131.596551674,128.697338536,130.007949829,12139500
2024-06-10,128.786694839,134.704261419,128.786694839,133.860321045,14652100
2024-06-11,134.356771474,134.882997612,130.841961443,134.108551025,14125000
2024-06-12,137.524032295,140.701265704,135.85599839,139.748092651,16973600
2024-06-13,141.773594297,143.193423237,139.2616044,142.121109009,16312900
2024-06-14,140.790630144,141.475720951,138.655925368,140.353759766,14028500
2024-06-17,144.543726038,147.691159347,141.128210416,146.777709961,23909000
2024-06-18,150.65987728,156.418579122,150.431503577,152.357696533,42192600
2024-06-20,155.892355978,156.289517762,141.892732585,143.163619995,41285000
2024-06-21,136.670161327,141.584937912,134.734045023,138.546707153,49893500
2024-06-24,141.42605371,141.813276918,136.908439522,138.020462036,32410100
2024-06-25,139.072949573,140.12540177,136.769456714,140.115463257,31160600
2024-06-26,142.021816832,143.044499102,138.546730267,141.346664429,55490300
2024-06-27,134.8233828,136.411999385,130.146919052,131.288726807,68172700
2024-06-28,131.874560677,134.456044124,129.819288192,130.593734741,38140600
2024-07-01,129.571088007,131.139843227,126.364076135,130.583831787,24749000
2024-07-02,128.985278501,131.765350576,128.498760964,131.646194458,20776000
2024-07-03,131.715692992,135.846084595,131.487319287,135.846084595,14507100
2024-07-05,135.846082241,136.153873146,129.978147724,130.663238525,30104600
2024-07-08,130.469455737,132.437092031,129.276958542,129.873214722,20500700
2024-07-09,130.926576967,134.364959019,130.062019224,130.320388794,21850900
2024-07-10,132.268151075,135.646895521,131.870641917,135.537582397,22460200
2024-07-11,135.507737925,135.577292533,129.257057682,129.416046143,25401500
2024-07-12,130.926578776,133.589821829,129.903017362,132.715332031,20726900
2024-07-15,133.07310283,134.504105651,129.217346915,130.052093506,20416000
2024-07-16,129.604887278,130.15145287,126.444761631,126.693199158,21312600
2024-07-17,121.813895602,122.261080138,118.484834105,118.753143311,31414100
2024-07-18,119.746898776,120.879773394,113.376956372,116.715957642,30404900
2024-07-19,115.960719486,116.477466281,113.138464824,113.545906067,18038900
2024-07-22,114.639011104,114.857637337,112.929759735,114.559509277,23837800
2024-07-23,114.41045476,115.61289156,113.118584083,113.535957336,14707700
2024-07-24,110.773332028,113.327269647,109.312518074,109.590766907,25261000
2024-07-25,106.132526067,110.008145843,104.383523564,106.778457642,29068400
2024-07-26,109.312520519,109.938580407,107.106393892,108.726211548,18547900
2024-07-29,109.84913935,110.336074787,106.47038742,107.175949097,13517700
2024-07-30,108.318775542,108.5672131,101.531459622,101.919021606,23915100
2024-07-31,109.163455396,110.644141037,107.076581541,109.133644104,26503600
2024-08-01,106.510141364,107.185891769,99.3253244447,100.875579834,31643700
2024-08-02,96.5527683327,97.0794546998,90.5008259692,92.1206359863,36039400
2024-08-05,87.0823176267,91.6734457703,84.3793237515,89.8548812866,36977600
2024-08-06,88.6425030845,90.2921318376,86.605319993,88.4437561035,26460000
2024-08-07,92.7963850952,92.9951396717,86.0388887103,86.2575149536,29483800
2024-08-08,87.9270234529,92.2697070942,87.4798313015,91.4945831299,24760700
2024-08-09,91.2163144443,93.9391873523,90.878435498,92.4982528687,21627200
2024-08-12,92.5181316456,95.9266947496,92.0510678913,94.0485076904,18886600
2024-08-13,96.016141725,97.1688879506,94.3168298871,96.8310165405,23565500
2024-08-14,100.368764389,101.312823992,97.4570761685,99.7824554443,22459000
2024-08-15,102.863075237,107.374701613,102.107823037,106.281570435,29128000
2024-08-16,106.162332481,108.785832323,104.691578893,107.315078735,18383300
2024-08-19,106.579707791,108.040521782,104.105271942,107.951080322,15744600
2024-08-20,107.652957736,108.507583488,105.496521686,107.315078735,16075500
2024-08-21,107.484026015,107.722523942,105.546208563,107.652961731,13658900
2024-08-22,108.269081741,110.306272693,103.310270343,103.608398438,17967000
2024-08-23,102.396006404,103.757446706,99.6830654221,102.207191467,25465100
2024-08-26,100.040834558,101.551339165,96.9999612586,98.2918395996,26752300
2024-08-27,96.4831983372,97.8744500623,96.0658250942,97.2483901978,17234600
2024-08-28,96.7515187145,97.0695184707,92.1206392086,94.2671432495,25564300
2024-08-29,95.9565202655,97.3676513613,94.3963326999,94.9727096558,18984300
2024-08-30,96.3142620584,97.7949552305,94.3963239787,95.6385116577,18819400
2024-09-03,93.0448237824,93.2932613198,87.7580732895,88.0263900757,28897200
2024-09-04,87.8077760404,90.162966952,87.2612103494,88.7319641113,16356500
2024-09-05,87.549390684,90.1331396753,87.2115192569,88.8313293457,13890700
2024-09-06,88.8114520203,89.0897008442,84.7271383715,85.840133667,23587100
2024-09-09,87.3009467148,87.4102598347,84.4787000071,85.7308197021,20526400
2024-09-10,86.4264503162,86.6450765587,84.3395765524,86.3071975708,17019000
2024-09-11,87.6487653861,90.2623332876,85.5420197957,90.0834579468,20879600
2024-09-12,86.5556343895,87.4798223092,83.5942632621,86.6649475098,30900000
2024-09-13,87.5394590948,90.8983399154,87.3208404005,90.6499023438,21267200
2024-09-16,86.6947696836,87.6885199335,85.3830196569,86.6351470947,26494300
2024-09-17,87.5096424025,89.0102073654,86.9928956213,88.1754608154,17744800
2024-09-18,87.440068975,88.6425056835,86.168070063,86.804069519,20130600
2024-09-19,88.7915732044,89.8250742564,87.0326387982,88.692199707,25208900
2024-09-20,87.8475184422,90.401456131,87.7779562321,90.3318939209,28711000
2024-09-23,92.1007619691,94.2075149654,92.0013884729,92.9851989746,23394100
2024-09-24,94.1379700528,94.4062793001,92.1802807321,93.4125289917,23043200
2024-09-25,93.5715170006,95.5788889513,93.342951132,95.1714477539,54762900
2024-09-26,112.393136785,114.082516534,106.857948933,109.193260193,107965900
2024-09-27,109.809398527,110.27646234,106.361084075,106.828147888,42960200
2024-09-30,105.417027035,106.082837875,101.620901431,103.061836243,39544700
2024-10-01,102.753766852,103.548762422,98.3216421003,99.6830749512,34309800
2024-10-02,99.9613251454,101.481769262,98.7092054002,99.2259521484,26334900
2024-10-03,98.8483356538,101.889208903,98.7787734416,101.183647156,22176700
2024-10-04,103.002206031,103.588514988,100.766268161,101.610954285,21911200
2024-10-07,101.635836658,104.053361421,100.292757225,102.381988525,21749300
2024-10-08,101.655724387,102.411827025,100.740446642,102.013877869,18858300
2024-10-09,101.725365551,101.765161226,99.8052678827,101.178184509,18442700
2024-10-10,100.849886017,106.033153252,100.332549821,105.147720337,27605600
2024-10-11,104.50104781,107.097656685,104.451301321,106.371398926,19133900
2024-10-14,107.256831632,108.15221531,106.25201934,107.784111023,15021900
2024-10-15,107.306566013,108.928199676,102.18298938,103.784729004,23419100
2024-10-16,105.4760245,109.067502758,105.068132093,108.679504395,20450900
2024-10-17,110.768711097,113.55434734,110.440410095,111.475074768,26584800
2024-10-18,111.176616568,112.320717496,109.296314667,110.579696655,16700400
2024-10-21,110.529949206,110.569744878,107.137449715,108.520317078,14829400
2024-10-22,107.684627863,107.963189993,105.824227528,107.266784668,13758100
2024-10-23,106.013248457,106.55047868,103.008747126,104.511001587,15174700
2024-10-24,106.232117282,106.978269079,105.008432585,106.301757812,13206300
2024-10-25,107.784109649,109.316208902,107.167295693,107.356323242,12265000
2024-10-28,106.232122185,107.624940455,105.774483306,105.84412384,12381000
2024-10-29,106.04308564,108.192006376,105.058167431,107.624931335,15164600
2024-10-30,105.71478961,106.252019819,103.108229911,103.545974731,14321800
2024-10-31,101.675613917,101.964126852,98.5616765217,99.1387023926,19830300
2024-11-01,99.4869035362,100.093774255,98.8601387764,99.2182922363,13623400
2024-11-04,100.979215094,103.257466277,100.481780537,101.20803833,15765800
2024-11-05,101.476647102,105.078075938,101.267725504,104.948738098,12071900
2024-11-06,107.823907469,111.743694048,106.45099088,111.256210327,20304500
2024-11-07,111.982457351,113.275790146,110.798568348,112.828102112,13569800
2024-11-08,111.564610248,113.713530955,110.002666205,111.325843811,13045700
2024-11-11,110.380715883,110.937847702,106.222163033,108.092521667,14479700
2024-11-12,104.461248209,104.550782778,101.546281645,103.565864563,21859700
2024-11-13,102.272538116,102.809760707,99.3078251021,99.4073104858,18416200
2024-11-14,100.77028635,101.765155394,98.0542905209,98.6711120605,18459700
2024-11-15,97.049486187,97.6961450461,95.1492825148,95.8456878662,18518300
2024-11-18,96.0546083392,97.5668059322,95.0398376732,97.0096817017,14236400
2024-11-19,96.5022960394,97.6762418,96.0148123393,97.228553772,14160300
2024-11-20,97.4772741944,98.0244476252,96.034709498,97.865272522,10490600
2024-11-21,99.5864019449,102.760037012,97.5568679365,102.232757568,18915200
2024-11-22,101.834795427,103.177867112,101.128439321,102.113357544,12063700
2024-11-25,103.317151577,105.854070746,103.277355904,103.94392395,22837900
2024-11-26,103.466380677,104.182687604,99.795311472,101.277671814,19275700
2024-11-27,100.422083103,100.521568489,96.1441432045,97.6961364746,17046400
2024-11-29,96.7410621142,97.6961354698,95.60691203,97.4474182129,13729400
2024-12-02,97.099211946,99.5764336068,97.0295714203,98.044342041,16525600
2024-12-03,100.601167108,103.1480296,99.1188066693,99.3277282715,23479700
2024-12-04,100.252961722,102.879423282,99.2879450143,102.67049408,16306200
2024-12-05,103.346990139,103.715094405,100.093771812,100.35243988,13448900
2024-12-06,100.362388854,101.665672494,99.5167516641,100.650901794,12381000
2024-12-09,100.133578159,103.963822742,99.8550160209,102.292442322,14141900
2024-12-10,104.421467568,104.461263246,96.7709211928,97.5966644287,23548500
2024-12-11,98.9894763167,102.133266344,97.7956364224,101.536338806,15248400
2024-12-12,100.879721175,101.456747034,97.2583985126,97.7359313965,19334900
2024-12-13,100.252956061,102.670488282,99.1586015667,101.974082947,23926000
2024-12-16,105.068131669,110.559806044,104.003621981,107.704536438,42741200
2024-12-17,109.186886658,109.923087687,107.12750787,108.042785645,35811500
2024-12-18,109.684322736,111.465139409,102.20291014,103.366905212,63024300
2024-12-19,89.6178145427,90.5330923359,84.1758790967,86.6431503296,91396800
2024-12-20,84.9717681465,89.7869306452,83.1113603136,89.6576004028,49578400
2024-12-23,89.5382056467,90.6325599754,87.9464168421,89.2596435547,26041500
2024-12-24,89.1203707928,89.2397502203,87.7772991013,88.8219070435,13021300
2024-12-26,88.0459116358,90.1649799969,87.6479624945,89.3591384888,14468200
2024-12-27,88.5433514985,89.030835241,87.1306391727,88.1752471924,19422600
2024-12-30,86.6561035225,86.7158783921,84.2553577951,84.9825515747,22022900
2024-12-31,85.1120531545,86.0683674191,83.7672288572,83.8369674683,18691500
2025-01-02,84.6538184483,87.3135681697,84.4147341857,86.9947967529,18860000
2025-01-03,87.6124112205,89.8537748599,87.1741052769,89.5250473022,17484600
2025-01-06,95.2031665887,101.130325242,95.1135156902,98.8790054321,42903300
2025-01-07,103.013079444,106.330291948,100.771715741,101.518836975,53570000
2025-01-08,102.425342079,103.082812425,97.9226946974,99.0284347534,33516900
2025-01-10,97.7433836316,100.393169663,96.4981815717,98.958694458,20512600
2025-01-13,95.4721343096,95.6315238307,92.5234965702,94.6951293945,22699100
2025-01-14,96.677497537,97.0361163626,95.0139016959,96.9863052368,18613400
2025-01-15,99.0583236133,103.531087597,98.9686651067,102.793930054,27568100
2025-01-16,103.919568137,104.397729005,101.478975484,102.206169128,16243800
2025-01-17,104.238360845,105.473599239,102.106575391,105.344100952,18908900
2025-01-21,105.025323797,109.816858935,104.826094505,108.960159302,23533600
2025-01-22,108.750962744,110.245205181,107.346378806,108.81073761,20004300
2025-01-23,104.387780401,105.772444489,102.95330519,104.437583923,22677600
2025-01-24,105.095061189,105.314217983,102.325732831,102.793930054,19743800
2025-01-27,94.4958983853,95.7311367511,88.0208474097,90.7602920532,50696200
2025-01-28,92.254527761,93.0912998695,87.7020694851,87.9112625122,34793600
2025-01-29,89.5350136915,90.1028255744,87.4231556847,88.6683578491,25342800
2025-01-30,90.3120096361,92.8024135074,89.9533908706,92.1449432373,22497100
2025-01-31,91.2982156864,93.9081543152,90.7901711228,90.8897857666,20492100
2025-02-03,88.3097300631,91.0491745469,87.6821433718,89.5748519897,18607900
2025-02-04,88.7081834867,91.0989649762,88.4591431149,90.3120040894,12827500
2025-02-05,90.0430448866,93.2905337754,89.8736992415,93.2407226562,15660000
2025-02-06,94.5158000253,96.2391627578,93.2207946403,94.1771087646,16141100
2025-02-07,95.2230896688,95.5617885861,91.2384430188,91.9457244873,15602800
2025-02-10,92.8323095854,95.8905256454,92.8123820957,95.5617904663,16217900
2025-02-11,93.8882406242,95.4721340859,93.2008866162,93.7188949585,12124000
2025-02-12,89.2560765601,92.2844086927,87.0147129922,91.3280944824,22874700
2025-02-13,91.7066432377,95.7012537639,91.6667958579,95.2928314209,16579900
2025-02-14,98.0322605445,100.313463777,97.6238306661,99.1379928589,21284500
2025-02-18,102.246024343,107.465908914,101.658292657,106.380096436,29641900
2025-02-19,105.354054663,106.778566078,103.222269412,103.95942688,17875900
2025-02-20,103.580890788,104.447546552,101.947178704,102.783958435,14488000
2025-02-21,103.242196182,103.262123672,97.3748044794,98.4606170654,18650800
2025-02-24,99.8353201201,100.313473448,94.9142792188,95.0437850952,14883700
2025-02-25,95.133429777,95.5617795554,92.4039492078,92.8621826172,18608200
2025-02-26,95.6315178091,99.3372403403,95.1334369872,97.3349533081,21335200
2025-02-27,97.4644575636,99.5065920987,91.1388322572,91.4675674438,22386300
2025-02-28,90.6507047473,94.0974229389,89.5250448859,93.2706069946,23359100
2025-03-03,95.4422508541,95.8307533124,89.0468945099,90.1924819946,20281800
2025-03-04,89.8537833566,93.2307709513,86.4668396169,90.8499450684,23611500
2025-03-05,91.7962936333,94.6851638145,90.0828944527,93.9778823853,14010300
2025-03-06,90.5809772281,92.9319192805,88.688268613,88.9273452759,18708100
2025-03-07,89.9434377368,92.9817262581,89.1465053639,92.603187561,19133900
2025-03-10,89.2461183189,91.0192924349,85.4308249864,86.7457580566,21897900
2025-03-11,87.5626261842,90.7503409931,85.7396482152,88.7082138062,21962100
2025-03-12,92.115065332,96.617712467,91.8859448175,95.272895813,23584700
2025-03-13,93.888236624,97.7433849912,93.6391962085,94.5158157349,18824700
2025-03-14,98.3709664563,102.385496833,98.3709664563,100.403137207,24623600
2025-03-17,100.67208392,104.04907097,100.572469285,102.71421814,17095100
2025-03-18,101.508876361,102.913460373,99.9050554541,101.329566956,18434100
2025-03-19,100.433012775,103.202340822,100.104277621,101.668251038,16633100
2025-03-20,101.190089604,104.288152556,100.960969109,102.604637146,29204400
2025-03-21,97.823076152,98.1219277028,93.3403484904,94.3564376831,63239600
2025-03-24,95.7311295334,98.0422241726,94.964088435,96.5679092407,35406600
2025-03-25,95.8108276299,96.0100569195,92.8920736966,93.8185043335,22191700
2025-03-26,95.6315312874,96.2690742213,90.6208387286,91.7763824463,27107200
2025-03-27,90.7403581314,91.8560618795,89.2660431929,90.8100967407,15658700
2025-03-28,90.1227471268,90.5411332025,87.2637604097,88.1005401611,17118000
2025-03-31,85.7814442306,86.8686705105,83.8862712663,86.6691818237,21089500
2025-04-01,88.3050152397,88.6641009713,86.0308106793,88.4845581055,15337100
2025-04-02,86.9085742681,89.7014616874,86.4796667203,88.3748397827,14520400
2025-04-03,82.7092748774,83.1381824295,74.0214103771,74.1510772705,44839500
2025-04-04,70.4704486585,71.1586898889,63.6977041352,64.555519104,50737700
2025-04-07,63.7775049688,72.2758531577,61.3836064821,68.1962509155,50181800
2025-04-08,71.4180408434,72.7845619914,63.3585765886,65.3734436035,40822100
2025-04-09,66.0317627282,78.3603528377,63.5381197895,77.6721115112,63132600
2025-04-10,72.3157493132,72.8643545934,67.3284562572,69.8719787598,44882300
2025-04-11,68.8645468211,69.9916723676,66.660164095,69.3732528687,30807800
2025-04-14,74.4802335526,74.5899546099,69.7921810685,70.8395080566,32634700
2025-04-15,70.9392574367,72.614988167,70.3707063466,70.8594589233,19132700
2025-04-16,67.7573575154,70.2709496355,66.99928691,69.1538009644,28475000
2025-04-17,70.2609840322,70.3008832881,66.8297241198,68.6251525879,20694100
2025-04-21,67.5877931421,67.8271810621,65.4831550033,66.5703811646,19826100
2025-04-22,67.3683650226,70.221097662,67.2686206694,70.031578064,20351200
2025-04-23,73.5027301263,75.2083834993,72.3157519013,72.7446594238,26385500
2025-04-24,74.3804955471,77.3928174967,73.4129593828,77.2232513428,23875600
2025-04-25,77.3529117388,80.0959226854,76.7045621748,79.5772399902,19746200
2025-04-28,78.5698169724,79.4076862218,76.7245199341,78.3603515625,16882400
2025-04-29,77.7419351372,77.9912998174,76.2756695999,76.6846237183,17098000
2025-04-30,73.4329087766,76.9539366042,73.3132109986,76.7544403076,19779300
2025-05-01,79.1982274645,79.6869801286,77.4426979073,77.5723648071,15349200
2025-05-02,79.3777673496,81.4624524369,78.898983812,80.5148696899,18899700
2025-05-05,79.2081942017,80.9437701034,78.8491084828,80.2156219482,12513600
2025-05-06,78.8391391091,81.0135994498,78.340409743,80.3054046631,13173800
2025-05-07,80.7841792325,82.6594064879,79.9961859341,82.4100418091,14889700
2025-05-08,84.0358871167,85.990905061,83.1481495708,84.9336013794,17580500
2025-05-09,85.3525284027,86.0507463485,84.4647908959,85.6417922974,13017600
2025-05-12,92.5741332091,93.9606000989,91.7163181767,92.0554580688,27765300
2025-05-13,92.3148037702,97.1624535582,92.3148037702,96.6836700439,28009100
2025-05-14,96.0552716204,97.401839284,94.080300133,95.0777587891,28044400
2025-05-15,93.7711001682,95.3670326623,91.9357720924,95.2074356079,24196100
2025-05-16,95.6562919033,97.9404732646,95.4567955951,97.7509536743,22609300
2025-05-19,95.4667686875,98.7683544602,95.45679197,98.3992996216,14380100
2025-05-20,97.6711498863,98.3793446197,96.723567206,97.850692749,12331300
2025-05-21,96.9130883006,98.5688657402,95.0179153003,95.5964355469,15764300
2025-05-22,95.1675400294,96.9729378755,94.1301820485,94.589012146,13245200
2025-05-23,92.0255411887,93.6015201408,90.6989193,93.1327209473,16545000
2025-05-27,94.9381233546,96.4542572938,93.9506413309,96.1350708008,17612600
2025-05-28,96.4542525645,96.9629586287,95.3570495243,95.9355773926,10500300
2025-05-29,98.3394373798,99.3767952123,95.8657443723,96.5539932251,14628700
2025-05-30,95.7959343861,96.3644855403,91.9856424595,94.2199478149,23758200
2025-06-02,94.3396390408,98.9877922989,94.1600961831,97.9304885864,16850300
2025-06-03,98.1100367792,102.668422661,96.7135930994,101.990150452,22757600
2025-06-04,102.119818062,103.645936252,101.441545848,102.987609863,14595900
2025-06-05,106.029851289,108.752908982,105.261803913,106.019874573,28833700
2025-06-06,107.805342718,110.7677964,107.765443455,108.284118652,20710100
2025-06-09,109.231694561,112.244016216,108.304057749,110.668029785,20159700
2025-06-10,111.246562122,114.62794634,110.947329093,113.84992981,22949400
2025-06-11,115.306215169,116.962000134,114.438431038,115.735122681,21614100
2025-06-12,113.820011192,116.183991016,113.23150661,115.884750366,17076500
2025-06-13,113.510792453,116.802401289,113.371148857,115.306213379,17453000
2025-06-16,117.510606237,120.652602643,117.021853608,119.535446167,21374100
2025-06-17,119.296054777,123.196121809,119.046690111,120.034172058,20837700
2025-06-18,120.153869732,122.667469826,119.874582524,121.510414124,20180000
2025-06-20,122.457996159,123.844470695,120.074070574,123.285888672,29290400
2025-06-23,123.355715815,124.193585081,119.505524617,121.769760132,23399200
2025-06-24,124.792050819,127.774457626,124.642430501,127.584938049,26420600
2025-06-25,126.28824752,127.17598516,125.30076553,126.926620483,39407000
2025-06-26,129.200830095,129.520024199,123.475419026,125.679801941,62678100
2025-06-27,124.821978948,127.215881308,123.076426253,124.442947388,36888600
2025-06-30,124.582591188,124.762134056,121.540339157,122.936782837,22799700
2025-07-01,122.039059965,123.674891484,118.777373644,120.582771301,24825800
2025-07-02,120.193764095,122.687410653,117.759962619,121.430610657,29303800
2025-07-03,122.019116788,123.315808449,121.52038747,121.979217529,13247900
2025-07-07,120.985819699,121.315292731,118.719460532,119.727836609,19148400
2025-07-08,122.253767335,125.248959749,121.754568599,124.220611572,26238200
2025-07-09,124.619980641,125.947851197,121.085652435,122.044113159,20464000
2025-07-10,124.080850703,124.150738229,121.824470027,122.912727356,15378400
2025-07-11,121.934288718,124.609994428,121.045715518,124.330444336,15820600
2025-07-14,120.187097492,120.247006527,116.832481027,118.419937134,32117700
2025-07-15,120.746205694,121.195481557,118.929122404,119.917533875,24958900
2025-07-16,118.839247689,118.899149098,114.626009215,116.243415833,30614800
2025-07-17,113.747430987,114.016994969,110.772202994,113.07850647,34702400
2025-07-18,114.0569344,114.61604221,113.098473663,114.206695557,19349900
2025-07-21,113.407977216,115.734245401,112.489453273,113.048561096,22189800
2025-07-22,112.679149425,112.818924475,107.956725607,109.04498291,27917600
2025-07-23,109.264632515,110.113268926,108.705524696,109.654006958,17810000
2025-07-24,110.882032191,112.54936193,110.073332594,111.550964355,20293100
2025-07-25,110.812139218,111.321324089,108.655604524,111.081710815,16372300
2025-07-28,111.540979652,111.820529758,109.683959531,111.071731567,12932300
2025-07-29,111.870445981,113.358056164,110.492652518,111.780586243,16653300
2025-07-30,112.419559369,114.705890607,112.22986902,114.556129456,16378800
2025-07-31,112.010218588,112.0900846,106.768631684,108.965103149,29224300
2025-08-01,105.320952419,106.329336048,103.214333039,104.711929321,24003300
2025-08-04,105.850102004,107.707122005,105.291001829,107.597297668,14780600
2025-08-05,109.124859553,110.462708667,106.658816289,108.885238647,17836000
2025-08-06,107.727095287,108.785394234,106.578936601,108.605682373,13021900
2025-08-07,113.957093914,115.095266493,110.612463699,111.690734863,18986500
2025-08-08,111.99025293,119.138783144,111.491054148,118.699485779,28962200
2025-08-11,124.769748395,127.076044397,121.455068691,123.521751404,35065800
2025-08-12,124.500165039,128.344001502,122.842829152,127.545280457,25961200
2025-08-13,127.375555097,128.393924815,123.152330314,124.070854187,18438200
2025-08-14,123.002570998,125.538501605,121.205460039,125.089225769,12235900
2025-08-15,122.972617341,123.1822799,119.248598959,120.676307678,18986700
2025-08-18,121.155548578,123.48181684,120.466659406,123.352027893,12208800
2025-08-19,122.742996729,124.040908969,121.115603855,121.854423523,11491200
2025-08-20,118.509781175,118.719451355,113.278180365,117.022171021,25795000
2025-08-21,116.81251417,117.541347739,115.424742176,115.604454041,13174900
2025-08-22,117.461473853,120.506581825,116.323301249,117.491424561,17038300
2025-08-25,117.491419583,117.890780112,115.913949685,116.233436584,8674800
2025-08-26,115.90397729,118.170344177,115.624427172,116.313323975,12584300
2025-08-27,116.66275808,118.539750444,116.253419025,117.561317444,15349300
2025-08-28,118.689501212,122.373590709,118.539747669,121.804504395,17295500
2025-08-29,122.403541436,122.573267196,117.870815522,118.819297791,16774000
2025-09-02,115.674341533,118.37001189,114.066920857,118.290145874,13771900
2025-09-03,119.168728441,119.248602071,117.11203199,118.529754639,14101300
2025-09-04,118.659551761,124.210647528,118.330078729,124.01096344,18589100
2025-09-05,127.565255108,131.199429298,125.458643228,131.159484863,28416000
2025-09-08,130.340813631,132.048065047,128.194249586,131.249359131,19492600
2025-09-09,131.54886547,137.778872129,131.349188992,135.023300171,20705000
2025-09-10,139.795637501,142.012081412,138.118321596,139.775665283,25791300
2025-09-11,147.483281101,156.009589116,147.373456766,150.328720093,52446400
2025-09-12,153.303946929,158.026363077,152.964495418,156.978042603,32288300
2025-09-15,156.708497021,160.083070615,156.299150341,157.517196655,20101400
2025-09-16,157.726855641,159.304325747,156.918155986,158.56552124,16911600
2025-09-17,157.157759848,160.332656701,155.011196004,159.733627319,18843600
2025-09-18,162.72882978,170.17686732,162.339455326,168.619369507,28212800
2025-09-19,162.489195238,163.437669829,159.124600495,162.469223022,37309900
2025-09-22,164.116595508,166.991970116,161.331057789,164.356201172,25851200
2025-09-23,165.414499879,168.719208589,164.965224026,166.143341064,43316500
2025-09-24,164.815461405,165.733985278,158.046327562,161.450866699,57096400
2025-09-25,157.137789766,158.695287506,154.402174995,156.578689575,32209200
2025-09-26,158.265987075,158.665340009,154.931327613,157.017990112,24045000
2025-09-29,159.743600199,165.534308753,159.713649493,163.63734436,26506500
2025-09-30,163.84701715,168.679257476,163.697263616,167.051879883,20092500
2025-10-01,165.334627303,182.097714139,165.234781462,181.858093262,41674800
2025-10-02,184.663618895,185.881649899,180.919628055,183.455551147,25122200
2025-10-03,185.029019006,191.662529771,184.739293859,187.646453857,29399300
2025-10-06,194.81942168,200.803573462,189.244872886,190.773391724,36392300
2025-10-07,194.659597367,195.109154575,183.060942127,185.508544922,27828200
2025-10-08,188.805321098,196.757533907,188.61550433,196.347930908,26833900
2025-10-09,192.781418007,196.427844885,189.314807904,192.142044067,19721500
2025-10-10,192.771445993,193.250972668,179.434485529,181.422546387,26990300
2025-10-13,190.603543247,193.210993228,187.80629175,192.581619263,20928400
2025-10-14,186.777304135,192.27192938,186.067991259,186.877197266,15912400
2025-10-15,192.291891717,192.691509957,187.236839118,191.752426147,17793100
2025-10-16,199.764611542,206.138366824,195.009253121,202.332092285,42041300
2025-10-17,199.085258993,203.191243241,195.35890828,202.182235718,23283100
2025-10-20,209.455122653,214.540145016,205.299184171,206.567947388,23268400
2025-10-21,204.100345849,205.668803601,200.643720512,202.092300415,13717300
2025-10-22,202.052367084,205.379114933,192.211986125,198.276062012,21949800
2025-10-23,196.507782824,208.795766382,195.009248615,206.508010864,19397900
2025-10-24,212.182458256,219.60520581,209.774809577,218.805984497,25821800
2025-10-27,224.590306932,224.760138974,215.529178317,219.884918213,23873100
2025-10-28,218.716046932,222.682168535,217.347390621,221.693145752,14957500
2025-10-29,228.836156871,232.172889317,225.879057961,226.408538818,23217300
2025-10-30,225.879061156,227.177778601,220.524298339,223.791091919,14795100
2025-10-31,227.527436941,231.024016653,218.60617088,223.551330566,16320000
2025-11-03,233.651466547,237.38780221,231.573497212,234.470657349,21199300
2025-11-04,221.922924634,228.446542311,217.187551064,217.816940308,23696200
2025-11-05,225.449472324,239.645592949,224.510388458,237.267913818,28617400
2025-11-06,237.607580271,246.169213027,234.650481305,238.097106934,32016800
2025-11-07,233.801286953,242.312964833,226.178738689,237.687484741,30613800
2025-11-10,247.717682015,256.818779665,247.56781946,253.052459717,27870600
2025-11-11,248.09730456,249.745701233,238.556634307,240.87437439,22622500
2025-11-12,244.660675049,248.946491352,240.604644963,244.660675049,17263100
2025-11-13,243.361955462,249.25618377,229.935086851,236.718444824,32324600
2025-11-14,231.223815891,254.920637094,231.004029663,246.588790894,36171100
2025-11-17,246.678706518,260.325346302,239.22600501,241.713562012,30304400
2025-11-18,235.249877545,238.696503052,225.299619295,228.276702881,33843900
2025-11-19,226.688256764,234.120988493,216.148563661,225.69921875,35256600
2025-11-20,230.014999132,230.374647925,199.404943256,201.173202515,47420700
2025-11-21,204.330122183,211.792823358,192.401788089,207.16734314,36679700
2025-11-24,213.201457591,225.889043994,212.152480611,223.711166382,33052800
2025-11-25,219.005769016,225.96895882,215.788914534,224.310577393,17441600
2025-11-26,229.395599194,233.601491682,225.779141713,230.034973145,17817600
2025-11-28,235.389756375,237.86734399,233.241863369,236.248916626,12914700
2025-12-01,232.062991938,242.123158523,231.273770659,240.225021362,18238200
2025-12-02,238.516683857,244.131186888,234.101005088,239.255966187,18166200
2025-12-03,236.15899944,237.567625249,227.867107139,233.931182861,19188200
2025-12-04,230.054970232,233.931183592,223.111764789,226.428512573,23513900
2025-12-05,228.726252151,240.334906699,226.468466257,236.988174438,21161000
2025-12-08,243.252070009,248.986451194,241.373902244,246.678710938,20495400
2025-12-09,244.251081373,255.260301271,242.592699924,252.173324585,17067100
2025-12-10,254.880669064,264.491262664,250.335112682,263.452270508,21960700
2025-12-11,261.274435335,262.593152766,251.304191919,258.207427979,18867000
2025-12-12,255.420158006,255.570020573,239.086144337,240.90435791,25936900
2025-12-15,246.868523488,249.865591873,235.769379626,237.267913818,27483600
2025-12-16,235.569584763,239.16605778,230.354684406,232.282791138,22577300
2025-12-17,236.328826364,237.217956029,221.473362506,225.299621582,41957100
2025-12-18,256.27931112,263.392348396,244.760579749,248.307113647,65006100
2025-12-19,251.503989767,268.1177438,251.503989767,265.66015625,62312100
2025-12-22,276.879152456,279.716373442,268.027825417,276.319702148,30961900
2025-12-23,275.650366433,281.58453343,272.05387849,276,20767600
2025-12-24,277.728360548,289.017306893,276.979093388,286.399871826,18592600
2025-12-26,290.55582581,290.585795278,283.143092729,284.511749268,17878500
2025-12-29,280.169186311,294.331071668,278.340249438,294.201141357,26642900
2025-12-30,294.530947479,298.658552544,291.84248825,292.462127686,23056400
2025-12-31,293.001835055,293.001835055,284.016971471,285.246276855,17573800
