date,open,high,low,close,volume
2015-01-02,0.482422888279,0.486017718826,0.474753954537,0.482422888279,113680000
2015-01-05,0.482423021536,0.483860954152,0.472117913971,0.474274784327,197952000
2015-01-06,0.474993851823,0.475473153274,0.459416368963,0.459895670414,197764000
2015-01-07,0.463250694743,0.467324827494,0.457259356661,0.458697289228,321808000
2015-01-08,0.46396968039,0.478828222308,0.463730015429,0.475952357054,283780000
2015-01-09,0.477629963661,0.481464431694,0.471159295285,0.477869600058,209540000
2015-01-12,0.479067866489,0.479307531454,0.467564490991,0.471878260374,190732000
2015-01-13,0.47547301852,0.485059159101,0.467804111768,0.471159249544,236720000
2015-01-14,0.466126522555,0.474514395198,0.464928255034,0.473076462746,155260000
2015-01-15,0.476431651236,0.479307487706,0.469481682151,0.469721347094,188932000
2015-01-16,0.469002464508,0.478828271816,0.467564531732,0.478348970413,181512000
2015-01-20,0.481704108273,0.484340280268,0.473795535152,0.479786902666,140308000
2015-01-21,0.477150715977,0.487695489968,0.473795548929,0.486497193575,144780000
2015-01-22,0.487455463753,0.496322691023,0.482422759469,0.494884759188,159712000
2015-01-23,0.495364240338,0.497281502638,0.491290136515,0.496322900057,120416000
2015-01-26,0.494166105986,0.496562641514,0.491050604084,0.494166105986,133240000
2015-01-27,0.486497108437,0.486976438337,0.469481696889,0.470440328121,357948000
2015-01-28,0.476192025088,0.478109259081,0.462531750748,0.46277141571,272728000
2015-01-29,0.463011128293,0.47667137547,0.460854229117,0.474035203457,235340000
2015-01-30,0.470679994294,0.476192031382,0.459416283723,0.460135221481,298200000
2015-02-02,0.463011140281,0.472117981491,0.453904299072,0.470200747252,259604000
2015-02-03,0.473555852333,0.482423056492,0.471159316845,0.48194372654,183468000
2015-02-04,0.480505787168,0.488653995317,0.47906782607,0.483141958714,181516000
2015-02-05,0.483621154159,0.491290088331,0.483141881485,0.491050451994,140448000
2015-02-06,0.490571226918,0.496322957343,0.486736759013,0.488893657923,210524000
2015-02-09,0.486017871372,0.489852282309,0.482902369633,0.488414406776,273944000
2015-02-10,0.48889374346,0.502314354906,0.486736844173,0.502074718475,226204000
2015-02-11,0.503272800453,0.503272800453,0.495364229343,0.498719424009,320832000
2015-02-12,0.527238451815,0.539221132215,0.524122949197,0.534428060055,676904000
2015-02-13,0.533229499943,0.535386398491,0.525081292726,0.534667432308,310084000
2015-02-17,0.533708952395,0.538981353232,0.530353814198,0.536345124245,203340000
2015-02-18,0.535625970785,0.536584630339,0.529155333055,0.530113935471,170948000
2015-02-19,0.536824417209,0.537783019894,0.529155481454,0.531552016735,169432000
2015-02-20,0.531072702821,0.535626079506,0.527238235241,0.535386443138,157752000
2015-02-23,0.535146960112,0.535146960112,0.528436625639,0.531072854996,125008000
2015-02-24,0.533117620441,0.536726236343,0.528306094334,0.536726236343,149356000
2015-02-25,0.53456117085,0.536966991885,0.530230819174,0.532636582851,123820000
2015-02-26,0.533117615583,0.537207407002,0.529749501452,0.534079909325,152864000
2015-02-27,0.532636357241,0.533839267249,0.528787125516,0.530711770058,157492000
2015-03-02,0.529268381861,0.546589898588,0.528546647217,0.543702960014,301512000
2015-03-03,0.539613217419,0.542259539779,0.531914752098,0.533598780632,160344000
2015-03-04,0.531673987134,0.540815860976,0.529508783846,0.539613008499,226840000
2015-03-05,0.539613203236,0.550920284447,0.538169733857,0.549957990646,323056000
2015-03-06,0.546830428954,0.549476750935,0.542018903155,0.542500078678,257392000
2015-03-09,0.542740730988,0.548033433219,0.541537820653,0.543943583965,222388000
2015-03-10,0.546349339593,0.556934743906,0.545387045753,0.553326070309,527212000
2015-03-11,0.553326000494,0.56054328942,0.548995650082,0.550439119339,262120000
2015-03-12,0.545146410956,0.549236202226,0.535042183645,0.545386970043,406972000
2015-03-13,0.542740843636,0.547552371259,0.535282935669,0.546108901501,359288000
2015-03-16,0.550439170935,0.555972432032,0.546830497455,0.552604317665,236956000
2015-03-17,0.551401511622,0.559581095728,0.547552278702,0.559340536594,299900000
2015-03-18,0.559340610769,0.562227492823,0.545146587589,0.550198674202,413844000
2015-03-19,0.552123169789,0.56054331186,0.548033378304,0.558618724346,310756000
2015-03-20,0.563189600095,0.568001125458,0.557896899253,0.564633011818,462084000
2015-03-23,0.547792756333,0.555010045475,0.546108727936,0.546349287033,426012000
2015-03-24,0.544665374954,0.548514608123,0.536485790318,0.538891553879,330480000
2015-03-25,0.538650905625,0.538650905625,0.504488988409,0.506173074245,542552000
2015-03-26,0.495828244252,0.506654148875,0.492219571139,0.504488945007,311920000
2015-03-27,0.50737606617,0.516277386576,0.499196480646,0.514352798462,318288000
2015-03-30,0.516758257798,0.519164020203,0.51002208865,0.516517698765,253252000
2015-03-31,0.515074507002,0.515555625327,0.503045688506,0.503526806831,357276000
2015-04-01,0.505451381207,0.507135409824,0.496790621635,0.505451381207,330768000
2015-04-02,0.508338231451,0.50978170085,0.502323852098,0.506654202938,192204000
2015-04-06,0.504489060619,0.523013491248,0.499196415317,0.521329462528,515864000
2015-04-07,0.521329573888,0.531674364915,0.51844263412,0.525900542736,413964000
2015-04-08,0.526381574279,0.531674277196,0.521329487876,0.529749631882,366432000
2015-04-09,0.525659784248,0.543703038215,0.525419225118,0.54201900959,379432000
2015-04-10,0.542500024389,0.547792667823,0.540575379848,0.547552108765,258728000
2015-04-13,0.546349253431,0.549476750935,0.540094258421,0.542500078678,236724000
2015-04-14,0.540335120089,0.542500324889,0.532636652375,0.537929356098,220276000
2015-04-15,0.539372686396,0.548514564253,0.53672630654,0.544424772263,243560000
2015-04-16,0.54129725172,0.545868219138,0.537207459898,0.5410566926,155284000
2015-04-17,0.529749501452,0.539372610938,0.529508942356,0.534079909325,293636000
2015-04-20,0.536485727591,0.53985378471,0.530471290712,0.531433641911,231624000
2015-04-21,0.537929058032,0.537929058032,0.528065390983,0.530711770058,230456000
2015-04-22,0.533839355093,0.537447970995,0.525659714824,0.536726236343,207420000
2015-04-23,0.526862571832,0.539613120466,0.520848136126,0.534560978413,259380000
2015-04-24,0.534320547382,0.534561106514,0.52397575908,0.529990196228,240960000
2015-04-27,0.531674146293,0.543462402357,0.527103179324,0.534079909325,248456000
2015-04-28,0.533117620441,0.538650881201,0.528065477878,0.536726236343,234484000
2015-04-29,0.532877142012,0.538169845044,0.530471378335,0.532636582851,195156000
2015-04-30,0.529990117906,0.536726231452,0.528787207711,0.534079909325,218844000
2015-05-01,0.538410229681,0.548995632315,0.536004466784,0.547311604023,256968000
2015-05-04,0.546830522883,0.550439196531,0.542259555382,0.543943583965,200720000
2015-05-05,0.542019013166,0.542740747918,0.527584432841,0.529990196228,292928000
2015-05-06,0.532877118969,0.537929262623,0.524697534292,0.531674265862,316484000
2015-05-07,0.529508994495,0.542740721153,0.527824965942,0.5410566926,534564000
2015-05-08,0.505451333002,0.525419172731,0.492941341773,0.50112092495,1146552000
2015-05-11,0.494144076886,0.501361421919,0.490294902678,0.496309280396,544144000
2015-05-12,0.492700782667,0.505210716538,0.492460166204,0.50112092495,388800000
2015-05-13,0.504729670302,0.508578903334,0.499196408574,0.504007935524,308524000
2015-05-14,0.505451307831,0.514833800786,0.504248397647,0.512187421322,293052000
2015-05-15,0.514352572939,0.516758335706,0.509300488335,0.512427985668,215824000
2015-05-18,0.511225474385,0.51483415003,0.508819709741,0.511706650257,324972000
2015-05-19,0.512383065654,0.51407494687,0.507549267497,0.508516073227,253808000
2015-05-20,0.508757745848,0.514800022356,0.508032670362,0.508516073227,196824000
2015-05-21,0.508757550061,0.510932775682,0.50440709882,0.504890501499,239692000
2015-05-22,0.506099143529,0.508032639626,0.502957169155,0.504165589809,212592000
2015-05-26,0.50174860628,0.50513225269,0.497156481796,0.50102353096,259732000
2015-05-27,0.504407138969,0.530268003077,0.502715315892,0.527851104736,432332000
2015-05-28,0.527851253108,0.53679377372,0.526884505024,0.535101950169,327656000
2015-05-29,0.535101568149,0.538485212837,0.534134820755,0.534859895706,335168000
2015-06-01,0.538243923753,0.546219696269,0.534860276655,0.540902495384,372660000
2015-06-02,0.537518950321,0.54041925274,0.529784848952,0.530268251896,224304000
2015-06-03,0.531718284276,0.535827006702,0.523500781798,0.524467587471,250788000
2015-06-04,0.521325627737,0.53558534914,0.521325627737,0.5338935256,323712000
2015-06-05,0.532201707788,0.540419211474,0.526642833657,0.538002312183,313320000
2015-06-08,0.536310474341,0.539935794369,0.519633852388,0.525676071644,342812000
2015-06-09,0.526159450727,0.532201669709,0.525192702604,0.528334677219,256888000
2015-06-10,0.522050653653,0.525434300411,0.516008377908,0.518908679485,529460000
2015-06-11,0.518908714159,0.528092907062,0.518908714159,0.524467587471,283052000
2015-06-12,0.521084030143,0.524226005408,0.508999532053,0.510208010674,323728000
2015-06-15,0.507549104245,0.511657883218,0.503682113062,0.509240984917,306548000
2015-06-16,0.508274286969,0.516250058812,0.503198816751,0.515524983406,256892000
2015-06-17,0.515283277427,0.524467526892,0.514074856911,0.521567225456,233544000
2015-06-18,0.52591785589,0.533651899636,0.524467704681,0.530268251896,299404000
2015-06-19,0.53026795857,0.534618352169,0.523742339359,0.528576135635,355656000
2015-06-22,0.529543077034,0.532443378909,0.518425330008,0.526401102543,514236000
2015-06-23,0.527368014898,0.531476738753,0.508757892394,0.512866616249,414064000
2015-06-24,0.512141377887,0.514800007131,0.505374083716,0.507790982723,253368000
2015-06-25,0.507790785618,0.514799807305,0.507790785618,0.511657834053,350460000
2015-06-26,0.50754923614,0.508032638975,0.499090118699,0.501265287399,421296000
2015-06-29,0.495464783965,0.500540312488,0.485555514793,0.486280590296,391724000
2015-06-30,0.489180838322,0.491356064848,0.482655216367,0.486038863659,315916000
2015-07-01,0.498123391546,0.505132358398,0.488697468039,0.493047863245,302892000
2015-07-02,0.49280609218,0.496673141382,0.490389193633,0.493531167507,145764000
2015-07-06,0.489422568762,0.496189863348,0.483863694943,0.487489014864,214776000
2015-07-07,0.484588691076,0.486522187034,0.463078246017,0.478304713964,594252000
2015-07-08,0.475646182744,0.478546455737,0.471054057426,0.474921107292,332492000
2015-07-09,0.482413474732,0.484588700946,0.466220229664,0.469120502472,357588000
2015-07-10,0.475162759968,0.481688409945,0.473954310537,0.477337986231,216708000
2015-07-13,0.482171809004,0.483138557075,0.477338011029,0.480479985476,212472000
2015-07-14,0.481205115014,0.481688489103,0.474437791326,0.480721712112,249216000
2015-07-15,0.479513183682,0.482655157965,0.472987562517,0.477337986231,265732000
2015-07-16,0.480238161683,0.487972259521,0.478546338585,0.487972259521,282848000
2015-07-17,0.486280524735,0.486763869923,0.478788098086,0.485072046518,220372000
2015-07-20,0.485072112519,0.487005666404,0.474921141895,0.476129591465,188412000
2015-07-21,0.475162739815,0.485072036253,0.475162739815,0.478304713964,149720000
2015-07-22,0.4749210769,0.4749210769,0.463319956856,0.469120502472,356472000
2015-07-23,0.470087309365,0.481930102761,0.469120532493,0.474921107292,169916000
2015-07-24,0.478304719049,0.478788093044,0.467428674516,0.469362199306,188844000
2015-07-27,0.465253472662,0.472020795376,0.46138645169,0.466703623533,192420000
2015-07-28,0.467912131822,0.479996627899,0.463078333391,0.476854681969,198308000
2015-07-29,0.4758877861,0.486522157278,0.473954261448,0.482655107975,232680000
2015-07-30,0.481446783308,0.488697509832,0.481446783308,0.483863711357,190180000
2015-07-31,0.485797032049,0.486038704598,0.47927141223,0.482171684504,218340000
2015-08-03,0.486038834679,0.4908726327,0.479754914539,0.490389287472,397132000
2015-08-04,0.488697453118,0.49377292364,0.486763899378,0.492322772741,260100000
2015-08-05,0.504407072168,0.504890474821,0.496431302937,0.497398108244,234628000
2015-08-06,0.49618972394,0.499815100466,0.48603872729,0.494256228209,655676000
2015-08-07,0.54283604988,0.564829813669,0.528818000994,0.55540394783,1405248000
2015-08-10,0.551537144103,0.578848120977,0.548153437867,0.574739396572,662304000
2015-08-11,0.566279982065,0.577397729422,0.566279982065,0.571838855743,435008000
2015-08-12,0.56265445771,0.577397519536,0.56265445771,0.573288798332,384048000
2015-08-13,0.574014213427,0.575222692062,0.567005187166,0.568455338478,276884000
2015-08-14,0.567971569186,0.572322020317,0.564587923388,0.568938374519,214652000
2015-08-17,0.56797185156,0.56797185156,0.558304254403,0.565313279629,273880000
2015-08-18,0.563565672719,0.567448992673,0.555799032811,0.560167789459,287084000
2015-08-19,0.559439770141,0.565750159038,0.55191581821,0.557983517647,249248000
2015-08-20,0.551673037716,0.554342794938,0.535168941951,0.537838757038,426932000
2015-08-21,0.533955463391,0.542935608912,0.520606560893,0.521091997623,382664000
2015-08-24,0.491967355674,0.529829702455,0.485414274998,0.502646505833,682284000
2015-08-25,0.524732644284,0.526674333613,0.492209941149,0.492209941149,622684000
2015-08-26,0.508228651392,0.529829578328,0.504345330232,0.529344141483,614976000
2015-08-27,0.534926294652,0.549488702604,0.531771100476,0.549246013165,463764000
2015-08-28,0.549246046162,0.55507099812,0.545362725568,0.5516731143,320944000
2015-08-31,0.549003182862,0.552886502226,0.543420922126,0.545605242252,219352000
2015-09-01,0.529829464641,0.538809610347,0.51939306658,0.523276329041,353408000
2015-09-02,0.53759623356,0.539295175941,0.528616084745,0.53905248642,344044000
2015-09-03,0.547061525563,0.549731340328,0.539537633648,0.540508449078,262556000
2015-09-04,0.531285585101,0.539780350749,0.527645012585,0.527887701988,287972000
2015-09-08,0.540751290962,0.552643942465,0.538566970094,0.550459563732,238448000
2015-09-09,0.552158382227,0.556769769773,0.538324045993,0.539537608624,289392000
2015-09-10,0.536382675794,0.554828408535,0.533955607219,0.548032581806,357076000
2015-09-11,0.541964969192,0.553372186335,0.539780589994,0.549731612206,301584000
2015-09-14,0.552401096102,0.554100037568,0.547789650486,0.550702154636,192460000
2015-09-15,0.550944837895,0.559682292383,0.549245896449,0.556769788265,327976000
2015-09-16,0.555799073852,0.563808403765,0.551673064179,0.560653209686,173508000
2015-09-17,0.570361270484,0.575458151732,0.564536321209,0.565749883652,268712000
2015-09-18,0.557983556339,0.570118898187,0.554585672195,0.565264761448,326412000
2015-09-21,0.565992622715,0.572303009094,0.563080118889,0.571089446545,281840000
2015-09-22,0.558711670716,0.562594991598,0.552643970988,0.555556476116,228356000
2015-09-23,0.556041848939,0.561624111795,0.553857527983,0.55822622776,161632000
2015-09-24,0.554828265127,0.574730245442,0.546090808944,0.568905293941,382440000
2015-09-25,0.575943753097,0.584195830448,0.567449044176,0.573031306267,369692000
2015-09-28,0.573031424288,0.576671998042,0.561866897807,0.565507471561,395584000
2015-09-29,0.571575323681,0.576429461889,0.563565989852,0.575458645821,380736000
2015-09-30,0.580797945892,0.599000986296,0.577400061991,0.59827286005,556380000
2015-10-01,0.598272675196,0.599971616622,0.569633244612,0.586622774601,489296000
2015-10-02,0.583467723484,0.601913452148,0.577400024456,0.601913452148,386144000
2015-10-05,0.605796834291,0.624485254303,0.602641639734,0.616961359978,482024000
2015-10-06,0.610408090541,0.62764025262,0.607981023014,0.624970495701,453216000
2015-10-07,0.626426961788,0.637834177273,0.616233251547,0.631523787975,310152000
2015-10-08,0.628853873142,0.636863202503,0.61817472875,0.635164260864,460068000
2015-10-09,0.631766464927,0.637834164629,0.620844686476,0.632737338543,423248000
2015-10-12,0.633465166693,0.643173494107,0.628853779164,0.639532864094,227588000
2015-10-13,0.634436146036,0.644629796047,0.632251767662,0.640746533871,298444000
2015-10-14,0.641474554684,0.674482743666,0.640746486479,0.664046347141,612148000
2015-10-15,0.665259523878,0.679336543813,0.658463761059,0.665744960308,526048000
2015-10-16,0.667929832459,0.68249224175,0.66623083263,0.676181852818,448396000
2015-10-19,0.678366244107,0.681521438631,0.667201718538,0.67496830225,294712000
2015-10-20,0.67205571154,0.677152536437,0.666958828776,0.673997342587,264824000
2015-10-21,0.678123241216,0.682249307782,0.66404627376,0.6652597785,386280000
2015-10-22,0.67302672683,0.691472458714,0.672055911018,0.689288079739,306884000
2015-10-23,0.695355585721,0.698510779627,0.684919188461,0.693899333477,381776000
2015-10-26,0.694384792332,0.696083734048,0.684433773592,0.690744161606,247436000
2015-10-27,0.687346296326,0.694627500104,0.686860859594,0.690258800983,208268000
2015-10-28,0.694627451574,0.695841014385,0.684433743851,0.695841014385,217036000
2015-10-29,0.684676656243,0.691715113928,0.670599625141,0.671813130379,327168000
2015-10-30,0.679094481743,0.693414204184,0.673997597055,0.688560009003,301160000
2015-11-02,0.690744370483,0.697297449905,0.686618359656,0.69656932354,190088000
2015-11-03,0.692443187899,0.696326508525,0.683948478277,0.691715061665,376768000
2015-11-04,0.689773327703,0.694870152718,0.67715255201,0.680307745934,442264000
2015-11-05,0.68370560495,0.685647293838,0.670599450883,0.672541081905,478800000
2015-11-06,0.739042829029,0.775206154681,0.723752296918,0.765740573406,1172272000
2015-11-09,0.758216682162,0.764527069688,0.751663547362,0.762342691422,492568000
2015-11-10,0.752391951225,0.756518019874,0.731761897309,0.747780561447,552260000
2015-11-11,0.748265901952,0.753605475679,0.73782950185,0.740499317646,619896000
2015-11-12,0.738800143159,0.745595967921,0.734674133563,0.737829327583,291080000
2015-11-13,0.738557371664,0.741712565334,0.719626209644,0.723266839981,292940000
2015-11-16,0.732732502411,0.738314764304,0.726907493225,0.737829327583,344280000
2015-11-17,0.739771016601,0.744139715625,0.734674133563,0.737829327583,257048000
2015-11-18,0.740874438902,0.756953978553,0.732834698119,0.755979418755,350216000
2015-11-19,0.758659553652,0.765724736337,0.75256881483,0.758172273636,254072000
2015-11-20,0.763775799804,0.769135648117,0.759146842538,0.764750301838,239744000
2015-11-23,0.771084652685,0.771084652685,0.750619877624,0.753299772739,242552000
2015-11-24,0.753299675186,0.765968374247,0.749888889465,0.759390413761,195428000
2015-11-25,0.757928655892,0.766942900477,0.755735982966,0.758415877819,138300000
2015-11-27,0.759877733584,0.767186585965,0.755979667365,0.764750301838,86996000
2015-11-30,0.765480985529,0.776200679252,0.764750094681,0.77278983593,327244000
2015-12-01,0.779611649239,0.798614699635,0.778880758217,0.797883808613,409496000
2015-12-02,0.79910190032,0.807385254232,0.790087655405,0.791793048382,294240000
2015-12-03,0.79812726265,0.806410615154,0.786189455755,0.790087521076,246656000
2015-12-04,0.790087639985,0.823708393094,0.790087639985,0.822246611118,458756000
2015-12-07,0.822003109503,0.822003109503,0.804218228626,0.806654512882,333588000
2015-12-08,0.796665659433,0.821028500543,0.791549480225,0.817617714405,314488000
2015-12-09,0.817374044595,0.822246612466,0.788625859302,0.796909213066,372676000
2015-12-10,0.79934556555,0.807872589099,0.796665670416,0.803487300873,236596000
2015-12-11,0.795447630012,0.801051089865,0.789844170159,0.791549563408,227320000
2015-12-14,0.792280462534,0.797883922444,0.783997049134,0.793498575687,275892000
2015-12-15,0.802512865129,0.808847216504,0.798127576223,0.803243756294,307296000
2015-12-16,0.804948963028,0.810796090994,0.797883780212,0.808116137981,236356000
2015-12-17,0.809334327849,0.81761768188,0.795447514777,0.795934736729,254160000
2015-12-18,0.790331315716,0.798371059158,0.782047961286,0.783022463322,395896000
2015-12-21,0.791549540404,0.802269179691,0.784484298519,0.801538288593,284216000
2015-12-22,0.803974553906,0.810308904544,0.79739659227,0.802269160748,130012000
2015-12-23,0.803487368511,0.80860354822,0.802025586284,0.805436372757,122524000
2015-12-24,0.802999959097,0.810065199999,0.801781788075,0.808116137981,52448000
2015-12-28,0.799589014746,0.807385087013,0.788382099145,0.807385087013,142024000
2015-12-29,0.807872562261,0.82297754669,0.805679889178,0.820541262627,203660000
2015-12-30,0.819810436346,0.826875678114,0.813232474663,0.813476085663,180344000
2015-12-31,0.812257646183,0.815912042056,0.802999734879,0.802999734879,148528000
2016-01-04,0.786677010887,0.793742195037,0.780586270801,0.788626015186,358076000
2016-01-05,0.803487537024,0.814694459001,0.791793334842,0.801294863224,490272000
2016-01-06,0.788138551134,0.79179300595,0.759146755909,0.768161058426,449344000
2016-01-07,0.748914415654,0.75403065291,0.727962360836,0.737707555294,645304000
2016-01-08,0.747209016817,0.747939907848,0.720409891999,0.721871674061,398472000
2016-01-11,0.72260253264,0.728205991568,0.710177443759,0.723089754581,409372000
2016-01-12,0.73600198715,0.745990791004,0.730154917873,0.73527109623,469356000
2016-01-13,0.740874600937,0.745747226739,0.712126474642,0.712857365608,481672000
2016-01-14,0.698239797989,0.706523211873,0.677775019521,0.698483467102,600236000
2016-01-15,0.670465965673,0.678505708043,0.649026633326,0.660477161407,841452000
2016-01-19,0.674120342966,0.69312339096,0.66315703711,0.66583698988,457140000
2016-01-20,0.653168430753,0.678018553406,0.644397795812,0.669491529465,481180000
2016-01-21,0.676800356643,0.6877636054,0.662913485819,0.677287578583,481456000
2016-01-22,0.690199777101,0.697752296795,0.688737995349,0.693123340607,257996000
2016-01-25,0.692879867705,0.700919610861,0.690930805618,0.692392587662,270728000
2016-01-26,0.693854311242,0.702137664679,0.686789070683,0.699214100838,227944000
2016-01-27,0.698239635651,0.700432308648,0.677774861941,0.690930783749,231700000
2016-01-28,0.696534260967,0.698970544998,0.669978747598,0.683378338814,276776000
2016-01-29,0.689225455407,0.715050079502,0.686545560217,0.713588297367,310504000
2016-02-01,0.712857459101,0.717486358379,0.706766719613,0.713831961155,289884000
2016-02-02,0.706522997532,0.710177394182,0.678749315803,0.683621883392,341908000
2016-02-03,0.68898194088,0.693123618784,0.671197057951,0.687032878399,326772000
2016-02-04,0.688007255929,0.702868629572,0.680454792658,0.687276422977,348140000
2016-02-05,0.682647523115,0.69019998702,0.641961523023,0.643910527229,600428000
2016-02-08,0.634165447226,0.637332622911,0.605417255038,0.61443156004,608852000
2016-02-09,0.607122537727,0.646833970174,0.604198973882,0.621009349823,425372000
2016-02-10,0.624907513649,0.642936005298,0.616136878821,0.619547665119,335800000
2016-02-11,0.603711752659,0.622714803335,0.603711752659,0.61638045311,340144000
2016-02-12,0.626125614809,0.628074677003,0.602980886067,0.626856505871,340816000
2016-02-16,0.635870727009,0.658528232893,0.633921722976,0.657553672791,485352000
2016-02-17,0.665837019889,0.680211112007,0.663157066999,0.67387676239,771468000
2016-02-18,0.72918068243,0.754761699731,0.728449791243,0.73186057806,1068660000
2016-02-19,0.727962259995,0.748183479061,0.722358801548,0.741605460644,525628000
2016-02-22,0.752325247911,0.776444477476,0.750863465861,0.767917454243,449668000
2016-02-23,0.761826900801,0.777175498724,0.758172445064,0.769866645336,369380000
2016-02-24,0.766699271023,0.776444406348,0.745503549413,0.77522623539,336852000
2016-02-25,0.778149874166,0.780829769213,0.763044889723,0.776931703091,349616000
2016-02-26,0.780586233107,0.782535237312,0.764019465018,0.771815598011,361964000
2016-02-29,0.772915716137,0.782940853347,0.766313790823,0.766802787781,323344000
2016-03-01,0.768759088725,0.800790727139,0.767536479516,0.800790727139,348700000
2016-03-02,0.796389405327,0.808370707437,0.794922297591,0.805436491966,233812000
2016-03-03,0.804458376883,0.807881589135,0.787586755834,0.798345506191,302004000
2016-03-04,0.804458435707,0.805191989571,0.789787475017,0.795900404453,175304000
2016-03-07,0.791499137431,0.796878513385,0.780495886984,0.790765583515,239968000
2016-03-08,0.782696421882,0.787342243167,0.773893834611,0.776338994503,274940000
2016-03-09,0.783185537847,0.784408088739,0.765824860459,0.775850057602,222788000
2016-03-10,0.780495879711,0.784897203168,0.758978492692,0.774627506733,286084000
2016-03-11,0.786119759694,0.788075922899,0.776828173937,0.787831366062,277400000
2016-03-14,0.784163774767,0.792966364792,0.780496004633,0.789787650108,190312000
2016-03-15,0.785630702705,0.790765521418,0.771937794505,0.785875201225,226216000
2016-03-16,0.780006668103,0.812038299582,0.776338899564,0.809348583221,363644000
2016-03-17,0.806414542082,0.810326751353,0.791499025621,0.802502274513,353680000
2016-03-18,0.812038312681,0.837467961202,0.806903436645,0.826709270477,545512000
2016-03-21,0.819373911072,0.829399049539,0.810571323451,0.829154551029,337780000
2016-03-22,0.826464950975,0.833555874637,0.817417805907,0.827687501907,242012000
2016-03-23,0.831355102254,0.847982164657,0.827687333608,0.841869294643,429008000
2016-03-24,0.834289318039,0.84455901268,0.831599659706,0.843091905117,244956000
2016-03-28,0.841624862306,0.855317770114,0.840646809955,0.851650059223,265388000
2016-03-29,0.847982414331,0.867299198861,0.846026309342,0.865343093872,261812000
2016-03-30,0.868521870797,0.886371548723,0.868032815366,0.874390244484,376700000
2016-03-31,0.878302331616,0.880258436342,0.864364925126,0.871211349964,379884000
2016-04-01,0.865831923203,0.884415208484,0.859229997273,0.883926153183,348292000
2016-04-04,0.89126162715,0.89590744844,0.871944846487,0.875368058681,393940000
2016-04-05,0.867543463616,0.882214420986,0.864120193592,0.874145388603,339568000
2016-04-06,0.863142259205,0.875857113979,0.846759693736,0.875368058681,453376000
2016-04-07,0.869744120007,0.877568654406,0.86265319765,0.86632090807,378104000
2016-04-08,0.873411952316,0.879035825894,0.863386755958,0.871944844723,255936000
2016-04-11,0.877079726308,0.891750745007,0.874390067724,0.877324283123,387524000
2016-04-12,0.880258439975,0.881481049157,0.859230051747,0.876346230507,292764000
2016-04-13,0.880258509636,0.898597240732,0.880258509636,0.898352742195,350716000
2016-04-14,0.895907523732,0.904710111754,0.892239754432,0.900797843933,416564000
2016-04-15,0.900553349373,0.915957863906,0.897619133921,0.907888829708,436972000
2016-04-18,0.906177101724,0.906177101724,0.895173853551,0.90397644043,307320000
2016-04-19,0.907399519844,0.909111125612,0.882214371929,0.887838244438,309152000
2016-04-20,0.886371139532,0.896640832467,0.885393087419,0.891261458397,200172000
2016-04-21,0.891506135407,0.895662959742,0.88637131706,0.890283584595,178280000
2016-04-22,0.893218038208,0.899330910496,0.883926393046,0.886860609055,223540000
2016-04-25,0.887104693192,0.896151777262,0.884659533759,0.891261458397,191972000
2016-04-26,0.89664113275,0.906910829124,0.888083042722,0.891995310783,214536000
2016-04-27,0.889794658031,0.912779211262,0.888083051668,0.912290155888,352396000
2016-04-28,0.90666614625,0.912045521373,0.88294810094,0.885148704052,381224000
2016-04-29,0.881481165167,0.883437270159,0.859230164829,0.868766307831,321904000
2016-05-02,0.87707990522,0.885637996349,0.872923138088,0.880258619785,256076000
2016-05-03,0.870233177291,0.873900887719,0.862164144392,0.869744122028,224024000
2016-05-04,0.859230217786,0.859963771777,0.841136041459,0.849938631058,525764000
2016-05-05,0.857029495926,0.865098530421,0.848715904603,0.855073332787,246884000
2016-05-06,0.853606111532,0.86607646771,0.851894505448,0.863875806332,183240000
2016-05-09,0.866076527471,0.86974423839,0.855562333447,0.862653315067,333336000
2016-05-10,0.868032758066,0.880747615464,0.859719224367,0.879280507565,269676000
2016-05-11,0.881970285377,0.891506370782,0.877079905944,0.881725728512,328176000
2016-05-12,0.888082849062,0.89199511627,0.854095111493,0.869744122028,670540000
2016-05-13,0.95825884486,1.00251627007,0.953613082885,1.00202727318,2110256000
2016-05-16,0.994447490941,1.04652952095,0.991268777136,1.03161394596,973032000
2016-05-17,1.02696777216,1.04114973015,1.01376392445,1.03381431103,628392000
2016-05-18,1.02696825656,1.07220386775,1.02696825656,1.06022250652,541072000
2016-05-19,1.05606568392,1.07244836869,1.05459869267,1.06486833096,398880000
2016-05-20,1.07147026675,1.08834194875,1.06975866035,1.08394062519,391084000
2016-05-23,1.08858608928,1.09274279633,1.07904994968,1.08565187454,413636000
2016-05-24,1.08896176655,1.11543816825,1.08601993115,1.11200594902,415788000
2016-05-25,1.11543795258,1.12009572135,1.09852246075,1.10734796524,458076000
2016-05-26,1.10930884035,1.12720486088,1.10612187299,1.11911487579,309964000
2016-05-27,1.12034112089,1.12696019169,1.11666376841,1.12524414062,277416000
2016-05-31,1.13014719573,1.14779809073,1.12941167846,1.14534652233,412524000
2016-06-01,1.13995336368,1.15858479461,1.13652126106,1.14755308628,387132000
2016-06-02,1.15368144674,1.16544878598,1.14240449123,1.15564274788,329208000
2016-06-03,1.14436596533,1.14583676606,1.11936048255,1.13946282864,461076000
2016-06-06,1.14240464286,1.15123014846,1.12769558375,1.13357925415,322512000
2016-06-07,1.14044334627,1.14681728294,1.13529519362,1.13578546047,193400000
2016-06-08,1.13603081933,1.1401984391,1.1227926765,1.13210844994,234616000
2016-06-09,1.12818607052,1.16324261199,1.125734502,1.16152656078,472168000
2016-06-10,1.1477979611,1.15809426665,1.13112760183,1.13259851933,400024000
2016-06-13,1.13382416275,1.16937107777,1.13382416275,1.14706230164,475588000
2016-06-14,1.1443660837,1.15466239127,1.13161820754,1.149269104,298344000
2016-06-15,1.15882945897,1.17108694543,1.14608158888,1.16103577614,301036000
2016-06-16,1.1524560934,1.16765542153,1.14117913482,1.16569423676,246456000
2016-06-17,1.16716503684,1.1674101703,1.1406886359,1.14534652233,471000000
2016-06-20,1.16373253693,1.18089304224,1.16299701991,1.16593885422,293768000
2016-06-21,1.17084216495,1.17402913344,1.15711364038,1.15882980824,212508000
2016-06-22,1.16128165333,1.16888137696,1.15588836518,1.15784955025,202620000
2016-06-23,1.16888089788,1.18996389168,1.16814538072,1.18873810768,297880000
2016-06-24,1.1399531423,1.1610361378,1.11053502535,1.12107646465,1017684000
2016-06-27,1.1117608064,1.12034117906,1.09263899335,1.10906422138,449088000
2016-06-28,1.13014716036,1.13137282763,1.10979956415,1.12524414062,381920000
2016-06-29,1.13505001214,1.15245577055,1.13210817735,1.14363026619,318932000
2016-06-30,1.14559136788,1.15956502367,1.13627571425,1.15245568752,430940000
2016-07-01,1.14608191439,1.1610361059,1.13995311097,1.1438754797,218488000
2016-07-05,1.13750172532,1.16275234335,1.12843120235,1.16079115868,371084000
2016-07-06,1.15270107776,1.17500985855,1.1468174073,1.16814553738,273104000
2016-07-07,1.17598988254,1.20271140459,1.17059659822,1.198543787,395400000
2016-07-08,1.21129216371,1.25247762256,1.20663427748,1.24659395218,481932000
2016-07-11,1.26448973454,1.28459207626,1.26301881723,1.2752764225,448776000
2016-07-12,1.28949517002,1.30616540978,1.27331508015,1.29439818859,436760000
2016-07-13,1.29684995444,1.30420454253,1.29194693468,1.2939081192,324604000
2016-07-14,1.3007721342,1.31891329135,1.2899854465,1.30714595318,316892000
2016-07-15,1.29047620855,1.29783079773,1.27086412659,1.29194712639,428616000
2016-07-18,1.30788175623,1.30984294073,1.29366296409,1.29856598377,252992000
2016-07-19,1.29783071452,1.31719766174,1.29537914598,1.31204950809,382652000
2016-07-20,1.31646193077,1.33631925862,1.31106864452,1.32920980453,296460000
2016-07-21,1.32626864062,1.3304362618,1.30028261307,1.30469536781,361308000
2016-07-22,1.30935251937,1.3402415514,1.29979161459,1.3402415514,315768000
2016-07-25,1.3483315559,1.36818876598,1.34244788614,1.36500179768,312528000
2016-07-26,1.37701428386,1.39540057668,1.37505309956,1.38829123974,514508000
2016-07-27,1.40030329635,1.40275486388,1.36598216921,1.3743172884,446676000
2016-07-28,1.37750438785,1.38755555851,1.37309163602,1.37725925446,221916000
2016-07-29,1.38240765346,1.40349064903,1.35764742248,1.39981341362,409588000
2016-08-01,1.40569708768,1.41084524064,1.38167225696,1.39074277878,301120000
2016-08-02,1.39736202656,1.39809754388,1.36058943394,1.37382757664,282748000
2016-08-03,1.37211094474,1.3802009304,1.36451122582,1.37750422955,299828000
2016-08-04,1.38412355982,1.40937417194,1.38142697536,1.40300023556,272712000
2016-08-05,1.41918002763,1.42751514716,1.4123158253,1.42677974701,371588000
2016-08-08,1.44639259284,1.44982469584,1.42481920699,1.44001865387,305064000
2016-08-09,1.44712800585,1.45766956535,1.44001866628,1.44369590282,372344000
2016-08-10,1.45644298015,1.45864929749,1.42972145427,1.43437933922,375740000
2016-08-11,1.44197921536,1.46968127778,1.43903738066,1.46355247498,681064000
2016-08-12,1.51748596477,1.55376828493,1.48635179744,1.54543316364,1425744000
2016-08-15,1.54714944757,1.55671035437,1.52312461384,1.54396247864,573304000
2016-08-16,1.54175584792,1.54420729904,1.52998862536,1.53464651108,287652000
2016-08-17,1.53464713851,1.53807924162,1.48708772818,1.49910008907,595212000
2016-08-18,1.4968933055,1.52484050566,1.49100963519,1.5223890543,331684000
2016-08-19,1.52165315492,1.5378331273,1.51503408593,1.52631103992,291560000
2016-08-22,1.53096922891,1.53489171454,1.51282806895,1.53268527985,244748000
2016-08-23,1.54828113266,1.55515798599,1.54066740669,1.54508829117,339764000
2016-08-24,1.55049165273,1.55122840827,1.51414235289,1.52126479149,298448000
2016-08-25,1.52175580569,1.52249256109,1.49228348167,1.51119482517,406032000
2016-08-26,1.51512480777,1.5320713561,1.5030901972,1.52347528934,300024000
2016-08-29,1.52961472293,1.53575470103,1.52003620252,1.52249217033,274652000
2016-08-30,1.52052798577,1.52863288192,1.50947583337,1.51365113258,285544000
2016-08-31,1.51659830793,1.52077348981,1.50210772971,1.50652849674,388544000
2016-09-01,1.50775644761,1.55663140407,1.50652840479,1.55098259449,428492000
2016-09-02,1.5541755692,1.55589478245,1.51831755903,1.53575527668,323148000
2016-09-06,1.54115852585,1.55024576187,1.53329921557,1.55024576187,306812000
2016-09-07,1.54533403134,1.55294775807,1.51856337085,1.52740502357,397988000
2016-09-08,1.52593090041,1.54091276381,1.50849318581,1.53845667839,315808000
2016-09-09,1.52151010547,1.53010617005,1.44905722658,1.46182858944,697760000
2016-09-12,1.44242583256,1.49498479005,1.40779575797,1.49203753471,598260000
2016-09-13,1.48835401567,1.5055462661,1.46207452825,1.47042500973,471768000
2016-09-14,1.4738634245,1.48835400367,1.46158334611,1.48344194889,319048000
2016-09-15,1.48589799495,1.54140422418,1.48245945129,1.53968501091,515212000
2016-09-16,1.54508814876,1.55343862948,1.52568551643,1.54336893559,902444000
2016-09-19,1.55957878266,1.60280493294,1.55245634456,1.56375408173,417128000
2016-09-20,1.58168304591,1.58168304591,1.5409129825,1.54950904846,331112000
2016-09-21,1.55417547838,1.59592799845,1.55392989323,1.59298074245,336212000
2016-09-22,1.60231417769,1.60722623351,1.58782359546,1.59691083431,308732000
2016-09-23,1.59887501068,1.603541362,1.58806844603,1.59519088268,276132000
2016-09-26,1.57701653329,1.58659505671,1.56031557214,1.58020937443,230040000
2016-09-27,1.57406947517,1.63669826302,1.57333271963,1.63424217701,402752000
2016-09-28,1.63669793509,1.64136440388,1.61926010269,1.64013636112,319788000
2016-09-29,1.63743467643,1.66052143505,1.62220734454,1.65536367893,336684000
2016-09-30,1.6644509337,1.69932659616,1.65462682653,1.6828712225,429932000
2016-10-03,1.68287131623,1.70718600042,1.67820484749,1.68115198612,242596000
2016-10-04,1.6836087566,1.71185304852,1.66494287406,1.67746865749,281624000
2016-10-05,1.69171303,1.70890527773,1.67059118589,1.67574882507,305440000
2016-10-06,1.65560958454,1.66592486381,1.62736518344,1.65389037132,360212000
2016-10-07,1.66494211865,1.66936300205,1.63718900977,1.64185547829,286260000
2016-10-10,1.65045167884,1.65929344637,1.63252267575,1.64799571037,287876000
2016-10-11,1.64259274246,1.64504871131,1.61164666837,1.62417244911,388540000
2016-10-12,1.61754112844,1.64013660323,1.60403300745,1.63154053688,419920000
2016-10-13,1.61238293904,1.61606694949,1.56449033475,1.60501480103,390116000
2016-10-14,1.62466345375,1.63571560521,1.6111553337,1.62073385715,330636000
2016-10-17,1.62048843516,1.6357157699,1.60919069742,1.61140108109,195328000
2016-10-18,1.63375091059,1.64529423308,1.62711964271,1.63596129417,269372000
2016-10-19,1.62490945042,1.64013678638,1.61655885119,1.63252305984,199060000
2016-10-20,1.65167992998,1.66887217984,1.62834769964,1.66346883774,312084000
2016-10-21,1.65757482371,1.66175000672,1.64308424157,1.65880286694,279508000
2016-10-24,1.67010007812,1.73862325221,1.66985437586,1.73665845394,339836000
2016-10-25,1.73371139327,1.77570950267,1.72536091185,1.76514852047,397460000
2016-10-26,1.75041278862,1.7916741527,1.74869357488,1.77227151394,333792000
2016-10-27,1.78577891469,1.78921734079,1.72879906479,1.73592150211,388664000
2016-10-28,1.74427190631,1.77079697159,1.72978133103,1.73297417164,290856000
2016-10-31,1.73862335126,1.75925402705,1.73764089351,1.7477107048,252388000
2016-11-01,1.75409654229,1.763675067,1.67722275944,1.6958886385,473224000
2016-11-02,1.70890538832,1.73199203213,1.6858186274,1.68876588345,295848000
2016-11-03,1.69662582325,1.69809945182,1.63669869092,1.66911828518,309664000
2016-11-04,1.65806547552,1.68802908843,1.6352244174,1.65953910351,328780000
2016-11-07,1.70816830164,1.76146413752,1.70694025892,1.7504119873,487580000
2016-11-08,1.7570435264,1.76269245349,1.73150091321,1.7477107048,429884000
2016-11-09,1.70030934794,1.74132511658,1.68778368438,1.71823835373,456532000
2016-11-10,1.75581584718,1.75606143237,1.63964561872,1.66445147991,869280000
2016-11-11,1.95278915916,2.18021740876,1.92798318467,2.16056919098,2175344000
2016-11-14,2.16351579131,2.16597187634,2.05373141361,2.05422258377,1348796000
2016-11-15,2.07018758408,2.14779812539,2.06134581458,2.11685228348,626092000
2016-11-16,2.14509603854,2.27330061044,2.12078135412,2.25045967102,987984000
2016-11-17,2.26716102282,2.32807059552,2.2263908395,2.26912593842,832988000
2016-11-18,2.26912615595,2.31677296285,2.25463557546,2.29294967651,576060000
2016-11-21,2.31087776422,2.31726344519,2.26937072082,2.28361582756,436436000
2016-11-22,2.29147564999,2.3022820999,2.26888017528,2.30007171631,330368000
2016-11-23,2.30523765298,2.34287114522,2.28187060217,2.31138706207,443236000
2016-11-25,2.32245554876,2.33918151769,2.29761231366,2.31606030464,195564000
2016-11-28,2.30892672734,2.33032614961,2.30228541408,2.31483006477,278736000
2016-11-29,2.31212388874,2.32294675063,2.27596636282,2.29367613792,444568000
2016-11-30,2.30228518601,2.31605971686,2.26538968256,2.26784944534,440500000
2016-12-01,2.26538979438,2.2671115815,2.08509334888,2.15568685532,1035524000
2016-12-02,2.12149739667,2.18421995655,2.09370272678,2.17561101913,478292000
2016-12-05,2.21348980901,2.2779341408,2.18913871997,2.25997829437,602284000
2016-12-06,2.26809507605,2.30548271634,2.25235292406,2.29711961746,498796000
2016-12-07,2.28359192197,2.34410054681,2.2653900032,2.33844327927,480804000
2016-12-08,2.34139442974,2.37656814335,2.28875677708,2.29933333397,381544000
2016-12-09,2.31704396495,2.31876575231,2.23120019806,2.25850296021,382312000
2016-12-12,2.21004691121,2.2125066748,2.15322768606,2.20365166664,601332000
2016-12-13,2.2159495899,2.27006319973,2.21496577859,2.24251437187,387796000
2016-12-14,2.2762124571,2.38862123089,2.25235327263,2.37238717079,983980000
2016-12-15,2.3834557415,2.45823103701,2.37607668692,2.42797660828,746548000
2016-12-16,2.45552497564,2.47692439614,2.40387112922,2.46979141235,1089528000
2016-12-19,2.45232743261,2.51996926716,2.4351093277,2.49979972839,744656000
2016-12-20,2.57236173252,2.61048712693,2.56104696163,2.58687400818,848056000
2016-12-21,2.59843447285,2.60605959823,2.55096216778,2.60310792923,576136000
2016-12-22,2.62745907491,2.67788304999,2.62032585513,2.63459229469,718612000
2016-12-23,2.61663605177,2.70174207455,2.61393045303,2.70026612282,647692000
2016-12-27,2.75634730902,2.88671169372,2.73568562898,2.88572788239,1194272000
2016-12-28,2.94180950183,2.94992653284,2.67345557297,2.68722987175,2295764000
2016-12-29,2.58023256647,2.74232735408,2.52857871049,2.74085140228,2175368000
2016-12-30,2.73888374136,2.75290411036,2.6146685124,2.62549114227,1212932000
2017-01-03,2.56793376484,2.61639011206,2.44445652063,2.50914692879,1501996000
2017-01-04,2.5433359517,2.59498978526,2.49733938356,2.56768703461,1199220000
2017-01-05,2.57113118217,2.60286132422,2.48553326779,2.50250530243,984296000
2017-01-06,2.52980816768,2.56424414408,2.48922301869,2.53595757484,822856000
2017-01-09,2.54579715285,2.65648393459,2.54579715285,2.63877391815,916248000
2017-01-10,2.65181026321,2.68575410678,2.59818854699,2.61885023117,880920000
2017-01-11,2.60728916389,2.61220845525,2.56178448729,2.58662748337,525664000
2017-01-12,2.56375238267,2.5753129873,2.49955388188,2.54432058334,625616000
2017-01-13,2.54825656707,2.58269255221,2.53497417262,2.54407525063,457820000
2017-01-17,2.53349825794,2.53841754996,2.47372737031,2.48700976372,580612000
2017-01-18,2.46561001878,2.53915519602,2.43781535393,2.53226804733,654424000
2017-01-19,2.53521970404,2.61860369823,2.5330060112,2.58662748337,644872000
2017-01-20,2.60925665904,2.62696667006,2.53644946152,2.55834078789,492024000
2017-01-23,2.55317548054,2.60482932856,2.55071571764,2.58490562439,369904000
2017-01-24,2.59499066656,2.64615261196,2.58023232285,2.64000320435,428052000
2017-01-25,2.68231024435,2.6884596522,2.61540637591,2.65131807327,522760000
2017-01-26,2.65402353837,2.70444750731,2.62450708591,2.69706845284,458800000
2017-01-27,2.70395580011,2.7521660797,2.67739101441,2.74921441078,471996000
2017-01-30,2.72830676541,2.73052045836,2.65426967945,2.70616936684,496004000
2017-01-31,2.67985050723,2.70690719593,2.6614025197,2.68550777435,362756000
2017-02-01,2.71994315318,2.80701677944,2.7022333784,2.80283546448,590004000
2017-02-02,2.78684809452,2.84686505406,2.75634782628,2.83825588226,483240000
2017-02-03,2.8397325789,2.85080128239,2.80160717496,2.81341362,372744000
2017-02-06,2.80406569596,2.88597397854,2.80406569596,2.88548207283,506768000
2017-02-07,2.91967170611,2.97427722266,2.89999407208,2.93024849892,746224000
2017-02-08,2.91229245799,2.93467568897,2.86260623597,2.91745781898,449580000
2017-02-09,2.92360753036,2.92852705674,2.84342126779,2.86260676384,842568000
2017-02-10,2.94992612125,2.96886577943,2.76962967697,2.79471874237,1651092000
2017-02-13,2.78906105372,2.80357332538,2.66140227711,2.66582989693,1180724000
2017-02-14,2.65623739267,2.70936719798,2.61442235717,2.67566919327,850632000
2017-02-15,2.6786208128,2.70075797714,2.65058007622,2.68108034134,373020000
2017-02-16,2.69067295421,2.6919028356,2.59892586672,2.63803529739,647176000
2017-02-17,2.62450688072,2.64197082144,2.57752648985,2.63754320145,563740000
2017-02-21,2.66214053049,2.73593177786,2.66189446036,2.73199629784,551952000
2017-02-22,2.74406421733,2.75342292596,2.70884586964,2.72780966759,433772000
2017-02-23,2.59826472079,2.62018366882,2.45492922645,2.47487783432,1592888000
2017-02-24,2.39064974078,2.51206628781,2.3569092213,2.49876713753,1029904000
2017-02-27,2.5169930889,2.58644426263,2.50123106542,2.57142114639,715400000
2017-02-28,2.58102569238,2.59087716139,2.48202082455,2.49926042557,625360000
2017-03-01,2.55615167563,2.57043611965,2.49014842184,2.53152370453,504804000
2017-03-02,2.51871641127,2.53275447088,2.43547334128,2.43818235397,754332000
2017-03-03,2.42759314244,2.43251864282,2.36971692758,2.42414522171,864692000
2017-03-06,2.38794171076,2.41601783674,2.34385741569,2.40542769432,883568000
2017-03-07,2.40542816391,2.45123642821,2.39262153218,2.43178009987,603400000
2017-03-08,2.48005056049,2.49482752958,2.42512998133,2.42734646797,638712000
2017-03-09,2.41133872787,2.44926585802,2.39877824319,2.42685437202,478060000
2017-03-10,2.45320622406,2.46502756504,2.4229136121,2.44113826752,499740000
2017-03-13,2.45148256908,2.51822473506,2.45074366178,2.50837349892,774136000
2017-03-14,2.52117912564,2.53053759661,2.47438559643,2.5066485405,522016000
2017-03-15,2.51822470124,2.53644935869,2.47069224674,2.52561306953,615036000
2017-03-16,2.53620282157,2.55713672423,2.52216475957,2.55664396286,523100000
2017-03-17,2.57412999393,2.61353516752,2.55664401127,2.61230373383,1119688000
2017-03-20,2.62978952523,2.69948707011,2.61378112325,2.69554638863,748568000
2017-03-21,2.67830659523,2.70810667564,2.60048178206,2.60836267471,913484000
2017-03-22,2.59728006608,2.66623893527,2.59333961966,2.66155958176,616764000
2017-03-23,2.65367925932,2.67362811298,2.62781985168,2.63742470741,533940000
2017-03-24,2.68372518039,2.691606074,2.62092347272,2.64678287506,439500000
2017-03-27,2.60023563731,2.6699331835,2.55097946657,2.66599273682,506644000
2017-03-28,2.6672245306,2.68175512054,2.64185765209,2.65220141411,432444000
2017-03-29,2.65959003834,2.67190414259,2.64136538012,2.64358186722,349992000
2017-03-30,2.65072295895,2.70909168533,2.64505855276,2.69431471825,525532000
2017-03-31,2.68471031397,2.70638312435,2.6696871986,2.68273997307,440808000
2017-04-03,2.68323228148,2.70047188065,2.64555107421,2.6691942215,445232000
2017-04-04,2.54654676615,2.57166749813,2.47118480511,2.48202109337,1271280000
2017-04-05,2.46330394848,2.52118016721,2.45049731781,2.46355032921,747048000
2017-04-06,2.46872212876,2.49359648196,2.42365254219,2.481528759,635120000
2017-04-07,2.48793118116,2.50541715982,2.45591461704,2.47093772888,429068000
2017-04-10,2.47167683412,2.47832629324,2.40370325444,2.40789008141,756332000
2017-04-11,2.37784384088,2.43572004692,2.37291834125,2.41651010513,618148000
2017-04-12,2.41651071501,2.43079492591,2.39138997943,2.39656186104,414092000
2017-04-13,2.37242525041,2.39409781942,2.35173749924,2.35173749924,506892000
2017-04-17,2.36454408823,2.44409284832,2.35937220923,2.44384670258,497292000
2017-04-18,2.4295628762,2.45148206589,2.4037034747,2.44532489777,370116000
2017-04-19,2.46281096067,2.48694640286,2.44828037225,2.45493006706,380828000
2017-04-20,2.4694607777,2.49852195599,2.44828049341,2.49384260178,404016000
2017-04-21,2.48349910672,2.50689588249,2.47167776333,2.50418686867,341896000
2017-04-24,2.53571019421,2.54851682321,2.51477652532,2.53546404839,371820000
2017-04-25,2.54999418232,2.59407846875,2.52856775586,2.57954788208,388440000
2017-04-26,2.59309339818,2.59555603032,2.55984539809,2.56181573868,327004000
2017-04-27,2.56920479407,2.61008731707,2.55122628281,2.6017138958,319700000
2017-04-28,2.5948182617,2.60171410384,2.56304782983,2.56871247292,348248000
2017-05-01,2.57954780664,2.63151321907,2.5724055864,2.62634110451,307732000
2017-05-02,2.59949711907,2.60072855277,2.52585888697,2.54851675034,629972000
2017-05-03,2.54162045395,2.5770849396,2.52684372194,2.56748008728,336904000
2017-05-04,2.57363751542,2.584720184,2.54974821803,2.55762934685,209788000
2017-05-05,2.54605452899,2.56501809433,2.53053864976,2.55787587166,228428000
2017-05-08,2.56969668133,2.57117426064,2.51970160734,2.53103065491,365240000
2017-05-09,2.5366960536,2.58422827912,2.52832239625,2.53521823883,847672000
2017-05-10,2.81474656158,3.00019628679,2.80809710178,2.98714327812,2129096000
2017-05-11,2.95660444995,3.21224424217,2.95315652979,3.11545562744,1939792000
2017-05-12,3.11865767502,3.19180314667,3.09772377159,3.14968895912,962620000
2017-05-15,3.1908174103,3.31026363671,3.1863842029,3.30780076981,1087540000
2017-05-16,3.3587812732,3.38488728954,3.28440461022,3.36937141418,1120700000
2017-05-17,3.3026305595,3.32134798164,3.14131645367,3.14550328255,1271368000
2017-05-18,3.18934001517,3.28612863036,3.12900117732,3.27726244926,1156032000
2017-05-19,3.37834320402,3.40768138446,3.33371945068,3.35294961929,1018372000
2017-05-22,3.39658824494,3.43874654974,3.38574030975,3.42444729805,836608000
2017-05-23,3.44417041303,3.44638923398,3.34580072465,3.37834405899,681248000
2017-05-24,3.47523500585,3.47794710762,3.40423131169,3.41631197929,815996000
2017-05-25,3.4515669891,3.45230667455,3.36379858455,3.4086689949,608228000
2017-05-26,3.40053284685,3.58174001243,3.38031658233,3.49693012238,779140000
2017-05-30,3.54278700342,3.6066409505,3.52676197416,3.57163238525,989652000
2017-05-31,3.6165024328,3.62414522198,3.50210770542,3.55881214142,887316000
2017-06-01,3.57459088965,3.57557721537,3.51369544533,3.55905890465,503340000
2017-06-02,3.55609950671,3.58223278204,3.53539019856,3.54130721092,487456000
2017-06-05,3.52503601043,3.66186582257,3.51344862433,3.6490457058,817376000
2017-06-06,3.64436114163,3.69046427744,3.61921419039,3.63252735138,758728000
2017-06-07,3.65693481181,3.69514851856,3.64140283002,3.6764113903,612612000
2017-06-08,3.78340977089,3.94464729882,3.74223755985,3.9431681633,1161744000
2017-06-09,4.06150829864,4.15420738829,3.51936543268,3.68824577332,3692928000
2017-06-12,3.59653274495,3.74001925573,3.50358701587,3.69736766815,1697532000
2017-06-13,3.80658457284,3.81570673156,3.59086167182,3.73262262344,1672504000
2017-06-14,3.73558215964,3.79820338184,3.66112690941,3.7405128479,1184640000
2017-06-15,3.62315940635,3.78686219802,3.61181842425,3.75653791428,963824000
2017-06-16,3.76615161892,3.81398052259,3.70402346622,3.73804593086,924960000
2017-06-19,3.78217757039,3.88375241433,3.7784796135,3.87857508659,778176000
2017-06-20,3.92073297252,3.98754541576,3.86871306059,3.87290406227,1095444000
2017-06-21,3.900516818,3.93527897365,3.83863506006,3.93158078194,682652000
2017-06-22,3.93971754667,3.95303094593,3.88054787605,3.90446233749,469132000
2017-06-23,3.91210425089,3.92788287321,3.77749303352,3.79253220558,1088588000
2017-06-26,3.82532249659,3.86082434315,3.65693542445,3.7511138916,1063960000
2017-06-27,3.73360920566,3.74223808521,3.60812013911,3.61379051208,999492000
2017-06-28,3.6813423649,3.74593598921,3.59332732993,3.74125170708,994948000
2017-06-29,3.71290016537,3.71585843704,3.55215564832,3.61625623703,1064424000
2017-06-30,3.63351347434,3.6470732756,3.53785588545,3.56398916245,731060000
2017-07-03,3.57606936937,3.59086166517,3.41655761602,3.43504810333,709072000
2017-07-05,3.49840919882,3.55560667492,3.47942566521,3.52676153183,820188000
2017-07-06,3.49767043994,3.58420612145,3.44565028091,3.53736329079,746284000
2017-07-07,3.59406733405,3.63647228204,3.57113896656,3.6182281971,654972000
2017-07-10,3.69169736951,3.79672353206,3.66556409019,3.78932738304,958492000
2017-07-11,3.7930256299,3.85071615739,3.7511137263,3.84307336807,757956000
2017-07-12,3.90273450903,4.01860832762,3.85983653214,4.0065279007,1145208000
2017-07-13,4.01860953931,4.09996787695,3.91383002593,3.96017956734,1369132000
2017-07-14,3.97645064441,4.06816362319,3.96954754225,4.0666847229,941948000
2017-07-17,4.10070749538,4.12955287333,3.98779191496,4.04942703247,930792000
2017-07-18,3.98853096945,4.1061310485,3.976696946,4.0915851593,776640000
2017-07-19,4.10070734925,4.12708726513,4.05830264196,4.0703830719,687044000
2017-07-20,4.09084750636,4.12980067682,4.04104639731,4.1295542717,699596000
2017-07-21,4.10909150019,4.17393178835,4.09479200841,4.14434671402,648332000
2017-07-24,4.15149586553,4.16111083643,4.08566949975,4.09627056122,652524000
2017-07-25,4.07334152249,4.09084615558,4.03290899415,4.07654666901,496556000
2017-07-26,4.13399090129,4.18946260628,4.08887385187,4.12363624573,640404000
2017-07-27,4.14853713045,4.16012475276,3.88449221652,3.98754620552,782856000
2017-07-28,3.95179589992,4.07728515519,3.92689559606,4.05287742615,513348000
2017-07-31,4.06643722536,4.10243210115,3.95993196829,4.0065279007,559672000
2017-08-01,3.99716100793,4.0570703576,3.96930218694,4.0553445816,431384000
2017-08-02,4.08640731173,4.09035167222,3.97595722399,4.05287742615,478444000
2017-08-03,4.05238620303,4.10810431378,4.0353748486,4.10440635681,442420000
2017-08-04,4.12708528205,4.19291160248,4.10440380375,4.12240123749,589096000
2017-08-07,4.15149453777,4.24961733699,4.1418790997,4.24912452698,717412000
2017-08-08,4.28709191795,4.30360998909,4.15938404994,4.19858407974,755336000
2017-08-09,4.1524815021,4.24567386964,4.13374437252,4.24320840836,530784000
2017-08-10,4.24444188789,4.25676919718,4.05140087984,4.06150913239,1328088000
2017-08-11,3.87413711285,3.919993611,3.76985064022,3.84504532814,1497196000
2017-08-14,3.93651073686,4.15543850668,3.92492335449,4.15174055099,1279020000
2017-08-15,4.15691775575,4.18305079022,4.08246254266,4.11673164368,764532000
2017-08-16,4.13177094497,4.15519211476,4.03931829073,4.07161474228,596632000
2017-08-17,4.06323325444,4.08024413492,3.9786697811,3.9808883667,525444000
2017-08-18,4.03512817753,4.05213953083,3.9357721591,3.98162865639,601204000
2017-08-21,4.00603544145,4.01737618421,3.87980672505,3.9236907959,623672000
2017-08-22,3.96021070885,4.01696481579,3.94096360864,4.01104259491,450456000
2017-08-23,3.97773261574,4.10234499341,3.96909566696,4.09124088287,579520000
2017-08-24,4.12331636794,4.12775838567,4.04978304271,4.07618570328,469700000
2017-08-25,4.10036906354,4.11048621028,4.03571834971,4.04213428497,357200000
2017-08-28,4.06113586102,4.0739672651,4.00561531735,4.07075929642,389496000
2017-08-29,4.01203144287,4.08581190212,4.00388820978,4.06409692764,324096000
2017-08-30,4.08383579841,4.09938192136,4.05348483021,4.08827781677,384400000
2017-08-31,4.108513903,4.18500862642,4.10111147629,4.18106079102,612684000
2017-09-01,4.19364489827,4.2417625467,4.18500795076,4.2062292099,445432000
2017-09-05,4.15490313226,4.15983839583,4.03596638674,4.0939540863,695364000
2017-09-06,4.12677412678,4.14059249145,4.05669487397,4.09148740768,397672000
2017-09-07,4.10826692772,4.14281283778,4.07026642665,4.11048793793,352868000
2017-09-08,4.09888954818,4.11369486893,4.01499194619,4.0391740799,498856000
2017-09-11,4.08482305174,4.18081168504,4.07939407531,4.17020082474,567444000
2017-09-12,4.19487848623,4.19487848623,4.1201110704,4.18525505066,411488000
2017-09-13,4.16008538856,4.23287888529,4.12776049185,4.20400857925,580960000
2017-09-14,4.16501989631,4.25804767617,4.14059114405,4.18007230759,513712000
2017-09-15,4.26545092117,4.44435024261,4.2602690351,4.44435024261,1364792000
2017-09-18,4.56846800214,4.71800325823,4.56155882278,4.62793636322,1684460000
2017-09-19,4.57760008364,4.68469287876,4.55563848548,4.62300348282,874280000
2017-09-20,4.62670431954,4.67408163246,4.54552096436,4.5857424736,724920000
2017-09-21,4.48210363787,4.50826015803,4.38266038402,4.46038913727,1075600000
2017-09-22,4.44903946615,4.49863779388,4.4070906575,4.41696071625,491232000
2017-09-25,4.38611459984,4.38734865095,4.19882593036,4.21955347061,874580000
2017-09-26,4.35403769686,4.40906453284,4.20351541951,4.24324321747,1125620000
2017-09-27,4.33355417225,4.34959353743,4.262734626,4.33626842499,713720000
2017-09-28,4.34342518288,4.34737348723,4.28765803129,4.33503580093,435244000
2017-09-29,4.41893396383,4.43497286399,4.37377719772,4.41128444672,619092000
2017-10-02,4.46137715724,4.49049456006,4.3676094812,4.41696071625,503480000
2017-10-03,4.42312889384,4.45594797556,4.38192042819,4.42609024048,390332000
2017-10-04,4.43225955107,4.48531246753,4.39573925287,4.46310424805,427848000
2017-10-05,4.48753251825,4.49098710851,4.43077793025,4.46063566208,437364000
2017-10-06,4.43299818154,4.48703803596,4.4169588135,4.47371292114,318800000
2017-10-09,4.51048040332,4.60770311171,4.49172677967,4.57463741302,563492000
2017-10-10,4.72367906821,4.76118631628,4.62078122866,4.66198968887,974876000
2017-10-11,4.6785226807,4.71306905596,4.6326260461,4.71158838272,529508000
2017-10-12,4.71504307083,4.76464138956,4.68666600993,4.7138094902,528292000
2017-10-13,4.77599200927,4.81177196504,4.72910841617,4.80165481567,628728000
2017-10-16,4.83151310433,4.88703365059,4.76834303966,4.88407230377,576640000
2017-10-17,4.86334314501,4.90800618922,4.8450832381,4.87962913513,478596000
2017-10-18,4.8885138484,4.88925371438,4.77031696366,4.87543535233,567316000
2017-10-19,4.79795303484,4.88579845899,4.74884843771,4.88086366653,570772000
2017-10-20,4.8978899943,4.92503300007,4.84977188501,4.85865545273,451620000
2017-10-23,4.88037215827,4.9067753101,4.831514161,4.85174846649,428696000
2017-10-24,4.86087570637,4.90430517196,4.83496628256,4.90257787704,407244000
2017-10-25,4.86309689991,4.91590317859,4.71726331396,4.77870559692,828160000
2017-10-26,4.80634345613,4.84039564602,4.78240794496,4.82879829407,322744000
2017-10-27,4.88086497522,4.98129520601,4.85495507229,4.98104858398,572192000
2017-10-30,4.98104875972,5.08542682922,4.96525600713,5.02990674973,504056000
2017-10-31,5.06173819174,5.12984305189,5.05606259062,5.10319328308,411908000
2017-11-01,5.16586731823,5.1811663486,5.04865743003,5.11281442642,502576000
2017-11-02,5.08320674786,5.12786981404,5.02521856019,5.08172607422,342308000
2017-11-03,5.11281689564,5.14958381653,5.06692025302,5.14958381653,353640000
2017-11-06,5.11281604005,5.18141460579,5.10047835136,5.17277812958,389944000
2017-11-07,5.19547957857,5.25346774548,5.18338851299,5.23199939728,427700000
2017-11-08,5.22755998034,5.23126166463,5.11380508045,5.16118240356,522988000
2017-11-09,5.06519126625,5.09134731253,4.94428014872,5.06642484665,978564000
2017-11-10,5.25791061068,5.39584810053,5.22213064892,5.33341836929,1253256000
2017-11-13,5.33341800729,5.35883372358,5.23150710814,5.24680614471,582376000
2017-11-14,5.25593585349,5.30035228971,5.21225975396,5.28505325317,529292000
2017-11-15,5.23002596362,5.23126001488,5.12762182968,5.18141460419,501948000
2017-11-16,5.25544281532,5.28554717489,5.21275367282,5.22163677216,441768000
2017-11-17,5.27863751328,5.31392375603,5.20041550991,5.215467453,515664000
2017-11-20,5.23101480374,5.29467859928,5.19424787579,5.28258752823,396100000
2017-11-21,5.3223122582,5.34279317465,5.29048061415,5.33119535446,399176000
2017-11-22,5.35835781506,5.35835781506,5.27464873688,5.30724334717,356640000
2017-11-24,5.32354179847,5.35835896872,5.2990956,5.35737085342,180752000
2017-11-27,5.36601370833,5.36724814596,5.2845266955,5.2877368927,422896000
2017-11-28,5.29292234731,5.30230567456,5.14204873137,5.20304012299,512752000
2017-11-29,5.18575601282,5.18847215281,4.72202326714,4.85017967224,1396788000
2017-11-30,4.91882491109,5.00475608383,4.85585823341,4.95611095428,823768000
2017-12-01,4.92153939232,4.94178774111,4.75264003651,4.88128995895,811548000
2017-12-04,4.93981374594,4.94598734686,4.55583960034,4.60917615891,1240844000
2017-12-05,4.50398407106,4.7583210636,4.45904319729,4.63584423065,981488000
2017-12-06,4.58547152,4.69510805785,4.56423551643,4.67337846756,467032000
2017-12-07,4.74004760892,4.78054431583,4.69461268127,4.74078845978,542600000
2017-12-08,4.79066752896,4.80968144302,4.72004603438,4.72844171524,466876000
2017-12-11,4.74251818393,4.80968318416,4.72671493151,4.80671977997,372748000
2017-12-12,4.76326001403,4.78647130308,4.68893424779,4.71239233017,455016000
2017-12-13,4.75338202094,4.75461645839,4.58991490319,4.59732294083,554280000
2017-12-14,4.5909038642,4.67535382196,4.55830924282,4.60448503494,438164000
2017-12-15,4.64843740353,4.75041908036,4.58349497286,4.73017072678,670036000
2017-12-18,4.7706680219,4.889687882,4.74103680679,4.88672494888,477704000
2017-12-19,4.87734074084,4.8825262261,4.81412680256,4.84252357483,373100000
2017-12-20,4.88178604286,4.89092210615,4.80400328236,4.859562397,288820000
2017-12-21,4.86301935241,4.88795913774,4.82869623955,4.83709192276,300904000
2017-12-22,4.80029931806,4.83116543937,4.72251656049,4.82178211212,466276000
2017-12-26,4.76646958969,4.88302008893,4.73659111395,4.87536525726,355080000
2017-12-27,4.86203140361,4.93783839917,4.84746259105,4.86869812012,329488000
2017-12-28,4.89240400931,4.92327013304,4.86820507379,4.87437820435,240248000
2017-12-29,4.90055302561,4.90055302561,4.77807617188,4.77807617188,279964000
2018-01-02,4.83437361243,4.92623156687,4.80276712129,4.92252731323,355616000
2018-01-03,5.0398200257,5.27687207172,5.03117754979,5.24649953842,914704000
2018-01-04,5.32773992161,5.38428668272,5.2519324469,5.2741560936,583268000
2018-01-05,5.2889715646,5.35613608367,5.21217645434,5.31885004044,580124000
2018-01-08,5.44231531937,5.5559024319,5.39737396686,5.4818239212,881216000
2018-01-09,5.48725541526,5.52676401144,5.39885489598,5.48034143448,497000000
2018-01-10,5.38798923188,5.52676335977,5.33366503628,5.52330636978,582664000
2018-01-11,5.55590175972,5.58726193823,5.51170126361,5.53318452835,406032000
2018-01-12,5.52133163965,5.55565474967,5.46552573671,5.50602197647,359916000
2018-01-16,5.53244326192,5.61788037292,5.35070354071,5.43515300751,702348000
2018-01-17,5.44972184532,5.55886430169,5.35588905165,5.54898738861,538408000
2018-01-18,5.52972747164,5.59639841068,5.49861455516,5.54207420349,408632000
2018-01-19,5.63220260956,5.7062811086,5.60528753775,5.68208217621,609380000
2018-01-22,5.68998270881,5.7722100813,5.6324483216,5.77048158646,550944000
2018-01-23,5.82381953155,5.9220974387,5.80530014138,5.89938020706,475228000
2018-01-24,5.90259139556,5.93839621812,5.7670274102,5.82258653641,579972000
2018-01-25,5.87691037814,5.92012323842,5.82135172646,5.83616733551,409884000
2018-01-26,5.87987347648,6.00877025756,5.86703315705,6.0085234642,516356000
2018-01-29,5.99395464836,6.12655568473,5.94135893285,6.09544229507,455116000
2018-01-30,5.95370478503,6.08482411025,5.8870338459,5.99346017838,570832000
2018-01-31,6.06877390039,6.15519914388,6.03617928019,6.06951475143,478576000
2018-02-01,5.88974867751,6.09667543038,5.8783900635,5.93864059448,519224000
2018-02-02,5.85221755476,5.87616969817,5.70825790091,5.7662858963,718464000
2018-02-05,5.60528816723,5.75912472572,5.06204420997,5.27687263489,1165204000
2018-02-06,5.04722738158,5.57318578696,5.03734999846,5.57022285461,1114800000
2018-02-07,5.66899760105,5.80209225973,5.59788200293,5.64973688126,802932000
2018-02-08,5.77517535769,5.80826356364,5.37095234352,5.37119960785,1144000000
2018-02-09,5.88308397171,5.89888722521,5.37120013484,5.73072862625,1674604000
2018-02-12,5.81172145197,5.81468485653,5.55664400244,5.63072252274,1093172000
2018-02-13,5.59442250748,5.79048425466,5.56207468587,5.74430847168,625524000
2018-02-14,5.70406000447,5.99025081395,5.69294818061,5.96135997772,744988000
2018-02-15,6.04457440679,6.13297493093,5.96382871479,6.08679914474,698900000
2018-02-16,6.05963721033,6.17322431159,6.01197972272,6.02111625671,637656000
2018-02-20,6.04358752773,6.21940095396,6.03988327236,6.15050792694,686240000
2018-02-21,6.21495515089,6.22186913163,5.95987730152,5.96358108521,892292000
2018-02-22,5.99743276706,6.06908643585,5.91762514328,5.98310184479,534364000
2018-02-23,6.04289490181,6.07649803162,5.99224302477,6.07649803162,415300000
2018-02-26,6.12270333268,6.1271507301,6.03029435987,6.09255933762,469312000
2018-02-27,6.0658729808,6.15012845591,6.05673124077,6.07971000671,455436000
2018-02-28,6.09058317905,6.13011633906,5.96778324773,5.97939634323,523116000
2018-03-01,5.97717092648,6.03103499681,5.63644433478,5.73750114441,1040120000
2018-03-02,5.63002148708,5.85091348368,5.48152495092,5.8444890976,913428000
2018-03-05,5.79433131635,5.86203195764,5.67103702257,5.82249879837,620776000
2018-03-06,5.90774167282,6.00262153122,5.8647493769,5.98334884644,636808000
2018-03-07,5.880561611,6.0275759576,5.87932640622,5.97544145584,581208000
2018-03-08,6.00286770364,6.00286770364,5.91490613541,5.95913410187,411912000
2018-03-09,6.00657341972,6.07452099008,5.99051340195,6.06167316437,505524000
2018-03-12,6.1029361373,6.25118521653,6.09478218346,6.1711306572,605060000
2018-03-13,6.21387778578,6.28824976474,6.07921780548,6.12048053741,619772000
2018-03-14,6.16347006754,6.19064928092,6.08366246786,6.1459274292,505496000
2018-03-15,6.15951661512,6.24179461833,6.11874779784,6.16075181961,401952000
2018-03-16,6.17706093479,6.20794623947,6.13950429874,6.18892097473,399456000
2018-03-19,6.13209241881,6.16100073735,5.85585423313,5.95468711853,713772000
2018-03-20,5.95765176064,6.20547551572,5.95765176064,6.16668367386,554696000
2018-03-21,6.16025972493,6.22647820907,6.1110904622,6.14148187637,438688000
2018-03-22,6.07822934755,6.1246807878,5.938380662,5.975689888,551196000
2018-03-23,5.98927643146,5.99174731164,5.74515931282,5.75627803802,735620000
2018-03-26,5.88056221798,6.04190703032,5.82867512884,6.04067182541,611424000
2018-03-27,6.12146626638,6.17705989973,5.43210662663,5.57220220566,1409000000
2018-03-28,5.53785753608,5.66782264095,5.36168795722,5.46916866302,945904000
2018-03-29,5.53736433898,5.81879122049,5.45310932573,5.72218227386,916628000
2018-04-02,5.65176333345,5.79778894365,5.37404256144,5.46175670624,922092000
2018-04-03,5.62853762343,5.69154343235,5.46916935152,5.56800222397,667432000
2018-04-04,5.31252006761,5.60037137223,5.28756477954,5.5899939537,789168000
2018-04-05,5.64830464775,5.66139989246,5.39850438369,5.46991109848,701240000
2018-04-06,5.36737042777,5.47534549554,5.26458406734,5.29373979568,662988000
2018-04-09,5.35674835816,5.48449005211,5.30238990977,5.32240390778,499524000
2018-04-10,5.55243721327,5.65818838444,5.49536094111,5.63125658035,761676000
2018-04-11,5.61643186479,5.65769459216,5.55737907511,5.5899939537,460244000
2018-04-12,5.68289638706,5.81434414952,5.63866841709,5.79655408859,593920000
2018-04-13,5.86005293019,5.86845382965,5.67177636005,5.71995735168,503036000
2018-04-16,5.72663053653,5.75306844808,5.62557370619,5.71971225739,350792000
2018-04-17,5.77184568367,5.89044513631,5.71625204297,5.86919593811,447224000
2018-04-18,5.81879058836,5.91144649245,5.75133738426,5.84028673172,391364000
2018-04-19,5.72613470697,5.75949088912,5.60382917699,5.65917539597,471996000
2018-04-20,5.65052902314,5.73478404954,5.61989113162,5.65102338791,386200000
2018-04-23,5.66881138372,5.71995714737,5.5057370465,5.53168058395,427508000
2018-04-24,5.55737775465,5.65324537989,5.40023341977,5.46546316147,414596000
2018-04-25,5.43581410139,5.47485336368,5.19614428566,5.35328865051,588492000
2018-04-26,5.51488015424,5.57294468023,5.44890909173,5.56479072571,375824000
2018-04-27,5.67054243726,5.69030901448,5.5499659863,5.59221696854,400848000
2018-04-30,5.6085239495,5.65818757087,5.53761160102,5.55688381195,327844000
2018-05-01,5.54872918317,5.61494717423,5.49017030854,5.61222934723,253788000
2018-05-02,5.60877267092,5.65324712293,5.56553295272,5.59172391891,268248000
2018-05-03,5.62359522006,5.78296347379,5.57837900346,5.75677251816,443144000
2018-05-04,5.72811255803,5.90996525569,5.710816862,5.9067530632,400660000
2018-05-07,6.01126857529,6.2015221601,6.00138505185,6.14444589615,687616000
2018-05-08,6.14469113902,6.18966040417,6.0957688426,6.18694257736,506616000
2018-05-09,6.20695790447,6.32209822084,6.17977868588,6.31987428665,596760000
2018-05-10,6.37275085282,6.43649798513,6.35496079103,6.42735624313,994080000
2018-05-11,6.245749829,6.41895467058,6.19040360425,6.28898906708,1214456000
2018-05-14,6.32703903626,6.38683311969,6.28577632114,6.3094959259,523140000
2018-05-15,6.24599561975,6.24871391816,5.96703967089,6.06735515594,963528000
2018-05-16,6.02881042991,6.1404915911,5.99199511106,6.0784740448,553828000
2018-05-17,6.08020606384,6.21412473255,6.0641455695,6.12048053741,519784000
2018-05-18,6.17236618664,6.23561894339,6.07180327173,6.07674503326,483716000
2018-05-21,6.17409616413,6.17780224988,5.9420854876,6.03474140167,640624000
2018-05-22,6.04808442225,6.07328665517,5.93615581882,5.99669122696,518264000
2018-05-23,5.94056864489,6.1212978379,5.939826875,6.12006139755,442956000
2018-05-24,6.1163534806,6.16604782315,6.06319785933,6.12377023697,437372000
2018-05-25,6.13637743306,6.17939630396,6.10077578774,6.16307878494,292112000
2018-05-29,6.14503249672,6.21401144233,6.099294104,6.14602136612,352684000
2018-05-30,6.1796444124,6.26345685234,6.15492079657,6.25480365753,390996000
2018-05-31,6.22291045618,6.3094428768,6.21227952289,6.23502492905,493868000
2018-06-01,6.27977510182,6.37545539775,6.271121906,6.3692741394,421968000
2018-06-04,6.40339274467,6.57002924682,6.37125237034,6.54802560806,642024000
2018-06-05,6.55123910316,6.5910442743,6.50648958567,6.55346441269,391712000
2018-06-06,6.46347135688,6.55865698918,6.44715383339,6.55544281006,371356000
2018-06-07,6.55173416364,6.5636015387,6.40957370542,6.49981498718,369448000
2018-06-08,6.42712885785,6.52701175193,6.40833892245,6.48448753357,360456000
2018-06-11,6.47187576626,6.51341109829,6.43058753361,6.44344377518,265372000
2018-06-12,6.46989823931,6.50401634678,6.4197092399,6.49190187454,319160000
2018-06-13,6.49338667143,6.56829882861,6.47830511727,6.48745298386,338208000
2018-06-14,6.53245051991,6.65557348437,6.51761606419,6.59895658493,430016000
2018-06-15,6.54184326219,6.61304702725,6.51093886174,6.55816078186,432260000
2018-06-18,6.51415514466,6.5715138172,6.48695958413,6.55396032333,356268000
2018-06-19,6.45086008935,6.51810837149,6.30499176683,6.43231773376,594932000
2018-06-20,6.47336021072,6.53813562639,6.43503858005,6.48522758484,369780000
2018-06-21,6.51712084087,6.53541610083,6.34900080832,6.35666513443,359516000
2018-06-22,6.37743247919,6.39078339224,6.18903945775,6.20436763763,434160000
2018-06-25,6.09805628782,6.10176466483,5.82337797213,5.91188812256,665816000
2018-06-26,6.02512336642,6.07333416565,5.93142080497,5.98284578323,478884000
2018-06-27,6.02635864653,6.09261760047,5.82238939602,5.82782888412,453892000
2018-06-28,5.81794029639,5.96677622381,5.81027596903,5.95490884781,338012000
2018-06-29,6.01993183012,6.03254050448,5.85576724838,5.85700368881,392300000
2018-07-02,5.78752969846,5.99273492409,5.76700912874,5.98902654648,357572000
2018-07-03,6.02363982009,6.0295735077,5.84711367484,5.85551977158,222732000
2018-07-05,5.91065269562,6.00608541766,5.87183686536,6.00114107132,306216000
2018-07-06,5.97666368323,6.12327425896,5.95540134659,6.11486816406,296352000
2018-07-09,6.18904008566,6.19868215076,6.08371772478,6.16233825684,303880000
2018-07-10,6.17469901096,6.28323505647,6.13439964828,6.26123142242,360016000
2018-07-11,6.16851938552,6.20313216798,6.10918251333,6.11981391907,367508000
2018-07-12,6.16505777607,6.25925405352,6.15516814071,6.2112903595,345508000
2018-07-13,6.22983249257,6.22983249257,6.12203774279,6.16406774521,246988000
2018-07-16,6.13637733459,6.18928583874,6.12401576373,6.13637733459,197036000
2018-07-17,6.08717732056,6.28719058108,6.06171193907,6.27210903168,362136000
2018-07-18,6.26469379041,6.27853890321,6.17198057733,6.22291088104,277640000
2018-07-19,6.20412015883,6.26469299114,6.18903907928,6.23106861115,235752000
2018-07-20,6.22859763867,6.26741346975,6.1920066456,6.20288515091,222352000
2018-07-23,6.17643035563,6.17816099462,6.0147382161,6.16629362106,301584000
2018-07-24,6.21425737692,6.30078979915,6.13143333213,6.14898729324,354620000
2018-07-25,6.1583823609,6.23972286745,6.10052903113,6.22711372375,319112000
2018-07-26,6.20708831576,6.33738092461,6.19027612284,6.30054283142,325124000
2018-07-27,6.33713282405,6.34405537968,6.17692423246,6.2308216095,295420000
2018-07-30,6.24491440523,6.25084809181,6.00089290042,6.03575325012,340340000
2018-07-31,6.0253704924,6.12846754882,5.98655465908,6.05380249023,283988000
2018-08-01,6.08519941925,6.14033275621,6.02981851137,6.0936050415,283556000
2018-08-02,6.02240234698,6.20016443054,5.96356062303,6.19620895386,269668000
2018-08-03,6.22068553325,6.25653475526,6.20387381277,6.23280000687,214288000
2018-08-06,6.2201899388,6.28397647134,6.17370979326,6.28051519394,207508000
2018-08-07,6.32922211578,6.37125212463,6.30252075942,6.35270929337,258132000
2018-08-08,6.35394446352,6.43404851659,6.31908411747,6.38905143738,262100000
2018-08-09,6.40685420608,6.40957371463,6.3329309186,6.34059524536,204280000
2018-08-10,6.25876039848,6.33169481507,6.24763479352,6.29930686951,256396000
2018-08-13,6.30796060932,6.45284058569,6.30622996999,6.33218955994,375208000
2018-08-14,6.4375108733,6.47756314233,6.35443972754,6.46347045898,466220000
2018-08-15,6.48423737575,6.51810885448,6.32674876929,6.40536975861,591136000
2018-08-16,6.4750909943,6.47756340326,6.30474564802,6.36482381821,801260000
2018-08-17,6.25356812997,6.2543098998,6.02586412606,6.05281305313,1143188000
2018-08-20,6.0122670699,6.25999652143,5.90199988692,6.12747859955,854388000
2018-08-21,6.1437953545,6.26741296537,6.12401655562,6.26296281815,673988000
2018-08-22,6.23032743151,6.50278045348,6.22686615369,6.49783563614,749856000
2018-08-23,6.45926731798,6.66249479633,6.44542220581,6.59722471237,720684000
2018-08-24,6.60563193533,6.74482532211,6.60118178731,6.73023843765,531512000
2018-08-27,6.75990342326,6.89538837218,6.72850482996,6.82121801376,505776000
2018-08-28,6.81528751736,6.83803340009,6.6637320803,6.78364133835,475384000
2018-08-29,6.77597242611,6.91400529746,6.7551933958,6.8890209198,420108000
2018-08-30,6.85785095578,6.96892061367,6.83534034272,6.8721985817,346608000
2018-08-31,6.85216299209,6.95605862025,6.84226794568,6.94319534302,306592000
2018-09-04,6.93008359117,7.05550041236,6.90163604363,7.01790046692,391720000
2018-09-05,7.00033705931,7.03571095062,6.80639850766,6.8872885704,393156000
2018-09-06,6.87096296321,6.87343672489,6.71338816561,6.74628829956,322796000
2018-09-07,6.6542650092,6.85043006665,6.60949101815,6.72501325607,295420000
2018-09-10,6.74752466121,6.8256937288,6.70374007511,6.79600906372,220140000
2018-09-11,6.74975153017,6.83732071294,6.72897249802,6.7482676506,243112000
2018-09-12,6.70843942322,6.72798180671,6.47912699388,6.63447570801,419092000
2018-09-13,6.70027718404,6.80268845717,6.68296132527,6.71215105057,305536000
2018-09-14,6.80244068459,6.90410977404,6.76558244307,6.83806180954,386936000
2018-09-17,6.81258266188,6.8615620014,6.75692421428,6.77621889114,205528000
2018-09-18,6.78017664882,6.8828351385,6.69755501049,6.70423364639,299520000
2018-09-19,6.68568181078,6.74579284265,6.63571305879,6.72798204422,224860000
2018-09-20,6.60602921894,6.64832945765,6.53305490217,6.58698177338,430584000
2018-09-21,6.59885342094,6.64436958165,6.48382613877,6.51697349548,435128000
2018-09-24,6.48605350819,6.57609643791,6.39897928076,6.57263326645,293912000
2018-09-25,6.63868143866,6.6646552254,6.55309108787,6.63967084885,280388000
2018-09-26,6.6446180534,6.68493946548,6.58698078431,6.60281229019,268548000
2018-09-27,6.63793832291,6.6592122903,6.58326976119,6.61468553543,214428000
2018-09-28,6.74653461341,6.97386774505,6.71858153677,6.9516043663,709396000
2018-10-01,7.02927949435,7.22470192387,6.99068966635,7.15791225433,622060000
2018-10-02,7.13045307025,7.24201671891,7.06440511418,7.08666849136,383964000
2018-10-03,7.15692462407,7.16434591049,6.98896027947,7.09285593033,320552000
2018-10-04,7.05673660149,7.08097879877,6.83187677486,6.90880918503,391220000
2018-10-05,6.88407240917,6.94616225659,6.61814898518,6.67553901672,426636000
2018-10-08,6.59242317266,6.70769771776,6.43361127603,6.57436513901,408612000
2018-10-09,6.55383485351,6.64833039073,6.50089785699,6.56867742538,273500000
2018-10-10,6.46279941656,6.50856328368,6.07541734504,6.07764387131,684940000
2018-10-11,5.99057093292,6.12390398963,5.79490125622,5.81642246246,725436000
2018-10-12,6.07319164135,6.17288189555,5.92823245831,6.09867048264,608236000
2018-10-15,6.08531408934,6.08531408934,5.82161715333,5.82260656357,449760000
2018-10-16,5.93516041419,6.09224073831,5.88593383189,6.08110904694,408712000
2018-10-17,6.14319768462,6.18129303978,5.96360677886,6.01258611679,329668000
2018-10-18,6.0818496973,6.12019181322,5.86490562316,5.92526388168,524020000
2018-10-19,5.98042880486,5.99997071775,5.6326258799,5.66898918152,613608000
2018-10-22,5.72118421075,5.82112171309,5.61704136142,5.71969985962,368844000
2018-10-23,5.4527880755,5.54579972498,5.36076630818,5.46837282181,626436000
2018-10-24,5.43002983031,5.47653541578,4.91896238749,4.93281507492,884288000
2018-10-25,4.83535208356,5.18859708422,4.79107254626,5.14134931564,951720000
2018-10-26,4.90560244406,5.06713529153,4.77721742402,4.90510797501,664784000
2018-10-29,5.0461100483,5.04957321964,4.35396741911,4.59169054031,758016000
2018-10-30,4.6146962154,5.03151531871,4.59169066014,5.02162027359,807192000
2018-10-31,5.18612275335,5.25884983767,5.04660551843,5.21531248093,745772000
2018-11-01,5.25167695584,5.40479967831,5.12527067702,5.39539957047,566528000
2018-11-02,5.38599701258,5.49162420659,5.19997423318,5.31648588181,452960000
2018-11-05,5.30337630519,5.32662957162,5.07802193804,5.23856544495,379332000
2018-11-06,5.23064753126,5.31475350999,5.18389425489,5.22100019455,299012000
2018-11-07,5.28754427734,5.37808168509,5.22397006831,5.28853368759,483812000
2018-11-08,5.22941143167,5.23015360722,5.04215199891,5.09558439255,511352000
2018-11-09,5.00677976438,5.17796004153,4.97313744959,5.0876698494,413240000
2018-11-12,4.99638838217,5.01840452604,4.66689075866,4.68865966797,617116000
2018-11-13,4.78637283305,5.05155370602,4.78018819206,4.93034219742,644712000
2018-11-14,5.10325303745,5.11760066563,4.77004542667,4.87789869308,526580000
2018-11-15,4.87196015023,5.07851468796,4.83609132753,5.00652980804,840708000
2018-11-16,4.04005485073,4.22162459766,3.99775414395,4.06751298904,1963520000
2018-11-19,4.00220740015,4.00294910397,3.57771949824,3.57945108414,1697820000
2018-11-20,3.3162494232,3.81593778077,3.29769668027,3.68779993057,1692032000
2018-11-21,3.82484227073,3.84166342345,3.55248741837,3.57969808578,1025496000
2018-11-23,3.54506609794,3.70041457309,3.53220282286,3.58687162399,411968000
2018-11-26,3.70783572394,3.79639429524,3.62546131947,3.78600478172,814832000
2018-11-27,3.76003122872,3.88396393856,3.72416263199,3.80282640457,738060000
2018-11-28,3.92032733282,3.96485409552,3.78798416135,3.959659338,804524000
2018-11-29,3.9618872085,3.99902980662,3.86630675894,3.89651608467,549172000
2018-11-30,3.90617343522,4.05746803206,3.85590696963,4.04682064056,729564000
2018-12-03,4.27388579444,4.32539037243,4.14363851334,4.21049547195,890804000
2018-12-04,4.16592533178,4.17087780542,3.87522183543,3.89032673836,812112000
2018-12-06,3.74992720743,3.92449788795,3.7343273406,3.91954565048,692308000
2018-12-07,3.92375441765,3.93390684545,3.60581307115,3.65508890152,681676000
2018-12-10,3.61026991189,3.78508827646,3.6065555574,3.7603263855,629472000
2018-12-11,3.85194483269,3.86011622329,3.59046033367,3.66945052147,671912000
2018-12-12,3.67514623759,3.78310764994,3.58600384553,3.68703198433,654136000
2018-12-13,3.73383181814,3.79796483461,3.65087978139,3.68678426743,471384000
2018-12-14,3.64518396674,3.72887891199,3.60284141216,3.62636518478,471820000
2018-12-17,3.59640420294,3.66846090207,3.49735685218,3.55529952049,662868000
2018-12-18,3.59912789638,3.7224417067,3.5718899991,3.63849925995,564372000
2018-12-19,3.60482225002,3.65830786854,3.37825182074,3.42975640297,745364000
2018-12-20,3.42133828138,3.51122360193,3.28564352319,3.34531950951,749588000
2018-12-21,3.37181376484,3.40474704703,3.18090033491,3.20838594437,863740000
2018-12-24,3.13211976677,3.21853843325,3.08284370159,3.14672923088,463840000
2018-12-26,3.19278673153,3.29678631779,3.081853871,3.29579591751,695100000
2018-12-27,3.24354859092,3.2779674822,3.09968243329,3.24800562859,637044000
2018-12-28,3.26855742776,3.40202365123,3.22671006859,3.30941438675,628728000
2018-12-31,3.35274713328,3.38518497801,3.27499506255,3.30569982529,465140000
2019-01-02,3.23488115257,3.42901350076,3.22027168874,3.37305188179,508752000
2019-01-03,3.31288106504,3.34680475095,3.16183417394,3.16926264763,705552000
2019-01-04,3.24230940403,3.41044196756,3.21160487835,3.3723089695,585620000
2019-01-07,3.42950928721,3.58773716915,3.37825218145,3.55084204674,709160000
2019-01-08,3.63230831166,3.63453706632,3.38989027027,3.46244239807,786016000
2019-01-09,3.5136991472,3.57783239882,3.46318519665,3.53053736687,617260000
2019-01-10,3.51122351405,3.60482295143,3.45080461095,3.59615635872,523156000
2019-01-11,3.57387039553,3.7080795385,3.54613730123,3.68529868126,874764000
2019-01-14,3.63305176154,3.75042270346,3.6095279823,3.72516560555,730168000
2019-01-15,3.75785010118,3.79722145536,3.69272669243,3.71105051041,617012000
2019-01-16,3.73828862403,3.77122167135,3.68009848453,3.68554592133,470104000
2019-01-17,3.65261342776,3.79672705724,3.62537529506,3.75686049461,493436000
2019-01-18,3.806631346,3.91186903759,3.75512675941,3.88586902618,651336000
2019-01-22,3.85566005431,3.86729808377,3.65360376214,3.68381309509,661552000
2019-01-23,3.73903192625,3.82767912189,3.66548939663,3.69668912888,591020000
2019-01-24,3.78112704215,3.92598334808,3.77642228684,3.90840268135,708972000
2019-01-25,3.84897438161,3.98367850186,3.74646063197,3.96560239792,1154572000
2019-01-28,3.38122312721,3.50726062351,3.24379532204,3.41737532616,2511528000
2019-01-29,3.37131885282,3.4196045211,3.24404322199,3.25865268707,1153932000
2019-01-30,3.3346709175,3.41638482169,3.2551855314,3.40202307701,974228000
2019-01-31,3.39880353639,3.5951646022,3.3770130857,3.55950760841,842852000
2019-02-01,3.57808036439,3.634784914,3.53053784405,3.58377552032,625048000
2019-02-04,3.59962238247,3.7311075595,3.57758444532,3.69396495819,528592000
2019-02-05,3.70585053916,3.74967893235,3.67217457369,3.71303153038,542424000
2019-02-06,3.74621235162,3.85293587681,3.74076491475,3.78855514526,702464000
2019-02-07,3.74225101939,3.74447953806,3.6075469012,3.65038466454,637120000
2019-02-08,3.58328004618,3.67960343409,3.56891829837,3.66895604134,461604000
2019-02-11,3.62487934854,3.67910764848,3.57807952138,3.62636518478,495180000
2019-02-12,3.66474700873,3.75884189148,3.65038502273,3.74324178696,591060000
2019-02-13,3.77270758812,3.85863105808,3.75908852354,3.78558373451,605372000
2019-02-14,3.78459321633,3.85466910115,3.74150750556,3.82644057274,827264000
2019-02-15,4.03493452758,4.0577151448,3.87324003592,3.89602088928,1516748000
2019-02-19,3.88537412737,3.95916437627,3.86630762404,3.87868833542,551892000
2019-02-20,3.90790732559,3.99308788689,3.89676473241,3.92598342896,540988000
2019-02-21,3.93861174449,3.96312568345,3.8425358444,3.85714530945,448548000
2019-02-22,3.90889735011,3.96064941533,3.89527828614,3.94183039665,401740000
2019-02-25,4.02527846331,4.09263040275,3.92078344488,3.92945027351,656020000
2019-02-26,3.92474586908,3.98070750228,3.85665076915,3.89007925987,488464000
2019-02-27,3.87571716804,3.90221214566,3.79127928938,3.84823155403,500256000
2019-02-28,3.84203431082,3.86434293497,3.80138321877,3.82369160652,324944000
2019-03-01,3.87351478858,3.92011488605,3.81526466675,3.87797665596,357188000
2019-03-04,3.91639678807,3.93920112541,3.82964106951,3.88615632057,409992000
2019-03-05,3.87053968075,3.91788345474,3.81625548793,3.87971115112,362924000
2019-03-06,3.87078753726,3.87921508714,3.76618507462,3.76891160011,403524000
2019-03-07,3.74536386312,3.75503104436,3.65365081003,3.6997551918,450104000
2019-03-08,3.61052047318,3.74461994457,3.58920327157,3.73396134377,422416000
2019-03-11,3.75750883041,4.01703174097,3.71041280391,3.99422764778,859728000
2019-03-12,4.02199028534,4.07478711146,3.94589317732,4.02843523026,579576000
2019-03-13,4.06586373347,4.20888647485,4.05842736788,4.1796374321,768900000
2019-03-14,4.1888080067,4.20070599998,4.09610332122,4.10378742218,519384000
2019-03-15,4.14691854538,4.25176899277,4.14344833569,4.20913505554,661484000
2019-03-18,4.24061391646,4.29440262976,4.16079863517,4.18781709671,486992000
2019-03-19,4.2822560343,4.39974813059,4.26540093728,4.35537862778,854972000
2019-03-20,4.38438074981,4.43767352146,4.28820583472,4.32290840149,719148000
2019-03-21,4.34596029357,4.58565340174,4.34100271696,4.55937862396,824312000
2019-03-22,4.53211317435,4.58069610424,4.38586796507,4.39974880219,747644000
2019-03-25,4.35909760376,4.42329647382,4.24135775544,4.30753993988,525212000
2019-03-26,4.44907493368,4.50509422286,4.3278648863,4.38413238525,703508000
2019-03-27,4.40966346102,4.45601533427,4.30555672158,4.37496089935,474372000
2019-03-28,4.40098819629,4.45923854612,4.34050726769,4.39355230331,480264000
2019-03-29,4.4602301171,4.47510284912,4.40991207817,4.45081090927,456896000
2019-04-01,4.54252381057,4.54847280832,4.47088857343,4.51823234558,483824000
2019-04-02,4.5422770925,4.5804494032,4.49939494084,4.53607988358,440920000
2019-04-03,4.58565360214,4.73437759731,4.58069602532,4.67538356781,783504000
2019-04-04,4.66001604554,4.70884719154,4.603749006,4.66646099091,457376000
2019-04-05,4.70959077756,4.7504900823,4.67315357619,4.73313856125,481744000
2019-04-08,4.70265161569,4.77899672128,4.67860787871,4.75396156311,424192000
2019-04-09,4.72049650298,4.73165081383,4.64910900811,4.69124746323,439972000
2019-04-10,4.69050318004,4.78742128349,4.68604155083,4.76164245605,444772000
2019-04-11,4.76412326296,4.79560336332,4.69843700896,4.74776363373,374600000
2019-04-12,4.78643121055,4.79039736695,4.70116286644,4.70983839035,471708000
2019-04-15,4.70215409755,4.70711167466,4.53855783507,4.57821750641,440092000
2019-04-16,4.61738196353,4.68405963016,4.58466270919,4.66522121429,394964000
2019-04-17,4.70017135759,4.72099261458,4.62010832933,4.64241695404,351004000
2019-04-18,4.64910984302,4.68306825565,4.59011580615,4.61787748337,380988000
2019-04-22,4.59432917131,4.68728161013,4.56284955102,4.67166566849,279936000
2019-04-23,4.68480341712,4.75743055644,4.67513647194,4.72619819641,346856000
2019-04-24,4.73660787988,4.77924228143,4.67587922235,4.73859119415,318204000
2019-04-25,4.69843746664,4.72074609712,4.55343184135,4.63299894333,499296000
2019-04-26,4.47931595439,4.48377805735,4.29564212376,4.41437339783,868988000
2019-04-29,4.42230574792,4.47287199895,4.35017455456,4.44511032104,391920000
2019-04-30,4.41288694055,4.51203613691,4.39380078526,4.48650550842,362920000
2019-05-01,4.53880474681,4.58094319465,4.4731180508,4.47336626053,354280000
2019-05-02,4.48303472199,4.58243164263,4.43990483894,4.54078912735,394684000
2019-05-03,4.54921773557,4.55913241933,4.47485547985,4.53632831573,336824000
2019-05-06,4.35017452258,4.47014544026,4.3129936367,4.45799970627,422176000
2019-05-07,4.4096653967,4.4096653967,4.24284661426,4.29093408585,555220000
2019-05-08,4.26341932206,4.39107387155,4.25152132499,4.31101083755,419168000
2019-05-09,4.24210083942,4.25176778183,4.09982180986,4.21855258942,660248000
2019-05-10,4.18781662607,4.25325511696,4.06511921924,4.18459415436,569500000
2019-05-13,4.052726783,4.07577909197,3.91168687626,3.92755079269,656912000
2019-05-14,3.96721010061,4.05173523077,3.92854208627,4.01653718948,524880000
2019-05-15,3.96101349716,3.99199764618,3.9017719612,3.95556044579,502320000
2019-05-16,3.95010695393,4.01331464303,3.90772075752,3.97068023682,781088000
2019-05-17,3.92879000945,4.05793191393,3.84054717034,3.87995886803,1022068000
2019-05-20,3.78130515891,3.83633303178,3.73668791358,3.76147532463,572064000
2019-05-21,3.82220533855,3.8593862296,3.78353707949,3.84352231026,361848000
2019-05-22,3.80485351898,3.83088009018,3.76172340096,3.77262997627,325868000
2019-05-23,3.71041389915,3.71041389915,3.59193058701,3.65166807175,591844000
2019-05-24,3.67050631558,3.70570435978,3.59118696578,3.59787964821,357584000
2019-05-28,3.61547854436,3.64819779864,3.55078348328,3.55276656151,428356000
2019-05-29,3.50517499966,3.5401250711,3.4439503813,3.47865271568,559800000
2019-05-30,3.48187898665,3.51761348563,3.41388415966,3.45210027695,394300000
2019-05-31,3.40321223338,3.47046250468,3.35978487441,3.3615219593,389720000
2019-06-03,3.37268916853,3.4114015509,3.29054966169,3.31983208656,478644000
2019-06-04,3.38385728322,3.55384435519,3.36177144768,3.5486330986,641836000
2019-06-05,3.62233467577,3.62779418768,3.4697187288,3.50594949722,511616000
2019-06-06,3.51016877849,3.59255656358,3.50768716024,3.56798911095,408140000
2019-06-07,3.57394423791,3.64491670793,3.55483606497,3.61067128181,348856000
2019-06-10,3.66675476278,3.7518724125,3.66675476278,3.68338131905,402780000
2019-06-11,3.74318704552,3.78090688402,3.70149699664,3.74095368385,383872000
2019-06-12,3.6975258641,3.70372990871,3.61290473087,3.62804222107,358892000
2019-06-13,3.65012809383,3.69752590657,3.63250898558,3.67916250229,308080000
2019-06-14,3.58610475859,3.6104239565,3.54466272488,3.58933067322,394428000
2019-06-17,3.58759254549,3.63598314406,3.56476218327,3.59900784492,276040000
2019-06-18,3.66030236335,3.84914907017,3.64938357669,3.79381036758,581920000
2019-06-19,3.82904872972,3.84046379303,3.77370978833,3.79976630211,331644000
2019-06-20,3.89034271703,3.90423939635,3.80969204169,3.82408499718,350168000
2019-06-21,3.80919582375,3.85833071496,3.75956441971,3.76601648331,434428000
2019-06-24,3.78735850648,3.81788174346,3.74020871386,3.78835105896,282948000
2019-06-25,3.79331487332,3.86825804004,3.75633956627,3.75906920433,311868000
2019-06-26,3.88637338338,4.01318132846,3.8734692527,3.95213460922,584072000
2019-06-27,4.03774742319,4.06975948453,4.00176467917,4.05065155029,445440000
2019-06-28,4.09457504324,4.10375698041,4.02881383795,4.07546710968,397668000
2019-07-01,4.28242927556,4.31667493425,4.08613773408,4.12360954285,709756000
2019-07-02,4.10698343243,4.12807694792,4.01268431887,4.02583646774,400228000
2019-07-03,4.04916219007,4.05486995727,3.97893426539,4.03873968124,246636000
2019-07-05,3.98042452922,3.98489125244,3.91292574796,3.97620582581,396552000
2019-07-08,3.91664803089,3.93550794897,3.87123555759,3.90126228333,329788000
2019-07-09,3.85907580416,3.93178560357,3.84641993079,3.90374398232,342860000
2019-07-10,3.94717106531,4.02931058134,3.93327438392,3.97198677063,452076000
2019-07-11,4.04494492106,4.16703788669,4.00772159446,4.12634038925,682560000
2019-07-12,4.15413246484,4.2303166531,4.15413246484,4.15934371948,506392000
2019-07-15,4.18043700061,4.19656680313,4.12261668996,4.15090608597,289840000
2019-07-16,4.1360199614,4.17324330233,4.09060722988,4.14619445801,341444000
2019-07-17,4.14792916347,4.21840559287,4.11864673671,4.2114572525,348204000
2019-07-18,4.22188011707,4.28590425103,4.16530036367,4.22312068939,442192000
2019-07-19,4.2613366292,4.26778845661,4.17398538951,4.17994117737,344896000
2019-07-22,4.20128303322,4.26431461344,4.19383817949,4.25141048431,315940000
2019-07-23,4.29061949794,4.36109546043,4.27498525738,4.35911035538,428176000
2019-07-24,4.40228902535,4.4392643248,4.32635332161,4.4335565567,366236000
2019-07-25,4.39211270867,4.4047688118,4.27920175242,4.30252838135,392700000
2019-07-26,4.32957888575,4.39112138769,4.32957888575,4.34446811676,274160000
2019-07-29,4.33727238973,4.35439522088,4.25016964199,4.33826494217,248160000
2019-07-30,4.2918599741,4.36605859855,4.27746677951,4.35389900208,197772000
2019-07-31,4.32238325372,4.3233762796,4.1447035646,4.18689012527,359416000
2019-08-01,4.19731292516,4.28764184142,4.04047824915,4.09259128571,421212000
2019-08-02,4.00002765656,4.06926350841,3.95263008653,4.00002765656,428348000
2019-08-05,3.8166413661,3.81788217517,3.69504491734,3.74194645882,589156000
2019-08-06,3.81664123527,3.86205370964,3.73301264755,3.78065848351,361272000
2019-08-07,3.71986049413,3.83078641403,3.70248964,3.81887483597,372560000
2019-08-08,3.87644635505,3.92855914343,3.81912231149,3.92731833458,309300000
2019-08-09,3.8863736938,3.8898478649,3.77569602155,3.8260717392,341816000
2019-08-12,3.77395791199,3.82607070104,3.73648633622,3.75832414627,279200000
2019-08-13,3.75683521729,3.91838484556,3.71787481147,3.8724758625,351956000
2019-08-14,3.78438083853,3.79554788289,3.68040350543,3.72407889366,419880000
2019-08-15,3.74293823323,3.76279070087,3.65757257503,3.69181799889,477200000
2019-08-16,3.95436797343,4.0087138943,3.89307323799,3.95957922935,1007960000
2019-08-19,4.07273879708,4.25389266855,4.05660851519,4.23801040649,815112000
2019-08-20,4.23255052653,4.23304703944,4.14470324139,4.16579675674,463188000
2019-08-21,4.23180802621,4.30426959926,4.2102184609,4.24917888641,427244000
2019-08-22,4.25885575491,4.30129033665,4.21617268004,4.25538158417,303488000
2019-08-23,4.17894903284,4.23329518819,4.01119535069,4.03104782104,568056000
2019-08-26,4.10971409204,4.13378526822,4.06752752876,4.1057434082,318208000
2019-08-27,4.14395909147,4.1466887294,3.98588385157,4.01516628265,290968000
2019-08-28,3.98883462788,4.05739326568,3.94958692439,4.00473213196,255612000
2019-08-29,4.09614509009,4.18060172896,4.0926674805,4.14830970764,357976000
2019-08-30,4.19451213564,4.2441926783,4.1428445229,4.16097784042,290616000
2019-09-03,4.08819655357,4.12123384639,4.05515926076,4.07801198959,296140000
2019-09-04,4.13862115757,4.19947979148,4.13862115757,4.19202756882,227728000
2019-09-05,4.29412202896,4.47098408194,4.29238322396,4.46477413177,695676000
2019-09-06,4.44142376263,4.49830779484,4.39969244416,4.43769788742,376976000
2019-09-09,4.46874718964,4.57009533329,4.46725665035,4.48365116119,417524000
2019-09-10,4.45086087447,4.57680051169,4.4411733194,4.55022192001,352812000
2019-09-11,4.56488022408,4.62698067604,4.53581706852,4.57879066467,361512000
2019-09-12,4.62524085351,4.67988906866,4.56935036428,4.57729911804,327840000
2019-09-13,4.51072755396,4.54773945703,4.47570272088,4.51942157745,324592000
2019-09-16,4.44440477773,4.5109763688,4.43397194827,4.47644853592,231832000
2019-09-17,4.48315560798,4.50203419717,4.43670440483,4.49781131744,223048000
2019-09-18,4.49085545684,4.50650469922,4.38429089144,4.47073459625,258152000
2019-09-19,4.47669631313,4.49507836914,4.38453918911,4.39522075653,245476000
2019-09-20,4.39422648842,4.41782448088,4.27946492217,4.2896490097,350244000
2019-09-23,4.28989664053,4.38851193711,4.28617029358,4.34305429459,249712000
2019-09-24,4.37435503901,4.40391471886,4.25015416202,4.28567552567,317268000
2019-09-25,4.28517829279,4.44688806858,4.24046590365,4.42726421356,308432000
2019-09-26,4.41757746281,4.42627148742,4.35423474203,4.40515708923,234564000
2019-09-27,4.36342516509,4.41409923992,4.20593826126,4.26654863358,362056000
2019-09-30,4.29238208605,4.33411339496,4.26108313057,4.32392883301,186184000
2019-10-01,4.34703103366,4.49607219243,4.3174713515,4.32219076157,366008000
2019-10-02,4.30033168233,4.31225505115,4.2260596032,4.29834461212,293372000
2019-10-03,4.30281432807,4.50998125276,4.27250938542,4.50377130508,450588000
2019-10-04,4.50600722182,4.54947780876,4.44092618473,4.52016639709,265524000
2019-10-07,4.58500061511,4.67839955842,4.57630658974,4.57879066467,480984000
2019-10-08,4.48712826601,4.48712826601,4.38429006842,4.40242338181,444436000
2019-10-09,4.47917972568,4.53829955126,4.45036531938,4.48886728287,292412000
2019-10-10,4.48663271337,4.59741968746,4.48141629909,4.54649734497,309124000
2019-10-11,4.63045607605,4.70323758908,4.6115774946,4.62002325058,446404000
2019-10-14,4.61132970426,4.65430328874,4.58027948671,4.63343763351,200040000
2019-10-15,4.72360821794,4.95039905923,4.70969730575,4.87786531448,664124000
2019-10-16,4.84383354349,4.94865928924,4.81278332847,4.82420969009,428944000
2019-10-17,4.86867516636,4.91363582959,4.77179814633,4.82619857788,263436000
2019-10-18,4.82669430794,4.85923506582,4.65753277808,4.73180484772,307440000
2019-10-21,4.79315963066,4.88233613916,4.77428104625,4.86892223358,261868000
2019-10-22,4.92580621853,5.03088023225,4.85128589008,4.85898637772,328720000
2019-10-23,4.77701368828,4.86022803684,4.74521820377,4.84606933594,279916000
2019-10-24,4.88730376977,4.92357039902,4.85327294935,4.89003658295,232020000
2019-10-25,4.97051962028,5.10167572836,4.96281913107,5.08081007004,423092000
2019-10-28,5.12452757081,5.18911207859,5.09521615858,5.13669967651,330792000
2019-10-29,5.12278869238,5.12924737996,5.02119275975,5.04056787491,211236000
2019-10-30,5.06739560193,5.07310902032,4.97449321103,5.04255533218,205960000
2019-10-31,5.02168984352,5.04255550024,4.9136352114,4.9933719635,209732000
2019-11-01,4.95809897297,5.06466354179,4.93301043655,5.032371521,283640000
2019-11-04,5.11334971378,5.24127693514,5.09024872285,5.22885656357,376716000
2019-11-05,5.22860815246,5.25469022135,5.15880722967,5.2067489624,300868000
2019-11-06,5.18265556594,5.20824063838,5.0701292894,5.15756702423,269012000
2019-11-07,5.24400928273,5.25866498955,5.1304895027,5.17520189285,280340000
2019-11-08,5.15831004116,5.19283786332,5.12080114076,5.1612906456,189100000
2019-11-11,5.16054636466,5.19432892374,5.07435092536,5.17122793198,243436000
2019-11-12,5.20948130194,5.26263944845,5.174456471,5.2067489624,283504000
2019-11-13,5.17545020262,5.20302281186,5.11459203956,5.18091535568,300188000
2019-11-14,5.18985760431,5.21345607346,5.12999297669,5.21122026443,518080000
2019-11-15,5.20898494747,5.26065256112,4.98393290968,5.07211589813,1053628000
2019-11-18,5.06466392661,5.29965180052,5.06168332126,5.27307319641,574588000
2019-11-19,5.24202157812,5.2656195706,5.10838142822,5.16650724411,414564000
2019-11-20,5.14365463296,5.3294589199,5.13098599733,5.24574756622,472588000
2019-11-21,5.24127681277,5.29691855999,5.19929676328,5.22090768814,288388000
2019-11-22,5.24351118425,5.28996236935,5.21494504623,5.23854351044,224100000
2019-11-25,5.3664703007,5.49986217537,5.35355340105,5.49489402771,506476000
2019-11-26,5.47725863087,5.48197851448,5.38385970535,5.39031839371,385244000
2019-11-27,5.43580980365,5.47011419013,5.39877058694,5.4251203537,215784000
2019-11-29,5.39429514123,5.42263343912,5.36396735903,5.38783168793,141556000
2019-12-02,5.38087202627,5.39429583153,5.18647861754,5.20164203644,372036000
2019-12-03,5.01818615205,5.16609407666,4.98089849176,5.16211700439,465232000
2019-12-04,5.24564085532,5.2680135448,5.17728007041,5.2058672905,273424000
2019-12-05,5.22774366808,5.24340445764,5.15838813327,5.18896436691,184884000
2019-12-06,5.25807136196,5.30704274457,5.24812773185,5.27422904968,232236000
2019-12-09,5.25135945905,5.32891806702,5.24265901977,5.27422904968,211880000
2019-12-10,5.30430843414,5.37092962449,5.25160842214,5.31922388077,256388000
2019-12-11,5.32966252923,5.40821538539,5.32717662234,5.40274620056,233796000
2019-12-12,5.37391150408,5.58819169124,5.36496261695,5.57004499435,404348000
2019-12-13,5.57302792094,5.6921001726,5.51411291631,5.56805610657,454704000
2019-12-16,5.61553594721,5.66923021585,5.58744562221,5.59689188004,320976000
2019-12-17,5.61553536528,5.6975683989,5.60608910843,5.67494726181,321196000
2019-12-18,5.70974902482,5.76568074655,5.70129703591,5.70527458191,343548000
2019-12-19,5.73982817849,5.86660659622,5.73485636427,5.85318279266,445360000
2019-12-20,5.91955659174,5.97573677952,5.90041562354,5.95038127899,603044000
2019-12-23,5.97896648918,6.01103388242,5.92601804677,5.93670701981,355060000
2019-12-24,5.92129499047,5.94888794235,5.88699013696,5.93173551559,138864000
2019-12-26,5.93521671269,5.97399601591,5.91632419517,5.94590616226,182852000
2019-12-27,5.96106889322,5.97449269723,5.86188342473,5.88823366165,254644000
2019-12-30,5.86635825956,5.87157852235,5.74380583417,5.77512741089,258056000
2019-12-31,5.73982795606,5.85865175092,5.72068699361,5.84920549393,231004000
2020-01-02,5.93496714661,5.96380281448,5.8845046093,5.96380281448,237536000
2020-01-03,5.84423533833,5.91209924403,5.81937673529,5.86834812164,205384000
2020-01-06,5.77512766888,5.89817699672,5.74902635378,5.8929567337,262636000
2020-01-07,5.92129533884,6.01004028179,5.8763015091,5.96430063248,314856000
2020-01-08,5.96007489142,6.01675243998,5.92005287436,5.97548723221,277108000
2020-01-09,6.06174645797,6.11345219352,5.98741958166,6.04111385345,255112000
2020-01-10,6.14825383051,6.17858114133,6.05926043427,6.0734295845,316296000
2020-01-13,6.15645691025,6.28895248951,6.13383529748,6.26384544373,319840000
2020-01-14,6.22108875174,6.24644472075,6.13383544762,6.14701080322,359088000
2020-01-15,6.15968906872,6.18206176218,6.07865028561,6.10450315475,263104000
2020-01-16,6.15794804514,6.19399298735,6.13458108706,6.18802690506,284192000
2020-01-17,6.20716875649,6.21462647895,6.14924848702,6.19672822952,253792000
2020-01-21,6.16018513599,6.19697589557,6.12936045836,6.16341686249,217916000
2020-01-22,6.20866005786,6.30386798619,6.18976754128,6.21736049652,239240000
2020-01-23,6.25738300126,6.29417329222,6.16863805255,6.28572130203,244516000
2020-01-24,6.4010638439,6.45078103429,6.17236562158,6.22655725479,373512000
2020-01-27,5.92229061013,6.02197346681,5.77289102351,5.97101354599,470536000
2020-01-28,6.03688685435,6.19647847808,5.98368948839,6.1641626358,310976000
2020-01-29,6.14974596224,6.18579091022,6.06398381193,6.10375785828,258848000
2020-01-30,6.00606312608,6.12389266935,5.95112613812,6.11046886444,290504000
2020-01-31,6.06472901765,6.07666118293,5.83553386657,5.87729597092,370420000
2020-02-03,5.85914940823,5.993634008,5.85293487696,5.97424459457,255564000
2020-02-04,6.11593742992,6.16242289711,6.0659717876,6.14328145981,271544000
2020-02-05,6.26409340141,6.27428547766,6.15024142345,6.23351764679,208220000
2020-02-06,6.26782327455,6.32027435303,6.18678449968,6.32027435303,218284000
2020-02-07,6.28025266064,6.30237690448,6.22879537345,6.2541513443,189752000
2020-02-10,6.27677059221,6.5377846252,6.27179877894,6.53703927994,529608000
2020-02-11,6.64517552281,6.77394248912,6.58327770993,6.65934467316,638556000
2020-02-12,6.71204459579,6.78140012989,6.67326529503,6.77493667603,374644000
2020-02-13,6.71701628633,6.79830351027,6.68967178044,6.73118543625,528016000
2020-02-14,7.14085376286,7.33251280448,7.10953218461,7.20374584198,1041924000
2020-02-18,7.10058185409,7.39068098257,7.08119244377,7.37228536606,620164000
2020-02-19,7.49459070573,7.84062114425,7.49459070573,7.82297134399,694332000
2020-02-20,7.77499450582,7.8632420824,7.36681781539,7.67382049561,810052000
2020-02-21,7.56170795683,7.58681500239,7.22537226199,7.31013965607,768180000
2020-02-24,6.71651884339,7.00686645663,6.66207875481,6.79333162308,856916000
2020-02-25,6.86840613336,6.93030396007,6.41250114907,6.51417255402,1055496000
2020-02-26,6.51441944459,6.84727498977,6.51292827951,6.65337848663,747732000
2020-02-27,6.34022246236,6.64119051009,6.19073353847,6.28301382065,906416000
2020-02-28,6.0307984008,6.7769996293,6.01413338046,6.71755218506,1133252000
2020-03-02,6.88743791062,6.90460060069,6.49195119637,6.87574720383,890744000
2020-03-03,6.93146085135,6.99115687113,6.52826352778,6.61357927322,652792000
2020-03-04,6.72078656583,7.08617643908,6.64616615033,7.07672452927,597408000
2020-03-05,6.87748745211,7.04413906807,6.75312058869,6.79764413834,540328000
2020-03-06,6.61830872491,6.67576645511,6.41733167943,6.61731386185,515412000
2020-03-09,5.96712169818,6.45215262669,5.92433975398,6.10492038727,614160000
2020-03-10,6.38101511919,6.49394035339,6.11860142528,6.49394035339,580648000
2020-03-11,6.35415204643,6.38250777268,6.03353436351,6.13054037094,499964000
2020-03-12,5.60794928364,5.87309937573,5.36767265378,5.38035821915,816540000
2020-03-13,5.73331161224,5.9949794768,5.46244091197,5.99050235748,634836000
2020-03-16,5.28335307356,5.62386990228,4.82543436593,4.88513040543,726972000
2020-03-17,4.99731031339,5.49353441702,4.75081532909,5.40423870087,833632000
2020-03-18,4.97716250244,5.22191633177,4.49412168988,5.0448179245,874268000
2020-03-19,5.0234259624,5.39080596038,4.81026155294,5.29728221893,765512000
2020-03-20,5.44726918222,5.72883578749,5.10227567767,5.11769723892,804636000
2020-03-23,5.11670047903,5.38458705171,4.93786099167,5.29031658173,643876000
2020-03-24,5.69600155902,6.28450576622,5.67237202863,6.19794607162,1101644000
2020-03-25,6.31286180038,6.51234626139,6.06064581567,6.10939788818,793432000
2020-03-26,6.31634489001,6.52229669799,6.21834401231,6.39842748642,696108000
2020-03-27,6.21834371534,6.54468246184,6.18551086811,6.28624820709,638828000
2020-03-30,6.35166391259,6.61532198962,6.30763803405,6.60611867905,602252000
2020-03-31,6.64616440879,6.85012644485,6.41111113411,6.55662059784,949960000
2020-04-01,6.35887879835,6.50513408812,6.00144831179,6.04597139359,656912000
2020-04-02,6.07507239087,6.36758339682,6.02706705945,6.35440063477,675764000
2020-04-03,6.31684117965,6.35837966304,5.92956299647,6.06686401367,663212000
2020-04-06,6.34867942554,6.71282576131,6.29122171307,6.67601299286,727884000
2020-04-07,6.89738621267,6.92101622063,6.39991875313,6.44294977188,784520000
2020-04-08,6.55189517316,6.66482040579,6.48200095991,6.63994693756,542444000
2020-04-09,6.7655576299,6.7884408977,6.47752373593,6.54045343399,525564000
2020-04-13,6.48075663119,6.72078468971,6.39245628152,6.71207904816,398408000
2020-04-14,6.84017787344,7.09687099152,6.81256841302,7.06279468536,530948000
2020-04-15,6.89489871406,7.06826624633,6.84962937328,6.98543787003,366148000
2020-04-16,7.14064767417,7.43713812777,7.12746491227,7.33018255234,745620000
2020-04-17,7.41226464838,7.43365585831,7.13716540522,7.27098417282,539120000
2020-04-20,7.14462687505,7.30033403123,7.09562621197,7.13990068436,449388000
2020-04-21,7.02200216355,7.08319025889,6.64392677966,6.70362281799,735160000
2020-04-22,6.89564502943,7.16029798528,6.85012709124,7.11751556396,483356000
2020-04-23,7.15955157806,7.29138014755,7.03916416773,7.06428623199,424160000
2020-04-24,7.05408844522,7.205069426,6.97946804462,7.20307970047,352328000
2020-04-27,7.33739615223,7.54906850647,7.31277128241,7.38938140869,479388000
2020-04-28,7.53663104307,7.5664792963,7.24163313953,7.24710512161,442904000
2020-04-29,7.38167085275,7.4764385321,7.30655325555,7.42370700836,379160000
2020-04-30,7.36973244971,7.42370791434,7.25606141445,7.26999044418,375916000
2020-05-01,7.07274249394,7.18591630634,6.98543700863,7.03369140625,342096000
2020-05-04,6.98643138555,7.25904366367,6.98643138555,7.24536323547,317556000
2020-05-05,7.34933499237,7.46872705676,7.24536401157,7.30630397797,368896000
2020-05-06,7.3856512888,7.51175928995,7.34784365329,7.40704202652,323464000
2020-05-07,7.54608472292,7.64632439883,7.49484572346,7.58314609528,373732000
2020-05-08,7.65478057299,7.77914744006,7.62095286485,7.77292919159,339216000
2020-05-11,7.76795413596,8.0714095848,7.73934981445,8.02464771271,469060000
2020-05-12,8.0823542128,8.13110581447,7.75327947826,7.76297998428,493060000
2020-05-13,7.8773982429,8.03758256132,7.55628286583,7.74059486389,625852000
2020-05-14,7.80203008648,7.99529627702,7.64856124986,7.98982429504,602312000
2020-05-15,7.84978903399,8.4574453557,7.83411887483,8.44774532318,987660000
2020-05-18,8.7161279309,8.87133792591,8.63653320764,8.70592975616,774460000
2020-05-19,8.7457284852,9.04147275215,8.71836761689,8.76090145111,717320000
2020-05-20,8.94545885471,8.99719550924,8.84372667394,8.92456531525,587536000
2020-05-21,9.00565317638,9.0066475647,8.69324350226,8.73080253601,761068000
2020-05-22,8.78055048269,9.04694508649,8.66911823961,8.98053264618,1038764000
2020-05-26,9.11037008128,9.13524402366,8.62807558239,8.67359352112,770780000
2020-05-27,8.58131623157,8.58902653923,7.95624806114,8.48207187653,1175892000
2020-05-28,8.36964036522,8.71612681825,8.33680752234,8.44401264191,734896000
2020-05-29,8.51117118789,8.83054542542,8.44202323493,8.83054542542,745256000
2020-06-01,8.78850611538,8.79596782126,8.64548407663,8.76164245605,389876000
2020-06-02,8.75169565423,8.79248739691,8.61414556773,8.7805480957,391320000
2020-06-03,8.77756676342,8.82134358248,8.65593539037,8.72508335114,365440000
2020-06-04,8.68775287624,8.90201032424,8.63748582687,8.7260761261,424280000
2020-06-05,8.75394990376,8.95551559161,8.66784857841,8.87887096405,481748000
2020-06-08,8.83631867595,8.84876085135,8.64570192882,8.76440238953,387736000
2020-06-09,8.75942363329,9.06774498971,8.71089849414,9.0042886734,468488000
2020-06-10,9.12547700727,9.45619461463,9.11129196352,9.32355880737,632180000
2020-06-11,9.10780770953,9.21854464451,8.745486794,8.75568962097,583652000
2020-06-12,9.12025355315,9.14488919183,8.66312063362,8.89131355286,570908000
2020-06-15,8.77460138341,9.13990869545,8.70343031066,9.13144779205,400004000
2020-06-16,9.18246395295,9.22402139835,8.79799445605,9.02668476105,535716000
2020-06-17,9.07172498942,9.25612009344,9.02842468118,9.19341087341,408304000
2020-06-18,9.18445251839,9.23969662612,9.07247109067,9.17549419403,254408000
2020-06-19,9.19988408113,9.40144976679,9.18470419227,9.21854686737,524160000
2020-06-22,9.25711666221,9.48730014808,9.23048944802,9.48282051086,398468000
2020-06-23,9.50695863003,9.59803699156,9.36412095157,9.4064245224,375108000
2020-06-24,9.43255421407,9.51243491378,9.10233401413,9.19291496277,449372000
2020-06-25,9.31261165713,9.4611735107,9.1399115875,9.44624233246,376072000
2020-06-26,9.45619577377,9.45619577377,9.08292488796,9.11278629303,592084000
2020-06-29,9.12746645296,9.16205619778,8.85895973794,9.15757656097,342248000
2020-06-30,9.27105277947,9.48232384041,9.22377214624,9.45395565033,367892000
2020-07-01,9.47685119699,9.53159790344,9.36959807794,9.48605823517,326648000
2020-07-02,9.5945526702,9.6925987185,9.53408279245,9.56792640686,364056000
2020-07-06,9.6968311349,9.86306092558,9.66771586062,9.79388141632,315892000
2020-07-07,9.90038852593,10.0235676579,9.80532887709,9.82623195648,357800000
2020-07-08,9.94766862,10.1778530899,9.91954913844,10.1688938141,365480000
2020-07-09,10.3323864988,10.5212612779,10.186312717,10.4605426788,494548000
2020-07-10,10.5399251648,10.6061182448,10.3308934368,10.4309301376,497676000
2020-07-13,10.54614719,10.7424870943,9.97877478928,10.0058994293,457076000
2020-07-14,10.0285436403,10.3547825789,9.74037829932,10.3291511536,542676000
2020-07-15,10.366228896,10.3848916779,10.0093815082,10.1800909042,403984000
2020-07-16,9.96881868428,10.159684052,9.84986956904,10.08801651,344964000
2020-07-17,10.1783504103,10.201244122,10.0412359009,10.154460907,266284000
2020-07-20,10.2268766816,10.4826916547,10.1099181564,10.4622859955,284852000
2020-07-21,10.4645222791,10.5113064349,10.2393158607,10.2808732986,277036000
2020-07-22,10.3196940468,10.5536100812,10.2440442827,10.3906154633,367292000
2020-07-23,10.401815037,10.4983678931,9.984996076,10.0830421448,411660000
2020-07-24,9.82946752381,10.3169592524,9.73191981568,10.1474943161,473292000
2020-07-27,10.1850700439,10.3936034166,10.1706362873,10.3734474182,292132000
2020-07-28,10.3264135597,10.3341273831,10.1621744314,10.1683950424,271636000
2020-07-29,10.3428377325,10.4677587732,10.2992896555,10.4172430038,284508000
2020-07-30,10.3271604285,10.5740170341,10.2477780984,10.5650587082,308880000
2020-07-31,10.514540684,10.7168543453,10.3848913112,10.5658035278,386080000
2020-08-03,10.6830119442,11.0475731839,10.6658414242,10.9594812393,412720000
2020-08-04,10.9990467534,11.1759767532,10.8557107088,11.1759767532,310336000
2020-08-05,11.1921526902,11.3193130617,11.1147610019,11.2347049713,249924000
2020-08-06,11.2974167859,11.3056289812,11.1272057239,11.2832326889,244316000
2020-08-07,11.2603374874,11.4517012635,10.9866059061,11.1478586197,342516000
2020-08-10,11.2819868615,11.3556450463,10.8064390495,11.1135168076,427796000
2020-08-11,11.0226890453,11.0853992313,10.7459710106,10.7999715805,354512000
2020-08-12,10.9400677732,11.4141212991,10.9077173773,11.3874950409,464412000
2020-08-13,11.4927606541,11.6677009958,11.3033884557,11.3902359009,374460000
2020-08-14,11.4768318185,11.650776326,11.387745051,11.5106754303,366436000
2020-08-17,11.7966019301,12.3525268973,11.7627592632,12.2801122665,621300000
2020-08-18,12.3925924035,12.4383807742,12.0305201617,12.2042150497,503448000
2020-08-19,12.2398014817,12.2582155561,12.0422161278,12.0825300217,622624000
2020-08-20,11.9197813398,12.3179364827,11.8239746355,12.0850152969,921388000
2020-08-21,12.1454852582,12.7496866173,12.1390149879,12.6250143051,999868000
2020-08-24,12.8243441548,12.8529620088,12.4498287437,12.6615982056,490564000
2020-08-25,12.5725093583,12.7024074637,12.5157720256,12.6912097931,289076000
2020-08-26,12.7402325466,12.8091633424,12.6192927656,12.7141036987,321244000
2020-08-27,12.7225628094,12.7907474639,12.5085540487,12.570019722,317604000
2020-08-28,12.6165540728,13.0873725814,12.5842036688,13.0871238708,537160000
2020-08-31,13.1219645535,13.5124059633,12.977633637,13.312830925,500840000
2020-09-01,13.4218571301,13.9333912813,13.378544809,13.7613868713,511316000
2020-09-02,14.6403296153,14.6632311261,13.8400463025,14.2846212387,874012000
2020-09-03,13.7691019094,13.8246113358,12.8231997481,12.9593601227,945128000
2020-09-04,12.7286068578,13.1181698081,11.6542616045,12.5680532455,1463684000
2020-09-08,11.6838858784,12.495868666,11.6537667574,11.8616161346,795728000
2020-09-09,12.346514415,12.7539994458,12.178990048,12.66015625,736200000
2020-09-10,12.933225528,13.0088979409,12.1145216554,12.2586479187,698684000
2020-09-11,12.4316484671,12.5979279883,11.8444418602,12.1120328903,636928000
2020-09-14,13.0245798953,13.2575698717,12.5767697917,12.8167295456,1201744000
2020-09-15,13.2227200778,13.2413893947,12.7724212057,12.934967041,727556000
2020-09-16,12.9013639657,13.0362794975,12.4597772504,12.4605236053,556384000
2020-09-17,12.0799199872,12.5354471154,11.9828406844,12.4097414017,792512000
2020-09-18,12.5394291993,12.5780117545,11.9370392102,12.1366739273,698460000
2020-09-21,11.8735634557,12.4684860754,11.8531516971,12.4632587433,721044000
2020-09-22,12.5207631971,12.5934482988,12.103073122,12.5832424164,646452000
2020-09-23,12.5212581987,12.6721054395,12.0271494491,12.0714569092,647012000
2020-09-24,12.020178956,12.5152837654,11.9621797811,12.2947387695,731240000
2020-09-25,12.393811062,12.8279303564,12.1929314575,12.8182220459,588016000
2020-09-28,12.9840052186,12.9954559744,12.6950072863,12.9787778854,573808000
2020-09-29,12.8816945583,13.3847651578,12.8774633159,13.1687011719,621460000
2020-09-30,13.1007480736,13.5637425429,13.0935295121,13.4721393585,689184000
2020-10-01,13.6986570002,13.7033858128,13.4026884055,13.5557756424,525004000
2020-10-02,13.1679572225,13.4611863607,12.9947069967,13.0059089661,552496000
2020-10-05,13.1789097869,13.5853987552,13.1657165881,13.583656311,479820000
2020-10-06,13.7703477102,14.0810022504,13.606059434,13.6772508621,784420000
2020-10-07,13.939367594,14.0583523362,13.8037047622,13.9037714005,418084000
2020-10-08,14.0142912905,14.0237508163,13.6986591422,13.7790603638,378900000
2020-10-09,13.7076223151,13.7646254153,13.6018307675,13.7033901215,346892000
2020-10-12,13.9291597704,14.2851178578,13.8524922252,14.164639473,434744000
2020-10-13,14.234836366,14.2866121246,13.9582843455,14.186794281,344604000
2020-10-14,14.2288598169,14.2808843535,13.8997857272,14.0344524384,276100000
2020-10-15,13.751182774,13.9453414144,13.7083680172,13.90974617,267224000
2020-10-16,13.9762060631,14.0605906913,13.7330092741,13.7519273758,242392000
2020-10-19,13.8430329856,13.9231854208,13.348923276,13.4395313263,298068000
2020-10-20,13.524912268,13.7402299677,13.4487422846,13.5866451263,229212000
2020-10-21,13.5662303723,13.7320122878,13.419366556,13.4664125443,219596000
2020-10-22,13.4641738601,13.5530385134,13.1746774416,13.3033704758,290480000
2020-10-23,13.3919880897,13.5346206959,13.2339232184,13.5316333771,233484000
2020-10-26,13.3690858969,13.6336895796,12.9822613859,13.0845680237,336896000
2020-10-27,13.2486090039,13.3840230462,13.1346028138,13.338968277,250520000
2020-10-28,13.1410766928,13.202809559,12.5546173134,12.5725393295,376520000
2020-10-29,12.7831248918,13.135846892,12.695006588,12.9678249359,320080000
2020-10-30,12.7945745369,12.8807006545,12.2469466594,12.4799375534,416820000
2020-11-02,12.6031549009,12.7813827419,12.3415385171,12.5264873505,299652000
2020-11-03,12.6536833037,13.0484726834,12.5483893602,12.963341713,272900000
2020-11-04,13.3314969759,13.7678571796,13.2794724407,13.734749794,410228000
2020-11-05,14.1014153394,14.2771534372,13.9306548402,14.0989255905,319028000
2020-11-06,14.0488896075,14.5258236075,13.8350665587,14.4991893768,383348000
2020-11-09,14.4897299305,14.6281303159,13.5520424414,13.5719556808,582976000
2020-11-10,13.5478132465,13.5478132465,12.5737830014,12.7149219513,644068000
2020-11-11,12.9974455191,13.3770514597,12.8924003501,13.360124588,404744000
2020-11-12,13.4208615944,13.7066233911,13.2585645502,13.3987073898,365812000
2020-11-13,13.5684732321,13.6097943271,13.0029232655,13.2396478653,346312000
2020-11-16,13.1156827907,13.5906255849,13.0992544386,13.4569549561,413776000
2020-11-17,13.4940432522,13.5376043537,13.246366461,13.3643550873,312028000
2020-11-18,13.4071702163,13.5470642646,13.128129424,13.3708276749,510924000
2020-11-19,13.1557597582,13.4293244334,13.0434960306,13.3822784424,565936000
2020-11-20,13.395968918,13.4362939166,13.0086459149,13.0312986374,341088000
2020-11-23,13.1144396438,13.3247778272,12.9593611567,13.0833244324,361356000
2020-11-24,13.0858120009,13.1052276707,12.829422987,12.9018592834,346500000
2020-11-25,12.9762875864,13.2122648555,12.9638416922,13.1776647568,259916000
2020-11-27,13.3173089225,13.3496690044,13.1136908054,13.2040491104,167276000
2020-11-30,13.2077849926,13.3546488252,12.9162973415,13.3436956406,286952000
2020-12-01,13.4340568168,13.4703993653,13.1711945904,13.3322477341,296948000
2020-12-02,13.292916688,13.6145234778,13.1771680599,13.4860801697,283360000
2020-12-03,13.5328883465,13.6050971803,13.2754281682,13.3421583176,199520000
2020-12-04,13.3944478363,13.5055004357,13.334938377,13.5037574768,202244000
2020-12-07,13.5465823929,13.6760599998,13.4457396495,13.5520601273,223244000
2020-12-08,13.5303989449,13.5440937567,13.2281186032,13.2963438034,271920000
2020-12-09,13.2470423765,13.3600858387,12.8165296584,12.8787784576,401300000
2020-12-10,12.8172789812,13.0162261181,12.7978566236,12.9201135635,207764000
2020-12-11,12.9151342938,12.9676728758,12.7714641203,12.9609498978,209264000
2020-12-14,13.0353978363,13.3349388606,13.0249400828,13.2552604675,270156000
2020-12-15,13.3857316994,13.4098842625,13.1337492669,13.3068008423,193016000
2020-12-16,13.3685545354,13.3832457338,13.1593984889,13.1892786026,223116000
2020-12-17,13.3130269396,13.3257263187,13.1255339529,13.2876300812,231384000
2020-12-18,13.3252268389,13.3511223625,13.0179674231,13.2186574936,342064000
2020-12-21,13.0222035793,13.3162669326,12.9153843957,13.2786684036,302332000
2020-12-22,13.2657196176,13.2836469255,13.0015354606,13.2248840332,185580000
2020-12-23,13.2027236354,13.2216473275,12.9527329528,12.9569654465,179144000
2020-12-24,12.9848524857,13.0797198024,12.8867490591,12.9415273666,97884000
2020-12-28,13.0100023204,13.0100023204,12.7119553441,12.8481550217,212564000
2020-12-29,12.8730525119,13.0199597234,12.7906347784,12.8912286758,170372000
2020-12-30,12.9380419845,13.1606439916,12.8449185729,13.0929174423,225396000
2020-12-31,13.0837035488,13.0981449376,12.8630933826,13.0025310516,192424000
2021-01-04,13.0515842248,13.5976310161,12.910403581,13.0607967377,560640000
2021-01-05,13.047099489,13.3894679005,13.0344010601,13.3508739471,322760000
2021-01-06,13.169359986,13.1917695988,12.5354186065,12.5638036728,580424000
2021-01-07,12.9153820946,13.3239839212,12.8347082646,13.2903690338,461480000
2021-01-08,13.3087955691,13.3670597933,12.9895833038,13.2233896255,292528000
2021-01-11,13.3648199406,13.904891272,13.3087963889,13.5667552948,518344000
2021-01-12,13.6972261409,13.699218908,13.2913646308,13.4305524826,291476000
2021-01-13,13.4357823823,13.5702400344,13.3312048416,13.4773645401,210028000
2021-01-14,13.5204387935,13.5450890745,13.1275245993,13.1471948624,283120000
2021-01-15,13.1748362104,13.2716953464,12.7968619874,12.8078174591,277780000
2021-01-19,12.9639348346,13.0413725475,12.7923773458,12.972899437,226188000
2021-01-20,13.0590519415,13.3765212267,13.0042736391,13.3120317459,258572000
2021-01-21,13.3645717275,13.9429881884,13.1997371745,13.8117675781,337780000
2021-01-22,13.6847783158,13.786119752,13.5724814081,13.6573886871,246820000
2021-01-25,13.7263578822,13.7729200522,13.183299421,13.5983743668,251112000
2021-01-26,13.5259178798,13.5899096432,13.3336937311,13.3812522888,163980000
2021-01-27,13.1768255678,13.1795649101,12.7423292084,12.8658313751,371272000
2021-01-28,12.9440162045,13.2861357615,12.9084095018,12.9985456467,228316000
2021-01-29,13.022450189,13.2811565947,12.8596074776,12.9375429153,271552000
2021-02-01,13.0007890403,13.2174146375,12.8508936064,13.1838006973,217204000
2021-02-02,13.3448990522,13.5174519865,13.2321034886,13.5022640228,220440000
2021-02-03,13.5811952507,13.8757572178,13.4621763233,13.4761199951,245408000
2021-02-04,13.4766183415,13.6185455505,13.2841453197,13.6093330383,201340000
2021-02-05,13.669838215,13.6820389278,13.4913079246,13.5363759995,169152000
2021-02-08,13.6720786222,14.4155783637,13.6720786222,14.3807191849,434624000
2021-02-09,14.2831119411,14.5246375983,14.1653373135,14.2059240341,287560000
2021-02-10,14.4051203953,14.8450945166,14.2838598467,14.7049102783,485352000
2021-02-11,14.9200420344,15.2108682514,14.8650139269,15.1894540787,450828000
2021-02-12,14.9895124212,15.2297928463,14.7156171095,14.9011192322,374756000
2021-02-16,15.0037041024,15.3107156166,14.8899131111,15.2686347961,321960000
2021-02-17,15.1100246275,15.1623143427,14.7205963301,14.8460903168,274756000
2021-02-18,14.6698040255,14.813474199,14.5164226726,14.769402504,233868000
2021-02-19,14.9641170615,15.1160043224,14.787081796,14.8665113449,271724000
2021-02-22,14.7153674737,15.0724270787,14.2674251501,14.2980518341,325884000
2021-02-23,14.018679913,14.1815235737,13.3356859995,14.0851621628,391780000
2021-02-24,14.0659882316,14.4484446869,13.7007115561,14.4407253265,448320000
2021-02-25,13.9890487482,14.3169757755,13.1631322488,13.2540149689,824436000
2021-02-26,13.697228301,13.7988185987,13.3073022178,13.6593818665,500932000
2021-03-01,13.8192356833,13.8690349208,13.4987791241,13.7861194611,353184000
2021-03-02,13.8441335227,13.8645513126,13.3421594598,13.3523683548,264116000
2021-03-03,13.3722894815,13.3974374834,12.747310913,12.7532873154,377592000
2021-03-04,12.7493036047,12.9228538947,12.0351852179,12.3205337524,573344000
2021-03-05,12.499561346,12.499561346,11.632310492,12.4114170074,542840000
2021-03-08,12.3999628377,12.4211272053,11.5200135554,11.5466566086,543112000
2021-03-09,12.0856713038,12.5703832033,12.01493213,12.4742383957,521824000
2021-03-10,12.7933037847,12.9322907089,12.4117121038,12.4224224091,384376000
2021-03-11,12.902404444,12.9983012268,12.6876965966,12.9457445145,299916000
2021-03-12,12.6017652557,12.8413818276,12.5437298584,12.8087520599,243964000
2021-03-15,12.817468886,13.1582119621,12.7203273738,13.1427688599,221988000
2021-03-16,13.3074097976,13.4628365791,13.0685410551,13.2424001694,272128000
2021-03-17,12.9918241077,13.4038041723,12.9417587422,13.292216301,243864000
2021-03-18,13.0882201422,13.1355452247,12.6702615693,12.6757411957,293896000
2021-03-19,12.7031402599,12.8740101557,12.5661458001,12.798538208,299208000
2021-03-22,12.8652906898,13.3452696009,12.8593122253,13.1377849579,297804000
2021-03-23,13.2055357142,13.29545403,12.9733922658,13.0227108002,222048000
2021-03-24,13.1029160777,13.1108870483,12.5903073156,12.5965337753,245840000
2021-03-25,12.4535615637,12.6680204826,12.2268977196,12.4891796112,295144000
2021-03-26,12.5083583562,12.8089995236,12.3280238247,12.7920618057,363968000
2021-03-29,12.773131645,13.014491751,12.6533238473,12.9006614685,273520000
2021-03-30,12.7948013802,12.9275618777,12.6583048172,12.8244419098,200204000
2021-03-31,12.967664114,13.4209917734,12.9347854067,13.2991914749,314776000
2021-04-01,13.5223693588,13.8190245831,13.4615927262,13.7609891891,308276000
2021-04-05,13.8165335229,13.9624947313,13.6825273448,13.9360923767,255672000
2021-04-06,13.9482957795,14.002595099,13.7228776376,13.8105535507,191744000
2021-04-07,13.8297362777,14.191153181,13.6611087555,14.0915212631,251284000
2021-04-08,14.2003685024,14.4183145496,14.1966314863,14.2643823624,244416000
2021-04-09,14.1617591953,14.3550464325,14.1229029724,14.3470754623,195172000
2021-04-12,14.2372318049,15.2960758043,14.0872846325,15.1531028748,869324000
2021-04-13,15.1755185515,15.642296786,15.0701571363,15.6218719482,676212000
2021-04-14,15.5675753722,15.6627243853,15.1715362168,15.2208547592,385500000
2021-04-15,15.604932517,16.1546547302,15.5740463214,16.0779380798,598480000
2021-04-16,15.9939999971,16.106336611,15.8069401704,15.8540172577,335208000
2021-04-19,15.4794011795,15.7494051256,15.1770164094,15.3052930832,404420000
2021-04-20,15.2669336644,15.4400450208,14.9080081375,15.1154928207,334132000
2021-04-21,15.0631834698,15.3060381821,15.0467445913,15.3040456772,216776000
2021-04-22,15.3184906435,15.3817576581,14.7291643645,14.7956695557,277788000
2021-04-23,14.8793626826,15.2786399833,14.8454881962,15.2091464996,227500000
2021-04-26,15.1291906141,15.4221097418,15.0694107155,15.4211130142,197796000
2021-04-27,15.5212438161,15.6129056942,15.2980671106,15.325217247,164572000
2021-04-28,15.3080328333,15.4751666801,15.159580267,15.2206048965,209416000
2021-04-29,15.3433980853,15.3797639095,15.0161056674,15.2684249878,173196000
2021-04-30,15.1187297012,15.3085288658,14.9418813439,14.9543352127,201912000
2021-05-03,15.069411411,15.1907138242,14.7331521976,14.7822208405,203912000
2021-05-04,14.5834549228,14.5837038671,13.9587594263,14.2985057831,405324000
2021-05-05,14.6549402495,14.7590569527,14.3346220201,14.4053611755,292024000
2021-05-06,14.4419745878,14.5176954739,14.1657442408,14.469622612,193380000
2021-05-07,14.7538236759,14.9157258477,14.6178250154,14.7578086853,229328000
2021-05-10,14.7329027723,14.7515840515,14.197627732,14.2133197784,268904000
2021-05-11,13.7741905142,14.3019934609,13.6994663423,14.2536716461,285584000
2021-05-12,13.9580113483,14.2078403229,13.6588657346,13.7079343796,303408000
2021-05-13,13.9821699385,14.0289980765,13.4095324278,13.6150245667,285404000
2021-05-14,13.8389486769,14.2753385668,13.6979682784,14.1906509399,258616000
2021-05-17,14.1049697467,14.1171746722,13.802585946,14.1134386063,216980000
2021-05-18,14.2145630779,14.3513085743,13.9525292251,13.9642362595,186256000
2021-05-19,13.5166378606,14.0277528845,13.4934736854,14.0140533447,344000000
2021-05-20,14.2499348314,14.629784031,14.2180528491,14.558795929,321592000
2021-05-21,15.1080180526,15.1660543909,14.8148499794,14.9366502762,672992000
2021-05-24,15.1565909932,15.6871342276,15.1202251599,15.5546236038,554816000
2021-05-25,15.7080548127,15.7603616307,15.4255970451,15.5902395248,435408000
2021-05-26,15.676420213,15.7357012675,15.5289644096,15.6422958374,370440000
2021-05-27,15.6420487909,15.6921141608,15.4031800333,15.4310770035,581476000
2021-05-28,15.4440255377,16.217671214,15.4440255377,16.1847915649,644536000
2021-06-01,16.2102001188,16.3280153848,15.8447973928,16.2047195435,472804000
2021-06-02,16.1925174306,16.8565678793,16.1758286588,16.716583252,594168000
2021-06-03,16.6393668478,17.1955654291,16.52204947,16.907377243,580008000
2021-06-04,17.0496071677,17.5960913746,17.0326713491,17.5136470795,617120000
2021-06-07,17.5066681137,17.7470304917,17.1295592985,17.5542411804,575756000
2021-06-08,17.4628365397,17.5567398914,17.1876009398,17.3928451538,323848000
2021-06-09,17.455374455,17.5144200998,17.1962704415,17.2984161377,381656000
2021-06-10,17.2901964873,17.4317072238,17.1167964626,17.3649368286,287772000
2021-06-11,17.4192464147,17.8774127405,17.3836202108,17.7638053894,416308000
2021-06-14,17.8442797797,17.9773187658,17.6018683468,17.9566402435,321376000
2021-06-15,17.8532512608,17.9541519669,17.6668955411,17.727186203,243032000
2021-06-16,17.7294277907,17.8928620602,17.5238875707,17.7488594055,307124000
2021-06-17,17.7132325877,18.7700763216,17.6950459807,18.5929393768,809656000
2021-06-18,18.7192525925,19.3082150405,18.5199412253,18.5745029449,968856000
2021-06-21,18.3717032305,18.4726058196,17.7613152715,18.3637313843,672384000
2021-06-22,18.4078263832,18.8983799651,18.3226203998,18.8216438293,580144000
2021-06-23,18.9422310921,19.0867317429,18.8425754054,18.9915599823,332356000
2021-06-24,19.161475733,19.3530623779,19.0224550015,19.1393013,320924000
2021-06-25,19.2140390161,19.2788154882,18.8293699077,18.9653987885,278364000
2021-06-28,19.2945104156,20.00953783,19.2524063735,19.9161109924,495436000
2021-06-29,19.8139661554,20.0294702251,19.5892433312,19.9577198029,367632000
2021-06-30,19.9303109624,20.0929981927,19.7952780903,19.933549881,326568000
2021-07-01,20.0556263624,20.3854847365,19.9499908618,20.142326355,480136000
2021-07-02,20.3697938628,20.4345703433,20.2178193707,20.4163818359,342764000
2021-07-06,20.6660166144,20.7701562181,20.2801024774,20.6271514893,446708000
2021-07-07,20.7816188362,20.8030443613,20.2619167995,20.3015289307,418428000
2021-07-08,19.7880527229,20.0635983906,19.6328393394,19.8341426849,503300000
2021-07-09,19.8936874124,20.0110316867,19.6861552199,19.9811344147,296624000
2021-07-12,20.1702336526,20.4619739671,20.1181638466,20.4417953491,321984000
2021-07-13,20.3301773237,20.3907188719,20.0446658834,20.1801967621,290708000
2021-07-14,20.2875786713,20.3473713246,19.6846645061,19.7731075287,380100000
2021-07-15,19.7434616978,19.7785899064,18.7934965536,18.9008750916,550564000
2021-07-16,18.9649041449,19.0909672906,18.0107040972,18.098400116,688224000
2021-07-19,17.8534953714,18.9763604095,17.8039155866,18.7150154114,749060000
2021-07-20,18.665435298,18.7730628131,18.1013863737,18.5478420258,434687000
2021-07-21,18.8169158572,19.4596930715,18.6773990296,19.3430957794,371017000
2021-07-22,19.5742917053,19.8184460944,19.2095522289,19.5264568329,323826000
2021-07-23,19.5882432675,19.6320922171,19.1836426671,19.4905815125,195672000
2021-07-26,19.2444387021,19.374985781,18.8488058394,19.2274971008,203943000
2021-07-27,19.1985912078,19.5543609465,18.6763973156,19.1417884827,248863000
2021-07-28,19.2524080782,19.5782805819,18.9295254921,19.4357738495,202191000
2021-07-29,19.4517181991,19.7845684556,19.2613765807,19.5942268372,190781000
2021-07-30,19.35106732,19.5623364702,19.1966028063,19.4317893982,183497000
2021-08-02,19.6320941174,19.8921941213,19.2942619637,19.6819210052,217444000
2021-08-03,19.6719561436,20.1522950431,19.1537481234,19.7466983795,301811000
2021-08-04,19.9210915968,20.2479619562,19.7596493784,20.2041130066,231309000
2021-08-05,20.429337661,20.6615343255,20.2718813353,20.565864563,211435000
2021-08-06,20.4532555848,20.4990965551,20.140336838,20.2957992554,178497000
2021-08-09,20.3755189906,20.4373055418,20.0735639748,20.2250404358,146443000
2021-08-10,20.2519481454,20.3595756588,19.7666254783,19.8672790527,179238000
2021-08-11,19.9739099627,19.9798897974,19.363024041,19.6310958862,185925000
2021-08-12,19.8015084322,19.9599588497,19.5523701887,19.8363876343,151652000
2021-08-13,19.8363884722,20.1443233694,19.7825737578,20.1184120178,183063000
2021-08-16,20.0655949891,20.2170714717,19.3859447294,19.8812332153,210876000
2021-08-17,19.6171431529,19.7018511372,19.2005847739,19.3909263611,204585000
2021-08-18,19.4327863998,19.5663252972,18.9345098254,18.9743728638,285913000
2021-08-19,19.4268024569,20.4243533012,18.6973253565,19.7297554016,766555000
2021-08-20,19.9220886114,20.7930764093,19.8642898803,20.7442455292,675741000
2021-08-23,20.8987135469,21.9211759932,20.8777860252,21.8823108673,575807000
2021-08-24,21.6780172109,21.8833065011,21.4607682509,21.7178783417,297299000
2021-08-25,21.6620698216,22.392542897,21.6471221364,22.136428833,347701000
2021-08-26,22.1234787968,22.2629956176,21.7148921923,21.9919338226,237940000
2021-08-27,22.1075322308,22.6436778625,22.0905906317,22.5579738617,304722000
2021-08-30,22.7513034238,22.963568545,22.473265824,22.6097927094,262580000
2021-08-31,22.6207625479,22.6207625479,22.0476445593,22.3117771149,259850000
2021-09-01,22.4114466393,22.6227530287,22.2838651002,22.3675899506,201767000
2021-09-02,22.4443431409,22.5190985759,22.222073001,22.3227424622,187834000
2021-09-03,22.2519654577,22.9108023242,22.1273743899,22.7682704926,280532000
2021-09-07,22.7583098045,22.8240938928,22.4483263137,22.5878696442,198107000
2021-09-08,22.4393588893,22.5360417172,21.9051109813,22.2659282684,254434000
2021-09-09,22.239010734,22.46427125,22.0586030851,22.1044521332,196856000
2021-09-10,22.274894636,22.5519851188,22.1971506723,22.4044704437,248376000
2021-09-13,22.6097976933,22.8888824612,21.7864994341,22.0795383453,297500000
2021-09-14,22.2021282211,22.3366868043,22.0137473451,22.1692371368,199755000
2021-09-15,22.2360227222,22.2938335551,21.8941443346,22.2679176331,166538000
2021-09-16,22.1104301368,22.2041224842,21.8552671092,22.1692371368,156033000
2021-09-17,22.2270526724,22.2479838871,21.7585907957,21.8283615112,294503000
2021-09-20,21.0768249573,21.3628867476,20.5944090127,21.0439338684,349440000
2021-09-21,21.346942396,21.3549156492,20.8814709486,21.1765022278,204688000
2021-09-22,21.2961066386,21.8881634055,21.1266626676,21.8692264557,268726000
2021-09-23,22.0675708445,22.4612791022,21.8183886917,22.4084529877,248555000
2021-09-24,21.9978043842,22.0765464311,21.7894884293,22.0087680817,217655000
2021-09-27,21.6389756047,21.727685144,21.2552367913,21.5891399384,245215000
2021-09-28,21.1446051455,21.3489344704,20.5834452122,20.6312885284,343069000
2021-09-29,20.8714990732,20.9482468469,20.4000449327,20.4498825073,218394000
2021-09-30,20.700065269,20.9970908133,20.6203270338,20.648235321,221009000
2021-10-01,20.6821199036,20.7907625834,20.136908439,20.6741466522,240978000
2021-10-04,20.4369297714,20.4748055774,19.4910346063,19.6674556732,345635000
2021-10-05,19.8847375415,20.580454101,19.7890509209,20.384098053,279282000
2021-10-06,20.0541871754,20.6522230205,20.0143171051,20.6322898865,297202000
2021-10-07,21.0230004235,21.2522494652,20.9033940462,21.0060577393,256919000
2021-10-08,21.0319727429,21.1366288032,20.7070389643,20.7628555298,151258000
2021-10-11,20.5076919861,20.9940945153,20.443900275,20.6272983551,163388000
2021-10-12,20.7598681334,20.9881191371,20.4608502312,20.6033821106,162134000
2021-10-13,20.849569354,20.9213343193,20.645240055,20.8705005646,180652000
2021-10-14,21.2183599954,21.6838313405,21.0529026715,21.674861908,243589000
2021-10-15,21.738653534,21.8592580019,21.5911388651,21.7904834747,226994000
2021-10-18,21.6778549601,22.2180817807,21.5731969925,22.149307251,189494000
2021-10-19,22.2031307479,22.3057944574,21.9649141365,22.217086792,161473000
2021-10-20,22.2320338231,22.3596153545,21.9100905006,22.0306949615,146276000
2021-10-21,22.024716293,22.6367080922,22.0107621507,22.6177692413,187590000
2021-10-22,22.7483399136,23.054334845,22.4871978515,22.6516571045,249384000
2021-10-25,22.8978519419,23.2786023405,22.6955168631,23.090221405,230235000
2021-10-26,23.9105236366,25.1763694642,23.8457357428,24.6361408234,485898000
2021-10-27,24.3939410254,25.0079251766,24.2025677618,24.3710155487,245990000
2021-10-28,24.7966176034,24.8683825738,24.4427793605,24.8594112396,234204000
2021-10-29,24.9192156321,25.6248997894,24.9182194508,25.4833641052,292503000
2021-11-01,25.5650926487,25.809290097,25.1444722872,25.7425098419,265740000
2021-11-02,25.737529817,26.5907286077,25.7156005225,26.3146343231,294112000
2021-11-03,26.5827532002,26.6963805859,26.1491767693,26.5109882355,239910000
2021-11-04,27.1399272499,31.2623970443,27.0292902977,29.7035140991,1153631000
2021-11-05,30.0882471328,31.2972782952,29.3137885691,29.6546707153,851260000
2021-11-08,30.0503738268,30.9982630361,29.8091649028,30.7032318115,503101000
2021-11-09,32.176403253,32.20431154,29.8659849141,30.5567169189,646746000
2021-11-10,29.2599690488,30.7490812316,28.6838588327,29.3626308441,636206000
2021-11-11,30.3683342462,30.4899349043,29.6795946435,30.2905883789,332172000
2021-11-12,29.911832262,30.5796406506,29.5330742439,30.2905883789,413054000
2021-11-15,30.4520571841,30.5437552873,29.1513258455,29.9267807007,384909000
2021-11-16,29.6616562939,30.2905908497,29.6088282627,30.1042022705,264484000
2021-11-17,30.318492149,30.4091959643,28.7057851202,29.1652774811,428508000
2021-11-18,32.2611182097,32.6528303355,31.2185385664,31.5713806152,781711000
2021-11-19,32.137517323,32.9797541292,31.8006237412,32.8770904541,533867000
2021-11-22,33.4073578176,34.5336624374,31.7956486552,31.8514652252,754335000
2021-11-23,31.431844463,32.2541465333,30.778986375,31.6421546936,532163000
2021-11-24,31.3580844335,32.7475234486,30.8268270535,32.5671157837,435162000
2021-11-26,32.4933558771,32.6029966484,31.247446835,31.3999462128,283069000
2021-11-29,32.2601283111,33.3027043553,31.9312059531,33.2668228149,454964000
2021-11-30,33.060498228,33.2438982543,31.7597686647,32.5691108704,622066000
2021-12-01,33.1143863595,33.1841656068,31.2811752552,31.3360023499,484368000
2021-12-02,31.11569943,32.3757186937,30.9272935618,32.0248260498,472890000
2021-12-03,31.8992292554,32.0278246357,30.0351172092,30.5963459015,544325000
2021-12-06,29.7859043393,30.1457675785,27.9497059071,29.9424114227,658938000
2021-12-07,30.8594996927,32.346801122,30.5544618012,32.3248672485,593053000
2021-12-08,31.898226458,32.18831038,31.3220457278,31.7257709503,475551000
2021-12-09,31.6340618783,32.1035811658,30.3321750041,30.3939800262,488507000
2021-12-10,31.0518991837,31.206411728,29.7669590618,30.102897644,488825000
2021-12-13,30.1537389248,30.1985972847,28.0274549489,28.0723133087,598344000
2021-12-14,27.611769481,28.5876864971,27.1641840688,28.2477607727,667035000
2021-12-15,28.3105596397,30.4039465003,27.7503292697,30.3630752563,698297000
2021-12-16,31.0538974414,31.0618716701,28.0045307412,28.2976036072,707366000
2021-12-17,27.8968719592,28.8309214899,27.6725801351,27.7134513855,713758000
2021-12-20,27.2190123408,28.0553689893,27.0595163593,27.6317081451,461847000
2021-12-21,28.2846495734,29.0283006756,27.3147121178,28.9834423065,524385000
2021-12-22,28.8000152959,29.4619237421,28.359405933,29.3074111938,395184000
2021-12-23,29.6612913484,29.964334809,29.3383123191,29.5466537476,343022000
2021-12-27,29.5665925842,30.9890986256,29.5466551132,30.8475456238,403686000
2021-12-28,31.2133950527,31.2313380188,29.9174877669,30.2265129089,420591000
2021-12-29,30.1776655285,30.4517991232,29.2735203459,29.9065208435,343139000
2021-12-30,29.7330667146,30.3610837461,29.4469717992,29.4928264618,308864000
2021-12-31,29.580550698,29.9354304835,29.2386304598,29.3183784485,266530000
2022-01-03,29.7211079182,30.6142861673,29.691201709,30.0261440277,391547000
2022-01-04,30.1816528118,30.3720513039,28.2597249259,29.1977615356,527154000
2022-01-05,28.85783447,29.3233647722,27.4462952122,27.5170707703,498064000
2022-01-06,27.552956159,28.348443451,26.9797680762,28.0892620087,454186000
2022-01-07,28.0523775086,28.3324927043,26.9717897667,27.1611919403,409939000
2022-01-10,26.49729568,27.3824998505,25.5632460237,27.3137168884,594681000
2022-01-11,27.2369586859,27.9766226749,26.7544835675,27.7294025421,404089000
2022-01-12,27.9786085605,28.5049456183,27.5210544457,27.910823822,383413000
2022-01-13,28.2896278691,28.3903096301,26.4145510432,26.4913101196,540171000
2022-01-14,26.2171801311,27.1113567267,26.1274633904,26.8571586609,395832000
2022-01-18,26.1773005467,26.5541103834,25.6888439144,25.8214244843,424270000
2022-01-19,25.9968681513,26.4594056437,24.9731021244,24.9880542755,488315000
2022-01-20,25.2243110349,25.4984445979,24.0021703392,24.0739440918,435181000
2022-01-21,23.4329688986,24.7448243779,23.1897378499,23.3003883362,718958000
2022-01-24,22.2596768719,23.3063693847,20.8222186725,23.2983951569,913982000
2022-01-25,22.4749955124,22.8707465046,21.9307154993,22.2536945343,664616000
2022-01-26,23.1668095796,23.9812360225,22.2297694078,22.7002830505,755959000
2022-01-27,23.4937834575,23.9194388493,21.6067430997,21.8748970032,573353000
2022-01-28,21.9426786575,22.7860150926,21.2289338895,22.7680721283,543774000
2022-01-31,23.1089972269,24.4318199639,22.979407444,24.4088916779,564680000
2022-02-01,25.0249435487,25.0658147981,23.8147659306,24.5604114532,518925000
2022-02-02,25.7127755352,25.735701922,24.4756823081,25.1625137329,543419000
2022-02-03,24.3809814315,24.9980316705,23.7051169696,23.872587204,410178000
2022-02-04,23.8965108908,24.5574231715,23.5575814186,24.2424182892,354829000
2022-02-07,24.2952476259,25.1026962478,24.1257829126,24.6501274109,376868000
2022-02-08,24.2822925391,25.1505500411,23.9044863026,25.0289344788,410359000
2022-02-09,25.5413133157,26.6408404893,25.273161323,26.6209030151,524282000
2022-02-10,25.9131406265,26.8402103895,25.5193840549,25.7426776886,513200000
2022-02-11,25.8343875555,26.069644422,23.6981364873,23.8735809326,605472000
2022-02-14,23.8586307255,24.7966674571,23.6801935531,24.1905822754,440424000
2022-02-15,24.870431043,26.4614056548,24.7059516429,26.4115638733,699869000
2022-02-16,26.176305909,26.4982886715,25.4715316639,26.4275112152,732676000
2022-02-17,25.5492855822,25.7037981431,24.0889008857,24.4298229218,810595000
2022-02-18,24.590316829,24.9073162004,23.0272557563,23.5675487518,761255000
2022-02-22,22.9624597952,23.9882186782,22.9275701666,23.3163414001,633422000
2022-02-23,23.7270466412,24.0789356696,22.2307738949,22.3165016174,566511000
2022-02-24,20.9488206938,23.7250502503,20.8242143334,23.6732139587,735801000
2022-02-25,23.6462991077,24.140735505,23.3073696748,24.0809249878,528866000
2022-02-28,23.9164501804,24.5873312495,23.6323477926,24.3082122803,477319000
2022-03-01,24.2145003581,24.3002299581,23.0591500185,23.4030628204,412056000
2022-03-02,23.685225971,24.3362804132,23.3452422834,24.1478424072,389642000
2022-03-03,24.18971445,24.2535248526,23.3990777948,23.6433486938,365095000
2022-03-04,23.3143333907,23.6094510534,22.4150202715,22.8676681519,431415000
2022-03-07,22.7490208771,22.9643788556,21.2664515747,21.2883853912,450821000
2022-03-08,21.2455162079,22.3063455159,20.5884791062,21.4499053955,557467000
2022-03-09,22.3202962124,23.1508144397,22.1807139563,22.9454288483,492742000
2022-03-10,22.4638755241,22.7201098364,21.816808865,22.5904979706,428066000
2022-03-11,22.9534088216,23.0760434572,21.9803168321,22.0341567993,367209000
2022-03-14,21.8038484947,22.1956773396,21.0959646026,21.2664546967,385354000
2022-03-15,21.4538912219,22.9693631528,21.2584760153,22.9045562744,491996000
2022-03-16,23.429984671,24.5237164175,23.1029627886,24.4230175018,671422000
2022-03-17,24.0481378387,24.7679849358,23.8347747293,24.6922130585,471941000
2022-03-18,24.7251159152,26.4898429955,24.5506380548,26.3741874695,730719000
2022-03-21,26.4280291912,27.0711080362,25.8896370693,26.6543521881,591727000
2022-03-22,26.6473672794,27.1568463579,25.9943200422,26.4449729919,547007000
2022-03-23,26.0481653656,26.5327175444,25.4988082028,25.5576324463,502120000
2022-03-24,26.0880433201,28.2356251824,25.8298141897,28.0661315918,877379000
2022-03-25,27.8029174117,28.2735112782,27.1897499427,27.609495163,579016000
2022-03-28,27.6733078073,28.1658355291,27.1249452667,28.1349277496,425494000
2022-03-29,28.6095086713,28.8597603192,27.8966387189,28.5706253052,488984000
2022-03-30,28.2196710249,28.4110984112,27.4210569561,27.6075000763,463487000
2022-03-31,27.6992287496,28.1638400014,27.188755017,27.204706192,523440000
2022-04-01,27.2934425304,27.414082328,26.1887437575,26.6324176788,517235000
2022-04-04,26.6483654896,27.4758924574,26.5337083564,27.2784824371,397120000
2022-04-05,27.1728008926,27.2376077682,25.7430732449,25.8537425995,436615000
2022-04-06,24.8597122154,25.2246209873,23.9314862593,24.3342819214,703833000
2022-04-07,24.368181312,24.6483442472,23.4080510951,24.1358757019,557992000
2022-04-08,23.8457421965,23.8517248375,22.9932900153,23.0501194,524781000
2022-04-11,22.1478177564,22.2535009428,21.5954674559,21.8517017365,575207000
2022-04-12,22.469855149,22.6572947583,21.2185931625,21.4399318695,662258000
2022-04-13,21.6632632992,22.4329625301,21.3910759721,22.1368465424,516943000
2022-04-14,22.4379464508,22.7091373008,21.0999458273,21.1946620941,569097000
2022-04-18,21.1368364306,22.0221892646,21.016196655,21.7180995941,525701000
2022-04-19,21.6552843011,22.3063385577,21.2504938463,22.131860733,512781000
2022-04-20,22.4499095538,22.6024535601,21.1368341909,21.4179935455,468974000
2022-04-21,21.644324214,22.3252899842,19.9404160294,20.1228713989,656209000
2022-04-22,20.2425080879,20.4249634147,19.4419010739,19.4568557739,624713000
2022-04-25,19.1447895794,19.8855759293,19.0391063979,19.8427047729,641566000
2022-04-26,19.6592547081,19.7290458533,18.6143766727,18.7320251465,653143000
2022-04-27,18.5425875445,19.1098924742,18.2355065575,18.3601341248,499460000
2022-04-28,18.910493793,19.9773077153,18.4349155556,19.72306633,570327000
2022-04-29,19.3441992873,20.0680362694,18.4618355919,18.4917469025,500435000
2022-05-02,18.4857625525,19.5156840545,18.3362098166,19.4748077393,572049000
2022-05-03,19.3421984496,19.7659333279,19.0759937628,19.5435962677,475751000
2022-05-04,19.8636436211,20.3392217771,18.6951344854,20.2734184265,648855000
2022-05-05,19.8078098991,19.8656357582,18.4448820878,18.7878570557,626331000
2022-05-06,18.6801790516,19.4538661518,17.9364013539,18.6193599701,633297000
2022-05-09,17.9802678267,18.2006081217,16.7768633708,16.8994979858,644455000
2022-05-10,17.6362975482,18.1437818376,16.9742762743,17.5425777435,761474000
2022-05-11,17.2953127245,17.7001031373,16.5186345146,16.5804481506,670167000
2022-05-12,16.1706757861,16.7379807092,15.5206189275,16.1268062592,708728000
2022-05-13,16.7379835639,17.8745865496,16.5435648323,17.6532478333,670437000
2022-05-16,17.4568334303,17.7350014919,17.055034274,17.212562561,521446000
2022-05-17,18.0201547215,18.3162708041,17.5814669053,18.1228485107,585830000
2022-05-18,17.6522541008,18.064023819,16.8137599602,16.8875389099,545161000
2022-05-19,16.8865358728,17.6343012208,16.6841396993,17.0729789734,621310000
2022-05-20,17.2803639304,17.3581306645,15.7080616314,16.6442642212,739105000
2022-05-23,16.2255166318,16.8646077087,16.1308003406,16.8476581573,639889000
2022-05-24,16.4608114559,16.5475521476,15.7329858739,16.1058712006,588550000
2022-05-25,15.9722741249,17.060023453,15.9523332519,16.9244289398,781132000
2022-05-26,15.9882240376,18.038098455,15.974265808,17.7978172302,996575000
2022-05-27,18.131817418,18.8247464293,18.0460732053,18.7549552917,738379000
2022-05-31,18.9234483101,19.1427940334,18.2953262425,18.6163673401,664100000
2022-06-01,18.6682166033,18.9962349851,18.0680089525,18.2654190063,544514000
2022-06-02,18.2375005434,19.5605465384,18.1437807444,19.5336265564,648656000
2022-06-03,19.0251474904,19.2744026361,18.4668145949,18.6642246246,598779000
2022-06-06,19.081980947,19.2793910189,18.5086932288,18.7300319672,422406000
2022-06-07,18.4169676568,18.943394498,18.1338133645,18.8696155548,388914000
2022-06-08,18.7469517008,19.1268973577,18.4836826885,18.596370697,363252000
2022-06-09,18.4298333508,18.8805815832,17.9910510272,17.9980316162,395574000
2022-06-10,17.5512779747,17.6480095695,16.8223007177,16.9270114899,465248000
2022-06-13,15.9557039713,16.2668404726,15.5627947077,15.6036815643,604153000
2022-06-14,15.6874473798,16.0215199427,15.369330314,15.7921571732,469680000
2022-06-15,16.0504417897,16.8213025255,15.8819099778,16.4812469482,563936000
2022-06-16,15.8160897274,15.8978634329,15.3583608781,15.5578069687,545749000
2022-06-17,15.6046757998,15.9507151972,15.2855620748,15.8360338211,630334000
2022-06-21,16.4293882149,16.9609116092,16.3615756863,16.5201358795,483089000
2022-06-22,16.1810807982,16.615874625,16.1352086134,16.3147106171,437135000
2022-06-23,16.4732671194,16.5390843867,15.8091114913,16.1800823212,463680000
2022-06-24,16.4543165152,17.0925439411,16.2648420349,17.0785827637,472153000
2022-06-27,17.2640704486,17.282020264,16.5799688794,16.8222961426,427968000
2022-06-28,16.853209418,17.1543733311,15.9008535558,15.93775177,461149000
2022-06-29,15.7702192216,15.776202177,15.1280020762,15.4989719391,482352000
2022-06-30,15.3184705379,15.5239005192,14.8208525069,15.1170301437,686070000
2022-07-01,14.8577503452,15.0212958486,14.3521540712,14.482790947,577610000
2022-07-05,14.1357551053,14.9295508179,14.0160874529,14.9225702286,651397000
2022-07-06,14.9684442182,15.2765887499,14.7480553993,15.0881118774,529066000
2022-07-07,15.4132080659,15.9008535644,15.3463931775,15.8140945435,492903000
2022-07-08,15.3872809001,15.9926007136,15.3463940472,15.7941513062,467972000
2022-07-11,15.4830162864,15.4840139211,14.9963673983,15.1100521088,437321000
2022-07-12,15.2257280524,15.3882768706,14.8358107961,15.0402431488,458483000
2022-07-13,14.5496048264,15.3324312451,14.4249509138,15.1220149994,521918000
2022-07-14,15.0661720376,15.4301612762,14.6872239853,15.3294410706,456235000
2022-07-15,15.6156463819,15.7383050337,15.4022381693,15.7183609009,385935000
2022-07-18,16.2568630566,16.8502149355,15.9576944577,16.0564193726,670517000
2022-07-19,16.4403562409,17.0626291566,16.127226416,16.9449558258,702366000
2022-07-20,16.9000840123,17.8833544066,16.7544882935,17.7577018738,760538000
2022-07-21,17.8354826147,18.0937644039,17.4964238094,18.0000247955,557049000
2022-07-22,17.8434596846,17.9172542089,17.0895522882,17.2710494995,536671000
2022-07-25,16.97187664,17.07658736,16.6029021667,16.9768638611,480748000
2022-07-26,16.8422456799,16.8721633148,16.4323841619,16.4872322083,397865000
2022-07-27,16.9848429035,17.8863412213,16.8661728975,17.7407455444,569776000
2022-07-28,17.9252339601,18.0897761444,17.3917153381,17.9342079163,474646000
2022-07-29,17.7636815121,18.1934879744,17.6430162314,18.1127128601,435460000
2022-08-01,18.1316584895,18.7938215256,17.9401906452,18.3899421692,476469000
2022-08-02,18.0718314602,18.8855724604,18.0419138263,18.4747123718,489527000
2022-08-03,18.1336594932,18.9154894659,18.0867887252,18.8406963348,418146000
2022-08-04,18.7968144895,19.2206370489,18.7080602001,19.1618003845,409652000
2022-08-05,18.7579265695,19.1757672495,18.6143261115,18.9364318848,386068000
2022-08-08,17.4535434879,18.1885024888,17.1942631147,17.7437362671,981859000
2022-08-09,17.204238994,17.3986988361,16.677700873,17.0386981964,668263000
2022-08-10,17.6490005022,18.067837748,17.269054838,18.0468959808,597422000
2022-08-11,18.080804182,18.655209718,17.8265090936,17.892326355,509327000
2022-08-12,18.1097182425,18.666173809,17.9032906559,18.6571979523,478094000
2022-08-15,18.649229835,19.1109474479,18.5614741016,18.9793128967,457666000
2022-08-16,18.867619491,19.0890049991,18.4497788811,18.8267326355,451240000
2022-08-17,18.4717161135,18.6362582891,18.0947624228,18.2842350006,446799000
2022-08-18,18.2503302731,18.812767894,18.1326569514,18.7210235596,415447000
2022-08-19,18.355042477,18.4687271835,17.720803585,17.7995853424,441588000
2022-08-22,17.4415800852,17.5093926238,16.9190305705,16.9868431091,409593000
2022-08-23,16.9419701812,17.4166523173,16.923021774,17.1334381104,369986000
2022-08-24,16.9649043947,17.3578146791,16.8482296125,17.1743240356,522661000
2022-08-25,16.7973646741,17.8973114891,16.7863954488,17.8634052277,770691000
2022-08-26,17.8075616731,17.8743756146,16.1920459488,16.2149829865,769127000
2022-08-29,15.9756481466,16.2927666341,15.7233483332,15.7572536469,496132000
2022-08-30,15.9158131416,15.9945939426,15.1399672361,15.4251756668,530181000
2022-08-31,15.3414078795,15.4969761168,14.9175843388,15.0522108078,573710000
2022-09-01,14.1696609197,14.3401879723,13.2332614355,13.8984146118,1178865000
2022-09-02,14.0609635502,14.1317661297,13.5533719761,13.6092176437,743157000
2022-09-06,13.6929853444,13.7408527901,13.3140372694,13.4277219772,535751000
2022-09-07,13.5294680124,13.8037887025,13.3130044924,13.6800947189,512657000
2022-09-08,13.4257273323,13.9733708751,13.3359506225,13.955414772,624873000
2022-09-09,14.1219999691,14.4382166545,14.0910774231,14.3514318466,486612000
2022-09-12,14.3334747097,14.5110341226,14.1628970083,14.4691381454,484159000
2022-09-13,13.7678770907,13.8875802982,13.0666150629,13.0985355377,714956000
2022-09-14,13.2212337289,13.2571449823,12.8810771305,13.0955457687,588507000
2022-09-15,12.9828224628,13.200282946,12.7583783652,12.8970346451,523625000
2022-09-16,12.7104979688,13.1793362685,12.5858070025,13.1653709412,670751000
2022-09-19,12.9798309078,13.4297161272,12.9778359969,13.3489160538,569685000
2022-09-20,13.1823290791,13.4496661601,13.0247197057,13.1434249878,524818000
2022-09-21,13.1803354521,13.9963130534,13.0775894468,13.2282161713,807679000
2022-09-22,13.0376868004,13.1164919609,12.3972747672,12.5299453735,759162000
2022-09-23,12.3892973356,12.5798251607,12.2267001716,12.4850597382,663309000
2022-09-26,12.4601194536,12.6277043384,12.1838038373,12.197769165,547343000
2022-09-27,12.4760812124,12.7045151891,12.2276971727,12.3823137283,553854000
2022-09-28,12.3793211471,12.7913002783,12.3234598279,12.7045154572,542414000
2022-09-29,12.417224823,12.4690963093,11.9164660598,12.1897888184,532763000
2022-09-30,12.0571172755,12.6017678825,12.0451468593,12.1089887619,565638000
2022-10-03,12.3164746709,12.6466566678,12.0750723883,12.4810667038,547478000
2022-10-04,12.8471599453,13.1873174726,12.8471599453,13.1344480515,584182000
2022-10-05,12.8790821917,13.2880684538,12.5897991562,13.1763448715,507131000
2022-10-06,13.1873175544,13.6222395383,13.0706062254,13.0975399017,644157000
2022-10-07,12.4740857367,12.638677792,11.9922799885,12.0461463928,672478000
2022-10-10,12.0072418511,12.0940266633,11.3797971531,11.6411495209,698699000
2022-10-11,11.5324190217,11.8167142988,11.255106409,11.5573577881,667482000
2022-10-12,11.5503742249,11.7059877388,11.3169525273,11.4715690613,492590000
2022-10-13,10.9438778977,12.0481415915,10.786268503,11.9304332733,850103000
2022-10-14,12.0271924714,12.081058872,11.1763015964,11.1992444992,713432000
2022-10-17,11.4895231293,11.9184603235,11.4885261496,11.8586082458,580774000
2022-10-18,12.3134819731,12.461115839,11.5892770197,11.9374141693,659362000
2022-10-19,11.8496302669,12.319466444,11.804741448,12.0212049484,523131000
2022-10-20,12.0830535702,12.7374319122,12.0750729753,12.1638536453,652398000
2022-10-21,12.0680894923,12.4671011366,11.8576116609,12.4351797104,609494000
2022-10-24,12.4770792849,12.6785795849,12.0341766559,12.5678539276,517457000
2022-10-25,12.6626184575,13.2671202664,12.6326919378,13.2282161713,505482000
2022-10-26,12.8371839469,13.3548999067,12.6765817418,12.8641166687,532953000
2022-10-27,13.5963030482,13.8037889983,13.0895585894,13.1434249878,583113000
2022-10-28,13.0716050449,13.8157611106,13.0287111266,13.7997999191,521040000
2022-10-31,13.743936088,13.8037881666,13.2641253329,13.4636306763,486341000
2022-11-01,13.776857657,13.8905761569,13.4855796937,13.5095205307,432817000
2022-11-02,13.8157608858,14.1748705637,13.1783406606,13.1863203049,672628000
2022-11-03,13.0107572785,13.7469328222,12.9239724533,13.3878221512,500065000
2022-11-04,13.9514242973,14.1938235906,13.6631382444,14.1210041046,612576000
2022-11-07,14.1928255418,14.3763706763,13.9195037024,14.2656450272,410061000
2022-11-08,14.7644092028,14.8541868606,14.1808553784,14.5659017563,595292000
2022-11-09,14.1269878003,14.1758673987,13.724984236,13.7419424057,454414000
2022-11-10,14.7634112369,15.7340053342,14.5110364514,15.7110624313,700819000
2022-11-11,15.7679223818,16.3484833512,15.4437260311,16.2866363525,655487000
2022-11-14,16.1779075613,16.4991120408,15.8826388295,16.2547168732,527852000
2022-11-15,16.6806610452,16.9559778069,16.3415014196,16.6247997284,545876000
2022-11-16,16.1220452748,16.3215496972,15.8337592251,15.8706674576,649547000
2022-11-17,15.6761498389,16.2257882612,15.496594527,15.6382436752,710894000
2022-11-18,15.926527067,15.9624392672,15.0826189036,15.3709049225,492072000
2022-11-21,15.1095539935,15.4387380935,15.0427192424,15.2791337967,404739000
2022-11-22,15.2901054037,16.018301155,15.0846143601,15.9983501434,472866000
2022-11-23,16.058198408,16.4861385883,16.0083227905,16.4781570435,427241000
2022-11-25,16.2776599606,16.4462408857,16.1320209884,16.2297782898,167934000
2022-11-28,15.9863778237,16.3165607675,15.6861232982,15.7878704071,303741000
2022-11-29,15.7878710137,15.8926119198,15.4816307927,15.6003360748,298384000
2022-11-30,15.6621982229,16.8924653308,15.5624205007,16.8854808807,565298000
2022-12-01,16.9613171852,17.2267263596,16.5981237803,17.0970153809,470977000
2022-12-02,16.6220669388,16.8954596408,16.4085406822,16.8385848999,371389000
2022-12-05,16.6420226975,16.9573220949,16.4354808958,16.5731754303,352255000
2022-12-06,16.4933535449,16.5362574828,15.783929396,15.9515571594,352694000
2022-12-07,15.7370357037,16.150118426,15.6322679812,16.0842647552,372388000
2022-12-08,16.2369222592,17.1409137266,15.9236173397,17.1309356689,515456000
2022-12-09,17.1219543029,17.5440168019,16.9373650005,16.963306427,465338000
2022-12-12,16.9992291543,17.4991178753,16.7597614693,17.4961242676,457328000
2022-12-13,18.4899167662,18.7483433377,17.6717350171,18.0319347382,656589000
2022-12-14,17.9471209978,18.2115347672,17.3813786422,17.6348152161,496888000
2022-12-15,17.1079835562,17.2815975478,16.6629732863,16.9144134521,478542000
2022-12-16,16.826613303,17.0032209446,16.3736193363,16.5342617035,478232000
2022-12-19,16.5352580052,16.5721747224,16.1092046796,16.217962265,354039000
2022-12-20,16.0283897516,16.2738447272,15.8168607549,16.0493431091,403260000
2022-12-21,16.0782734935,16.5901365933,16.0662990638,16.4644145966,325025000
2022-12-22,16.0583199305,16.102223008,14.849007006,15.3049936295,565045000
2022-12-23,15.16230893,15.3049915334,14.8500031588,15.1722869873,349326000
2022-12-27,15.0405833261,15.0665257104,14.0248394939,14.0896959305,464902000
2022-12-28,13.8961252033,14.2303825781,13.8532203095,14.0048837662,351066000
2022-12-29,14.370069773,14.6504459538,14.195457575,14.5706233978,354923000
2022-12-30,14.3022202812,14.5965663243,14.2014443718,14.5816001892,310490000
2023-01-03,14.8180731662,14.9627521384,14.0647469886,14.2832612991,401277000
2023-01-04,14.5347033675,14.8200685662,14.2094259407,14.716299057,431324000
2023-01-05,14.4588733823,14.5317114944,14.1166334081,14.2333745956,389168000
2023-01-06,14.4419089023,14.9767207594,14.0028848684,14.8260555267,405044000
2023-01-09,15.2501141848,16.0204019414,15.1074306292,15.5933513641,504231000
2023-01-10,15.4726205246,15.9266117009,15.4376982728,15.8737297058,384101000
2023-01-11,15.8048823165,15.9924652398,15.5284960089,15.9655246735,353285000
2023-01-12,16.0643038957,16.6001120254,15.4576511832,16.4743919373,551409000
2023-01-13,16.2419142964,16.8844876618,16.1291658336,16.8615379333,447287000
2023-01-17,16.8615348246,17.6886973908,16.8615348246,17.6627540588,511102000
2023-01-18,17.6278342036,17.8333769022,17.243687474,17.3384780884,439624000
2023-01-19,16.9982299804,17.1588742414,16.6939077731,16.7278308868,452932000
2023-01-20,16.9732846563,17.8164124279,16.7876981171,17.7994499207,564967000
2023-01-23,18.0239529364,19.2023364266,17.7784999098,19.1504516602,655163000
2023-01-24,18.7852576049,19.451777729,18.7782731553,19.2222862244,496204000
2023-01-25,18.8710700253,19.3270575881,18.5388081029,19.2801609039,449537000
2023-01-26,19.6573207912,20.1212899841,19.2352582968,19.7580966949,489535000
2023-01-27,19.4188493331,20.5822644785,19.3619765035,20.3198471069,542142000
2023-01-30,19.9057693957,20.0953467744,19.1075419427,19.1195163727,488611000
2023-01-31,19.1275016164,19.6433556639,18.9079900252,19.4936885834,498017000
2023-02-01,19.6473414934,21.1450129582,19.567518944,20.896566391,660477000
2023-02-02,20.9534418554,21.9003372769,20.654107733,21.6608695984,564276000
2023-02-03,20.9534420727,21.6967912122,20.7429094275,21.0532207489,429366000
2023-02-06,20.7598704572,21.5221765203,20.7399143427,21.0422439575,452197000
2023-02-07,21.3345973801,22.2096539315,21.1031113597,22.1238441467,664150000
2023-02-08,22.3373688913,22.827281509,21.9592093941,22.1557731628,559651000
2023-02-09,22.5558801795,22.9689618411,22.0709576498,22.2874755859,523876000
2023-02-10,21.6419143817,22.0290527801,20.7648633905,21.2178554535,550737000
2023-02-13,21.4902488627,21.9991183856,20.9155256816,21.7396945953,474919000
2023-02-14,21.5301593689,22.9978987417,21.3186294925,22.9200725555,675474000
2023-02-15,22.4990061138,22.8043274337,22.0569894061,22.7135295868,420575000
2023-02-16,22.0839304617,22.5000057882,21.8783877889,21.9532222748,412026000
2023-02-17,21.5830431775,21.6918007714,20.9284974353,21.3405818939,465888000
2023-02-21,20.9534454583,21.4463498005,20.572292338,20.609210968,410015000
2023-02-22,20.6610939566,21.0572131805,20.3757268069,20.707988739,513184000
2023-02-23,23.3880336126,23.8350403425,22.9739527619,23.611536026,1117995000
2023-02-24,23.1735094136,23.4219579165,22.8961258751,23.2343730927,589716000
2023-02-27,23.6175223498,23.8270558544,23.4020016298,23.4488964081,452994000
2023-02-28,23.3201821657,23.7721788489,23.1545498355,23.1645278931,455963000
2023-03-01,23.1405826571,23.2044418498,22.4580990733,22.6476783752,460026000
2023-03-02,22.4381467109,23.3281675107,22.382269199,23.2623138428,389415000
2023-03-03,23.2683019684,23.8470160997,23.0787226434,23.8370380402,412393000
2023-03-06,23.8380361602,24.1942431646,23.4349305652,23.501783371,437429000
2023-03-07,23.5516739587,24.0755985199,23.1934079364,23.2403125763,515154000
2023-03-08,23.4389058265,24.1504470846,23.376035104,24.1314849854,513573000
2023-03-09,24.1254990977,24.4039290575,23.3351209603,23.3880138397,501257000
2023-03-10,23.3610674763,23.5786215046,22.6794654427,22.9179763794,474866000
2023-03-13,22.7054114272,23.2502929083,22.251343209,22.9189720154,421890000
2023-03-14,23.4478887676,24.1694078922,23.4119612799,24.0137271881,474910000
2023-03-15,23.7123476604,24.2362723119,23.31216966,24.1783924103,524486000
2023-03-16,23.9778064804,25.5356093386,23.8450774657,25.4887065887,583253000
2023-03-17,25.9287988633,26.3449448194,25.6154407375,25.6723251343,848547000
2023-03-20,25.5625514053,25.9707143473,25.078543865,25.8469676971,432747000
2023-03-21,26.1263931208,26.3379589148,25.3290293974,26.1453533173,547408000
2023-03-22,26.3708937857,27.5325119458,26.1832789917,26.4138069153,797295000
2023-03-23,27.0594817824,27.4426963186,26.6353527317,27.1353263855,564889000
2023-03-24,26.9756497588,27.1113709568,26.3010333851,26.7241649628,454920000
2023-03-27,26.7820482217,26.9447145681,26.3110145711,26.4766750336,361026000
2023-03-28,26.3928514126,26.4587162652,25.7970736224,26.3559265137,356104000
2023-03-29,26.7700704587,27.022550739,26.5425367011,26.9287433624,393694000
2023-03-30,27.1732488911,27.4426965247,27.0465081157,27.3269329071,364516000
2023-03-31,27.0844247349,27.7770038728,27.0494965568,27.7201213837,433933000
2023-04-03,27.4526777116,27.9426716413,27.2800315839,27.907743454,398716000
2023-04-04,27.908737736,27.9426685151,27.2510866775,27.3967876434,368592000
2023-04-05,26.7740665865,26.9427192704,26.3409552107,26.8259601593,515015000
2023-04-06,26.5295682772,27.024552995,26.3728901495,26.9816417694,397654000
2023-04-10,26.768078928,27.5644453302,26.6143949184,27.5225315094,395279000
2023-04-11,27.6672328666,27.7330977088,27.0704558629,27.113368988,314378000
2023-04-12,27.3139565165,27.4117554199,26.3938435713,26.4407482147,446259000
2023-04-13,26.6792584832,26.8319450773,26.275088983,26.4088134766,353615000
2023-04-14,26.4497293108,26.8279529695,26.166310442,26.7032089233,395660000
2023-04-17,26.5106051286,26.9507021067,26.3788754468,26.9467105865,321471000
2023-04-18,27.4766251566,28.0524433728,27.3009849353,27.6103496552,604812000
2023-04-19,27.3049790873,27.9426706896,27.176243501,27.8738117218,358660000
2023-04-20,27.6143423636,27.9726084581,26.9447167273,27.0485038757,427713000
2023-04-21,26.896812971,27.1273408757,26.667284374,27.0634708405,345103000
2023-04-24,26.9576895356,27.3099654802,26.6163888445,26.9866294861,339282000
2023-04-25,27.0225533286,27.1912079031,26.1713012229,26.1872673035,378527000
2023-04-26,26.9467098513,27.2740373351,26.6503171235,26.9008026123,406337000
2023-04-27,27.3069742774,27.4387039728,26.5704844873,27.1702537537,377161000
2023-04-28,27.1692534285,27.701161078,27.0155675314,27.6921806335,292216000
2023-05-01,27.7829927882,28.9984991272,27.7231161819,28.8508014679,570329000
2023-05-02,28.6212777346,28.7769584602,28.0254999759,28.1522388458,402730000
2023-05-03,27.7829917972,28.3089130784,27.4157453255,27.7450695038,383387000
2023-05-04,27.5943802947,27.8019545722,27.1842225675,27.505563736,321850000
2023-05-05,27.7690253633,28.6961221479,27.6742205649,28.6212768555,361494000
2023-05-08,28.4635987089,29.1601694627,28.2919519103,29.0913105011,344979000
2023-05-09,28.8398282824,28.9136761705,28.3917482222,28.5124988556,314869000
2023-05-10,28.9456142228,29.0533948087,28.4027292895,28.8258609772,369350000
2023-05-11,28.8368313012,28.8907215814,28.188162648,28.5194816589,322149000
2023-05-12,28.4705850779,28.7210725008,27.9885742374,28.2819728851,274222000
2023-05-15,28.4496282701,28.9096847977,28.0943581979,28.8937168121,293926000
2023-05-16,28.7819449472,29.8088392065,28.7729645024,29.1531829834,449405000
2023-05-17,29.5234235323,30.1371640319,29.3697395322,30.1162071228,432535000
2023-05-18,30.3477329718,31.762828774,30.2579171017,31.6131362915,748725000
2023-05-19,31.4714260085,31.5153365382,30.8526965899,31.1999835968,473908000
2023-05-22,30.8377270109,31.4554609488,30.617180758,31.112165451,372000000
2023-05-23,30.9365235389,31.2239339287,30.5682796312,30.6251621246,356253000
2023-05-24,30.1481439653,30.5443323697,29.7449718272,30.4754734039,721419000
2023-05-25,38.4441205665,39.3991617802,36.559985877,37.9022331238,1543911000
2023-05-26,37.812419131,39.0897970964,37.4731151331,38.8662567139,714397000
2023-05-30,40.5118758973,41.852124379,39.867198786,40.0288658142,923401000
2023-05-31,39.4071433624,40.2124901579,37.7445542974,37.7565307617,1002580000
2023-06-01,38.4101927193,39.9679974156,38.2614995307,39.6885719299,635873000
2023-06-02,40.0148951649,40.4170698368,38.9780212201,39.246471405,482731000
2023-06-05,38.8293290539,39.4839840405,38.6277430107,39.0907936096,396094000
2023-06-06,38.7504941122,39.0798164296,38.0698875499,38.5748519897,388729000
2023-06-07,38.8393365136,39.4222006474,37.2833658372,37.4021339417,511998000
2023-06-08,37.6506560985,38.7884391036,37.4320839186,38.4351272583,417772000
2023-06-09,38.9611012205,39.6337905854,38.492017605,38.6946220398,427717000
2023-06-12,39.1237896733,39.4531461206,38.5429204436,39.4052391052,388701000
2023-06-13,40.1078685373,41.0210904474,39.6627365329,40.9422416687,613208000
2023-06-14,40.7446344311,42.9164027097,40.4731600649,42.9134101868,740465000
2023-06-15,42.5191764502,43.2048410923,42.0650592116,42.5700759888,568622000
2023-06-16,43.365519141,43.6359921332,42.5780517641,42.6089935303,655709000
2023-06-20,42.9143976476,43.9044694244,42.5910263094,43.722820282,451153000
2023-06-21,43.4164183675,43.5301989352,41.9981836618,42.9613037109,551603000
2023-06-22,42.1708393508,43.3415588416,42.1518790976,42.9413414001,417737000
2023-06-23,42.3814354916,42.7257620992,41.9333071986,42.1269302368,358140000
2023-06-26,42.378443948,42.6808562429,40.0220342497,40.5530014038,594322000
2023-06-27,40.7196729342,41.8584532925,40.3693574663,41.7945785522,462175000
2023-06-28,40.5809437925,41.7636411438,40.4392215916,41.0370559692,582639000
2023-06-29,41.4771952067,41.5191133611,40.5210577149,40.7426261902,380514000
2023-06-30,41.5989609812,42.4672683554,41.420308162,42.2197494507,501148000
2023-07-03,42.4343299519,42.8145896687,42.1199437959,42.330532074,198209000
2023-07-05,42.0530729944,43.0930467954,42.0031709735,42.2347221375,323618000
2023-07-06,41.7626419538,42.0969896794,41.2656091488,42.0211372375,303582000
2023-07-07,42.2397127238,43.1299805264,42.0979905174,42.4203605652,355881000
2023-07-10,42.5740618673,42.7277617692,41.5680185314,42.0979881287,353908000
2023-07-11,42.3984041755,42.6748660372,41.9852114513,42.3225517273,298244000
2023-07-12,42.9493291169,43.8495757267,42.6938263563,43.8166389465,481277000
2023-07-13,44.4314483842,46.0652629103,44.4054979595,45.8876113892,478204000
2023-07-14,46.4924286212,47.9945035082,44.9723909857,45.3805961609,772075000
2023-07-17,46.1990000392,46.4055944851,45.173996447,46.3706626892,510488000
2023-07-18,46.6101959109,47.8028720771,45.6450770667,47.4016532898,569164000
2023-07-19,47.3717184257,47.7250302497,46.6511220584,46.9854698181,427502000
2023-07-20,46.4165683547,46.9954423878,44.9743784231,45.4314880371,537865000
2023-07-21,45.6989674765,45.7768187364,44.0142499177,44.2228431702,963769000
2023-07-24,44.6440252123,45.0212924016,43.9543706935,44.5252571106,382516000
2023-07-25,44.8536230034,46.0932049515,44.8356564474,45.5901870728,348081000
2023-07-26,45.9315184751,45.963457748,44.5432242385,45.3636245728,364237000
2023-07-27,46.4285603563,47.3028567188,45.6610544147,45.8107643127,455976000
2023-07-28,46.5772582882,46.9355614081,46.290817578,46.6590995789,331194000
2023-07-31,46.6630983625,47.0383667619,46.4155794495,46.6381454468,251055000
2023-08-01,46.3696630735,46.8088099818,45.9375063313,46.4165725708,237858000
2023-08-02,45.7418893634,45.7508707372,43.302641133,44.182926178,530142000
2023-08-03,43.7148415175,45.0302798009,43.7148415175,44.4284515381,324176000
2023-08-04,44.8975393329,45.5532596576,44.3066912624,44.593132019,362666000
2023-08-07,45.0232923929,45.4514591567,44.4763575142,45.3286972046,322154000
2023-08-08,44.7657877499,45.1540313112,43.9703365661,44.5771560669,353843000
2023-08-09,44.187913163,44.2258412871,42.052074727,42.4712600708,586449000
2023-08-10,42.0780304171,43.4892827146,41.7536615358,42.3055877686,492705000
2023-08-11,41.6698239374,41.936306917,40.5599864609,40.7755661011,533085000
2023-08-14,40.407277187,43.7148324679,40.2326182267,43.6679229736,690286000
2023-08-15,44.473369659,45.1799933774,43.6250199095,43.8545722961,676512000
2023-08-16,44.4334372161,44.5881346208,43.321601018,43.4014472961,527451000
2023-08-17,43.8845059203,43.9763260912,42.9173882779,43.2597236633,452395000
2023-08-18,42.5520990342,43.4932662614,41.5789963424,43.2148094177,583768000
2023-08-21,44.4074914209,46.9734918666,44.1360209002,46.8756828308,692573000
2023-08-22,48.0414068964,48.0933077394,45.2448568313,45.5792045593,755293000
2023-08-23,45.7768290377,47.1082351265,45.1201073686,47.0243988037,779046000
2023-08-24,50.1183660455,50.1682680705,47.0673104767,47.0713005066,1156044000
2023-08-25,46.9205946601,47.7120520833,44.9364571967,45.928527832,925341000
2023-08-28,46.3916241394,46.8886569814,44.8007253722,46.743938446,685192000
2023-08-29,46.5752587225,48.9855636891,46.3007919348,48.6891403198,701397000
2023-08-30,48.9486432296,49.8299258476,48.3308472595,49.1682167053,735206000
2023-08-31,49.2839899324,49.6472806116,48.8628095574,49.2590370178,528570000
2023-09-01,49.6652463751,49.7031706928,48.0483934781,48.414680481,463830000
2023-09-05,48.129244385,48.7560255895,47.7669511654,48.4536132812,382653000
2023-09-06,48.3507970712,48.4585938563,46.4932624871,46.9733657837,468670000
2023-09-07,45.4402256861,46.2577008027,45.0679191834,46.1548919678,433330000
2023-09-08,45.8564544336,46.5192156782,45.1867024463,45.4871406555,473069000
2023-09-11,46.0620670682,46.0770385277,44.2294873282,45.093875885,473966000
2023-09-12,44.654691448,45.5879517367,44.4480761757,44.7864456177,349256000
2023-09-13,44.5169487152,45.8444739468,44.4201292173,45.400302887,398355000
2023-09-14,45.8644404753,45.9013703313,45.0469652343,45.4961280823,370097000
2023-09-15,45.2565672674,45.5140862506,43.7264210192,43.8182525635,506831000
2023-09-18,42.6683907368,44.1596079162,41.9217826539,43.8841209412,500271000
2023-09-19,43.7513779116,43.884129671,42.9219240533,43.4389610291,373064000
2023-09-20,43.5188167236,43.8212539489,42.1443817485,42.1603507996,367108000
2023-09-21,41.5055683607,42.0216039478,40.9036905691,40.9406204224,450736000
2023-09-22,41.4945890421,42.03658102,41.1542244005,41.5325202942,479236000
2023-09-25,41.5135499109,42.4567898515,41.100319389,42.1433753967,419091000
2023-09-26,41.9227869648,42.7402621014,41.5774306013,41.8329544067,402282000
2023-09-27,42.2511801171,42.7921706888,41.5514852197,42.3889198303,444935000
2023-09-28,42.3809320399,43.3650960172,42.0365770721,43.0087623596,424663000
2023-09-29,43.7453952888,44.0618063859,43.2263630541,43.418006897,397830000
2023-10-02,43.9480060627,45.0908742993,43.7793220541,44.6986083984,433298000
2023-10-03,44.724558994,45.0459617848,43.1654674137,43.435962677,470850000
2023-10-04,43.6605489829,44.0608032591,43.2113861625,43.9589920044,361821000
2023-10-05,43.9679772159,44.8163967826,43.8062801122,44.6047897339,393483000
2023-10-06,44.1107060129,45.7037346633,43.9440171777,45.6767845154,434436000
2023-10-09,44.7585006061,45.5200803424,44.2853841968,45.1886978149,409675000
2023-10-10,45.2256287138,46.1728590642,45.0040419826,45.7127189636,368582000
2023-10-11,46.1099805993,46.7717480808,45.9642525477,46.7188453674,378137000
2023-10-12,46.6898994619,47.52035097,46.243733198,46.857585907,481325000
2023-10-13,46.8725519403,47.0282634838,45.1956800685,45.3763427734,474115000
2023-10-16,44.9790869346,46.1389219002,44.8283671402,46.0091667175,375099000
2023-10-17,43.9180745615,44.6706722719,42.4009042561,43.8561897278,812333000
2023-10-18,42.5116889203,43.1385216549,41.747116482,42.1174240112,627294000
2023-10-19,42.7312828985,43.2163779838,41.8040119269,42.022605896,501233000
2023-10-20,41.8119982692,42.39092011,41.0015099767,41.3099365234,477266000
2023-10-23,41.1522229758,43.1674641761,40.8687514478,42.8949699402,478530000
2023-10-24,42.996791943,43.6156364606,42.6115128838,43.5816993713,401463000
2023-10-25,43.3171871247,43.5687205849,41.4776204791,41.7012023926,398379000
2023-10-26,41.7750608904,42.1773102915,39.805735489,40.2509040833,541001000
2023-10-27,41.0534152287,41.1292739266,39.9404897315,40.4245872498,416784000
2023-10-30,41.010494692,41.6882273879,40.4056203075,41.0843544006,388028000
2023-10-31,40.3746836636,40.802885727,39.156954061,40.7040672302,517969000
2023-11-01,40.8078741406,42.3020884182,40.7929026793,42.2461929321,437593000
2023-11-02,43.2473178464,43.8022822725,42.8141278884,43.424987793,409172000
2023-11-03,43.938029571,45.2246269422,43.6415817397,44.9211959839,424610000
2023-11-06,45.2006701825,45.8494612764,44.8153874072,45.665802002,400733000
2023-11-07,45.6338661338,46.1319336616,45.0739099774,45.8694267273,343165000
2023-11-08,46.0141539897,46.7797278329,45.8823998222,46.4872741699,346719000
2023-11-09,47.3786072668,48.1401869158,46.6629433895,46.8625717163,540496000
2023-11-10,47.4115546223,48.3817448725,47.1949596224,48.2449989319,421245000
2023-11-13,48.2300203153,49.0245394708,48.0094311817,48.529460907,384136000
2023-11-14,49.5874911639,49.7412037303,48.9486835173,49.563533783,416954000
2023-11-15,49.8420295154,49.8669806844,48.1102592289,48.7969779968,475497000
2023-11-16,48.5883597588,49.4327851631,48.2400105772,49.3878669739,339756000
2023-11-17,49.4317843912,49.6244258165,48.9157487529,49.2062072754,325205000
2023-11-20,49.220174779,50.4538732437,49.0894182006,50.3151321411,414120000
2023-11-21,50.0326582248,50.4229289737,49.1303422622,49.8509979248,565747000
2023-11-22,49.7591762574,50.2412748047,47.6011993647,48.625289917,899420000
2023-11-24,48.3797502545,48.8299107074,47.6560979173,47.6870422363,294645000
2023-11-27,47.7109899899,48.4396301867,47.5632667713,48.1521682739,395662000
2023-11-28,48.1461808183,48.2330206146,47.3846010972,47.7319526672,401491000
2023-11-29,48.288915,48.6712012363,47.7708804255,48.0503578186,382005000
2023-11-30,47.9345736762,48.0204158827,46.3355593499,46.6829109192,526247000
2023-12-01,46.438370316,47.1121126804,46.1009984351,46.6779212952,369317000
2023-12-04,45.9911964975,45.9911964975,44.9261820917,45.4252510071,437543000
2023-12-05,45.3853250958,46.5173118081,45.1906714069,46.4833755493,371718000
2023-12-06,47.1312323177,47.3029280424,45.3314297601,45.4222679138,380590000
2023-12-07,45.6189146142,46.5462671296,45.5230842782,46.5133247375,350823000
2023-12-08,46.5123243078,47.6562907849,46.4674021745,47.4217071533,359224000
2023-12-11,47.4067388079,47.4466649427,45.7486865872,46.5442695618,509728000
2023-12-12,45.9643032103,47.5814278202,45.9643032103,47.5724449158,372387000
2023-12-13,47.5444926943,48.5077806312,47.5235300463,48.0026779175,447792000
2023-12-14,48.3041396881,48.5836416579,47.3378587297,48.2642097473,391232000
2023-12-15,48.1084927098,49.3163449703,48.0346226934,48.8032569885,479948000
2023-12-18,49.312347036,50.3435112355,49.0627906316,49.9881439209,412587000
2023-12-19,49.3363026659,49.6118139109,48.8082419849,49.5159835815,464444000
2023-12-20,49.5668899673,49.9102813338,48.012653531,48.0256309509,397894000
2023-12-21,48.7244005294,49.0078970537,48.3330939124,48.9030838013,300425000
2023-12-22,49.1077126723,49.2953788285,48.381003728,48.7433624268,252507000
2023-12-26,48.8811098527,49.5119884036,48.8731246267,49.1915588379,244200000
2023-12-27,49.4231539825,49.5918528455,48.9979073383,49.3293190002,233648000
2023-12-28,49.5549191233,49.7954888321,49.3243261879,49.4341316223,246587000
2023-12-29,49.7246156616,49.9082911064,48.6644997123,49.4341316223,389293000
2024-01-02,49.1566219567,49.2075301534,47.5105496442,48.0825309753,411254000
2024-01-03,47.4007418553,48.0984990316,47.2360337222,47.4845924377,320896000
2024-01-04,47.6822488404,48.4139500387,47.4237094921,47.9128417969,306535000
2024-01-05,48.3760160464,49.4590900254,48.2202907949,49.0098876953,415039000
2024-01-08,49.4241519819,52.1822500833,49.3912095894,52.1602859497,642510000
2024-01-09,52.308024331,54.2286103076,51.5982835336,53.0457115173,773100000
2024-01-10,53.5208679454,54.5031193415,53.3940905758,54.2535629272,533796000
2024-01-11,54.9014155282,55.2477999661,53.4649695761,54.7247276306,596759000
2024-01-12,54.5230822105,54.8724634617,54.2335996752,54.6129226685,352994000
2024-01-16,54.9203775854,56.7341510321,54.8025869342,56.281955719,449580000
2024-01-17,56.2470255175,56.3708060568,54.6428783177,55.9535484314,474394000
2024-01-18,57.1584046872,57.497801594,56.007450521,57.0056762695,491650000
2024-01-19,57.8861106874,59.3944313603,57.1234662851,59.3854484558,543501000
2024-01-22,59.9424563567,60.2239575039,58.9651932804,59.5481567383,452955000
2024-01-23,59.4643056158,59.8037025117,58.481052676,59.7667694092,294654000
2024-01-24,60.1969990496,62.737481442,59.8316473431,61.2531204224,560271000
2024-01-25,62.2393763866,62.6077249925,60.7420377039,61.5076789856,482777000
2024-01-26,60.8518334373,61.6733749883,60.465522891,60.922706604,390309000
2024-01-29,61.1233427371,62.3781121699,60.7989224935,62.3541564941,348733000
2024-01-30,62.788404069,63.3803504731,62.1495363611,62.6626243591,410735000
2024-01-31,61.3309877993,62.1585193099,60.5923028877,61.4178352356,453795000
2024-02-01,61.9898116307,63.0788792318,61.5406131324,62.9151687622,369146000
2024-02-02,63.8604843494,66.4818242591,63.5769878795,66.0426101685,476578000
2024-02-05,68.1039387726,69.3736848805,67.0857520305,69.2089767456,680078000
2024-02-06,69.506445059,69.6302255805,66.1823596338,68.1019439697,683111000
2024-02-07,68.1977691775,70.0953968556,67.4800432656,69.974609375,495575000
2024-02-08,69.949663544,70.6683872494,69.3317661761,69.5174331665,414422000
2024-02-09,70.4078528736,72.0569222136,70.0874232658,72.0050201416,436637000
2024-02-12,72.4711848409,74.4786183228,71.123581659,72.1198120117,613710000
2024-02-13,70.275092017,73.3196758851,69.4964771761,72.0000228882,602580000
2024-02-14,73.072130701,74.1042927976,71.8103733124,73.7688903809,504917000
2024-02-15,73.7379252686,73.843732362,72.2715301921,72.5290679932,420122000
2024-02-16,73.9685302841,74.2699964255,72.3723682041,72.4841690063,495327000
2024-02-20,71.819333796,71.828320507,67.613812022,69.3287658691,704833000
2024-02-21,67.8853364261,68.7657753067,66.1304599608,67.3522872925,673755000
2024-02-22,74.8918910806,78.4355880496,74.0883190186,78.3986587524,865100000
2024-02-23,80.6466533757,82.2478036454,77.4323654765,78.677154541,829388000
2024-02-26,79.5585830849,80.5029113343,78.3657037104,78.9516677856,503973000
2024-02-27,79.240164748,79.3389957505,77.0251073844,78.5613708496,391705000
2024-02-28,77.4822692936,78.7929353478,76.9881449087,77.5251922607,393110000
2024-02-29,78.9536757298,79.8480821761,78.2109924207,78.9716415405,507289000
2024-03-01,79.8580477692,82.1539696889,79.2940478698,82.1330032349,479135000
2024-03-04,83.9807239389,87.5394009346,83.570457692,85.0857620239,615616000
2024-03-05,85.1226969589,85.9482718304,83.2729010927,85.8154983521,520639000
2024-03-06,87.8699456446,89.5690013057,86.8796549322,88.5467681885,582520000
2024-03-07,90.0022473524,92.6067414093,89.4472080974,92.5089111328,608119000
2024-03-08,94.9736470377,97.2317404077,86.3565552718,87.3767929077,1142269000
2024-03-11,86.2796912167,88.6435966221,84.0206001544,85.6258239746,678364000
2024-03-12,87.8968958359,91.8011349364,86.0011743539,91.7542190552,668075000
2024-03-13,90.8977141532,91.3459360636,88.2822371344,90.7310028076,635713000
2024-03-14,89.4222505453,90.4894039882,86.4503886044,87.7920684814,602318000
2024-03-15,86.7798261428,89.3913042441,86.1079922433,87.685256958,642086000
2024-03-18,90.2318676139,92.245381817,86.934571692,88.3022079468,668976000
2024-03-19,86.5502383217,90.3876002711,84.8631626713,89.2435836792,672171000
2024-03-20,89.6418701074,90.2538177122,88.070591737,90.2158813477,479063000
2024-03-21,92.1405497228,92.4879481072,90.2488191744,91.2770385742,480372000
2024-03-22,90.9835495526,94.6142675427,90.677080698,94.1261138916,586719000
2024-03-25,93.7787188581,96.5988356256,93.3484636541,94.8378829956,552136000
2024-03-26,95.6854018772,96.2084986653,92.3421887195,92.4010848999,513648000
2024-03-27,92.9511408653,93.0789180896,88.9690337754,90.0940856934,586067000
2024-03-28,89.8445252113,91.1422825108,89.038920094,90.1999130249,435212000
2024-04-01,90.1430091137,92.0656767675,89.0498995434,90.2068939209,452441000
2024-04-02,88.2952066805,89.9383669796,87.4686417182,89.2974777222,433064000
2024-04-03,88.3311590119,90.2178937259,88.2473044742,88.8103256226,370067000
2024-04-04,90.2498154516,90.4774260132,85.7316334629,85.7565917969,434965000
2024-04-05,86.7159391475,88.3281547715,85.7775681457,87.85597229,399678000
2024-04-08,88.5467541436,88.6765344231,86.5821594653,86.9824676514,283220000
2024-04-09,87.2909409012,87.4836082761,82.8785785007,85.2065429688,501700000
2024-04-10,83.781020109,87.2490177899,83.5643921134,86.8886413574,431929000
2024-04-11,87.2689867284,90.5822536504,86.775844402,90.4594650269,431637000
2024-04-12,89.5440477576,90.0192310403,87.378795857,88.0336608887,426805000
2024-04-15,88.9440822883,90.4564645082,85.7805580328,85.852432251,443077000
2024-04-16,86.2836789074,87.9657655012,85.9153207097,87.2639846802,370453000
2024-04-17,88.1873872594,88.6216409673,83.8049716799,83.889831543,495400000
2024-04-18,84.8232215907,86.0411153461,82.2596568359,84.5247344971,447260000
2024-04-19,83.0063742807,84.1783423774,75.4754065153,76.0683746338,875198000
2024-04-22,77.9690867017,79.9346874012,76.2680352727,79.380645752,596341000
2024-04-23,80.6294745958,82.6260197405,80.1253496886,82.2806167603,438559000
2024-04-24,83.8049734488,83.9367491966,79.0462101405,79.5393600464,512208000
2024-04-25,78.731759812,83.1790660826,78.0878773347,82.4892654419,424641000
2024-04-26,83.6732092967,88.1784137974,83.2429540718,87.583442688,551011000
2024-04-29,87.4436926184,87.8400024064,85.1187132769,87.6054153442,388971000
2024-04-30,87.0892964324,88.6655711887,86.1509254004,86.252746582,363709000
2024-05-01,84.9300307249,85.8514327452,81.1146271153,82.8975448608,559863000
2024-05-02,84.3031064177,86.0880195433,83.0562635973,85.6687469482,377898000
2024-05-03,87.6373475986,89.1267669671,86.8896409338,88.6356201172,398341000
2024-05-06,89.2355705611,92.0606833232,88.901150216,91.9808197021,376203000
2024-05-07,90.9406343783,91.6224532048,88.8572415303,90.3975753784,437342000
2024-05-08,89.328410065,91.0364526636,89.2655153705,90.2558059692,325721000
2024-05-09,90.3726081996,90.9146694222,88.0785815255,88.5936889648,378013000
2024-05-10,90.1490045094,91.2431119136,89.072863757,89.7227401733,335325000
2024-05-13,90.3216942845,90.8408002392,88.3760637189,90.2428359985,289680000
2024-05-14,89.4442126722,91.4926696985,88.7803605761,91.1981811523,296507000
2024-05-15,92.3122530646,94.698123687,91.4407600912,94.4665222168,417735000
2024-05-16,94.7460421356,95.653468383,93.9404294422,94.1959915161,323952000
2024-05-17,94.2059787453,94.5763324118,91.6474028508,92.3192367554,359691000
2024-05-20,93.5880449085,95.0355369566,93.2785828772,94.6162643433,318764000
2024-05-21,93.4372989273,95.2351900473,93.0190240643,95.2212142944,328946000
2024-05-22,95.2941036584,95.8541316008,93.0879221286,94.7859802246,548648000
2024-05-23,101.851753141,106.136338808,101.344627449,103.619697571,835065000
2024-05-24,104.268550207,106.291051041,102.822056015,106.285064697,429494000
2024-05-28,110.053558614,114.740447775,109.693182174,113.704238892,652728000
2024-05-29,112.85471267,115.292487915,110.70942293,114.62664032,557442000
2024-05-30,114.451952912,115.618932279,109.473568039,110.309120178,484553000
2024-05-31,112.325617244,112.522283139,106.755262537,109.443611145,613263000
2024-06-03,113.424722603,114.801338196,111.80951385,114.801338196,438392000
2024-06-04,115.516107554,116.398575536,113.847988916,116.235855103,403324000
2024-06-05,118.166514135,122.237464624,117.265074206,122.228485107,528402000
2024-06-06,123.833712992,125.370055948,118.115610847,120.788986206,664696000
2024-06-07,119.563103746,121.481788339,117.818129793,120.679176331,412386000
2024-06-10,120.162060022,122.887339602,116.807863912,121.579605103,313434100
2024-06-11,121.569629844,122.667825939,118.544616785,120.711051941,222551200
2024-06-12,122.857494887,126.671208541,122.368303345,124.993972778,299595000
2024-06-13,129.177074072,129.586403029,126.950748045,129.396713257,260704500
2024-06-14,129.746155601,132.62140616,128.108854855,131.662994385,309320400
2024-06-17,132.771167583,133.509940148,129.366775156,130.764465332,288504400
2024-06-18,130.924191961,136.105653598,130.474935539,135.356887817,294335100
2024-06-20,139.569966194,140.528378011,129.306882855,130.564804077,517768400
2024-06-21,126.910822858,130.415049178,124.09546356,126.361724854,649445800
2024-06-24,123.037197245,124.255190862,117.84575728,117.915641785,476060900
2024-06-25,121.000562069,126.291843954,119.123658356,125.882514954,414192600
2024-06-26,125.922448995,127.909172296,122.398258866,126.192008972,362975900
2024-06-27,123.895799836,126.202004058,122.717741146,123.785980225,252571700
2024-06-28,124.375012985,127.499860017,122.548022311,123.336723328,315516700
2024-07-01,123.266838134,124.634579,118.634473608,124.095474243,284885500
2024-07-02,120.930687935,123.206942783,120.830854,122.468154907,218374000
2024-07-03,121.459807052,128.068908691,121.160297668,128.068908691,215749000
2024-07-05,127.170384864,128.637974715,125.473185375,125.622940063,214176700
2024-07-08,127.280183058,130.554791444,126.830926686,127.989013672,237677300
2024-07-09,130.135514449,133.599805763,128.438299621,131.163818359,285366600
2024-07-10,133.809461902,134.877708605,132.202110433,134.688018799,248978600
2024-07-11,135.526627455,135.925963173,126.84094609,127.190368652,374782700
2024-07-12,128.048960494,131.702942129,127.010678373,129.027359009,252680500
2024-07-15,130.345175106,131.173811258,126.970739275,128.228668213,208326200
2024-07-16,128.228648179,128.827651709,124.374999387,126.152069092,214769500
2024-07-17,121.150308906,121.649486123,116.527930624,117.795837402,390086200
2024-07-18,121.649490973,122.19858898,116.368194898,120.890739441,320979500
2024-07-19,120.151962721,121.399905847,117.176870572,117.735946655,217223800
2024-07-22,120.151969842,123.865850026,119.66277824,123.336723328,258068900
2024-07-23,122.577972581,124.484833461,121.899091171,122.388282776,173911000
2024-07-24,118.973906507,119.752621816,113.253339364,114.062004089,327776900
2024-07-25,112.853989255,116.438078117,106.125082317,112.095237732,460067000
2024-07-26,115.998809162,116.008787223,111.396394412,112.873954773,293399100
2024-07-29,113.502938105,116.08867289,111.116871195,111.406387329,248152100
2024-07-30,111.336493613,111.80572146,102.371274217,103.559318542,486833300
2024-07-31,112.714222756,118.145265969,110.697542433,116.827438354,473174200
2024-08-01,117.336597425,119.962274507,106.63423649,109.030288696,523462300
2024-08-02,103.58925681,108.541093822,101.203190354,107.093475342,482027500
2024-08-05,91.9085125004,103.239842128,90.5407717151,100.284706116,552842400
2024-08-06,103.669131676,107.532766484,100.384551946,104.078460693,409012100
2024-08-07,107.632586298,108.620962646,98.5275989707,98.7472381592,411440400
2024-08-08,101.83215027,105.32639072,97.3595191417,104.797264099,391910000
2024-08-09,105.466171639,106.424591071,103.259809048,104.577636719,290844200
2024-08-12,106.145052525,110.887236507,106.085153692,108.840606689,325559900
2024-08-13,112.254982093,116.038746552,111.396396617,115.948890686,312646700
2024-08-14,118.334952871,118.404837379,113.882292896,117.885696411,339246400
2024-08-15,118.564584906,123.03720889,117.276706662,122.657836914,318086700
2024-08-16,121.739352312,124.794314699,120.980600746,124.375007629,302589900
2024-08-19,124.075512575,129.786102295,123.216926981,129.786102295,318333600
2024-08-20,128.188697462,129.666272926,125.68283343,127.040596008,300087400
2024-08-21,127.110485174,129.137151056,126.451575214,128.288543701,257883600
2024-08-22,129.806057286,130.53485181,122.897438307,123.536384583,376189100
2024-08-23,125.652886015,129.386736974,125.013939805,129.157104492,323230300
2024-08-26,129.356790208,131.043996391,124.165342626,126.251899719,331964700
2024-08-27,124.844230396,128.987395382,123.676149869,128.088882446,303134600
2024-08-28,127.909169279,128.118830419,122.438191072,125.403305054,448101100
2024-08-29,121.160300288,124.225248237,116.517950434,117.396499634,453023300
2024-08-30,119.33330911,121.549657262,117.027112712,119.173576355,333751600
2024-09-03,115.819102182,116.018770026,107.113450136,107.822280884,477155100
2024-09-04,105.236553499,113.08361301,103.948675255,106.035232544,372470300
2024-09-05,104.817243866,109.469579805,104.587626581,107.033592224,306850700
2024-09-06,107.862223254,107.972042861,100.783885747,102.660797119,413638100
2024-09-09,104.707412264,106.374669989,103.519375645,106.294799805,273912000
2024-09-10,107.632580206,109.219967586,104.777286151,107.922103882,268283700
2024-09-11,109.209998359,116.997166521,107.243238771,116.717628479,441422400
2024-09-12,116.657717205,120.60155948,115.199995828,118.95413208,366052700
2024-09-13,118.894219125,119.77284345,117.416524796,118.91418457,238358300
2024-09-16,116.60779537,117.995626204,114.181586138,116.597808838,248772300
2024-09-17,117.985644819,118.614666851,114.650859106,115.409667969,231925900
2024-09-18,115.709195607,117.516369329,113.04336299,113.193130493,310318900
2024-09-19,117.166918447,119.47331975,117.067075982,117.68611145,293506400
2024-09-20,116.87737464,118.434946095,115.209981801,115.819030762,382462400
2024-09-23,116.368169386,116.807477747,114.680803575,116.078620911,206228500
2024-09-24,116.33821493,121.609984052,115.199994042,120.681434631,354966800
2024-09-25,121.829633213,124.745083509,121.420276815,123.317314148,284692900
2024-09-26,126.602177474,127.470815278,121.609978167,123.846481323,302582900
2024-09-27,123.776591969,123.836495924,119.073941093,121.210601807,271009200
2024-09-30,118.125427414,121.310453275,117.965680984,121.250549316,226553700
2024-10-01,121.580021643,122.248982157,115.609355387,116.817466736,302094500
2024-10-02,116.258345087,119.19375323,114.960370162,118.664581299,221845900
2024-10-03,120.731351138,124.165986839,120.152254167,122.658340454,277118000
2024-10-04,124.745078349,124.844920811,121.63992978,124.725105286,243678100
2024-10-07,124.795000065,130.436186982,124.755061555,127.520744324,346250200
2024-10-08,130.056761443,133.271738783,129.218075677,132.682662964,285722500
2024-10-09,133.90078324,134.310147279,131.175046423,132.443054199,246191600
2024-10-10,131.704215941,134.789391695,130.795631941,134.599685669,242311300
2024-10-11,133.80093034,135.568173292,133.451485503,134.589706421,170209500
2024-10-14,136.257089127,139.382210768,136.087356178,137.854598999,232347700
2024-10-15,137.654906404,138.353826533,128.539160326,131.394699097,377831000
2024-10-16,133.770994342,136.406875478,131.374744303,135.508285522,264879700
2024-10-17,139.122597942,140.670182678,136.65645042,136.71635437,306435900
2024-10-18,138.453666687,138.68330361,137.065835759,137.784713745,176090200
2024-10-21,137.914498011,143.485794067,137.784695959,143.485794067,264554500
2024-10-22,142.687050234,144.194689004,141.558808268,143.365982056,226311600
2024-10-23,141.808417667,142.207787533,137.24555525,139.342269897,285930000
2024-10-24,140.600312497,141.12948442,138.24399375,140.190948486,172354900
2024-10-25,140.710134373,143.90515439,140.580347539,141.31918335,205122100
2024-10-28,142.776923504,142.916704498,139.831528478,140.300796509,173586700
2024-10-29,140.071123583,142.038051359,138.683292764,141.029632568,157593600
2024-10-30,139.322304573,140.111080669,136.596567762,139.122619629,179418100
2024-10-31,137.38534807,137.395326986,131.903907066,132.552886963,270039600
2024-11-01,134.489861544,137.095790488,134.360074707,135.188766479,207127800
2024-11-04,136.995931863,138.743201516,135.358491198,135.837738037,187528200
2024-11-05,137.235557887,140.151000496,137.115749977,139.691726685,160537400
2024-11-06,142.736983221,146.261475057,141.738543262,145.382843018,242043900
2024-11-07,146.16162979,148.697660666,145.941971773,148.647750854,207323300
2024-11-08,148.537894232,149.536334038,146.031800568,147.399673462,175665800
2024-11-11,148.448033521,148.617781707,143.346020378,145.033370972,182325600
2024-11-12,146.551000829,149.41651834,145.782197874,148.058639526,198634700
2024-11-13,148.837443861,149.097032752,145.672375958,146.041809082,191903300
2024-11-14,147.409683727,148.767562762,145.322947745,146.531051636,194463300
2024-11-15,144.643958839,145.013391899,139.861439235,141.758468628,250132900
2024-11-18,139.282355657,141.329160346,136.936015973,139.931335449,221205300
2024-11-19,141.09954426,146.900478064,140.770057241,146.780654907,227834900
2024-11-20,147.180032236,147.32979213,142.507325489,145.662399292,309871700
2024-11-21,149.117019743,152.651490631,140.480504622,146.441192627,400946600
2024-11-22,145.702348516,146.930440741,140.879896504,141.728561401,236406200
2024-11-25,141.768487751,141.828391708,135.608115359,135.807800293,344941900
2024-11-26,137.485156945,139.082666713,135.458325376,136.706375122,190287700
2024-11-27,134.799358237,137.005917002,131.59437486,135.128845215,226370900
2024-11-29,136.566624232,139.132622387,135.837767286,138.034332275,141863200
2024-12-02,138.613411738,140.230879484,137.604992933,138.413726807,171682800
2024-12-03,138.044303549,140.320745442,137.734789599,140.041183472,164414000
2024-12-04,141.778458446,145.562538767,140.071119602,144.91355896,231224300
2024-12-05,144.893617454,146.321477772,143.73534355,144.843688965,172621200
2024-12-06,144.384367336,145.482717789,141.099265107,142.227584839,188505600
2024-12-09,138.762746606,139.741280805,136.925494369,138.602981567,189308600
2024-12-10,138.802671786,141.608493685,133.590455795,134.868560791,210020900
2024-12-11,137.155145118,139.960951912,135.008357672,139.102233887,184905200
2024-12-12,136.875570842,138.233543248,135.597480958,137.135177612,159211400
2024-12-13,138.732797546,139.391816927,132.342332893,134.049789429,231514900
2024-12-16,133.979872471,134.199545575,130.225485736,131.803131104,237951100
2024-12-17,128.897477098,131.393748707,126.67080709,130.195541382,259410300
2024-12-18,133.660388965,136.496150308,128.088708016,128.717773438,277444500
2024-12-19,131.563483243,133.830101955,129.356787843,130.485092163,209719200
2024-12-20,129.616408197,135.078251848,128.028783066,134.49911499,306528600
2024-12-23,136.076771635,139.581531873,134.918497825,139.461715698,176053500
2024-12-24,139.791221637,141.688382122,138.443228762,140.010894775,105157000
2024-12-26,139.491660744,140.639954878,137.524597409,139.721313477,116205600
2024-12-27,138.343391339,138.812691674,134.509121369,136.805679321,170582600
2024-12-30,134.628906293,140.060795108,133.820116825,137.284942627,167734700
2024-12-31,137.824165249,137.864114132,133.630431433,134.089736938,155659200
2025-01-02,135.797161695,138.672871171,134.429209868,138.103713989,198247200
2025-01-03,139.801206586,144.683913833,139.521625351,144.254562378,229322500
2025-01-06,148.368394465,151.933077606,147.599553785,149.207138062,265377400
2025-01-07,152.801775475,152.901632433,139.801188758,139.930999756,351782200
2025-01-08,142.367379851,143.735331967,137.354861644,139.901062012,227349900
2025-01-10,137.245017862,139.711335572,134.019839025,135.707321167,207602500
2025-01-13,129.796152569,133.290933051,129.316857419,133.031311035,204808900
2025-01-14,135.847118139,136.176627854,129.856065654,131.56350708,195590500
2025-01-15,133.450685529,136.246513018,131.09420432,136.036834717,185217300
2025-01-16,138.433250457,138.543087028,133.290936565,133.370819092,209235600
2025-01-17,136.48615554,138.293453835,135.257994115,137.504638672,201188800
2025-01-21,138.952472184,141.618488543,136.885551894,140.619979858,197749000
2025-01-22,144.444267938,147.569589716,143.455738869,146.85067749,237651400
2025-01-23,144.833695629,147.010437366,143.505677177,147.000457764,155915500
2025-01-24,148.148727758,148.74783906,141.668416185,142.407302856,234657600
2025-01-27,124.613891071,128.208513315,116.52596436,118.243400574,818830900
2025-01-28,121.628337816,128.807617541,116.076632086,128.797637939,579666400
2025-01-29,126.311345484,126.700763251,119.870967674,123.515518188,467120600
2025-01-30,122.916419792,124.813587851,117.923876278,124.464111328,392925500
2025-01-31,123.595404122,127.659334175,119.012252903,119.890937805,388161100
2025-02-03,114.578867768,118.393170512,112.841464847,116.486022949,371235700
2025-02-04,116.78557092,121.019245468,116.525956538,118.473052979,256550000
2025-02-05,121.578423157,124.813589258,120.579914443,124.643844604,262230800
2025-02-06,127.229997719,128.577990781,125.023294042,128.488113403,251483600
2025-02-07,129.027261432,130.17554004,124.813554609,129.646331787,228186300
2025-02-10,129.895997723,134.79867927,129.766201948,133.370819092,216989100
2025-02-11,132.382286094,134.279446542,130.82461495,132.601959229,178902400
2025-02-12,129.826102646,132.042793131,128.88750205,130.94442749,160278600
2025-02-13,131.363793382,136.296428469,130.974375624,135.088226318,197430000
2025-02-14,136.276453269,139.042326434,135.297919079,138.642929077,195479600
2025-02-18,141.059329804,143.226091877,137.724299131,139.192108154,219176600
2025-02-19,139.301950617,141.149197904,137.015372277,139.022369385,167536000
2025-02-20,139.821179483,140.450244873,136.586005638,139.901062012,143903600
2025-02-21,139.831141455,141.249037113,133.83011009,134.229507446,228217600
2025-02-24,136.356357856,138.38332948,129.886025166,130.085723877,251381100
2025-02-25,129.786157116,130.00583025,124.254425598,126.44115448,271428700
2025-02-26,129.796158922,133.530571925,128.298395785,131.084228516,322553800
2025-02-27,134.798678283,134.808657885,119.831034583,119.970825195,443175800
2025-02-28,117.843984927,124.903440622,116.226405825,124.733695984,389091100
2025-03-03,123.32581202,123.515523493,112.112555935,113.889900208,411381400
2025-03-04,110.484991326,119.132072875,109.945795703,115.817024231,398163300
2025-03-05,117.404657518,118.103610577,114.339236042,117.125076294,284337900
2025-03-06,113.3606904,115.177975912,110.055629073,110.405105591,321181900
2025-03-07,111.08410231,113.310780252,107.399602456,112.521957397,341755500
2025-03-10,109.736116529,111.683205604,105.302735104,106.820472717,366487400
2025-03-11,106.83043666,112.07260699,104.613746272,108.597801208,354865700
2025-03-12,113.960297799,116.596602648,112.722027628,115.578025818,323857500
2025-03-13,116.866218758,117.595200497,113.630755175,115.418251038,299033100
2025-03-14,118.444010141,121.70943054,117.984654809,121.499725342,277593500
2025-03-17,122.568231203,122.718022812,117.864823457,119.362724304,255501500
2025-03-18,117.834866273,118.853435494,114.379709244,115.268463135,299686900
2025-03-19,117.105879655,120.281429614,115.518108485,117.355529785,273426200
2025-03-20,116.386888184,120.031773816,116.306998317,118.364112854,248829700
2025-03-21,116.77634741,117.824873386,115.258470351,117.53527832,266498500
2025-03-24,119.712231797,122.048961058,119.172986583,121.240097046,228452500
2025-03-25,120.381299438,121.120261712,118.753575664,120.521102905,167447200
2025-03-26,118.563845463,118.673684513,112.552265946,113.600799561,293463300
2025-03-27,111.194173235,114.289833514,110.505144015,111.27406311,236902100
2025-03-28,111.333978044,112.712051739,108.917366436,109.516525269,229872500
2025-03-31,104.982873102,110.804716138,103.504948554,108.22832489,299212700
2025-04-01,108.36813339,110.045782697,106.321006739,109.995857239,222614000
2025-04-02,107.139847977,111.823286735,106.64054773,110.265464783,220601200
2025-04-03,103.365145399,105.482173696,101.457814686,101.657539368,338769400
2025-04-04,98.7715853476,99.9898716348,91.9810984714,94.1780166626,532273800
2025-04-07,87.3375962125,101.607597846,86.4987754745,97.5033493042,611041300
2025-04-08,103.664713958,105.701859862,94.3278009424,96.1652297974,476243400
2025-04-09,98.7516104513,114.93892489,97.393513057,114.170005798,612918300
2025-04-10,109.216940446,110.704853072,99.011242022,107.419456482,437812400
2025-04-11,108.348165249,111.39390013,107.329595987,110.774765015,313417300
2025-04-14,113.950312455,114.130060864,108.917364633,110.55506897,264705000
2025-04-15,110.814701994,113.460994922,110.345358526,112.042976379,228966900
2025-04-16,104.403694104,106.640557279,100.309425615,104.343772888,397016900
2025-04-17,104.303817957,104.323794233,99.9099819033,101.347961426,292517500
2025-04-21,98.63177357,99.3008417328,94.9069977623,96.7743835449,288501100
2025-04-22,98.6417555091,99.6703127982,97.1438547691,98.7516021729,241004800
2025-04-23,104.373725844,104.653340397,101.877224476,102.566261292,247526000
2025-04-24,103.335183205,106.3908983,102.965698277,106.281051636,220815000
2025-04-25,106.700470339,111.76337497,105.582042567,110.854652405,251064700
2025-04-28,109.536506037,110.215554773,105.871635918,108.577850342,207708500
2025-04-29,107.519314849,110.045772915,107.289640999,108.867424011,170444300
2025-04-30,104.323793761,108.767562866,103.934340182,108.767562866,235044600
2025-05-01,112.921747991,114.779145557,111.144240295,111.453804016,236121500
2025-05-02,114.020215572,115.23850951,113.211351533,114.339767456,190194800
2025-05-05,112.751990666,114.509522131,112.502340531,113.660713196,133163200
2025-05-06,111.323996381,114.579428798,110.664916339,113.381111145,158525600
2025-05-07,112.891796436,117.51531429,112.122869738,116.896179199,206758800
2025-05-08,118.084515255,118.513913797,115.687872406,117.205749512,198428100
2025-05-09,117.185772707,118.064546064,115.048768145,116.486755371,132972200
2025-05-12,121.79930827,122.827865601,120.111670931,122.827865601,225023300
2025-05-13,124.80510663,131.036372255,124.29581819,129.748168945,330430100
2025-05-14,133.013584513,135.250455135,131.495707476,135.150588989,281180800
2025-05-15,134.102074023,136.109271073,132.474365331,134.641326904,226632600
2025-05-16,136.02937003,136.15919298,133.273237959,135.210510254,226542500
2025-05-19,132.204707069,135.679832214,132.204707069,135.380264282,193154600
2025-05-20,134.102054682,134.39165736,132.434393672,134.191940308,161514200
2025-05-21,132.87378601,137.207708716,130.407241446,131.61555481,270608700
2025-05-22,132.044937619,134.062114861,131.365896604,132.644104004,187344000
2025-05-23,129.818074175,132.494316391,128.979253353,131.106262207,198821300
2025-05-27,133.962247039,135.470143502,133.123426301,135.31036377,192953600
2025-05-28,135.839631782,137.057925674,134.601361613,134.621337891,304021100
2025-05-29,142.050923892,143.289194021,137.717001294,138.99520874,369241900
2025-05-30,138.525875174,139.424609611,132.7339887,134.94090271,333170900
2025-06-02,135.30038977,137.926698773,135.210504143,137.187744141,197663100
2025-06-03,138.585766636,141.801261243,137.756926449,141.022354126,225578800
2025-06-04,141.991016188,142.190733253,139.34471556,141.721389771,167120800
2025-06-05,141.971039808,143.798480661,138.635717594,139.7940979,231397900
2025-06-06,142.310539846,143.069485914,141.31193943,141.521652222,153986200
2025-06-09,142.989618546,144.797083146,141.741367829,142.430404663,185114500
2025-06-10,142.490302806,144.088054408,141.331922609,143.758529663,155881900
2025-06-11,144.417645739,144.797145154,141.6812849,142.640014648,167694000
2025-06-12,141.781160466,144.807128906,141.66132496,144.807128906,162365000
2025-06-13,142.290459266,143.389002068,140.662637964,141.781143188,180820600
2025-06-16,143.15932939,145.985551662,143.00951977,144.497543335,183133700
2025-06-17,144.297801872,145.026826544,143.588739624,143.928283691,139108000
2025-06-18,143.818437884,145.456255808,142.929622337,145.286483765,161494100
2025-06-20,145.256523471,146.005525842,142.460244904,143.658660889,242956200
2025-06-23,142.310464024,144.587430229,141.841087941,143.978240967,154308900
2025-06-24,145.366378575,147.763195319,145.306460823,147.703262329,187566100
2025-06-25,149.071461938,154.244564765,149.061465487,154.104751587,269146500
2025-06-26,155.772511474,156.511532613,153.795149532,154.813796997,198145700
2025-06-27,155.832444161,158.498906199,155.05348286,157.540176392,263234500
2025-06-30,158.189304524,158.448968448,155.752562792,157.77986145,194580300
2025-07-01,156.082113124,156.990906397,151.288509759,153.096099854,213143600
2025-07-02,152.776508031,157.390373059,152.766526819,157.04083252,171224100
2025-07-03,158.159340775,160.765869718,157.560148002,159.128051758,143716100
2025-07-07,157.989570428,159.098094594,157.130713731,158.029525757,140139000
2025-07-08,159.118078658,160.006894268,158.179326504,159.787185669,138133000
2025-07-09,161.005549777,164.201290156,160.945632026,162.663345337,183656400
2025-07-10,164.101437713,164.281190972,161.395035704,163.881729126,167704100
2025-07-11,163.502236987,167.666688635,163.252569512,164.700637817,193633300
2025-07-14,165.150034789,165.269885538,161.804499801,163.851776123,136975800
2025-07-15,170.962299896,172.170681922,168.974941341,170.472946167,230627400
2025-07-16,170.832474089,171.521558772,168.675343405,171.142059326,158831500
2025-07-17,171.791205199,173.928358234,170.602785547,172.769897461,160841100
2025-07-18,173.409054386,174.018243683,171.032214962,172.18069458,146456400
2025-07-21,172.520226732,173.14939365,170.772554391,171.152053833,123126100
2025-07-22,171.112111259,171.162047805,164.361107658,166.807846069,193114300
2025-07-23,169.304503834,171.032198463,167.746581257,170.552841187,154082200
2025-07-24,172.210637236,173.598787765,171.072154178,173.508911133,128984600
2025-07-25,173.379080372,174.48760456,172.729951038,173.269226074,122316800
2025-07-28,173.788528207,176.764560036,173.738591668,176.514892578,140023500
2025-07-29,177.723319233,179.141428799,174.787227006,175.276565552,154077500
2025-07-30,176.275216531,179.65072563,175.805840464,179.031555176,174312200
2025-07-31,182.656715896,183.056192993,175.695985577,177.633407593,221685400
2025-08-01,173.858440367,176.30517859,170.662699714,173.488937378,204529000
2025-08-04,174.927030737,179.96032054,174.287882583,179.7605896,148174600
2025-08-05,179.381079836,180.020227953,175.666026646,178.022888184,156407600
2025-08-06,176.09546439,179.660707991,176.01556897,179.181350708,137192300
2025-08-07,181.328495216,183.635420173,178.562175416,180.529556274,151878400
2025-08-08,181.308521198,183.056193502,180.160041684,182.456985474,123396700
2025-08-11,181.807844105,183.595456381,180.010235378,181.817825317,138323200
2025-08-12,182.716650904,184.234618175,179.221306268,182.916381836,145485700
2025-08-13,182.377078407,183.725288765,179.111439054,181.348449707,179871700
2025-08-14,179.510893138,182.776547589,179.221285606,181.777877808,129554000
2025-08-15,181.638082044,181.65804447,177.803178136,180.209976196,156602200
2025-08-18,180.359770476,182.696654131,180.349774025,181.767883301,132008000
2025-08-19,182.187333656,182.25724786,175.256577688,175.40637207,185229200
2025-08-20,174.936997211,175.765895022,168.575475091,175.166687012,215142700
2025-08-21,174.617421447,176.664682356,173.578796316,174.747238159,140040900
2025-08-22,172.38041631,178.352458193,170.972288059,177.753265381,172789400
2025-08-25,178.112781786,181.668044173,176.335150593,179.570831299,163012800
2025-08-26,179.820496556,182.14739921,178.572159203,181.52822876,168688200
2025-08-27,181.737928381,182.247259738,178.86176968,181.358444214,235518900
2025-08-28,180.579503482,184.22464262,176.175365448,179.930358887,281787800
2025-08-29,177.873083568,177.913023657,172.91967452,173.948303223,243257900
2025-09-02,169.773879898,172.150719093,166.997578846,170.552841187,231164900
2025-09-03,170.832483634,172.180694197,168.655390401,170.393066406,164424900
2025-09-04,170.343139819,171.631417343,169.184679025,171.431686401,141670100
2025-09-05,167.80651803,168.805188025,163.851793384,166.797866821,224441400
2025-09-08,167.327137003,170.73260486,167.12740608,168.086120605,163769100
2025-09-09,168.86507541,170.752560751,166.518210487,170.532852173,157548400
2025-09-10,176.405046815,179.051515899,175.236604885,177.09413147,226852000
2025-09-11,179.451133453,180.050375326,176.255212355,176.944335938,151159300
2025-09-12,177.543551245,178.372495775,176.225225418,177.593490601,124911000
2025-09-15,175.446222589,178.6221797,174.287696587,177.523574829,147061600
2025-09-16,176.774536478,177.273899575,174.157878724,174.657241821,140737800
2025-09-17,172.420086958,172.97937118,168.195479487,170.073074341,211843800
2025-09-18,173.758387131,176.874423365,172.739697337,176.015518188,191763300
2025-09-19,175.546098854,177.853153812,174.956838846,176.444946289,237182100
2025-09-22,175.076701803,184.314918936,174.487457016,183.376113892,269637000
2025-09-23,181.738212383,182.187636137,175.985554813,178.202713013,192559600
2025-09-24,179.541004137,179.550985912,175.176560502,176.744567871,143564100
2025-09-25,174.257750873,180.030387347,172.909479587,177.463668823,191586700
2025-09-26,177.943049163,179.541017214,174.707170717,177.963027954,148573700
2025-09-29,180.200172976,183.765633063,180.090327717,181.618377686,193063500
2025-09-30,181.84806316,187.111354352,181.248821362,186.342330933,236981000
2025-10-01,185.004043002,187.900342827,183.665738339,187.001495361,173844900
2025-10-02,189.358501139,190.806651139,187.820454196,188.649398804,136805800
2025-10-03,188.949004086,190.117511861,185.143859866,187.380996704,137596900
2025-10-06,185.26370756,186.991499596,183.096473565,185.303649902,157678100
2025-10-07,185.992777397,188.819174394,183.765622221,184.804290771,140088000
2025-10-08,186.332352294,189.358491426,186.302376488,188.869110107,130168900
2025-10-09,191.985128549,195.051225225,190.816620752,192.324707031,182997200
2025-10-10,193.263503935,195.370816854,181.818110072,182.926696777,268774400
2025-10-13,187.730563638,189.867837081,185.723129477,188.080123901,153482800
2025-10-14,184.534626396,184.56458696,179.471077737,179.80065918,205641400
2025-10-15,184.564607392,184.634510303,177.064163772,179.60093689,214450500
2025-10-16,181.997878108,183.046543706,179.541020097,181.578414917,179723300
2025-10-17,179.950481819,183.865501986,179.521036862,182.986618042,173135200
2025-10-20,182.896729946,184.964085211,181.498504153,182.407348633,128544700
2025-10-21,182.557142969,182.557142969,179.570961587,180.929229736,124240200
2025-10-22,180.909259126,183.206332381,176.534833593,180.050354004,162249600
2025-10-23,180.19017423,182.79685015,179.560971865,181.927963257,111363700
2025-10-24,183.605804972,187.231185639,183.266241751,186.022720337,131296700
2025-10-27,189.747989246,191.755423348,188.189963631,191.246078491,153452700
2025-10-28,192.804109664,202.891235858,191.665562325,200.77394104,297986200
2025-10-29,207.715080746,211.919724954,204.519159801,206.776275635,308829600
2025-10-30,204.88867704,205.897400271,201.153450747,202.631561279,178864400
2025-10-31,206.187018086,207.705086156,201.812607753,202.232070923,179802200
2025-11-03,207.814938666,211.070780422,205.298144507,206.616470337,180267300
2025-11-04,202.741412256,203.710177859,197.677863266,198.436904907,188919300
2025-11-05,198.516812344,202.661520006,194.402050011,194.961349487,171350300
2025-11-06,196.169796348,197.368264728,186.142592109,187.840423584,223029800
2025-11-07,184.664479017,188.08013623,178.682118484,187.910339355,264942300
2025-11-10,194.861479151,199.685328765,193.543153187,198.796463013,198897100
2025-11-11,194.911408081,195.171071405,191.056324354,192.913955688,176483300
2025-11-12,195.470698895,195.640480525,190.886549158,193.553146362,154935300
2025-11-13,190.806628384,191.196130962,183.615803364,186.621963501,207423100
2025-11-14,182.627078606,190.766691266,180.349984026,189.927764893,186591900
2025-11-17,185.73310234,188.759241339,184.085210297,186.362304688,173628900
2025-11-18,183.146413716,184.564603078,179.421154053,181.128982544,213598900
2025-11-19,184.554587303,187.620683711,182.597092702,186.282394409,247246400
2025-11-20,195.700392254,195.750331611,179.620909872,180.409896851,343504800
2025-11-21,181.009139799,184.324902819,172.709712376,178.652145386,346926200
2025-11-24,179.261374573,183.266261226,176.2551989,182.317474365,256618300
2025-11-25,174.687193858,177.933053833,169.334021106,177.593490601,320600300
2025-11-26,181.398645513,182.677013836,178.012964287,180.030380249,183852000
2025-11-28,178.781970294,179.061612409,176.275173036,176.774536133,121332800
2025-12-01,174.53739527,180.07034727,173.458769083,179.690826416,188131000
2025-12-02,181.528456968,185.423498041,179.770704455,181.228851318,182632200
2025-12-03,180.849344113,182.217594145,178.881852258,179.361236572,165138000
2025-12-04,181.398750443,184.295226883,179.740784193,183.156616211,167364900
2025-12-05,183.665982698,184.435048944,180.689617232,182.187789917,143971100
2025-12-08,182.417515779,187.770987085,182.17780265,185.323974609,204378100
2025-12-09,185.333952299,185.493761049,183.096690774,184.744674683,144719700
2025-12-10,184.744674631,185.254047874,181.818235971,183.556121826,162785400
2025-12-11,180.060377409,181.099118991,176.40483245,180.709579468,182136600
2025-12-12,180.889370658,182.597294226,174.407271353,174.806793213,204274900
2025-12-15,177.723240243,178.202651251,174.816781477,176.075241089,164775600
2025-12-16,176.045281332,178.272575804,174.686937422,177.503509521,148588100
2025-12-17,175.885483566,175.915445801,170.102528327,170.731765747,222775500
2025-12-18,174.317380725,175.935402312,171.610690669,173.927856445,176096000
2025-12-19,176.454771478,181.228947066,176.125171669,180.769515991,324925900
2025-12-22,183.695947848,183.935660968,182.127868338,183.4662323,129064400
2025-12-23,182.747103648,189.099356383,182.677181608,188.979507446,174873600
2025-12-24,187.711051795,188.679871349,186.362690284,188.380233765,65528500
2025-12-26,189.688639824,192.45526971,187.770980575,190.297897339,139740300
2025-12-29,187.481334177,188.530042852,185.68352393,187.990707397,120006100
2025-12-30,188.010698173,188.75978455,186.702281167,187.311538696,97687300
2025-12-31,189.339079433,190.327863694,186.262829558,186.27281189,120100500
