date,open,high,low,close,volume
2015-01-02,14.8579998016,14.8833332062,14.21733284,14.6206674576,71466000
2015-01-05,14.3033332825,14.4333333969,13.810667038,14.0059995651,80527500
2015-01-06,14.0039997101,14.279999733,13.6140003204,14.0853328705,93928500
2015-01-07,14.2233333588,14.3186674118,13.9853334427,14.0633325577,44526000
2015-01-08,14.187333107,14.2533330917,14.0006666183,14.0413331985,51637500
2015-01-09,13.9280004501,13.9986667633,13.6639995575,13.7773332596,70024500
2015-01-12,13.5366668701,13.6313333511,13.2833328247,13.4806671143,89254500
2015-01-13,13.5546674728,13.8406667709,13.3940000534,13.6166667938,67159500
2015-01-14,12.3886671066,13.0133333206,12.3333330154,12.8459997177,173278500
2015-01-15,12.9659996033,13.0500001907,12.6666669846,12.7913331985,78247500
2015-01-16,12.7133331299,12.9659996033,12.6433334351,12.8713331223,54048000
2015-01-20,12.9246673584,12.9413328171,12.469332695,12.7953329086,67548000
2015-01-21,12.6366672516,13.2453327179,12.6339998245,13.1046667099,62295000
2015-01-22,13.1333332062,13.5493326187,13.0133333206,13.4413328171,61753500
2015-01-23,13.3526668549,13.5666666031,13.2220001221,13.4193334579,51579000
2015-01-26,13.455332756,13.9079999924,13.4033327103,13.7700004578,48517500
2015-01-27,13.6280002594,13.8686666489,13.5533332825,13.732000351,41715000
2015-01-28,13.7406673431,13.7580003738,13.2279996872,13.2913331985,47244000
2015-01-29,13.4046669006,13.732000351,13.1000003815,13.6800003052,53221500
2015-01-30,13.5973329544,13.8313331604,13.5333328247,13.5733327866,45105000
2015-02-02,13.5979995728,14.1300001144,13.5533332825,14.062666893,62238000
2015-02-03,14.2146673203,14.6913328171,14.0846672058,14.5573329926,72393000
2015-02-04,14.5526666641,14.7653331757,14.453332901,14.5699996948,49581000
2015-02-05,14.6586666107,15.031999588,14.6426668167,14.7326669693,52843500
2015-02-06,14.8000001907,14.8933334351,14.4333333969,14.4906673431,48658500
2015-02-09,14.3586673737,14.52866745,14.1326665878,14.4986667633,52086000
2015-02-10,14.5033330917,14.6999998093,14.3333330154,14.4193334579,80857500
2015-02-11,14.1473331451,14.3159999847,13.8186674118,14.1866674423,146536500
2015-02-12,12.9046669006,13.5393333435,12.8853330612,13.5253334045,234744000
2015-02-13,13.5266666412,13.7326669693,13.3940000534,13.5846672058,92865000
2015-02-17,13.7133331299,13.7133331299,13.4333333969,13.6233329773,59694000
2015-02-18,13.6113328934,13.7446670532,13.5066671371,13.6306667328,40704000
2015-02-19,13.6666669846,14.1626672745,13.5833330154,14.1140003204,77311500
2015-02-20,14.0520000458,14.5066671371,13.9873332977,14.4739999771,89731500
2015-02-23,14.3773326874,14.546667099,13.7553329468,13.8226671219,127497000
2015-02-24,13.8193330765,13.8193330765,13.4466667175,13.6073331833,99054000
2015-02-25,13.6626672745,13.8093328476,13.5053329468,13.5839996338,58642500
2015-02-26,13.6000003815,14.0726671219,13.4813327789,13.812666893,97093500
2015-02-27,13.7933330536,13.9033327103,13.5200004578,13.5559997559,58231500
2015-03-02,13.5133333206,13.5559997559,13.0553331375,13.1553325653,118831500
2015-03-03,13.1206674576,13.3493328094,13.0213327408,13.3039999008,66484500
2015-03-04,13.2833328247,13.5013332367,13.1473331451,13.4960002899,63330000
2015-03-05,13.5233325958,13.7460002899,13.3433332443,13.3753328323,73155000
2015-03-06,13.280667305,13.3833332062,12.8100004196,12.9253330231,100686000
2015-03-09,12.9593334198,12.9659996033,12.5500001907,12.7253332138,101050500
2015-03-10,12.5640001297,12.8999996185,12.5066671371,12.6879997253,83695500
2015-03-11,12.7433328629,13.078666687,12.734000206,12.9160003662,74623500
2015-03-12,12.9166669846,12.9633331299,12.6499996185,12.7379999161,62239500
2015-03-13,12.5966672897,12.7833328247,12.4879999161,12.578666687,81514500
2015-03-16,12.8000001907,13.060667038,12.6533327103,13.046667099,84432000
2015-03-17,13.02866745,13.2473325729,12.9293327332,12.982000351,73411500
2015-03-18,12.9973325729,13.3920001984,12.8739995956,13.3806667328,72313500
2015-03-19,13.4666671753,13.6393327713,12.9686670303,13.0433330536,127128000
2015-03-20,13.1633329391,13.265999794,13.0413331985,13.205332756,64042500
2015-03-23,13.233332634,13.3666667938,13.1646671295,13.3086671829,39474000
2015-03-24,13.4386672974,13.5860004425,13.3166666031,13.4479999542,54748500
2015-03-25,13.218000412,13.2393331528,12.8466672897,12.953332901,85956000
2015-03-26,12.9280004501,12.986000061,12.6466665268,12.6940002441,61920000
2015-03-27,12.6046667099,12.6193332672,12.0933332443,12.3333330154,129073500
2015-03-30,12.3900003433,12.8166666031,12.1199998856,12.7046670914,151342500
2015-03-31,12.9020004272,12.9173326492,12.560667038,12.5846672058,75399000
2015-04-01,12.5799999237,12.8199996948,12.4033327103,12.5059995651,56919000
2015-04-02,12.6820001602,12.8819999695,12.6666669846,12.733332634,75156000
2015-04-06,13.1999998093,13.8500003815,13.1666669846,13.5399999619,186837000
2015-04-07,13.5006666183,13.6706666946,13.4093332291,13.5500001907,65218500
2015-04-08,13.8800001144,14.0600004196,13.7246665955,13.8446674347,94546500
2015-04-09,13.8953332901,14.0246667862,13.7413330078,14.0059995651,57003000
2015-04-10,13.9899997711,14.1099996567,13.9333333969,14.0600004196,61015500
2015-04-13,14.0293331146,14.1999998093,13.9366674423,13.9853334427,56373000
2015-04-14,13.9046669006,13.9659996033,13.6999998093,13.8306665421,45390000
2015-04-15,13.8306665421,13.9726667404,13.7733325958,13.8553333282,29286000
2015-04-16,13.8466672897,13.9446668625,13.7526674271,13.779999733,24886500
2015-04-17,13.6660003662,13.7919998169,13.5666666031,13.7860002518,37048500
2015-04-20,13.7853326797,13.8566665649,13.5900001526,13.6846666336,38389500
2015-04-21,13.720000267,14.0500001907,13.6206674576,13.9606666565,51487500
2015-04-22,14.1666669846,14.7919998169,14.1126670837,14.6293325424,117945000
2015-04-23,14.5513334274,14.7653331757,14.4766674042,14.5733327866,66168000
2015-04-24,14.6999998093,14.720000267,14.5340003967,14.5620002747,36417000
2015-04-27,14.8373327255,15.9166669846,14.8000001907,15.4366674423,175089000
2015-04-28,15.6499996185,15.6999998093,15.2019996643,15.3653326035,91281000
2015-04-29,15.3366670609,15.6646671295,15.1753330231,15.4966669083,59041500
2015-04-30,15.3593330383,15.5260000229,15.0113334656,15.0699996948,58678500
2015-05-01,15.3293333054,15.451333046,14.6940002441,15.0686674118,79225500
2015-05-04,15.2119998932,15.6486673355,15.1406669617,15.3673334122,66519000
2015-05-05,15.8506669998,15.9666671753,15.2753334045,15.529999733,86953500
2015-05-06,15.6066665649,15.6313333511,15.2133331299,15.3620004654,79063500
2015-05-07,14.733332634,15.8319997787,14.6833333969,15.7866668701,141838500
2015-05-08,15.7326669693,15.8940000534,15.5799999237,15.7740001678,70023000
2015-05-11,15.7526674271,16.1919994354,15.687333107,15.9659996033,85084500
2015-05-12,16.0073337555,16.4233322144,15.8793325424,16.3159999847,95451000
2015-05-13,16.5073337555,16.5533332825,16.1499996185,16.2119998932,81603000
2015-05-14,16.3213329315,16.3260002136,16.0833320618,16.2733325958,43438500
2015-05-15,16.2619991302,16.6266670227,16.1666679382,16.5893325806,67914000
2015-05-18,16.4666671753,16.6599998474,16.3999996185,16.5833320618,50298000
2015-05-19,16.5620002747,16.7333335876,16.4099998474,16.4759998322,55113000
2015-05-20,16.4753322601,16.5160007477,16.0913333893,16.2900009155,56334000
2015-05-21,16.2019996643,16.4413337708,16.157333374,16.374666214,29559000
2015-05-22,16.3586673737,16.5733337402,16.3339996338,16.5153331757,33346500
2015-05-26,16.5119991302,16.7999992371,16.4333324432,16.4973335266,52480500
2015-05-27,16.5673332214,16.6333332062,16.3700008392,16.4953327179,51123000
2015-05-28,16.4686660767,16.7866668701,16.3366661072,16.7633323669,54709500
2015-05-29,16.7333335876,16.8579998016,16.6286678314,16.7199993134,56839500
2015-06-01,16.7606678009,16.7733325958,16.4979991913,16.6299991608,37576500
2015-06-02,16.5946674347,16.6266670227,16.4200000763,16.5566673279,32022000
2015-06-03,16.546667099,16.7146663666,16.46733284,16.5993328094,26722500
2015-06-04,16.5,16.6200008392,16.3806667328,16.3946666718,36804000
2015-06-05,16.3999996185,16.6466674805,16.3786678314,16.6093330383,45330000
2015-06-08,16.7233333588,17.25,16.6873321533,17.0860004425,75255000
2015-06-09,17.0266666412,17.1826667786,16.9426670074,17.0666675568,39166500
2015-06-10,16.7933330536,16.9333324432,16.5666675568,16.7133331299,51817500
2015-06-11,16.8840007782,16.9580001831,16.6953334808,16.7606678009,30661500
2015-06-12,16.6806678772,16.8973331451,16.6806678772,16.7126674652,21334500
2015-06-15,16.6466674805,16.7520008087,16.4006671906,16.6919994354,32793000
2015-06-16,16.6753330231,16.8959999084,16.6066665649,16.874666214,29770500
2015-06-17,16.8113327026,17.6240005493,16.8013324738,17.360666275,82693500
2015-06-18,17.4666671753,17.563999176,17.3346672058,17.4593334198,41740500
2015-06-19,17.4933338165,17.5866661072,17.3400001526,17.500667572,36945000
2015-06-22,17.4766674042,17.6266670227,17.045999527,17.3193321228,68416500
2015-06-23,17.3546676636,17.8666667938,17.2380008698,17.8446674347,58062000
2015-06-24,17.7986679077,17.8233337402,17.5813331604,17.6779994965,36184500
2015-06-25,17.7633323669,18.0939998627,17.6833324432,17.9193325043,42738000
2015-06-26,17.9260005951,17.9406661987,17.7333335876,17.8059997559,57576000
2015-06-29,17.4633331299,17.7299995422,17.3799991608,17.468000412,52183500
2015-06-30,17.6533336639,18.0613327026,17.6000003815,17.8840007782,46303500
2015-07-01,18.0739994049,18.1746673584,17.8566665649,17.9433326721,31518000
2015-07-02,18.6800003052,18.8299999237,18.2206668854,18.6679992676,107458500
2015-07-06,18.591999054,18.7793331146,18.4200000763,18.6480007172,61828500
2015-07-07,18.3333320618,18.3466663361,17.3846664429,17.8586673737,91576500
2015-07-08,17.2880001068,17.3866672516,16.954000473,16.9973335266,93316500
2015-07-09,17.2719993591,17.5300006866,17.1193332672,17.1946678162,50011500
2015-07-10,17.4813327789,17.5333328247,17.1879997253,17.2766666412,39163500
2015-07-13,17.4833335876,17.5033321381,17.0699996948,17.4773330688,44404500
2015-07-14,17.4733333588,17.732667923,17.3673324585,17.7099990845,28614000
2015-07-15,17.78266716,17.8326663971,17.4720001221,17.5426673889,30324000
2015-07-16,17.6146678925,17.8133335114,17.5440006256,17.77866745,24240000
2015-07-17,18.1666679382,18.3693332672,17.8833332062,18.310667038,75061500
2015-07-20,18.3333320618,19.1100006104,18.1693325043,18.8173332214,74677500
2015-07-21,18.0033321381,18.2333335876,17.7700004578,17.7846660614,91630500
2015-07-22,17.4179992676,17.9626674652,17.3906669617,17.8579998016,46575000
2015-07-23,17.9766674042,17.9933338165,17.6846675873,17.8133335114,33408000
2015-07-24,17.8253326416,18.0726661682,17.5946674347,17.6940002441,42547500
2015-07-27,17.4953327179,17.6286678314,16.7193336487,16.8673324585,70413000
2015-07-28,17.0499992371,17.6933326721,16.7893333435,17.6546669006,58437000
2015-07-29,17.6180000305,17.8593330383,17.4666671753,17.5879993439,41851500
2015-07-30,17.5126667023,17.795999527,17.4740009308,17.7859992981,30519000
2015-07-31,17.8400001526,17.9573326111,17.6746673584,17.7433338165,33339000
2015-08-03,17.7526664734,17.7806663513,17.1380004883,17.3326663971,38302500
2015-08-04,17.3339996338,17.7813339233,17.2226676941,17.7520008087,35287500
2015-08-05,17.5720005035,18.0666675568,17.3600006104,18.0086669922,93214500
2015-08-06,16.6359996796,17,15.7413330078,16.4086666107,219357000
2015-08-07,16.2386665344,16.2486667633,15.8926668167,16.1673336029,76101000
2015-08-10,15.8766670227,16.1979999542,15.7366666794,16.0760002136,62788500
2015-08-11,15.8100004196,15.953332901,15.6293325424,15.8246669769,63973500
2015-08-12,15.6666669846,15.9846668243,15.515999794,15.8780002594,55920000
2015-08-13,15.9906673431,16.4319992065,15.9413328171,16.1673336029,70338000
2015-08-14,16.482667923,16.52866745,16.1180000305,16.2099990845,65472000
2015-08-17,17.0373325348,17.1060009003,16.7006664276,16.999332428,107650500
2015-08-18,17.0253334045,17.3966674805,16.9039993286,17.3813323975,62925000
2015-08-19,17.3553333282,17.3766670227,17.0013332367,17.0166664124,54064500
2015-08-20,16.8040008545,16.9706668854,16.1266670227,16.1453323364,73587000
2015-08-21,15.733332634,16.2533321381,15.3673334122,15.3846673965,98853000
2015-08-24,13.5193328857,15.4266672134,13,14.5913333893,143724000
2015-08-25,15.3680000305,15.3933334351,14.6079998016,14.6686668396,64909500
2015-08-26,15.1953325272,15.1999998093,14.3673334122,14.9893331528,74445000
2015-08-27,15.3999996185,16.3166675568,15.3873329163,16.1993331909,114840000
2015-08-28,16.1240005493,16.7633323669,16.1046676636,16.5653324127,82705500
2015-08-31,16.374666214,16.9966678619,16.3673324585,16.6040000916,70503000
2015-09-01,16.0226669312,16.3999996185,15.7980003357,15.9086666107,81822000
2015-09-02,16.3533325195,16.5253334045,15.9853334427,16.5126667023,69438000
2015-09-03,16.8040008545,16.8053321838,16.3333320618,16.3713321686,62922000
2015-09-04,16.0593338013,16.2726669312,15.8800001144,16.1286678314,55338000
2015-09-08,16.3366661072,16.610666275,16.2700004578,16.5446662903,47073000
2015-09-09,16.8033332825,16.9500007629,16.5533332825,16.5939998627,50862000
2015-09-10,16.482000351,16.7146663666,16.3553333282,16.5653324127,40635000
2015-09-11,16.5093326569,16.6826667786,16.3153324127,16.6826667786,35262000
2015-09-14,16.7399997711,16.9500007629,16.6446666718,16.8793334961,43363500
2015-09-15,16.8500003815,16.9733333588,16.6333332062,16.9046669006,44002500
2015-09-16,16.8693332672,17.5253334045,16.8586673737,17.4833335876,66256500
2015-09-17,17.5973339081,17.7000007629,17.3793334961,17.47133255,53787000
2015-09-18,17.1973323822,17.5879993439,17.1666679382,17.374666214,56446500
2015-09-21,17.5986671448,18.1046676636,17.0533332825,17.6133327484,91803000
2015-09-22,17.2686672211,17.5100002289,17.0580005646,17.3959999084,54966000
2015-09-23,17.4633331299,17.4720001221,17.172000885,17.4039993286,39012000
2015-09-24,17.3020000458,17.5633335114,17.0806674957,17.5413322449,51723000
2015-09-25,17.7740001678,17.7940006256,17.0766677856,17.1273326874,56601000
2015-09-28,17.1566677094,17.3193321228,16.4406661987,16.5620002747,73516500
2015-09-29,16.6973323822,16.982000351,16.3640003204,16.4433326721,55548000
2015-09-30,16.7999992371,16.8266677856,16.1560001373,16.5599994659,73944000
2015-10-01,16.500667572,16.5666675568,15.8086671829,15.9919996262,68595000
2015-10-02,15.7066669464,16.5133323669,15.6619997025,16.5046672821,66360000
2015-10-05,16.5893325806,16.6560001373,16.2753334045,16.4099998474,55348500
2015-10-06,16,16.2019996643,15.705332756,16.0973339081,78378000
2015-10-07,15.7753334045,15.8466672897,15.2746667862,15.4639997482,102210000
2015-10-08,15.3386669159,15.3813333511,14.7539997101,15.1146669388,91998000
2015-10-09,14.7286672592,14.9580001831,14.5573329926,14.7126674652,92376000
2015-10-12,14.8660001755,14.8666667938,14.3513326645,14.3719997406,57544500
2015-10-13,14.2186670303,14.8346672058,14.0753326416,14.6166667938,77572500
2015-10-14,14.7113332748,14.7299995422,14.3620004654,14.4586668015,46566000
2015-10-15,14.4286670685,14.781999588,14.2466669083,14.7539997101,42663000
2015-10-16,14.8693332672,15.3653326035,14.8579998016,15.1339998245,65017500
2015-10-19,15.1000003815,15.4099998474,14.9960002899,15.2066669464,37618500
2015-10-20,15.1813325882,15.2399997711,13.4666671753,14.2019996643,223500000
2015-10-21,14.1326665878,14.3206672668,13.9200000763,14.0059995651,62272500
2015-10-22,14.1040000916,14.3833332062,13.9600000381,14.1146669388,42378000
2015-10-23,14.3333330154,14.3566665649,13.8459997177,13.939332962,63532500
2015-10-26,14.0920000076,14.3920001984,14,14.3506669998,50871000
2015-10-27,14.3226671219,14.4733333588,13.8339996338,14.0233325958,52791000
2015-10-28,14.0873327255,14.2299995422,13.8866672516,14.1973333359,40929000
2015-10-29,14.1166667938,14.25,14.0426673889,14.1086673737,27075000
2015-10-30,14.0266666412,14.1086673737,13.592666626,13.7953329086,66583500
2015-11-02,13.9280004501,14.3866672516,13.814666748,14.2526674271,58918500
2015-11-03,14.2566671371,14.295999527,13.8500003815,13.8900003433,124987500
2015-11-04,15.1333332062,15.515999794,15.0133333206,15.4420003891,190896000
2015-11-05,15.3719997406,15.6386671066,15.2793331146,15.451333046,67452000
2015-11-06,15.3800001144,15.5573329926,15.3000001907,15.4906673431,36679500
2015-11-09,15.53266716,15.53266716,14.954000473,15.0220003128,57763500
2015-11-10,14.8986673355,14.9133329391,14.4053325653,14.4333333969,69255000
2015-11-11,14.517999649,14.6319999695,14.2419996262,14.6053333282,50217000
2015-11-12,14.5233325958,14.6000003815,14.1773328781,14.1960000992,43738500
2015-11-13,14.1966667175,14.1993331909,13.767999649,13.812666893,51454500
2015-11-16,13.7393331528,14.3319997787,13.720000267,14.2873325348,43881000
2015-11-17,14.3466672897,14.3999996185,14.0933332443,14.266667366,32230500
2015-11-18,14.3000001907,14.7586669922,14.1680002213,14.7379999161,42178500
2015-11-19,14.7026672363,15.0793333054,14.6866674423,14.7866668701,37566000
2015-11-20,14.8993330002,15,14.2386665344,14.6673326492,66010500
2015-11-23,14.4899997711,14.6120004654,14.3120002747,14.516667366,37893000
2015-11-24,14.3579998016,14.733332634,14.3333330154,14.5500001907,37204500
2015-11-25,14.7559995651,15.3886671066,14.6920003891,15.3093328476,59862000
2015-11-27,15.4040002823,15.483332634,15.1339998245,15.4406671524,29241000
2015-11-30,15.4526672363,15.6186666489,15.2720003128,15.3506669998,39897000
2015-12-01,15.4040002823,15.8666667938,15.4033327103,15.812666893,56010000
2015-12-02,15.8000001907,15.9066667557,15.4153327942,15.4659996033,44722500
2015-12-03,15.6986665726,15.8299999237,15.3333330154,15.513999939,44094000
2015-12-04,15.4973325729,15.5513334274,15.1773328781,15.3586673737,38604000
2015-12-07,15.1800003052,15.7086668015,15.076666832,15.4086666107,47163000
2015-12-08,15.1680002213,15.2533330917,14.9466667175,15.1146669388,40314000
2015-12-09,15.1133327484,15.1666669846,14.7146673203,14.968000412,45867000
2015-12-10,14.9806671143,15.2326669693,14.9093332291,15.1379995346,31075500
2015-12-11,15.015999794,15.0500001907,14.4426670074,14.468000412,49030500
2015-12-14,14.5006666183,14.7279996872,14.3246669769,14.5719995499,42406500
2015-12-15,14.7880001068,14.814666748,14.5333328247,14.7393331528,33666000
2015-12-16,14.8066673279,15.6586666107,14.7153329849,15.6339998245,76564500
2015-12-17,15.5959997177,15.8506669998,15.3206672668,15.5593328476,49479000
2015-12-18,15.5260000229,15.7266674042,15.2860002518,15.3640003204,45213000
2015-12-21,15.4460000992,15.7220001221,15.4053325653,15.5039997101,29298000
2015-12-22,15.6660003662,15.7700004578,15.3086671829,15.3299999237,29422500
2015-12-23,15.4786672592,15.5633325577,15.2086668015,15.3133325577,23325000
2015-12-24,15.3706674576,15.4586668015,15.2186670303,15.3713331223,10620000
2015-12-28,15.4326667786,15.4653329849,15.0360002518,15.2633333206,28519500
2015-12-29,15.3373327255,15.8479995728,15.3033332825,15.812666893,36094500
2015-12-30,15.7733325958,16.2420005798,15.7113332748,15.8726673126,55468500
2015-12-31,15.9006671906,16.2299995422,15.8913326263,16.000667572,40725000
2016-01-04,15.3813333511,15.4253330231,14.6000003815,14.8940000534,102406500
2016-01-05,15.0906667709,15.1260004044,14.6666669846,14.8953332901,47802000
2016-01-06,14.6666669846,14.6700000763,14.3986673355,14.6026668549,56686500
2016-01-07,14.2793331146,14.562666893,14.2446670532,14.3766670227,53314500
2016-01-08,14.5240001678,14.6960000992,14.0513334274,14.0666666031,54421500
2016-01-11,14.2673330307,14.296667099,13.5333328247,13.8566665649,61371000
2016-01-12,14.1066665649,14.2493333817,13.687333107,13.998000145,46378500
2016-01-13,14.1339998245,14.1766672134,13.3333330154,13.3540000916,61896000
2016-01-14,13.4806671143,14,12.8920001984,13.7453327179,97360500
2016-01-15,13.2646665573,13.671333313,13.1499996185,13.6660003662,83679000
2016-01-19,13.9139995575,14.0313329697,13.3853330612,13.6479997635,60580500
2016-01-20,13.2933330536,13.4186668396,12.75,13.2466669083,87579000
2016-01-21,13.4366674423,13.548666954,13.0013332367,13.3313331604,47493000
2016-01-22,13.6533327103,13.6999998093,13.2686672211,13.5033330917,46861500
2016-01-25,13.3373327255,13.5713329315,13.0586671829,13.0920000076,40480500
2016-01-26,13.1133327484,13.1879997253,12.5920000076,12.9040002823,74463000
2016-01-27,12.8253326416,12.8839998245,12.3846673965,12.5380001068,54258000
2016-01-28,12.719332695,12.751999855,12.1606674194,12.6466665268,68892000
2016-01-29,12.6633329391,12.9160003662,12.5386667252,12.7466669083,42784500
2016-02-01,12.5839996338,13.3013334274,12.1833333969,13.1293325424,79464000
2016-02-02,12.8280000687,12.8746671677,12.0153331757,12.185333252,86604000
2016-02-03,12.2393331528,12.2626667023,11.3453330994,11.5653333664,118971000
2016-02-04,11.3800001144,11.732000351,11.1326665878,11.6886672974,65781000
2016-02-05,11.4200000763,11.5333328247,10.515999794,10.8400001526,141564000
2016-02-08,10.4733333588,10.4766674042,9.73333263397,9.86600017548,139695000
2016-02-09,9.48799991608,10.6526670456,9.40333271027,9.88333320618,129774000
2016-02-10,10.0333328247,10.3313331604,9.44933319092,9.57800006866,156097500
2016-02-11,10.1333332062,10.8839998245,9.80000019073,10.0313329697,213786000
2016-02-12,10.3333330154,10.46733284,9.57999992371,10.0693330765,108537000
2016-02-16,10.5799999237,10.8633327484,10.2740001678,10.3446674347,83907000
2016-02-17,10.6000003815,11.2893333435,10.4453325272,11.2453327179,87378000
2016-02-18,11.4946670532,11.529999733,10.9846668243,11.1180000305,58314000
2016-02-19,10.9106674194,11.1660003662,10.8333330154,11.1053333282,44391000
2016-02-22,11.3413333893,11.9273328781,11.3233327866,11.8493328094,75901500
2016-02-23,11.7440004349,12.1153326035,11.578666687,11.8140001297,89766000
2016-02-24,11.516667366,11.9666671753,11.189332962,11.9333333969,80934000
2016-02-25,11.9099998474,12.5679998398,11.6800003052,12.4953327179,86260500
2016-02-26,12.5799999237,12.8000001907,12.3333330154,12.689332962,90976500
2016-02-29,12.826666832,13.0900001526,12.6146669388,12.7953329086,67485000
2016-03-01,12.9499998093,13.0633325577,12.1800003052,12.423333168,100683000
2016-03-02,12.2486667633,12.5679998398,12.1000003815,12.5559997559,72936000
2016-03-03,12.5520000458,13.1613330841,12.2813329697,13.0493326187,72435000
2016-03-04,13.1999998093,13.6020002365,13.1666669846,13.4026670456,97336500
2016-03-07,13.1786670685,13.9799995422,13.1599998474,13.6859998703,79941000
2016-03-08,13.5666666031,13.8333330154,13.4799995422,13.5066671371,62680500
2016-03-09,13.6346673965,13.9580001831,13.5193328857,13.9146671295,48129000
2016-03-10,14,14.219332695,13.3780002594,13.6786670685,77887500
2016-03-11,13.8620004654,13.9613332748,13.6886672974,13.8333330154,50146500
2016-03-14,14.1766672134,14.4479999542,14.0426673889,14.3433332443,60985500
2016-03-15,14.2846670151,14.5979995728,14.1000003815,14.5559997559,47707500
2016-03-16,14.5333328247,14.8386669159,14.468000412,14.7953329086,52750500
2016-03-17,14.7646665573,15.233332634,14.6666669846,15.0920000076,56743500
2016-03-18,15.2733325958,15.6319999695,15.204000473,15.515999794,70677000
2016-03-21,15.689332962,15.9919996262,15.6666669846,15.8879995346,79617000
2016-03-22,15.8140001297,15.9326667786,15.5039997101,15.6160001755,64740000
2016-03-23,15.4913330078,15.6486673355,14.8020000458,14.8386669159,74232000
2016-03-24,14.3853330612,15.2593326569,14.3333330154,15.1833333969,74413500
2016-03-28,15.4406671524,15.6540002823,15,15.3506669998,58885500
2016-03-29,15.3260002136,15.4919996262,15.0220003128,15.3420000076,60214500
2016-03-30,15.6726665497,15.6999998093,15.1000003815,15.1260004044,60495000
2016-03-31,15.2893333435,15.8280000687,15.0006666183,15.3179998398,120193500
2016-04-01,16.3220005035,16.5266666412,15.5500001907,15.8393325806,239962500
2016-04-04,16.6079998016,16.8080005646,16.2426662445,16.4659996033,202129500
2016-04-05,16.0333328247,17.1040000916,16,17.0313339233,149230500
2016-04-06,16.9313335419,17.8493328094,16.8966674805,17.6946678162,175582500
2016-04-07,17.7633323669,17.9559993744,16.96733284,17.1466674805,132843000
2016-04-08,17.3666667938,17.3880004883,16.5346660614,16.671333313,110458500
2016-04-11,16.7333335876,17.2660007477,16.3533325195,16.6613330841,137425500
2016-04-12,16.6333332062,16.7866668701,16.2420005798,16.5213336945,86448000
2016-04-13,16.5673332214,17.0333328247,16.4886665344,16.9686660767,73884000
2016-04-14,16.8666667938,17.1226673126,16.7366676331,16.7906665802,61983000
2016-04-15,16.7539997101,16.9733333588,16.6079998016,16.96733284,56286000
2016-04-18,16.8153324127,17.2206668854,16.7773323059,16.9253330231,64071000
2016-04-19,16.874666214,16.9580001831,16.0833320618,16.4913330078,95362500
2016-04-20,16.4173336029,16.9106674194,16.1000003815,16.6646671295,77911500
2016-04-21,16.5993328094,16.7266674042,16.4606666565,16.5526676178,41746500
2016-04-22,16.592666626,16.9333324432,16.3806667328,16.9166679382,56794500
2016-04-25,16.8673324585,17.1586666107,16.71733284,16.7880001068,55054500
2016-04-26,16.8033332825,17.0486679077,16.6259994507,16.9160003662,48357000
2016-04-27,16.8500003815,17,16.6266670227,16.764667511,48087000
2016-04-28,16.6566677094,16.8953323364,16.4960002899,16.513999939,37785000
2016-04-29,16.5426673889,16.5620002747,15.8540000916,16.0506668091,81207000
2016-05-02,16.1000003815,16.2126674652,15.6546669006,16.1200008392,57658500
2016-05-03,15.8240003586,15.9273328781,15.4413328171,15.4879999161,64533000
2016-05-04,15.3526668549,15.6306667328,14.6933326721,14.8373327255,130507500
2016-05-05,15.2306671143,15.2426671982,13.986000061,14.1020002365,168822000
2016-05-06,14.0579996109,14.4246673584,13.8739995956,14.328666687,85278000
2016-05-09,14.3813333511,14.4099998474,13.7866668701,13.9280004501,71646000
2016-05-10,13.8366670609,13.9646673203,13.6666669846,13.9126672745,61059000
2016-05-11,13.8393325806,14.3653326035,13.7366666794,13.9306669235,77428500
2016-05-12,14.0959997177,14.1113328934,13.5773334503,13.8186674118,54757500
2016-05-13,13.8520002365,14.0799999237,13.779999733,13.8406667709,42342000
2016-05-16,13.8766670227,14.2100000381,13.8613328934,13.8859996796,44241000
2016-05-17,13.9366674423,13.9879999161,13.6013326645,13.6440000534,42654000
2016-05-18,13.9433326721,14.3540000916,13.8500003815,14.0780000687,84262500
2016-05-19,14.2413330078,14.4526672363,13.8199996948,14.3473329544,102994500
2016-05-20,14.4659996033,14.703332901,14.423333168,14.685333252,135106500
2016-05-23,14.6579999924,14.8400001526,14.3906669617,14.4146671295,76537500
2016-05-24,14.4399995804,14.5826673508,14.3453330994,14.5273332596,45207000
2016-05-25,14.5273332596,14.7573328018,14.4340000153,14.6386671066,46902000
2016-05-26,14.6999998093,15.0173330307,14.6033334732,15.0080003738,61086000
2016-05-27,14.9993333817,15.0620002747,14.7166671753,14.8693332672,54754500
2016-05-31,14.8693332672,14.983332634,14.766667366,14.8819999695,41835000
2016-06-01,14.7653331757,14.826666832,14.4593334198,14.6373329163,44740500
2016-06-02,14.6393327713,14.6606674194,14.4739999771,14.5973329544,30492000
2016-06-03,14.6666669846,14.795999527,14.5340003967,14.5993328094,33435000
2016-06-06,14.5333328247,14.7266674042,14.3633327484,14.7119998932,33742500
2016-06-07,14.8159999847,15.6293325424,14.767999649,15.4893331528,93204000
2016-06-08,15.5866670609,16.0566673279,15.5073328018,15.701333046,89580000
2016-06-09,15.6653327942,15.6886672974,15.1373329163,15.2906665802,67381500
2016-06-10,15.1593332291,15.1979999542,14.5613327026,14.5860004425,90399000
2016-06-13,14.6333332062,15.0513334274,14.5106668472,14.5246667862,62895000
2016-06-14,14.5920000076,14.8133325577,14.1686668396,14.3306665421,53703000
2016-06-15,14.4633331299,14.7933330536,14.3420000076,14.5133333206,43627500
2016-06-16,14.4946670532,14.5360002518,14.233332634,14.52866745,36604500
2016-06-17,14.5206670761,14.6660003662,14.3000001907,14.3646669388,46689000
2016-06-20,14.6333332062,14.9166669846,14.548666954,14.6466665268,53332500
2016-06-21,14.7119998932,14.8380002975,14.5873327255,14.6406669617,67935000
2016-06-22,13.2980003357,13.7299995422,13.0500001907,13.1106672287,356136000
2016-06-23,13.045999527,13.1700000763,12.8086671829,13.0933332443,151960500
2016-06-24,12.6700000763,13.0080003738,12.6486673355,12.8766670227,105397500
2016-06-27,12.7239999771,13.2539997101,12.5246667862,13.2366666794,108081000
2016-06-28,13.4593334198,13.6033334732,13.2939996719,13.4526672363,93186000
2016-06-29,13.6753330231,14.1186666489,13.5333328247,14.0126667023,89923500
2016-06-30,14.1979999542,14.233332634,13.9346666336,14.1520004272,72646500
2016-07-01,13.7426671982,14.5493326187,13.733332634,14.4333333969,81000000
2016-07-05,13.982000351,14.3026666641,13.8666667938,14.2653331757,77629500
2016-07-06,14,14.3486671448,13.9333333969,14.295999527,73798500
2016-07-07,14.2066669464,14.5413331985,14.2006673813,14.3959999084,54180000
2016-07-08,14.5200004578,14.6540002823,14.3000001907,14.4519996643,61122000
2016-07-11,14.6639995575,15.1186666489,14.6339998245,14.9853334427,81447000
2016-07-12,14.9399995804,15.1666669846,14.8813333511,14.9766674042,68569500
2016-07-13,15.0333328247,15.0393333435,14.6859998703,14.8353328705,53506500
2016-07-14,14.8746671677,14.9960002899,14.7366666794,14.7686672211,40137000
2016-07-15,14.8346672058,14.8500003815,14.6426668167,14.6933326721,33513000
2016-07-18,14.6426668167,15.1393327713,14.5533332825,15.0833330154,51181500
2016-07-19,15,15.2733325958,14.983332634,15.0173330307,46726500
2016-07-20,15.0979995728,15.3199996948,15,15.2239999771,38527500
2016-07-21,15.0666666031,15.1899995804,14.6066665649,14.6999998093,66430500
2016-07-22,14.7993326187,14.9666671753,14.5920000076,14.8179998398,38695500
2016-07-25,14.8179998398,15.4259996414,14.7580003738,15.3339996338,67360500
2016-07-26,15.1793327332,15.3333330154,15.0200004578,15.3006668091,51450000
2016-07-27,15.2893333435,15.5573329926,15.1280002594,15.2326669693,43335000
2016-07-28,15.1966667175,15.3839998245,15.1066665649,15.3739995956,36286500
2016-07-29,15.3800001144,15.685333252,15.3493328094,15.6526670456,46062000
2016-08-01,15.6999998093,15.7753334045,15.2919998169,15.3339996338,60244500
2016-08-02,15.2913331985,15.3246669769,14.7600002289,15.1466665268,59016000
2016-08-03,15.1579999924,15.3133325577,14.9473333359,15.0526666641,58317000
2016-08-04,15.045999527,15.3906669617,14.8033332825,15.3739995956,62205000
2016-08-05,15.3333330154,15.4666671753,15.1599998474,15.3353328705,48078000
2016-08-08,15.1999998093,15.3066673279,15.0726671219,15.0773334503,33954000
2016-08-09,15.1213331223,15.4359998703,15.1099996567,15.2720003128,33117000
2016-08-10,15.2159996033,15.3246669769,14.9746665955,15.0433330536,35074500
2016-08-11,15.0780000687,15.171333313,14.8940000534,14.9940004349,28213500
2016-08-12,15.0273332596,15.1099996567,14.9359998703,15.0406665802,27202500
2016-08-15,15.0679998398,15.3000001907,14.9953327179,15.0393333435,30514500
2016-08-16,15.03266716,15.1459999084,14.8940000534,14.907333374,34006500
2016-08-17,14.955332756,14.9886665344,14.8533334732,14.8826665878,26806500
2016-08-18,14.921333313,15.0439996719,14.8193330765,14.9006671906,25717500
2016-08-19,14.9026670456,15.0113334656,14.8353328705,15,24892500
2016-08-22,14.9446668625,15.0073328018,14.8453330994,14.8620004654,30982500
2016-08-23,14.9546670914,15.2326669693,14.8533334732,14.9893331528,71766000
2016-08-24,15.1366672516,15.1433334351,14.814666748,14.8413333893,38560500
2016-08-25,14.8739995956,14.9200000763,14.718000412,14.7306671143,26437500
2016-08-26,14.8093328476,14.8573331833,14.5880002975,14.6660003662,33585000
2016-08-29,14.6766672134,14.6933326721,14.3333330154,14.3466672897,48994500
2016-08-30,14.407333374,14.407333374,14.0346670151,14.0893325806,47533500
2016-08-31,14.02866745,14.173333168,13.9099998474,14.1339998245,49147500
2016-09-01,13.9340000153,14.0733327866,13.3666667938,13.3846673965,119146500
2016-09-02,13.4886665344,13.546667099,13.0799999237,13.185333252,89661000
2016-09-06,13.267999649,13.5500001907,13.266667366,13.5220003128,65859000
2016-09-07,13.6999998093,13.766667366,13.3806667328,13.4473333359,54613500
2016-09-08,13.3033332825,13.3260002136,13.0906667709,13.157333374,50668500
2016-09-09,13.2726669312,13.3280000687,12.9133329391,12.9646673203,56355000
2016-09-12,13,13.4246673584,12.9399995804,13.220000267,55728000
2016-09-13,13.1373329163,13.2326669693,12.8966665268,13.0699996948,53841000
2016-09-14,13.0500001907,13.1946668625,12.9906673431,13.0939998627,33817500
2016-09-15,13.0993328094,13.5013332367,13.0933332443,13.3613328934,46158000
2016-09-16,13.3613328934,13.7133331299,13.266667366,13.6933326721,46617000
2016-09-19,13.8000001907,13.9619998932,13.6666669846,13.7559995651,34492500
2016-09-20,13.7899999619,13.8500003815,13.5939998627,13.6426668167,36157500
2016-09-21,13.7580003738,13.8000001907,13.437333107,13.6813325882,39502500
2016-09-22,13.7600002289,13.8186674118,13.5333328247,13.7620000839,35743500
2016-09-23,13.7326669693,14.0120000839,13.7113332748,13.8299999237,43578000
2016-09-26,13.766667366,14.0666666031,13.766667366,13.9326667786,35916000
2016-09-27,13.9766674042,13.9986667633,13.6406669617,13.7206668854,50598000
2016-09-28,13.8339996338,13.8833332062,13.6840000153,13.7513332367,31326000
2016-09-29,13.7066669464,13.8219995499,13.3719997406,13.3800001144,40905000
2016-09-30,13.4806671143,13.6653327942,13.3033332825,13.6020002365,38794500
2016-10-03,14.1533327103,14.3780002594,13.8833332062,14.2466669083,89998500
2016-10-04,14.2066669464,14.22133255,13.921333313,14.0939998627,53122500
2016-10-05,14.1493330002,14.2100000381,13.8746671677,13.8973331451,28162500
2016-10-06,13.4973325729,13.6140003204,13.3473329544,13.3999996185,70551000
2016-10-07,13.3999996185,13.421333313,13.0533332825,13.1073331833,52395000
2016-10-10,13.423333168,13.6093330383,13.310667038,13.3966665268,49744500
2016-10-11,13.4566669464,13.4799995422,13.2206668854,13.3400001526,34926000
2016-10-12,13.3966665268,13.5920000076,13.3613328934,13.4340000153,29560500
2016-10-13,13.3666667938,13.3933334351,13.1366672516,13.3493328094,37419000
2016-10-14,13.3773326874,13.4286670685,13.0866670609,13.1006669998,64048500
2016-10-17,13.1366672516,13.2259998322,12.8000001907,12.9306669235,68311500
2016-10-18,13.0659999847,13.2980003357,12.8839998245,13.2733325958,85207500
2016-10-19,13.3159999847,13.7773332596,13.204000473,13.5706672668,104868000
2016-10-20,13.4746665955,13.5333328247,13.1366672516,13.2733325958,76093500
2016-10-21,13.2399997711,13.4379997253,13.1606674194,13.3393325806,44151000
2016-10-24,13.3999996185,13.5966672897,13.3500003815,13.5173330307,41274000
2016-10-25,13.5266666412,13.6459999084,13.4133329391,13.4893331528,36675000
2016-10-26,13.3999996185,13.545999527,13.3400001526,13.4826669693,84492000
2016-10-27,14.0893325806,14.2466669083,13.4433326721,13.6006669998,196405500
2016-10-28,13.6000003815,13.6879997253,13.3219995499,13.3313331604,64201500
2016-10-31,13.4993333817,13.4993333817,13.0539999008,13.1820001602,70384500
2016-11-01,13.2026672363,13.233332634,12.5406665802,12.719332695,105900000
2016-11-02,12.6700000763,12.8466672897,12.5006666183,12.5346670151,63801000
2016-11-03,12.6000003815,12.7646665573,12.469332695,12.4946670532,39795000
2016-11-04,12.6000003815,12.8973331451,12.3973331451,12.704000473,77190000
2016-11-07,12.9060001373,12.9526672363,12.6700000763,12.8806667328,58051500
2016-11-08,12.9193334579,13.1660003662,12.7506666183,12.9960002899,49014000
2016-11-09,12.4586668015,12.8000001907,12.2633333206,12.6706666946,122596500
2016-11-10,12.7366666794,12.7740001678,12.0279998779,12.3566665649,101254500
2016-11-11,12.28266716,12.5920000076,12.1999998093,12.5706672668,59827500
2016-11-14,12.5333328247,12.5500001907,11.8793325424,12.0966672897,98283000
2016-11-15,12.185333252,12.4286670685,12.1366672516,12.2513332367,58530000
2016-11-16,12.1766672134,12.3153333664,12.0806665421,12.2620000839,51516000
2016-11-17,12.2326669693,12.6326665878,12.1406669617,12.5773334503,73306500
2016-11-18,12.7100000381,12.8666667938,12.3333330154,12.3346672058,78154500
2016-11-21,12.3360004425,12.592666626,12.2939996719,12.3013334274,65415000
2016-11-22,12.3893327713,12.7646665573,12.2473325729,12.7446670532,84051000
2016-11-23,12.7073326111,13.0426673889,12.6000003815,12.8760004044,73378500
2016-11-25,12.9093332291,13.1493330002,12.9093332291,13.1099996567,35491500
2016-11-28,13.031999588,13.2899999619,12.970000267,13.0746669769,67938000
2016-11-29,13.0373325348,13.1153326035,12.6333332062,12.6379995346,66589500
2016-11-30,12.733332634,12.7926673889,12.5,12.6266670227,53206500
2016-12-01,12.5500001907,12.5686674118,12.0666666031,12.1253328323,76896000
2016-12-02,12.1920003891,12.3253326416,12,12.0979995728,60634500
2016-12-05,12.1673326492,12.592666626,12.1673326492,12.453332901,61083000
2016-12-06,12.3680000305,12.4386672974,12.1786670685,12.3900003433,50874000
2016-12-07,12.4099998474,12.8933334351,12.3333330154,12.8766670227,81928500
2016-12-08,12.8033332825,12.8333330154,12.6359996796,12.8193330765,47911500
2016-12-09,12.7246665955,12.9226665497,12.7206668854,12.8120002747,40837500
2016-12-12,12.8533334732,12.9613332748,12.7453327179,12.828666687,36583500
2016-12-13,12.8786668777,13.4186668396,12.8666667938,13.2100000381,102358500
2016-12-14,13.2493333817,13.5333328247,13.1173334122,13.2460002899,62263500
2016-12-15,13.2273330688,13.3826665878,13.1593332291,13.1719999313,48294000
2016-12-16,13.205332756,13.5059995651,13.173333168,13.4993333817,56953500
2016-12-19,13.4993333817,13.6300001144,13.3226671219,13.5153331757,52321500
2016-12-20,13.5366668701,13.9333333969,13.5,13.9193334579,70336500
2016-12-21,13.8966665268,14.1486673355,13.8273334503,13.8466672897,78114000
2016-12-22,13.8813333511,13.9993333817,13.766667366,13.8966665268,46666500
2016-12-23,13.8666667938,14.2299995422,13.8473329544,14.2226667404,70057500
2016-12-27,14.3253326416,14.8166666031,14.294667244,14.6353330612,88735500
2016-12-28,14.7686672211,14.9200000763,14.4799995422,14.6493330002,56737500
2016-12-29,14.5706672668,14.6133327484,14.2746667862,14.3120002747,60675000
2016-12-30,14.4200000763,14.5,14.1120004654,14.2460002899,69639000
2017-01-03,14.3240003586,14.6886672974,14.0640001297,14.4659996033,88849500
2017-01-04,14.3166666031,15.1999998093,14.2873325348,15.1326665878,168202500
2017-01-05,15.0946674347,15.1653327942,14.796667099,15.1166667938,88675500
2017-01-06,15.1286668777,15.3540000916,15.029999733,15.2673330307,82918500
2017-01-09,15.2646665573,15.4613332748,15.1999998093,15.4186668396,59692500
2017-01-10,15.4666671753,15.4666671753,15.1260004044,15.3246669769,54900000
2017-01-11,15.2713327408,15.3319997787,15.1120004654,15.3153333664,54762000
2017-01-12,15.2706670761,15.3800001144,15.0386667252,15.3059997559,56853000
2017-01-13,15.3333330154,15.8566665649,15.3059997559,15.8500003815,91395000
2017-01-17,15.779999733,15.9973325729,15.6246671677,15.705332756,69262500
2017-01-18,15.7766666412,15.9806671143,15.705332756,15.8906669617,56535000
2017-01-19,16.4833335876,16.578666687,16.0499992371,16.250667572,115984500
2017-01-20,16.3640003204,16.3999996185,16.2006664276,16.3153324127,63064500
2017-01-23,16.3899993896,16.7259998322,16.3666667938,16.5946674347,93943500
2017-01-24,16.6666679382,16.9866676331,16.6433334351,16.9740009308,74482500
2017-01-25,17.1539993286,17.2306671143,16.7866668701,16.9646663666,77139000
2017-01-26,16.9526672363,17.0493335724,16.7166671753,16.8339996338,47281500
2017-01-27,16.7586669922,16.8666667938,16.5680007935,16.8633327484,47494500
2017-01-30,16.8353328705,17.0193328857,16.4733333588,16.7086677551,57016500
2017-01-31,16.6159992218,17.0593338013,16.5133323669,16.7953338623,61741500
2017-02-01,16.8700008392,16.8799991608,16.6033325195,16.6159992218,59382000
2017-02-02,16.5559997559,16.827999115,16.513999939,16.7700004578,37497000
2017-02-03,16.7940006256,16.8120002747,16.6453323364,16.7553329468,32800500
2017-02-06,16.7333335876,17.1879997253,16.7086677551,17.1846675873,53437500
2017-02-07,17.2126674652,17.3333320618,17.0946674347,17.1653327942,63672000
2017-02-08,17.1566677094,17.5573329926,17.0799999237,17.4720001221,58995000
2017-02-09,17.75,18.078666687,17.7433338165,17.9466667175,117303000
2017-02-10,17.986000061,18.0633335114,17.7406673431,17.9486675262,54295500
2017-02-13,18.0493335724,18.7193336487,18.0340003967,18.7066669464,105444000
2017-02-14,18.6019992828,19.1593322754,18.5739994049,18.732000351,110178000
2017-02-15,18.6666679382,18.8159999847,18.4293327332,18.6506671906,74218500
2017-02-16,18.5066661835,18.6666679382,17.8999996185,17.9300003052,106159500
2017-02-17,17.7199993134,18.1926670074,17.6100006104,18.1486663818,93856500
2017-02-21,18.3633327484,18.7600002289,18.267332077,18.4926662445,85150500
2017-02-22,18.6873321533,18.8966674805,18.1733322144,18.2339992523,131325000
2017-02-23,17.6000003815,17.6439990997,17.0373325348,17.0659999847,223728000
2017-02-24,16.8439998627,17.2166671753,16.6800003052,17.1333332062,122574000
2017-02-27,16.5446662903,16.5573329926,16.1340007782,16.4153327942,171912000
2017-02-28,16.2793331146,16.7333335876,16.2600002289,16.6660003662,91171500
2017-03-01,16.9453334808,16.9899997711,16.6073322296,16.6679992676,72142500
2017-03-02,16.6473331451,16.8853321075,16.5513324738,16.6986675262,50277000
2017-03-03,16.7159996033,16.7933330536,16.6000003815,16.7713336945,43791000
2017-03-06,16.5273323059,16.7800006866,16.500667572,16.7473335266,50332500
2017-03-07,16.7946662903,16.9260005951,16.5546665192,16.5726661682,51892500
2017-03-08,16.4666671753,16.671333313,16.3546676636,16.4580001831,55878000
2017-03-09,16.5086669922,16.5773334503,16.2000007629,16.3266677856,58189500
2017-03-10,16.4139995575,16.4333324432,16.2000007629,16.2460002899,45994500
2017-03-13,16.3213329315,16.4566669464,16.185333252,16.4113330841,45339000
2017-03-14,16.407333374,17.2080001831,16.4013328552,17.2000007629,113976000
2017-03-15,17.1333332062,17.3999996185,16.9513320923,17.0486679077,79962000
2017-03-16,17.4933338165,17.7166671753,17.2706661224,17.4699993134,106983000
2017-03-17,17.6000003815,17.6886672974,17.4133338928,17.4333324432,97462500
2017-03-20,17.3733329773,17.6366672516,17.2546672821,17.4613323212,54214500
2017-03-21,17.5219993591,17.6533336639,16.6826667786,16.7119998932,103629000
2017-03-22,16.7706661224,17.0046672821,16.7006664276,17.000667572,60889500
2017-03-23,17.0259990692,17.1779994965,16.8866672516,16.985332489,49803000
2017-03-24,17.046667099,17.592666626,17.000667572,17.5440006256,84709500
2017-03-27,17.3733329773,18.0380001068,17.3166675568,18.014667511,93462000
2017-03-28,18.468000412,18.7119998932,18.3333320618,18.4966678619,119814000
2017-03-29,18.5559997559,18.6399993896,18.3693332672,18.4920005798,55143000
2017-03-30,18.5359992981,18.7999992371,18.4806671143,18.5279998779,62226000
2017-03-31,18.5820007324,18.6453323364,18.421333313,18.5533332825,49419000
2017-04-03,19.1266670227,19.9333324432,18.9720001221,19.9013328552,208329000
2017-04-04,19.7926673889,20.3206672668,19.6353321075,20.2466678619,152019000
2017-04-05,20.1359996796,20.3253326416,19.6133327484,19.6666679382,118213500
2017-04-06,19.7919998169,20.1293334961,19.6066665649,19.9133338928,82809000
2017-04-07,19.8333320618,20.1793327332,19.8099994659,20.1693325043,68694000
2017-04-10,20.6100006104,20.9153327942,20.5806674957,20.8260002136,114967500
2017-04-11,20.8920001984,20.8980007172,20.3666667938,20.5806674957,85869000
2017-04-12,20.4226665497,20.5633335114,19.7546672821,19.7893333435,90760500
2017-04-13,19.7800006866,20.4926662445,19.6866664886,20.2666664124,139269000
2017-04-17,20.1800003052,20.2666664124,19.9120006561,20.0960006714,62080500
2017-04-18,19.9799995422,20.0559997559,19.8600006104,20.0166664124,45535500
2017-04-19,20.1639995575,20.4413337708,20.1406669617,20.3680000305,58470000
2017-04-20,20.4340000153,20.6100006104,20.0153331757,20.1673336029,92241000
2017-04-21,20.1333332062,20.4266662598,20.0279998779,20.3733329773,67647000
2017-04-24,20.6146678925,20.703332901,20.4013328552,20.5353336334,76252500
2017-04-25,20.5333328247,20.9319992065,20.3906669617,20.9193325043,101065500
2017-04-26,20.8246669769,20.9666671753,20.6000003815,20.6779994965,70425000
2017-04-27,20.7793331146,20.8726673126,20.5,20.5753326416,52029000
2017-04-28,20.6553325653,20.9866676331,20.5333328247,20.9379997253,67582500
2017-05-01,20.9920005798,21.8166675568,20.9873332977,21.5219993591,132444000
2017-05-02,21.6000003815,21.8439998627,21.1040000916,21.2593326569,80742000
2017-05-03,21.1779994965,21.435333252,20.6966667175,20.7346668243,107001000
2017-05-04,20.4960002899,20.517999649,19.3840007782,19.6973323822,212280000
2017-05-05,19.8666667938,20.5699996948,19.7866668701,20.5566673279,122659500
2017-05-08,20.7266674042,20.9193325043,20.3880004883,20.4793338776,105097500
2017-05-09,20.625333786,21.4659996033,20.6066665649,21.4173336029,145147500
2017-05-10,21.4373321533,21.7000007629,21.2080001831,21.6813335419,86124000
2017-05-11,21.5599994659,21.7333335876,21.3066673279,21.5400009155,71307000
2017-05-12,21.6986675262,21.7999992371,21.435333252,21.6539993286,61824000
2017-05-15,21.2253322601,21.3466663361,20.8353328705,21.0586662292,114330000
2017-05-16,21.1726665497,21.3373336792,21.0093326569,21.1340007782,62287500
2017-05-17,20.9593334198,20.9753322601,20.3666667938,20.407333374,100678500
2017-05-18,20.4666671753,20.9293327332,20.3540000916,20.8706665039,84807000
2017-05-19,21.0333328247,21.1000003815,20.6800003052,20.7220001221,70314000
2017-05-22,20.8533325195,20.9580001831,20.453332901,20.6900005341,64938000
2017-05-23,20.6973323822,20.7153339386,20.232000351,20.2573337555,64776000
2017-05-24,20.4340000153,20.7333335876,20.3600006104,20.6813335419,75499500
2017-05-25,20.7346668243,21.1313323975,20.5206661224,21.1219997406,75210000
2017-05-26,21.1520004272,21.6993331909,21.0873336792,21.6760005951,117033000
2017-05-30,21.7333335876,22.4186668396,21.71733284,22.3400001526,116743500
2017-05-31,22.5126667023,22.8593330383,22.3439998627,22.7339992523,149451000
2017-06-01,22.9333324432,22.9920005798,22.486000061,22.6913337708,114120000
2017-06-02,22.6513328552,22.8586673737,22.3953323364,22.6566677094,83853000
2017-06-05,22.5666675568,23.2293338776,22.2806663513,23.1546669006,101766000
2017-06-06,22.9799995422,23.9659996033,22.6646671295,23.5233325958,166302000
2017-06-07,23.7560005188,24.0333328247,23.6760005951,23.9766674042,140970000
2017-06-08,24.25,24.7933330536,24.014667511,24.6666679382,135922500
2017-06-09,24.9613323212,25.124666214,23.6533336639,23.8213329315,258921000
2017-06-12,23.8659992218,24.2999992371,23.374666214,23.9340000153,157765500
2017-06-13,24.5079994202,25.0666675568,24.4406661987,25.0633335114,177118500
2017-06-14,25.4060001373,25.6166667938,25.0873336792,25.3773326874,192276000
2017-06-15,24.8333320618,25.0306663513,24.4326667786,25.0226669312,156397500
2017-06-16,25.1986675262,25.2006664276,24.6733322144,24.7600002289,100965000
2017-06-19,25,25.1133327484,24.5200004578,24.6533336639,98239500
2017-06-20,25.111333847,25.2586669922,24.6486663818,24.8159999847,111580500
2017-06-21,24.9566669464,25.1326675415,24.5346660614,25.0933322906,73848000
2017-06-22,25.1993331909,25.6666679382,24.9046669006,25.5073337555,112947000
2017-06-23,25.4966678619,25.7993335724,25.2900009155,25.5633335114,96687000
2017-06-26,25.7793331146,25.796667099,24.8733329773,25.1660003662,99061500
2017-06-27,25.0933322906,25.0933322906,24.1346664429,24.158000946,104946000
2017-06-28,24.4453334808,24.78266716,24.1679992676,24.749332428,94537500
2017-06-29,24.7073326111,24.7333335876,23.6066665649,24.0499992371,123315000
2017-06-30,24.2473335266,24.4513320923,23.9746665955,24.1073322296,87727500
2017-07-03,24.6826667786,24.7566661835,23.4333324432,23.5079994202,94581000
2017-07-05,23.1466674805,23.1493320465,21.7553329468,21.8059997559,255700500
2017-07-06,21.1506671906,21.3859996796,20.4200000763,20.5886669159,289867500
2017-07-07,20.8999996185,21.1333332062,20.4920005798,20.8813323975,212653500
2017-07-10,20.8600006104,21.1959991455,20.2086677551,21.0699996948,207313500
2017-07-11,21.0666675568,21.8186664581,20.953332901,21.814666748,173391000
2017-07-12,22.0266666412,22.2066669464,21.6333332062,21.968000412,155191500
2017-07-13,22.0073337555,22.1066665649,21.3313331604,21.560667038,128917500
2017-07-14,21.545999527,21.8946666718,21.4146671295,21.8519992828,84378000
2017-07-17,21.7026672363,21.8066673279,20.8966674805,21.3046665192,148153500
2017-07-18,21.1666679382,21.9419994354,21.0440006256,21.8826675415,95605500
2017-07-19,21.8819999695,22.1100006104,21.5480003357,21.6840000153,95355000
2017-07-20,21.7933330536,22.014667511,21.6133327484,21.9946670532,77493000
2017-07-21,21.9640007019,22.0839996338,21.7199993134,21.8933334351,73524000
2017-07-24,22.0160007477,22.8933334351,22.000667572,22.8346672058,129556500
2017-07-25,23,23.0400009155,22.2766666412,22.6399993896,104838000
2017-07-26,22.6906661987,23.0333328247,22.5413322449,22.9233322144,72312000
2017-07-27,23.0666675568,23.1666679382,21.7526664734,22.2973327637,124536000
2017-07-28,22.4593334198,22.6399993896,22.1673336029,22.3379993439,73206000
2017-07-31,22.3666667938,22.7660007477,21.4026660919,21.564666748,128026500
2017-08-01,21.5333328247,21.6299991608,21.0753326416,21.3046665192,124546500
2017-08-02,21.2626667023,21.8080005646,20.7479991913,21.7259998322,196372500
2017-08-03,23.0219993591,23.3333320618,22.8766670227,23.139333725,203025000
2017-08-04,23.1333332062,23.8180007935,22.8866672516,23.7940006256,139033500
2017-08-07,23.8233337402,23.9653339386,23.5166664124,23.6779994965,94867500
2017-08-08,23.8353328705,24.5720005035,23.8266677856,24.3479995728,111747000
2017-08-09,24.0666675568,24.6666679382,23.9300003052,24.235332489,103381500
2017-08-10,24.1066665649,24.4433326721,23.6439990997,23.6933326721,106393500
2017-08-11,23.7980003357,24.0839996338,23.5746669769,23.8579998016,65487000
2017-08-14,24.3086662292,24.5106678009,24.1733322144,24.2533321381,67788000
2017-08-15,24.3466663361,24.3659992218,23.9580001831,24.1553325653,46276500
2017-08-16,24.2000007629,24.4333324432,24.1679992676,24.1940002441,51207000
2017-08-17,24.0806674957,24.2199993134,23.439332962,23.4613323212,75415500
2017-08-18,23.5273323059,23.6000003815,23.0533332825,23.1639995575,81123000
2017-08-21,23.0546665192,23.0546665192,22.1233329773,22.5240001678,97431000
2017-08-22,22.7420005798,22.8159999847,22.4913330078,22.7566661835,64830000
2017-08-23,22.5993328094,23.5659999847,22.5533332825,23.517999649,74317500
2017-08-24,23.5013332367,23.7773323059,23.3159999847,23.52866745,68770500
2017-08-25,23.6159992218,23.7126674652,23.1533336639,23.203332901,52260000
2017-08-28,23.1520004272,23.1566677094,22.6480007172,23.0440006256,56460000
2017-08-29,22.6319999695,23.2700004578,22.5833320618,23.157333374,61105500
2017-08-30,23.3113327026,23.564666748,23.1333332062,23.5453338623,51193500
2017-08-31,23.5699996948,23.8959999084,23.5213336945,23.7266674042,61092000
2017-09-01,23.7413330078,23.8393325806,23.5793323517,23.6933326721,45742500
2017-09-05,23.5866661072,23.6993331909,23.0593338013,23.3059997559,57526500
2017-09-06,23.2999992371,23.3986663818,22.7706661224,22.9686660767,61371000
2017-09-07,23.0653324127,23.4986667633,22.8966674805,23.3740005493,63588000
2017-09-08,23.2660007477,23.3186664581,22.8199996948,22.8933334351,48952500
2017-09-11,23.4233322144,24.2473335266,23.3333320618,24.2460002899,115006500
2017-09-12,24.2993335724,24.5839996338,24.0266666412,24.1833324432,89593500
2017-09-13,24.2546672821,24.5380001068,23.9726676941,24.4153327942,62778000
2017-09-14,24.2886676788,25.1973323822,24.1753330231,25.1760005951,108037500
2017-09-15,24.96733284,25.3333320618,24.8466663361,25.3206672668,81307500
2017-09-18,25.3500003815,25.9740009308,25.1786670685,25.6666679382,107820000
2017-09-19,25.3333320618,25.4926662445,24.9046669006,25.0066661835,96778500
2017-09-20,24.8666667938,25.2166671753,24.7380008698,24.9273338318,73786500
2017-09-21,24.9933338165,25.1219997406,24.3006668091,24.4319992065,69273000
2017-09-22,24.4326667786,24.6599998474,23.3920001984,23.4060001373,122391000
2017-09-25,23.5433330536,23.8313331604,22.8586673737,22.999332428,114088500
2017-09-26,23.3953323364,23.4160003662,22.7266674042,23.0166664124,107344500
2017-09-27,23.3266677856,23.4326667786,22.7000007629,22.7313327789,90904500
2017-09-28,22.6586666107,22.8500003815,22.3600006104,22.6399993896,79794000
2017-09-29,22.7906665802,22.9786663055,22.5733337402,22.7399997711,76606500
2017-10-02,22.8346672058,22.9133338928,22.3673324585,22.7686672211,79302000
2017-10-03,22.3933334351,23.2366676331,22.0853328705,23.2093334198,152304000
2017-10-04,23.4166679382,23.908000946,23.3066673279,23.6673336029,122452500
2017-10-05,23.7333335876,23.8293323517,23.4233322144,23.6886672974,62575500
2017-10-06,23.5400009155,24.0066661835,23.4833335876,23.7919998169,64462500
2017-10-09,23.3099994659,23.4500007629,22.8446674347,22.8626670837,112405500
2017-10-10,23.1200008392,23.7086677551,23.0353336334,23.7059993744,104677500
2017-10-11,23.592666626,23.8400001526,23.4099998474,23.6399993896,67512000
2017-10-12,23.5300006866,23.985332489,23.5093326569,23.7119998932,61305000
2017-10-13,23.7986679077,23.8993320465,23.578666687,23.7046661377,53107500
2017-10-16,23.5839996338,23.6319999695,23.1439990997,23.3733329773,80632500
2017-10-17,23.3939990997,23.7479991913,23.3379993439,23.7166671753,49399500
2017-10-18,23.7313327789,24.2000007629,23.6086673737,23.9766674042,74086500
2017-10-19,23.704000473,23.8099994659,23.2133331299,23.454000473,75927000
2017-10-20,23.5126667023,23.6366672516,22.9559993744,23.0066661835,73956000
2017-10-23,23.3253326416,23.3299999237,22.4166679382,22.468000412,86209500
2017-10-24,22.5866661072,22.8533325195,22.4106674194,22.4893321991,67375500
2017-10-25,22.4466667175,22.5,21.5706672668,21.7226676941,128911500
2017-10-26,21.8519992828,22.0153331757,21.546667099,21.7446670532,75352500
2017-10-27,21.3166675568,21.639333725,21.110666275,21.3913326263,104695500
2017-10-30,21.27866745,21.5853328705,21.1499996185,21.3386669159,63816000
2017-10-31,21.3486671448,22.1299991608,21.3453330994,22.1019992828,85084500
2017-11-01,22.1499996185,22.1739997864,21.3506679535,21.4053325653,126859500
2017-11-02,20.0086669922,20.5793323517,19.5086669922,19.9506664276,296871000
2017-11-03,19.9666671753,20.4166679382,19.6753330231,20.4060001373,133410000
2017-11-06,20.4666671753,20.5,19.9340000153,20.185333252,97290000
2017-11-07,20.0680007935,20.4333324432,20.0020008087,20.4033336639,79414500
2017-11-08,20.3666667938,20.4593334198,20.0866661072,20.2926673889,70879500
2017-11-09,20.1666679382,20.2973327637,19.7533321381,20.1993331909,81706500
2017-11-10,20.1666679382,20.5573329926,20.1233329773,20.1993331909,69381000
2017-11-13,20.0086669922,21.1200008392,19.9406661987,21.0266666412,113773500
2017-11-14,21,21.0900001526,20.4599990845,20.5799999237,85141500
2017-11-15,20.4006671906,20.8326663971,20.1000003815,20.7533321381,89680500
2017-11-16,20.9326667786,21.2093334198,20.7533321381,20.8333320618,87331500
2017-11-17,21.7113323212,21.7779998779,20.8766670227,21.0033321381,206026500
2017-11-20,20.9193325043,21.0333328247,20.3166675568,20.5826663971,123715500
2017-11-21,20.7240009308,21.2153339386,20.5806674957,21.1873321533,108919500
2017-11-22,21.1180000305,21.1613330841,20.7893333435,20.8400001526,73764000
2017-11-24,20.9193325043,21.0939998627,20.7333335876,21.0366668701,48661500
2017-11-27,20.8833332062,21.1560001373,20.6340007782,21.1206665039,68338500
2017-11-28,21.0906677246,21.3333320618,20.9279994965,21.1700000763,74242500
2017-11-29,21.1533336639,21.2000007629,20.0820007324,20.5026664734,131511000
2017-11-30,20.5706672668,20.7133331299,20.3026676178,20.5900001526,65274000
2017-12-01,20.3626670837,20.6879997253,20.3366661072,20.435333252,64393500
2017-12-04,20.4333324432,20.5513324738,20.0406665802,20.3466663361,87526500
2017-12-05,20.1333332062,20.5333328247,20.0666675568,20.2466678619,69697500
2017-12-06,20.0066661835,20.8926677704,20,20.8840007782,107929500
2017-12-07,20.7999992371,21.2420005798,20.7366676331,20.749332428,71709000
2017-12-08,20.9733333588,21.1319999695,20.750667572,21.0086669922,52027500
2017-12-11,20.9753322601,21.9340000153,20.9166679382,21.9273338318,119070000
2017-12-12,22.0300006866,22.7626667023,22.0020008087,22.735332489,130998000
2017-12-13,22.7286663055,22.9479999542,22.4333324432,22.6019992828,93322500
2017-12-14,22.7339992523,23.1626663208,22.4599990845,22.5259990692,86998500
2017-12-15,22.8026676178,22.9266662598,22.3840007782,22.8966674805,103998000
2017-12-18,22.9933338165,23.1153335571,22.5053329468,22.5913333893,82143000
2017-12-19,22.6840000153,22.7660007477,22.0200004578,22.0733337402,102375000
2017-12-20,22.1793327332,22.2066669464,21.6693325043,21.9319992065,89307000
2017-12-21,21.9726676941,22.249332428,21.813999176,22.110666275,65778000
2017-12-22,21.96733284,22.0613327026,21.6546669006,21.6800003052,63237000
2017-12-26,21.5886669159,21.5960006714,21.1053333282,21.1526660919,65676000
2017-12-27,21.0666675568,21.1786670685,20.7166671753,20.7759990692,70681500
2017-12-28,20.7833328247,21.0546665192,20.6359996796,21.0240001678,64744500
2017-12-29,21.078666687,21.0939998627,20.6666679382,20.7566661835,56658000
2018-01-02,20.7999992371,21.4740009308,20.7333335876,21.3686676025,65283000
2018-01-03,21.3999996185,21.6833324432,21.0366668701,21.1499996185,67822500
2018-01-04,20.8579998016,21.2366676331,20.3786678314,20.9746665955,149194500
2018-01-05,21.1079998016,21.1493320465,20.7999992371,21.1053333282,68868000
2018-01-08,21.0666675568,22.468000412,21.0333328247,22.4273338318,147891000
2018-01-09,22.3439998627,22.5866661072,21.8266677856,22.2460002899,107199000
2018-01-10,22.1466674805,22.4666671753,22,22.3199996948,64648500
2018-01-11,22.3493328094,22.9873332977,22.21733284,22.5300006866,99682500
2018-01-12,22.5753326416,22.6940002441,22.2446670532,22.4146671295,72376500
2018-01-16,22.5026664734,23,22.3199996948,22.6706676483,97114500
2018-01-17,22.6979999542,23.2666664124,22.6499996185,23.1439990997,106552500
2018-01-18,23.0446662903,23.4866676331,22.9160003662,22.97133255,85287000
2018-01-19,23,23.3726673126,22.8400001526,23.3346672058,73324500
2018-01-22,23.2933330536,23.8553333282,23.2800006866,23.4373321533,93156000
2018-01-23,24,24.0333328247,23.3999996185,23.5193328857,81981000
2018-01-24,23.638666153,23.6499996185,22.9013328552,23.0593338013,79312500
2018-01-25,23.218000412,23.2800006866,22.4266662598,22.5093326569,101104500
2018-01-26,22.7666664124,22.9333324432,22.3806667328,22.8566665649,68091000
2018-01-29,22.6566677094,23.3899993896,22.5520000458,23.3020000458,71206500
2018-01-30,23.0093326569,23.218000412,22.8113327026,23.0546665192,70765500
2018-01-31,23.1673336029,23.7460002899,23.0126667023,23.6206665039,93211500
2018-02-01,23.3999996185,23.9773330688,23.2420005798,23.2833328247,62965500
2018-02-02,23.2293338776,23.4633331299,22.7006664276,22.9166679382,55572000
2018-02-05,22.5313339233,22.9646663666,22.2000007629,22.2086677551,66961500
2018-02-06,21.6806678772,22.4146671295,21.5666675568,22.264667511,76326000
2018-02-07,22.5993328094,23.0666675568,22.3773326874,23,104538000
2018-02-08,22.8873329163,23.2413330078,20.9733333588,21.0153331757,154719000
2018-02-09,21.328666687,21.3986663818,19.6506671906,20.6946678162,194005500
2018-02-12,21.0753326416,21.2053337097,20.4166679382,21.0486679077,93417000
2018-02-13,21.0013332367,21.6126670837,20.8339996338,21.5773334503,68403000
2018-02-14,21.389333725,21.7446670532,21.2346668243,21.4873332977,59260500
2018-02-15,21.6333332062,22.2746677399,21.4933338165,22.2713336945,88693500
2018-02-16,22.1666679382,22.874666214,22.1093330383,22.3659992218,84639000
2018-02-20,22.2980003357,22.7226676941,22.1000003815,22.3180007935,60141000
2018-02-21,22.4020004272,22.6459999084,22.2113323212,22.2199993134,48294000
2018-02-22,22.3686676025,23.1626663208,22.3166675568,23.077999115,104547000
2018-02-23,23.1886672974,23.6660003662,23.1399993896,23.4699993134,87261000
2018-02-26,23.5666675568,23.9333324432,23.4906673431,23.827999115,65100000
2018-02-27,23.75,23.999332428,23.3339996338,23.3993320465,71961000
2018-02-28,23.5046672821,23.6826667786,22.814666748,22.8706665039,91045500
2018-03-01,23.000667572,23.2446670532,22.0046672821,22.0620002747,103284000
2018-03-02,21.7986679077,22.3479995728,21.5313339233,22.3413333893,76392000
2018-03-05,22.1593322754,22.5166664124,21.9526672363,22.2233333588,57357000
2018-03-06,22.25,22.4246673584,21.8020000458,21.8799991608,64285500
2018-03-07,21.6959991455,22.1666679382,21.4493331909,22.1533336639,75109500
2018-03-08,22.1906661987,22.2199993134,21.7513332367,21.9400005341,53493000
2018-03-09,21.6066665649,21.8993320465,21.4913330078,21.8113327026,82602000
2018-03-12,21.907333374,23.1473331451,21.7666664124,23.0340003967,123960000
2018-03-13,21.907333374,23.1473331451,21.7666664124,22.7893333435,89487000
2018-03-14,22.4506664276,22.6539993286,21.5953330994,21.7753334045,119511000
2018-03-15,21.9586677551,22.1900005341,21.4066677094,21.7066669464,98472000
2018-03-16,21.52866745,21.8266677856,21.2713336945,21.4233322144,91759500
2018-03-19,21.1000003815,21.3833332062,20.6446666718,20.9039993286,112264500
2018-03-20,20.9913330078,21.0833320618,20.5839996338,20.703332901,71464500
2018-03-21,20.6833324432,21.4960002899,20.6793327332,21.1019992828,89376000
2018-03-22,20.9260005951,21.2546672821,20.5453338623,20.6066665649,74097000
2018-03-23,20.75,20.75,20.0300006866,20.1026668549,99823500
2018-03-26,20.4893321991,20.5060005188,19.4239997864,20.27866745,125628000
2018-03-27,20.2666664124,20.2846660614,18.4786663055,18.6119995117,208080000
2018-03-28,17.638666153,17.9120006561,16.8066673279,17.185333252,315021000
2018-03-29,17.0993328094,18.063999176,16.5473327637,17.7420005798,227560500
2018-04-02,17.0839996338,17.3553333282,16.3059997559,16.8320007324,241710000
2018-04-03,17.9880008698,18.2233333588,16.9659996033,17.8353328705,282666000
2018-04-04,16.8519992828,19.2246665955,16.7999992371,19.1293334961,298450500
2018-04-05,19.2893333435,20.4173336029,19.2133331299,20.3813323975,286816500
2018-04-06,20.0666675568,20.6186676025,19.7000007629,19.953332901,202804500
2018-04-09,20.0246677399,20.6333332062,19.2806663513,19.310667038,153747000
2018-04-10,19.9313335419,20.4733333588,19.578666687,20.3133335114,164847000
2018-04-11,20.0493335724,20.5986671448,19.9773330688,20.0620002747,112243500
2018-04-12,20.1546669006,20.2633323669,19.578666687,19.6053333282,114132000
2018-04-13,20.2399997711,20.2633323669,19.732000351,20.0226669312,109908000
2018-04-16,19.9333324432,19.9773330688,19.267332077,19.4139995575,95077500
2018-04-17,19.2579994202,19.4780006409,18.8339996338,19.1793327332,105000000
2018-04-18,19.4053325653,20.0160007477,19.2106666565,19.5566673279,98365500
2018-04-19,19.4053325653,20.0673332214,19.2366676331,20.0053329468,91359000
2018-04-20,19.6779994965,19.9986667633,19.3166675568,19.3493328094,84418500
2018-04-23,19.4193325043,19.4413337708,18.8220005035,18.8913326263,73401000
2018-04-24,19,19.139333725,18.563999176,18.8973331451,85279500
2018-04-25,18.8999996185,19.0106678009,18.4833335876,18.7126674652,60204000
2018-04-26,18.5833320618,19.0526676178,18.4333324432,19.031999588,65340000
2018-04-27,19.0246677399,19.6313323975,18.922000885,19.6053333282,65469000
2018-04-30,19.5739994049,19.9153327942,19.5,19.5933322906,63423000
2018-05-01,19.5673332214,20.0546665192,19.5480003357,19.9946670532,69384000
2018-05-02,19.9046669006,20.4566669464,19.8519992828,20.0766677856,134556000
2018-05-03,18.5860004425,19.2026672363,18.3486671448,18.9633331299,260281500
2018-05-04,18.8666667938,19.7906665802,18.6346664429,19.6060009003,128541000
2018-05-07,19.8333320618,20.3973331451,19.6779994965,20.1846675873,130173000
2018-05-08,20.0533332825,20.5166664124,19.9333324432,20.1313323975,88950000
2018-05-09,20.0273323059,20.46733284,20.0033321381,20.4566669464,85911000
2018-05-10,20.5,20.8659992218,20.2740001678,20.3346672058,84774000
2018-05-11,20.5133323669,20.591999054,19.9386672974,20.0706672668,70194000
2018-05-14,20.22133255,20.3293323517,19.4413337708,19.4646663666,109302000
2018-05-15,19.000667572,19.1306667328,18.7000007629,18.9453334808,142788000
2018-05-16,18.922000885,19.2539997101,18.7706661224,19.0986671448,85110000
2018-05-17,19.0599994659,19.2793331146,18.9313335419,18.9693336487,66309000
2018-05-18,18.9766674042,18.9766674042,18.2666664124,18.4546661377,108778500
2018-05-21,18.7553329468,19.4326667786,18.7533321381,18.9659996033,137739000
2018-05-22,19.1840000153,19.2000007629,18.2280006409,18.3339996338,134187000
2018-05-23,18.517332077,18.6606674194,18.2666664124,18.6046676636,89776500
2018-05-24,18.5599994659,18.7406673431,18.3260002136,18.5233325958,62650500
2018-05-25,18.5086669922,18.6426677704,18.3740005493,18.5900001526,58126500
2018-05-29,18.5673332214,19.1000003815,18.4099998474,18.9173336029,84999000
2018-05-30,18.8859996796,19.6673336029,18.7733325958,19.4479999542,112345500
2018-05-31,19.1473331451,19.3579998016,18.8619995117,18.982000351,88795500
2018-06-01,19.0573329926,19.4633331299,18.9226665497,19.4546661377,81366000
2018-06-04,19.6226673126,19.9333324432,19.5699996948,19.78266716,71967000
2018-06-05,19.8466663361,19.8533325195,19.1159992218,19.4086666107,89928000
2018-06-06,20.0333328247,21.4780006409,19.8320007324,21.2999992371,281509500
2018-06-07,21.0766677856,22,20.9053325653,21.0726661682,215179500
2018-06-08,21.2666664124,21.6319999695,21.1433334351,21.1773338318,123078000
2018-06-11,21.500667572,22.310667038,21.5,22.1399993896,197752500
2018-06-12,22.9799995422,23.6646671295,22.5333328247,22.8513336182,335211000
2018-06-13,23.1140003204,23.1466674805,22.6533336639,22.985332489,142047000
2018-06-14,23.1753330231,23.9166679382,23.1066665649,23.8479995728,164715000
2018-06-15,23.5893325806,24.3113327026,23.4166679382,23.8780002594,162724500
2018-06-18,23.6933326721,24.9153327942,23.6333332062,24.7220001221,181098000
2018-06-19,24.3439998627,24.6666679382,23.0833320618,23.5033321381,191428500
2018-06-20,23.8693332672,24.2919998169,23.4666671753,24.1480007172,125755500
2018-06-21,24.1333332062,24.4139995575,23.0846672058,23.1673336029,119506500
2018-06-22,23.436000824,23.4833335876,22.1333332062,22.2420005798,153991500
2018-06-25,22.0079994202,22.564666748,21.8333320618,22.2006664276,103969500
2018-06-26,22.4033336639,22.9033336639,21.7199993134,22.7999992371,111787500
2018-06-27,23,23.3859996796,22.6333332062,22.9666671753,125005500
2018-06-28,23.2439994812,23.8013324738,23.0739994049,23.328666687,125970000
2018-06-29,23.5553321838,23.5906677246,22.8273334503,22.8633327484,97386000
2018-07-02,24.0046672821,24.3186664581,21.9899997711,22.3379993439,281397000
2018-07-03,22.1166667938,22.1660003662,20.6459999084,20.7240009308,184239000
2018-07-05,20.9173336029,20.9593334198,19.7479991913,20.610666275,262146000
2018-07-06,20.3299999237,20.8046665192,20.1333332062,20.5933322906,132982500
2018-07-09,20.7993335724,21.2346668243,20.5333328247,21.2339992523,113952000
2018-07-10,21.6373329163,21.8453330994,21.2800006866,21.4979991913,142072500
2018-07-11,21.0533332825,21.4626674652,21.0046672821,21.263999939,73261500
2018-07-12,21.4286670685,21.5486679077,20.8513336182,21.1140003204,85818000
2018-07-13,21.0386676788,21.3053321838,20.6166667938,21.2579994202,88047000
2018-07-16,20.7806663513,21.0106678009,20.4166679382,20.6733322144,117280500
2018-07-17,20.5873336792,21.6493320465,20.5666675568,21.5126667023,104943000
2018-07-18,21.6666679382,21.7000007629,21.0833320618,21.5900001526,84363000
2018-07-19,21.0886669159,21.5693321228,20.9340000153,21.3486671448,88729500
2018-07-20,21.4153327942,21.5493335724,20.7806663513,20.9053325653,77433000
2018-07-23,20.1226673126,20.3666667938,19.5240001678,20.2133331299,164893500
2018-07-24,20.2946662903,20.514667511,19.5033321381,19.828666687,143862000
2018-07-25,19.78266716,20.6413326263,19.6333332062,20.5826663971,106131000
2018-07-26,20.3233337402,20.7133331299,20.2426662445,20.4433326721,69457500
2018-07-27,20.4833335876,20.5126667023,19.689332962,19.8120002747,85549500
2018-07-30,19.7266674042,19.7399997711,19.0753326416,19.3446674347,102211500
2018-07-31,19.4833335876,19.8880004883,19.2713336945,19.8759994507,76153500
2018-08-01,19.8659992218,20.2000007629,19.5333328247,20.0559997559,151941000
2018-08-02,21.8959999084,23.3326663971,21.5440006256,23.3026676178,348225000
2018-08-03,23.1873321533,23.6666679382,22.8353328705,23.2113323212,204847500
2018-08-06,23.0306663513,23.6653327942,22.7880001068,22.7993335724,128464500
2018-08-07,22.9226665497,25.8306674957,22.6100006104,25.3046665192,463137000
2018-08-08,24.6060009003,25.5093326569,24.4746665955,24.689332962,368568000
2018-08-09,24.3700008392,24.46733284,23.0486679077,23.4966678619,257757000
2018-08-10,23.6000003815,24,23.0666675568,23.6993331909,173280000
2018-08-13,24.0753326416,24.2126674652,23.267999649,23.7606678009,156958500
2018-08-14,23.8966674805,23.9466667175,23.1399993896,23.1760005951,104796000
2018-08-15,22.7940006256,22.9659996033,22.1426677704,22.5793323517,136519500
2018-08-16,22.6606674194,22.8186664581,22.2546672821,22.3633327484,90960000
2018-08-17,21.5666675568,21.7846660614,20.235332489,20.3666667938,284379000
2018-08-20,19.4466667175,20.5666675568,19.2133331299,20.5626678467,261034500
2018-08-21,20.7073326111,21.6526660919,20.6000003815,21.4599990845,197583000
2018-08-22,21.3913326263,21.591999054,20.9780006409,21.4426670074,89190000
2018-08-23,21.2759990692,21.8213329315,21.2066669464,21.3400001526,77209500
2018-08-24,21.3799991608,21.5900001526,21.2933330536,21.5213336945,54039000
2018-08-27,21.2000007629,21.4960002899,20.5873336792,21.2846660614,196189500
2018-08-28,21.2273330688,21.2586669922,20.7460002899,20.7906665802,114736500
2018-08-29,20.6846675873,20.7900009155,20.2460002899,20.3339996338,111711000
2018-08-30,20.1506671906,20.3066673279,19.8479995728,20.2099990845,108250500
2018-08-31,20.1333332062,20.3540000916,19.9066677094,20.110666275,80626500
2018-09-04,19.795999527,19.8793334961,19.2000007629,19.2633323669,125257500
2018-09-05,19.0033321381,19.1186676025,18.4786663055,18.7159996033,115812000
2018-09-06,18.9866676331,19.4113330841,18.591999054,18.7299995422,112212000
2018-09-07,17.3400001526,17.8899993896,16.8166675568,17.5493335724,337378500
2018-09-10,18.21733284,19.0686664581,18.0666675568,19.0333328247,214252500
2018-09-11,18.6313323975,18.7999992371,18.2366676331,18.6293334961,137550000
2018-09-12,18.7626667023,19.5,18.5766677856,19.3693332672,150231000
2018-09-13,19.2013320923,19.6666679382,19.0119991302,19.2973327637,95104500
2018-09-14,19.250667572,19.8220005035,19.1013336182,19.6800003052,101484000
2018-09-17,19.3360004425,20.0580005646,19.2086677551,19.6560001373,103314000
2018-09-18,19.7793331146,20.1760005951,18.3666667938,18.9973335266,248212500
2018-09-19,18.7006664276,20,18.7000007629,19.9346675873,124423500
2018-09-20,20.2373332977,20.3986663818,19.5553321838,19.888666153,110241000
2018-09-21,19.8466663361,20.0386676788,19.6913337708,19.9400005341,75757500
2018-09-24,19.8986663818,20.2000007629,19.5720005035,19.9786663055,72645000
2018-09-25,20,20.3066673279,19.7666664124,20.0659999847,67225500
2018-09-26,20.1273326874,20.9260005951,20.0739994049,20.638666153,117648000
2018-09-27,20.8600006104,20.9973335266,20.4606666565,20.5013332367,127636500
2018-09-28,18.017332077,18.5333328247,17.3706665039,17.6513328552,504745500
2018-10-01,20.3846664429,20.7626667023,20.0699996948,20.7133331299,326664000
2018-10-02,20.9300003052,21.1226673126,19.9433326721,20.0680007935,176152500
2018-10-03,20.2220001221,20.3066673279,19.4379997253,19.6533336639,119925000
2018-10-04,19.5966663361,19.6000003815,18.5113334656,18.7886676788,147213000
2018-10-05,18.3099994659,18.3253326416,17.3333320618,17.4633331299,269167500
2018-10-08,17.6346664429,17.8506679535,16.6000003815,16.704000473,202090500
2018-10-09,17.0166664124,17.7846660614,16.8866672516,17.5200004578,180909000
2018-10-10,17.6406669617,17.7006664276,16.517999649,17.125333786,192229500
2018-10-11,17.1686668396,17.4833335876,16.6019992828,16.8153324127,122515500
2018-10-12,17.3999996185,17.4659996033,16.8006668091,17.2520008087,108021000
2018-10-15,17.2706661224,17.5520000458,16.9693336487,17.3059997559,93000000
2018-10-16,17.7133331299,18.4920005798,17.482667923,18.439332962,142896000
2018-10-17,18.8266677856,18.8466663361,17.7199993134,18.1186676025,129832500
2018-10-18,17.9526672363,18.0666675568,17.5333328247,17.5939998627,81318000
2018-10-19,17.8260002136,17.9773330688,16.8999996185,17.3333320618,140632500
2018-10-22,17.3786678314,17.4573326111,16.8393325806,17.3966674805,84004500
2018-10-23,17.5913333893,19.8619995117,17.4733333588,19.6093330383,285417000
2018-10-24,20.0699996948,20.295999527,19.0486679077,19.2333335876,300874500
2018-10-25,21.1480007172,21.3999996185,20.0673332214,20.9906673431,312610500
2018-10-26,20.5499992371,22.6599998474,20.4433326721,22.0599994659,411382500
2018-10-29,22.4979991913,23.1439990997,21.7666664124,22.3233337402,217290000
2018-10-30,21.8926677704,22.5266666412,21.4839992523,21.9933338165,136900500
2018-10-31,22.1693325043,22.7999992371,21.9400005341,22.4880008698,114364500
2018-11-01,22.5506668091,23.189332962,22.3153324127,22.9519996643,120001500
2018-11-02,22.9160003662,23.2800006866,22.7273330688,23.0939998627,117120000
2018-11-05,22.7000007629,22.9306678772,22.0093326569,22.7600002289,117465000
2018-11-06,22.6046676636,23.2533321381,22.4060001373,22.7373332977,101443500
2018-11-07,22.889333725,23.4120006561,22.7199993134,23.2106666565,110617500
2018-11-08,23.2333335876,23.8386669159,23.2293338776,23.4266662598,106360500
2018-11-09,23.2666664124,23.6000003815,23.0153331757,23.3673324585,76482000
2018-11-12,23.2246665955,23.3186664581,22.0226669312,22.0853328705,104122500
2018-11-13,22.2106666565,22.9799995422,22.1466674805,22.5820007324,81729000
2018-11-14,22.8466663361,23.1406669617,22.4766674042,22.9333324432,75604500
2018-11-15,22.8220005035,23.2386665344,22.6026668549,23.2293338776,69385500
2018-11-16,23.0126667023,23.7133331299,23.0079994202,23.6206665039,108093000
2018-11-19,23.7560005188,24.4500007629,23.5253334045,23.564666748,145633500
2018-11-20,22.7833328247,23.3199996948,22.2366676331,23.1660003662,120070500
2018-11-21,23.4666671753,23.5400009155,22.4933338165,22.545999527,70302000
2018-11-23,22.2900009155,22.5,21.703332901,21.7220001221,63039000
2018-11-26,21.6666679382,23.0813331604,21.6666679382,23.0666675568,119881500
2018-11-27,22.6700000763,23.1306667328,22.3666667938,22.9279994965,95374500
2018-11-28,23.0659999847,23.2186660767,22.813999176,23.1913337708,61914000
2018-11-29,23.1333332062,23.1666679382,22.6366672516,22.7446670532,46210500
2018-11-30,22.7886676788,23.4400005341,22.5506668091,23.3653335571,84436500
2018-12-03,24,24.3999996185,23.4666671753,23.8993320465,124597500
2018-12-04,23.7366676331,24.578666687,23.4666671753,23.9799995422,126928500
2018-12-06,23.7339992523,24.4920005798,23.3840007782,24.204000473,117637500
2018-12-07,24.6000003815,25.2993335724,23.8433322906,23.8646678925,172668000
2018-12-10,24,24.3986663818,23.5413322449,24.3433322906,99202500
2018-12-11,24.6606674194,24.8113327026,24.0153331757,24.4506664276,94632000
2018-12-12,24.6280002594,24.7940006256,24.3439998627,24.4400005341,75405000
2018-12-13,24.6766662598,25.1626663208,24.4500007629,25.1193332672,110488500
2018-12-14,25,25.1913337708,24.2886676788,24.3806667328,95064000
2018-12-17,24.1333332062,24.3799991608,22.9253330231,23.2280006409,115110000
2018-12-18,23.3693332672,23.4366664886,22.2460002899,22.4686660767,106500000
2018-12-19,22.5066661835,23.1340007782,21.982667923,22.1979999542,124113000
2018-12-20,21.8033332825,22.0193328857,20.7913322449,21.0253334045,136078500
2018-12-21,21.1599998474,21.564666748,20.8293323517,21.3180007935,120252000
2018-12-24,20.8999996185,20.9666671753,19.6800003052,19.6926670074,83398500
2018-12-26,20,21.7980003357,19.6060009003,21.7393321991,122446500
2018-12-27,21.3226661682,21.4780006409,20.1000003815,21.0753326416,128626500
2018-12-28,21.5400009155,22.4160003662,21.2273330688,22.2579994202,149085000
2018-12-31,22.5193328857,22.6140003204,21.6840000153,22.1866664886,94534500
2019-01-02,20.4066677094,21.0086669922,19.9200000763,20.6746673584,174879000
2019-01-03,20.4666671753,20.6266670227,19.8253326416,20.0240001678,104478000
2019-01-04,20.3999996185,21.2000007629,20.1819992065,21.1793327332,110911500
2019-01-07,21.4479999542,22.4493331909,21.1833324432,22.3306674957,113268000
2019-01-08,22.7973327637,22.9340000153,21.8013324738,22.3566665649,105127500
2019-01-09,22.3666667938,22.8999996185,22.0979995728,22.5686664581,81493500
2019-01-10,22.2933330536,23.0259990692,22.1193332672,22.9979991913,90846000
2019-01-11,22.8059997559,23.2273330688,22.5846672058,23.1506671906,75586500
2019-01-14,22.8253326416,22.8333320618,22.2666664124,22.2933330536,78709500
2019-01-15,22.3333320618,23.2533321381,22.2999992371,22.9619998932,90849000
2019-01-16,22.985332489,23.4666671753,22.8999996185,23.0699996948,70375500
2019-01-17,23.0806674957,23.4333324432,22.9433326721,23.1539993286,55150500
2019-01-18,21.5333328247,21.8086662292,19.982000351,20.1506671906,362262000
2019-01-22,20.3213329315,20.5333328247,19.7000007629,19.9279994965,181000500
2019-01-23,19.5,19.6333332062,18.7793331146,19.1726665497,187950000
2019-01-24,18.8686676025,19.578666687,18.6186676025,19.4340000153,120183000
2019-01-25,19.6259994507,19.9013328552,19.3033332825,19.8026676178,108744000
2019-01-28,19.5273323059,19.8306674957,19.1833324432,19.7586669922,96349500
2019-01-29,19.6846675873,19.9039993286,19.453332901,19.8306674957,69325500
2019-01-30,20.0300006866,20.6000003815,19.8993320465,20.5846672058,168754500
2019-01-31,20.0666675568,20.7706661224,19.6000003815,20.468000412,188538000
2019-02-01,20.361333847,21.0733337402,20.2333335876,20.813999176,109251000
2019-02-04,20.8653335571,21.0200004578,20.125333786,20.8593330383,110281500
2019-02-05,20.8326663971,21.4960002899,20.8166675568,21.4233322144,101142000
2019-02-06,21.3059997559,21.6159992218,21.0413322449,21.1480007172,75577500
2019-02-07,20.8866672516,20.9799995422,20.2000007629,20.500667572,97809000
2019-02-08,20.4553337097,20.4966678619,19.8999996185,20.3866672516,87663000
2019-02-11,20.7733325958,21.2399997711,20.7000007629,20.8560009003,106945500
2019-02-12,21.0799999237,21.2126674652,20.6413326263,20.7873325348,82764000
2019-02-13,20.8233337402,20.8500003815,20.3713321686,20.5446662903,77124000
2019-02-14,20.2253322601,20.4513320923,20.0666675568,20.2513332367,78012000
2019-02-15,20.2999992371,20.5333328247,20.2600002289,20.5253334045,58573500
2019-02-19,20.4373321533,20.7693328857,20.3646678925,20.3759994507,62526000
2019-02-20,20.2940006256,20.4200000763,19.9333324432,20.1706676483,107131500
2019-02-21,20.1206665039,20.2159996033,19.3666667938,19.4153327942,133638000
2019-02-22,19.6326675415,19.7666664124,19.4733333588,19.6473331451,86109000
2019-02-25,19.860666275,20.1933326721,19.7999992371,19.9179992676,99397500
2019-02-26,19.4813327789,20.1340007782,19.2513332367,19.8573322296,128737500
2019-02-27,20.1186676025,21.0866661072,20.0366668701,20.982667923,167758500
2019-02-28,21.2613334656,21.3333320618,20.7206668854,21.3253326416,157810500
2019-03-01,20.4626674652,20.4753322601,19.4599990845,19.6526660919,343671000
2019-03-04,19.874666214,19.9333324432,18.8519992828,19.0240001678,256452000
2019-03-05,18.7999992371,18.9333324432,18.0066661835,18.436000824,281470500
2019-03-06,18.4319992065,18.767332077,18.2926673889,18.4160003662,155032500
2019-03-07,18.5893325806,18.9799995422,18.2833328247,18.439332962,141637500
2019-03-08,18.4606666565,19.0393333435,18.3926677704,18.9426670074,132294000
2019-03-11,18.9013328552,19.4186668396,18.7000007629,19.3946666718,110884500
2019-03-12,19.0993328094,19.2046661377,18.7373332977,18.8906669617,112561500
2019-03-13,18.9266662598,19.4659996033,18.8466663361,19.263999939,102670500
2019-03-14,19.4966678619,19.6926670074,19.2193336487,19.3306674957,106551000
2019-03-15,18.9006671906,18.9146671295,18.2933330536,18.3619995117,221782500
2019-03-18,18.3999996185,18.5366668701,17.8199996948,17.9659996033,154215000
2019-03-19,17.8333320618,18.2199993134,17.563999176,17.8313331604,177009000
2019-03-20,17.9793338776,18.3313331604,17.7533321381,18.2399997711,103623000
2019-03-21,18.1733322144,18.4300003052,17.8966674805,18.267999649,89206500
2019-03-22,18.172000885,18.1866664886,17.6000003815,17.6353321075,131184000
2019-03-25,17.313999176,17.5453338623,16.9640007019,17.361333847,153225000
2019-03-26,17.6293334961,18.017332077,17.6286678314,17.8513336182,110263500
2019-03-27,17.9166679382,18.3579998016,17.8786678314,18.3220005035,131688000
2019-03-28,18.4773330688,18.6886672974,18.3400001526,18.5746669769,101611500
2019-03-29,18.5799999237,18.6773338318,18.2999992371,18.657333374,89869500
2019-04-01,18.8413333893,19.2800006866,18.7520008087,19.27866745,121656000
2019-04-02,19.2199993134,19.295999527,18.9253330231,19.0586662292,82183500
2019-04-03,19.1546669006,19.7446670532,19.1446666718,19.454000473,118791000
2019-04-04,17.4593334198,18.0799999237,17.3726673126,17.8519992828,355810500
2019-04-05,17.9906673431,18.4066677094,17.7406673431,18.3306674957,195574500
2019-04-08,18.5126667023,18.7439994812,18.0293331146,18.2133331299,156156000
2019-04-09,18.1100006104,18.3333320618,17.9740009308,18.1539993286,88560000
2019-04-10,18.4493331909,18.5586662292,18.1926670074,18.4039993286,105919500
2019-04-11,17.8866672516,18.0333328247,17.7066669464,17.8946666718,147538500
2019-04-12,18.014667511,18.1299991608,17.7886676788,17.8466663361,101190000
2019-04-15,17.9086666107,17.9253330231,17.2420005798,17.7586669922,150579000
2019-04-16,17.7166671753,18.3333320618,17.6480007172,18.2240009308,109093500
2019-04-17,18.3166675568,18.3193321228,17.9026660919,18.0820007324,76897500
2019-04-18,18.0820007324,18.3226661682,17.9833335876,18.21733284,88144500
2019-04-22,17.9333324432,17.9786663055,17.4986667633,17.5166664124,182206500
2019-04-23,17.3433322906,17.7066669464,17.0499992371,17.5933322906,164158500
2019-04-24,17.5900001526,17.6879997253,17.2000007629,17.2439994812,160912500
2019-04-25,17,17.2666664124,16.4046669006,16.5086669922,327741000
2019-04-26,16.4333324432,16.4453334808,15.4086666107,15.6759996414,335410500
2019-04-29,15.7239999771,16.2653331757,15.4779996872,16.0979995728,250717500
2019-04-30,16.1373329163,16.2806663513,15.8000001907,15.9126672745,141969000
2019-05-01,15.923333168,16,15.4333333969,15.6006669998,160566000
2019-05-02,16.3680000305,16.4753322601,15.8479995728,16.2733325958,272389500
2019-05-03,16.2573337555,17.1073322296,16.232667923,17.0020008087,355602000
2019-05-06,16.6679992676,17.2233333588,16.5666675568,17.0226669312,162508500
2019-05-07,17.1200008392,17.1473331451,16.3400001526,16.4706668854,151971000
2019-05-08,16.4626674652,16.7066669464,16.2800006866,16.3226661682,92646000
2019-05-09,16.1333332062,16.2453327179,15.795999527,16.1319999695,100671000
2019-05-10,15.983332634,16.1326675415,15.7346668243,15.968000412,105124500
2019-05-13,15.46733284,15.498000145,14.9666671753,15.1339998245,162522000
2019-05-14,15.2866668701,15.6333332062,15.1999998093,15.4873332977,108786000
2019-05-15,15.2880001068,15.4960002899,15.016667366,15.4633331299,109440000
2019-05-16,15.2993326187,15.3999996185,15.1000003815,15.2220001221,112249500
2019-05-17,14.7973327637,14.8159999847,13.9280004501,14.0686674118,266800500
2019-05-20,13.5200004578,13.733332634,13.016667366,13.6906671524,307893000
2019-05-21,13.1840000153,13.826666832,13.0693330765,13.6719999313,270058500
2019-05-22,13.2733325958,13.5959997177,12.7853326797,12.8486671448,280278000
2019-05-23,12.9560003281,13.2980003357,12.4146671295,13.03266716,398206500
2019-05-24,13.3219995499,13.3319997787,12.5833330154,12.7086668015,212049000
2019-05-28,12.7466669083,13,12.5233325958,12.5799999237,154693500
2019-05-29,12.4733333588,12.8260002136,12.3360004425,12.657333374,179529000
2019-05-30,12.5833330154,12.8173332214,12.468000412,12.5480003357,118897500
2019-05-31,12.3400001526,12.6613330841,12.2733325958,12.3439998627,156100500
2019-06-03,12.3673334122,12.4453325272,11.7993326187,11.9313325882,195966000
2019-06-04,12.0733327866,12.9320001602,11.9739999771,12.9066667557,207112500
2019-06-05,13.2453327179,13.4186668396,12.7899999619,13.1059999466,202662000
2019-06-06,13.6293325424,14.0666666031,13.453332901,13.7299995422,303633000
2019-06-07,13.6666669846,14.0559997559,13.5666666031,13.6333332062,240052500
2019-06-10,14.016667366,14.4626674652,13.9340000153,14.1920003891,158775000
2019-06-11,14.6093330383,14.7266674042,14.233332634,14.4733333588,174802500
2019-06-12,14.8633327484,14.8920001984,13.9333333969,13.9506673813,227962500
2019-06-13,14.0253334045,14.326666832,13.8339996338,14.2606668472,122524500
2019-06-14,14.0833330154,14.4433326721,14.0266666412,14.3280000687,111501000
2019-06-17,14.3653326035,15.1333332062,14.2846670151,15.001999855,184752000
2019-06-18,15.248000145,15.6493330002,14.8373327255,14.9826669693,190737000
2019-06-19,15.0073328018,15.1846666336,14.7373332977,15.0953330994,98626500
2019-06-20,14.8666667938,15.1266670227,14.423333168,14.6413326263,177952500
2019-06-21,14.4146671295,14.8120002747,14.3666667938,14.7906665802,123031500
2019-06-24,14.8826665878,15.0573329926,14.7346668243,14.9093332291,86262000
2019-06-25,14.9593334198,15.0226669312,14.6326665878,14.6506671906,92731500
2019-06-26,14.687333107,15.1486673355,14.5399999619,14.6180000305,127608000
2019-06-27,14.6300001144,14.8599996567,14.4899997711,14.8559999466,95095500
2019-06-28,14.7326669693,15.0113334656,14.720000267,14.8973331451,102771000
2019-07-01,15.3473329544,15.5399999619,15.0853328705,15.1446666718,123201000
2019-07-02,15.2593326569,15.2766666412,14.814666748,14.970000267,138885000
2019-07-03,15.9593334198,16.1046676636,15.6339998245,15.6599998474,213016500
2019-07-05,15.6379995346,15.6966667175,15.3866672516,15.5399999619,105985500
2019-07-08,15.4160003662,15.483332634,15.2440004349,15.3559999466,88207500
2019-07-09,15.2646665573,15.3999996185,15.1520004272,15.3373327255,92862000
2019-07-10,15.6099996567,15.9293327332,15.5426673889,15.9280004501,137185500
2019-07-11,15.8760004044,16.1000003815,15.720000267,15.9066667557,112716000
2019-07-12,15.983332634,16.3586673737,15.9806671143,16.3386669159,138007500
2019-07-15,16.5333328247,16.9613323212,16.3239994049,16.8999996185,165001500
2019-07-16,16.6200008392,16.9020004272,16.52866745,16.8253326416,122235000
2019-07-17,17.0446662903,17.2206668854,16.8899993896,16.9906673431,146470500
2019-07-18,17.0033321381,17.0499992371,16.7926673889,16.9026660919,71379000
2019-07-19,17.045999527,17.3306674957,16.9746665955,17.2119998932,105726000
2019-07-22,17.25,17.4766674042,16.9459991455,17.0453338623,102636000
2019-07-23,17.1140003204,17.3653335571,16.9666671753,17.3446674347,75346500
2019-07-24,17.2779998779,17.7380008698,17.2106666565,17.6586666107,166092000
2019-07-25,15.5666666031,15.6333332062,15.0366668701,15.2546672821,336274500
2019-07-26,15.1280002594,15.3506669998,14.8166666031,15.2026672363,150415500
2019-07-29,15.1393327713,15.7293329239,15.0686674118,15.718000412,139099500
2019-07-30,15.5266666412,16.2240009308,15.4786672592,16.1506671906,121635000
2019-07-31,16.2000007629,16.4453334808,15.7766666412,16.1073322296,137673000
2019-08-01,16.1766662598,16.3006668091,15.451333046,15.5900001526,123892500
2019-08-02,15.423333168,15.7513332367,15.281999588,15.6226673126,92047500
2019-08-05,15.3066673279,15.4246673584,15.0520000458,15.22133255,105424500
2019-08-06,15.4586668015,15.5,15.0500001907,15.3833332062,83463000
2019-08-07,15.1000003815,15.5713329315,15.0533332825,15.5613327026,71647500
2019-08-08,15.6300001144,15.9866666794,15.5100002289,15.8866672516,79114500
2019-08-09,15.7366666794,15.9306669235,15.5873327255,15.6673326492,58473000
2019-08-12,15.53266716,15.718000412,15.25,15.2673330307,69958500
2019-08-13,15.2539997101,15.733332634,15.1700000763,15.6666669846,72721500
2019-08-14,15.4139995575,15.4333333969,14.4460000992,14.6413326263,143439000
2019-08-15,14.7239999771,14.7706670761,14.1033334732,14.3760004044,122394000
2019-08-16,14.4440002441,14.8159999847,14.4013328552,14.6626672745,76477500
2019-08-19,14.9473333359,15.1886672974,14.779999733,15.1219997406,79644000
2019-08-20,15.1746673584,15.2726669312,14.969332695,15.0573329926,61878000
2019-08-21,14.8006668091,14.8813333511,14.5066671371,14.7220001221,116914500
2019-08-22,14.8533334732,15.0266666412,14.5480003357,14.8100004196,98385000
2019-08-23,14.6646671295,14.7446670532,14.0666666031,14.0933332443,128079000
2019-08-26,14.2399997711,14.3346672058,14.1026668549,14.3333330154,75778500
2019-08-27,14.3826665878,14.5866670609,14.1353330612,14.2720003128,81243000
2019-08-28,14.2460002899,14.483332634,14.1540002823,14.3726673126,48382500
2019-08-29,14.6000003815,14.8933334351,14.5333328247,14.780667305,77692500
2019-08-30,15.2766666412,15.4960002899,14.9473333359,15.0406665802,139809000
2019-09-03,14.9386672974,15.2633333206,14.8773326874,15.0006666183,80311500
2019-09-04,15.1260004044,15.2306671143,14.6140003204,14.7119998932,86415000
2019-09-05,14.8333330154,15.3199996948,14.7233333588,15.3053331375,110929500
2019-09-06,15.1466665268,15.3093328476,15.0113334656,15.1633329391,62841000
2019-09-09,15.3333330154,15.5839996338,15.281999588,15.4526672363,72040500
2019-09-10,15.3866672516,15.7026672363,15.2626667023,15.7026672363,73255500
2019-09-11,15.8253326416,16.5446662903,15.733332634,16.4733333588,150642000
2019-09-12,16.5133323669,16.8999996185,16.2933330536,16.3913326263,128718000
2019-09-13,16.4640007019,16.5633335114,16.3246669769,16.3466663361,79696500
2019-09-16,16.3999996185,16.4953327179,16.077999115,16.1873321533,70921500
2019-09-17,16.1646671295,16.3733329773,16.0246677399,16.3193321228,57981000
2019-09-18,16.3333320618,16.5446662903,16.158000946,16.232667923,62553000
2019-09-19,16.3999996185,16.5293331146,16.3226661682,16.4400005341,71937000
2019-09-20,16.4326667786,16.4633331299,15.8773326874,16.0413322449,95295000
2019-09-23,16,16.3453330994,15.9479999542,16.0820007324,65103000
2019-09-24,16.1013336182,16.1326675415,14.8406667709,14.8806667328,193372500
2019-09-25,14.9706668854,15.2653331757,14.5573329926,15.2466669083,141406500
2019-09-26,15.3773326874,16.2206668854,15.1599998474,16.1706676483,178267500
2019-09-27,16.1466674805,16.5806674957,15.9153327942,16.1420001984,166746000
2019-09-30,16.2000007629,16.2653331757,15.7406673431,16.0580005646,88197000
2019-10-01,16.1000003815,16.3966674805,15.9420003891,16.3126678467,92439000
2019-10-02,16.2193336487,16.3099994659,15.9619998932,16.2086677551,84471000
2019-10-03,15.4573326111,15.6319999695,14.9519996643,15.5353326797,226267500
2019-10-04,15.4406671524,15.6520004272,15.2046670914,15.4286670685,119925000
2019-10-07,15.3199996948,15.9040002823,15.2366666794,15.8479995728,120963000
2019-10-08,15.7246665955,16.2626667023,15.6333332062,16.0033321381,130173000
2019-10-09,16.0879993439,16.4866676331,16.0433330536,16.3020000458,103416000
2019-10-10,16.3519992828,16.6186676025,16.1053333282,16.3159999847,94249500
2019-10-11,16.4766674042,16.7386665344,16.454000473,16.5259990692,127131000
2019-10-14,16.5266666412,17.2366676331,16.4753322601,17.1306667328,153075000
2019-10-15,17.1800003052,17.3333320618,16.9413337708,17.1926670074,96492000
2019-10-16,17.1593322754,17.4733333588,17.1280002594,17.3166675568,100261500
2019-10-17,17.5,17.6520004272,17.3446674347,17.4646663666,71539500
2019-10-18,17.3799991608,17.5200004578,17.0066661835,17.1299991608,86247000
2019-10-21,17.2220001221,17.2999992371,16.6786670685,16.8999996185,75304500
2019-10-22,16.9546661377,17.2220001221,16.7233333588,17.0386676788,69012000
2019-10-23,16.9666671753,17.0760002136,16.7566661835,16.9786663055,78916500
2019-10-24,19.8913326263,20.328666687,19.2800006866,19.9786663055,445813500
2019-10-25,19.8479995728,22,19.7406673431,21.875333786,450091500
2019-10-28,21.8360004425,22.7226676941,21.5066661835,21.8473339081,283054500
2019-10-29,21.3326663971,21.6200008392,20.9833335876,21.0813331604,190264500
2019-10-30,20.8666667938,21.2526664734,20.6646671295,21.000667572,144627000
2019-10-31,20.8733329773,21.2666664124,20.8666667938,20.9946670532,76005000
2019-11-01,21.0879993439,21.0986671448,20.6533336639,20.8873329163,95758500
2019-11-04,20.9866676331,21.4626674652,20.6173324585,21.1646671295,131805000
2019-11-05,21.3080005646,21.5673332214,21.0746669769,21.1480007172,104151000
2019-11-06,21.2000007629,21.7813339233,20.9666671753,21.7719993591,119113500
2019-11-07,21.9426670074,22.7666664124,21.8680000305,22.3693332672,217009500
2019-11-08,22.2999992371,22.4973335266,22.1666679382,22.4759998322,91038000
2019-11-11,22.9300003052,23.2793331146,22.7999992371,23.0060005188,149800500
2019-11-12,23.1266670227,23.3579998016,22.936000824,23.328666687,110391000
2019-11-13,23.6666679382,23.7553329468,23.0119991302,23.0739994049,126301500
2019-11-14,23.0739994049,23.5893325806,22.860666275,23.2900009155,96973500
2019-11-15,23.3759994507,23.5200004578,23.2240009308,23.4780006409,72135000
2019-11-18,23.5279998779,23.5433330536,23.0733337402,23.3326663971,66006000
2019-11-19,23.4500007629,23.999332428,23.1866664886,23.968000412,115872000
2019-11-20,24,24.0799999237,23.3046665192,23.4813327789,100876500
2019-11-21,23.6340007782,24.0559997559,23.6000003815,23.6553325653,91650000
2019-11-22,22.6773338318,22.7333335876,22,22.2026672363,253059000
2019-11-25,22.9546661377,22.97133255,22.2973327637,22.4226665497,185092500
2019-11-26,22.3513336182,22.3666667938,21.8066673279,21.9279994965,119211000
2019-11-27,22.0746669769,22.2619991302,21.9046669006,22.0860004425,83334000
2019-11-29,22.0739994049,22.0839996338,21.8333320618,21.9960002899,36984000
2019-12-02,21.9599990845,22.4253330231,21.9126663208,22.3246669769,91117500
2019-12-03,22.1746673584,22.5273323059,22.1459999084,22.4133338928,98605500
2019-12-04,22.5166664124,22.5240001678,22.1900005341,22.2019996643,82995000
2019-12-05,22.1886672974,22.2946662903,21.8166675568,22.0246677399,55869000
2019-12-06,22.3333320618,22.5906677246,22.3180007935,22.3926677704,114186000
2019-12-09,22.439332962,22.9633331299,22.3386669159,22.6353321075,135346500
2019-12-10,22.6639995575,23.3819999695,22.6206665039,23.2560005188,132424500
2019-12-11,23.4586677551,23.8126678467,23.4060001373,23.5133323669,103467000
2019-12-12,23.6613330841,24.1826667786,23.5486679077,23.9786663055,116458500
2019-12-13,24.0699996948,24.3473339081,23.6426677704,23.8926677704,98563500
2019-12-16,24.1700000763,25.5739994049,24.1666679382,25.4333324432,272613000
2019-12-17,25.2660007477,25.7000007629,25.0599994659,25.2660007477,127452000
2019-12-18,25.375333786,26.3479995728,25.3719997406,26.2099990845,211815000
2019-12-19,26.4880008698,27.1233329773,26.4333324432,26.936000824,271606500
2019-12-20,27.3526668549,27.5333328247,26.6793327332,27.0393333435,221290500
2019-12-23,27.4519996643,28.1340007782,27.3333320618,27.9479999542,199794000
2019-12-24,27.8906669617,28.3646678925,27.5126667023,28.3500003815,120820500
2019-12-26,28.5273323059,28.8986663818,28.4233322144,28.7293338776,159508500
2019-12-27,29,29.0206661224,28.407333374,28.6919994354,149185500
2019-12-30,28.5860004425,28.6000003815,27.2840003967,27.6466674805,188796000
2019-12-31,27,28.0860004425,26.8053321838,27.888666153,154285500
2020-01-02,28.2999992371,28.7133331299,28.1140003204,28.6840000153,142981500
2020-01-03,29.3666667938,30.2666664124,29.1280002594,29.5340003967,266677500
2020-01-06,29.3646678925,30.1040000916,29.3333320618,30.1026668549,151995000
2020-01-07,30.7600002289,31.4419994354,30.2240009308,31.2706661224,268231500
2020-01-08,31.5799999237,33.2326660156,31.2153339386,32.8093338013,467164500
2020-01-09,33.1399993896,33.2533340454,31.5246677399,32.0893325806,426606000
2020-01-10,32.1193313599,32.329334259,31.5799999237,31.8766670227,194392500
2020-01-13,32.9000015259,35.0419998169,32.7999992371,34.9906654358,397764000
2020-01-14,36.2840003967,36.4939994812,34.9933319092,35.8613319397,434943000
2020-01-15,35.3173332214,35.8559989929,34.4526672363,34.5666656494,260532000
2020-01-16,32.9166679382,34.2973327637,32.8113327026,34.2326660156,326050500
2020-01-17,33.8406677246,34.3779983521,33.5439987183,34.0333328247,204436500
2020-01-21,35.3499984741,36.5719985962,35.2273330688,36.4799995422,267052500
2020-01-22,38.1259994507,39.6333312988,37.2733345032,37.9706687927,470535000
2020-01-23,37.6166687012,38.7999992371,37.0400009155,38.1466674805,294765000
2020-01-24,38.0419998169,38.2573318481,36.950668335,37.6546669006,215304000
2020-01-27,36.1326675415,37.6293334961,35.9519996643,37.2013320923,204121500
2020-01-28,37.8993339539,38.4539985657,37.2053337097,37.7933311462,176827500
2020-01-29,38.3793334961,39.3199996948,37.828666687,38.7326660156,267022500
2020-01-30,42.1613311768,43.391998291,41.2000007629,42.7206687927,435085500
2020-01-31,42.6666679382,43.5333328247,42.1679992676,43.3713340759,235789500
2020-02-03,44.9126663208,52.4093322754,44.9013328552,52,705975000
2020-02-04,58.8639984131,64.5993347168,55.591999054,59.1373329163,914082000
2020-02-05,54.8839988708,56.3986663818,46.9406661987,48.9799995422,726357000
2020-02-06,46.6613311768,53.0553321838,45.7999992371,49.9306678772,598212000
2020-02-07,48.7033348083,51.3166656494,48.6666679382,49.8713340759,255952500
2020-02-10,53.3333320618,54.6660003662,50.1599998474,51.4186668396,370338000
2020-02-11,51.2526664734,52.2340011597,50.5333328247,51.6253318787,175462500
2020-02-12,51.858001709,52.6500015259,50.8913345337,51.1526679993,180337500
2020-02-13,49.4560012817,54.5333328247,49,53.5999984741,394339500
2020-02-14,52.4813346863,54.1980018616,52.3666687012,53.3353347778,235405500
2020-02-18,56.1066665649,57.3333320618,55.4906654358,57.2266654968,245725500
2020-02-19,61.5666656494,62.985332489,60.0680007935,61.1613311768,381345000
2020-02-20,60.7966651917,60.7999992371,57.329334259,59.9606666565,264523500
2020-02-21,60.4653320312,60.8706665039,58.6966667175,60.0666656494,214722000
2020-02-24,55.9333343506,57.5666656494,54.813331604,55.5859985352,227883000
2020-02-25,56.5999984741,57.1066665649,52.4666671753,53.327331543,259357500
2020-02-26,52.1666679382,54.2206687927,51.7406654358,51.9199981689,211282500
2020-02-27,48.6666679382,49.3180007935,44.5999984741,45.2666664124,364158000
2020-02-28,41.9799995422,46.0346679688,40.7680015564,44.5326652527,363343500
2020-03-02,47.4173316956,49.579334259,45.7779998779,49.5746688843,302925000
2020-03-03,53.6666679382,53.7986679077,47.7406654358,49.700668335,386760000
2020-03-04,50.9306678772,51.1013336182,48.3153343201,49.9666671753,225735000
2020-03-05,48.2513313293,49.7166671753,47.8713340759,48.3026657104,162790500
2020-03-06,46,47.1333312988,45.6180000305,46.8986663818,189943500
2020-03-09,40.3593330383,44.2000007629,40.3333320618,40.5333328247,256105500
2020-03-10,43.9620018005,44.5333328247,40.5333328247,43.0219993591,233916000
2020-03-11,42.6800003052,43.5719985962,40.8666687012,42.2820014954,199837500
2020-03-12,38.7260017395,39.6333312988,36.4166679382,37.3699989319,283636500
2020-03-13,39.6666679382,40.5046653748,33.4666671753,36.4413337708,339604500
2020-03-16,31.2999992371,32.9913330078,29.4780006409,29.671333313,307342500
2020-03-17,29.3339996338,31.4566669464,26.3999996185,28.6800003052,359919000
2020-03-18,25.9333324432,26.9906673431,23.3673324585,24.0813331604,356793000
2020-03-19,24.9799995422,30.1333332062,23.8973331451,28.5093326569,452932500
2020-03-20,29.2133331299,31.7999992371,28.3859996796,28.5020008087,424282500
2020-03-23,28.9066677094,29.4666671753,27.3666667938,28.9526672363,246817500
2020-03-24,31.8199996948,34.2459983826,31.6000003815,33.6666679382,343428000
2020-03-25,36.3499984741,37.1333312988,34.0740013123,35.9500007629,318340500
2020-03-26,36.4926681519,37.3333320618,34.1500015259,35.2106666565,260710500
2020-03-27,33.6666679382,35.0533332825,32.935333252,34.2906684875,215661000
2020-03-30,34.0173339844,34.4433326721,32.7486686707,33.4753341675,179971500
2020-03-31,33.4166679382,36.1973342896,33.1333312988,34.9333343506,266572500
2020-04-01,33.5999984741,34.2633323669,31.6733322144,32.1040000916,200298000
2020-04-02,32.0686683655,32.950668335,29.7600002289,30.2980003357,297876000
2020-04-03,33.9666671753,34.3660011292,31.2259998322,32.000667572,338431500
2020-04-06,34.0800018311,34.7333335876,33.1973342896,34.4160003662,223527000
2020-04-07,36.3333320618,37.6666679382,35.4893341064,36.3633346558,268797000
2020-04-08,36.9466667175,37.1473312378,35.5553321838,36.5893325806,189840000
2020-04-09,37.4726676941,38.3453330994,37.1406669617,38.2000007629,204750000
2020-04-13,39.34400177,43.4666671753,38.7019996643,43.3966674805,337131000
2020-04-14,46.5979995728,49.4586677551,46.1619987488,47.3260002136,458647500
2020-04-15,49.4666671753,50.2086677551,47.3333320618,48.6553344727,353655000
2020-04-16,47.7960014343,50.6300010681,47.1146659851,49.6806678772,309868500
2020-04-17,51.485332489,51.6633338928,49.84400177,50.2593345642,196923000
2020-04-20,48.8466682434,51.0379981995,47.4806671143,49.7573318481,221199000
2020-04-21,48.6746673584,50.2220001221,44.9193344116,45.7813339233,303136500
2020-04-22,46.9319992065,48.9333343506,45.9140014648,48.8073348999,212482500
2020-04-23,48.5066680908,48.9333343506,46.8753318787,47.0419998169,198550500
2020-04-24,47.3873329163,48.7153320312,46.5453338623,48.343334198,198180000
2020-04-27,49.1739997864,53.299331665,49,53.25,310221000
2020-04-28,53.0426673889,53.6666679382,50.4459991455,51.2746658325,228330000
2020-04-29,52.6780014038,53.5466651917,52.2106666565,53.3673324585,243240000
2020-04-30,57.0126686096,57.9879989624,50.9000015259,52.1253318787,427078500
2020-05-01,50.3333320618,51.5180015564,45.5359992981,46.7546653748,487977000
2020-05-04,46.7333335876,50.7999992371,46.5333328247,50.7459983826,288556500
2020-05-05,52.6526679993,53.2613334656,50.8120002747,51.2140007019,254875500
2020-05-06,51.7666664124,52.6533317566,50.7406654358,52.172000885,166848000
2020-05-07,51.813999176,53.093334198,51.4900016785,52.0026664734,172915500
2020-05-08,52.9179992676,54.9333343506,52.4673347473,54.6279983521,241297500
2020-05-11,52.700668335,54.9333343506,52.3333320618,54.0859985352,247794000
2020-05-12,55.1333312988,56.2193336487,53.8666687012,53.9606666565,238603500
2020-05-13,54.7220001221,55.0666656494,50.8866653442,52.7306671143,285982500
2020-05-14,52,53.5573348999,50.9333343506,53.5553321838,205233000
2020-05-15,52.6899986267,53.6699981689,52.436668396,53.2779998779,157776000
2020-05-18,55.185333252,55.6479988098,53.591999054,54.2420005798,174987000
2020-05-19,54.3446655273,54.8046684265,53.7386665344,53.8673324585,144547500
2020-05-20,54.7000007629,55.0666656494,54.1199989319,54.3706665039,109639500
2020-05-21,54.4000015259,55.5,53.0666656494,55.1733322144,183819000
2020-05-22,54.8113327026,55.4519996643,54.1333312988,54.4586677551,149812500
2020-05-26,55.6333312988,55.6399993896,54.3806686401,54.5913314819,121345500
2020-05-27,54.7239990234,55.1806678772,52.3333320618,54.6819992065,173242500
2020-05-28,54.2340011597,54.9833335876,53.4459991455,53.7206687927,108834000
2020-05-29,53.9166679382,55.6666679382,53.6139984131,55.6666679382,176467500
2020-06-01,57.2000007629,59.9333343506,56.9399986267,59.8733329773,224092500
2020-06-02,59.6466674805,60.577331543,58.0666656494,58.7706680298,203484000
2020-06-03,59.2080001831,59.8626670837,58.6733322144,58.8639984131,119242500
2020-06-04,59.3253326416,59.7166671753,57.2293319702,57.6253318787,133315500
2020-06-05,58.5226669312,59.1013336182,57.7466659546,59.0439987183,117178500
2020-06-08,61.2666664124,63.3333320618,60.6106681824,63.327999115,212620500
2020-06-09,62.6673316956,63.6293334961,61.5953330994,62.7113342285,170823000
2020-06-10,66.1253356934,68.498664856,65.5,68.3366699219,278451000
2020-06-11,66.0133361816,67.9306640625,64.8000030518,64.8560028076,238747500
2020-06-12,65.3333358765,65.8653335571,60.8400001526,62.3520011902,251451000
2020-06-15,61.186000824,66.5893325806,60.5666656494,66.0599975586,235458000
2020-06-16,67.4566650391,67.5253295898,64.1593322754,65.4753341675,210766500
2020-06-17,65.8473358154,67,65.5046691895,66.1193313599,148362000
2020-06-18,66.8666687012,67.9466705322,66.297996521,66.9306640625,146278500
2020-06-19,67.5186691284,67.7313308716,66.0893325806,66.7266693115,130195500
2020-06-22,66.6633300781,67.2586669922,66.001335144,66.2880020142,95436000
2020-06-23,66.5920028687,67.4666671753,66.2673339844,66.7853317261,95479500
2020-06-24,66.2740020752,66.7253341675,63.5426673889,64.0566635132,164394000
2020-06-25,63.6180000305,65.7320022583,62.4766654968,65.7320022583,138817500
2020-06-26,66.3186645508,66.3333358765,63.658000946,63.9826660156,132823500
2020-06-29,64.6006698608,67.3333358765,63.2346687317,67.2900009155,135396000
2020-06-30,67.0999984741,72.5126647949,66.9153366089,71.9873352051,253777500
2020-07-01,72.1999969482,75.6886672974,72.0333328247,74.641998291,199903500
2020-07-02,81.4319992065,81.8666687012,79.0400009155,80.577331543,258751500
2020-07-06,85.112663269,91.8526687622,84.4026641846,91.4386672974,308548500
2020-07-07,93.6673355103,95.3000030518,89.1139984131,92.657333374,322345500
2020-07-08,93.6666641235,94.4840011597,87.422668457,91.0586700439,244669500
2020-07-09,93.1326675415,93.9039993286,90.0853347778,92.952003479,175764000
2020-07-10,93.0666656494,103.261329651,91.7340011597,102.976669312,350064000
2020-07-13,110.599998474,119.666000366,98.0739974976,99.8040008545,584781000
2020-07-14,103.733329773,106,95.4000015259,101.120002747,351271500
2020-07-15,102.866668701,103.333335876,97.1333312988,103.067329407,245517000
2020-07-16,98.4773330688,102.113998413,97.7333297729,100.042663574,214512000
2020-07-17,100.89666748,102.500663757,99.3333358765,100.055999756,139950000
2020-07-20,101.267333984,110,99.1999969482,109.533332825,256821000
2020-07-21,109.328666687,111.666664124,103.866668701,104.5573349,241608000
2020-07-22,106.599998474,108.428001404,104.133331299,106.155334473,212416500
2020-07-23,111.930000305,112.599998474,98.7180023193,100.871330261,364927500
2020-07-24,94.4006652832,97.6666641235,91.1026687622,94.4666671753,290949000
2020-07-27,95.6666641235,103.195999146,94.1999969482,102.63999939,240730500
2020-07-28,100.266670227,104.313331604,98.294670105,98.4326705933,237130500
2020-07-29,100.066665649,102.320663452,99.1333312988,99.9406661987,141403500
2020-07-30,99.1999969482,100.882667542,98.0666656494,99.1660003662,114315000
2020-07-31,101,101.136665344,94.7320022583,95.3840026855,183123000
2020-08-03,96.6133346558,100.653999329,96.2919998169,99,132139500
2020-08-04,99.6673355103,101.827331543,97.4666671753,99.1333312988,126225000
2020-08-05,99.5326690674,99.9893341064,97.887336731,99.001335144,74217000
2020-08-06,99.3886642456,101.153999329,98.4840011597,99.3053359985,89884500
2020-08-07,99.969329834,99.9833297729,94.3339996338,96.8473358154,133446000
2020-08-10,96.5333328247,97.1666641235,92.3893356323,94.5713348389,112834500
2020-08-11,93.0666656494,94.6666641235,91,91.6259994507,129387000
2020-08-12,98,105.666664124,95.6666641235,103.650665283,327441000
2020-08-13,107.400001526,110.078666687,104.48400116,108.066665649,306379500
2020-08-14,110.999336243,111.253334045,108.4426651,110.047332764,188664000
2020-08-17,111.800003052,123.0573349,111.522003174,122.375999451,303634500
2020-08-18,126.599334717,128.259994507,123.007331848,125.805999756,247117500
2020-08-19,124.333335876,127.400001526,122.747329712,125.235336304,183079500
2020-08-20,124.045333862,134.799331665,123.804000854,133.455337524,309177000
2020-08-21,136.317337036,139.699325562,135.003326416,136.665328979,322344000
2020-08-24,141.751998901,141.933334351,128.501327515,134.279998779,300954000
2020-08-25,131.659332275,135.196670532,131.199996948,134.889328003,159883500
2020-08-26,137.333328247,144.399993896,136.908660889,143.544662476,213591000
2020-08-27,145.363998413,153.039993286,142.833328247,149.25,355395000
2020-08-28,153.007995605,154.565994263,145.768005371,147.559997559,301218000
2020-08-31,148.203338623,166.71333313,146.703338623,166.106674194,355123200
2020-09-01,167.380004883,167.496673584,156.836669922,158.350006104,269523300
2020-09-02,159.663330078,159.679992676,135.039993286,149.123336792,288528300
2020-09-03,135.743331909,143.933334351,134,135.666671753,262788300
2020-09-04,134.270004272,142.666671753,124.006668091,139.440002441,330965700
2020-09-08,118.666664124,122.913330078,109.959999084,110.069999695,346397100
2020-09-09,118.866668701,123,113.836669922,122.093330383,238397400
2020-09-10,128.736663818,132.996673584,120.186668396,123.779998779,254791800
2020-09-11,127.313331604,127.5,120.166664124,124.239997864,182152500
2020-09-14,126.983329773,140,124.433334351,139.873336792,249061800
2020-09-15,145.520004272,153.979995728,143.566665649,149.919998169,291894600
2020-09-16,146.623336792,152.596664429,145.10333252,147.253326416,216837900
2020-09-17,138.533340454,145.929992676,136,141.143325806,230337600
2020-09-18,149.313339233,150.333328247,142.933334351,147.383331299,259220400
2020-09-21,151.043334961,151.893325806,135.690002441,149.796661377,328430400
2020-09-22,143.199996948,145.919998169,139.199996948,141.410003662,238742400
2020-09-23,135.053329468,137.383331299,125.293334961,126.78666687,285222600
2020-09-24,121.266670227,133.166671753,117.099998474,129.263336182,289683300
2020-09-25,131.156661987,136.243331909,130.433334351,135.779998779,201625500
2020-09-28,141.539993286,142.693328857,138.516662598,140.399993896,149158800
2020-09-29,138.666671753,142.833328247,137.199996948,139.690002441,150657900
2020-09-30,140.440002441,144.643325806,140.156661987,143.003326416,144436800
2020-10-01,146.919998169,149.626663208,144.806671143,149.386672974,152224500
2020-10-02,140.46333313,146.376663208,138.333328247,138.363327026,214290000
2020-10-05,141.116668701,144.546661377,139.776672363,141.893325806,134168400
2020-10-06,141.263336182,142.92666626,135.350006104,137.993331909,147438900
2020-10-07,139.956665039,143.300003052,137.949996948,141.766662598,129383100
2020-10-08,146.14666748,146.333328247,141.766662598,141.973327637,121263300
2020-10-09,143.376663208,144.863327026,142.153335571,144.666671753,86777100
2020-10-12,147.333328247,149.580001831,146.193328857,147.433334351,116373300
2020-10-13,147.783340454,149.630004883,145.533340454,148.883331299,103391100
2020-10-14,149.92666626,155.300003052,149.116668701,153.766662598,143639100
2020-10-15,150.10333252,152.190002441,147.5,149.626663208,107017200
2020-10-16,151.479995728,151.983337402,146.283340454,146.556671143,98327700
2020-10-19,148.746673584,149,142.956665039,143.61000061,108863400
2020-10-20,143.916671753,143.916671753,139.683334351,140.64666748,94968900
2020-10-21,140.899993896,144.316665649,140.416671753,140.880004883,97111500
2020-10-22,147.306671143,148.410003662,141.503326416,141.929992676,119979600
2020-10-23,140.613327026,140.96333313,135.793334961,140.210006714,101151000
2020-10-26,137.210006714,141.919998169,136.666671753,140.093338013,84717600
2020-10-27,141.253326416,143.5,140.033340454,141.559997559,68059500
2020-10-28,138.826660156,139.533340454,135.333328247,135.339996338,76354200
2020-10-29,136.653335571,139.35333252,135.486663818,136.943328857,67965900
2020-10-30,135.633331299,135.863327026,126.370002747,129.346664429,127533900
2020-11-02,131.333328247,135.660003662,130.766662598,133.503326416,87063300
2020-11-03,136.576660156,142.589996338,135.563339233,141.300003052,103055100
2020-11-04,143.539993286,145.133331299,139.033340454,140.326660156,96429300
2020-11-05,142.766662598,146.666671753,141.333328247,146.029998779,85243500
2020-11-06,145.366668701,145.523330688,141.42666626,143.316665649,65118000
2020-11-09,146.5,150.833328247,140.333328247,140.419998169,104499000
2020-11-10,140.029998779,140.029998779,132.009994507,136.78666687,90852600
2020-11-11,138.816665649,139.566665649,136.86000061,139.043334961,52073100
2020-11-12,138.350006104,141,136.506668091,137.253326416,59565300
2020-11-13,136.949996948,137.509994507,133.886672974,136.166671753,59313300
2020-11-16,136.309997559,137.483337402,134.696670532,136.029998779,80515800
2020-11-17,153.38999939,154,144.336669922,147.203338623,183564900
2020-11-18,149.449996948,165.333328247,147.833328247,162.21333313,234132000
2020-11-19,164,169.53666687,162.523330688,166.423339844,187425900
2020-11-20,165.996673584,167.5,163.020004272,163.203338623,98735700
2020-11-23,167.833328247,175.333328247,167.263336182,173.949996948,150780900
2020-11-24,180.133331299,186.663330078,175.399993896,185.126663208,160945500
2020-11-25,183.35333252,191.333328247,181.789993286,191.333328247,146790600
2020-11-27,193.720001221,199.593338013,192.816665649,195.253326416,112683300
2020-11-30,200.736663818,202.600006104,184.836669922,189.199996948,189009300
2020-12-01,199.196670532,199.283340454,190.683334351,194.919998169,120310500
2020-12-02,185.479995728,190.513336182,180.403335571,189.606674194,143327100
2020-12-03,196.673339844,199.656661987,194.143325806,197.793334961,127656000
2020-12-04,197.003326416,199.679992676,195.166671753,199.679992676,88203900
2020-12-07,201.63999939,216.263336182,201.016662598,213.919998169,168929100
2020-12-08,208.503326416,217.093338013,206.166671753,216.626663208,192795000
2020-12-09,217.89666748,218.106674194,196,201.493331909,213873600
2020-12-10,191.456665039,209.25,188.779998779,209.023330688,201249600
2020-12-11,205.003326416,208,198.933334351,203.330001831,139425000
2020-12-14,206.333328247,214.25,203.399993896,213.276672363,156121800
2020-12-15,214.42666626,215.633331299,207.933334351,211.083328247,135214500
2020-12-16,209.410003662,210.833328247,201.666671753,207.589996338,126287400
2020-12-17,209.39666748,219.606674194,206.5,218.633331299,168810300
2020-12-18,222.966659546,231.666671753,209.513336182,231.666671753,666378600
2020-12-21,222.080001831,222.833328247,215.356674194,216.619995117,174135900
2020-12-22,216,216.626663208,204.743331909,213.446670532,155148000
2020-12-23,210.733337402,217.166671753,207.523330688,215.326660156,99519000
2020-12-24,214.330001831,222.029998779,213.666671753,220.589996338,68596800
2020-12-28,224.836669922,227.133331299,220.266662598,221.229995728,96835800
2020-12-29,220.333328247,223.300003052,218.333328247,221.996673584,68732400
2020-12-30,224,232.199996948,222.78666687,231.593338013,128538000
2020-12-31,233.330001831,239.57333374,230.373336792,235.223327637,148949700
2021-01-04,239.820007324,248.163330078,239.063339233,243.256668091,145914600
2021-01-05,241.220001221,246.946670532,239.733337402,245.03666687,96735600
2021-01-06,252.830001831,258,249.699996948,251.993331909,134100000
2021-01-07,259.209991455,272.329986572,258.399993896,272.013336182,154496700
2021-01-08,285.333343506,294.829986572,279.463317871,293.339996338,225166500
2021-01-11,283.133331299,284.809997559,267.873321533,270.39666748,177904800
2021-01-12,277,289.333343506,275.779998779,283.14666748,138812100
2021-01-13,284.253326416,286.82333374,277.333343506,284.803344727,99937500
2021-01-14,281.130004883,287.666656494,279.583343506,281.666656494,93798900
2021-01-15,284,286.633331299,273.033325195,275.386657715,116332800
2021-01-19,279.266662598,283.333343506,277.666656494,281.516662598,76101000
2021-01-20,286.246673584,286.5,279.093322754,283.483337402,76997700
2021-01-21,285,285.239990234,280.473327637,281.663330078,61563300
2021-01-22,278.10333252,282.666656494,276.206665039,282.213317871,60199500
2021-01-25,285,300.133331299,279.606658936,293.600006104,123520200
2021-01-26,297.126678467,298.633331299,290.533325195,294.363342285,69394800
2021-01-27,290.116668701,297.166656494,286.220001221,288.053344727,82002000
2021-01-28,273.333343506,282.666656494,267,278.476654053,79134000
2021-01-29,276.666656494,280.803344727,260.033325195,264.510009766,104972400
2021-02-01,271.429992676,280.666656494,265.186676025,279.936676025,76174200
2021-02-02,281.559997559,293.5,280.733337402,290.929992676,73038600
2021-02-03,292.339996338,292.693328857,284.35333252,284.89666748,55030500
2021-02-04,285,285.5,277.806671143,283.329986572,47438100
2021-02-05,281.666656494,288.256652832,279.656677246,284.076660156,55699800
2021-02-08,289.890014648,292.589996338,284.916656494,287.806671143,60485100
2021-02-09,285.040008545,286.600006104,280.583343506,283.153320312,45473100
2021-02-10,281.213317871,281.606658936,266.673339844,268.273345947,108648300
2021-02-11,270.813323975,276.626678467,267.243347168,270.553344727,64868400
2021-02-12,267.086669922,272.443328857,261.776672363,272.040008545,71304900
2021-02-16,272.666656494,273.666656494,264.14666748,265.406677246,59406900
2021-02-17,259.696655273,266.613342285,254.003326416,266.049987793,77989500
2021-02-18,260.299987793,264.89666748,258.756652832,262.459991455,53871300
2021-02-19,265,265.596679688,259.123321533,260.433319092,56874900
2021-02-22,254.21333313,256.166656494,236.733337402,238.166671753,111809100
2021-02-23,220.710006714,237.869995117,206.333328247,232.946670532,199820700
2021-02-24,237.283340454,248.333328247,231.38999939,247.339996338,110301000
2021-02-25,242.050003052,245.736663818,223.526672363,227.406661987,117071700
2021-02-26,233.333328247,235.566665649,219.836669922,225.166671753,123267600
2021-03-01,230.03666687,239.666671753,228.350006104,239.476669312,81408600
2021-03-02,239.42666626,240.369995117,228.333328247,228.813339233,71196600
2021-03-03,229.330001831,233.566665649,217.236663818,217.733337402,90624000
2021-03-04,218.600006104,222.816665649,200,207.14666748,197758500
2021-03-05,208.686660767,209.279998779,179.830001831,199.316665649,268189500
2021-03-08,200.183334351,206.710006714,186.263336182,187.666671753,155361000
2021-03-09,202.726669312,226.029998779,198.403335571,224.526672363,202569900
2021-03-10,233.433334351,239.283340454,218.35333252,222.686660767,181817100
2021-03-11,233.133331299,234.166671753,225.726669312,233.199996948,108761700
2021-03-12,223.333328247,231.626663208,222.046661377,231.243331909,100751400
2021-03-15,231.363327026,237.726669312,228.013336182,235.979995728,88006800
2021-03-16,234.449996948,235.973327637,223.666671753,225.626663208,96587100
2021-03-17,218.956665039,234.576660156,217.003326416,233.936660767,121117500
2021-03-18,228.096664429,229.743331909,217.333328247,217.720001221,99674400
2021-03-19,215.533340454,219.076660156,208.206665039,218.289993286,128682000
2021-03-22,228.196670532,233.206665039,222.916671753,223.333328247,118536600
2021-03-23,225.256668091,225.933334351,219.169998169,220.720001221,91475700
2021-03-24,222.636672974,222.673339844,210.03666687,210.089996338,101385600
2021-03-25,204.333328247,215.166671753,203.166671753,213.46333313,117674700
2021-03-26,213.956665039,214.606674194,199.96333313,206.236663818,101558400
2021-03-29,205.21333313,205.493331909,198.673339844,203.763336182,85911000
2021-03-30,200.583328247,212.553329468,197.003326416,211.873336792,118297200
2021-03-31,215.539993286,224,213.703338623,222.643325806,100011900
2021-04-01,229.456665039,230.806671143,219.806671143,220.583328247,105895200
2021-04-05,235.903335571,236.053329468,228.233337402,230.350006104,125528400
2021-04-06,230.100006104,232.183334351,227.123336792,230.539993286,84815400
2021-04-07,229,230.460006714,222.613327026,223.656661987,78928200
2021-04-08,225.793334961,229.850006104,223.883331299,227.933334351,71772900
2021-04-09,225.923339844,226.990005493,223.143325806,225.673339844,64311300
2021-04-12,228.566665649,234.933334351,227.363327026,233.993331909,87407100
2021-04-13,237.566665649,254.333328247,236.886672974,254.106674194,133958400
2021-04-14,256.899993896,260.263336182,242.67666626,244.076660156,147052200
2021-04-15,247.699996948,247.89666748,240.436660767,246.283340454,83546700
2021-04-16,242.883331299,249.803329468,241.533340454,246.593338013,83938500
2021-04-19,239.866668701,241.800003052,230.600006104,238.210006714,119058600
2021-04-20,239.13999939,245.75,236.89666748,239.663330078,106827000
2021-04-21,234.923339844,248.279998779,232.666671753,248.039993286,93646500
2021-04-22,247.166671753,251.256668091,239.346664429,239.89666748,106770900
2021-04-23,239.933334351,245.78666687,238.486663818,243.133331299,85110000
2021-04-26,247,249.766662598,244.203338623,246.066665649,93115500
2021-04-27,239.320007324,241.333328247,234.449996948,234.913330078,88311000
2021-04-28,232.136672974,236.166671753,231.199996948,231.466659546,66813000
2021-04-29,233.169998169,234.083328247,222.833328247,225.666671753,86536200
2021-04-30,222.529998779,238.490005493,222.046661377,236.479995728,122276100
2021-05-03,234.600006104,235.333328247,226.833328247,228.300003052,81129300
2021-05-04,226.313339233,227.816665649,219.233337402,224.533340454,89217900
2021-05-05,227.020004272,228.433334351,222.446670532,223.64666748,65705700
2021-05-06,226.919998169,227.006668091,216.666671753,221.179992676,83353800
2021-05-07,221.933334351,230,220.07333374,224.123336792,70407600
2021-05-10,221.633331299,221.683334351,209.203338623,209.679992676,94177200
2021-05-11,199.746673584,209.033340454,198.533340454,205.733337402,139511700
2021-05-12,200.830001831,206.803329468,195.589996338,196.630004883,101470800
2021-05-13,200.513336182,202.153335571,186.550003052,190.563339233,132554700
2021-05-14,194.470001221,197.623336792,190.153335571,196.580001831,100112700
2021-05-17,191.850006104,196.576660156,187.066665649,192.276672363,97171200
2021-05-18,189.333328247,198.75,187.793334961,192.623336792,110491800
2021-05-19,184.183334351,188.736663818,182.326660156,187.820007324,118735200
2021-05-20,191.666671753,196.283340454,190.356674194,195.593338013,92463300
2021-05-21,198.703338623,198.893325806,193.333328247,193.626663208,78091800
2021-05-24,193.866668701,204.826660156,191.216659546,202.14666748,103674300
2021-05-25,202.436660767,204.663330078,198.570007324,201.563339233,84017700
2021-05-26,202.520004272,208.723327637,200.5,206.376663208,85917900
2021-05-27,206.746673584,210.376663208,205.403335571,210.283340454,79111800
2021-05-28,209.5,211.863327026,207.460006714,208.406661987,68211000
2021-06-01,209.266662598,211.266662598,206.850006104,207.966659546,54254700
2021-06-02,206.710006714,207.78666687,199.71333313,201.706665039,69908400
2021-06-03,200.600006104,201.516662598,190.406661987,190.946670532,90335700
2021-06-04,193.236663818,200.203338623,192.399993896,199.683334351,72110700
2021-06-07,197.276672363,203.333328247,194.293334961,201.710006714,67631100
2021-06-08,207.669998169,207.696670532,198.5,201.196670532,78160200
2021-06-09,200.723327637,203.929992676,199.210006714,199.593338013,49753800
2021-06-10,201.293334961,205.529998779,200.166671753,203.373336792,71758800
2021-06-11,203.410003662,204.186660767,200.506668091,203.296661377,48615900
2021-06-14,204.076660156,208.496673584,203.059997559,205.89666748,61272000
2021-06-15,205.563339233,205.596664429,199.410003662,199.78666687,53292300
2021-06-16,199.179992676,202.833328247,197.833328247,201.623336792,66432300
2021-06-17,200.630004883,207.156661987,200.446670532,205.533340454,68104200
2021-06-18,204.456665039,209.449996948,203.933334351,207.770004272,73682700
2021-06-21,208.160003662,210.46333313,202.960006714,206.943328857,74438100
2021-06-22,206.083328247,209.523330688,205.166671753,207.903335571,57476700
2021-06-23,210.666671753,219.066665649,210.013336182,218.856674194,93297600
2021-06-24,224.996673584,232.539993286,222.53666687,226.606674194,137947200
2021-06-25,229.86000061,231.270004272,222.899993896,223.956665039,97490100
2021-06-28,223.880004883,231.566665649,223.440002441,229.57333374,64884600
2021-06-29,228.216659546,229.169998169,225.296661377,226.919998169,52143900
2021-06-30,226.589996338,230.936660767,226.046661377,226.566665649,56774700
2021-07-01,227.973327637,229.330001831,224.266662598,225.973327637,55903500
2021-07-02,226.326660156,233.333328247,224.419998169,226.300003052,81163500
2021-07-06,227.236663818,228,217.133331299,219.86000061,69853500
2021-07-07,221.423339844,221.899993896,212.773330688,214.883331299,56376000
2021-07-08,209.456665039,218.143325806,206.820007324,217.60333252,68319900
2021-07-09,217.726669312,219.636672974,214.89666748,218.983337402,54421500
2021-07-12,220.733337402,229.080001831,220.720001221,228.566665649,77781000
2021-07-13,228.773330688,231.093338013,222.100006104,222.846664429,62898300
2021-07-14,223.583328247,226.203338623,217.613327026,217.793334961,64923600
2021-07-15,219.46333313,222.046661377,212.626663208,216.866668701,60628800
2021-07-16,218.226669312,218.899993896,214.066665649,214.740005493,49113000
2021-07-19,209.96333313,215.733337402,207.096664429,215.406661987,63891300
2021-07-20,217.330001831,220.796661377,213.5,220.166671753,46461300
2021-07-21,219.869995117,221.619995117,216.763336182,218.429992676,41859900
2021-07-22,218.813339233,220.723327637,214.866668701,216.419998169,45317100
2021-07-23,215.453338623,216.266662598,212.433334351,214.460006714,43814700
2021-07-26,216.990005493,222.733337402,215.703338623,219.206665039,76009800
2021-07-27,221.133331299,222.166671753,209.080001831,214.92666626,98439900
2021-07-28,215.666671753,218.32333374,213.133331299,215.660003662,48019800
2021-07-29,216.596664429,227.89666748,216.266662598,225.783340454,91183800
2021-07-30,223.919998169,232.509994507,223,229.066665649,88969200
2021-08-02,233.333328247,242.313339233,232.800003052,236.556671143,100847400
2021-08-03,239.666671753,240.883331299,233.669998169,236.580001831,64860900
2021-08-04,237,241.633331299,236.309997559,236.973327637,51007800
2021-08-05,238.666671753,240.316665649,237.136672974,238.210006714,38758800
2021-08-06,237.300003052,238.776672363,232.543334961,233.033340454,46869000
2021-08-09,236.723327637,239.67666626,235.043334961,237.919998169,44145900
2021-08-10,237.996673584,238.863327026,233.960006714,236.663330078,40296900
2021-08-11,237.570007324,238.393325806,234.736663818,235.940002441,29401800
2021-08-12,235.446670532,240.933334351,233.133331299,240.75,52377300
2021-08-13,241.236663818,243.300003052,238.113327026,239.056671143,50194500
2021-08-16,235.023330688,236.5,225.466659546,228.723327637,68032200
2021-08-17,224.220001221,224.86000061,216.279998779,221.903335571,71163900
2021-08-18,223.25,231.923339844,223.116668701,229.663330078,61048200
2021-08-19,226.070007324,228.850006104,222.529998779,224.490005493,42940500
2021-08-20,227.616668701,230.710006714,224.566665649,226.753326416,44525700
2021-08-23,228.479995728,237.376663208,226.916671753,235.433334351,60794700
2021-08-24,236.893325806,238.406661987,234.21333313,236.163330078,39249300
2021-08-25,235.67666626,238.990005493,234.666671753,237.066665649,37936800
2021-08-26,236.10333252,238.466659546,232.539993286,233.720001221,39642900
2021-08-27,235,238.333328247,234.033340454,237.306671143,41501400
2021-08-30,238.240005493,243.666671753,237.576660156,243.636672974,55812600
2021-08-31,244.333328247,246.796661377,242.14666748,245.240005493,62566200
2021-09-01,244.693328857,247.330001831,243.756668091,244.696670532,39612900
2021-09-02,244.833328247,246.990005493,243.513336182,244.130004883,38331900
2021-09-03,244.083328247,244.666671753,241.399993896,244.523330688,45738300
2021-09-07,246.666671753,253.399993896,246.419998169,250.973327637,60119400
2021-09-08,253.86000061,254.816665649,246.923339844,251.289993286,56379000
2021-09-09,251.136672974,254.033340454,250.543334961,251.619995117,42233100
2021-09-10,253.199996948,254.203338623,244.839996338,245.423339844,45552600
2021-09-13,246.736663818,248.259994507,236.283340454,247.666671753,68857500
2021-09-14,247.523330688,251.490005493,245.466659546,248.163330078,55574700
2021-09-15,248.333328247,252.28666687,246.119995117,251.943328857,46073100
2021-09-16,250.943328857,252.970001221,249.203338623,252.330001831,41770200
2021-09-17,252.383331299,253.679992676,250,253.163330078,84612600
2021-09-20,244.85333252,247.333328247,239.539993286,243.38999939,74273100
2021-09-21,244.929992676,248.246673584,243.479995728,246.460006714,48992100
2021-09-22,247.843338013,251.223327637,246.373336792,250.64666748,45378900
2021-09-23,251.666671753,252.733337402,249.306671143,251.21333313,35842500
2021-09-24,248.630004883,258.266662598,248.186660767,258.130004883,64119000
2021-09-27,257.706665039,266.333343506,256.436676025,263.786682129,84212100
2021-09-28,262.399993896,265.213317871,255.393325806,259.186676025,76144200
2021-09-29,259.933319092,264.5,256.893341064,260.436676025,62828700
2021-09-30,260.333343506,263.043334961,258.333343506,258.493347168,53868000
2021-10-01,259.466674805,260.260009766,254.529998779,258.406677246,51094200
2021-10-04,265.5,268.989990234,258.706665039,260.510009766,91449900
2021-10-05,261.600006104,265.769989014,258.066680908,260.196655273,55297800
2021-10-06,258.733337402,262.220001221,257.739990234,260.916656494,43898400
2021-10-07,261.820007324,268.333343506,261.126678467,264.536682129,57587400
2021-10-08,265.403320312,265.459991455,260.303344727,261.829986572,50215800
2021-10-11,262.549987793,267.079986572,261.833343506,263.980010986,42600900
2021-10-12,266.976654053,270.773345947,265.523345947,268.57333374,66060000
2021-10-13,270.156677246,271.803344727,268.593322754,270.359985352,42360300
2021-10-14,271.829986572,273.416656494,271.116668701,272.773345947,36741600
2021-10-15,274.579986572,281.070007324,274.116668701,281.010009766,56773800
2021-10-18,283.929992676,291.753326416,283.82333374,290.036682129,72621600
2021-10-19,292.510009766,292.649993896,287.503326416,288.089996338,52143300
2021-10-20,288.450012207,289.829986572,285.793334961,288.600006104,42096300
2021-10-21,285.333343506,300,285.166656494,298,94444500
2021-10-22,298.5,303.333343506,296.986663818,303.226654053,68642400
2021-10-25,316.843322754,348.339996338,314.733337402,341.619995117,188556300
2021-10-26,341.563323975,364.980010986,333.813323975,339.476654053,187245000
2021-10-27,346.553344727,356.959991455,343.593322754,345.953338623,115579500
2021-10-28,356.10333252,360.333343506,351.399993896,359.013336182,81639600
2021-10-29,360.619995117,371.736663818,357.736663818,371.333343506,89755200
2021-11-01,381.666656494,403.25,372.886657715,402.863342285,168146100
2021-11-02,386.453338623,402.863342285,382,390.666656494,128213400
2021-11-03,392.443328857,405.130004883,384.206665039,404.619995117,103885500
2021-11-04,411.470001221,414.496673584,405.666656494,409.970001221,76192200
2021-11-05,409.333343506,413.290008545,402.666656494,407.363342285,64886400
2021-11-08,383.263336182,399,377.666656494,387.64666748,100337100
2021-11-09,391.200012207,391.5,337.173339844,341.166656494,177317400
2021-11-10,336.803344727,359.366668701,329.10333252,355.983337402,128408100
2021-11-11,367.589996338,368.32333374,351.559997559,354.503326416,67189800
2021-11-12,349.166656494,351.5,339.733337402,344.473327637,76719300
2021-11-15,339.209991455,343.993347168,326.200012207,337.796661377,104326800
2021-11-16,334.436676025,352.399993896,334.059997559,351.576660156,79627200
2021-11-17,354.503326416,373.213317871,351.833343506,363.003326416,94336200
2021-11-18,368.850006104,370.666656494,358.339996338,365.459991455,62696700
2021-11-19,366.290008545,379.57333374,364.233337402,379.019989014,64926900
2021-11-22,387.443328857,400.649993896,377.476654053,385.623321533,99217500
2021-11-23,389.170013428,393.5,354.233337402,369.67666626,108515100
2021-11-24,360.130004883,377.589996338,354,372,67680600
2021-11-26,366.489990234,369.593322754,360.333343506,360.640014648,35042700
2021-11-29,366.996673584,380.890014648,366.730010986,378.996673584,58393500
2021-11-30,381.456665039,389.333343506,372.666656494,381.586669922,81276000
2021-12-01,386.899993896,390.946655273,363.586669922,365,68450400
2021-12-02,366.35333252,371,352.216674805,361.533325195,73114800
2021-12-03,361.596679688,363.526672363,333.403320312,338.32333374,92322000
2021-12-06,333.836669922,340.546661377,316.833343506,336.336669922,81663000
2021-12-07,348.066680908,352.556671143,342.269989014,350.583343506,56084700
2021-12-08,350.903320312,357.459991455,344.333343506,356.320007324,41906400
2021-12-09,353.546661377,354.163330078,334.119995117,334.600006104,59438400
2021-12-10,336.25,340.326660156,327.510009766,339.010009766,59664300
2021-12-13,333.696655273,335,317.140014648,322.136657715,78595500
2021-12-14,315,322.136657715,310,319.503326416,70806300
2021-12-15,317.736663818,326.25,309.416656494,325.329986572,75169200
2021-12-16,331.5,331.660003662,307.283325195,308.973327637,82771500
2021-12-17,304.923339844,320.220001221,303.013336182,310.856658936,100437300
2021-12-20,303.566680908,307.230010986,297.796661377,299.980010986,56480100
2021-12-21,305.623321533,313.166656494,295.373321533,312.843322754,71517900
2021-12-22,321.886657715,338.553344727,319.016662598,336.290008545,93634200
2021-12-23,335.600006104,357.660003662,332.519989014,355.666656494,92713200
2021-12-27,357.890014648,372.333343506,356.906677246,364.64666748,71145900
2021-12-28,369.829986572,373,359.473327637,362.82333374,60324000
2021-12-29,366.213317871,368,354.713317871,362.063323975,56154000
2021-12-30,353.776672363,365.183319092,351.049987793,356.779998779,47040900
2021-12-31,357.813323975,360.666656494,351.529998779,352.260009766,40733700
2022-01-03,382.583343506,400.356658936,378.679992676,399.92666626,103931400
2022-01-04,396.516662598,402.666656494,374.350006104,383.196655273,100248300
2022-01-05,382.216674805,390.113342285,360.336669922,362.706665039,80119800
2022-01-06,359,362.666656494,340.166656494,354.899993896,90336600
2022-01-07,360.123321533,360.309997559,336.666656494,342.320007324,84164700
2022-01-10,333.333343506,353.033325195,326.666656494,352.706665039,91815000
2022-01-11,351.223327637,358.616668701,346.273345947,354.799987793,66063300
2022-01-12,359.616668701,371.613342285,357.529998779,368.739990234,83739000
2022-01-13,369.690002441,371.866668701,342.179992676,343.85333252,97209900
2022-01-14,339.959991455,350.666656494,337.793334961,349.869995117,72924300
2022-01-18,342.203338623,356.929992676,338.686676025,343.503326416,66743400
2022-01-19,347.236663818,351.556671143,331.666656494,331.883331299,75442500
2022-01-20,336.576660156,347.220001221,331.333343506,332.089996338,70488600
2022-01-21,332.113342285,334.850006104,313.5,314.633331299,103416000
2022-01-24,301.586669922,311.170013428,283.82333374,310,151565700
2022-01-25,304.733337402,317.086669922,301.070007324,306.133331299,86595900
2022-01-26,317.476654053,329.230010986,302,312.470001221,104867400
2022-01-27,311.119995117,311.796661377,276.333343506,276.366668701,147109500
2022-01-28,277.186676025,285.833343506,264.003326416,282.116668701,134789100
2022-01-31,290.903320312,312.663330078,287.350006104,312.239990234,104436000
2022-02-01,311.736663818,314.566680908,301.666656494,310.416656494,73138200
2022-02-02,309.393341064,310.5,296.470001221,301.886657715,66792900
2022-02-03,294,312.333343506,293.506652832,297.046661377,78855600
2022-02-04,299.07333374,312.166656494,293.723327637,307.773345947,73625400
2022-02-07,307.929992676,315.923339844,300.903320312,302.446655273,60994500
2022-02-08,301.843322754,308.763336182,298.266662598,307.333343506,50729100
2022-02-09,311.666656494,315.423339844,306.666656494,310.666656494,52259400
2022-02-10,302.790008545,314.60333252,298.899993896,301.516662598,66126900
2022-02-11,303.209991455,305.320007324,283.566680908,286.666656494,79645800
2022-02-14,287.190002441,299.626678467,284.383331299,291.920013428,67756500
2022-02-15,300,307.666656494,297.793334961,307.476654053,57286200
2022-02-16,304.683319092,308.809997559,300.403320312,307.796661377,51294300
2022-02-17,304.420013428,306.166656494,291.366668701,292.116668701,55178400
2022-02-18,295.333343506,295.623321533,279.203338623,285.660003662,68501700
2022-02-22,278.043334961,285.576660156,267.033325195,273.843322754,83288100
2022-02-23,276.809997559,278.433319092,253.520004272,254.679992676,95256900
2022-02-24,233.46333313,267.493347168,233.333328247,266.923339844,135322200
2022-02-25,269.743347168,273.166656494,260.799987793,269.956665039,76067700
2022-02-28,271.670013428,292.286682129,271.570007324,290.143341064,99006900
2022-03-01,289.893341064,296.626678467,284.593322754,288.123321533,74766900
2022-03-02,290.709991455,295.493347168,281.423339844,293.296661377,74643300
2022-03-03,292.923339844,295.480010986,277.533325195,279.763336182,61623600
2022-03-04,283.033325195,285.216674805,275.053344727,279.429992676,66999600
2022-03-07,285.433319092,288.713317871,268.190002441,268.193328857,72494100
2022-03-08,265.17666626,283.329986572,260.723327637,274.799987793,80399100
2022-03-09,279.826660156,286.85333252,277.336669922,286.32333374,59184000
2022-03-10,283.816680908,284.816680908,270.119995117,279.433319092,58648500
2022-03-11,280.066680908,281.266662598,264.589996338,265.116668701,67037100
2022-03-14,260.203338623,266.899993896,252.013336182,255.456665039,71152200
2022-03-15,258.423339844,268.523345947,252.190002441,267.296661377,66841200
2022-03-16,269.666656494,280.666656494,267.420013428,280.076660156,84028800
2022-03-17,276.996673584,291.666656494,275.239990234,290.533325195,66582900
2022-03-18,291.496673584,302.616668701,289.130004883,301.796661377,100414200
2022-03-21,304.993347168,314.283325195,302.363342285,307.053344727,81981600
2022-03-22,310,332.619995117,307.25,331.326660156,105868500
2022-03-23,326.64666748,346.899993896,325.466674805,333.036682129,120676200
2022-03-24,336.576660156,341.496673584,329.600006104,337.973327637,68920800
2022-03-25,336,340.600006104,332.440002441,336.880004883,62031600
2022-03-28,355.033325195,365.959991455,351.200012207,363.946655273,102506100
2022-03-29,369.329986572,371.589996338,357.703338623,366.523345947,73614900
2022-03-30,363.723327637,371.316680908,361.333343506,364.663330078,59865000
2022-03-31,364.856658936,367.713317871,358.880004883,359.200012207,48992700
2022-04-01,360.383331299,364.916656494,355.546661377,361.529998779,54263100
2022-04-04,363.126678467,383.303344727,357.510009766,381.816680908,82035900
2022-04-05,378.766662598,384.290008545,362.433319092,363.753326416,80075100
2022-04-06,357.82333374,359.666656494,342.566680908,348.586669922,89348400
2022-04-07,350.796661377,358.863342285,340.513336182,352.420013428,79447200
2022-04-08,347.736663818,349.480010986,340.813323975,341.829986572,55013700
2022-04-11,326.799987793,336.156677246,324.880004883,325.309997559,59357100
2022-04-12,332.546661377,340.39666748,325.533325195,328.983337402,65976000
2022-04-13,327.026672363,342.079986572,324.366668701,340.790008545,55121100
2022-04-14,333.096679688,337.570007324,327.39666748,328.333343506,58422300
2022-04-18,329.67666626,338.306671143,324.470001221,334.763336182,51715200
2022-04-19,335.019989014,344.980010986,331.776672363,342.716674805,49847700
2022-04-20,343.333343506,344.666656494,325.083343506,325.733337402,70711200
2022-04-21,358.243347168,364.07333374,332.140014648,336.260009766,105416400
2022-04-22,338.303344727,344.950012207,331.333343506,335.016662598,69696600
2022-04-25,326.32333374,336.206665039,325.100006104,332.673339844,68341200
2022-04-26,331.809997559,333.333343506,291.666656494,292.140014648,136133700
2022-04-27,299.526672363,306,292.453338623,293.836669922,76956300
2022-04-28,299.993347168,300,273.899993896,292.503326416,124948500
2022-04-29,300.75,311.466674805,290,290.253326416,88133100
2022-05-02,286.923339844,302.119995117,282.67666626,300.980010986,75781500
2022-05-03,301.059997559,308.026672363,296.196655273,303.083343506,63709500
2022-05-04,301.313323975,318.5,295.093322754,317.540008545,81643800
2022-05-05,313.006652832,315.200012207,285.899993896,291.093322754,92519100
2022-05-06,295.666656494,296,281.036682129,288.549987793,72903000
2022-05-09,278.816680908,281.876678467,260.383331299,262.369995117,90810300
2022-05-10,273.10333252,275.119995117,258.083343506,266.679992676,84401700
2022-05-11,265,269.923339844,242.399993896,244.666671753,97224600
2022-05-12,233.666671753,253.220001221,226.666671753,242.666671753,140313000
2022-05-13,257.826660156,262.450012207,250.523330688,256.529998779,92150700
2022-05-16,255.720001221,256.586669922,239.696670532,241.456665039,86098500
2022-05-17,249.119995117,254.826660156,242.949996948,253.869995117,80236200
2022-05-18,248.173339844,253.5,233.60333252,236.60333252,87811800
2022-05-19,235.666671753,244.666671753,231.369995117,236.473327637,90296700
2022-05-20,237.996673584,240.526672363,211,221.300003052,144973200
2022-05-23,218.339996338,226.653335571,212.686660767,224.966659546,88903500
2022-05-24,217.843338013,217.973327637,206.856674194,209.386672974,89092500
2022-05-25,207.949996948,223.106674194,207.669998169,219.600006104,92139300
2022-05-26,220.473327637,239.556671143,217.886672974,235.910003662,106003200
2022-05-27,241.083328247,253.266662598,240.17666626,253.210006714,89295000
2022-05-31,257.946655273,259.600006104,244.743331909,252.753326416,101914500
2022-06-01,251.720001221,257.326660156,243.63999939,246.789993286,77247900
2022-06-02,244.156661987,264.209991455,242.066665649,258.333343506,93473100
2022-06-03,243.226669312,247.796661377,233.416671753,234.516662598,112393800
2022-06-06,244.35333252,244.866668701,234.350006104,238.279998779,84204600
2022-06-07,234,239.996673584,230.093338013,238.886672974,72808500
2022-06-08,240.086669922,249.96333313,239.17666626,241.866668701,76210500
2022-06-09,249.339996338,255.546661377,239.326660156,239.706665039,96491400
2022-06-10,235.156661987,239.5,227.913330078,232.229995728,97536600
2022-06-13,223.166671753,226.633331299,214.683334351,215.736663818,102767400
2022-06-14,218.28666687,226.330001831,211.736663818,220.88999939,97988700
2022-06-15,220.916671753,235.663330078,218.149993896,233,119131800
2022-06-16,222.736663818,225.166671753,208.693328857,213.100006104,107390700
2022-06-17,213.433334351,220.970001221,213.196670532,216.759994507,92641800
2022-06-21,224.60333252,243.576660156,224.333328247,237.03666687,122793000
2022-06-22,234.503326416,246.833328247,233.826660156,236.086669922,101107500
2022-06-23,237.906661987,239.316665649,228.636672974,235.070007324,104202600
2022-06-24,237.470001221,246.066665649,236.086669922,245.706665039,95770800
2022-06-27,249.366668701,252.070007324,242.566665649,244.919998169,89178300
2022-06-28,244.483337402,249.970001221,232.343338013,232.663330078,90391200
2022-06-29,230.5,231.173339844,222.273330688,228.490005493,82897200
2022-06-30,224.509994507,229.456665039,218.863327026,224.473327637,94600500
2022-07-01,227,230.229995728,222.119995117,227.263336182,74460300
2022-07-05,223,233.14666748,216.166671753,233.066665649,84581100
2022-07-06,230.779998779,234.563339233,227.186660767,231.733337402,71853600
2022-07-07,233.919998169,245.363327026,232.210006714,244.543334961,81930600
2022-07-08,242.333328247,254.979995728,241.160003662,250.763336182,101854200
2022-07-11,252.10333252,253.063339233,233.626663208,234.343338013,99241200
2022-07-12,236.846664429,239.773330688,228.369995117,233.070007324,87930900
2022-07-13,225.5,242.059997559,225.033340454,237.039993286,97954500
2022-07-14,234.89666748,238.653335571,229.333328247,238.313339233,78557400
2022-07-15,240,243.623336792,236.88999939,240.066665649,69683100
2022-07-18,244.936660767,250.516662598,239.60333252,240.546661377,82537500
2022-07-19,245,247.13999939,236.976669312,245.529998779,80890200
2022-07-20,246.783340454,250.663330078,243.483337402,247.5,88864200
2022-07-21,255.106674194,273.266662598,254.866668701,271.706665039,142032300
2022-07-22,276.220001221,280.786682129,270.713317871,272.243347168,103472700
2022-07-25,272.216674805,274.14666748,267.399993896,268.433319092,64073400
2022-07-26,266.513336182,267.309997559,256.263336182,258.859985352,66820800
2022-07-27,263.809997559,275.92666626,261.790008545,274.820007324,88110000
2022-07-28,280.066680908,283.299987793,272.799987793,280.899993896,84723000
2022-07-29,280.700012207,298.320007324,279.100006104,297.149993896,95313000
2022-08-01,301.276672363,311.876678467,295,297.276672363,117042900
2022-08-02,294.003326416,307.833343506,292.666656494,300.586669922,95577600
2022-08-03,305,309.549987793,301.149993896,307.39666748,80091000
2022-08-04,311,313.606658936,305,308.633331299,72256200
2022-08-05,302.670013428,304.606658936,285.543334961,288.170013428,113172900
2022-08-08,295,305.200012207,289.086669922,290.423339844,98994000
2022-08-09,290.293334961,292.39666748,279.35333252,283.333343506,86244600
2022-08-10,297.066680908,297.510009766,283.369995117,294.356658936,94918800
2022-08-11,296.513336182,298.236663818,285.833343506,286.630004883,70155000
2022-08-12,289.416656494,300.160003662,285.033325195,300.029998779,79657200
2022-08-15,301.786682129,313.133331299,301.230010986,309.320007324,89359200
2022-08-16,311.666656494,314.666656494,302.883331299,306.563323975,88136400
2022-08-17,303.39666748,309.656677246,300.033325195,303.996673584,68766000
2022-08-18,306,306.5,301.85333252,302.869995117,47500500
2022-08-19,299,300.359985352,292.5,296.666656494,61395300
2022-08-22,291.913330078,292.399993896,286.296661377,289.913330078,55843200
2022-08-23,291.453338623,298.826660156,287.923339844,296.453338623,63984900
2022-08-24,297.563323975,303.64666748,296.5,297.096679688,57259800
2022-08-25,302.359985352,302.959991455,291.600006104,296.070007324,53230000
2022-08-26,297.429992676,302,287.470001221,288.089996338,57163900
2022-08-29,282.829986572,287.739990234,280.700012207,284.820007324,41864700
2022-08-30,287.869995117,288.480010986,272.649993896,277.700012207,50541800
2022-08-31,280.619995117,281.25,271.809997559,275.609985352,52107300
2022-09-01,272.579986572,277.579986572,266.149993896,277.160003662,54287000
2022-09-02,281.070007324,282.350006104,269.079986572,270.209991455,50890100
2022-09-06,272.679992676,275.989990234,265.739990234,274.420013428,55860000
2022-09-07,273.100006104,283.839996338,272.269989014,283.700012207,50028900
2022-09-08,281.299987793,289.5,279.760009766,289.260009766,53713100
2022-09-09,291.670013428,299.850006104,291.25,299.679992676,54338100
2022-09-12,300.720001221,305.489990234,300.399993896,304.420013428,48674600
2022-09-13,292.899993896,297.399993896,290.399993896,292.130004883,68229600
2022-09-14,292.239990234,306,291.640014648,302.609985352,72628700
2022-09-15,301.829986572,309.119995117,300.720001221,303.75,64795500
2022-09-16,299.609985352,303.709991455,295.600006104,303.350006104,87087800
2022-09-19,300.089996338,309.839996338,297.799987793,309.070007324,60231200
2022-09-20,306.910003662,313.329986572,305.579986572,308.730010986,61642800
2022-09-21,308.290008545,313.799987793,300.630004883,300.799987793,62555700
2022-09-22,299.859985352,301.290008545,285.820007324,288.589996338,70545400
2022-09-23,283.089996338,284.5,272.820007324,275.329986572,63748400
2022-09-26,271.829986572,284.089996338,270.309997559,276.010009766,58076900
2022-09-27,283.839996338,288.670013428,277.510009766,282.940002441,61925200
2022-09-28,283.079986572,289,277.570007324,287.809997559,54664800
2022-09-29,282.760009766,283.649993896,265.779998779,268.209991455,77620600
2022-09-30,266.149993896,275.570007324,262.470001221,265.25,67726600
2022-10-03,254.5,255.160003662,241.009994507,242.399993896,98363500
2022-10-04,250.520004272,257.5,242.009994507,249.440002441,109578500
2022-10-05,245.009994507,246.669998169,233.270004272,240.809997559,86982700
2022-10-06,239.440002441,244.580001831,235.350006104,238.130004883,69298400
2022-10-07,233.940002441,234.570007324,222.020004272,223.070007324,83916800
2022-10-10,223.929992676,226.990005493,218.36000061,222.960006714,67925000
2022-10-11,220.949996948,225.75,215,216.5,77013200
2022-10-12,215.330001831,219.300003052,211.509994507,217.240005493,66860700
2022-10-13,208.300003052,222.990005493,206.220001221,221.720001221,91483000
2022-10-14,224.009994507,226.259994507,204.160003662,204.990005493,94124500
2022-10-17,210.039993286,221.86000061,209.449996948,219.350006104,79428800
2022-10-18,229.5,229.820007324,217.25,220.190002441,75891900
2022-10-19,219.800003052,222.929992676,217.779998779,222.039993286,66571500
2022-10-20,208.279998779,215.550003052,202,207.279998779,117798100
2022-10-21,206.419998169,214.660003662,203.800003052,214.440002441,75713800
2022-10-24,205.820007324,213.5,198.589996338,211.25,100446800
2022-10-25,210.100006104,224.350006104,210,222.419998169,96507900
2022-10-26,219.399993896,230.600006104,218.199996948,224.63999939,85012500
2022-10-27,229.770004272,233.809997559,222.850006104,225.089996338,61638800
2022-10-28,225.399993896,228.86000061,216.350006104,228.520004272,69152400
2022-10-31,226.190002441,229.850006104,221.940002441,227.539993286,61554300
2022-11-01,234.050003052,237.399993896,227.279998779,227.820007324,62688800
2022-11-02,226.039993286,227.869995117,214.820007324,214.979995728,63070300
2022-11-03,211.36000061,221.199996948,210.13999939,215.309997559,56538800
2022-11-04,222.600006104,223.800003052,203.080001831,207.470001221,98622200
2022-11-07,208.649993896,208.899993896,196.660003662,197.080001831,93916500
2022-11-08,194.020004272,195.199996948,186.75,191.300003052,128803400
2022-11-09,190.779998779,195.88999939,177.119995117,177.589996338,127062700
2022-11-10,189.899993896,191,180.029998779,190.720001221,132703000
2022-11-11,186,196.520004272,182.589996338,195.970001221,114403600
2022-11-14,192.770004272,195.729995728,186.339996338,190.949996948,92226600
2022-11-15,195.880004883,200.820007324,192.059997559,194.419998169,91293800
2022-11-16,191.509994507,192.570007324,185.660003662,186.919998169,66567600
2022-11-17,183.960006714,186.160003662,180.899993896,183.169998169,64336000
2022-11-18,185.050003052,185.190002441,176.550003052,180.190002441,76048900
2022-11-21,175.850006104,176.770004272,167.539993286,167.869995117,92882700
2022-11-22,168.630004883,170.919998169,166.190002441,169.910003662,78452300
2022-11-23,173.570007324,183.619995117,172.5,183.199996948,109536700
2022-11-25,185.059997559,185.199996948,180.630004883,182.86000061,50672700
2022-11-28,179.960006714,188.5,179,182.919998169,92905200
2022-11-29,184.990005493,186.380004883,178.75,180.830001831,83357100
2022-11-30,182.429992676,194.759994507,180.630004883,194.699996948,109186400
2022-12-01,197.080001831,198.919998169,191.800003052,194.699996948,80046200
2022-12-02,191.779998779,196.25,191.11000061,194.86000061,73645900
2022-12-05,189.440002441,191.270004272,180.550003052,182.449996948,93122700
2022-12-06,181.220001221,183.649993896,175.330001831,179.820007324,92150800
2022-12-07,175.029998779,179.380004883,172.220001221,174.039993286,84213300
2022-12-08,172.199996948,175.199996948,169.059997559,173.440002441,97624500
2022-12-09,173.839996338,182.5,173.36000061,179.050003052,104872300
2022-12-12,176.100006104,177.369995117,167.520004272,167.820007324,109794500
2022-12-13,174.869995117,175.050003052,156.910003662,160.949996948,175862700
2022-12-14,159.25,161.619995117,155.309997559,156.800003052,140682300
2022-12-15,153.440002441,160.929992676,153.279998779,157.669998169,122334500
2022-12-16,159.63999939,160.990005493,150.039993286,150.229995728,139032200
2022-12-19,154,155.25,145.820007324,149.869995117,139390600
2022-12-20,146.050003052,148.470001221,137.660003662,137.800003052,159563300
2022-12-21,139.339996338,141.259994507,135.88999939,137.570007324,145417400
2022-12-22,136,136.630004883,122.260002136,125.349998474,210090300
2022-12-23,126.370002747,128.619995117,121.019996643,123.150001526,166989700
2022-12-27,117.5,119.669998169,108.760002136,109.099998474,208643400
2022-12-28,110.349998474,116.269996643,108.239997864,112.709999084,221070500
2022-12-29,120.38999939,123.569999695,117.5,121.819999695,221923300
2022-12-30,119.949996948,124.480003357,119.75,123.180000305,157777300
2023-01-03,118.470001221,118.800003052,104.63999939,108.099998474,231402800
2023-01-04,109.11000061,114.589996338,107.519996643,113.63999939,180389000
2023-01-05,110.510002136,111.75,107.160003662,110.339996338,157986300
2023-01-06,103,114.38999939,101.809997559,113.059997559,220911100
2023-01-09,118.959999084,123.519996643,117.11000061,119.769996643,190284000
2023-01-10,121.069999695,122.760002136,114.919998169,118.849998474,167642500
2023-01-11,122.089996338,125.949996948,120.510002136,123.220001221,183810800
2023-01-12,122.559997559,124.129997253,117,123.559997559,169400900
2023-01-13,116.550003052,122.629997253,115.599998474,122.400001526,180714100
2023-01-17,125.699996948,131.699996948,125.019996643,131.490005493,186477000
2023-01-18,136.559997559,136.679992676,127.010002136,128.779998779,195680300
2023-01-19,127.260002136,129.990005493,124.309997559,127.169998169,170291900
2023-01-20,128.679992676,133.509994507,127.349998474,133.419998169,138858100
2023-01-23,135.869995117,145.380004883,134.270004272,143.75,203119200
2023-01-24,143,146.5,141.100006104,143.88999939,158699100
2023-01-25,141.910003662,146.410003662,138.070007324,144.429992676,192734300
2023-01-26,159.970001221,161.419998169,154.759994507,160.270004272,234815100
2023-01-27,162.429992676,180.679992676,161.169998169,177.899993896,306590600
2023-01-30,178.050003052,179.770004272,166.5,166.660003662,230878800
2023-01-31,164.570007324,174.300003052,162.779998779,173.220001221,196813500
2023-02-01,173.88999939,183.809997559,169.929992676,181.410003662,213806300
2023-02-02,187.330001831,196.75,182.61000061,188.270004272,217448300
2023-02-03,183.949996948,199,183.690002441,189.979995728,232662000
2023-02-06,193.009994507,198.169998169,189.919998169,194.759994507,186188100
2023-02-07,196.429992676,197.5,189.550003052,196.809997559,186010300
2023-02-08,196.100006104,203,194.309997559,201.289993286,180673600
2023-02-09,207.779998779,214,204.770004272,207.320007324,215431400
2023-02-10,202.229995728,206.199996948,192.88999939,196.88999939,204754100
2023-02-13,194.419998169,196.300003052,187.61000061,194.63999939,172475500
2023-02-14,191.940002441,209.820007324,189.440002441,209.25,216455700
2023-02-15,211.759994507,214.660003662,206.11000061,214.240005493,181006400
2023-02-16,210.779998779,217.649993896,201.839996338,202.039993286,229586500
2023-02-17,199.990005493,208.440002441,197.5,208.309997559,213738500
2023-02-21,204.990005493,209.710006714,197.220001221,197.369995117,180018600
2023-02-22,197.929992676,201.990005493,191.779998779,200.86000061,191828500
2023-02-23,203.910003662,205.13999939,196.330001831,202.070007324,146360000
2023-02-24,196.330001831,197.669998169,192.800003052,196.880004883,142228100
2023-02-27,202.029998779,209.419998169,201.259994507,207.630004883,161028300
2023-02-28,210.589996338,211.229995728,203.75,205.710006714,153144900
2023-03-01,206.210006714,207.199996948,198.520004272,202.770004272,156852800
2023-03-02,186.740005493,193.75,186.009994507,190.899993896,181500700
2023-03-03,194.800003052,200.479995728,192.880004883,197.789993286,154193300
2023-03-06,198.539993286,198.600006104,192.300003052,193.809997559,128100100
2023-03-07,191.380004883,194.199996948,186.100006104,187.710006714,148125800
2023-03-08,185.039993286,186.5,180,182,151897800
2023-03-09,180.25,185.179992676,172.509994507,172.919998169,170023800
2023-03-10,175.130004883,178.289993286,168.440002441,173.440002441,191488900
2023-03-13,167.460006714,177.350006104,163.910003662,174.479995728,167790300
2023-03-14,177.309997559,183.800003052,177.13999939,183.259994507,143717900
2023-03-15,180.800003052,182.339996338,176.029998779,180.449996948,145995600
2023-03-16,180.369995117,185.809997559,178.839996338,184.130004883,121136800
2023-03-17,184.520004272,186.220001221,177.330001831,180.130004883,133197100
2023-03-20,178.080001831,186.440002441,176.350006104,183.25,129684400
2023-03-21,188.279998779,198,188.039993286,197.580001831,153391400
2023-03-22,199.300003052,200.660003662,190.949996948,191.149993896,150376400
2023-03-23,195.259994507,199.309997559,188.649993896,192.220001221,144193900
2023-03-24,191.649993896,192.36000061,187.149993896,190.410003662,116312400
2023-03-27,194.419998169,197.38999939,189.940002441,191.809997559,120851600
2023-03-28,192,192.350006104,185.429992676,189.190002441,98654600
2023-03-29,193.130004883,195.289993286,189.440002441,193.880004883,123660000
2023-03-30,195.580001831,197.330001831,194.419998169,195.279998779,110252200
2023-03-31,197.529998779,207.789993286,197.199996948,207.460006714,170222100
2023-04-03,199.910003662,202.690002441,192.199996948,194.770004272,169545900
2023-04-04,197.320007324,198.740005493,190.320007324,192.580001831,126463800
2023-04-05,190.520004272,190.679992676,183.759994507,185.520004272,133882500
2023-04-06,183.080001831,186.38999939,179.740005493,185.059997559,123857900
2023-04-10,179.940002441,185.100006104,176.11000061,184.509994507,142154600
2023-04-11,186.690002441,189.190002441,185.649993896,186.789993286,115770900
2023-04-12,190.740005493,191.580001831,180.309997559,180.539993286,150256300
2023-04-13,182.960006714,186.5,180.940002441,185.899993896,112933000
2023-04-14,183.949996948,186.279998779,182.009994507,185,96438700
2023-04-17,186.320007324,189.690002441,182.690002441,187.039993286,116662200
2023-04-18,187.149993896,187.690002441,183.580001831,184.309997559,92067000
2023-04-19,179.100006104,183.5,177.649993896,180.589996338,125732700
2023-04-20,166.169998169,169.699996948,160.559997559,162.990005493,210970800
2023-04-21,164.800003052,166,161.320007324,165.080001831,123539000
2023-04-24,164.649993896,165.649993896,158.61000061,162.550003052,140006600
2023-04-25,159.820007324,163.470001221,158.75,160.669998169,121999300
2023-04-26,160.289993286,160.669998169,153.13999939,153.75,153364100
2023-04-27,152.63999939,160.479995728,152.369995117,160.190002441,127015200
2023-04-28,160.899993896,165,157.320007324,164.309997559,122515800
2023-05-01,163.169998169,163.279998779,158.830001831,161.830001831,109015000
2023-05-02,161.880004883,165.490005493,158.929992676,160.309997559,128259700
2023-05-03,160.009994507,165,159.910003662,160.61000061,119728000
2023-05-04,162.710006714,162.949996948,159.649993896,161.199996948,95108500
2023-05-05,163.970001221,170.789993286,163.509994507,170.059997559,107607300
2023-05-08,173.720001221,173.800003052,169.190002441,171.789993286,112249400
2023-05-09,168.949996948,169.820007324,166.559997559,169.149993896,88965000
2023-05-10,172.550003052,174.429992676,166.679992676,168.539993286,119840700
2023-05-11,168.699996948,173.570007324,166.789993286,172.080001831,103889900
2023-05-12,176.070007324,177.380004883,167.229995728,167.979995728,157849600
2023-05-15,167.660003662,169.759994507,164.550003052,166.350006104,105592500
2023-05-16,165.649993896,169.520004272,164.350006104,166.520004272,98288800
2023-05-17,168.410003662,174.5,167.190002441,173.86000061,125473600
2023-05-18,174.220001221,177.059997559,172.449996948,176.88999939,109520300
2023-05-19,177.169998169,181.949996948,176.309997559,180.13999939,136196700
2023-05-22,180.699996948,189.320007324,180.11000061,188.869995117,132001400
2023-05-23,186.199996948,192.960006714,185.259994507,185.770004272,156952100
2023-05-24,182.229995728,184.220001221,178.220001221,182.899993896,137605100
2023-05-25,186.539993286,186.779998779,180.580001831,184.470001221,96870700
2023-05-26,184.619995117,198.600006104,184.529998779,193.169998169,162061500
2023-05-30,200.100006104,204.479995728,197.529998779,201.160003662,128818700
2023-05-31,199.779998779,203.949996948,195.119995117,203.929992676,150711700
2023-06-01,202.589996338,209.800003052,199.369995117,207.520004272,148029900
2023-06-02,210.149993896,217.25,209.75,213.970001221,164398400
2023-06-05,217.800003052,221.289993286,214.520004272,217.61000061,151143100
2023-06-06,216.13999939,221.910003662,212.529998779,221.309997559,146911600
2023-06-07,228,230.830001831,223.199996948,224.570007324,185710800
2023-06-08,224.220001221,235.229995728,223.009994507,234.86000061,164489700
2023-06-09,249.070007324,252.419998169,242.020004272,244.399993896,200242400
2023-06-12,247.940002441,250.970001221,244.589996338,249.830001831,150337900
2023-06-13,253.509994507,259.679992676,251.339996338,258.709991455,162384300
2023-06-14,260.170013428,261.570007324,250.5,256.790008545,170575500
2023-06-15,248.399993896,258.950012207,247.289993286,255.899993896,160171200
2023-06-16,258.920013428,263.600006104,257.209991455,260.540008545,167915600
2023-06-20,261.5,274.75,261.119995117,274.450012207,165611200
2023-06-21,275.130004883,276.989990234,257.779998779,259.459991455,211797100
2023-06-22,250.770004272,265,248.25,264.609985352,166875900
2023-06-23,259.290008545,262.450012207,252.800003052,256.600006104,177460800
2023-06-26,250.070007324,258.369995117,240.699996948,241.050003052,179990600
2023-06-27,243.240005493,250.38999939,240.850006104,250.210006714,164968200
2023-06-28,249.699996948,259.880004883,248.88999939,256.239990234,159770800
2023-06-29,258.029998779,260.739990234,253.61000061,257.5,131283400
2023-06-30,260.600006104,264.450012207,259.890014648,261.769989014,112620800
2023-07-03,276.489990234,284.25,275.109985352,279.820007324,119685900
2023-07-05,278.820007324,283.850006104,277.600006104,282.480010986,131530900
2023-07-06,278.089996338,279.970001221,272.880004883,276.540008545,120332100
2023-07-07,278.429992676,280.779998779,273.769989014,274.429992676,113879200
2023-07-10,276.470001221,277.519989014,265.100006104,269.609985352,119425400
2023-07-11,268.649993896,270.899993896,266.369995117,269.790008545,91972400
2023-07-12,276.329986572,276.519989014,271.459991455,271.989990234,95672100
2023-07-13,274.589996338,279.450012207,270.600006104,277.899993896,112681500
2023-07-14,277.010009766,285.299987793,276.309997559,281.380004883,120062400
2023-07-17,286.630004883,292.230010986,283.570007324,290.380004883,131569600
2023-07-18,290.149993896,295.260009766,286.010009766,293.339996338,112120300
2023-07-19,296.040008545,299.290008545,289.519989014,291.260009766,142355400
2023-07-20,279.559997559,280.929992676,261.200012207,262.899993896,175158300
2023-07-21,268,268,255.800003052,260.019989014,161796100
2023-07-24,255.850006104,269.850006104,254.119995117,269.059997559,136508500
2023-07-25,272.380004883,272.899993896,265,265.279998779,112757300
2023-07-26,263.25,268.040008545,261.75,264.350006104,95856200
2023-07-27,268.309997559,269.130004883,255.300003052,255.710006714,103697300
2023-07-28,259.859985352,267.25,258.230010986,266.440002441,111446000
2023-07-31,267.480010986,269.079986572,263.779998779,267.429992676,84582200
2023-08-01,266.260009766,266.470001221,260.25,261.070007324,83166000
2023-08-02,255.570007324,259.519989014,250.490005493,254.11000061,101752900
2023-08-03,252.039993286,260.489990234,252,259.320007324,97569100
2023-08-04,260.970001221,264.769989014,253.11000061,253.86000061,99539900
2023-08-07,251.449996948,253.649993896,242.759994507,251.449996948,111097900
2023-08-08,247.449996948,250.919998169,245.009994507,249.699996948,96642200
2023-08-09,250.869995117,251.100006104,241.899993896,242.190002441,101596300
2023-08-10,245.399993896,251.800003052,243,245.339996338,109498600
2023-08-11,241.770004272,243.789993286,238.020004272,242.649993896,99038600
2023-08-14,235.699996948,240.660003662,233.75,239.759994507,98595300
2023-08-15,238.729995728,240.5,232.61000061,232.960006714,88197600
2023-08-16,228.020004272,233.970001221,225.380004883,225.600006104,112484500
2023-08-17,226.059997559,226.740005493,218.830001831,219.220001221,120718400
2023-08-18,214.119995117,217.580001831,212.36000061,215.490005493,136276600
2023-08-21,221.550003052,232.130004883,220.580001831,231.279998779,135702700
2023-08-22,240.25,240.820007324,229.550003052,233.190002441,130442800
2023-08-23,229.339996338,238.979995728,229.289993286,236.86000061,101077600
2023-08-24,238.660003662,238.919998169,228.179992676,230.039993286,99777400
2023-08-25,231.309997559,239,230.350006104,238.589996338,106612200
2023-08-28,242.580001831,244.380004883,235.350006104,238.820007324,107673700
2023-08-29,238.580001831,257.480010986,237.770004272,257.179992676,134047600
2023-08-30,254.199996948,260.510009766,250.589996338,256.899993896,121988400
2023-08-31,255.979995728,261.179992676,255.050003052,258.079986572,108861700
2023-09-01,257.260009766,259.079986572,242.009994507,245.009994507,132541600
2023-09-05,245,258,244.86000061,256.489990234,129469600
2023-09-06,255.13999939,255.38999939,245.059997559,251.919998169,116959800
2023-09-07,245.070007324,252.809997559,243.270004272,251.490005493,115312900
2023-09-08,251.220001221,256.519989014,246.669998169,248.5,118367700
2023-09-11,264.269989014,274.850006104,260.609985352,273.579986572,174667900
2023-09-12,270.760009766,278.390014648,266.600006104,267.480010986,135999900
2023-09-13,270.070007324,274.980010986,268.100006104,271.299987793,111673700
2023-09-14,271.320007324,276.709991455,270.420013428,276.040008545,107709800
2023-09-15,277.549987793,278.980010986,271,274.390014648,133692300
2023-09-18,271.160003662,271.440002441,263.760009766,265.279998779,101543300
2023-09-19,264.350006104,267.850006104,261.200012207,266.5,103704000
2023-09-20,267.040008545,273.929992676,262.459991455,262.589996338,122514600
2023-09-21,257.850006104,260.859985352,254.210006714,255.699996948,119951500
2023-09-22,257.399993896,257.790008545,244.479995728,244.880004883,127524100
2023-09-25,243.380004883,247.100006104,238.309997559,246.990005493,104636600
2023-09-26,242.979995728,249.550003052,241.660003662,244.119995117,101993600
2023-09-27,244.259994507,245.330001831,234.580001831,240.5,136597200
2023-09-28,240.020004272,247.550003052,238.649993896,246.380004883,117058900
2023-09-29,250,254.770004272,246.350006104,250.220001221,128522700
2023-10-02,244.809997559,254.279998779,242.619995117,251.600006104,123810400
2023-10-03,248.61000061,250.020004272,244.449996948,246.529998779,101985300
2023-10-04,248.13999939,261.859985352,247.600006104,261.160003662,129721600
2023-10-05,260,263.600006104,256.25,260.049987793,119159200
2023-10-06,253.979995728,261.649993896,250.649993896,260.529998779,118121800
2023-10-09,255.309997559,261.359985352,252.050003052,259.670013428,101377900
2023-10-10,257.75,268.940002441,257.649993896,263.619995117,122656000
2023-10-11,266.200012207,268.600006104,260.899993896,262.989990234,103706300
2023-10-12,262.920013428,265.410003662,256.630004883,258.869995117,111508100
2023-10-13,258.899993896,259.600006104,250.220001221,251.119995117,102073800
2023-10-16,250.050003052,255.399993896,248.479995728,253.919998169,88917200
2023-10-17,250.100006104,257.179992676,247.080001831,254.850006104,93562900
2023-10-18,252.699996948,254.630004883,242.080001831,242.679992676,125147800
2023-10-19,225.949996948,230.61000061,216.779998779,220.11000061,170772700
2023-10-20,217.009994507,218.86000061,210.419998169,211.990005493,138010100
2023-10-23,210,216.979995728,202.509994507,212.080001831,150683400
2023-10-24,216.5,222.050003052,214.11000061,216.520004272,118231100
2023-10-25,215.880004883,220.100006104,212.199996948,212.419998169,107065100
2023-10-26,211.320007324,214.800003052,204.880004883,205.759994507,115112600
2023-10-27,210.600006104,212.410003662,205.770004272,207.300003052,94881200
2023-10-30,209.279998779,210.880004883,194.669998169,197.36000061,136448200
2023-10-31,196.119995117,202.800003052,194.070007324,200.839996338,118068300
2023-11-01,204.039993286,205.990005493,197.850006104,205.660003662,121661700
2023-11-02,212.970001221,219.199996948,211.449996948,218.509994507,125987600
2023-11-03,221.149993896,226.369995117,218.399993896,219.960006714,119534800
2023-11-06,223.979995728,226.320007324,215,219.270004272,117335800
2023-11-07,219.979995728,223.119995117,215.720001221,222.179992676,116900100
2023-11-08,223.149993896,224.149993896,217.63999939,222.11000061,106584800
2023-11-09,219.75,220.800003052,206.679992676,209.979995728,142110500
2023-11-10,210.029998779,215.380004883,205.690002441,214.649993896,130994000
2023-11-13,215.600006104,225.399993896,211.61000061,223.710006714,140447600
2023-11-14,235.029998779,238.13999939,230.720001221,237.410003662,149771600
2023-11-15,239.289993286,246.699996948,236.449996948,242.839996338,150354000
2023-11-16,239.490005493,240.880004883,230.960006714,233.589996338,136816800
2023-11-17,232,237.38999939,226.539993286,234.300003052,142532800
2023-11-20,234.039993286,237.100006104,231.020004272,235.600006104,116320100
2023-11-21,235.039993286,243.619995117,233.339996338,241.199996948,122288000
2023-11-22,242.039993286,244.009994507,231.399993896,234.210006714,117950600
2023-11-24,233.75,238.75,232.330001831,235.449996948,65125200
2023-11-27,236.88999939,238.330001831,232.100006104,236.080001831,112031800
2023-11-28,236.679992676,247,234.009994507,246.720001221,148549900
2023-11-29,249.210006714,252.75,242.759994507,244.13999939,135401300
2023-11-30,245.13999939,245.220001221,236.910003662,240.080001831,132353200
2023-12-01,233.13999939,240.190002441,231.899993896,238.830001831,121331700
2023-12-04,235.75,239.369995117,233.289993286,235.580001831,104099800
2023-12-05,233.869995117,246.660003662,233.699996948,238.720001221,137971100
2023-12-06,242.919998169,246.570007324,239.169998169,239.369995117,126436200
2023-12-07,241.550003052,244.080001831,236.979995728,242.63999939,107142300
2023-12-08,240.270004272,245.270004272,239.270004272,243.839996338,103126800
2023-12-11,242.740005493,243.440002441,237.449996948,239.740005493,97913900
2023-12-12,238.550003052,238.990005493,233.869995117,237.009994507,95328300
2023-12-13,234.190002441,240.300003052,228.199996948,239.289993286,146286300
2023-12-14,241.220001221,253.880004883,240.789993286,251.050003052,160829200
2023-12-15,251.210006714,254.130004883,248.300003052,253.5,135932800
2023-12-18,253.779998779,258.739990234,251.36000061,252.080001831,116416500
2023-12-19,253.479995728,258.339996338,253.009994507,257.220001221,106737400
2023-12-20,256.410003662,259.839996338,247,247.13999939,125097000
2023-12-21,251.899993896,254.800003052,248.550003052,254.5,109594200
2023-12-22,256.760009766,258.220001221,251.369995117,252.539993286,93370100
2023-12-26,254.490005493,257.970001221,252.910003662,256.609985352,86892400
2023-12-27,258.350006104,263.339996338,257.519989014,261.440002441,106494400
2023-12-28,263.660003662,265.130004883,252.710006714,253.179992676,113619900
2023-12-29,255.100006104,255.190002441,247.429992676,248.479995728,100891600
2024-01-02,250.080001831,251.25,244.410003662,248.419998169,104654200
2024-01-03,244.979995728,245.679992676,236.320007324,238.449996948,121082600
2024-01-04,239.25,242.699996948,237.729995728,237.929992676,102629300
2024-01-05,236.86000061,240.119995117,234.899993896,237.490005493,92488900
2024-01-08,236.13999939,241.25,235.300003052,240.449996948,85166600
2024-01-09,238.11000061,238.960006714,232.039993286,234.960006714,96705700
2024-01-10,235.100006104,235.5,231.289993286,233.940002441,91628500
2024-01-11,230.570007324,230.929992676,225.369995117,227.220001221,105873600
2024-01-12,220.080001831,225.339996338,217.149993896,218.88999939,123043800
2024-01-16,215.100006104,223.490005493,212.179992676,219.910003662,115355000
2024-01-17,214.86000061,215.669998169,212.009994507,215.550003052,103164400
2024-01-18,216.880004883,217.449996948,208.740005493,211.880004883,108595400
2024-01-19,209.990005493,213.190002441,207.559997559,212.190002441,102260300
2024-01-22,212.259994507,217.800003052,206.270004272,208.800003052,117952500
2024-01-23,211.300003052,215.649993896,207.75,209.13999939,106605900
2024-01-24,211.880004883,212.729995728,206.770004272,207.830001831,123369900
2024-01-25,189.699996948,193,180.059997559,182.630004883,198076800
2024-01-26,185.5,186.779998779,182.100006104,183.25,107343200
2024-01-29,185.630004883,191.479995728,183.669998169,190.929992676,125013100
2024-01-30,195.330001831,196.36000061,190.61000061,191.589996338,109982300
2024-01-31,187,193.970001221,185.850006104,187.289993286,103221400
2024-02-01,188.5,189.880004883,184.279998779,188.86000061,91843300
2024-02-02,185.039993286,188.690002441,182,187.910003662,110612700
2024-02-05,184.259994507,184.679992676,175.009994507,181.059997559,134294400
2024-02-06,177.210006714,186.490005493,177.11000061,185.100006104,122676000
2024-02-07,188.179992676,189.789993286,182.679992676,187.580001831,111535200
2024-02-08,189,191.619995117,185.580001831,189.559997559,83034000
2024-02-09,190.179992676,194.119995117,189.479995728,193.570007324,84476300
2024-02-12,192.11000061,194.729995728,187.279998779,188.130004883,95498600
2024-02-13,183.990005493,187.259994507,182.11000061,184.020004272,86759500
2024-02-14,185.300003052,188.88999939,183.350006104,188.710006714,81203000
2024-02-15,189.160003662,200.880004883,188.86000061,200.449996948,120831800
2024-02-16,202.059997559,203.169998169,197.399993896,199.949996948,111346700
2024-02-20,196.130004883,198.600006104,189.130004883,193.759994507,104545800
2024-02-21,193.36000061,199.440002441,191.949996948,194.770004272,103500300
2024-02-22,194,198.320007324,191.36000061,197.410003662,92739500
2024-02-23,195.309997559,197.570007324,191.5,191.970001221,78841900
2024-02-26,192.289993286,201.779998779,192,199.399993896,111747100
2024-02-27,204.039993286,205.600006104,198.259994507,199.729995728,108645400
2024-02-28,200.419998169,205.300003052,198.440002441,202.039993286,99806200
2024-02-29,204.179992676,205.279998779,198.449996948,201.880004883,85907000
2024-03-01,200.520004272,204.520004272,198.5,202.63999939,82243100
2024-03-04,198.729995728,199.75,186.720001221,188.13999939,134334900
2024-03-05,183.050003052,184.589996338,177.570007324,180.740005493,119660800
2024-03-06,179.990005493,181.580001831,173.699996948,176.539993286,107920900
2024-03-07,174.350006104,180.039993286,173.699996948,178.649993896,102129000
2024-03-08,181.5,182.729995728,174.699996948,175.339996338,85544600
2024-03-11,175.449996948,182.869995117,174.800003052,177.770004272,85391500
2024-03-12,177.770004272,179.429992676,172.410003662,177.539993286,87391700
2024-03-13,173.050003052,176.050003052,169.149993896,169.479995728,106524500
2024-03-14,167.770004272,171.169998169,160.509994507,162.5,126325700
2024-03-15,163.160003662,165.179992676,160.759994507,163.570007324,97146800
2024-03-18,170.020004272,174.720001221,165.899993896,173.800003052,108214400
2024-03-19,172.36000061,172.820007324,167.419998169,171.320007324,77271400
2024-03-20,173,176.25,170.820007324,175.660003662,83846700
2024-03-21,176.38999939,178.179992676,171.800003052,172.820007324,73178000
2024-03-22,166.690002441,171.199996948,166.300003052,170.830001831,75580600
2024-03-25,168.759994507,175.240005493,168.729995728,172.630004883,74228600
2024-03-26,178.580001831,184.25,177.380004883,177.669998169,113186200
2024-03-27,181.410003662,181.910003662,176,179.830001831,81804000
2024-03-28,177.449996948,179.570007324,175.300003052,175.789993286,77654800
2024-04-01,176.169998169,176.75,170.210006714,175.220001221,81562100
2024-04-02,164.75,167.690002441,163.429992676,166.630004883,116650600
2024-04-03,164.020004272,168.820007324,163.279998779,168.380004883,82950100
2024-04-04,170.070007324,177.190002441,168.009994507,171.11000061,123162000
2024-04-05,169.080001831,170.86000061,160.509994507,164.899993896,143157600
2024-04-08,169.339996338,174.5,167.789993286,172.979995728,104423300
2024-04-09,172.910003662,179.220001221,171.919998169,176.880004883,102951700
2024-04-10,173.039993286,174.929992676,170.009994507,171.759994507,84532400
2024-04-11,172.550003052,175.880004883,168.509994507,174.600006104,94516000
2024-04-12,172.339996338,173.809997559,170.36000061,171.050003052,64722700
2024-04-15,170.240005493,170.690002441,161.380004883,161.479995728,100245300
2024-04-16,156.740005493,158.190002441,153.75,157.11000061,97000000
2024-04-17,157.63999939,158.330001831,153.779998779,155.449996948,82439700
2024-04-18,151.25,152.199996948,148.699996948,149.929992676,96098800
2024-04-19,148.970001221,150.940002441,146.220001221,147.050003052,87074500
2024-04-22,140.559997559,144.440002441,138.800003052,142.050003052,107097600
2024-04-23,143.330001831,147.259994507,141.11000061,144.679992676,124545100
2024-04-24,162.839996338,167.970001221,157.509994507,162.130004883,181178000
2024-04-25,158.960006714,170.880004883,158.36000061,170.179992676,126427500
2024-04-26,168.850006104,172.119995117,166.369995117,168.289993286,109815700
2024-04-29,188.419998169,198.869995117,184.539993286,194.050003052,243869700
2024-04-30,186.979995728,190.949996948,182.839996338,183.279998779,127031800
2024-05-01,182,185.86000061,179.009994507,179.990005493,92829700
2024-05-02,182.86000061,184.600006104,176.020004272,180.009994507,89148000
2024-05-03,182.100006104,184.779998779,178.419998169,181.190002441,75491500
2024-05-06,183.800003052,187.559997559,182.199996948,184.759994507,84390300
2024-05-07,182.399993896,183.259994507,177.399993896,177.809997559,75045900
2024-05-08,171.589996338,176.059997559,170.149993896,174.720001221,79969500
2024-05-09,175.009994507,175.619995117,171.369995117,171.970001221,65950300
2024-05-10,173.050003052,173.059997559,167.75,168.470001221,72627200
2024-05-13,170,175.399993896,169,171.88999939,67018900
2024-05-14,174.5,179.490005493,174.070007324,177.550003052,86407400
2024-05-15,179.899993896,180,173.11000061,173.990005493,79663000
2024-05-16,174.100006104,175.789993286,171.429992676,174.839996338,59812200
2024-05-17,173.550003052,179.630004883,172.75,177.460006714,77445800
2024-05-20,177.559997559,177.75,173.520004272,174.949996948,61727400
2024-05-21,175.509994507,186.880004883,174.710006714,186.600006104,115266500
2024-05-22,182.850006104,183.800003052,178.119995117,180.11000061,88313500
2024-05-23,181.800003052,181.899993896,173.259994507,173.740005493,71975500
2024-05-24,174.839996338,180.080001831,173.729995728,179.240005493,65584500
2024-05-28,176.399993896,178.25,173.160003662,176.75,59736600
2024-05-29,174.190002441,178.149993896,173.929992676,176.190002441,54782600
2024-05-30,178.580001831,182.669998169,175.380004883,178.789993286,77618400
2024-05-31,178.5,180.320007324,173.820007324,178.080001831,67314600
2024-06-03,178.130004883,182.63999939,174.490005493,176.289993286,68568900
2024-06-04,174.779998779,177.759994507,174,174.770004272,60056300
2024-06-05,175.350006104,176.149993896,172.130004883,175,57953800
2024-06-06,174.600006104,179.729995728,172.729995728,177.940002441,69887000
2024-06-07,176.130004883,179.350006104,175.580001831,177.479995728,56244900
2024-06-10,176.059997559,178.570007324,173.169998169,173.789993286,50774600
2024-06-11,173.919998169,174.75,167.410003662,170.660003662,64761900
2024-06-12,171.119995117,180.550003052,169.800003052,177.289993286,90389400
2024-06-13,188.38999939,191.080001831,181.229995728,182.470001221,118984100
2024-06-14,185.800003052,186,176.919998169,178.009994507,82038200
2024-06-17,177.919998169,188.809997559,177,187.440002441,109786100
2024-06-18,186.559997559,187.199996948,182.369995117,184.86000061,68982300
2024-06-20,184.679992676,185.210006714,179.660003662,181.570007324,55893100
2024-06-21,182.300003052,183.949996948,180.690002441,183.009994507,61937300
2024-06-24,184.970001221,188.800003052,182.550003052,182.580001831,61992100
2024-06-25,184.399993896,187.970001221,182.009994507,187.350006104,62905700
2024-06-26,186.539993286,197.759994507,186.36000061,196.369995117,95737100
2024-06-27,195.169998169,198.720001221,194.050003052,197.419998169,72746500
2024-06-28,199.550003052,203.199996948,195.259994507,197.880004883,95438100
2024-07-01,201.020004272,213.229995728,200.850006104,209.86000061,135691400
2024-07-02,218.88999939,231.300003052,218.059997559,231.259994507,205047900
2024-07-03,234.559997559,248.350006104,234.25,246.38999939,166561500
2024-07-05,249.809997559,252.369995117,242.460006714,251.520004272,154501200
2024-07-08,247.710006714,259.440002441,244.570007324,252.940002441,157219600
2024-07-09,251,265.609985352,250.300003052,262.329986572,160210900
2024-07-10,262.799987793,267.589996338,257.859985352,263.260009766,128519400
2024-07-11,263.299987793,271,239.649993896,241.029998779,221707300
2024-07-12,235.800003052,251.839996338,233.089996338,248.229995728,155955800
2024-07-15,255.970001221,265.600006104,251.729995728,252.63999939,146912900
2024-07-16,255.309997559,258.619995117,245.800003052,256.559997559,126332500
2024-07-17,252.729995728,258.470001221,246.179992676,248.5,115584800
2024-07-18,251.089996338,257.140014648,247.199996948,249.229995728,110869000
2024-07-19,247.789993286,249.440002441,236.830001831,239.199996948,87403900
2024-07-22,244.210006714,253.210006714,243.75,251.509994507,101225400
2024-07-23,253.600006104,255.759994507,245.630004883,246.380004883,111928200
2024-07-24,225.419998169,225.990005493,214.710006714,215.990005493,167942900
2024-07-25,216.800003052,226,216.229995728,220.25,100636500
2024-07-26,221.190002441,222.279998779,215.330001831,219.800003052,94604100
2024-07-29,224.899993896,234.270004272,224.699996948,232.100006104,129201800
2024-07-30,232.25,232.410003662,220,222.619995117,100560300
2024-07-31,227.899993896,234.679992676,226.789993286,232.070007324,67497000
2024-08-01,227.690002441,231.869995117,214.330001831,216.86000061,83861900
2024-08-02,214.880004883,216.130004883,205.779998779,207.669998169,82880100
2024-08-05,185.220001221,203.880004883,182,198.880004883,100308800
2024-08-06,200.75,202.899993896,192.669998169,200.63999939,73783900
2024-08-07,200.770004272,203.490005493,191.479995728,191.759994507,71159800
2024-08-08,195.699996948,200.699996948,192.039993286,198.839996338,65033900
2024-08-09,197.050003052,200.880004883,195.11000061,200,58648300
2024-08-12,199.020004272,199.259994507,194.669998169,197.490005493,64044900
2024-08-13,198.470001221,208.490005493,197.059997559,207.830001831,76247400
2024-08-14,207.38999939,208.440002441,198.75,201.380004883,70250000
2024-08-15,205.020004272,215.880004883,204.820007324,214.13999939,89848500
2024-08-16,211.149993896,219.800003052,210.800003052,216.119995117,88765100
2024-08-19,217.070007324,222.979995728,214.089996338,222.720001221,76435200
2024-08-20,224.880004883,228.220001221,219.559997559,221.100006104,74001200
2024-08-21,222.669998169,224.660003662,218.86000061,223.270004272,70146000
2024-08-22,223.820007324,224.800003052,210.320007324,210.660003662,79514500
2024-08-23,214.460006714,221.479995728,214.210006714,220.320007324,81525200
2024-08-26,218.75,219.089996338,211.009994507,213.210006714,59301200
2024-08-27,213.25,215.660003662,206.940002441,209.210006714,62821400
2024-08-28,209.720001221,211.839996338,202.589996338,205.75,64116400
2024-08-29,209.800003052,214.88999939,205.970001221,206.279998779,62308800
2024-08-30,208.630004883,214.570007324,207.029998779,214.11000061,63370600
2024-09-03,215.259994507,219.899993896,209.63999939,210.600006104,76714200
2024-09-04,210.589996338,222.220001221,210.570007324,219.410003662,80651800
2024-09-05,223.490005493,235,222.25,230.169998169,119355000
2024-09-06,232.600006104,233.600006104,210.509994507,210.729995728,112177000
2024-09-09,216.199996948,219.869995117,213.669998169,216.270004272,67443500
2024-09-10,220.070007324,226.399993896,218.63999939,226.169998169,78891100
2024-09-11,224.550003052,228.470001221,216.800003052,228.130004883,83548600
2024-09-12,224.660003662,231.449996948,223.830001831,229.809997559,71894900
2024-09-13,228,232.669998169,226.320007324,230.289993286,59515100
2024-09-16,229.300003052,229.960006714,223.529998779,226.779998779,54323000
2024-09-17,229.449996948,234.570007324,226.550003052,227.869995117,66761600
2024-09-18,230.089996338,235.679992676,226.880004883,227.199996948,78010200
2024-09-19,234,244.240005493,232.130004883,243.919998169,102694600
2024-09-20,241.520004272,243.990005493,235.919998169,238.25,99879100
2024-09-23,242.61000061,250,241.919998169,250,86927200
2024-09-24,254.080001831,257.190002441,249.050003052,254.270004272,88491000
2024-09-25,252.539993286,257.049987793,252.279998779,257.019989014,65034300
2024-09-26,260.600006104,261.75,251.529998779,254.220001221,67142200
2024-09-27,257.380004883,260.700012207,254.119995117,260.459991455,70988100
2024-09-30,259.040008545,264.859985352,255.770004272,261.630004883,80705700
2024-10-01,262.670013428,263.980010986,248.529998779,258.019989014,87397600
2024-10-02,247.550003052,251.160003662,241.5,249.020004272,93983900
2024-10-03,244.479995728,249.789993286,237.809997559,240.660003662,80729200
2024-10-04,246.690002441,250.960006714,244.580001831,250.080001831,86573200
2024-10-07,249,249.830001831,240.699996948,240.830001831,68113300
2024-10-08,243.559997559,246.210006714,240.559997559,244.5,56303200
2024-10-09,243.820007324,247.429992676,239.509994507,241.050003052,66289500
2024-10-10,241.809997559,242.789993286,232.339996338,238.770004272,83087100
2024-10-11,220.130004883,223.339996338,214.380004883,217.800003052,142628900
2024-10-14,220.130004883,221.910003662,213.740005493,219.160003662,86291900
2024-10-15,220.009994507,224.259994507,217.119995117,219.570007324,62988800
2024-10-16,221.399993896,222.820007324,218.929992676,221.330001831,49632800
2024-10-17,221.589996338,222.080001831,217.899993896,220.88999939,50791800
2024-10-18,220.710006714,222.279998779,219.229995728,220.699996948,49611900
2024-10-21,218.899993896,220.479995728,215.729995728,218.850006104,47329000
2024-10-22,217.309997559,218.220001221,215.259994507,217.970001221,43268700
2024-10-23,217.130004883,218.720001221,212.11000061,213.649993896,80938900
2024-10-24,244.679992676,262.119995117,242.649993896,260.480010986,204491900
2024-10-25,256.010009766,269.489990234,255.320007324,269.190002441,161611900
2024-10-28,270,273.540008545,262.239990234,262.510009766,107653600
2024-10-29,264.510009766,264.980010986,255.509994507,259.519989014,80521800
2024-10-30,258.040008545,263.350006104,255.820007324,257.549987793,53993600
2024-10-31,257.989990234,259.75,249.25,249.850006104,66575300
2024-11-01,252.039993286,254,246.630004883,248.979995728,57544800
2024-11-04,244.559997559,248.899993896,238.880004883,242.839996338,68802400
2024-11-05,247.339996338,255.279998779,246.210006714,251.440002441,69282500
2024-11-06,284.670013428,289.589996338,275.619995117,288.529998779,165228700
2024-11-07,288.890014648,299.75,285.519989014,296.910003662,117309200
2024-11-08,299.140014648,328.709991455,297.660003662,321.220001221,204782800
2024-11-11,346.299987793,358.640014648,336,350,210521600
2024-11-12,342.739990234,345.839996338,323.309997559,328.489990234,155726000
2024-11-13,335.850006104,344.600006104,322.5,330.239990234,125405600
2024-11-14,327.690002441,329.980010986,310.369995117,311.179992676,120726100
2024-11-15,310.570007324,324.679992676,309.220001221,320.720001221,114440300
2024-11-18,340.730010986,348.549987793,330.010009766,338.739990234,126085600
2024-11-19,335.760009766,347.380004883,332.75,346,88852500
2024-11-20,345,346.600006104,334.299987793,342.029998779,66340700
2024-11-21,343.809997559,347.989990234,335.279998779,339.640014648,58011700
2024-11-22,341.089996338,361.529998779,337.700012207,352.559997559,89140700
2024-11-25,360.140014648,361.929992676,338.200012207,338.589996338,95890900
2024-11-26,341,346.959991455,335.660003662,338.230010986,62295900
2024-11-27,341.799987793,342.549987793,326.589996338,332.890014648,57896400
2024-11-29,336.079986572,345.450012207,334.649993896,345.160003662,37167600
2024-12-02,352.380004883,360,351.149993896,357.089996338,77986500
2024-12-03,351.799987793,355.690002441,348.200012207,351.420013428,58267200
2024-12-04,353,358.100006104,348.600006104,357.929992676,50810900
2024-12-05,359.869995117,375.429992676,359.5,369.489990234,81403600
2024-12-06,377.420013428,389.489990234,370.799987793,389.220001221,81455800
2024-12-09,397.609985352,404.799987793,378.010009766,389.790008545,96359200
2024-12-10,392.679992676,409.730010986,390.850006104,400.989990234,97563600
2024-12-11,409.700012207,424.880004883,402.380004883,424.769989014,104287600
2024-12-12,424.839996338,429.299987793,415,418.100006104,87752200
2024-12-13,420,436.299987793,415.709991455,436.230010986,89000200
2024-12-16,441.089996338,463.190002441,436.149993896,463.019989014,114083800
2024-12-17,475.899993896,483.989990234,457.510009766,479.859985352,131223000
2024-12-18,466.5,488.540008545,427.010009766,440.130004883,149340800
2024-12-19,451.880004883,456.359985352,420.019989014,436.170013428,118566100
2024-12-20,425.510009766,447.079986572,417.640014648,421.059997559,132216200
2024-12-23,431,434.510009766,415.410003662,430.600006104,72698100
2024-12-24,435.899993896,462.779998779,435.140014648,462.279998779,59551800
2024-12-26,465.160003662,465.329986572,451.019989014,454.130004883,76366400
2024-12-27,449.519989014,450,426.5,431.660003662,82666800
2024-12-30,419.399993896,427,415.75,417.410003662,64941000
2024-12-31,423.790008545,427.929992676,402.540008545,403.839996338,76825100
2025-01-02,390.100006104,392.730010986,373.040008545,379.279998779,109710700
2025-01-03,381.480010986,411.880004883,379.450012207,410.440002441,95423300
2025-01-06,423.200012207,426.429992676,401.700012207,411.049987793,85516500
2025-01-07,405.829986572,414.329986572,390,394.359985352,75699500
2025-01-08,392.950012207,402.5,387.399993896,394.940002441,73038800
2025-01-10,391.399993896,399.279998779,377.290008545,394.739990234,62287300
2025-01-13,383.209991455,403.790008545,380.070007324,403.309997559,67580500
2025-01-14,414.339996338,422.640014648,394.540008545,396.359985352,84565000
2025-01-15,409.899993896,429.799987793,405.660003662,428.220001221,81375500
2025-01-16,423.489990234,424,409.130004883,413.820007324,68335200
2025-01-17,421.5,439.739990234,419.75,426.5,94991400
2025-01-21,432.640014648,433.200012207,406.309997559,424.070007324,87320900
2025-01-22,416.809997559,428,414.589996338,415.109985352,60963300
2025-01-23,416.059997559,420.730010986,408.950012207,412.380004883,50690600
2025-01-24,414.450012207,418.880004883,405.779998779,406.579986572,56427100
2025-01-27,394.799987793,406.690002441,389,397.149993896,58125500
2025-01-28,396.910003662,400.589996338,386.5,398.089996338,48910700
2025-01-29,395.209991455,398.589996338,384.480010986,389.100006104,68033600
2025-01-30,410.779998779,412.5,384.410003662,400.279998779,98092900
2025-01-31,401.529998779,419.989990234,401.339996338,404.600006104,83283600
2025-02-03,386.679992676,389.170013428,374.359985352,383.679992676,93732100
2025-02-04,382.630004883,394,381.399993896,392.209991455,57072200
2025-02-05,387.510009766,388.390014648,375.529998779,378.170013428,57223300
2025-02-06,373.029998779,375.399993896,363.179992676,374.320007324,77918200
2025-02-07,370.190002441,380.549987793,360.339996338,361.619995117,70298300
2025-02-10,356.209991455,362.700012207,350.510009766,350.730010986,77514900
2025-02-11,345.799987793,349.369995117,325.100006104,328.5,118543400
2025-02-12,329.940002441,346.399993896,329.119995117,336.510009766,105382700
2025-02-13,345,358.690002441,342.850006104,355.940002441,89441500
2025-02-14,360.619995117,362,347.5,355.839996338,68277300
2025-02-18,355.010009766,359.100006104,350.019989014,354.109985352,51631700
2025-02-19,354,367.339996338,353.670013428,360.559997559,67094400
2025-02-20,361.510009766,362.299987793,348,354.399993896,45965400
2025-02-21,353.440002441,354.980010986,334.420013428,337.799987793,74058600
2025-02-24,338.140014648,342.399993896,324.700012207,330.529998779,76052300
2025-02-25,327.019989014,328.890014648,297.25,302.799987793,134228800
2025-02-26,303.709991455,309,288.040008545,290.799987793,100118300
2025-02-27,291.160003662,297.230010986,280.880004883,281.950012207,101748200
2025-02-28,279.5,293.880004883,273.600006104,292.980010986,115697000
2025-03-03,300.339996338,303.940002441,277.299987793,284.649993896,115551400
2025-03-04,270.929992676,284.350006104,261.839996338,272.040008545,126706600
2025-03-05,272.920013428,279.549987793,267.709991455,279.100006104,94042900
2025-03-06,272.059997559,272.649993896,260.019989014,263.450012207,98451600
2025-03-07,259.320007324,266.25,250.729995728,262.670013428,102369600
2025-03-10,252.539993286,253.369995117,220,222.149993896,189076900
2025-03-11,225.309997559,237.059997559,217.020004272,230.580001831,174896400
2025-03-12,247.220001221,251.839996338,241.100006104,248.089996338,142215700
2025-03-13,248.130004883,248.289993286,232.600006104,240.679992676,114813500
2025-03-14,247.309997559,251.580001831,240.729995728,249.979995728,100242300
2025-03-17,245.059997559,245.399993896,232.800003052,238.009994507,111900600
2025-03-18,228.160003662,230.100006104,222.279998779,225.309997559,111477600
2025-03-19,231.61000061,241.410003662,229.199996948,235.86000061,111993800
2025-03-20,233.350006104,238,230.050003052,236.259994507,99028300
2025-03-21,234.990005493,249.520004272,234.550003052,248.710006714,132728700
2025-03-24,258.079986572,278.640014648,256.329986572,278.390014648,169079900
2025-03-25,283.600006104,288.200012207,271.279998779,288.140014648,150361500
2025-03-26,282.660003662,284.899993896,266.510009766,272.059997559,153629800
2025-03-27,272.480010986,291.850006104,271.820007324,273.130004883,162572100
2025-03-28,275.579986572,276.100006104,260.570007324,263.549987793,123809400
2025-03-31,249.309997559,260.559997559,243.36000061,259.160003662,134008900
2025-04-01,263.799987793,277.450012207,259.25,268.459991455,146486900
2025-04-02,254.600006104,284.989990234,251.270004272,282.760009766,212787800
2025-04-03,265.290008545,276.299987793,261.510009766,267.279998779,136174300
2025-04-04,255.380004883,261,236,239.429992676,181229400
2025-04-07,223.779998779,252,214.25,233.289993286,183453800
2025-04-08,245,250.440002441,217.800003052,221.86000061,171603500
2025-04-09,224.690002441,274.690002441,223.880004883,272.200012207,219433400
2025-04-10,260,262.489990234,239.330001831,252.399993896,181722600
2025-04-11,251.839996338,257.739990234,241.36000061,252.309997559,128948100
2025-04-14,258.359985352,261.799987793,245.929992676,252.350006104,100135200
2025-04-15,249.910003662,258.75,247.539993286,254.11000061,79594300
2025-04-16,247.61000061,251.970001221,233.88999939,241.550003052,112378700
2025-04-17,243.470001221,244.339996338,237.679992676,241.369995117,83404800
2025-04-21,230.259994507,232.210006714,222.789993286,227.5,97768000
2025-04-22,230.960006714,242.789993286,229.850006104,237.970001221,120858500
2025-04-23,254.86000061,259.450012207,244.429992676,250.740005493,150381900
2025-04-24,250.5,259.540008545,249.199996948,259.510009766,94464200
2025-04-25,261.690002441,286.850006104,259.630004883,284.950012207,167560700
2025-04-28,288.980010986,294.859985352,272.420013428,285.880004883,151731800
2025-04-29,285.5,293.320007324,279.470001221,292.029998779,108906600
2025-04-30,279.899993896,284.450012207,270.779998779,282.160003662,128961100
2025-05-01,280.010009766,290.869995117,279.809997559,280.519989014,99659000
2025-05-02,284.899993896,294.779998779,279.809997559,287.209991455,114454700
2025-05-05,284.570007324,284.850006104,274.399993896,280.260009766,94618900
2025-05-06,273.109985352,277.730010986,271.350006104,275.350006104,76715800
2025-05-07,276.880004883,277.920013428,271,276.220001221,71592600
2025-05-08,279.630004883,289.799987793,279.410003662,284.820007324,97539400
2025-05-09,290.209991455,307.040008545,290,298.260009766,132387800
2025-05-12,321.989990234,322.209991455,311.5,318.380004883,112826700
2025-05-13,320,337.589996338,316.799987793,334.070007324,136992600
2025-05-14,342.5,350,337,347.679992676,136997300
2025-05-15,340.339996338,346.140014648,334.720001221,342.820007324,97882600
2025-05-16,346.239990234,351.619995117,342.329986572,349.980010986,95895700
2025-05-19,336.299987793,343,333.369995117,342.089996338,88869900
2025-05-20,347.869995117,354.989990234,341.630004883,343.820007324,131715500
2025-05-21,344.429992676,347.350006104,332.200012207,334.619995117,102354800
2025-05-22,331.899993896,347.269989014,331.390014648,341.040008545,97113400
2025-05-23,337.920013428,343.179992676,333.209991455,339.339996338,84654800
2025-05-27,347.350006104,363.790008545,347.320007324,362.890014648,120146400
2025-05-28,364.839996338,365,355.910003662,356.899993896,91404300
2025-05-29,365.290008545,367.709991455,356,358.429992676,88087800
2025-05-30,355.519989014,363.679992676,345.290008545,346.459991455,123474900
2025-06-02,343.5,348.019989014,333.329986572,342.690002441,81873800
2025-06-03,346.600006104,355.399993896,343.040008545,344.269989014,99324500
2025-06-04,345.100006104,345.600006104,327.329986572,332.049987793,98912100
2025-06-05,322.489990234,324.549987793,273.209991455,284.700012207,287499800
2025-06-06,298.829986572,305.5,291.140014648,295.140014648,164747700
2025-06-09,285.959991455,309.829986572,281.850006104,308.579986572,140908900
2025-06-10,314.940002441,327.829986572,310.670013428,326.089996338,151256500
2025-06-11,334.399993896,335.5,322.5,326.429992676,122611400
2025-06-12,323.079986572,332.559997559,316.859985352,319.109985352,105127500
2025-06-13,313.970001221,332.989990234,313.299987793,325.309997559,128964300
2025-06-16,331.290008545,332.049987793,326.410003662,329.130004883,83925900
2025-06-17,326.089996338,327.260009766,314.739990234,316.350006104,88282700
2025-06-18,317.309997559,329.320007324,315.450012207,322.049987793,95137700
2025-06-20,327.950012207,332.359985352,317.779998779,322.160003662,108688000
2025-06-23,327.540008545,357.540008545,327.480010986,348.679992676,190716800
2025-06-24,356.170013428,356.260009766,340.440002441,340.470001221,114736200
2025-06-25,342.700012207,343,320.399993896,327.549987793,119845100
2025-06-26,324.609985352,331.049987793,323.609985352,325.779998779,80440900
2025-06-27,324.510009766,329.339996338,317.5,323.630004883,89067000
2025-06-30,319.899993896,325.579986572,316.600006104,317.660003662,76695100
2025-07-01,298.459991455,305.890014648,293.209991455,300.709991455,145085700
2025-07-02,312.630004883,316.829986572,303.820007324,315.649993896,119483700
2025-07-03,317.989990234,318.450012207,312.760009766,315.350006104,58042300
2025-07-07,291.369995117,296.149993896,288.769989014,293.940002441,131177900
2025-07-08,297,304.049987793,294.350006104,297.809997559,103246700
2025-07-09,297.549987793,300.149993896,293.549987793,295.880004883,75586800
2025-07-10,300.049987793,310.480010986,300,309.869995117,104365300
2025-07-11,307.890014648,314.089996338,305.649993896,313.510009766,79236400
2025-07-14,317.730010986,322.600006104,312.670013428,316.899993896,78043400
2025-07-15,319.679992676,321.200012207,310.5,310.779998779,77556300
2025-07-16,312.799987793,323.5,312.619995117,321.670013428,97284800
2025-07-17,323.149993896,324.339996338,317.059997559,319.410003662,73922900
2025-07-18,321.660003662,330.899993896,321.420013428,329.649993896,94255000
2025-07-21,334.399993896,338,326.880004883,328.489990234,75768800
2025-07-22,329.739990234,335.410003662,321.549987793,332.109985352,77370400
2025-07-23,330.899993896,336.200012207,328.670013428,332.559997559,92553800
2025-07-24,310,310.149993896,300.410003662,305.299987793,156966000
2025-07-25,308.739990234,323.630004883,308.010009766,316.059997559,148227000
2025-07-28,318.450012207,330.489990234,315.690002441,325.589996338,112673800
2025-07-29,325.549987793,326.25,318.25,321.200012207,87358900
2025-07-30,322.179992676,324.450012207,311.619995117,319.040008545,83931900
2025-07-31,319.609985352,321.369995117,306.100006104,308.269989014,85270900
2025-08-01,306.209991455,309.309997559,297.820007324,302.630004883,89121400
2025-08-04,309.079986572,312.119995117,303,309.260009766,78683900
2025-08-05,308.950012207,312.450012207,305.5,308.720001221,57961300
2025-08-06,307.890014648,320.470001221,306.929992676,319.910003662,78523600
2025-08-07,319.790008545,322.399993896,316.160003662,322.269989014,66658700
2025-08-08,321.429992676,335.149993896,320.980010986,329.649993896,91200300
2025-08-11,335,346.640014648,334.149993896,339.029998779,105320200
2025-08-12,345,345.260009766,332.940002441,340.839996338,80522100
2025-08-13,341.5,348.980010986,338.200012207,339.380004883,67838900
2025-08-14,335.760009766,340.470001221,330.399993896,335.579986572,75000700
2025-08-15,337.660003662,339.299987793,327.019989014,330.559997559,74319800
2025-08-18,329.619995117,336.269989014,329.589996338,335.160003662,56956600
2025-08-19,335.790008545,340.549987793,327.850006104,329.309997559,75956000
2025-08-20,329.220001221,331.369995117,314.600006104,323.899993896,77481800
2025-08-21,322.079986572,324.899993896,318.679992676,320.109985352,55744400
2025-08-22,321.660003662,340.25,319.690002441,340.010009766,94016300
2025-08-25,338.899993896,349.529998779,335.029998779,346.600006104,86670000
2025-08-26,344.929992676,351.899993896,343.720001221,351.670013428,76651600
2025-08-27,351.940002441,355.390014648,349.160003662,349.600006104,65519000
2025-08-28,350.910003662,353.549987793,340.260009766,345.980010986,67903200
2025-08-29,347.230010986,348.75,331.700012207,333.869995117,81145700
2025-09-02,328.230010986,333.329986572,325.600006104,329.359985352,58392000
2025-09-03,335.200012207,343.329986572,328.510009766,334.089996338,88733300
2025-09-04,336.149993896,338.890014648,331.480010986,338.529998779,60711000
2025-09-05,348,355.869995117,344.679992676,350.839996338,108989800
2025-09-08,354.640014648,358.440002441,344.839996338,346.399993896,75208300
2025-09-09,348.440002441,350.769989014,343.820007324,346.970001221,53816000
2025-09-10,350.549987793,356.329986572,346.070007324,347.790008545,72121700
2025-09-11,350.170013428,368.989990234,347.600006104,368.809997559,103756000
2025-09-12,370.940002441,396.690002441,370.239990234,395.940002441,168156400
2025-09-15,423.130004883,425.700012207,402.429992676,410.040008545,163823700
2025-09-16,414.5,423.25,411.429992676,421.619995117,104285700
2025-09-17,415.75,428.309997559,409.670013428,425.859985352,106133500
2025-09-18,428.869995117,432.220001221,416.559997559,416.850006104,90454500
2025-09-19,421.820007324,429.470001221,421.720001221,426.070007324,93131000
2025-09-22,431.109985352,444.980010986,429.130004883,434.209991455,97108800
2025-09-23,439.880004883,440.970001221,423.720001221,425.850006104,83422700
2025-09-24,429.829986572,444.209991455,429.029998779,442.790008545,93133600
2025-09-25,435.239990234,435.350006104,419.079986572,423.390014648,96746400
2025-09-26,428.299987793,440.470001221,421.019989014,440.399993896,101628200
2025-09-29,444.350006104,450.980010986,439.5,443.209991455,79491500
2025-09-30,441.519989014,445,433.119995117,444.720001221,74358000
2025-10-01,443.799987793,462.290008545,440.75,459.459991455,98122300
2025-10-02,470.540008545,470.75,435.570007324,436,137009000
2025-10-03,443.290008545,446.769989014,416.579986572,429.829986572,133188200
2025-10-06,440.75,453.549987793,436.690002441,453.25,85324900
2025-10-07,447.820007324,452.679992676,432.450012207,433.089996338,102296100
2025-10-08,437.570007324,441.329986572,425.230010986,438.690002441,71192100
2025-10-09,431.809997559,436.350006104,426.179992676,435.540008545,69339900
2025-10-10,436.540008545,443.130004883,411.450012207,413.489990234,112107900
2025-10-13,423.529998779,436.890014648,419.700012207,435.899993896,79552800
2025-10-14,426.790008545,434.200012207,417.859985352,429.239990234,72669400
2025-10-15,434.899993896,440.510009766,426.329986572,435.149993896,71558200
2025-10-16,434.730010986,439.350006104,421.309997559,428.75,77189900
2025-10-17,425.5,441.459991455,423.600006104,439.309997559,89331600
2025-10-20,443.869995117,449.799987793,440.609985352,447.429992676,63719000
2025-10-21,445.760009766,449.299987793,442.049987793,442.600006104,54412200
2025-10-22,443.450012207,445.540008545,429,438.970001221,84023500
2025-10-23,420,449.399993896,413.899993896,448.980010986,126709800
2025-10-24,446.829986572,451.679992676,430.170013428,433.720001221,94727800
2025-10-27,439.980010986,460.160003662,438.690002441,452.420013428,105867500
2025-10-28,454.779998779,467,451.600006104,460.549987793,80185700
2025-10-29,462.5,465.700012207,452.649993896,461.510009766,67983500
2025-10-30,451.049987793,455.059997559,439.609985352,440.100006104,72447900
2025-10-31,446.75,458,443.690002441,456.559997559,83135800
2025-11-03,455.989990234,474.070007324,453.799987793,468.369995117,84595200
2025-11-04,454.459991455,460.220001221,443.600006104,444.260009766,87756600
2025-11-05,452.049987793,466.329986572,440.709991455,462.070007324,85573000
2025-11-06,461.959991455,467.450012207,435.089996338,445.910003662,109622900
2025-11-07,437.920013428,439.359985352,421.880004883,429.519989014,103471500
2025-11-10,439.600006104,449.670013428,433.359985352,445.230010986,76515900
2025-11-11,439.399993896,442.489990234,432.359985352,439.619995117,60533200
2025-11-12,442.149993896,442.329986572,426.559997559,430.600006104,58513500
2025-11-13,423.130004883,424.5,396.339996338,401.989990234,118948000
2025-11-14,386.299987793,412.190002441,382.779998779,404.350006104,105506700
2025-11-17,398.739990234,423.959991455,398.739990234,408.920013428,102214300
2025-11-18,405.380004883,408.899993896,393.709991455,401.25,80688600
2025-11-19,406.179992676,411.779998779,398.5,403.989990234,72047700
2025-11-20,414.630004883,428.940002441,394.739990234,395.230010986,113548800
2025-11-21,402.320007324,402.799987793,383.760009766,391.089996338,100460600
2025-11-24,402.170013428,421.720001221,401.089996338,417.779998779,96806400
2025-11-25,414.420013428,420.480010986,405.950012207,419.399993896,71915600
2025-11-26,423.950012207,426.940002441,416.890014648,426.579986572,63463000
2025-11-28,426.589996338,432.929992676,426.200012207,430.170013428,36252900
2025-12-01,425.320007324,433.660003662,425.290008545,430.140014648,57463600
2025-12-02,430.809997559,436.799987793,422.119995117,429.239990234,69336600
2025-12-03,432.100006104,447.920013428,431.109985352,446.739990234,87483000
2025-12-04,449.940002441,454.630004883,445.390014648,454.529998779,71906500
2025-12-05,453.029998779,458.869995117,451.660003662,455,56427500
2025-12-08,447.450012207,449.75,435.25,439.579986572,69165800
2025-12-09,437.540008545,452.390014648,435.700012207,445.170013428,62367400
2025-12-10,446.070007324,456.880004883,443.609985352,451.450012207,63257500
2025-12-11,448.950012207,449.269989014,440.329986572,446.890014648,55979500
2025-12-12,448.089996338,463.010009766,441.670013428,458.959991455,95656700
2025-12-15,469.440002441,481.769989014,467.660003662,475.309997559,114542200
2025-12-16,472.209991455,491.5,465.829986572,489.880004883,107608100
2025-12-17,488.220001221,495.279998779,466.200012207,467.260009766,106490400
2025-12-18,478.160003662,490.859985352,473.119995117,483.369995117,95168400
2025-12-19,488.119995117,490.489990234,474.720001221,481.200012207,103305400
2025-12-22,489.880004883,498.829986572,485.329986572,488.730010986,86916100
2025-12-23,489.399993896,491.970001221,482.839996338,485.559997559,58223600
2025-12-24,488.480010986,490.899993896,476.799987793,485.399993896,41285400
2025-12-26,485.230010986,489.089996338,473.820007324,475.190002441,58780700
2025-12-29,469,469.399993896,459,459.640014648,66263000
2025-12-30,461.089996338,463.119995117,453.829986572,454.429992676,59238500
2025-12-31,456.100006104,456.549987793,449.299987793,449.720001221,49078000
