date,open,high,low,close,volume
2015-01-02,16.6725845625,16.6800098567,16.3383896619,16.546333313,6074100
2015-01-05,16.4423593248,16.464639455,16.1230178739,16.1452980042,9031800
2015-01-06,15.8333798665,16.0264700376,15.7145553637,15.8630867004,10169500
2015-01-07,16.033893349,16.1601445335,15.8482299257,16.0933055878,10180200
2015-01-08,16.1081613137,16.345810303,16.0933078978,16.1972789764,15825900
2015-01-09,16.0561783516,16.0710303535,15.6105857169,15.744263649,17596000
2015-01-12,15.6402967424,15.6625768779,15.3655154872,15.439781189,24695300
2015-01-13,15.6105843357,15.8185265081,15.5883042102,15.6328630447,11043200
2015-01-14,15.335803219,15.6699980508,15.2986710895,15.640291214,21760200
2015-01-15,16.7765483138,17.177580602,16.2715435376,16.9993438721,36350200
2015-01-16,16.6131693488,16.8582450936,16.5537570899,16.7839794159,22402000
2015-01-20,16.7839784062,17.2221443201,16.6874326061,17.1478786469,23999700
2015-01-21,17.0810390638,17.2964093666,17.0513322289,17.236995697,17966600
2015-01-22,17.2295699257,17.6157488521,16.9993462118,17.6083221436,25334400
2015-01-23,17.7717081759,18.0464893275,17.7345746307,17.8162670135,13027300
2015-01-26,17.7865615941,17.9647983613,17.7494280489,17.9425182343,14091400
2015-01-27,17.9202415256,18.016787345,17.7865649871,17.9648017883,14735300
2015-01-28,18.1504592347,18.187591358,17.7122933802,17.7717056274,16762900
2015-01-29,17.5934708767,17.6751618406,17.140451555,17.2964096069,19411300
2015-01-30,17.0736128507,17.1701586502,16.8359638313,16.8656692505,17590300
2015-02-02,17.1033189107,17.1404510371,16.8656684856,17.03647995,12854500
2015-02-03,17.3335446914,17.4078103756,17.1256010588,17.192440033,16676200
2015-02-04,17.5192084027,17.6380329323,17.4152372934,17.5117816925,11266500
2015-02-05,17.6157506267,17.6454574637,17.3112626301,17.5711917877,12016600
2015-02-06,17.4152350181,17.5489115341,17.1181723165,17.1553058624,16529800
2015-02-09,17.0216276805,17.0364810986,16.7022862724,16.8359642029,12821100
2015-02-10,17.7494262571,17.7865597985,17.4226581752,17.7197208405,17077300
2015-02-11,17.7345768719,18.083625158,17.6528858953,18.0390663147,14211100
2015-02-12,18.1281820976,18.1801676455,17.9350919082,18.1727409363,10136200
2015-02-13,18.1578866699,18.5366388759,18.1207531286,18.4475212097,11637500
2015-02-17,18.3361279731,18.4846579257,18.328701263,18.3955402374,10525500
2015-02-18,18.3361211311,18.4549456155,18.2767088889,18.3509731293,7433100
2015-02-19,18.3287034645,18.350982181,18.1653186555,18.2098789215,9929400
2015-02-20,18.3435513754,18.3509766677,18.0464886906,18.1504611969,7268000
2015-02-23,18.1281765897,18.1430300036,17.9202330451,17.987071991,7827400
2015-02-24,18.1058993497,18.6257575858,18.0836206419,18.5960521698,15932700
2015-02-25,18.6034774614,18.803994331,18.5589186292,18.5960521698,10388400
2015-02-26,18.4178167898,18.5589214323,18.3064189842,18.3286991119,7588500
2015-02-27,18.3806818363,18.4029619606,18.1727382591,18.2172985077,8541000
2015-03-02,18.1207529948,18.2915630341,18.1207529948,18.2915630341,7081200
2015-03-03,18.3509811632,18.3658345844,18.120758801,18.1950244904,7485300
2015-03-04,18.247004296,18.2692844208,17.9202362157,18.0687675476,9415000
2015-03-05,18.165309906,18.1801633209,17.9276609345,18.165309906,6882400
2015-03-06,18.0093598838,18.1059042826,17.8534032204,17.8905353546,6375000
2015-03-09,17.5786188768,17.600899005,17.2741308737,17.4152355194,15598700
2015-03-10,17.0958891719,17.2741258968,17.0141968085,17.1181678772,12405600
2015-03-11,17.385522607,17.6157448521,17.385522607,17.444934845,9485000
2015-03-12,17.452369299,17.6380328022,17.4300891687,17.4746494293,10892000
2015-03-13,17.571188137,17.8014104097,17.5637614293,17.7345714569,9748200
2015-03-16,17.801415346,18.1133300735,17.7494297942,18.0316390991,18384800
2015-03-17,17.8608286232,18.1504646544,17.7865643544,18.0539188385,12558800
2015-03-18,18.202443232,18.4920777357,17.9350874339,18.3509731293,14551700
2015-03-19,18.492083369,18.6777468595,18.2915664593,18.3138465881,11699700
2015-03-20,18.4178189513,18.4920846358,18.328701263,18.3955402374,7196900
2015-03-23,18.477226504,18.5292134615,18.3806821302,18.4178142548,9110900
2015-03-24,18.2767168903,18.3435558691,18.1578923539,18.1950244904,9071500
2015-03-25,18.1504639728,18.1578906827,17.1404540898,17.2147197723,32339400
2015-03-26,17.1255997794,17.4597946252,17.0513341007,17.2295722961,36432500
2015-03-27,17.0141998242,17.1701578714,16.8285363592,17.03647995,20264000
2015-03-30,16.9176577083,17.3038366907,16.9176577083,17.2667045593,14707100
2015-03-31,17.3855278047,17.4969256072,17.3186888399,17.4375133514,13621500
2015-04-01,17.4003776304,17.4300830439,17.1850073625,17.2518463135,13314800
2015-04-02,17.5414840783,17.6974407026,17.5117772452,17.5934696198,12443500
2015-04-06,17.2295666408,17.6305989076,17.2221399337,17.4820690155,11439200
2015-04-07,17.4820752702,17.5489128249,17.3409706182,17.3706760406,13305600
2015-04-08,17.1775853295,17.3409701059,17.1404531984,17.2295722961,10835200
2015-04-09,17.2667055541,17.5786202918,17.2592788441,17.4078102112,10183300
2015-04-10,17.6231759247,17.6751614688,17.3632467879,17.4523658752,10531900
2015-04-13,17.4597925772,17.5934704998,17.3112612372,17.3261146545,11125700
2015-04-14,17.2592786153,17.3038374582,16.9547905917,17.2147197723,13787000
2015-04-15,17.1998620676,17.5563355552,17.1478765277,17.4597911835,16883000
2015-04-16,17.4597961764,17.4895016006,16.8211132661,17.2592792511,28320800
2015-04-17,17.1107426164,17.2666992197,16.9844914256,17.2444190979,16113600
2015-04-20,17.3780976336,17.5414823667,17.2221410245,17.2815532684,15253500
2015-04-21,17.3038345286,17.3558214891,17.1998634405,17.3261146545,13191400
2015-04-22,17.3781039626,17.7048721313,17.3706772523,17.7048721313,15880200
2015-04-23,17.7048695918,18.1356088094,17.6008984961,18.0464897156,22973300
2015-04-24,18.7074534277,18.7965711086,18.3361264521,18.4995098114,28481800
2015-04-27,18.4846558742,19.1381921262,18.3955381958,18.8708362579,25744900
2015-04-28,18.7371538387,18.7817140837,18.4178124984,18.5737705231,14437100
2015-04-29,18.4549516032,18.4920837354,18.2618613993,18.4103927612,12642500
2015-04-30,18.195020033,18.2841391217,18.0910489432,18.1504611969,16033300
2015-05-01,18.3435474564,18.447518524,18.2470016796,18.3732528687,9732900
2015-05-04,18.2395751493,18.2767086856,18.0316330122,18.0613384247,9436900
2015-05-05,17.9722273415,18.1578908412,17.9499472116,18.0390663147,13233000
2015-05-06,18.1059033515,18.2024491619,18.0093589577,18.1578903198,8302200
2015-05-07,18.0836248975,18.1281837402,17.9945057957,18.0984783173,7299600
2015-05-08,18.1653158739,18.3732595006,18.1133303214,18.2321548462,11054400
2015-05-11,18.2544349749,18.2841418143,18.0761981877,18.0984783173,6256500
2015-05-12,17.9573717859,18.1950208107,17.9276649496,18.1059017181,10406900
2015-05-13,18.1801666155,18.3212712491,18.1133276531,18.1504611969,6596700
2015-05-14,18.0984741341,18.2098719233,18.0539138852,18.1281795502,9130500
2015-05-15,18.1578872864,18.2692850811,18.1281804523,18.2395782471,5952400
2015-05-18,18.1801650907,18.1801650907,18.0984741341,18.1281795502,9387100
2015-05-19,18.180165611,18.3138435285,18.1653121943,18.2618579865,10063100
2015-05-20,18.2098719385,18.3212697277,18.1281795653,18.2544307709,9053200
2015-05-21,18.1059013288,18.1430348734,17.935091273,18.0019302368,12175800
2015-05-22,18.0984764106,18.2544330518,17.9722251892,17.9722251892,8574500
2015-05-26,17.9499457004,18.1059023471,17.9350922817,18.016784668,10911600
2015-05-27,17.9499419422,18.3435489561,17.8979564042,18.2692832947,14361100
2015-05-28,18.1875957423,18.3064202655,18.0910513485,18.1578903198,10416600
2015-05-29,17.8608276076,18.1430369125,17.7791366332,18.0316390991,13170000
2015-06-01,17.9573744586,18.0019333032,17.7717109533,17.9276676178,10391300
2015-06-02,17.8088413305,17.8236947494,17.5563388749,17.5786190033,12267300
2015-06-03,17.6603108822,17.6751628842,17.4375138543,17.5711917877,10846500
2015-06-04,17.2815514294,17.4003759046,16.9176512971,17.0661811829,16981800
2015-06-05,16.9473630166,17.1107477932,16.8953774665,16.9770698547,9277100
2015-06-08,16.9844945287,17.0216266554,16.7839776451,16.8211097717,9155900
2015-06-09,16.9844988648,17.1553089576,16.8656729128,16.9547920227,14045900
2015-06-10,17.1181710619,17.3335413632,17.0810389352,17.3261146545,14611900
2015-06-11,17.5711889713,17.6083210951,17.4226576432,17.4597911835,12836500
2015-06-12,17.4820746133,17.6454579719,17.3781020974,17.5786190033,12115900
2015-06-15,17.3706684972,17.4078020297,17.251844026,17.2741241455,12984800
2015-06-16,17.259279213,17.5637672471,17.2295737888,17.5117816925,12381400
2015-06-17,17.4969254731,17.6008979822,17.4152345074,17.526632309,12642300
2015-06-18,17.5711887437,17.6974399459,17.5043497885,17.6454544067,11225200
2015-06-19,17.5414822664,17.5860410949,17.3706708267,17.3780975342,11609100
2015-06-22,17.5711941797,17.7420042661,17.5266353347,17.7048721313,13407100
2015-06-23,17.8311178747,17.8533979986,17.6380277171,17.7717056274,9339600
2015-06-24,17.7939828082,17.8236896375,17.6974384459,17.7494239807,9368200
2015-06-25,17.8533989075,18.0687677834,17.8236920741,17.8831043243,8369700
2015-06-26,17.7642823717,17.8534014681,17.4078088191,17.5489120483,14805800
2015-06-29,17.3711383766,17.5780292146,17.133597856,17.1489219666,14494500
2015-06-30,17.5167290447,17.7236184289,17.3711390278,17.4017887115,15836800
2015-07-01,17.7236133891,17.8002397689,17.5090612795,17.5703620911,12403200
2015-07-02,17.6240080242,17.8768741678,17.5856955479,17.7389469147,7884900
2015-07-06,17.6240048883,17.823232945,17.5243915907,17.5780296326,7476100
2015-07-07,17.4784144046,17.6240044155,17.1948986302,17.5933532715,10131500
2015-07-08,17.3098415599,17.3634796129,16.9956745678,17.0339870453,13956700
2015-07-09,17.3021700649,17.3558080909,16.9420279888,17.0263156891,12147200
2015-07-10,17.118272103,17.3711381929,17.118272103,17.294511795,9042600
2015-07-13,17.3864649083,17.5320534662,17.2868501461,17.5167293549,11501200
2015-07-14,17.4477620085,17.5473752879,17.3864611915,17.4707489014,8778400
2015-07-15,17.401785008,17.5550377785,17.1719073138,17.2868461609,13861500
2015-07-16,16.8960564818,17.4937406593,16.627866269,17.4171142578,29850800
2015-07-17,17.5856947083,17.6929708061,17.455430249,17.6469955444,10314200
2015-07-20,17.6469932995,17.6546560857,17.3328263718,17.54737854,12307200
2015-07-21,17.5780258865,17.7466027625,17.4937367177,17.5320491791,9372700
2015-07-22,17.217880903,17.2715203906,16.9420279888,17.0263156891,17279900
2015-07-23,16.9573543944,17.2408715925,16.926704716,17.095281601,16251500
2015-07-24,16.9037159451,17.0186547939,16.5588993987,16.5818862915,15045700
2015-07-27,16.5282492221,16.6202011835,16.344346761,16.574224472,10167100
2015-07-28,16.6355208263,16.8500743707,16.5512331343,16.7657852173,13102700
2015-07-29,16.7198192245,17.0646373507,16.6585183867,16.942035675,12780100
2015-07-30,17.0339813856,17.4554258052,17.0033317061,17.3941249847,17400600
2015-07-31,17.2791895522,17.3251662768,16.8807348372,16.942035675,16313800
2015-08-03,16.7811156911,16.7811156911,16.4899371527,16.6431884766,11945800
2015-08-04,16.7274749544,16.7964385505,16.3520072985,16.436296463,13832400
2015-08-05,16.5129260225,16.7581308007,16.489939125,16.5589027405,7506500
2015-08-06,16.413310157,16.5129234408,16.0991432739,16.3060340881,12945100
2015-08-07,16.2907130657,16.4056519519,16.0838221938,16.1144733429,16644500
2015-08-10,16.1834349791,16.7734549118,16.0301821754,16.5589027405,25398700
2015-08-11,16.0914861652,16.1681125821,15.7466680199,15.9612216949,18685200
2015-08-12,15.7313369148,15.9229021412,15.4631453056,15.8999137878,20957100
2015-08-13,15.7466673685,15.8539449323,15.6393912662,15.7390060425,7873400
2015-08-14,15.608740347,15.6317272462,15.4938000047,15.6164016724,11355400
2015-08-17,15.2485883215,15.5627551056,15.0876742688,15.539768219,18060200
2015-08-18,15.4631472857,15.4784728565,15.3328828566,15.3482084274,10410700
2015-08-19,15.3252139612,15.3711891939,15.0416968599,15.2562503815,12520400
2015-08-20,15.1643068074,15.378858965,15.0263795853,15.0263795853,12865500
2015-08-21,14.7505258342,14.949753891,14.459347266,14.4670085907,20217500
2015-08-24,13.5934724161,14.8884541489,13.2716426796,14.3750591278,31876000
2015-08-25,15.1183319057,15.3328855505,14.3290838687,14.3750591278,25640300
2015-08-26,14.8194879443,14.9267640173,14.5129838348,14.9037771225,20952300
2015-08-27,15.0340448955,15.2792482376,15.0033937469,15.2792482376,17880000
2015-08-28,15.0417057011,15.3865238025,14.9804048676,15.3252229691,10980800
2015-08-31,15.4478204196,15.4708087739,15.1336535514,15.2332668304,9081400
2015-09-01,14.8271469759,15.1413137913,14.7505206025,14.8731222153,14185700
2015-09-02,15.095345731,15.3788615473,15.0570317953,15.2792482376,14670900
2015-09-03,15.4401565175,15.509120114,15.3405432457,15.3788557053,8174900
2015-09-04,15.0953417183,15.1949550015,15.0187153289,15.072353363,8944000
2015-09-08,15.2945665624,15.3711929432,15.1872905062,15.363530159,10390900
2015-09-09,15.6623740088,15.8309508893,15.1872915833,15.2332668304,10318700
2015-09-10,15.1719666102,15.2562557845,14.7658492317,15.0953416824,17806400
2015-09-11,15.1259916895,15.2869072566,15.0263784044,15.2485933304,9549900
2015-09-14,15.3175582248,15.4554854477,15.2409318274,15.3558721542,7790800
2015-09-15,15.4478219023,15.7543260151,15.3558713992,15.6240615845,11469800
2015-09-16,15.8692670095,15.8999181556,15.6777017305,15.8386173248,11471100
2015-09-17,15.7696556208,16.1068109619,15.7619928333,15.830956459,11394200
2015-09-18,15.7313417605,15.9075814723,15.5934145212,15.7926425934,14057800
2015-09-21,15.7313375473,15.8769260729,15.6317228071,15.7313375473,12292100
2015-09-22,15.455483122,15.5091211536,15.2332667492,15.2869062424,13482400
2015-09-23,15.0570265787,15.5474345546,15.0187141179,15.3328809738,22169600
2015-09-24,15.2409337887,15.3482113434,14.9880676679,15.3175601959,11088800
2015-09-25,15.447819324,15.5550953802,15.2945665624,15.363530159,10742300
2015-09-28,15.3022349993,15.3635358342,15.0033936114,15.0417060852,15576100
2015-09-29,15.0340421423,15.2869082253,14.9344273894,15.2409315109,10919600
2015-09-30,15.6010725024,15.9305649256,15.5780841491,15.8999137878,12400200
2015-10-01,16.0531688543,16.0914813204,15.7849772066,15.984205246,14508200
2015-10-02,15.4861349716,15.9152422078,15.4861349716,15.907579422,15271100
2015-10-05,16.1374565959,16.4286366006,15.9305672322,16.3979854584,10938100
2015-10-06,16.1374548516,16.3673340086,16.060828466,16.2677192688,10577700
2015-10-07,16.612536717,16.9343663568,16.5742227947,16.804101944,13647100
2015-10-08,16.6891647337,17.0646324399,16.6048755579,17.0493068695,10343500
2015-10-09,17.0952823615,17.1872343238,16.7887782563,16.8194293976,11648800
2015-10-12,16.9113826483,17.0109974121,16.8654073904,16.9267082214,6779500
2015-10-13,16.7198175074,16.8807331036,16.6125414177,16.8117694855,12740800
2015-10-14,16.6891669824,17.263862797,16.597215009,17.1182727814,22801100
2015-10-15,17.2791848246,17.4630887493,16.6968277555,16.8194293976,17867300
2015-10-16,16.8654096959,17.0263238512,16.8500841206,16.980348587,9598700
2015-10-19,16.9190481514,17.0876250983,16.8270961593,17.0339870453,8940900
2015-10-20,17.0109938892,17.1795707742,16.9880055343,17.095281601,6718400
2015-10-21,17.1106048509,17.2025567967,16.9650148791,17.0263156891,8154300
2015-10-22,17.1565888854,17.3328300833,17.1029508319,17.2485408783,8214500
2015-10-23,17.4324376689,17.4324376689,17.1642460278,17.2178840637,11854100
2015-10-26,17.217889157,17.256203095,16.8041088565,16.980348587,12350400
2015-10-27,16.9037202195,17.0876227165,16.7657929815,17.0109977722,6885400
2015-10-28,16.9113817085,17.0646345083,16.7581303702,16.9190444946,9913700
2015-10-29,16.7121534219,16.7198162079,16.4899384729,16.7198162079,7939100
2015-10-30,16.7351407135,16.9113803965,16.5895507112,16.827091217,8791800
2015-11-02,16.7504637851,16.9650159023,16.681500187,16.9343662262,5716700
2015-11-03,17.041646447,17.5856925802,16.9420331484,17.4477653503,12846400
2015-11-04,17.7006298146,18.1297355756,17.6623158867,18.0454463959,14372000
2015-11-05,17.8002402267,17.8002402267,17.5856881116,17.6086750031,8345300
2015-11-06,17.3098328938,17.4937353242,17.1872312734,17.4860725403,8805900
2015-11-09,17.4324391501,17.6086788435,17.3788011096,17.5933532715,8629200
2015-11-10,17.2485408783,17.3711425611,17.1106136197,17.2485408783,7388700
2015-11-11,17.1795795447,17.3941332491,17.0723034233,17.3021812439,5255100
2015-11-12,17.1949016889,17.378804201,17.0416488647,17.0416488647,5685100
2015-11-13,16.9113799721,16.9726807934,16.5282494736,16.7734527588,7883500
2015-11-16,16.7274729188,17.148915767,16.7044845691,17.1259288788,7121500
2015-11-17,17.1872314734,17.4860727438,17.1489175532,17.2561950684,7148400
2015-11-18,17.1489175532,17.286844743,16.9726779046,17.2561950684,8010400
2015-11-19,17.578028448,17.578028448,17.309836795,17.371137619,7115100
2015-11-20,17.4784183211,17.5397191613,17.4017919054,17.4937438965,6039900
2015-11-23,17.5627034569,17.5780290288,17.2715248987,17.294511795,5502100
2015-11-24,17.1872391009,17.3021779896,16.9803482243,17.2408771515,8911500
2015-11-25,17.2945089456,17.3634725461,17.248533699,17.2868461609,5442600
2015-11-27,17.1565837115,17.3481489658,17.1182712452,17.2025604248,3995600
2015-11-30,17.1948983221,17.5243908065,17.1489216069,17.4401016235,8612900
2015-12-01,17.5014029177,17.892196238,17.4937401317,17.838558197,10256000
2015-12-02,17.7695960999,17.899860551,17.669981334,17.7695960999,6829100
2015-12-03,17.8385536895,17.8615405804,17.4860729272,17.5703620911,5884700
2015-12-04,17.4937405911,17.9075222804,17.4171141899,17.8615455627,6355600
2015-12-07,17.9688246139,18.0071370869,17.7619337519,17.8079090118,4634000
2015-12-08,17.6240076188,17.7925845568,17.5320556316,17.6853084564,6133900
2015-12-09,17.5856926333,17.6316678896,17.355813429,17.4171142578,8663600
2015-12-10,17.4094501111,17.5090648637,17.3251623915,17.3558120728,7171900
2015-12-11,17.1795766511,17.2868527545,16.9803485581,16.9956741333,11326300
2015-12-14,17.1106048509,17.1719056609,16.911376853,17.0263156891,7898600
2015-12-15,17.1795684895,17.5473733504,17.1795684895,17.4860725403,9444200
2015-12-16,17.7082943567,17.8002448695,17.5397159806,17.7466068268,7384800
2015-12-17,17.6929680279,17.8462208249,17.585691947,17.5933532715,8925700
2015-12-18,17.447760468,17.68530093,17.4094465474,17.5703620911,8648000
2015-12-21,17.5703658805,17.6623163868,17.4324386594,17.585691452,4958700
2015-12-22,17.608678271,17.6929674527,17.5856913753,17.6699790955,4553900
2015-12-23,17.7772604436,17.7849217695,17.6010192566,17.6853084564,6172900
2015-12-24,17.7389469147,17.8385616915,17.6853088632,17.7389469147,2009500
2015-12-28,17.7389422582,17.7695934004,17.5090645376,17.6316661835,3100100
2015-12-29,17.677645669,17.8002473442,17.608682044,17.6853084564,4136700
2015-12-30,17.6623135937,17.692964732,17.5013995023,17.5320491791,2574100
2015-12-31,17.516723242,17.6239992917,17.2945068972,17.432434082,3898300
2016-01-04,17.0416470969,17.0876223548,16.750468515,16.9267082214,9145100
2016-01-05,16.9956690754,17.1795715385,16.8194293976,16.8194293976,7642100
2016-01-06,16.597217898,16.6355303744,16.2907137025,16.3520145416,8063200
2016-01-07,15.9995333998,16.3826640043,15.9535581365,16.1681118011,11242800
2016-01-08,16.2983731834,16.3979864787,15.9152426514,15.945892334,9290700
2016-01-11,16.2217461773,16.2830470017,15.8616040169,16.0378437042,9771200
2016-01-12,16.2677186717,16.2753814561,15.7160113459,15.8999137878,11629400
2016-01-13,16.014855281,16.1451197149,15.6700386934,15.693025589,12858400
2016-01-14,15.8845915299,16.7581301381,15.8616046334,16.7198162079,18687600
2016-01-15,15.7543300468,16.3060390526,15.7543300468,16.1681118011,12066200
2016-01-19,16.5742311023,16.7044955804,16.2677268778,16.5972194672,14807000
2016-01-20,15.9688808985,16.2523966774,15.8922544988,16.160446167,10815300
2016-01-21,16.2064235694,16.4516269117,15.9765458013,16.3443508148,9105000
2016-01-22,16.6738375312,16.8194275129,16.5665614717,16.804101944,8369200
2016-01-25,16.635528456,16.9113829309,16.6278671308,16.6968307495,8463700
2016-01-26,16.6891691359,16.7504699723,16.474615478,16.5435791016,7709700
2016-01-27,16.6431908833,16.8577445216,16.5589031546,16.6125411987,6432800
2016-01-28,16.6891647891,16.7581283947,16.4592856165,16.574224472,7169000
2016-01-29,16.7581240519,17.1642413335,16.7581240519,17.1259288788,9010200
2016-02-01,16.9956700886,17.2791858547,16.9726817313,17.2102222443,5389200
2016-02-02,17.0876181438,17.332822869,17.072294036,17.2868461609,13487900
2016-02-03,17.4324434301,17.7006351598,17.3098417471,17.562707901,13083200
2016-02-04,17.6010115625,17.8155651311,17.5626991038,17.800239563,6473100
2016-02-05,17.6316620755,17.8998536614,17.3634704896,17.432434082,9325400
2016-02-08,17.2255456337,17.5550380727,17.0569687525,17.4707489014,8355200
2016-02-09,17.0339801126,17.3787981155,16.9113784808,17.2868461609,8426600
2016-02-10,17.3711369957,17.555039461,17.0722956722,17.0876197815,5761600
2016-02-11,16.9803458761,17.1335986809,16.6968300873,16.8577442169,10394600
2016-02-12,17.0799628016,17.1029497021,16.7964455153,17.0416488647,7326900
2016-02-16,17.3328255016,18.1527245868,17.309837144,17.8845329285,13843800
2016-02-17,17.899858246,18.1910367962,17.8308946359,18.1144104004,11956100
2016-02-18,18.3749400895,18.535855674,18.2063631804,18.2370128632,12780200
2016-02-19,18.2370133353,18.4132544965,18.0147983794,18.2216892242,8950300
2016-02-22,18.405586308,18.4898740093,18.2753219027,18.3596096039,7250300
2016-02-23,18.1910365249,18.1986993105,17.8232315843,17.9305076599,5802500
2016-02-24,17.6853099806,18.0071397711,17.4937446639,17.9458389282,5267500
2016-02-25,18.1450605271,18.1603860977,17.9151813525,18.1527233124,5076800
2016-02-26,18.1527284738,18.4592326655,17.9458375963,18.2140293121,9920900
2016-02-29,18.060771967,18.1986991841,17.9764827873,18.0454463959,6614000
2016-03-01,18.5052033435,18.9113222104,18.3826016972,18.834695816,9858800
2016-03-02,18.735082477,18.9266477316,18.6814429781,18.8653469086,5841300
2016-03-03,18.8730063946,19.0569103072,18.7350806525,18.8193683624,7957500
2016-03-04,18.819370664,19.1182134624,18.727420158,18.8883342743,7264600
2016-03-07,18.6967717789,18.9419751132,18.4362428708,18.926651001,8971500
2016-03-08,18.6661193335,19.0415870663,18.6354681905,18.8883342743,11734000
2016-03-09,18.9419669896,18.9956064748,18.7887157021,18.9572925568,5807300
2016-03-10,19.0492444985,19.1565205458,18.7810529185,18.9572925568,6483700
2016-03-11,19.1565234219,19.4477019348,19.1488606372,19.4247150421,7560000
2016-03-14,19.3940654592,19.4477034952,19.2408141364,19.3251018524,4109400
2016-03-15,19.0799007678,19.3097799708,18.9496363246,19.0645751953,8839800
2016-03-16,18.9726265951,19.7695374456,18.941975447,19.7542133331,10874100
2016-03-17,19.7235612463,19.8078504381,19.6316107295,19.7465496063,6264700
2016-03-18,19.8308365921,20.1143538417,19.7695357627,19.9534397125,7208700
2016-03-21,19.8308324232,19.9381099484,19.7312191444,19.869146347,5494100
2016-03-22,19.7388825134,19.9687602169,19.6622561251,19.7771949768,6247400
2016-03-23,19.7848616899,19.7848616899,19.5703095138,19.6775856018,5465900
2016-03-24,19.5549824863,19.7312221783,19.4936816604,19.7158966064,5549000
2016-03-28,19.7082305683,19.738881707,19.5703048288,19.6392669678,2197200
2016-03-29,19.5856305497,19.9381113661,19.4936800491,19.8997974396,4550800
2016-03-30,20.1679905682,20.3978697597,20.1679905682,20.2752666473,5999600
2016-03-31,20.1373372677,20.2599388965,20.0607108843,20.0760364532,5369100
2016-04-01,19.8308341556,20.0837002287,19.746546439,20.0147380829,5091200
2016-04-04,20.0224039864,20.0224039864,19.7772006427,19.8078517914,4302700
2016-04-05,19.5473155975,19.6392660864,19.3404248052,19.5473155975,8612600
2016-04-06,19.2714634578,19.7235575553,19.1718501729,19.6316070557,8333100
2016-04-07,19.5319968314,19.5549851923,19.348094328,19.4400463104,7774400
2016-04-08,19.7312225757,19.7771978308,19.3174408959,19.3710803986,8214600
2016-04-11,19.6929055767,19.8001816343,19.5396528132,19.5473155975,5406300
2016-04-12,19.6929165634,19.7082406791,19.3940736539,19.5933017731,4766900
2016-04-13,19.8844740963,20.0837006757,19.7542096641,20.0530509949,9082700
2016-04-14,19.3864021301,19.5626432656,19.2254880265,19.3864021301,13870800
2016-04-15,19.5473146981,19.6009527244,19.4400386455,19.5090007782,8019100
2016-04-18,19.4477056199,19.6775848214,19.4017303642,19.5396575928,6507600
2016-04-19,19.5549873594,19.6699262541,19.2714700552,19.279132843,9378700
2016-04-20,19.1028898221,19.348093145,18.9572998011,19.2484798431,9391300
2016-04-21,19.3864089498,19.4247228891,19.1565311605,19.279132843,6044400
2016-04-22,19.2944542102,19.3940675074,19.1182145127,19.2101650238,6447400
2016-04-25,19.2714644607,19.4093916788,19.1182131328,19.164188385,7772500
2016-04-26,19.3097783888,19.4247172501,19.1412000281,19.164188385,9920000
2016-04-27,19.0798938283,19.4170489931,19.0185930221,19.3480854034,7302200
2016-04-28,18.8883327695,19.0645724432,18.4439014618,18.5128650665,12170200
2016-04-29,18.3902682691,18.3979310563,17.9458368444,18.0761013031,14955900
2016-05-02,18.0684341356,18.1986985627,17.9764821734,18.1527233124,6112100
2016-05-03,17.8921957398,17.9688221368,17.7466057316,17.8692073822,9323900
2016-05-04,17.8615497212,18.0454522498,17.8002488783,17.9458389282,7789900
2016-05-05,17.9688229218,18.1527254058,17.9305089909,18.0071353912,7238400
2016-05-06,18.0071349994,18.0914241841,17.8845333461,17.9381713867,5373300
2016-05-09,17.9305129183,17.9994765476,17.7772615456,17.9075260162,5189800
2016-05-10,17.8538803277,17.9611578592,17.8079050779,17.9228439331,5374500
2016-05-11,17.8998552644,17.968818863,17.7236141449,17.7925777435,6185400
2016-05-12,17.8002431062,17.8462198196,17.4324381682,17.6163406372,7674600
2016-05-13,17.5090608922,17.6239997285,17.447760082,17.4860725403,4837700
2016-05-16,17.6010125788,17.8079033753,17.5550373335,17.7082901001,4654300
2016-05-17,17.777256712,17.8615444326,17.5550403089,17.585691452,4017400
2016-05-18,17.6240048255,18.1144114486,17.5473784252,18.0224609375,10028100
2016-05-19,17.861548001,17.8692107883,17.6623199154,17.8155727386,3868700
2016-05-20,18.0071317369,18.4055877687,17.953493706,18.3212985992,8380600
2016-05-23,18.8730114517,18.9726262195,18.5511817108,18.597158432,6840000
2016-05-24,18.6278065163,18.8270345732,18.5894940467,18.7504081726,7573600
2016-05-25,18.857684123,18.9419718412,18.7887205145,18.8653469086,5151600
2016-05-26,19.0032744229,19.0952263966,18.8423602957,18.9956130981,8204700
2016-05-27,19.1028839282,19.16418474,18.9879450888,19.0032691956,5381300
2016-05-31,19.026263832,19.0415894054,18.7963860772,18.9419746399,7999900
2016-06-01,18.941966649,19.3557481869,18.941966649,19.3480854034,6126800
2016-06-02,19.3174452913,19.3480964426,19.2101691846,19.2944583893,4188200
2016-06-03,19.4170549511,19.6162829977,19.3940665936,19.5626449585,5041800
2016-06-06,19.6162830742,19.6699211135,19.4860186378,19.5166683197,7579500
2016-06-07,19.7082307022,20.0147362451,19.6929065943,19.9687595367,6624300
2016-06-08,20.3135826013,20.3672206463,20.14500568,20.175655365,6173600
2016-06-09,19.8538243237,20.1143532059,19.8538243237,20.0990276337,5760100
2016-06-10,19.8461594759,19.8997975117,19.5703065116,19.8155097961,6699400
2016-06-13,19.5779661519,19.7848569535,19.5396536901,19.6392669678,7414600
2016-06-14,19.5703148688,19.7005778905,19.4553745012,19.5933017731,7191500
2016-06-15,19.6699217169,19.9457761697,19.6622589308,19.8001861572,6926800
2016-06-16,19.5473181556,19.8538222613,19.4477034078,19.8155097961,4637700
2016-06-17,19.8385014786,19.8691526273,19.6162864964,19.8078517914,5813100
2016-06-20,20.1679849095,20.4131881425,20.1373352362,20.2062988281,10019300
2016-06-21,20.2676056635,20.4208569989,20.183316479,20.3748817444,6095200
2016-06-22,20.3825440859,20.6277473864,20.3212432607,20.3365688324,8010400
2016-06-23,20.4131944978,20.5434589386,20.3212439876,20.5434589386,6708600
2016-06-24,19.6086219848,20.0760417311,19.5473211542,19.6775856018,9529800
2016-06-27,19.5893356494,19.8437423696,19.3667305275,19.7960414886,10314300
2016-06-28,20.0504489956,20.1697034772,19.9470968302,20.0822505951,14428100
2016-06-29,20.4161548828,20.6467103577,20.4082044848,20.5115566254,8758600
2016-06-30,20.7262206896,21.0044786578,20.5354156156,20.8534240723,9765900
2016-07-01,21.1714294474,21.187330247,21.0601268828,21.0919284821,5939300
2016-07-05,20.7977710728,20.9090736444,20.765970988,20.8772735596,5678400
2016-07-06,20.5115617848,20.8295717171,20.4718113014,20.7898197174,6062900
2016-07-07,20.8693256286,21.0919323146,20.8613752274,20.9170265198,5327900
2016-07-08,21.0680818223,21.3065878024,20.996529725,21.2509365082,5780600
2016-07-11,21.5927921346,21.7597475024,21.5689409345,21.6245937347,6051600
2016-07-12,21.6245943013,21.6961463871,21.3383859584,21.4417381287,8538700
2016-07-13,21.4019830621,21.4735351325,21.2747797183,21.3781318665,10553300
2016-07-14,21.4655866754,21.6484413091,21.1793783678,21.5530395508,12145100
2016-07-15,21.6166416013,21.6722928807,21.4417358475,21.4735374451,5996500
2016-07-18,21.7120481169,21.9823556898,21.5848447315,21.9744052887,7767300
2016-07-19,21.7676919809,21.8789960424,21.6166389601,21.6802406311,4997300
2016-07-20,21.7835962349,21.9346507961,21.6881944715,21.9028491974,5805100
2016-07-21,21.9982511309,22.117504086,21.7994957002,21.847196579,6369300
2016-07-22,21.8869459511,22.0936517562,21.8471939599,22.053899765,5116800
2016-07-25,21.8551447615,22.1970043102,21.8551447615,22.1493034363,7799700
2016-07-26,22.2367618325,22.5865718905,22.2288114316,22.5229701996,10178800
2016-07-27,22.6501648987,22.6501648987,22.2129036311,22.3401069641,7057700
2016-07-28,22.4911722331,22.5706732169,22.2606151342,22.3719177246,4746300
2016-07-29,22.34011538,22.34011538,21.9903053243,22.0857086182,7366600
2016-08-01,22.5388760859,22.856884612,22.5388760859,22.7535324097,7328200
2016-08-02,22.6501706991,22.6501706991,22.3083110855,22.3878135681,6088500
2016-08-03,22.3242118853,22.4514152509,22.1890581199,22.3878135681,3872000
2016-08-04,22.4355148355,22.6024702034,22.3560138679,22.5786190033,3165000
2016-08-05,22.7773754156,22.9363803902,22.7614746149,22.8886795044,5573000
2016-08-08,22.8648230136,23.1669305757,22.825071021,23.1271800995,8731700
2016-08-09,23.1987339214,23.3974893505,23.1669323249,23.3736381531,6660600
2016-08-10,23.3895385469,23.4133897439,23.1987335203,23.2305335999,8229100
2016-08-11,23.1669330597,23.3497892127,22.8966255463,23.1669330597,9134000
2016-08-12,23.1907914981,23.2702940004,23.103338594,23.2464427948,3481800
2016-08-15,23.3577398314,23.4133926311,23.3020885479,23.3656902313,3187000
2016-08-16,23.182835769,23.2146373691,23.0397316011,23.1192340851,5914400
2016-08-17,23.0556327797,23.0556327797,22.8489269245,23.0397319794,6996800
2016-08-18,22.9840772923,23.2146343139,22.9284260158,23.1828327179,4254200
2016-08-19,22.761475945,22.80917835,22.6660741678,22.7694263458,6241800
2016-08-22,22.4991165194,22.6422206872,22.4355148355,22.5786190033,6415400
2016-08-23,22.7376216776,22.8091737543,22.6263176047,22.6581192017,5501800
2016-08-24,22.7137733456,22.7376245463,22.5309186894,22.5706691742,5391500
2016-08-25,22.7614709883,22.9284263366,22.674019631,22.7376213074,6388200
2016-08-26,22.7376262589,22.9761322183,22.6024724775,22.7694263458,5267500
2016-08-29,22.7217201418,22.8727746895,22.7058193439,22.8171234131,3143900
2016-08-30,22.7296812016,22.8091837122,22.6819803017,22.7535324097,5001800
2016-08-31,22.8648292529,23.0397335191,22.793277163,22.8489284515,4674700
2016-09-01,22.8091794611,23.079487037,22.7614770538,23.0238342285,6066600
2016-09-02,23.1351329786,23.222584339,23.0794816993,23.1669330597,6050200
2016-09-06,23.4610950454,23.6280489065,23.2941396678,23.4451942444,6433000
2016-09-07,24.1289121526,24.2879156042,23.6757499651,23.7075500488,14429800
2016-09-08,23.7711519299,23.7870527301,23.5644460763,23.6837005615,6361600
2016-09-09,23.294144,23.3179952059,22.6978774998,22.7296791077,8325600
2016-09-12,22.6978736702,23.087435719,22.4196172301,23.0476837158,5844500
2016-09-13,22.8250755329,22.8807283336,22.5070671109,22.6501712799,6857800
2016-09-14,22.674029899,22.8648350147,22.5468264886,22.7535324097,5088700
2016-09-15,22.7455758809,23.2702901868,22.7455758809,23.1987380981,6305100
2016-09-16,23.1589836053,23.2305356863,22.8727767979,22.984079361,7329300
2016-09-19,23.7791011842,23.9460565456,23.7473011017,23.7950019836,7696400
2016-09-20,23.977852583,24.0414542537,23.7631963759,23.7711467743,5763300
2016-09-21,23.9222081925,24.2958679256,23.8904065899,24.248167038,8097200
2016-09-22,24.4548667739,24.605921316,24.2561113563,24.3753643036,5329000
2016-09-23,24.3674149924,24.3833157905,23.8665519847,23.9460544586,7959800
2016-09-26,23.8665538681,23.90630435,23.6200960279,23.723449707,4363300
2016-09-27,23.6916514993,24.1925161346,23.5723985202,24.1686649323,5707200
2016-09-28,24.224314886,24.2481660871,23.9540073395,24.1130123138,4125100
2016-09-29,24.0971128415,24.3674204029,23.9858102632,24.1686649323,5985800
2016-09-30,24.0812133583,24.3912714047,24.0335109539,24.3197193146,5725700
2016-10-03,24.3594673173,24.4946210831,24.3038160343,24.4230690002,4198500
2016-10-04,24.5025728291,24.5820753163,24.1368635111,24.1607131958,5104800
2016-10-05,24.3833152618,24.4151153408,24.248161514,24.2720127106,6205000
2016-10-06,24.4071687722,24.4946201352,24.1527605339,24.4628200531,4099900
2016-10-07,24.5502708712,24.812627987,24.3674162334,24.7887783051,5753400
2016-10-10,24.796732137,25.027287687,24.7728809354,24.8682842255,7810500
2016-10-11,24.6377246732,24.6377246732,24.2561145844,24.4310188293,10157600
2016-10-12,24.5661707428,24.9716320002,24.4071673092,24.9239311218,9587000
2016-10-13,24.5900210829,24.5900210829,23.4690406227,24.2720127106,17323000
2016-10-14,24.6933726686,24.860328008,24.3038122319,24.3753643036,9822900
2016-10-17,24.2640634546,24.4548684869,24.1527593817,24.3038139343,7598400
2016-10-18,24.5741228117,24.629774093,24.399218568,24.5343723297,5487500
2016-10-19,24.6059206,24.6774726696,24.3753635943,24.6297702789,6733000
2016-10-20,24.5900281737,24.7649324498,24.4866744751,24.6933803558,7329800
2016-10-21,24.5820747368,24.7569789913,24.4548713669,24.7092781067,3817100
2016-10-24,24.7569738854,24.9716300964,24.7092730106,24.9716300964,3768900
2016-10-25,24.9636823753,25.1385881289,24.9477815766,25.0829353333,3214700
2016-10-26,24.7967266039,24.987531625,24.7013233351,24.812625885,4121500
2016-10-27,24.8285293368,24.8523805357,24.4469192539,24.4628200531,6243200
2016-10-28,24.5979738137,24.7251771747,24.4548696535,24.4628200531,5210800
2016-10-31,24.5900240011,24.7490274479,24.5184719193,24.7251777649,3212300
2016-11-01,24.7410795098,24.8046811943,24.2322645179,24.4151191711,5815800
2016-11-02,24.3833198566,24.4310207423,24.0414602233,24.1607131958,5274700
2016-11-03,24.1289087223,24.2481616731,23.9937549736,24.0732574463,4890800
2016-11-04,24.0176107418,24.2084173312,23.8665576734,24.0414619446,4431900
2016-11-07,24.4230665911,24.9477808028,24.391266511,24.9239311218,3981800
2016-11-08,24.8046787351,25.043184649,24.6536241809,24.9159812927,4077100
2016-11-09,24.3594698018,24.6377277618,24.0971126433,24.3197193146,8996700
2016-11-10,24.2879104574,24.2879104574,23.3497861974,23.4054374695,10104300
2016-11-11,23.1033323717,23.9142549467,22.8648264456,23.7950019836,7506800
2016-11-14,23.2782322771,23.5326389386,22.9045711661,22.936372757,8551400
2016-11-15,23.3020872109,23.4054408882,22.8727762518,23.214635849,11135600
2016-11-16,23.1271878431,23.7711551757,23.1271878431,23.7393550873,8802600
2016-11-17,23.8506489678,23.8665497644,23.3338852101,23.4292869568,7065100
2016-11-18,23.39748688,23.5087894233,23.2066818702,23.4292869568,5136600
2016-11-21,23.5326429384,23.6439454926,23.4213388677,23.5723934174,4477100
2016-11-22,23.8268032097,23.9699073788,23.6677997568,23.7791023254,8937500
2016-11-23,23.7711473438,23.9540019617,23.6439439994,23.7631969452,4017500
2016-11-25,23.6519029725,23.6996038649,23.540600385,23.5803508759,2101800
2016-11-28,23.6201013667,23.8029575674,23.4849490912,23.5803508759,5435000
2016-11-29,23.5167425092,23.6518962628,23.1669325265,23.4928913116,9254600
2016-11-30,23.4928905722,23.7075467947,23.3736376208,23.6041946411,6403400
2016-12-01,23.4531474326,23.4690482355,22.5309220956,22.6978759766,12499600
2016-12-02,22.6740226753,22.9522806156,22.5706689895,22.9443302155,5195800
2016-12-05,23.0079315192,23.2861894549,22.9522802354,23.0715332031,3953100
2016-12-06,23.3020870389,23.5405944734,23.2146356776,23.4610919952,4336200
2016-12-07,23.4372415781,23.8029523834,23.2543869337,23.7950019836,3911600
2016-12-08,24.0653066337,24.0653066337,23.739347866,23.8824520111,4094600
2016-12-09,24.10505789,24.3515141944,23.8188495905,23.9460544586,4387400
2016-12-12,23.8267980466,23.8267980466,23.5564905672,23.7711467743,3428000
2016-12-13,23.8983543566,24.3594669298,23.8745046736,24.1368618011,5857700
2016-12-14,24.0573591089,24.1607112725,23.7314003022,23.7473011017,6108400
2016-12-15,23.9778594971,24.0812131894,23.8745073211,23.9778594971,5073300
2016-12-16,23.8904046953,23.9142558954,23.365690424,23.4372425079,6662100
2016-12-19,23.4451946393,23.4849466424,23.1907878849,23.2702903748,6157000
2016-12-20,23.3338874727,23.5008413038,23.1669321252,23.3020858765,5570800
2016-12-21,23.2384851377,23.2782371346,22.9840784231,23.1669330597,6267500
2016-12-22,23.0476839198,23.0556343205,22.658123384,22.8489284515,7455900
2016-12-23,22.8807317361,23.158988199,22.8091796409,23.0953865051,4853500
2016-12-27,23.0556293624,23.23848399,23.0556293624,23.1351318359,3083000
2016-12-28,23.2623359582,23.3100368374,23.0874317239,23.1510334015,3663300
2016-12-29,23.0476787711,23.18283252,22.9045746233,23.1589813232,5323900
2016-12-30,23.2146348467,23.2384845279,22.7535223095,22.8568744659,4862800
2017-01-03,23.2543849985,23.4610908249,23.1033304491,23.3020858765,6280300
2017-01-04,23.3656900375,23.4213413204,23.2146369884,23.2941379547,4391800
2017-01-05,23.4769918646,23.7790994501,23.4690414655,23.6916465759,4775700
2017-01-06,23.6439466368,23.7313995144,23.4213400011,23.5564937592,4878700
2017-01-09,23.683696591,23.9619529661,23.6280437996,23.8824520111,8371700
2017-01-10,23.882457535,24.0891618853,23.7711534429,23.9063072205,7582000
2017-01-11,23.6757512893,24.0096605276,23.6280488864,23.9858093262,7467300
2017-01-12,23.3100416266,23.739354176,23.039734062,23.2861919403,13032200
2017-01-13,23.4531383432,23.5723912858,23.2305317385,23.4054374695,9811100
2017-01-17,23.5405935309,23.5723936111,23.4213390602,23.5485439301,7679800
2017-01-18,23.4928951309,23.5962488209,23.4054437583,23.4451942444,7692800
2017-01-19,23.4451911995,23.6041961559,23.3656887213,23.5564937592,8493200
2017-01-20,23.5485482913,24.0573617993,23.5087962882,23.9063072205,7399400
2017-01-23,24.0971115131,24.2402156868,24.017609026,24.1130123138,6959800
2017-01-24,24.272013688,24.5661708756,24.2561128897,24.5025691986,7213600
2017-01-25,24.7251760629,24.9080306966,24.5979727077,24.8921298981,8025800
2017-01-26,24.8523748058,25.0034293308,24.6536194106,24.7331218719,8308700
2017-01-27,24.7808273385,24.9239314922,24.645673584,24.8444290161,5982200
2017-01-30,24.7013305596,24.8046842573,24.5979783782,24.7967338562,7253100
2017-01-31,24.6774713182,24.7728730615,24.4310135292,24.5741176605,6263100
2017-02-01,24.8364814766,24.8921327614,24.5184730518,24.7092781067,5036900
2017-02-02,24.4151208923,24.5582250714,24.343570319,24.4707736969,5794800
2017-02-03,24.6138681445,24.7092714042,24.4866648091,24.6218185425,5249100
2017-02-06,24.6059257506,24.6059257506,24.4071702971,24.5423240662,3523700
2017-02-07,24.5741208622,24.6218217401,24.2481620834,24.2640628815,6209500
2017-02-08,24.3992206611,24.4071710615,24.0812122288,24.1130123138,7776600
2017-02-09,24.1130119289,24.2481657,23.985808558,24.0176086426,8547000
2017-02-10,24.2004644339,24.4946216558,24.1289123493,24.4151191711,6749400
2017-02-13,24.5979760988,25.2816938485,24.5979760988,25.1942424774,10203800
2017-02-14,25.0193397714,25.0193397714,24.7331329057,24.9080371857,5208600
2017-02-15,25.0431841152,25.281690024,25.0431841152,25.2419395447,4577200
2017-02-16,25.2180912108,25.8302598834,25.1465391267,25.695104599,13197100
2017-02-17,25.5201976973,25.742805856,25.4565975325,25.7110042572,7518200
2017-02-21,25.7507537917,25.814356987,25.5758480377,25.7030544281,5475400
2017-02-22,25.5997011046,25.5997011046,25.3691440679,25.4963474274,5296200
2017-02-23,25.559949445,25.559949445,25.2260387464,25.2419395447,5291200
2017-02-24,25.130641729,25.3770980835,25.0193376364,25.3770980835,3687100
2017-02-27,25.297593113,25.297593113,25.0272855831,25.0670375824,5841900
2017-02-28,25.1147399882,25.186292075,24.9636854144,25.0193367004,6040800
2017-03-01,24.9795795742,25.1226837097,24.8523762353,25.1067829132,4910300
2017-03-02,24.796730804,24.8364812882,24.4787223817,24.5423240662,8561100
2017-03-03,24.5423252089,24.5820756949,24.2799680587,24.526424408,6120700
2017-03-06,24.4866724056,24.5979764959,24.4151203177,24.526424408,5467400
2017-03-07,24.653623986,24.963681975,24.6138719898,24.8921298981,7014000
2017-03-08,25.0193311294,25.0590831223,24.8046764333,24.8205757141,4528500
2017-03-09,24.5582182093,24.6933719501,24.4230644686,24.6297702789,6120700
2017-03-10,24.5423272832,24.7092811581,24.5025752774,24.6933803558,5655300
2017-03-13,24.860329648,25.0988355584,24.8364784504,25.0431842804,3965700
2017-03-14,24.9477796312,25.0193317036,24.8046770026,24.812625885,5967200
2017-03-15,24.9477823577,25.4645462025,24.9159822756,25.3691444397,4571400
2017-03-16,25.6394478129,25.8143535436,25.5996973375,25.7666511536,6489000
2017-03-17,25.9177122206,26.0449156008,25.7905088404,25.9097633362,6199800
2017-03-20,26.0767141319,26.3231719788,26.0051620494,26.1164646149,5126700
2017-03-21,26.4265238984,26.6570778974,25.7905040819,25.8223056793,9159900
2017-03-22,25.8938560594,26.1164611609,25.8223039864,25.9892578125,6713500
2017-03-23,25.8143598553,25.9654129116,25.7348558525,25.8859119415,5909900
2017-03-24,26.0210621013,26.3152193063,25.9256603383,26.0846652985,5899900
2017-03-27,26.116467645,26.4424264957,26.0608163558,26.3708744049,5661500
2017-03-28,26.5219289675,26.5775802535,26.3390743089,26.5139770508,4527000
2017-03-29,26.1959697702,26.2118705706,26.0528655989,26.1800689697,4083900
2017-03-30,26.1085176379,26.3549755028,26.0608152352,26.2913722992,3890600
2017-03-31,25.9972103251,26.1880138357,25.8938566544,26.1085128784,4853500
2017-04-03,26.188016321,26.2357187196,26.0051616757,26.1482658386,4283100
2017-04-04,26.0767139524,26.1959684333,26.0528642693,26.1244163513,3756600
2017-04-05,26.2834228542,26.4980791128,26.1323667652,26.1562194824,5112900
2017-04-06,26.140317151,26.1880165171,26.0210626701,26.1244163513,3990800
2017-04-07,26.1244172967,26.2675214659,26.0528652121,26.1323661804,3366300
2017-04-10,26.1323632942,26.1323632942,25.7746029108,25.8541069031,4937100
2017-04-11,25.9892649081,25.9892649081,25.424800085,25.7587108612,6293800
2017-04-12,25.8143575434,25.949509787,25.4565971445,25.6633014679,6136500
2017-04-13,25.5201967101,25.7984561395,25.2975915928,25.3055419922,8781700
2017-04-17,25.4724981196,25.4963478021,25.2578418788,25.4645462036,6918900
2017-04-18,25.2498876658,25.3293901337,25.1465340026,25.2737388611,5468600
2017-04-19,25.3770963677,25.400947568,25.035236745,25.1306400299,4739200
2017-04-20,25.2578380642,25.3373405321,25.154484401,25.2737388611,4237700
2017-04-21,25.5122480469,25.5519985278,25.4009454873,25.5042991638,4530400
2017-04-24,25.9018058962,26.0767085907,25.8302538289,25.9972076416,5717000
2017-04-25,26.0449144343,26.3788251878,26.0369655502,26.2913722992,5614300
2017-04-26,26.2834163486,26.3231668238,26.0926098218,26.2357139587,6027700
2017-04-27,26.3231675949,26.4742206182,26.2436636094,26.2516155243,5625600
2017-04-28,26.3549755028,26.4344764746,26.2675226142,26.2913722992,5250500
2017-05-01,26.3629177588,26.561673171,26.3470169619,26.5537242889,4015100
2017-05-02,26.6888854667,27.0227962483,26.6888854667,26.9750938416,5989300
2017-05-03,26.9353384215,27.261297226,26.9035368228,27.261297226,6660700
2017-05-04,27.1817964614,27.1817964614,27.0068937135,27.1420459747,5697300
2017-05-05,27.1579388072,27.3805438935,27.0545851459,27.3646430969,5249800
2017-05-08,27.5872645722,27.905271559,27.5316132736,27.8098697662,6906900
2017-05-09,27.929118712,28.191474348,27.929118712,28.1517238617,7297900
2017-05-10,28.0404212869,28.3266296409,27.8893682257,28.1517238617,9936700
2017-05-11,28.3186802096,28.4617843992,28.1199247278,28.270980835,6648900
2017-05-12,28.2232705869,28.239171385,28.0245151603,28.1199169159,4905000
2017-05-15,28.1119762818,28.1358259695,27.7303661146,27.8734703064,9784700
2017-05-16,27.8337123895,27.8496131897,27.6667585363,27.8496131897,6046200
2017-05-17,27.666752166,27.6747040807,27.3407934185,27.3646430969,8128100
2017-05-18,27.3805455051,27.8178098543,27.3566958253,27.746257782,8303700
2017-05-19,27.8893642463,28.0086156883,27.7780586546,27.9847660065,7283300
2017-05-22,28.1358202091,28.2312219732,28.0324665289,28.1437721252,5914200
2017-05-23,28.1358202091,28.2153242065,28.0642681279,28.1437721252,6612800
2017-05-24,28.1596736957,28.2948289932,28.096073522,28.2391777039,7812500
2017-05-25,28.3504732004,28.4538268687,28.2153209695,28.2789211273,4514900
2017-05-26,28.2630218424,28.2868745565,28.0881191244,28.2312202454,3109800
2017-05-30,28.3663780158,28.4697316988,28.2073730495,28.4458789825,4219300
2017-05-31,28.0801712073,28.1119728088,27.9052654316,28.1119728088,7663100
2017-06-01,28.3822721807,28.5571748732,28.2471169295,28.5333251953,6016100
2017-06-02,28.5492235947,28.8036302467,28.5015212101,28.763879776,5779200
2017-06-05,29.0659948063,29.1534446469,28.8592874634,28.9308395386,4819600
2017-06-06,28.9228902839,29.0818952304,28.8115877312,28.9626407623,5028000
2017-06-07,29.0898439191,29.1852456732,28.9228900911,28.9864902496,6537700
2017-06-08,29.2170536095,29.3363081026,29.0500997453,29.2806568146,7593900
2017-06-09,29.0819025627,29.1773043415,27.9847714913,28.4538345337,12040100
2017-06-12,28.4538305143,28.4538305143,27.8337114575,28.0165691376,11057000
2017-06-13,28.1914768225,28.2948305223,28.0245229456,28.270980835,4969400
2017-06-14,28.1994308188,28.4379368081,28.1199268005,28.3425350189,7016400
2017-06-15,27.9132177148,28.1994260668,27.8337137099,28.175573349,4623300
2017-06-16,28.5174293518,28.5810325476,28.3981779088,28.5174293518,7432400
2017-06-19,28.7241329234,28.906987538,28.6764305328,28.787733078,4523700
2017-06-20,29.0342001301,29.2091059185,28.7161901572,28.7241420746,4987400
2017-06-21,28.7877327875,29.2408948786,28.7877327875,29.1852436066,6329400
2017-06-22,29.1931955213,29.3521974227,29.1216434526,29.1852436066,6273400
2017-06-23,29.1932039173,29.2409032883,29.0500997386,29.2011528015,5558600
2017-06-26,29.9145344272,29.980209993,29.4876526439,29.6600494385,10127200
2017-06-27,29.3809364781,29.3809364781,28.7077775418,28.8062877655,8081100
2017-06-28,28.9540533639,29.0525635832,28.5271715718,29.0197257996,8306200
2017-06-29,28.9212070619,28.9212070619,28.3465585444,28.5764198303,7332200
2017-06-30,28.6010499636,28.8062813775,28.4861208729,28.6995601654,5177500
2017-07-03,28.7652400588,28.8719581553,28.5928463967,28.6338920593,4470600
2017-07-05,28.7980772327,28.7980772327,28.4286600135,28.5846347809,9222200
2017-07-06,28.321937561,28.4368666617,28.1659628004,28.321937561,6493700
2017-07-07,28.3629800704,28.4614902698,28.3055155265,28.4286556244,7937800
2017-07-10,28.4122403567,28.8637488873,28.3629836849,28.7324008942,7779700
2017-07-11,29.0853972356,29.0853972356,28.7734445989,29.0443515778,9300800
2017-07-12,29.2660011079,29.3891380783,29.142861006,29.2988357544,9211200
2017-07-13,29.1100271089,29.6846757753,29.1100271089,29.6764678955,9943900
2017-07-14,29.6600480607,29.8406495952,29.5369079462,29.7585582733,7196600
2017-07-17,29.5779547201,29.6025846229,29.2577941684,29.4794445038,4649800
2017-07-18,29.4548186014,29.5861666042,29.3234705986,29.4466075897,6185300
2017-07-19,29.6025812855,29.8981119012,29.6025812855,29.8899040222,7033800
2017-07-20,29.8898983499,29.8898983499,29.6189945541,29.6354103088,6996600
2017-07-21,29.6025916889,29.6025916889,29.3070578378,29.4301948547,5023500
2017-07-24,29.6436358637,29.7339382172,29.5615413917,29.7339382172,6842100
2017-07-25,29.5615268861,29.7585503907,29.5286922449,29.6354103088,5276300
2017-07-26,29.6354248507,29.758564993,29.5040768271,29.7339382172,4342200
2017-07-27,29.9966312953,30.0540958543,29.5204927994,29.7010974884,7243100
2017-07-28,29.5943788812,29.6107977754,29.3070560609,29.4384040833,3678400
2017-07-31,29.5779494679,29.881694206,29.4301826039,29.5204849243,7757600
2017-08-01,29.5122822405,29.5451200231,29.3152586766,29.4219799042,5437300
2017-08-02,29.8816991663,29.9391637194,29.4383985006,29.61079216,6064600
2017-08-03,29.6436374524,29.6436374524,29.2660122556,29.380941391,3919800
2017-08-04,29.4958620175,29.6190021308,29.3563030136,29.5779533386,4071400
2017-08-07,29.7667638719,30.2264833815,29.7667638719,30.2018566132,4860200
2017-08-08,30.1361833434,30.3414147796,30.0787187918,30.1279754639,3301200
2017-08-09,29.7175222239,29.9391726227,29.5779631736,29.9309616089,3153700
2017-08-10,29.553331335,29.577958109,29.0115203857,29.0115203857,5605400
2017-08-11,29.1592836602,29.7175134331,29.0854002158,29.6682567596,4291100
2017-08-14,29.5779471865,29.6354117257,29.4301803338,29.5943660736,3875600
2017-08-15,29.7092912342,29.9555713772,29.6271999409,29.898103714,3820400
2017-08-16,29.7175084281,29.9145288256,29.668251763,29.8324375153,3232000
2017-08-17,29.7996122603,29.8324500508,29.3645224957,29.380941391,3324000
2017-08-18,29.5533332114,29.635424551,29.2331726026,29.4384040833,3692800
2017-08-21,29.4794483568,29.5615396925,29.2495901114,29.5369129181,3588100
2017-08-22,29.9391636886,30.1033463365,29.8324424622,29.9802093506,3202300
2017-08-23,29.9391604887,30.0458785721,29.8570660419,30.0294628143,2956400
2017-08-24,30.193652358,30.3167924906,30.0294696901,30.2347011566,4544500
2017-08-25,30.3167932805,30.4235145227,30.1690263702,30.2511177063,2975200
2017-08-28,30.0376750766,30.267533298,30.0212561849,30.1854419708,2199900
2017-08-29,29.9802078155,30.3496250176,29.9637889252,30.2757415771,2997700
2017-08-30,30.2757382497,30.4399240027,30.2100626958,30.316783905,2838900
2017-08-31,30.33320765,30.3578344209,30.1279762087,30.3496265411,4288600
2017-09-01,30.3742620683,30.5712856866,30.3003786028,30.5548667908,4100000
2017-09-05,30.579489314,30.7026294498,30.086935034,30.2511177063,7123000
2017-09-06,30.4235097389,30.6779947198,30.374253066,30.5959033966,4187700
2017-09-07,30.5712735825,30.8175506592,30.5220169145,30.8175506592,3597500
2017-09-08,30.8421744718,30.9324767886,30.6615698381,30.7847099304,5581800
2017-09-11,30.6944027977,31.0966576556,30.6615650274,31.0638198853,6920100
2017-09-12,31.0720349614,31.145918396,30.9078523348,31.0802459717,3524500
2017-09-13,30.9242724455,31.0227857932,30.776508687,30.809343338,4983400
2017-09-14,30.7847170353,30.9735295907,30.6779958061,30.6862068176,5799000
2017-09-15,30.8011423654,30.9242793803,30.7026321271,30.9078636169,7245600
2017-09-18,31.0884559088,31.2936873372,31.0556212602,31.2526416779,6179600
2017-09-19,31.3429456271,31.5481770662,31.3018999656,31.4414558411,6559400
2017-09-20,31.4907096777,31.5153364461,30.7354564215,31.0474090576,7961100
2017-09-21,31.0227813899,31.4660819972,30.9242680562,31.3921985626,8458000
2017-09-22,30.9489021763,31.0556234033,30.8585998405,31.0063667297,4529900
2017-09-25,30.7847268144,30.7847268144,30.2593346445,30.431728363,5895000
2017-09-26,30.448133953,30.6369464859,30.316785968,30.4891796112,5995400
2017-09-27,30.6123208126,30.6697853624,30.3824594818,30.5794830322,4802700
2017-09-28,30.3414131163,30.4563422132,30.2018572505,30.4152965546,7618700
2017-09-29,30.5876963573,30.8668112767,30.5876963573,30.8257656097,3818500
2017-10-02,31.0556256483,31.3429484362,31.0063689712,31.301902771,5096200
2017-10-03,31.4907011877,31.5810034895,31.400398886,31.5563735962,3727100
2017-10-04,31.4004054524,31.4742888846,31.3018952533,31.4168243408,2717200
2017-10-05,31.7369911904,31.8929659645,31.5153408494,31.5728054047,4456400
2017-10-06,31.5317597411,31.5892242964,31.3675739554,31.5728054047,3086100
2017-10-09,31.6877229887,31.8601197234,31.6056316915,31.8272819519,1963500
2017-10-10,32.106407072,32.1474527338,31.8683378493,31.9914779663,4112000
2017-10-11,32.6728505078,33.1571969188,32.5743402757,33.1243591309,9015400
2017-10-12,33.2392871683,33.3788430517,33.0997281532,33.1982383728,5524100
2017-10-13,33.4116826462,33.5430306566,33.3542180873,33.5101928711,3913100
2017-10-16,33.5594457763,33.5922804266,33.3706332283,33.567653656,2707000
2017-10-17,33.5184023599,33.8631896973,33.2803331231,33.8631896973,7582200
2017-10-18,33.9863214725,34.2490174169,33.6004854341,34.0684127808,6653200
2017-10-19,33.6743741088,33.8960244335,33.2474923497,33.7154197693,5710500
2017-10-20,33.674378395,33.7564697266,33.5184036125,33.7564697266,5251600
2017-10-23,33.9617007911,34.0520031336,33.7482614526,33.8303527832,5092400
2017-10-24,33.8713900025,33.9699033325,33.6333239506,33.9206466675,4251600
2017-10-25,33.9042319267,33.9945342578,33.4116777428,33.7893028259,3360000
2017-10-26,33.8057246629,33.9370726655,33.7154223239,33.8221435547,3651500
2017-10-27,34.0519984042,34.6266470331,34.0027417338,34.6020202637,4822800
2017-10-30,34.7744143483,35.0206914405,34.5445561465,34.5856018066,5200800
2017-10-31,34.6266462693,34.9057611326,34.5609707102,34.749786377,3704500
2017-11-01,34.8729229455,34.8893418351,34.3639498944,34.5609703064,4235700
2017-11-02,34.5527635932,34.6759037035,34.4378344938,34.6020202637,3255800
2017-11-03,34.396783507,34.6676873236,34.1422954465,34.6348495483,6140900
2017-11-06,34.634862697,34.8729319603,34.5445634783,34.8318862915,5650500
2017-11-07,35.0042660626,35.0617306024,34.6923134668,34.8975448608,2761600
2017-11-08,34.8236752788,34.9221886418,34.6512815909,34.8318862915,2378400
2017-11-09,34.5938086465,34.6594842059,33.8960230511,34.1833457947,4680100
2017-11-10,34.3064956319,34.3311224079,34.1423098183,34.2490310669,5333900
2017-11-13,34.2490249653,34.4870910645,34.0766281694,34.4870910645,2222000
2017-11-14,34.2982732657,34.3885755899,34.0766229605,34.363948822,2799400
2017-11-15,33.9781172058,34.1915596602,33.8878148698,34.1012573242,3417300
2017-11-16,34.2736475674,34.6759025336,34.2736475674,34.5609703064,3304500
2017-11-17,34.675905443,34.8236691986,34.4542551123,34.5363464355,3702000
2017-11-20,34.5363427272,34.7087363665,34.4460404023,34.6512718201,4455300
2017-11-21,34.9878555554,35.1930869986,34.9303910019,34.9550209045,3668500
2017-11-22,34.9632232566,35.0863633557,34.7169461901,34.8154563904,2768600
2017-11-24,35.0288925807,35.3162184093,34.9796390507,35.2915916443,1499700
2017-11-27,34.2079812563,34.2161922691,33.7072190805,33.7318458557,8188400
2017-11-28,33.6825895389,33.8385674682,33.5019879658,33.6004981995,4864800
2017-11-29,33.5594379743,33.5840647391,32.2131205487,32.3526763916,11796100
2017-11-30,32.5086593628,32.6235916016,32.1556610298,32.5086593628,9357100
2017-12-01,32.7959754001,32.8288131727,32.0160955239,32.5907440186,7192200
2017-12-04,32.8780764466,32.9437520114,32.2623821194,32.336265564,7109000
2017-12-05,32.1802940369,32.4429900591,31.958643681,32.1802940369,4504000
2017-12-06,31.9832666411,32.0899878661,31.6220604366,31.753408432,8622000
2017-12-07,31.8108793342,32.0407375892,31.6959502067,32.0243186951,11285400
2017-12-08,32.3280429199,32.4675987338,31.9750447496,32.0160903931,5071600
2017-12-11,32.1720764186,32.4922400658,32.1638685397,32.3198432922,5272500
2017-12-12,32.1966986526,32.3280466055,32.0817695853,32.2623710632,5488100
2017-12-13,32.4019286669,32.4183475518,32.1966973035,32.2541618347,4227100
2017-12-14,32.426573761,32.5497139014,32.2788068453,32.3444824219,4737600
2017-12-15,32.3444757554,32.5250772906,32.2213356404,32.4265670776,7156400
2017-12-18,32.3280635277,32.4019469856,32.180296612,32.3444824219,5746900
2017-12-19,32.1885019982,32.3526877954,32.114618546,32.2952232361,4454900
2017-12-20,32.3280505461,32.5168630556,32.1556537925,32.3773040771,6330100
2017-12-21,32.4758249177,32.5579162429,32.1802911365,32.2049179077,3563100
2017-12-22,32.5086571473,32.5332870483,32.2623800585,32.5332870483,2523600
2017-12-26,32.270583664,32.270583664,31.8601208996,31.9750499725,2861500
2017-12-27,32.0161001106,32.1064024325,31.9175899102,32.0817756653,3092900
2017-12-28,32.4347691034,32.7467217085,32.3444699178,32.6235847473,4279500
2017-12-29,32.7138881414,33.0176329074,32.5497055054,32.5497055054,3870900
2018-01-02,33.2556997531,33.6990003964,33.1818163126,33.6743736267,4984000
2018-01-03,34.1423039903,34.3229086676,34.0191638682,34.240814209,6963200
2018-01-04,34.4131986691,34.4788742184,34.0273657776,34.0602035522,4876600
2018-01-05,34.388578924,34.9468086806,34.3064876022,34.8565063477,5330800
2018-01-08,34.8072494293,34.8729218541,34.6348526598,34.8400840759,3538200
2018-01-09,34.8811437413,34.8893516227,34.5856099089,34.6266555786,5729900
2018-01-10,33.9452776853,34.0273721373,33.4280967301,33.9042320251,7102700
2018-01-11,33.8385607535,33.9863276405,33.616910423,33.6825828552,5701800
2018-01-12,33.6908049304,33.9042443197,33.4609435131,33.8139419556,5028000
2018-01-16,34.4870970141,34.7662119562,34.322914333,34.6677017212,9081600
2018-01-17,35.0206923683,35.5214575768,34.8893443736,35.4065284729,7117700
2018-01-18,36.0058121586,36.8185270839,35.7102783197,36.5886688232,11866200
2018-01-19,36.999128896,37.3849650589,36.5968769714,36.6707572937,6543700
2018-01-22,37.7625902896,38.0909618926,37.7133336097,38.0745429993,8335800
2018-01-23,38.1566250315,38.2305084676,37.8118377508,37.99243927,5659600
2018-01-24,37.4670551991,37.4916819724,37.1468946194,37.2125701904,7400600
2018-01-25,37.524503918,37.5819684526,36.9744853352,37.0237388611,7655700
2018-01-26,37.3521216208,37.5491451786,36.9662855162,37.5327262878,7057300
2018-01-29,37.3274840666,37.5080855499,37.1058338024,37.2700195312,11604400
2018-01-30,36.5886667534,36.9662919121,36.4491108549,36.8431549072,10224600
2018-01-31,37.2946543099,37.598395938,37.0401662188,37.196144104,6333300
2018-02-01,37.2125554878,37.7051095494,37.1879255927,37.3110656738,6706500
2018-02-02,36.9498571483,37.2043451929,36.4901408505,36.5393943787,12051800
2018-02-05,36.1617755393,36.7856808092,35.1438294509,35.2587585449,11748300
2018-02-06,34.7005312628,35.8744553167,34.5609722592,35.7841529846,13414100
2018-02-07,35.2915991722,35.2915991722,34.3803710938,34.3803710938,15239500
2018-02-08,34.569196581,34.5774044637,33.1325759888,33.1325759888,11356000
2018-02-09,33.4445210351,34.2161902189,32.8041967325,34.0437965393,10588400
2018-02-12,34.5035156143,35.1274210708,34.4460510501,34.9139785767,6573300
2018-02-13,34.922176679,35.0206868767,34.3803658942,34.7908287048,5831900
2018-02-14,34.6184428092,35.3736962462,34.4132113395,35.3408584595,6860100
2018-02-15,35.7266921997,35.9155047632,35.0945789401,35.7266921997,6116500
2018-02-16,35.5871302459,36.0878954578,35.5542955957,35.6938514709,4792100
2018-02-20,35.365484334,36.2520825537,35.299808768,35.9072952271,9291700
2018-02-21,35.8416163458,35.9729643341,35.1930842839,35.2095031738,6612600
2018-02-22,35.0289037939,35.0863714833,34.6266518894,34.7990455627,7984000
2018-02-23,35.6199614423,36.0386352539,35.3901032754,36.0386352539,7204900
2018-02-26,36.2110326425,36.4573097229,35.9565445516,36.4573097229,3897600
2018-02-27,36.1617751442,36.3670065617,35.8005689767,35.8087768555,5999100
2018-02-28,35.8498236579,36.0468472029,35.537874148,35.5871276855,6400100
2018-03-01,35.5871349581,35.7595317696,34.7333744394,35.0699539185,7792400
2018-03-02,34.7990370856,35.3408478782,34.6020166874,35.3080101013,4819600
2018-03-05,35.3408476048,35.9237040482,35.1930807414,35.7020568848,5977200
2018-03-06,36.399850681,36.4491073571,35.6528083162,35.7431106567,8632000
2018-03-07,35.5542925651,36.3505883505,35.4475713491,36.2849159241,4482900
2018-03-08,36.3670019369,36.4408853631,35.7841455368,35.9565391541,7092400
2018-03-09,36.1617714533,36.6132798995,35.7266818946,36.6050720215,8336200
2018-03-12,36.7692665253,37.228982959,36.7364287424,37.1222648621,5176100
2018-03-13,37.3521118067,37.5573431902,36.8677656162,36.9334411621,5842300
2018-03-14,37.2946508023,37.3110696903,36.8020966878,37.0647926331,4300500
2018-03-15,37.0237473293,37.4752589636,36.8513536861,37.196144104,3942200
2018-03-16,36.9416571038,37.3685388505,36.8841925544,36.9170303345,8125600
2018-03-19,36.7117984037,36.8349353801,36.2767056521,36.6132850647,5116500
2018-03-20,36.6953761123,36.8677697422,36.5476092491,36.8020973206,6404200
2018-03-21,36.5886523344,36.8185104915,36.325956403,36.6953735352,7036400
2018-03-22,36.2028208551,36.4244711621,35.8662414551,35.8662414551,6318500
2018-03-23,35.8169923396,35.8744568931,34.9550209045,34.9550209045,5923500
2018-03-26,35.9647630095,36.3505960338,35.4475788415,36.3423881531,5395200
2018-03-27,36.7117962502,36.8103064519,35.4065243351,35.5378723145,6995000
2018-03-28,35.2833916596,35.4393664393,34.8400909615,35.0453224182,8563100
2018-03-29,35.2998039214,36.055054037,35.2669661429,35.9237060547,7758900
2018-04-02,35.5789248851,35.7841563385,34.8236715082,34.8893470764,6361200
2018-04-03,36.3423835693,36.350591449,35.3244342547,35.6938514709,6174500
2018-04-04,34.7826264964,36.0714797974,34.766207604,36.0714797974,5497100
2018-04-05,36.145360355,36.309546134,35.4147369268,35.5625038147,6115100
2018-04-06,35.2013015214,35.4393676392,34.6923252368,34.8236732483,5133100
2018-04-09,35.3736919932,36.1535721107,35.2259251022,35.3572731018,6696400
2018-04-10,36.0140098307,36.3013357067,35.3244321127,35.7759437561,5682300
2018-04-11,35.5050417669,35.9483424619,35.5050417669,35.6117630005,4788000
2018-04-12,35.5707029829,35.9975814819,35.3408417163,35.9975814819,7574700
2018-04-13,35.8662342057,35.9072829863,34.9385906393,35.0124740601,5749900
2018-04-16,35.1438426059,35.3080252979,35.0371213508,35.1930961609,5206900
2018-04-17,34.5527594667,34.7744097599,34.2900635189,34.7333641052,9831100
2018-04-18,34.5609749022,34.6923229049,33.8303514418,34.4132080078,8947400
2018-04-19,32.7795663246,32.902706443,32.1064074421,32.4511947632,27527000
2018-04-20,32.3198371915,32.4593961598,31.8683287769,31.9750499725,15313300
2018-04-23,31.9832628534,32.081776187,31.6302645702,31.8108692169,11178300
2018-04-24,32.0489384091,32.1884942677,31.4414520449,31.8108692169,13004000
2018-04-25,31.490708024,31.5974292339,31.2115931814,31.3347301483,12359200
2018-04-26,31.2608498471,31.6548937782,31.2608498471,31.3347301483,7685800
2018-04-27,31.8026606438,31.8026606438,31.1869664143,31.3347301483,8276100
2018-04-30,31.7616108476,31.8847509422,31.5071259117,31.5645904541,7968000
2018-05-01,31.4742909571,31.9668451165,31.408615399,31.9586372375,5507000
2018-05-02,31.6877339348,31.6877339348,30.9078569471,30.9899482727,11522200
2018-05-03,30.8257645935,31.3511566288,30.620533134,31.2772731781,7021400
2018-05-04,31.1951752927,31.7369861067,31.1459186254,31.6795215607,9474000
2018-05-07,31.5645904541,31.7287762031,31.3921968269,31.5645904541,4590100
2018-05-08,31.9996859856,32.3280575447,31.9668482034,32.1638717651,8116600
2018-05-09,32.3198437249,32.3937271627,32.1474500806,32.3034248352,5861400
2018-05-10,32.4840266818,32.7303037426,32.3773054739,32.6482124329,7957900
2018-05-11,32.8698743217,32.9848034486,32.5415027038,32.7631530762,4184400
2018-05-14,32.9437415737,33.2885287845,32.7385101963,32.7959747314,5014000
2018-05-15,32.3116277199,32.344465491,31.983256272,32.2623710632,5622800
2018-05-16,32.3444779565,32.6974763031,32.2459646052,32.6646385193,7671500
2018-05-17,32.0735653396,32.2131243304,31.7451938224,31.9832630157,7964200
2018-05-18,31.581003918,31.6466763274,31.4250260741,31.5399551392,7783900
2018-05-21,32.2952181709,32.5907519332,32.1146135092,32.4019393921,7902200
2018-05-22,32.401936604,32.664632563,32.3855177151,32.5414924622,5752000
2018-05-23,32.1310316415,32.5497055054,32.0899859825,32.5497055054,4815400
2018-05-24,32.3198423204,32.3855178762,31.8354960562,32.2377510071,7930800
2018-05-25,32.0981853393,32.4183489102,31.9586295094,32.2623710632,5403000
2018-05-29,31.5974336438,31.654898196,31.219805417,31.3265266418,7198200
2018-05-30,31.4414549742,31.5235494265,31.2526424312,31.4742927551,8413400
2018-05-31,31.4660739062,31.9011633913,31.4332361367,31.7698154449,8129400
2018-06-01,32.0079003595,32.1802940369,31.8519224433,32.1802940369,5970000
2018-06-04,32.7138836771,32.8370237689,32.5661168196,32.8123970032,8927200
2018-06-05,32.5907519827,32.7220999738,32.344474891,32.4594039917,6345900
2018-06-06,32.7138846837,32.7795602364,32.475818634,32.475818634,9829700
2018-06-07,32.4758271343,32.7877766966,32.3937326719,32.4429893494,8216900
2018-06-08,32.1474497697,32.1474497697,31.6220578312,31.9586372375,8081300
2018-06-11,32.0161154235,32.1392555816,31.8190917969,31.8190917969,4511600
2018-06-12,32.1228294777,32.311642048,31.9996893473,32.1802940369,6582600
2018-06-13,32.6153815878,32.7467295902,32.0571517944,32.0571517944,9616600
2018-06-14,32.0407271624,32.07356494,31.6877288818,31.6877288818,7636000
2018-06-15,31.86833889,31.9668491078,31.6466885511,31.7616176605,11235700
2018-06-18,31.4496663705,31.4907120314,31.0638302688,31.4004096985,8921400
2018-06-19,30.9489020372,31.1705523701,30.6615761399,30.8339729309,9848900
2018-06-20,31.474292197,31.6795236268,31.2033852065,31.4825000763,8668600
2018-06-21,31.0884539958,31.2033830876,30.825758034,30.88322258,9246700
2018-06-22,31.4168221875,31.4496599621,31.1705451409,31.2936820984,10338500
2018-06-25,30.889473795,31.1107225372,30.6767363677,31.0681724548,10528100
2018-06-26,30.9150288124,31.2298795436,30.7278186904,31.0256500244,8817000
2018-06-27,30.8469361512,30.906502389,30.2172317505,30.2172317505,8798100
2018-06-28,30.2087301537,30.583147049,30.0810863335,30.583147049,7199000
2018-06-29,31.1022293417,31.2894394256,31.0086242998,31.1107406616,8088200
2018-07-02,30.8129024827,31.1192450394,30.6682425231,31.0937175751,7365500
2018-07-03,30.9660797119,31.1532898095,30.9320409221,30.9660797119,6512600
2018-07-05,30.9745873454,31.1447747817,30.8384354487,31.1362667084,9230900
2018-07-06,31.3319785457,31.7829810041,31.2809203774,31.7149066925,7251600
2018-07-09,32.2254837532,32.3616356579,31.9701993378,32.1914482117,7124100
2018-07-10,31.8851025662,32.2935582411,31.8851025662,32.2765388489,7211500
2018-07-11,31.7659677899,31.7829839347,31.4000589987,31.4596252441,7316200
2018-07-12,31.7659684423,31.9872140375,31.6553440216,31.7489490509,5275300
2018-07-13,31.9446703381,32.1659159553,31.893612159,32.1403884888,4947500
2018-07-16,32.2339838464,32.2424919173,32.0382657546,32.1573982239,5399200
2018-07-17,31.9106262782,32.4382143904,31.7829824746,32.3701400757,6238500
2018-07-18,32.3701355548,32.736044278,32.2339836982,32.6849861145,10532200
2018-07-19,33.5614736138,34.3698769264,32.8636947325,33.8763275146,17762300
2018-07-20,34.0294974762,34.7613118687,33.9018536569,34.659198761,14481000
2018-07-23,34.7357874945,34.8719393989,34.5741081223,34.6677131653,6832800
2018-07-24,34.9740468217,35.0676518494,34.3613649744,34.3698730469,7018300
2018-07-25,34.4890103464,34.8038642556,34.3018035109,34.7953529358,7725700
2018-07-26,34.6336657173,34.8378918999,34.412416899,34.7357788086,8476600
2018-07-27,34.8378872138,35.6718177138,34.8378872138,35.2718734741,9468500
2018-07-30,35.2718805653,35.3314468097,34.795347364,34.9655380249,5174300
2018-07-31,35.1102005128,35.3825075375,34.9655405505,35.067653656,4908300
2018-08-01,35.2633690118,35.5101453061,35.1612559144,35.4931259155,6115000
2018-08-02,34.9740549128,35.4420801598,34.888961184,35.3569831848,4669300
2018-08-03,35.4335578851,35.6973535567,35.3654835723,35.4761047363,4575200
2018-08-06,35.059133603,35.246340358,34.888942988,34.9485092163,7245800
2018-08-07,34.9485222121,35.101693498,34.7528040682,35.0931854248,7494900
2018-08-08,35.3654927074,35.8335146844,35.2718876627,35.7143821716,5089600
2018-08-09,35.6888496712,35.6973609909,35.4676040509,35.6037559509,4513300
2018-08-10,35.1442390369,35.1442390369,34.7102559073,34.9144821167,7053200
2018-08-13,34.6251543775,34.8804419748,34.4379475846,34.6421737671,6708600
2018-08-14,34.888948297,35.0506276205,34.7783238935,34.8123626709,5339100
2018-08-15,34.4209327698,34.5060264828,34.1401176739,34.4209327698,6052800
2018-08-16,34.4209368284,34.6592018497,34.3528592531,34.3868980408,5544000
2018-08-17,34.1996908039,34.2252215198,33.8593126374,34.1486358643,7897200
2018-08-20,34.0550221485,34.2422322025,33.9529090492,34.1230964661,4156700
2018-08-21,34.3528584451,34.9229967634,34.3443503714,34.7953529358,6075100
2018-08-22,34.7613096096,34.9315002755,34.4975171613,34.8038597107,5512700
2018-08-23,35.1442455158,35.1867923801,34.6166572571,34.6166572571,4126100
2018-08-24,34.8293897111,35.2378453914,34.744295995,35.0931854248,4232000
2018-08-27,35.2548644756,35.4931294754,35.2038062987,35.3399581909,5733000
2018-08-28,36.0717699497,36.3866205405,35.9526374692,36.0377311707,10683500
2018-08-29,36.7525377531,37.7651705627,36.6674440321,37.5524330139,12278200
2018-08-30,37.7396372779,37.8587730238,36.9397453177,36.9822921753,7826200
2018-08-31,36.6929657165,37.1099326746,36.5568138366,37.1014213562,8782900
2018-09-04,36.8120910322,37.5439084613,36.7525247992,37.5354003906,8174900
2018-09-05,37.5183886437,37.926844287,37.4588223986,37.6290130615,7262400
2018-09-06,37.3907432741,37.5013676873,37.084403989,37.4843482971,10424900
2018-09-07,37.4418137559,38.4969935719,37.4247943601,38.1906509399,14256000
2018-09-10,38.2927528017,38.343810974,37.8842971614,37.9693908691,6824900
2018-09-11,37.1354636865,37.9268475784,37.0844087555,37.909828186,12509700
2018-09-12,37.3737353043,37.6970973245,37.2886415735,37.3907546997,10303700
2018-09-13,37.4332935963,37.4332935963,36.8206085303,36.9567604065,9624500
2018-09-14,37.4588251587,37.9183390085,37.3992589092,37.7906951904,5295400
2018-09-17,37.1269467467,37.5609297873,36.9907948864,37.2375679016,6210300
2018-09-18,37.0163322633,37.5183929916,36.8886884398,37.0673904419,8814200
2018-09-19,37.6119954369,37.7736747889,37.2205591661,37.4588241577,6393200
2018-09-20,37.6545338504,37.8077050952,37.3567026777,37.5864562988,4728000
2018-09-21,37.6545382212,37.790690094,37.458820107,37.4928588867,6668600
2018-09-24,37.3056456643,38.241689304,37.2630988164,38.1991424561,8229100
2018-09-25,38.1225556558,38.2161606661,37.5524207692,37.5864562988,6678200
2018-09-26,37.6545389899,38.0629946165,37.6545389899,37.6715583801,4564300
2018-09-27,37.9523871871,38.4884868571,37.9353710354,38.0885391235,6711700
2018-09-28,37.8672803238,37.9693934293,37.4162777992,37.5779571533,7727700
2018-10-01,37.9098281925,38.258717621,37.7992037651,38.0034332275,5029800
2018-10-02,37.2290631315,37.4332925632,36.9737787764,37.1184387207,5440300
2018-10-03,37.4758419988,37.6460326626,37.0758944257,37.4077644348,5631100
2018-10-04,36.6504234756,36.6589347951,35.7143795892,36.1058158875,7885000
2018-10-05,35.6377939998,35.7994733634,35.0336169126,35.4250564575,7921400
2018-10-08,34.6847325403,35.0336220309,34.3783931614,34.8549232483,7761800
2018-10-09,34.8889534206,35.1442377964,34.5315559437,34.8038597107,5678700
2018-10-10,34.335832384,34.4124180165,33.4848823547,33.4848823547,12853500
2018-10-11,32.7615771021,33.6976208637,32.616917151,33.1359939575,10209000
2018-10-12,34.1571357645,34.531555878,33.3487325375,33.7486801147,7578600
2018-10-15,33.587004626,33.6891177387,32.9487919914,32.974319458,8209000
2018-10-16,33.9018526426,34.0890627063,33.5274357614,34.0465126038,10748100
2018-10-17,34.037989642,34.1145752485,33.340211114,33.6720809937,8173600
2018-10-18,33.8678117991,33.9954556068,32.7275385868,32.7956161499,9555600
2018-10-19,33.3231983147,33.4593501703,32.6254196488,32.7190246582,11266200
2018-10-22,33.348735875,33.3827746608,32.7956202142,32.9487915039,8165700
2018-10-23,31.8425527069,32.4892766317,31.7064008143,32.3361053467,12350000
2018-10-24,31.9616874405,31.9616874405,31.0001129031,31.0426597595,13312400
2018-10-25,31.2979385135,31.9531703728,31.051165492,31.8170185089,9927300
2018-10-26,31.1022306757,31.7319352827,30.7533412066,31.2043437958,11973200
2018-10-29,31.6298266954,31.8340562319,30.6086887515,30.9150314331,8269300
2018-10-30,31.3490070201,32.1659184727,31.2043437911,32.1488990784,12106400
2018-10-31,32.9232566491,33.1785442639,32.3616297394,32.4211959839,12610900
2018-11-01,32.999845883,33.2551335257,32.6679758428,33.2296028137,14348600
2018-11-02,33.3402249334,33.604020631,32.702012363,32.9998435974,9736200
2018-11-05,32.9487820219,33.0338757157,32.5998926837,32.7445526123,8591900
2018-11-06,32.7615763456,33.0594075594,32.6934987847,32.9572944641,8578100
2018-11-07,33.4338302502,33.4423383229,32.9487889523,33.3402252197,6568700
2018-11-08,33.0083483183,33.2381051872,32.9232513783,32.9317626953,7953700
2018-11-09,32.4126874203,32.6679717851,32.1744224459,32.3956680298,5975400
2018-11-12,32.2169762716,32.2680312079,31.4936666274,31.5362167358,11666700
2018-11-13,31.817021595,32.4382147369,31.6893810361,31.8255329132,15057100
2018-11-14,32.5062821672,32.6254146168,31.7999922934,32.1999397278,10404900
2018-11-15,32.3956705848,32.8211456419,32.2424993046,32.7785987854,10840400
2018-11-16,31.5447253051,31.6553497458,31.1958358347,31.3745346069,16382400
2018-11-19,31.1788031132,31.2128418875,30.6001569346,30.6767425537,15191700
2018-11-20,30.1236355747,30.6256962758,29.9704642933,30.3278617859,11673500
2018-11-21,30.9916052753,31.2468929367,30.7533402539,30.7788677216,7013100
2018-11-23,30.4895413387,30.804391943,30.4214637777,30.6001625061,2320500
2018-11-26,31.2383727108,31.3915439655,31.0341465352,31.3489971161,7077300
2018-11-27,30.9660767553,31.331985595,30.9660767553,31.3149662018,6870200
2018-11-28,31.7149108606,32.3531234405,31.54472019,32.3446121216,8380200
2018-11-29,32.2935582411,32.6509557393,32.2254806722,32.2765388489,7056600
2018-11-30,31.6893875787,31.9957269307,31.5532356735,31.9872188568,8734400
2018-12-03,33.0338800971,33.1870513631,32.6594632503,32.9572944641,7457600
2018-12-04,32.7871013328,32.9998388255,31.8510576634,31.8595657349,13321200
2018-12-06,30.3789256373,31.366027832,30.3023399823,31.366027832,12075700
2018-12-07,31.1873246402,31.4340977194,30.7533382411,31.0767002106,10802700
2018-12-10,30.8980032322,31.34049773,30.7022850738,31.0001163483,12439100
2018-12-11,31.6893856187,31.7829874103,30.8894903849,31.2298717499,8635800
2018-12-12,32.0042317625,32.0808173965,31.7149086169,31.8085136414,8405400
2018-12-13,31.9021297845,32.0467897847,31.6468420847,31.7659778595,5825900
2018-12-14,31.3149639084,31.5787596154,31.0852069855,31.0852069855,5969600
2018-12-17,31.1703063022,31.434098783,30.7363198884,30.8214168549,10733100
2018-12-18,31.1532889764,31.4851590524,31.1532889764,31.2809295654,7100400
2018-12-19,31.1617975256,31.7234245657,30.7193030021,30.8299274445,11786400
2018-12-20,30.9830975355,31.2724207416,30.2427717494,30.5320949554,12540400
2018-12-21,31.1788141192,31.4255904508,30.3363752577,30.387430191,16981000
2018-12-24,30.2597862095,30.5405980497,30.0130099056,30.0300292969,6288500
2018-12-26,30.064073702,31.2894408857,30.064073702,31.2809295654,10063400
2018-12-27,30.804397508,31.3149663233,30.6001680343,31.2979469299,8688600
2018-12-28,31.5957781211,32.0638000269,31.5021730908,31.6042861938,7369000
2018-12-31,31.8510579928,31.9872098596,31.2894311361,31.4085636139,4600600
2019-01-02,30.8043964193,31.2724183577,30.6342057382,31.0767002106,5273100
2019-01-03,30.0725762506,30.2257475262,29.1620599158,29.2386455536,15998000
2019-01-04,29.3237402912,29.8087815989,29.1110027617,29.7577266693,14178200
2019-01-07,29.7917519443,30.1831913309,29.7577164184,29.9789619446,6850800
2019-01-08,29.8768523535,29.9364185885,29.4769048505,29.7321891785,11462600
2019-01-09,30.0640669482,30.6001631447,30.0640669482,30.3023319244,11770300
2019-01-10,30.1746794619,31.042648657,30.1236245509,30.9915904999,7894600
2019-01-11,31.017130286,31.2894340451,30.8384315527,31.1532821655,7232700
2019-01-14,30.7448293979,30.7958843287,30.3959399712,30.4299755096,6146200
2019-01-15,30.6682434082,30.829922764,30.4640139491,30.6682434082,10165800
2019-01-16,30.5491106351,30.6597318136,30.3278617859,30.3278617859,8727400
2019-01-17,29.715171907,31.102221291,29.6385895247,30.8809757233,21916900
2019-01-18,30.838428431,31.4936570533,30.7703508751,31.3489971161,12905900
2019-01-22,31.0596772275,31.2809228151,30.7192959047,30.9490528107,13381700
2019-01-23,31.0852077953,31.263909793,30.83843472,31.0511722565,13918600
2019-01-24,31.3830303867,32.029750824,31.2979334567,32.029750824,14094100
2019-01-25,32.3361058401,32.5573514518,32.2339927306,32.4552383423,16763700
2019-01-28,31.4170713606,32.0467757672,31.4000552177,31.8595657349,14086500
2019-01-29,31.7319430867,31.7319430867,30.8895007122,30.9150314331,10100800
2019-01-30,31.3234723746,31.8680798849,30.880977961,31.8085136414,9281600
2019-01-31,31.7489524249,32.421200601,31.7489524249,32.0127449036,7633400
2019-02-01,32.1233613022,32.2254743895,31.8595656434,31.9701900482,6438300
2019-02-04,31.9106287484,32.3446118711,31.8085156453,32.2850456238,7283800
2019-02-05,32.2680244931,32.5658589597,32.233988958,32.5488395691,7314000
2019-02-06,32.6934904957,33.0338717219,32.5998887424,32.9657974243,8795200
2019-02-07,32.6509508501,32.7275364805,32.1914403135,32.4382133484,7916200
2019-02-08,32.0893206722,32.2680193762,31.9106219683,32.1573982239,7147200
2019-02-11,32.2680091465,32.582862854,32.1914267944,32.582862854,8860700
2019-02-12,32.8807106018,32.9913350212,32.7105199364,32.8807106018,8831200
2019-02-13,32.6509539559,32.7445589849,32.3786501875,32.4467277527,7155600
2019-02-14,32.2680293175,32.5148056491,32.1318774183,32.3871650696,7782800
2019-02-15,32.2595179324,32.5743685582,32.2254791496,32.412689209,6257600
2019-02-19,32.5233166535,32.897733561,32.4212002955,32.7275428772,8105700
2019-02-20,33.1274874335,33.6210368003,33.0934486507,33.1870536804,7178600
2019-02-21,33.2466219589,33.3402269944,33.0168650299,33.1700363159,4607300
2019-02-22,33.2891677912,33.5359441051,33.2551322534,33.5189247131,5117800
2019-02-25,33.9273799064,33.9699267626,33.5955098835,33.680606842,5101500
2019-02-26,33.5359410523,33.7571866351,33.5104135898,33.6976203918,5587300
2019-02-27,33.6210317271,33.6891092825,33.2381068393,33.5699768066,8194900
2019-02-28,33.2891690647,33.4338322787,33.1870559553,33.2296028137,5705100
2019-03-01,33.4933972483,33.6295491377,33.3572453589,33.5189247131,5299200
2019-03-04,33.4678608768,33.4678608768,32.9402696055,33.3146896362,7081100
2019-03-05,33.1445048016,33.3827697748,32.8977285103,33.2040710449,7192400
2019-03-06,33.2381072555,33.374259122,32.9998390547,33.0083503723,4433400
2019-03-07,32.9913401521,33.0849451949,32.6509587684,32.8722076416,4231300
2019-03-08,32.2935567269,32.6594655271,32.2850454082,32.5062942505,5066200
2019-03-11,32.5318211985,32.9232574566,32.5062937349,32.8807106018,6005400
2019-03-12,33.2295997921,33.3317128923,33.0679204464,33.1019592285,5580200
2019-03-13,33.3742644928,33.5614713104,33.2040738209,33.3657531738,6086400
2019-03-14,33.1870457518,33.2295925971,32.9658002084,33.0338745117,4935000
2019-03-15,33.5359438841,34.0975708298,33.5359438841,33.7401733398,8871300
2019-03-18,33.9188773786,34.0209904994,33.7316672855,33.9103660583,6290900
2019-03-19,34.0209846275,34.1060815852,33.6976226804,33.8337745667,8033600
2019-03-20,33.8422917265,34.1656537294,33.7316672855,33.9103660583,5394000
2019-03-21,34.2507338691,35.0931757081,34.2252064106,34.9229850769,6509600
2019-03-22,34.7528048428,34.9059761321,34.3273297606,34.4039154053,6759100
2019-03-25,34.0380063122,34.4294426057,33.8422881655,33.9699287415,4901800
2019-03-26,34.1316073406,34.5741017603,34.0975685592,34.3783836365,5573500
2019-03-27,34.1996796001,34.2592458409,33.8678096168,34.208190918,7660300
2019-03-28,34.2422340153,34.4975184003,34.2081952317,34.3273277283,6632700
2019-03-29,34.7357907266,34.9315089046,34.5485806232,34.8549232483,6116300
2019-04-01,34.957042323,35.2038154602,34.667719071,35.2038154602,6834200
2019-04-02,35.0421315413,35.1953028459,34.8889602367,35.1187171936,5580200
2019-04-03,35.3995204176,35.7058629518,35.322934784,35.5612030029,6821100
2019-04-04,35.5101529279,35.893081183,35.4420785971,35.7739486694,7610300
2019-04-05,36.0292282015,36.0292282015,35.7909632067,35.9356231689,4430600
2019-04-08,35.9441329642,36.1568704851,35.8079810806,36.0717735291,6830300
2019-04-09,35.9441250646,35.9951799809,35.7654231193,35.9185943604,5049900
2019-04-10,35.9611473259,36.1653767642,35.8930730106,36.0547523499,4040200
2019-04-11,35.8164926896,35.9100977274,35.6973601855,35.8250007629,5172200
2019-04-12,36.1398582403,36.2930295453,35.9781756149,36.2334632874,6555700
2019-04-15,36.2334523363,36.3951316667,36.1313359997,36.2589797974,5274400
2019-04-16,36.4461895934,36.6589270906,36.3781120361,36.599357605,6639100
2019-04-17,37.356706512,37.8332364372,37.3226677327,37.7736701965,15795700
2019-04-18,37.4928560543,38.8373552905,37.4417978886,38.6331291199,16569800
2019-04-22,38.1140523693,38.4289029694,37.9438617152,38.4203948975,10872000
2019-04-23,38.4204004307,38.6501541138,38.3438147876,38.6501541138,11437500
2019-04-24,38.360824108,38.7948071407,38.241688392,38.6416358948,10776800
2019-04-25,38.2331860457,38.3267910706,37.8077110202,37.8502578735,10149800
2019-04-26,37.1439815818,37.4418128859,36.863166427,37.3907546997,12745000
2019-04-29,37.3141581731,37.3737244166,37.0844045176,37.2971420288,9272100
2019-04-30,36.9312377496,37.3907483628,36.8121020021,37.2886352539,11863900
2019-05-01,37.6885828625,37.9183397922,37.2886352539,37.2886352539,7319000
2019-05-02,37.3226745499,37.8417546671,37.2290695129,37.7821884155,10717200
2019-05-03,38.2331962756,38.411895055,37.9183455814,38.0459861755,5479900
2019-05-06,36.8631510971,37.2886260666,36.7695460844,37.2375679016,10756400
2019-05-07,37.2971373838,37.484344163,36.8376236376,37.2375679016,10225200
2019-05-08,37.0333407488,37.4417963191,36.9822825852,37.1865119934,8112600
2019-05-09,36.5227775842,36.8461395387,35.9781700269,36.8035926819,11229400
2019-05-10,36.4717097068,36.6674277753,35.9015716409,36.446182251,8313900
2019-05-13,35.203798401,35.3229308742,34.6677022715,34.8804397583,11046000
2019-05-14,35.3910201755,35.8079872163,35.2293408005,35.7143821716,7107800
2019-05-15,35.3569813873,36.0207247736,35.2803957368,35.7143821716,5347700
2019-05-16,35.4250551524,35.4335632255,35.0761657257,35.3399581909,9214700
2019-05-17,34.3698648848,34.8463979828,34.1145805719,34.2507324219,11271000
2019-05-20,33.3997924858,33.4423393429,32.7785992826,32.897731781,13979700
2019-05-21,33.3146888733,33.4763681808,32.8977220066,33.4423294067,11806400
2019-05-22,33.3572436019,33.5189229476,33.0934479099,33.1019592285,12217600
2019-05-23,32.3190823957,32.4892730543,31.8340411286,32.3956680298,14708800
2019-05-24,32.6935010639,32.9658080805,32.5062942505,32.5062942505,10540700
2019-05-28,32.4467362465,32.5063025086,32.0382804871,32.0382804871,12484600
2019-05-29,31.8765818735,32.1233581189,31.6383169448,32.0722999573,13043000
2019-05-30,32.2935544428,32.650951899,32.1999494196,32.3701400757,7351600
2019-05-31,32.5658673166,33.1615331565,32.5488479216,32.6339416504,9302700
2019-06-03,33.1530069771,33.2636313718,32.897722659,33.0338745117,9618300
2019-06-04,32.8807202064,33.2721565788,32.6935100952,33.2381210327,6985600
2019-06-05,33.3912797151,33.4082958587,32.42119398,32.5318183899,8219800
2019-06-06,32.4892647267,32.8381540267,32.2680159533,32.7105102539,6234000
2019-06-07,32.9658002084,33.1870457518,32.8126289683,33.0338745117,4456900
2019-06-10,33.6040203968,34.1486279337,33.5699816142,33.714641571,8351800
2019-06-11,34.437949817,34.5485709871,33.9869440798,34.0039634705,6100600
2019-06-12,34.0380089252,34.199688299,33.5699869517,33.5784950256,6163200
2019-06-13,33.7146367427,33.7146367427,33.212576133,33.5699768066,6646800
2019-06-14,32.8721908314,32.9317570562,32.1914316583,32.1999397278,11281500
2019-06-17,32.2680252233,32.3786496418,32.0467796326,32.0467796326,6500700
2019-06-18,32.5658612357,33.5444519186,32.5233143792,33.3657531738,12303200
2019-06-19,33.9869536245,34.00397302,33.4423459549,33.5274429321,10217600
2019-06-20,34.4209299381,34.6506868396,34.1571342558,34.4719848633,10400000
2019-06-21,34.4804992676,34.6336705489,34.3954023079,34.4804992676,12766200
2019-06-24,34.7581410426,35.2062348995,34.6527044338,35.1271591187,6571000
2019-06-25,34.723008297,34.723008297,34.187050402,34.1958351135,6790500
2019-06-26,34.5999915423,34.5999915423,34.2485428618,34.3364067078,9133300
2019-06-27,34.7757039722,34.9338521374,34.5209039337,34.784488678,11375200
2019-06-28,34.9075052152,34.9075052152,34.3715475073,34.4154777527,7040000
2019-07-01,36.4978099532,36.8141131205,36.1551493058,36.3572311401,11046800
2019-07-02,36.1902824797,36.295719077,35.7949069707,35.8476219177,4445600
2019-07-03,35.4522427237,35.4698154898,35.1535124042,35.4346733093,3125000
2019-07-05,35.0305107602,35.2325925675,34.828428953,35.0832290649,3149300
2019-07-08,34.7669186284,34.872351864,34.4769763926,34.5472640991,6772300
2019-07-09,34.8372165029,35.1535162715,34.6351313469,34.8547859192,6577000
2019-07-10,35.873987484,36.1463570172,35.6279720762,35.7685508728,7945000
2019-07-11,36.1463523316,36.1902825714,35.8739828338,35.9354858398,6126600
2019-07-12,36.1200000885,36.2605788872,35.8651999683,36.2254333496,4695800
2019-07-15,36.6823285972,36.8404802222,36.6032527847,36.7438316345,5784300
2019-07-16,36.7262476156,36.8580417133,36.5241657904,36.6998901367,6529500
2019-07-17,36.6208116541,36.8228934645,36.4802328577,36.5768814087,5514600
2019-07-18,37.3588485879,37.9826667443,37.1743395589,37.9475212097,11257600
2019-07-19,37.8508781902,38.6767781903,37.8420901302,38.5098419189,11438800
2019-07-22,38.8349293569,39.4323900663,38.7734263443,39.1863746643,10035800
2019-07-23,39.1336615588,39.1688070967,38.8700767278,39.0282249451,6565800
2019-07-24,39.0985100156,39.2127313204,38.8700707576,39.1336555481,7130400
2019-07-25,38.8437137515,38.8700745793,38.3253288269,38.3253288269,6593900
2019-07-26,38.4219846176,38.5625634363,38.1144694992,38.1847572327,4399000
2019-07-29,38.2374691933,38.6152753342,38.1320359348,38.6064872742,4138600
2019-07-30,38.1320432045,38.1320432045,37.578512626,37.877243042,4938500
2019-07-31,37.8069468888,37.9299529227,36.9459012997,37.4555015564,7592300
2019-08-01,37.5609470335,38.1232624294,36.5505342521,36.7877616882,9662800
2019-08-02,36.1551503117,36.7086775182,36.0321409141,36.5944595337,9317000
2019-08-05,35.5049684916,35.6016170493,34.9514379754,35.0305137634,6668400
2019-08-06,36.1815013728,36.471443665,35.9267012649,36.251789093,8667700
2019-08-07,36.0672800569,36.4187287128,35.8476254849,36.251789093,5484700
2019-08-08,36.7701647735,37.0601103445,36.6823043074,36.8140983582,7795900
2019-08-09,36.5417461222,36.6471794112,36.0233610366,36.3835945129,3480500
2019-08-12,36.0672807375,36.2605778371,35.8915564063,35.9882049561,3463500
2019-08-13,35.6982670264,36.8931886032,35.6279759446,36.7613945007,7697800
2019-08-14,35.8915514449,36.1024212836,35.3643818756,35.5225334167,9621800
2019-08-15,35.4786046902,36.0145623411,35.443459157,35.9003410339,7690100
2019-08-16,36.1815147562,36.6647543231,36.1551572703,36.4978179932,4845700
2019-08-19,37.0425513123,37.0864815616,36.5944574066,36.7086753845,3797600
2019-08-20,36.9019652786,37.0952623597,36.6559532493,36.8492469788,7540300
2019-08-21,37.2622084376,37.4642902795,37.1567751618,37.4115753174,3914600
2019-08-22,37.2446326946,37.3324965438,36.6647446963,37.0161933899,3145600
2019-08-23,36.8492499399,37.0337623284,35.9003439279,35.9794197083,7526900
2019-08-26,36.3484438148,36.5065954017,36.1375772668,36.3220863342,5519000
2019-08-27,36.5065882761,36.6208095892,36.2605762342,36.3308639526,4192800
2019-08-28,36.3045138384,36.6998928085,36.0672864563,36.5944595337,3586000
2019-08-29,37.2007018597,37.4027836823,37.1040533029,37.147983551,5171600
2019-08-30,37.5257892822,37.6839408548,37.2182741974,37.4555015564,5382200
2019-09-03,37.0337701106,37.0425548206,36.5329578473,36.6559638977,4748000
2019-09-04,37.4379368426,37.9123916626,37.2446396896,37.9123916626,4460900
2019-09-05,38.4483317173,39.1072953804,38.4483317173,38.8700714111,7698300
2019-09-06,38.6592037886,38.6943493237,38.386830919,38.4044036865,4325300
2019-09-09,38.5801307209,38.7294975798,38.2550428774,38.5274124146,4677000
2019-09-10,38.3077535672,38.7470626831,38.0968870685,38.7470626831,5001600
2019-09-11,38.5801318336,38.8964349776,38.5186288169,38.8525047302,4016800
2019-09-12,38.9140078656,39.0633713776,38.5977047206,38.7207107544,6577900
2019-09-13,39.037018095,39.3884668165,38.8261481917,39.3093910217,6231100
2019-09-16,39.1248716517,39.3093840412,39.0897294671,39.1863746643,3716300
2019-09-17,38.9052036401,39.6696037069,38.8437006488,39.6520309448,6110900
2019-09-18,39.6871893165,39.7135501461,39.1951651848,39.572971344,4044800
2019-09-19,39.645531346,40.0172099641,39.6101327393,39.7340278625,6422700
2019-09-20,39.6189922172,39.7340360245,38.8225402832,38.8225402832,7249200
2019-09-23,39.0968676462,39.1942121295,38.8048341962,38.9995231628,4347000
2019-09-24,39.2915490375,39.4242887272,38.9906676815,39.043762207,7592200
2019-09-25,39.1145755398,39.9110241337,38.9375858381,39.8313789368,6719500
2019-09-26,39.9110107679,41.1587828521,39.9110107679,41.1145362854,15832500
2019-09-27,40.7074624987,41.1322356153,39.9906559655,40.2738380432,9610400
2019-09-30,41.211893119,41.3623355417,40.813667148,41.1322479248,8396900
2019-10-01,41.5570145169,42.3446149913,41.5570145169,41.7605514526,11575200
2019-10-02,41.3357809612,41.5393179101,40.9995042851,41.0879974365,5785200
2019-10-03,41.10569939,41.7163102762,40.9198617345,41.7074623108,6091600
2019-10-04,41.6189604452,41.9906390843,41.3977242049,41.9640884399,5704200
2019-10-07,42.2384279166,42.6101066025,41.9729450699,42.4331169128,11059000
2019-10-08,42.7074458366,42.831340977,42.1233822494,42.3534698486,13089700
2019-10-09,42.6543550173,43.4154083527,42.6278043684,43.0791282654,11033100
2019-10-10,43.282658514,43.7074316962,42.9109832456,43.3003578186,9566500
2019-10-11,43.7605289158,44.061410337,43.6543364659,43.7339782715,7499100
2019-10-14,43.7339742488,44.3622876778,43.6277818087,44.1675987244,7974000
2019-10-15,44.4242421795,44.8136167862,44.34459699,44.5923805237,9323200
2019-10-16,44.5481270502,45.2472343416,44.3091915187,44.3622894287,13615700
2019-10-17,45.2560853934,45.3180312715,43.5923878984,44.0260124207,12410200
2019-10-18,43.937512741,44.3268872561,43.4773410182,43.610080719,9169200
2019-10-21,43.8313205979,44.3445902694,43.6543343154,44.2472457886,6538900
2019-10-22,44.512732459,44.9817556007,44.4065400051,44.8136138916,10697300
2019-10-23,44.3357477477,44.6012339758,44.1764573611,44.397693634,7118800
2019-10-24,44.6808815214,45.1764486384,44.450793895,45.0879554749,7006600
2019-10-25,44.9552046929,45.3357313076,44.8578602041,45.2472381592,6303500
2019-10-28,45.4861698353,45.5569636729,45.1764370906,45.4065246582,7725500
2019-10-29,45.574669677,45.8755511264,45.5215717592,45.548122406,5303900
2019-10-30,45.8312885038,46.0702239867,45.6365995824,45.9374809265,5198100
2019-10-31,45.9197890774,45.9551876827,45.4419180342,45.689704895,5140800
2019-11-01,45.9198065416,46.1056442261,45.7516681665,46.1056442261,5226600
2019-11-04,47.3888107946,47.60119911,47.0082841206,47.3357162476,7233400
2019-11-05,47.4595987914,47.7604802105,47.335707038,47.3888015747,5287100
2019-11-06,47.5215541914,47.5658007728,46.9905850876,47.4684562683,4545100
2019-11-07,47.6985316008,48.1144534095,47.3622515926,47.4949913025,7890900
2019-11-08,47.37111064,47.37111064,46.4861655304,46.7516517639,6558400
2019-11-11,46.3622619025,46.6808426007,46.1587249844,46.5480995178,4046500
2019-11-12,46.6277548606,46.6277548606,46.0436912452,46.149887085,8625100
2019-11-13,46.5304117862,46.8489891646,46.1498851492,46.7958946228,5336200
2019-11-14,46.4596052777,46.6631421909,46.1321766238,46.4419059753,5308600
2019-11-15,46.9109388121,47.2472188992,46.7958983783,47.1587257385,5986400
2019-11-18,47.2472068536,47.7516251678,47.2472068536,47.2737541199,4774400
2019-11-19,47.8312808794,47.9109260716,47.5038521451,47.5746459961,4731100
2019-11-20,47.3887976553,47.5923345726,47.087916261,47.3445510864,5264800
2019-11-21,47.3445520931,47.3534000568,46.8489817344,46.8843803406,6037000
2019-11-22,46.8312841544,47.0436724233,46.6719971725,46.7162437439,4172300
2019-11-25,46.9817344131,47.7339363805,46.7250995298,47.5746459961,5021500
2019-11-26,47.3445547527,47.601189598,47.2383623041,47.4595985413,5672800
2019-11-27,47.8135852314,47.8401358814,47.3799639997,47.6896934509,2786100
2019-11-29,46.9551765193,47.0436696569,46.7250889602,46.9817237854,3391700
2019-12-02,47.3887986629,47.4241972691,46.7073906856,46.8843803406,4475800
2019-12-03,46.388816711,46.8401405654,46.1764317949,46.7073974609,5468100
2019-12-04,47.1410236693,47.4065065117,46.999432595,47.061378479,3905200
2019-12-05,47.4507395955,48.2648905732,47.3356992012,48.1409988403,7624300
2019-12-06,48.2294990394,48.6985187755,48.2294990394,48.6188735962,5429100
2019-12-09,48.716228631,48.8401204088,48.0702190925,48.1941108704,6541900
2019-12-10,48.3887987237,48.7250788096,48.0790692865,48.2472076416,4364800
2019-12-11,48.7073687715,49.7339047345,48.6985174319,49.468421936,11028000
2019-12-12,50.6631047314,51.8754785195,50.4595677725,51.8666305542,15788700
2019-12-13,52.256001435,52.6719266641,51.5480461121,51.5480461121,9886900
2019-12-16,51.5834436259,51.9462709322,51.5834436259,51.8046798706,5779400
2019-12-17,52.840067864,52.840067864,52.0170687015,52.4152946472,8407500
2019-12-18,52.7427196843,52.7781182938,51.9639705291,52.3002471924,10021200
2019-12-19,52.1309401768,52.1309401768,51.5784422755,51.6497306824,7228700
2019-12-20,51.4893154341,51.9527018682,51.0793978422,51.6229858398,8043800
2019-12-23,51.7120962087,51.9883467891,51.6408078199,51.8814125061,4022000
2019-12-24,51.6764664534,51.7655778113,51.2843683202,51.4715042114,2692200
2019-12-26,51.5071494446,51.9972687054,51.4715035422,51.9081573486,2490400
2019-12-27,52.1576697648,52.3180729199,51.9794470585,52.0952911377,2847800
2019-12-30,52.2735147559,52.3002474806,51.3467417701,51.551700592,3519900
2019-12-31,51.4002071927,51.8012150347,51.2041581589,51.7744789124,2950200
2020-01-02,53.1111749025,53.5745614121,53.1111749025,53.5032730103,8432600
2020-01-03,52.5497753058,52.5586850826,51.7210266869,51.7388496399,10546400
2020-01-06,51.3289128893,51.4091144537,50.9100855186,51.1417770386,8897200
2020-01-07,51.1952480916,52.2200421273,50.5625487219,51.9705276489,7444300
2020-01-08,51.8546740627,52.5586651428,51.783385677,52.3537063599,5381500
2020-01-09,53.1913774747,53.2092004253,52.3091635145,52.7814598083,5112700
2020-01-10,53.2002948834,53.2002948834,52.3715463098,52.4517478943,4807700
2020-01-13,53.6012968515,53.6102066268,52.9775071967,53.5210952759,6613700
2020-01-14,53.610208338,54.0379489551,53.3963363297,53.7527885437,6715200
2020-01-15,53.1735587588,53.2002948865,51.9170695341,52.0329170227,10075100
2020-01-16,52.7547141523,53.1913644378,51.9526985674,52.3537063599,11215700
2020-01-17,52.2556901794,52.3537146997,51.6942791805,52.2022247314,8125700
2020-01-21,51.6764682288,52.5765052121,51.2130816732,51.8992500305,9873700
2020-01-22,52.4873836353,52.5230261331,51.9705283242,51.9972610474,8124500
2020-01-23,51.5606179501,51.7477538376,50.4556187775,51.221988678,9999200
2020-01-24,51.7655732977,51.8101289728,51.2041622737,51.4447669983,10402200
2020-01-27,49.5644814874,49.8942009163,49.0654525561,49.2436752319,9675500
2020-01-28,49.662509731,50.9011757777,49.4397279701,50.8744430542,8124400
2020-01-29,51.2576279383,51.2576279383,50.6605710516,50.9635543823,7693400
2020-01-30,49.0832711637,49.9387521697,49.0654482178,49.7248802185,10295700
2020-01-31,49.3951790433,49.4397347217,47.7644146991,48.0673980713,13467200
2020-02-03,48.4327621603,48.9585273464,48.2456262634,48.8070373535,9594300
2020-02-04,50.722939789,51.364552223,50.7051202431,51.2576179504,12746600
2020-02-05,51.7744893202,51.8190484,50.9457407465,51.6140861511,6594400
2020-02-06,51.9259716037,51.9348813782,51.0437543626,51.7031898499,4236300
2020-02-07,50.9190067483,50.9190067483,49.9565911573,50.0813484192,6808400
2020-02-10,50.2952135764,50.8388016651,50.2061022239,50.8120689392,4281200
2020-02-11,51.6408143901,52.4873857865,51.5160571441,52.2735137939,6523200
2020-02-12,52.799279692,53.2448432337,52.4873865726,53.1379089355,5962900
2020-02-13,52.6923412393,53.2002833648,52.344802248,52.8705673218,6460100
2020-02-14,52.5943161522,52.7279831631,51.5695187385,51.8546791077,6932400
2020-02-18,49.9922229184,50.4021439184,49.5733955435,50.0635147095,10989000
2020-02-19,51.0170277691,51.6319042599,50.7942459884,51.364566803,7866300
2020-02-20,50.7407778039,50.8298925569,49.7338065897,50.3308601379,7192900
2020-02-21,50.4823499788,50.4823499788,49.4753754358,49.5377540588,6816600
2020-02-24,47.7198638279,48.7357483547,47.3901476953,48.2278060913,9968800
2020-02-25,49.306059174,49.4308164117,47.9693686569,47.9961013794,12670700
2020-02-26,48.5575131665,49.3773483991,48.4594886497,49.0387191772,10969300
2020-02-27,48.2990962623,48.6555451126,47.4703476714,47.4881706238,11878900
2020-02-28,45.7593786046,48.1654226321,45.4474854563,47.9782867432,13604500
2020-03-02,48.450588068,49.9120362273,47.9693819322,49.8853034973,13797700
2020-03-03,50.1704509315,50.2328295514,48.1565053465,48.9050521851,14661800
2020-03-04,49.8763878665,50.8744493266,49.5021126944,50.8655395508,9878200
2020-03-05,50.0011468293,50.250661353,49.2347769073,49.6625175476,10004200
2020-03-06,48.6555367121,49.0832806976,48.0941291049,49.0743675232,12971200
2020-03-09,45.9376006344,48.2456199247,45.5009502657,46.1871185303,13781100
2020-03-10,47.8624317014,48.6733571583,46.7752590424,48.5753326416,11698700
2020-03-11,47.3277583753,47.7287662295,46.4188083724,46.5524787903,14498000
2020-03-12,44.2533714211,45.4385720897,43.2285739017,43.3889770508,15942200
2020-03-13,46.2495012751,46.7485303124,43.9236588279,46.5435714722,14948700
2020-03-16,41.2948220491,43.0859856817,40.0116004944,40.0116004944,16628200
2020-03-17,40.7690646447,43.2731330084,40.1274520478,43.2553100586,13415700
2020-03-18,39.0313682548,41.0720502319,38.5501587809,39.5393104553,15018500
2020-03-19,39.3476965167,40.6430926477,38.4121309284,39.4826316833,11182600
2020-03-20,43.1979018382,43.4317915064,40.0133826671,40.0583610535,14157700
2020-03-23,40.5891203144,41.0299168027,39.1497911454,40.7150611877,10508600
2020-03-24,43.1799086049,44.0075218727,42.7301178903,43.9625434875,12216200
2020-03-25,44.3493759221,45.0240621788,43.2248988275,44.0795021057,9796600
2020-03-26,44.1694547886,45.3928863026,44.0075298275,44.8621330261,10577500
2020-03-27,42.4872410067,43.2608817763,41.8395411192,42.1993751526,12158500
2020-03-30,42.4422659877,43.3238556649,42.0734376184,43.0179977417,8428300
2020-03-31,42.9999954343,44.1064802783,42.8740545721,42.9910011292,9595700
2020-04-01,42.1274001605,42.7840941949,41.6506196675,41.8395309448,8755200
2020-04-02,42.2083634884,43.3778222157,41.929495412,43.2968597412,6174700
2020-04-03,42.9910066123,43.3148565459,42.0824272509,42.334312439,5486200
2020-04-06,43.7466555134,45.0690381726,43.6387032473,44.9520950317,7370300
2020-04-07,46.1395384979,46.1665248463,44.6732196114,44.7271957397,6568700
2020-04-08,45.1679858502,45.5188220827,44.5652678983,45.2219619751,6325900
2020-04-09,45.2309573262,45.5727992616,42.9280308517,43.476776123,12274000
2020-04-13,43.8456123216,44.160464535,43.143936282,43.8546066284,9873200
2020-04-14,44.9790809481,46.1215500159,44.9341025534,45.5458183289,11068800
2020-04-15,44.7631707297,44.9520854392,44.1154744295,44.6732139587,9398100
2020-04-16,46.6073159623,47.8037575013,46.4903694135,47.1380691528,18615900
2020-04-17,48.6943563356,48.7483290391,47.6778280965,48.298538208,11288500
2020-04-20,47.6778110616,48.4154674865,47.281996507,47.3089828491,9901700
2020-04-21,46.4184130781,46.607327838,45.4468666532,46.2115097046,13102500
2020-04-22,47.2100385975,47.7767759261,47.1470681645,47.6328430176,8255500
2020-04-23,47.5068963863,47.7947621683,47.0121238562,47.3539657593,7619900
2020-04-24,47.3179975672,47.5788770922,46.7782499025,47.4349441528,5701800
2020-04-27,47.8127654314,48.3525130415,47.650840462,48.1366119385,5812300
2020-04-28,48.1366156011,48.3345246746,47.3899645692,47.4619293213,8561100
2020-04-29,48.3525069486,49.1981123464,48.0646411353,49.0092010498,8565500
2020-04-30,48.7573173911,48.9462286802,47.6418348348,47.7947654724,6337900
2020-05-01,47.2100478385,47.2820160227,45.9596298078,45.968624115,10238700
2020-05-04,46.5893313834,46.9401676545,46.1305428506,46.9131813049,7514000
2020-05-05,46.967151458,47.2999990991,46.4004175576,46.5173606873,7780700
2020-05-06,46.8771953351,47.3359804177,46.778240815,46.8951873779,8206700
2020-05-07,47.6328549349,47.6598412896,46.868208379,47.0751152039,5493400
2020-05-08,47.3359833028,47.9836831594,47.2010481204,47.596862793,6086000
2020-05-11,47.3269804329,47.5248894492,47.1200771121,47.1380691528,6459300
2020-05-12,47.3539807752,47.3539807752,45.9506355006,45.968624115,8584500
2020-05-13,46.6972735587,46.7962280686,45.4108717934,45.8066864014,8611000
2020-05-14,45.3659025134,46.9131840369,44.7901708112,46.8682022095,13695600
2020-05-15,45.4828400228,45.9236330182,44.4213336215,44.799156189,17777200
2020-05-18,45.8246819318,46.949158845,45.6717547188,46.6612930298,12726500
2020-05-19,46.193508368,46.2924628814,45.6987392323,45.707736969,12940300
2020-05-20,46.4004181674,46.8592032497,45.4288684426,46.6343078613,8406200
2020-05-21,46.8681965147,46.9671510325,45.59978669,45.6537628174,7842600
2020-05-22,45.7347217344,45.7527137755,44.6282369463,44.799156189,12462300
2020-05-26,46.1485307378,46.2384909477,45.689745678,45.7167320251,8872000
2020-05-27,45.9056404165,46.5443458557,45.6537587079,46.5443458557,11405700
2020-05-28,46.2924673873,46.4364003031,45.0690358867,45.2309608459,8178700
2020-05-29,45.2849342468,45.6357704935,44.8531355252,45.2759399414,10918500
2020-06-01,45.7976984483,46.1305426745,45.464854222,45.9056472778,6187300
2020-06-02,46.2834717844,46.8142250402,46.1395388726,46.78723526,6063600
2020-06-03,47.3539778141,47.9027231733,47.1560687517,47.731803894,8380200
2020-06-04,47.7318049857,48.9102547855,47.7048152019,48.8292922974,13269500
2020-06-05,49.9267760923,50.6824247326,49.5309614451,49.6569023132,9776100
2020-06-08,50.1426843933,50.1786650525,49.2161129287,49.9897537231,6302100
2020-06-09,49.7378683977,50.9433079011,49.4320105109,50.9253158569,9355100
2020-06-10,51.1142256511,52.2117162887,51.1142256511,51.7709197998,9194300
2020-06-11,50.2416172268,50.7453840202,49.4859687525,49.5129585266,9877100
2020-06-12,50.8263624736,51.1592067183,49.7918422188,50.3765716553,9838800
2020-06-15,49.2161049078,50.4845147336,49.0451856517,50.3945579529,7509700
2020-06-16,50.9073139929,51.2761422472,49.9627541641,50.1966438293,8827200
2020-06-17,50.511508013,51.1142260354,50.2776148762,50.9163169861,8248700
2020-06-18,50.7894353347,51.2425887475,50.5628586283,50.8891296387,6831500
2020-06-19,51.1882078051,51.206334356,50.0915774035,50.1278305054,6965100
2020-06-22,50.3000318323,50.7531852722,50.1368963173,50.7531852722,4480400
2020-06-23,51.3332187873,51.8044987583,51.2335244819,51.4419746399,7836500
2020-06-24,51.3966565031,51.7138659495,50.8981884671,51.2788391113,7080200
2020-06-25,51.2607166876,51.7410582118,50.7078689559,51.6957435608,4509600
2020-06-26,51.6594852211,51.895123457,50.9435020523,51.0522613525,6229300
2020-06-29,51.0613290249,51.124770229,50.4450400787,51.1066436768,5016600
2020-06-30,50.9797508419,51.6504193075,50.9253711964,51.4510307312,7158700
2020-07-01,51.6323005551,52.0854539643,51.4419734957,51.4963531494,6866500
2020-07-02,52.5204769416,53.5355395353,52.5204769416,53.1277008057,10021200
2020-07-06,54.9856338664,56.3088444693,54.885943019,56.0822677612,12725600
2020-07-07,55.5203414183,55.7378565259,54.9946853821,55.0218734741,6672300
2020-07-08,55.8647539517,56.8616935659,55.7378715452,56.7257461548,8721900
2020-07-09,57.0520088958,58.8827488909,56.9976292478,58.7105484009,16903300
2020-07-10,58.429599925,58.5111642172,57.2695248815,57.8676872253,10700000
2020-07-13,59.0911984329,60.7950595799,58.8918167525,58.9733810425,16667700
2020-07-14,59.8162484913,60.7497433841,59.2090245979,60.6863021851,10482700
2020-07-15,60.8856906398,60.9128787373,59.0549539601,59.8706245422,12432500
2020-07-16,59.2543182655,60.3872014246,58.2936355592,60.3509483337,15709400
2020-07-17,61.0035075523,61.6288614473,60.1515838754,60.1787719727,11716600
2020-07-20,60.4506480424,60.7044197011,59.6349776261,60.6228485107,6357300
2020-07-21,62.3901483666,62.7617374234,61.3660243101,61.456653595,10619700
2020-07-22,61.7194949323,62.4445431761,61.6560537296,62.1092071533,7366100
2020-07-23,61.8645043477,62.0820160445,60.4959791382,61.0578918457,8559500
2020-07-24,64.7103072081,69.6859296274,64.664989102,66.9760742188,41226800
2020-07-27,73.7371159327,75.5859824873,72.8942503992,75.4500350952,39899200
2020-07-28,71.9154453741,72.1238989868,69.3234072945,69.7131195068,31500100
2020-07-29,69.8853070025,75.5587886218,69.8399889038,74.924369812,28304000
2020-07-30,72.5135920019,73.6645983256,71.2447613965,72.4410858154,16820300
2020-07-31,72.1692232824,72.2961057081,70.2478568847,71.4985580444,12021200
2020-08-03,70.4834902347,71.7341982826,70.1572260859,71.5529327393,10129800
2020-08-04,71.8973181735,72.6767425537,71.3625935802,72.6767425537,12569400
2020-08-05,73.3927177153,76.1297608363,73.0211286589,73.9818115234,14436300
2020-08-06,74.3534282406,74.4078044488,72.7039497521,72.9758377075,9838700
2020-08-07,72.948638615,73.2205334441,71.9698324427,72.5317382812,8705800
2020-08-10,73.0030152781,73.2749031685,71.7976255783,72.3867263794,7421400
2020-08-11,71.6798285534,71.7795228922,70.6375808716,70.6375808716,7056300
2020-08-12,70.8369447803,72.0967107143,70.4472325689,71.9516983032,8354400
2020-08-13,71.5982179762,71.6888472489,70.5378409644,70.9638061523,6551800
2020-08-14,71.0725804287,71.8066936679,70.7372513247,71.0635223389,5611200
2020-08-17,72.3232834644,73.3111545309,72.1964010689,72.6767425537,8663900
2020-08-18,72.7039166198,73.2476991973,71.8247981107,71.9698104858,6804800
2020-08-19,71.6073007429,71.8066893411,70.9185056528,71.1813354492,7976800
2020-08-20,69.169330212,69.8762483638,68.861189239,69.6134185791,11457100
2020-08-21,70.7100659727,71.3535499991,70.5650604547,71.0000839233,7942300
2020-08-24,72.2598427952,72.4229782926,71.1360174066,71.5076065063,6405600
2020-08-25,72.3685938744,72.9395715622,72.0241997926,72.5407943726,6113100
2020-08-26,73.6374379663,74.4712386813,73.4199262394,74.0905914307,7821600
2020-08-27,74.4802831681,74.5981005471,72.658604807,73.0483169556,8018200
2020-08-28,72.558911714,73.3020829266,72.4229712416,72.9033126831,5699500
2020-08-31,71.5982523536,72.2870476035,71.3172993988,71.8248291016,9812900
2020-09-01,72.6133056044,73.9546358387,72.4954812913,73.909324646,10193300
2020-09-02,73.7280582393,74.9606360645,72.3957861109,74.4712295532,12567800
2020-09-03,73.5196060464,74.144953002,71.036320573,73.5739822388,20090100
2020-09-04,72.9577024492,73.8368212124,70.1572175624,71.5166778564,13638700
2020-09-08,70.7100420798,71.7341730238,69.9850009055,70.075630188,11553500
2020-09-09,71.2538211558,72.2326269432,71.190379976,71.9607391357,7867500
2020-09-10,73.1752076668,73.6193029686,71.38072411,71.5076065063,11241800
2020-09-11,72.5135962259,72.7764259814,71.2357005441,71.4350891113,7853500
2020-09-14,72.9577102661,73.5196230705,72.4592386724,72.9577102661,7091100
2020-09-15,73.9183777678,78.6583652057,73.755242273,77.8064346313,21048400
2020-09-16,78.3864772648,78.3864772648,75.2597214083,75.3412857056,14492600
2020-09-17,73.7898804669,74.9650534714,73.4345964133,74.6188812256,10090200
2020-09-18,75.0379267297,75.4660843537,72.9790962203,73.0884170532,10528300
2020-09-21,72.6966861187,73.4710228343,72.0407750818,73.4163589478,8417100
2020-09-22,73.6350211696,73.6896781212,72.3323105379,73.3161773682,6375200
2020-09-23,72.6055857417,72.8151155923,70.9567032077,70.9840316772,9094700
2020-09-24,69.9819627483,71.9679130315,69.3898203017,71.4030990601,9940900
2020-09-25,71.211774681,71.895014188,70.5012067058,71.8585739136,6057500
2020-09-28,73.1612752601,73.2159391402,72.3960504417,72.669342041,5999300
2020-09-29,72.6055947087,74.0085142395,72.2503106597,73.34349823,6114600
2020-09-30,73.4163537555,74.6461903378,73.3981370948,73.8536300659,5878900
2020-10-01,74.7555214343,75.3567756309,74.4640061436,75.2656784058,6253800
2020-10-02,73.5256812886,74.8830485206,73.4345840761,73.607673645,6145900
2020-10-05,74.2909238458,77.0967559258,74.2909238458,77.0147705078,10129100
2020-10-06,76.3133039337,76.932774771,75.402317817,75.7211685181,7795600
2020-10-07,77.2334123645,79.2558029306,77.2334123645,79.1829223633,11446400
2020-10-08,80.9502240191,80.9502240191,78.8185129673,79.9845809937,10920800
2020-10-09,80.4765137206,80.8955734688,79.8388261912,80.8773498535,7608800
2020-10-12,81.1871204793,83.1457359206,80.7862841898,82.8177871704,10022000
2020-10-13,82.4442303512,82.5808796369,81.4694756405,81.6607818604,8247000
2020-10-14,81.6699095118,81.8794324336,80.4127441801,80.7133712769,8159000
2020-10-15,79.5199800231,81.5241467265,79.4288828002,80.3034286499,10327900
2020-10-16,80.6678359361,80.7042692702,78.7456543754,78.9825057983,7457200
2020-10-19,80.4765212201,81.6425894472,79.5199898369,79.765953064,7994500
2020-10-20,79.9754685494,81.0595442053,79.9572449357,80.4036331177,7357600
2020-10-21,80.1667463209,80.9593064287,79.7750221688,79.8387908936,7387600
2020-10-22,80.5676231495,81.0231162574,80.0574661424,80.3580932617,5656200
2020-10-23,80.3945007883,80.5766951771,79.6474926737,80.4491577148,4165400
2020-10-26,79.4470960913,79.9663578847,78.1352738973,79.0098266602,5568000
2020-10-27,79.2193618533,79.4562202195,78.3265992386,78.9916152954,5315800
2020-10-28,77.5704694273,77.8073277643,76.3770728851,76.3861846924,8727300
2020-10-29,76.7687966428,77.7344466483,76.5410501147,77.3336105347,5845600
2020-10-30,76.9145536583,77.2060689207,75.7576044151,76.4044036865,4963600
2020-11-02,77.0694246589,78.3083663429,77.0056559083,78.080619812,6597100
2020-11-03,78.5179048202,80.385422408,78.3994721629,79.8843841553,6274700
2020-11-04,80.8226930423,81.7792243379,80.5858346952,81.4877090454,7620800
2020-11-05,82.3713660977,82.8632994532,81.7792237095,82.3804779053,6670100
2020-11-06,81.8156408869,83.3552092713,81.1232966119,83.273223877,6403000
2020-11-09,83.9929114036,84.2479933369,81.0231018715,81.1050872803,8978000
2020-11-10,80.5311758294,80.8955716739,78.9824952277,79.8570480347,8350100
2020-11-11,81.5332470941,83.0637038539,81.40570961,82.7904052734,7707300
2020-11-12,82.7904265099,83.7105245531,81.7883430418,81.8247833252,7474600
2020-11-13,83.3916548347,85.4595898865,83.0910278026,84.9221115112,9170900
2020-11-16,87.8372623327,93.3214015628,87.7826054006,90.4335708618,18436200
2020-11-17,89.2584099136,89.3586119778,87.1722511729,87.1904678345,10843700
2020-11-18,89.7503366408,90.0054185561,87.7917223233,88.3018722534,8526600
2020-11-19,88.1561148681,88.2381072248,87.1084864962,88.0103607178,5542800
2020-11-20,88.0559278678,88.5478542908,86.8169861017,86.8443145752,5329800
2020-11-23,88.5114070569,90.1238492909,88.2289966581,89.3950576782,8802400
2020-11-24,89.7230119711,89.8141091839,87.4728753694,88.037689209,7022800
2020-11-25,87.6368692103,89.267535334,87.5822122627,88.8120422363,5194900
2020-11-27,89.7685806872,90.4335967189,89.3221993967,89.9507751465,4367100
2020-11-30,88.8758063396,89.2310903812,87.6368646228,88.3838729858,13840500
2020-12-01,89.9052339819,95.0158673291,89.7503610393,91.8820724487,16157300
2020-12-02,92.9205827864,92.9570230647,90.661334186,90.6795578003,8676300
2020-12-03,92.0642327018,92.1826653168,90.5793281889,90.6430969238,7359000
2020-12-04,92.474214372,94.514821586,91.7363107978,94.4966049194,10824500
2020-12-07,96.5827400861,98.0312115516,95.6262088827,96.9198074341,11793000
2020-12-08,98.1860819883,98.2407389309,95.7537507386,96.2365722656,9876200
2020-12-09,96.5736316288,97.1111100539,94.2961665386,95.1251602173,8204100
2020-12-10,93.8315563254,95.7537373071,93.1027647583,94.9520721436,7135000
2020-12-11,94.7516807943,95.7628760769,94.0320008304,94.7698974609,7492600
2020-12-14,94.5330191878,95.5624378707,94.2870560128,94.3417129517,5878000
2020-12-15,96.2730278025,96.9107154015,95.125183174,95.7355422974,7399900
2020-12-16,96.2456717448,96.2638884066,94.7061031894,95.835723877,5986900
2020-12-17,95.9656569169,96.3498837959,95.00508274,95.0508270264,7779300
2020-12-18,95.1422939164,95.8741605076,94.3738402772,95.3984451294,7417000
2020-12-21,94.7397660158,96.0205290527,94.5202088316,95.9016036987,6116400
2020-12-22,96.1211728286,96.2583987032,94.1451439662,95.0874176025,5597100
2020-12-23,95.7552285674,95.9381987057,94.7763610109,94.9227371216,3320800
2020-12-24,95.8375757766,97.2830016161,95.7552374618,96.944519043,3172100
2020-12-28,98.4356846778,98.9571373825,96.9262141181,97.1091842651,5157000
2020-12-29,97.886807782,98.0240336749,96.2584115357,96.5694503784,4602400
2020-12-30,98.5271845937,100.356844527,98.2527397916,99.6249847412,9571800
2020-12-31,100.320233455,100.329376727,99.2041400465,99.753036499,4909500
2021-01-04,101.976063119,104.382062607,101.042932959,102.186470032,11262100
2021-01-05,102.836034776,105.159696634,102.470101412,103.165367126,10583600
2021-01-06,104.153363599,106.477031956,102.964089135,105.763465881,10609300
2021-01-07,109.175793384,112.469186501,107.574841111,111.087791443,13556100
2021-01-08,115.186234399,115.533867243,107.01680323,108.581161499,18976800
2021-01-11,109.541720619,113.07296428,108.681785335,112.15813446,12006800
2021-01-12,114.500114315,114.536701369,111.316503173,112.524078369,14163200
2021-01-13,113.804833388,114.17076672,107.949921022,109.075164795,20650500
2021-01-14,112.935732249,123.181822875,111.307336376,115.680221558,37125400
2021-01-15,117.5281713,117.59220212,112.71616518,114.564125061,17343100
2021-01-19,119.467621675,122.632938963,117.500743164,120.117156982,20443800
2021-01-20,123.675813577,124.535755618,119.019334349,119.513336182,17360700
2021-01-21,121.901037526,123.867915475,121.068539285,122.733535767,15460100
2021-01-22,118.964469837,120.071420119,117.839233009,118.14112854,19163200
2021-01-25,120.602004419,120.913043176,116.503564177,119.403579712,20469300
2021-01-26,118.058782502,118.305790444,115.4972564,115.863189697,17084600
2021-01-27,114.30798664,114.445212513,111.151826458,111.371383667,16732700
2021-01-28,113.896304234,116.713981548,113.054662536,115.11302948,14148100
2021-01-29,113.438916907,113.768256257,110.282756285,111.170135498,15169200
2021-02-01,113.932903296,116.046157885,112.871697386,115.872344971,10179900
2021-02-02,118.443021306,119.156587469,116.595061108,117.500747681,9302400
2021-02-03,118.013045188,118.141120802,115.32344332,116.640800476,9676600
2021-02-04,116.640801688,117.281179769,115.241113185,117.235435486,7445100
2021-02-05,117.820938213,117.903283514,115.908947047,116.896965027,6226800
2021-02-08,117.738566361,121.90104382,117.738566361,121.260665894,11160000
2021-02-09,122.568905065,122.962289177,120.528838314,121.379623413,7929100
2021-02-10,122.696989567,124.416874355,121.224112775,122.303619385,12196300
2021-02-11,123.86794744,127.371747196,122.642078877,127.30771637,12347900
2021-02-12,127.088145736,127.902343646,125.47805042,126.301391602,11114100
2021-02-16,129.549065424,130.088811726,127.545585667,128.121932983,11833600
2021-02-17,127.353481642,127.746851815,124.50835998,124.663879395,12311200
2021-02-18,123.364822663,124.307096382,122.038308086,123.16355896,11614600
2021-02-19,124.554088207,126.200784857,124.160718041,125.0206604,10771900
2021-02-22,122.212126575,123.758191385,121.837042955,122.193840027,10363800
2021-02-23,118.104537964,120.519688184,114.701362862,118.104537964,18444700
2021-02-24,118.479614461,121.105185747,116.805481061,121.031997681,12782900
2021-02-25,120.318411124,120.336697668,115.012395848,115.268547058,13581200
2021-02-26,114.747103665,116.54016926,112.368547548,115.213668823,17281000
2021-03-01,118.589388154,119.202322428,116.402938571,118.131973267,9714900
2021-03-02,117.491576622,117.573921908,115.268547058,115.268547058,8274500
2021-03-03,115.927246872,116.878670813,112.258776993,112.423446655,10660300
2021-03-04,111.563496584,112.661296583,103.824036948,105.745178223,24454200
2021-03-05,110.602933313,110.968866659,105.553068493,110.511451721,17448700
2021-03-08,110.273588217,110.6944091,104.016148569,104.2265625,17246900
2021-03-09,107.099122664,108.315847953,105.507320792,106.467887878,17717100
2021-03-10,107.76696177,107.977368732,103.750859188,104.13508606,15240300
2021-03-11,108.169467788,110.511436697,107.099118655,110.310173035,15091600
2021-03-12,108.864766309,108.864766309,107.291257646,108.224388123,8171000
2021-03-15,108.544550178,108.965371022,106.769778247,108.937927246,8935000
2021-03-16,109.523426066,110.92311456,108.04139926,109.184936523,10793400
2021-03-17,108.127073551,109.752420109,105.959940136,109.054534912,9890400
2021-03-18,108.356645609,108.659678588,104.775365243,105.142677307,10283800
2021-03-19,105.032495733,105.500818853,103.95811358,104.343788147,11536000
2021-03-22,105.408987374,108.659687861,105.408987374,107.603668213,9376400
2021-03-23,106.611922674,107.208803926,105.252877091,105.500808716,8977400
2021-03-24,103.278580703,105.317156081,99.9544165546,100.055427551,24196100
2021-03-25,99.1738776708,103.535691735,99.0728666794,101.423652649,16772400
2021-03-26,102.846985342,107.162882817,102.112361216,107.034324646,12910900
2021-03-29,107.025160573,107.217997854,103.205125838,105.041679382,10863600
2021-03-30,105.858936815,106.602738699,104.949844844,105.666099548,8206200
2021-03-31,106.327269924,108.687240985,106.116063181,108.613777161,9806500
2021-04-01,112.773561182,114.674393702,111.699179106,114.60093689,17904000
2021-04-05,116.685417879,116.988450866,112.654183799,114.325447083,14113900
2021-04-06,113.866301406,113.875486134,111.607341751,112.433792114,13042300
2021-04-07,112.43378642,112.589891757,110.046261713,110.092178345,11193200
2021-04-08,111.460425435,113.701022867,111.460425435,113.342895508,10226700
2021-04-09,112.718495277,113.352108612,111.75430168,112.764411926,8315200
2021-04-12,112.222608968,112.452178172,109.4953257,111.019668579,9868400
2021-04-13,112.397070309,112.856208663,110.514600258,111.359413147,8384800
2021-04-14,112.02058885,112.424632899,110.652358332,110.964569092,9521900
2021-04-15,111.754280602,112.029766436,107.034338543,108.67805481,18709100
2021-04-16,109.449416102,110.744182771,108.218921523,109.128013611,9512100
2021-04-19,108.356657265,109.164738288,105.785479544,105.969139099,12630300
2021-04-20,106.566002815,107.236340813,105.188587907,105.555892944,9299200
2021-04-21,105.142675655,107.888320856,104.472330622,107.805679321,8472200
2021-04-22,107.897519276,107.897519276,105.060047451,105.895675659,7411800
2021-04-23,107.052688372,109.017799747,106.455807177,108.944335938,8380300
2021-04-26,110.193226727,111.607373978,109.642261995,111.589004517,8444000
2021-04-27,111.570619872,111.708362779,110.092193814,111.359413147,5491800
2021-04-28,110.193207429,110.578881974,109.026999066,109.880996704,6476500
2021-04-29,110.854363388,110.955374384,107.998522315,109.366752625,8831800
2021-04-30,108.365838474,108.521943836,107.116981565,107.199623108,7950700
2021-05-03,107.869973942,107.943437766,106.272174315,106.465011597,10229500
2021-05-04,105.601853805,106.354840657,104.444822837,105.932434082,9638300
2021-05-05,106.520093946,106.970047554,105.464074373,105.950759888,7059000
2021-05-06,105.877309742,108.026073927,105.105953646,107.43837738,8581700
2021-05-07,108.723943333,109.660582318,106.565994873,107.282249451,9614300
2021-05-10,105.583449109,105.950754153,103.058188397,103.131645203,12281200
2021-05-11,100.762513896,103.756091147,100.211542225,103.627532959,10007700
2021-05-12,100.413549288,101.09307204,99.2289715802,99.3667144775,15058900
2021-05-13,100.422751644,102.323584344,99.0820683532,99.8626022339,10552000
2021-05-14,101.570613491,103.60918943,101.230848499,103.269424438,8425200
2021-05-17,100.156437168,101.03798194,99.0545079546,100.826782227,10688600
2021-05-18,103.765272831,104.206048754,101.689965413,101.781791687,7476600
2021-05-19,99.6330215463,103.296943603,99.1738831982,103.214302063,7280500
2021-05-20,103.205103793,104.42641332,102.938802745,104.022369385,6442500
2021-05-21,104.683540009,104.683540009,102.562323151,102.709243774,5979400
2021-05-24,103.08575344,105.179423381,102.957195251,104.343788147,6653600
2021-05-25,105.464083668,105.546732218,104.316237727,104.940666199,5331700
2021-05-26,104.683527453,106.520080566,104.683527453,106.520080566,6605100
2021-05-27,106.520098022,107.006783555,105.601821315,106.308891296,6513700
2021-05-28,106.795595501,108.209735619,106.474193014,107.768966675,5386500
2021-06-01,109.926895595,110.229928567,107.833225979,108.824966431,7596100
2021-06-02,109.183079025,109.688126905,108.283164958,109.228988647,5383400
2021-06-03,108.40257771,108.595414995,106.942513973,107.273094177,4912200
2021-06-04,108.567877599,110.055481648,108.402587482,109.743270874,5352100
2021-06-07,108.485206228,109.045355563,107.961788802,108.558670044,6266000
2021-06-08,107.943435613,108.062809069,105.656921443,106.446640015,11564800
2021-06-09,106.520081631,108.035239366,106.492534455,107.557731628,6401600
2021-06-10,107.47510477,109.137183339,107.098607963,108.577033997,8566600
2021-06-11,108.622951696,108.742325145,107.585301547,108.586219788,6036600
2021-06-14,108.861712035,111.11148728,108.779063484,111.102302551,7610300
2021-06-15,110.514598926,112.029756875,109.522858413,109.688148499,8196900
2021-06-16,109.779984523,110.101379974,107.897514448,108.375015259,8059400
2021-06-17,108.477340057,110.837143974,108.394374464,109.804733276,7608100
2021-06-18,108.320633803,108.670914993,106.200492677,106.735137939,12532800
2021-06-21,106.357201535,106.37564146,104.181754607,105.214172363,11116200
2021-06-22,104.624210084,105.536789331,103.250731234,105.389305115,11792400
2021-06-23,107.113049085,108.237645076,106.753548011,106.974784851,8913700
2021-06-24,107.59241429,108.468120802,107.177600389,108.071746826,6772200
2021-06-25,108.265328168,108.70779494,107.417274475,107.417274475,6712800
2021-06-28,108.117827234,110.569809409,108.016428762,110.256401062,11026600
2021-06-29,110.062831572,110.88323234,109.159465215,110.827926636,7874900
2021-06-30,110.763412476,111.316490675,109.703341824,110.763412476,7936400
2021-07-01,110.708084946,110.809483423,108.799960842,109.159461975,8295600
2021-07-02,109.463653773,109.860027706,109.150245425,109.61114502,5144300
2021-07-06,110.477623261,111.500820848,108.975093225,110.661987305,7181500
2021-07-07,111.205861496,111.583802566,108.965889027,109.002761841,7391800
2021-07-08,106.808890063,109.030422774,106.357203331,108.652488708,7565400
2021-07-09,108.772306867,111.344127509,108.422025698,111.132110596,8374200
2021-07-12,111.712851313,113.132422976,110.173441249,113.040237427,10668700
2021-07-13,113.556438068,115.667358938,112.579326199,114.210914612,13460200
2021-07-14,115.363174667,115.943905649,114.367629814,114.662605286,10587700
2021-07-15,110.726529284,111.261167509,107.730681699,108.339065552,23734500
2021-07-16,109.463650967,109.684880798,106.163608265,106.689033508,12110000
2021-07-19,105.085108923,106.578426161,104.375326633,106.329536438,9230200
2021-07-20,106.818084812,107.73067105,105.481478834,107.297424316,7108000
2021-07-21,107.140738382,108.652488708,106.864195772,108.652488708,5564700
2021-07-22,108.855267465,108.855267465,107.122287448,107.444915771,5746500
2021-07-23,108.449676888,108.449676888,106.311103033,107.656929016,5773900
2021-07-26,106.735138066,107.020893588,105.887084427,106.606086731,6440600
2021-07-27,106.301865319,106.37561093,103.287585544,104.661064148,11127500
2021-07-28,105.029803453,106.477027921,104.974490719,106.071434021,6819700
2021-07-29,106.928714788,107.951912535,106.569213637,107.066986084,7162000
2021-07-30,106.467810941,108.237663772,106.18205543,107.518661499,6482600
2021-08-02,108.311409379,109.122590168,107.537101402,107.721458435,6028800
2021-08-03,108.136268488,109.362263186,107.703021712,109.150253296,5874700
2021-08-04,109.168681749,110.201099405,109.030410459,109.454437256,4254000
2021-08-05,109.758625083,109.915329251,108.993530096,109.896896362,4452300
2021-08-06,109.113387873,109.325397778,108.265327155,108.965896606,4338100
2021-08-09,109.159477602,109.500545894,108.145499721,108.975120544,4280200
2021-08-10,109.233224413,109.740216875,105.15887292,107.260574341,5132800
2021-08-11,107.389598897,108.117821055,106.191257212,106.91947937,4490400
2021-08-12,106.513904015,106.882618082,105.490706306,106.652168274,6338400
2021-08-13,106.071430031,106.486236844,105.536784826,106.467803955,4593200
2021-08-16,106.09909456,106.449382784,105.177295291,105.665847778,5435900
2021-08-17,104.836236362,104.946847776,102.089271383,102.42111969,13398800
2021-08-18,103.001843093,104.163312082,101.748195588,101.812721252,9167300
2021-08-19,100.476111372,102.292056896,99.2593367269,101.877243042,12146900
2021-08-20,100.605179745,101.13060509,99.3054463286,99.6649475098,13042000
2021-08-23,101.47166373,102.6239128,100.725001551,102.282844543,9533500
2021-08-24,103.07558054,104.227829476,103.057147652,103.342903137,6719800
2021-08-25,106.661376371,109.860020474,106.569197865,107.87815094,22106800
2021-08-26,108.753890532,109.196350282,107.251353089,108.864501953,9892100
2021-08-27,109.076499552,109.970645889,108.486548634,109.223983765,6827700
2021-08-30,109.583484645,110.155002671,109.205550636,109.684883118,6434200
2021-08-31,110.62513794,111.353360243,109.417576053,109.703338623,8424900
2021-09-01,110.818702409,111.869552948,110.210311553,111.039932251,8603900
2021-09-02,111.482395124,111.897201942,111.039928423,111.34412384,6866400
2021-09-03,112.07237451,114.745594219,111.777398979,114.275474548,10361400
2021-09-07,114.874625662,115.483009513,114.201709112,114.948364258,9739900
2021-09-08,113.353661082,113.510365275,111.749732269,112.35811615,7983300
2021-09-09,112.634662156,113.832997063,112.348899582,113.086341858,5101300
2021-09-10,113.399731064,114.61650569,113.279899703,113.353645325,5163900
2021-09-13,113.325988498,114.395271844,112.643852071,113.952812195,6622800
2021-09-14,113.962036344,113.962036344,112.828227229,113.464263916,5110500
2021-09-15,112.837452163,112.920410721,111.42709337,111.99861145,5566500
2021-09-16,111.07024696,112.11615591,110.468615043,111.801460266,7301400
2021-09-17,111.246101328,111.505264086,108.932138039,108.987670898,10722700
2021-09-20,106.627442696,107.377171724,105.100232328,106.164649963,8991000
2021-09-21,107.043975535,107.247605495,106.025832792,106.405319214,8182200
2021-09-22,106.655214986,107.59005121,106.359027923,107.247589111,5345600
2021-09-23,108.265732999,108.265732999,106.988420537,107.543777466,5484700
2021-09-24,107.367909806,107.886235387,106.932883524,107.034698486,4455900
2021-09-27,107.090234322,107.89549621,106.45158516,107.506752014,5198800
2021-09-28,105.822178437,106.479343211,103.526723582,103.573005676,9792300
2021-09-29,103.943225763,104.452293411,102.758470719,103.313827515,6522400
2021-09-30,104.063546221,104.915082925,103.341590881,103.341590881,6433400
2021-10-01,103.665552941,103.943231354,102.092060766,103.258293152,5315200
2021-10-04,102.739964795,103.137966743,100.444510222,100.907302856,8514500
2021-10-05,101.629272494,102.138340191,101.092431306,101.129455566,8039600
2021-10-06,100.370477674,101.370104486,99.5744737077,101.20349884,7553600
2021-10-07,102.739974158,103.397138911,102.267923651,102.582626343,7821900
2021-10-08,102.721462376,102.804761666,101.36085082,101.851409912,5143400
2021-10-11,101.888440431,103.397142059,101.721834779,102.055046082,5318500
2021-10-12,102.249418597,102.767744153,100.481547122,101.073921204,9294600
2021-10-13,101.184993438,101.860673873,100.842524306,101.795883179,7845100
2021-10-14,105.646325673,106.201675546,102.888084909,104.183898926,16930500
2021-10-15,106.238695611,106.396043441,104.554130393,106.312744141,11558800
2021-10-18,104.979889227,106.766269244,104.979889227,106.757011414,6773800
2021-10-19,107.182801867,108.27499302,107.025446967,108.256477356,5406100
2021-10-20,108.182424655,108.321263884,106.951401375,106.988418579,8205800
2021-10-21,106.451588985,107.69187015,106.081353377,107.63633728,4640300
2021-10-22,107.590043431,108.432329523,105.729621887,105.729621887,6283000
2021-10-25,105.886971972,106.025811195,104.69296595,105.183525085,6667700
2021-10-26,106.386796546,106.720007882,105.257581139,105.683349609,4852300
2021-10-27,105.544502138,106.497853971,105.248315092,105.285339355,5394500
2021-10-28,105.202034945,107.386409888,105.09096216,107.377159119,5714300
2021-10-29,105.581520942,105.692593726,104.794774804,105.239051819,7118900
2021-11-01,105.128005844,105.83144576,104.915118066,105.627822876,4955700
2021-11-02,105.137244787,106.257209363,105.090969753,105.618553162,4479700
2021-11-03,104.998409952,105.609292644,104.341245166,105.525993347,6073000
2021-11-04,104.933625592,109.080244476,104.045064402,109.024711609,14682800
2021-11-05,109.376420499,110.635217156,107.5992983,109.033958435,8668100
2021-11-08,109.580057406,113.152817695,108.339776332,111.912536621,15776300
2021-11-09,112.227229565,114.096908963,111.22759564,112.717788696,10874100
2021-11-10,110.69999558,111.810702128,108.922873577,109.404174805,9046100
2021-11-11,110.385311657,111.505269092,109.033957884,109.394935608,6994000
2021-11-12,109.580048622,109.978050604,108.543390492,109.857727051,6947200
2021-11-15,110.440846412,110.737033449,108.765539147,109.33014679,5157000
2021-11-16,108.932143611,109.57079271,108.441584499,109.293121338,5555100
2021-11-17,109.219084611,110.653744903,108.765549712,110.200202942,6391400
2021-11-18,111.042491886,114.365340392,110.885144049,114.207992554,13229700
2021-11-19,112.94920105,115.513076921,112.939943217,115.013259888,9071800
2021-11-22,114.309799836,118.558233542,114.041379216,115.466781616,16076100
2021-11-23,113.587860334,114.032137446,110.625982324,112.329063416,10984000
2021-11-24,111.070237012,111.875498772,109.589301931,111.727401733,6992600
2021-11-26,108.756286318,110.181688705,107.849209503,108.376792908,6766900
2021-11-29,109.552279421,110.959166005,109.126511019,110.403816223,7634000
2021-11-30,109.311638237,111.227599801,107.145771713,108.4323349,10561800
2021-12-01,110.348294326,114.319056604,110.348294326,111.653366089,12924400
2021-12-02,111.394206488,114.21724491,111.088761598,112.643745422,8425500
2021-12-03,111.995829631,112.782575782,109.200564924,110.45010376,7809000
2021-12-06,110.042842248,110.607449879,107.904742338,110.274238586,5681200
2021-12-07,111.570064712,113.458259772,111.310901931,113.217605591,7459200
2021-12-08,112.578965588,113.125064724,111.172078689,112.736320496,5795700
2021-12-09,112.16242837,113.004707331,110.598186933,110.607444763,6103900
2021-12-10,111.070245956,111.801459256,109.441213705,110.264984131,5973900
2021-12-13,110.015075726,110.172423541,107.728878772,107.756645203,5854300
2021-12-14,106.849591028,108.274993527,106.673727525,107.63633728,6267300
2021-12-15,108.099119249,111.542298052,107.812190036,111.440483093,6700700
2021-12-16,111.845708396,112.226771645,107.942171349,108.341819763,9116100
2021-12-17,108.081577632,109.19687183,107.746987954,108.109458923,11725600
2021-12-20,107.737703448,108.388297709,105.869585819,106.826881409,6980800
2021-12-21,107.877098337,109.206160833,106.956980329,109.150398254,6122900
2021-12-22,108.667099459,112.868055339,108.58345559,112.737937927,9300100
2021-12-23,112.421947504,113.193363037,111.381000985,112.161712646,6512500
2021-12-27,112.663579367,114.559584999,112.644987114,114.039108276,6309900
2021-12-28,114.671108857,114.931350761,113.267698675,113.444282532,6321000
2021-12-29,113.2026351,114.45734266,112.43121973,112.840164185,5847700
2021-12-30,112.459121156,112.970301816,111.706297903,111.920059204,4187800
2021-12-31,112.78440159,113.156168655,111.734166192,111.817810059,3888200
2022-01-03,115.368165174,120.442765111,115.247343899,119.708534241,18592000
2022-01-04,121.632431781,125.935624064,121.102673062,123.983848572,25554900
2022-01-05,121.483747921,121.641746649,117.924082403,118.091377258,17891200
2022-01-06,118.035585154,119.894413266,116.000166101,119.401824951,16249000
2022-01-07,117.617369958,118.165720933,114.606062841,114.782653809,21248100
2022-01-10,116.278998036,116.985354734,114.559583378,116.186058044,11857700
2022-01-11,117.608064959,120.405603478,116.641473412,120.05242157,12113100
2022-01-12,121.288548436,123.537729012,121.028313604,122.896430969,16389200
2022-01-13,130.815057319,134.765067931,129.114227518,129.36517334,52020000
2022-01-14,126.483940479,133.724083059,126.483940479,130.731369019,28255300
2022-01-18,127.097402392,127.497043723,123.881622753,124.383514404,15191400
2022-01-19,125.117728374,126.307377352,121.697491109,121.762542725,11155100
2022-01-20,122.608330004,123.379745557,119.150907751,119.271736145,11421900
2022-01-21,118.109945622,118.946419731,115.498287177,115.739936829,15573700
2022-01-24,115.033596071,117.171251635,111.650528843,117.069015503,17083400
2022-01-25,116.632187433,116.938895825,113.10970672,113.834655762,11370500
2022-01-26,116.529936366,117.728881397,113.286283169,114.392288208,13592100
2022-01-27,115.247369062,115.377486492,107.839936222,108.165229797,18599800
2022-01-28,110.330757202,111.15793526,106.1298082,109.308403015,14005900
2022-01-31,111.083566476,114.104162202,110.423683338,113.9740448,10189100
2022-02-01,114.224996864,114.540994262,111.62263449,114.3644104,6956300
2022-02-02,117.319963114,117.543020547,113.899718413,115.386779785,8562900
2022-02-03,112.877361897,115.13583889,110.83265331,111.381004333,9926800
2022-02-04,111.938644452,113.230529576,110.962756742,112.47769928,5743200
2022-02-07,113.908996911,115.340295565,113.276995,113.676643372,6562900
2022-02-08,113.388508988,115.117219611,113.026038092,114.977806091,7036200
2022-02-09,116.065232599,116.687945448,114.094879205,116.660057068,10979700
2022-02-10,115.990908055,119.578447838,115.581963492,115.90725708,10474900
2022-02-11,116.641474166,117.645243135,111.947929939,112.468406677,9845700
2022-02-14,111.483212782,112.970280939,109.670858215,111.315917969,8081800
2022-02-15,113.407131332,115.81431809,112.886661586,115.730667114,9248700
2022-02-16,114.448073008,115.51690084,112.988892883,114.875602722,5749500
2022-02-17,113.843937284,114.085586949,111.204404501,111.306640625,7976700
2022-02-18,112.012995166,112.171000968,110.089108075,110.888404846,8389000
2022-02-22,109.206157315,110.934868117,107.551801343,108.657806396,9793500
2022-02-23,110.182065465,110.999947477,107.588998779,107.719116211,8114700
2022-02-24,100.37673962,104.075811478,97.0122574618,103.98286438,27539100
2022-02-25,104.363922829,105.02380607,101.640738902,103.378746033,14258900
2022-02-28,101.650021829,102.021781793,97.5884796929,99.4566040039,26390800
2022-03-01,102.235557285,103.267207566,99.4937883575,100.423202515,20377900
2022-03-02,100.748494757,102.207674682,100.246610268,101.873085022,13342400
2022-03-03,102.15190827,102.235552137,100.004956854,101.110961914,10841700
2022-03-04,99.4473224644,100.488268953,96.482488806,97.6442565918,22372100
2022-03-07,95.9991809703,96.7427079782,92.0677563003,92.2815246582,29422900
2022-03-08,93.1365899976,95.8318924183,91.6588249206,92.9414138794,25650000
2022-03-09,97.1330624646,98.2576525924,95.5065879087,97.5419998169,14348400
2022-03-10,96.8356785049,98.0810902674,95.2835512297,96.6219100952,11811000
2022-03-11,97.9230830622,97.9230830622,94.1496635875,94.2518997192,18116400
2022-03-14,94.3541416787,94.6701462449,92.0770793579,92.2908477783,17959400
2022-03-15,91.110469022,94.930361789,90.7294129034,94.8838882446,13415600
2022-03-16,96.1820192488,98.7969328618,96.0139175576,98.7035446167,20347100
2022-03-17,98.7595488154,99.4879869007,97.8256523727,99.450630188,8042000
2022-03-18,98.7222210009,99.9643053433,97.9564259788,99.6654586792,10218200
2022-03-21,99.6654421657,100.132390446,98.1805429281,99.8522186279,10366100
2022-03-22,99.3572526263,100.823469914,99.2078328845,99.9642868042,10401200
2022-03-23,99.4599917731,101.038279369,98.3860092163,98.3860092163,12905300
2022-03-24,99.7214760188,100.842156194,98.8342771148,100.786117554,10834000
2022-03-25,100.571306235,100.842137048,98.8435921842,99.6747665405,7432100
2022-03-28,98.6381580468,99.6654428463,97.6949205184,99.3012237549,8151200
2022-03-29,100.786121655,102.504495143,99.7308210383,102.028205872,14076200
2022-03-30,100.664694451,102.112229605,99.4693081912,99.6747665405,15456300
2022-03-31,99.8895751106,100.067017737,97.3026847768,97.368057251,13021600
2022-04-01,98.7782316343,98.9463332927,95.4535623082,95.995223999,12085100
2022-04-04,97.1439023592,98.5914446585,96.4528210042,97.8630065918,9077200
2022-04-05,97.5735373743,97.6856004263,95.3601994709,95.7244186401,12291000
2022-04-06,93.7818900676,95.3881932775,93.1281653311,94.4916534424,14902600
2022-04-07,93.7818940534,94.5383551379,93.0627968126,93.8752822876,12431000
2022-04-08,93.968692652,94.0433989762,92.5678475404,92.7266082764,11796200
2022-04-11,91.7273268898,91.8767466436,90.5039246012,91.1202926636,12480500
2022-04-12,93.389674761,93.5297606982,90.9989013672,90.9989013672,13291500
2022-04-13,93.202883093,95.4629111444,92.9227112643,94.7905044556,15776800
2022-04-14,97.1252466406,97.5921949417,91.8300546155,91.8580703735,17828500
2022-04-18,91.475164281,93.2402281916,91.0268979267,92.2409591675,10277400
2022-04-19,91.9327767146,92.8760070801,91.2510291125,92.8760070801,10103000
2022-04-20,93.7632110999,94.3235475813,92.3623663338,92.46509552,8596900
2022-04-21,93.1561783914,93.9966866891,90.9708639424,91.2043380737,13038500
2022-04-22,90.615975824,91.3257391556,89.0563703864,89.35521698,11650100
2022-04-25,88.7668647319,89.9155534311,88.2065211346,89.8781967163,10654400
2022-04-26,88.6641496329,88.7388559493,86.637588501,86.637588501,14176000
2022-04-27,85.7690461473,86.5628638261,84.2561384654,84.2934951782,15846300
2022-04-28,86.0679149466,89.8408509787,85.713029675,88.9256362915,15176200
2022-04-29,87.0204919897,89.2711792593,86.637590935,86.7870178223,10629300
2022-05-02,86.3854297853,88.0384235229,85.2087181521,87.5621414185,8251900
2022-05-03,86.6469166293,87.8329691812,86.3947677079,87.4407272339,9511900
2022-05-04,87.7022301669,89.7194430498,85.8437708655,89.6447296143,9082500
2022-05-05,87.8236270337,88.1411484212,85.1900392092,86.0585632324,11517200
2022-05-06,85.3581524088,86.740315415,84.3028446692,85.5729446411,7944900
2022-05-09,83.9946533615,84.2281274862,81.2583363357,81.5291671753,11428600
2022-05-10,84.0693730782,84.3215291631,82.2669522634,82.9486999512,11690400
2022-05-11,82.9953772757,84.5829983371,81.996108393,82.0241241455,11531300
2022-05-12,80.5205653393,82.3790175632,79.7454294576,81.8933944702,11592900
2022-05-13,82.9953796971,85.3207798519,82.3323140756,84.9472198486,11180600
2022-05-16,83.9292811548,85.330125907,83.5837368842,84.4335861206,6729100
2022-05-17,87.1325550615,87.3099905693,86.2640309442,87.1512298584,7668800
2022-05-18,85.9838558519,87.0671792797,84.3962345526,84.5456542969,9610900
2022-05-19,83.9012818044,86.0118904847,83.6397918506,84.2468261719,7739000
2022-05-20,86.8897372602,86.8897372602,82.9580335766,84.7791290283,10469900
2022-05-23,85.0032721766,85.8344467719,84.657734967,85.4515457153,6920500
2022-05-24,83.6024138489,83.8639108611,82.6685173231,82.8553009033,8788600
2022-05-25,83.424976189,84.9098682063,83.1541453485,84.4335861206,9113500
2022-05-26,83.4997114758,85.3301482429,83.1541671148,84.9846038818,9762700
2022-05-27,86.4975119586,87.6181851102,86.4134575534,87.5714874268,6279000
2022-05-31,89.2244688493,89.9248911959,88.2625566332,89.0003356934,9621700
2022-06-01,89.2805049445,89.9902682873,87.6275112566,88.4866943359,6152400
2022-06-02,87.7769476044,89.9996262792,87.4314103903,89.9716033936,6335000
2022-06-03,88.1224901659,88.3279485729,86.7590018856,87.5714874268,9137100
2022-06-06,88.7201881267,89.224493209,86.7309906843,86.9551239014,9440200
2022-06-07,86.5441987353,87.6555380017,85.7036903457,87.6368560791,7360200
2022-06-08,87.7862848841,88.6548090514,86.983133197,87.2913208008,6446300
2022-06-09,86.8523844399,87.3193327433,84.7978147548,84.8445053101,8086700
2022-06-10,84.5550033521,84.7231050337,82.7712573347,82.8179550171,10460400
2022-06-13,80.3711414638,81.0902458569,79.3998881165,79.894859314,14603700
2022-06-14,81.0061872717,82.0708288018,80.5859366612,81.4264450073,10449600
2022-06-15,81.7252894686,83.8732472686,81.594544521,83.2381973267,11742500
2022-06-16,80.0058690858,80.6724273232,78.8511227101,79.3486938477,10505200
2022-06-17,79.7993240356,80.3626119493,78.8135648149,79.7993240356,9735500
2022-06-21,80.7381481147,82.3810755472,80.7381481147,81.6300201416,9604000
2022-06-22,79.4613442921,80.9071210389,79.3768543342,79.7148284912,7868700
2022-06-23,78.982550418,79.076437704,77.6963776859,78.9731674194,10370300
2022-06-24,79.0013321146,81.2544909284,79.0013321146,80.6630325317,10670100
2022-06-27,81.6018623626,81.6769693408,80.3438527096,80.6067199707,7358000
2022-06-28,80.878963833,81.4985783927,79.1797027588,79.1797027588,8289200
2022-06-29,79.2641963622,79.433183446,78.2315007003,78.5319213867,7981300
2022-06-30,76.4759191867,77.1894210601,75.2179096998,76.7481765747,14201600
2022-07-01,74.2039878345,74.3729749334,71.5189745748,72.2888031006,19531700
2022-07-05,69.9886972071,71.4908005492,69.2282517944,71.4532470703,22253100
2022-07-06,69.744612239,71.6316336128,69.2658142743,70.9369049072,11530500
2022-07-07,73.7909170813,76.0065228412,73.5468229789,75.7154922485,15847800
2022-07-08,75.0301521746,77.1331045879,74.8799453808,76.5228729248,10004200
2022-07-11,74.8893059451,75.3587136742,73.9974341249,74.2696914673,9519600
2022-07-12,76.1942721827,76.4946928671,74.1007103902,74.260307312,10363700
2022-07-13,74.4293009319,76.7200133283,74.0725535762,76.3163223267,14706500
2022-07-14,77.8747565314,78.8980693306,75.5840511798,78.5507049561,23377000
2022-07-15,80.3438258554,80.7756800917,78.8323324469,80.3907623291,14061000
2022-07-18,80.7944602282,80.8132405494,78.2690513853,78.4662017822,11352500
2022-07-19,79.799312832,81.1793726823,79.3862317441,80.8789520264,10673100
2022-07-20,79.9683148901,81.4422551287,79.9025980831,81.2638778687,11664800
2022-07-21,81.3765314245,82.4280074095,81.1136642188,82.4186172485,7135000
2022-07-22,82.061879372,82.3623000934,80.5503856031,81.0385665894,8612100
2022-07-25,81.0197982788,81.3953188311,80.3907863123,81.0197982788,5960900
2022-07-26,79.5740075281,79.987081497,78.7196819449,79.2548065186,6977700
2022-07-27,80.0903503622,82.5218863031,80.0903503622,82.2684020996,9399500
2022-07-28,81.7989883843,83.1978285756,81.1605935855,83.1884384155,10668200
2022-07-29,82.4467845248,83.7517376171,82.4186212032,83.06640625,10366200
2022-08-01,80.0809686345,81.5736819089,79.1421530921,81.0291671753,20102600
2022-08-02,79.348701153,82.1557653005,79.020117085,80.7850952148,15541600
2022-08-03,80.7005752122,81.4610134346,79.3862321499,81.2169265747,20779400
2022-08-04,81.6769619202,83.0100784302,81.3202145501,83.0100784302,13472500
2022-08-05,82.6439437891,85.4134543636,82.6251706269,84.2774810791,13293500
2022-08-08,83.5358096307,83.6484629111,81.5924617557,82.5594406128,12120300
2022-08-09,81.6206215507,81.8083817849,79.2735828096,79.9964675903,13075000
2022-08-10,81.498561414,83.244758606,81.0291537207,83.244758606,10704600
2022-08-11,84.4558515468,85.4322206422,83.8456199668,84.0427703857,11158800
2022-08-12,84.1929710867,85.7607911924,84.1554176087,85.3007736206,12098800
2022-08-15,84.5027736153,86.3146875693,84.4933834561,85.9673233032,15949500
2022-08-16,85.5636497196,85.7608001281,83.1508940126,84.4464569092,10566100
2022-08-17,83.5545798521,84.2774646386,83.0663989416,83.7423400879,9093100
2022-08-18,83.2823177031,84.1835796755,83.0100603631,83.808052063,10947700
2022-08-19,83.0851709501,83.1696609062,81.6957208719,81.8647079468,9602800
2022-08-22,80.1842470463,80.7663081576,79.7430025506,80.0246429443,8054000
2022-08-23,79.9495390373,81.3014286156,79.7899349436,80.7663040161,8462500
2022-08-24,80.5503788776,80.8601825725,79.9870838047,80.3250579834,7085800
2022-08-25,81.0479375265,82.2308398074,80.7475168764,82.2120666504,6602100
2022-08-26,82.1463621589,82.418619533,79.470739224,79.555229187,9381500
2022-08-29,78.7760101779,79.1609207992,77.7151441039,77.7808609009,9639700
2022-08-30,78.6539583844,78.8417257746,76.7293909818,77.7245330811,8392300
2022-08-31,78.9637687828,79.6772705367,77.9780096863,78.2502670288,8887100
2022-09-01,76.4665202225,76.8232746994,75.217901041,76.6448974609,11566000
2022-09-02,76.5604039081,77.9029103073,75.6779150804,75.9501724243,8850100
2022-09-06,76.0722308709,76.0722308709,74.6546172358,75.1334152222,12704400
2022-09-07,73.5937463187,75.2742269197,73.4435395636,75.0582962036,9843500
2022-09-08,74.1758121329,75.7999588815,73.9504912635,75.3305511475,8181700
2022-09-09,75.8844579967,76.6636765747,75.7999608778,76.5416259766,7084700
2022-09-12,76.954723521,77.4522946924,76.757573085,77.1237106323,7903000
2022-09-13,75.4995537857,76.1755022081,73.7158025962,73.9880599976,12835100
2022-09-14,74.8611334142,75.2554413017,74.1476389109,74.7860336304,8849600
2022-09-15,74.1893603401,74.8219224987,73.330202946,73.6228866577,10533100
2022-09-16,72.8015015188,73.6417724487,72.6221154092,73.5379180908,10604500
2022-09-19,72.2727940848,73.8589248657,72.2727940848,73.8589248657,10378600
2022-09-20,73.2074768489,74.0571910621,73.1791542423,73.7833938599,8202800
2022-09-21,73.2452207806,74.8785530315,72.8298034668,72.8298034668,10869000
2022-09-22,72.1783647682,72.4616051942,71.1492718132,71.4041824341,10817900
2022-09-23,70.148512619,70.2334804384,69.0061146681,69.7425384521,12685500
2022-09-26,69.3648845271,70.0446558719,68.8456127489,68.9305877686,13441500
2022-09-27,69.4026308014,69.9030158992,68.3074423434,68.9494476318,12430600
2022-09-28,67.136742189,68.2508101905,66.7496474073,68.0997467041,12943600
2022-09-29,66.5797021166,66.7307655975,64.6536931578,65.4089889526,16120300
2022-09-30,64.0211312177,65.758325432,63.9550427379,64.7292251587,10472400
2022-10-03,64.2760439095,65.6827884093,63.8700697945,65.3806686401,11945100
2022-10-04,66.8440661831,68.8550502402,66.7685344393,68.7417526245,14900700
2022-10-05,68.8456031881,70.7244173949,68.5246040993,70.3184432983,14037100
2022-10-06,69.8369518256,70.733868008,69.733097463,70.1957168579,11796800
2022-10-07,67.7976410281,68.0053497636,65.8527450562,65.8527450562,14758600
2022-10-10,65.9471482922,65.9754708977,63.2658359982,63.6718101501,16042200
2022-10-11,60.6128296159,61.2831647876,59.1211138042,59.9047393799,28699300
2022-10-12,60.0463529322,60.6411563355,59.8292045986,60.5278587341,16468700
2022-10-13,59.5365270454,66.2775757355,58.8378729226,62.8976135254,36639300
2022-10-14,63.5018580808,63.6812369569,60.2162994683,60.3484764099,19440900
2022-10-17,61.3492534182,61.6985751023,60.4617735011,61.2642784119,11280100
2022-10-18,62.2178437338,62.4161091347,59.2721709138,60.1502075195,16656100
2022-10-19,59.2344110817,60.5278614761,58.6962564547,60.1030044556,12385200
2022-10-20,60.187980632,61.6324910147,59.8386553215,60.0274810791,11300900
2022-10-21,58.5546445111,60.216303255,58.5546445111,60.1879806519,13699000
2022-10-24,57.1951047305,58.1769921737,56.3453906339,57.8654327393,25010800
2022-10-25,56.6097403776,57.931516964,56.1848833605,57.7238082886,21700600
2022-10-26,57.4594499494,58.5168689754,57.053475898,57.4405670166,14006000
2022-10-27,58.3941441414,58.9606214413,57.5066677201,57.5444335938,12937600
2022-10-28,57.374494628,58.5640909154,56.713606201,58.5452079773,11972300
2022-10-31,58.1486743827,58.7906798419,57.6577288198,58.1109085083,10802800
2022-11-01,59.7253557691,59.8858589183,58.1392288208,58.1392288208,11561900
2022-11-02,59.0078336182,59.3760419237,57.1384658813,57.1384658813,16547200
2022-11-03,56.647507537,57.4877783226,56.1093565035,56.9118614197,11040900
2022-11-04,58.0731461206,59.0078317604,57.6105267365,58.988948822,14662800
2022-11-07,59.1211151407,59.41379523,58.5074359618,59.2532920837,8507100
2022-11-08,60.7733406892,62.0762308501,60.631720471,61.3870162964,14102800
2022-11-09,62.812647748,62.8787362232,61.3209282189,61.3681373596,15086800
2022-11-10,63.955026924,66.9101428506,63.5584961438,66.8818130493,21367900
2022-11-11,68.6756651051,70.4317385552,68.3357794565,69.7047653198,15524700
2022-11-14,69.1477175635,69.563134896,68.203592501,68.7323074341,11575300
2022-11-15,77.3427471006,78.2963157229,75.539471424,75.9643249512,48742400
2022-11-16,76.0587139708,76.0681572385,74.4914700871,75.0107345581,24006600
2022-11-17,74.8691292192,78.3057442781,74.2932122865,76.9273223877,24278400
2022-11-18,78.154670158,78.2113153558,76.4741287286,77.6731643677,18578400
2022-11-21,76.2947480998,76.5024567773,75.0296239055,75.4639205933,18659700
2022-11-22,76.8045816912,78.5417757621,76.6912912799,77.9280929565,16504700
2022-11-23,77.8336783198,78.3151769517,77.1633503393,77.3899383545,14683800
2022-11-25,77.5504420008,77.7675939624,76.8517913818,76.8517913818,5908300
2022-11-28,75.7849291609,76.5496754965,74.4820389346,74.7936019897,13214200
2022-11-29,75.4450476489,75.728280885,74.5481243935,74.8974533081,11502300
2022-11-30,76.1248134716,78.7683669542,75.9737571829,78.3435134888,21667300
2022-12-01,78.4001502041,78.957180563,76.6063110498,78.0602645874,15975100
2022-12-02,77.2388739928,77.5693235483,76.6157551574,76.9461975098,10519800
2022-12-05,77.3616214247,77.5882094565,76.4269322877,77.0595016479,11523300
2022-12-06,76.8517953073,76.889561181,74.736956805,75.1146011353,13992100
2022-12-07,74.5858814796,75.2562094235,74.1987867385,74.8124694824,14925300
2022-12-08,75.0107417278,76.4458160171,74.6802993596,76.2853164673,11197500
2022-12-09,76.3325137917,77.5976451862,76.1814575195,76.1814575195,13787900
2022-12-12,75.3317422654,75.9359817505,74.3970604373,75.9359817505,11516600
2022-12-13,77.5032404774,77.5032404774,75.180693162,76.0115280151,16938000
2022-12-14,76.304207551,76.9556563223,75.0768417622,75.5489044189,17910000
2022-12-15,75.2080187007,75.2080187007,73.4799720821,73.6888580322,17080200
2022-12-16,73.6888804025,74.1161419801,72.3786052863,72.4450683594,11929100
2022-12-19,73.0337433047,73.223642984,71.9323541406,72.2551727295,12561300
2022-12-20,71.3151805447,72.3501064534,71.1157913489,71.7994155884,12080600
2022-12-21,72.0272710108,73.5084516861,71.941814379,73.2425994873,10806100
2022-12-22,72.4260695608,72.5684924911,70.2802505448,71.4765930176,13019700
2022-12-23,71.106300354,71.5430587107,70.4226760587,71.106300354,7452600
2022-12-27,70.5745907875,70.9638723901,70.4131815193,70.5650939941,8974800
2022-12-28,70.4416646187,70.7834767419,69.1598655346,69.3687515259,10275700
2022-12-29,70.5935720763,72.1981895827,70.4036796853,72.1602096558,11142500
2022-12-30,70.5366090651,70.8024613223,69.9289446931,70.7265014648,7784100
2023-01-03,72.017780575,72.1317203462,70.0428680044,70.2897338867,9276200
2023-01-04,71.2012447379,72.7393993628,70.7075201173,72.464050293,12316400
2023-01-05,72.1602174795,72.5779894777,71.5335594822,71.9038619995,10039200
2023-01-06,72.6349553607,74.7617807834,72.3026400202,74.1256332397,13744100
2023-01-09,76.4898104877,77.1164683398,76.0150723248,76.2524414062,22247600
2023-01-10,76.4423587293,77.4582983435,76.3948820045,77.1639556885,10269000
2023-01-11,77.4488117571,77.7526440021,76.5563013684,77.6482009888,11771400
2023-01-12,80.6675062445,84.3419821636,80.154788169,82.6044387817,36086800
2023-01-13,81.0947942374,82.6994046539,80.6105591768,82.41456604,18719900
2023-01-17,81.8638798082,85.1965449548,81.8069135259,84.493927002,21850000
2023-01-18,85.9086422371,86.6112528624,84.8452258833,84.9496688843,19209800
2023-01-19,84.5318910326,85.4623811833,83.8007973202,83.9337234497,13651100
2023-01-20,85.4528875033,86.430847168,84.6933033835,86.430847168,14287200
2023-01-23,87.1239819529,90.8934055215,87.0860020166,90.8269424438,22875100
2023-01-24,90.9503683058,93.048710813,86.9245893765,89.7825088501,11370500
2023-01-25,87.9974824823,88.3013146732,86.5163014575,87.7411270142,14147300
2023-01-26,89.1463409759,89.5166362022,87.9594954445,88.7285690308,15759400
2023-01-27,88.1304144435,89.3647368751,87.5797162974,88.5861663818,13646600
2023-01-30,88.1588913919,89.4881599379,87.9025359248,88.4247436523,14079800
2023-01-31,86.4023549841,88.0734355264,85.4528785557,88.0449523926,13342100
2023-02-01,88.3013126118,90.9313592733,87.8930374358,89.9533996582,16788500
2023-02-02,91.7194300149,92.5739603283,90.9978258343,91.7669067383,14925300
2023-02-03,90.2382398381,92.0517360337,89.5451188641,89.8774414062,12242200
2023-02-06,87.1619389243,87.3993080311,86.1554889855,87.1904220581,12425200
2023-02-07,87.142948761,89.9154182991,87.0480025633,89.7730026245,15258900
2023-02-08,90.2192502633,91.092774114,89.4691702327,89.5166397095,12899700
2023-02-09,91.1497447558,93.5898990912,90.7889462906,91.8048858643,16997400
2023-02-10,91.1022732371,91.6244882438,89.488165979,90.5515823364,11511400
2023-02-13,90.6465317254,91.5200484547,90.11482715,91.254196167,7803500
2023-02-14,90.9788475829,93.9886866683,90.4091630713,93.0107269287,15345100
2023-02-15,87.6651653745,88.9469571772,86.1839771358,88.0734405518,30208300
2023-02-16,86.3833650117,87.1524385684,85.3389351893,86.2314453125,15568400
2023-02-17,85.4243993408,85.7377283151,84.4464397337,85.5478286743,11235300
2023-02-21,83.9147306393,84.9021870707,83.0602075827,83.2121200562,14007600
2023-02-22,83.3165632148,83.6393817491,82.2816373027,82.4430465698,10106400
2023-02-23,85.7377250863,87.3423353376,84.9401611131,85.5288391113,15468300
2023-02-24,83.6393850137,83.696358532,82.8323314026,83.6583786011,8817600
2023-02-27,84.2185587283,84.3609816454,82.8323239721,82.8892974854,10609400
2023-02-28,82.7373843931,83.6963577185,82.5095120538,82.6709213257,7520400
2023-03-01,84.5413910689,85.4908675985,83.8102900845,83.9527130127,8176700
2023-03-02,83.2121266359,84.8262339194,82.7184020032,84.5318984985,9761600
2023-03-03,84.1900704599,85.3104528991,83.4399832363,85.2534866333,10844000
2023-03-06,85.5288535939,86.7156993401,84.9876522234,85.0541152954,9960000
2023-03-07,85.4054074939,85.6807565456,83.8387770784,84.3609848022,8761100
2023-03-08,83.8862540708,86.2504487176,83.6868648591,86.2409591675,8813000
2023-03-09,85.1775402347,86.1080304388,84.0951375497,84.3894729614,10354700
2023-03-10,83.5824179283,84.6648205949,82.7943506684,82.8418273926,11928800
2023-03-13,82.0157792238,84.5034103151,81.9493161572,83.3070678711,11847600
2023-03-14,83.5824203248,85.1015813703,83.2785881157,84.7787628174,11100100
2023-03-15,82.7943641979,82.8323441347,81.1232904447,82.3196258545,12171500
2023-03-16,82.0323343561,85.3918943057,81.9082624709,85.2296447754,13184600
2023-03-17,85.0005684973,85.9263562523,84.9433056775,85.3918838501,13287700
2023-03-20,85.1437357747,86.2508655395,84.6188095848,85.9359054565,8217500
2023-03-21,86.8521540461,88.7609925966,86.6612731037,88.283782959,12299700
2023-03-22,89.2381940642,90.6984542566,88.3219525177,88.3983078003,12812400
2023-03-23,90.1830782025,91.4524576273,89.171396068,90.2785186768,11169700
2023-03-24,89.6676769407,89.8871965509,87.8924567251,88.5605545044,7653700
2023-03-27,87.8447525575,87.9783706759,86.4226698505,86.5276565552,9349800
2023-03-28,86.5276422105,86.7280693549,85.8213668084,86.6707992554,7521300
2023-03-29,87.5775173419,88.9709686514,87.2816424062,88.5319366455,9264000
2023-03-30,89.0950284639,89.2572779759,87.8351954451,88.2551422119,10232800
2023-03-31,87.0812099802,89.0091409351,86.9762232805,88.7800750732,8701800
2023-04-03,88.770540811,89.3336447008,87.5297928129,88.6082839966,6863600
2023-04-04,88.7991737173,89.0282323135,87.5393405159,87.9688262939,6338400
2023-04-05,87.4248116024,87.9783765767,84.9910466122,86.0886230469,9171800
2023-04-06,85.5732428454,86.7662670389,85.3250917743,86.1268005371,5874500
2023-04-10,84.3897522237,84.9719485755,82.5286375132,84.9624023438,12232900
2023-04-11,84.5997284013,85.7450286788,84.4374788636,85.17237854,11079200
2023-04-12,84.8574164762,85.4205203217,82.9008541596,82.9104003906,11299100
2023-04-13,82.6145132458,83.6357413703,82.0514094838,83.0821838379,7910500
2023-04-14,83.9411638099,84.3420253988,82.5954365551,83.2253494263,7656400
2023-04-17,83.7502810408,84.0366097006,83.1871772332,83.9793395996,8163600
2023-04-18,84.1797680081,84.3706562114,83.5116775008,84.122505188,8468200
2023-04-19,82.2995709716,83.3971472283,82.1182289931,83.2539901733,11191300
2023-04-20,84.2943049677,87.6920350507,84.0843315749,85.2200927734,19206300
2023-04-21,83.7789138148,83.9029929675,81.392865883,81.478767395,13175400
2023-04-24,81.5074041144,82.0418765558,80.161669498,80.782043457,10567600
2023-04-25,79.4744807578,79.5985599096,78.5105226428,78.5391540527,13423700
2023-04-26,78.4914455889,78.6250637158,77.5083948199,78.5009918213,11583500
2023-04-27,79.1213549804,80.03759656,78.4150867948,79.8562545776,10013700
2023-04-28,80.6293458144,80.6579772284,79.9039851062,80.4575500488,8262600
2023-05-01,80.4575439892,80.8297669064,80.075774841,80.152130127,4931100
2023-05-02,79.6940143279,80.2189478739,78.787318874,79.1786270142,6875000
2023-05-03,78.8541253176,79.9421627388,78.682329552,78.9304733276,7151600
2023-05-04,79.2167849243,79.9421454757,78.8731934674,79.6844482422,7290600
2023-05-05,80.4575410093,81.6696501824,79.9326075397,81.0970001221,6865000
2023-05-08,80.6484323931,81.6410293579,80.5625381497,81.6410293579,6746600
2023-05-09,81.3642414636,81.5837610961,80.4575460843,81.1828994751,7287800
2023-05-10,80.657966618,81.2687943082,80.3334603116,81.0301895142,7442300
2023-05-11,80.3048340504,80.3048340504,78.7682184957,79.6271972656,8730900
2023-05-12,79.5794733911,80.1044068843,79.1690728278,79.6271972656,5069800
2023-05-15,79.5317556604,81.7650931487,79.4363151943,81.7555541992,8707300
2023-05-16,81.7841880597,82.795870137,81.6887403091,81.9655227661,11283200
2023-05-17,84.2752288122,87.6156964299,84.0461629327,86.7376251221,23215600
2023-05-18,87.0907525729,89.1427553227,86.9189568245,88.426940918,14879000
2023-05-19,87.9306373058,88.5605574661,87.3866186591,88.3601303101,9295200
2023-05-22,87.8733824485,88.226520202,87.043035057,87.5393371582,9259800
2023-05-23,86.8521451387,87.1766441638,86.2126860375,86.3176727295,7656700
2023-05-24,85.2105423419,86.0408896413,85.1151018812,86.0217971802,9443900
2023-05-25,92.6359273625,97.7038983831,92.5595793587,96.3486175537,60793200
2023-05-26,96.2531776454,99.6795464588,96.1386519983,98.505607605,26135800
2023-05-30,99.0591768453,100.443081873,96.9021872576,97.3316802979,25248000
2023-05-31,95.1842360624,95.4228408776,93.5903503632,94.0961914062,22206700
2023-06-01,94.1820745666,96.0050112125,94.105719293,94.334777832,14998500
2023-06-02,96.6349662337,96.6826901174,94.1248457816,94.4302597046,13085100
2023-06-05,93.5426252767,94.3061562469,89.9540071439,93.5808029175,10568500
2023-06-06,93.1608458173,96.014556792,92.9795038643,95.270111084,13827600
2023-06-07,96.7590253881,98.3242724475,95.0028973826,95.718711853,14367500
2023-06-08,94.4779486321,96.1100044877,94.1343571591,95.3846511841,9074200
2023-06-09,98.0188405929,99.9085936521,97.5893549021,98.1142883301,14902400
2023-06-12,99.5840934199,102.495074822,99.5554620097,102.180114746,20568100
2023-06-13,104.986107073,105.64465862,101.874698588,101.931968689,17858600
2023-06-14,101.197072186,102.79095059,100.423994922,102.514175415,12862600
2023-06-15,101.850945165,102.224734426,100.700847986,100.806274414,11987900
2023-06-16,101.045872857,101.352565908,100.010781067,100.221633911,11430800
2023-06-20,99.8478617692,100.518750599,98.7840185441,99.6561813354,9295500
2023-06-21,98.8606863342,99.4165697879,97.3943099195,97.4134750366,9340400
2023-06-22,97.2026378647,99.129057834,97.1163838557,98.8415298462,8575900
2023-06-23,97.2984672025,97.9406119952,96.8096799149,97.6722564697,8919000
2023-06-26,97.7776698989,98.7552590415,95.9279253493,95.9470977783,8560000
2023-06-27,96.9438543328,98.5156571952,95.860838741,97.8351821899,9732000
2023-06-28,96.3208783012,97.6434907141,96.0525227953,96.7234115601,8160900
2023-06-29,97.1259439959,97.2984592929,95.8608342558,96.4550552368,7383900
2023-06-30,97.1834547932,97.6530769285,96.234624308,96.7234115601,11704600
2023-07-03,97.9981182984,99.3686546219,97.8256029811,98.8606948853,5638400
2023-07-05,97.1834511681,98.8031703576,96.7617454962,96.7904968262,9010800
2023-07-06,94.9791004287,95.4199712654,94.4998920438,95.2762145996,9140800
2023-07-07,94.9599226705,97.7009948523,94.8832475842,96.0621032715,8036600
2023-07-10,96.0812743131,96.5604826638,95.2666215794,95.6212310791,8041600
2023-07-11,98.0747915582,98.0747915582,95.975856455,97.0492858887,7677800
2023-07-12,98.5540002478,100.087465649,98.486911365,99.5795059204,10202000
2023-07-13,100.633756468,101.256728804,98.2568797649,101.180053711,9265900
2023-07-14,101.592168006,102.838112614,100.499573577,100.767929077,9518300
2023-07-17,100.327061065,100.66250545,98.3239663475,100.432487488,10722600
2023-07-18,99.3782408373,99.416578387,97.7681003127,98.8606948853,10343600
2023-07-19,99.5795108966,100.432501297,98.3048147476,98.7744369507,11204800
2023-07-20,94.4519592104,96.2729449076,93.014334305,93.7906494141,22810200
2023-07-21,93.8098240592,93.9152504812,92.3242825599,93.2060241699,15381200
2023-07-24,93.2251848012,94.1836014561,92.7555626877,94.1644363403,9054900
2023-07-25,95.3816325045,96.6946660948,94.9886854361,96.1483688354,9202200
2023-07-26,95.352882384,95.9662685317,94.4711407106,95.2762145996,8993500
2023-07-27,97.2793095271,97.5284999536,94.7970134145,95.218711853,8049800
2023-07-28,95.9470962895,96.7905003519,95.630817024,96.6659088135,6758700
2023-07-31,95.05578228,95.6308309204,94.3273834358,95.0270309448,8647900
2023-08-01,95.017423274,95.06534703,94.0110828966,94.3081970215,6428500
2023-08-02,93.4456349817,93.4456349817,91.2508597031,91.7204818726,9820900
2023-08-03,90.8962485715,91.8259140658,90.6470654607,91.0304336548,8571700
2023-08-04,91.3179502425,93.5223117762,91.1741862621,92.1613616943,7562600
2023-08-07,92.7076631581,92.9089298149,91.2700379135,92.343460083,6601400
2023-08-08,90.9345882616,90.9537606935,89.7749047485,90.5608062744,7659000
2023-08-09,91.8450679089,91.8642330243,89.8132220099,90.0719985962,6426900
2023-08-10,91.4808675077,91.979248267,90.3595217676,90.8579025269,7459600
2023-08-11,89.6119603928,89.6119603928,88.1455840291,88.1647491455,10658400
2023-08-14,87.8772319114,89.4106972099,87.5034499734,89.1998443604,7489700
2023-08-15,88.6727041001,88.8548056011,87.6855361332,87.8676376343,6069500
2023-08-16,87.6376275416,88.8643997778,87.5226149024,87.9634857178,7439500
2023-08-17,89.0560797867,89.0560797867,87.5513658301,87.8293075562,7712500
2023-08-18,86.3245919172,87.5321990072,85.8357973526,87.3117599487,9066200
2023-08-21,86.7367232376,89.046511311,86.7367232376,88.7110595703,8618300
2023-08-22,89.4682010748,89.6023788333,87.9922384201,88.4043579102,7059000
2023-08-23,89.8899129524,91.1454366261,89.3627807852,90.3020324707,10362600
2023-08-24,92.5159715412,92.7555757386,88.6248017148,88.6823043823,12254400
2023-08-25,88.4139467588,89.5257137184,87.6088801843,89.2285995483,10356000
2023-08-28,89.9186635781,90.234942876,89.3723662965,90.091178894,5174800
2023-08-29,89.8707280386,91.64380473,89.6215449688,91.1262588501,8910300
2023-08-30,91.4808672656,91.9313242657,90.694965897,90.8387298584,6073400
2023-08-31,89.4586075816,90.474534214,89.3915187079,89.6790466309,8661200
2023-09-01,90.3786851985,90.6470406674,89.2189947177,89.3148422241,7094600
2023-09-05,89.5161169295,91.0975058708,89.0081572729,90.6662139893,6396500
2023-09-06,89.9474096871,90.0528361136,87.7813858049,88.4235305786,7933700
2023-09-07,86.3245926681,86.535445514,84.7527898507,86.3054275513,14684400
2023-09-08,86.9763110235,87.2830040591,85.6057749209,85.9124679565,5820800
2023-09-11,86.3533309013,86.6312725822,85.452424304,85.8741226196,7268600
2023-09-12,86.6983797549,87.7622229499,86.6600422069,86.7175521851,8242600
2023-09-13,86.8325672364,88.0689258801,86.7175618914,87.4267883301,5757800
2023-09-14,89.3834158969,89.527926017,87.9286934273,88.1213760376,6506300
2023-09-15,87.1965255314,87.8034592437,85.6069288373,85.9826507568,19940500
2023-09-18,85.2986415409,86.3872707442,85.192667941,85.5780258179,6647400
2023-09-19,85.2119327578,85.5876546675,84.5760985068,84.9421844482,7172100
2023-09-20,85.2793730103,86.0500887948,84.0944061279,84.0944061279,6935300
2023-09-21,82.8901678617,82.9865054979,82.2254256769,82.2350616455,10652500
2023-09-22,83.0924679461,83.5934279971,82.3217522599,82.5047988892,7967200
2023-09-25,82.2639439559,83.082824707,81.907486696,83.082824707,8758000
2023-09-26,81.8400578344,82.1098134731,80.9441039616,81.2042236328,8877600
2023-09-27,82.0519988785,82.427720731,81.0211709386,82.3121185303,7860700
2023-09-28,82.1290755586,83.940247834,81.8689632455,83.2466125488,6647700
2023-09-29,84.5375545306,84.8073028164,83.525991109,83.7186737061,7338300
2023-10-02,83.9884206072,85.1830232887,83.8342745321,84.4412155151,6305000
2023-10-03,83.8150063511,84.123291138,81.9460256966,82.2832183838,8201700
2023-10-04,82.3410420299,83.5838174842,82.2543330051,83.4971084595,7658500
2023-10-05,83.651242586,84.7206071878,83.362222345,83.8439178467,6651700
2023-10-06,84.8651131708,86.7244581716,84.1811064145,86.0211868286,9777100
2023-10-09,85.5491307979,86.0693555128,84.8169515195,85.732170105,4781300
2023-10-10,86.0019141344,87.3410344301,85.8766759464,87.2928619385,7182900
2023-10-11,87.9190584064,88.6416016045,87.3121174159,88.6319656372,8051700
2023-10-12,89.1232919476,90.0192457558,88.477814475,89.0365829468,8897800
2023-10-13,89.3545121426,89.5375587782,86.897862238,87.1483459473,7985100
2023-10-16,87.1676240038,88.5356375083,87.119451512,87.880531311,8791800
2023-10-17,86.522149014,88.342957535,85.2793736607,87.668586731,7997100
2023-10-18,85.6261740182,86.7148103563,85.3371611803,86.3198165894,9982700
2023-10-19,89.6820703271,91.2909389848,88.9787989687,89.5086669922,22751600
2023-10-20,88.6319662198,90.8670329,87.7552769389,87.9672241211,12197300
2023-10-23,86.6859373169,88.8824679225,85.8959568825,87.7745666504,8227900
2023-10-24,87.8612542383,88.6319699606,87.5337048339,88.2851486206,7374800
2023-10-25,87.4758984232,87.5240635592,83.5067251892,84.4315795898,13027100
2023-10-26,83.9306369318,84.9132926392,83.3718683188,84.248550415,9377300
2023-10-27,84.3352465562,84.5664583315,82.7456499827,82.8419876099,12480700
2023-10-30,84.1136702707,85.0674327028,82.8516303465,82.9094314575,9785500
2023-10-31,82.9961374437,83.265885752,81.8400638152,83.1502761841,9004900
2023-11-01,83.304419731,84.6531685814,83.1791741988,84.5857315063,9508800
2023-11-02,87.0905523792,87.7167580317,86.1945984088,87.1676254272,11032600
2023-11-03,88.2947828362,89.0654911931,87.5144311616,88.4296569824,9226700
2023-11-06,88.6319735736,89.2196426821,87.9479668335,89.2100067139,8402700
2023-11-07,88.8728161984,89.6435319076,88.3911207176,89.0269622803,6241300
2023-11-08,89.9132773392,90.0192509296,88.5645285661,88.6319656372,6537700
2023-11-09,89.238903999,89.9518186176,88.2466124637,88.2658843994,8166000
2023-11-10,90.5972872417,94.1714668403,90.1830288327,93.8728179932,19281700
2023-11-13,93.458564126,93.622338834,92.2157888386,92.8901596069,9526300
2023-11-14,94.4123272992,96.0404606016,94.3641548045,95.2890167236,13873200
2023-11-15,96.2909306098,97.0134738831,94.8169435084,95.1830368042,10422900
2023-11-16,94.6435282875,95.4720451224,94.3256148486,94.9325485229,8459000
2023-11-17,95.3179242607,96.0693681937,94.7206190921,95.9344940186,7243000
2023-11-20,96.2427741413,96.9075090145,95.8959527509,96.3005752563,6448900
2023-11-21,96.3391001765,96.4836102968,94.6435299554,94.8073120117,10112600
2023-11-22,95.1059655218,96.0019194913,94.3641502981,95.0385284424,7413500
2023-11-24,94.8747560824,95.1156038506,93.9017290408,94.248550415,4297600
2023-11-27,93.8535563601,93.9788019033,92.8901652892,93.6512451172,6856100
2023-11-28,94.2870927937,94.653178778,93.6801516761,94.3930664062,6358100
2023-11-29,95.3757185253,96.0789972596,94.9903606168,95.2601089478,7091100
2023-11-30,95.3082776416,95.3564501345,93.3525949703,93.7475814819,9681400
2023-12-01,94.1233037951,95.1637679058,93.468197579,94.9421920776,7500400
2023-12-04,93.4970936485,93.6415964094,91.7629870168,93.4585571289,10619400
2023-12-05,92.9287006359,93.4681972768,92.3699320579,93.1502838135,8009600
2023-12-06,94.2196494928,94.961457382,93.8824567386,94.2678146362,11262300
2023-12-07,94.3737785774,95.9922757016,94.3063415035,95.655090332,11373700
2023-12-08,95.4913330551,96.6955719878,95.3275509742,96.6763000488,10572500
2023-12-11,95.9248413071,97.5048019546,95.7321660476,97.2543182373,9482800
2023-12-12,96.4836096781,97.9286961715,96.2909270689,97.8805236816,7378600
2023-12-13,97.6878574869,98.9209968997,97.2157979133,98.3815002441,8988800
2023-12-14,100.035685166,100.480932619,99.5033274525,100.132476807,10074500
2023-12-15,100.180883947,101.400479385,99.1064796736,99.2516708374,16379200
2023-12-18,99.5420327498,99.9969615574,98.8064104163,99.6291503906,5660600
2023-12-19,99.9292229226,100.645497384,99.7840317542,100.539024353,8498500
2023-12-20,99.4065415626,99.7840341789,96.7350564915,96.8318481445,10814100
2023-12-21,98.0514309414,99.425891437,97.9159211677,99.2613449097,9068200
2023-12-22,99.6291636241,100.267994408,99.4162175681,99.8421096802,5566400
2023-12-26,100.287351802,101.594057439,100.248633668,101.100410461,6407500
2023-12-27,101.681172664,101.990910344,100.742278245,101.293998718,5889700
2023-12-28,101.632781928,102.136102932,101.342399597,101.342399597,5335100
2023-12-29,101.361759998,101.603742806,100.345429248,100.664848328,4409600
2024-01-02,98.9709671402,99.3291043497,97.364197772,98.274055481,9020900
2024-01-03,97.1222186603,98.0030396477,96.4640324957,96.9576721191,6650600
2024-01-04,96.3382009127,97.2190219386,95.9413529205,95.9510269165,7996700
2024-01-05,95.8251879086,97.412594471,95.6316046243,96.4156265259,7347300
2024-01-08,97.4029260657,99.4936612614,97.2770976526,98.9612960815,12455600
2024-01-09,97.8094541257,98.6999490884,96.9963880493,98.6225128174,7764000
2024-01-10,99.2323021766,99.4839663533,96.7737634568,97.5674667358,6975700
2024-01-11,98.4385942068,98.8838490308,96.7834328399,97.973991394,7862700
2024-01-12,97.6545803468,99.0967957991,97.6352249716,97.9933547974,6519700
2024-01-16,97.3061126605,99.0677469737,96.986693624,98.4095535278,11185500
2024-01-17,97.6352225162,100.016332375,96.7931197162,99.6485137939,17649500
2024-01-18,107.633934872,109.753706334,105.969099591,109.405250549,58783700
2024-01-19,109.589166589,111.457274014,107.459713616,110.537734985,37812600
2024-01-22,111.099129967,111.408867622,108.911603623,109.405250549,17755500
2024-01-23,109.879547335,110.94427757,109.531098895,110.469985962,11667900
2024-01-24,111.631514896,115.03862971,110.934603202,112.783348083,21859200
2024-01-25,114.235238314,115.028941612,112.744630747,112.822059631,15485300
2024-01-26,113.151155089,114.254596031,112.570397865,113.499610901,10196400
2024-01-29,113.412501462,114.09005776,112.047722256,113.228599548,10042200
2024-01-30,112.628486592,114.225574713,111.854138598,112.338104248,11030800
2024-01-31,109.860200563,111.060433286,109.26008051,109.337516785,12853900
2024-02-01,110.150570842,110.373190877,108.998730379,109.753715515,8807600
2024-02-02,111.176581955,112.241304834,110.266724233,112.038040161,10044000
2024-02-05,113.37377575,115.706493424,112.841418036,114.980545044,13267600
2024-02-06,116.267902543,117.109997991,114.486905232,115.551628113,11503800
2024-02-07,116.161433928,120.991408904,116.151752548,120.972053528,18172500
2024-02-08,122.927234868,130.428699988,122.065776884,129.44140625,33367000
2024-02-09,130.186747643,130.83525978,126.40213307,128.841323853,16984200
2024-02-12,128.99619036,129.228484387,126.082708104,126.276306152,14203800
2024-02-13,123.827444087,125.753625191,122.42394674,123.459632874,14494000
2024-02-14,125.472929404,126.5957184,123.856478646,125.124473572,13069700
2024-02-15,126.605400826,126.924819887,124.233972398,124.892158508,12554000
2024-02-16,123.053081941,124.514660016,121.775413145,122.627197266,13104400
2024-02-20,122.820791873,122.985338408,120.168662399,121.310821533,12038800
2024-02-21,120.439689609,121.359221372,118.968437311,121.320503235,11469700
2024-02-22,125.530990258,127.263580477,124.863115417,124.930877686,17014100
2024-02-23,126.315023611,126.808663214,123.633857393,125.37612915,10123300
2024-02-26,125.850410797,127.021599204,124.437224836,126.450523376,9526700
2024-02-27,126.576360401,127.737874825,124.466262817,124.466262817,8851800
2024-02-28,124.379160073,124.456596342,122.588488817,123.295074463,6519100
2024-02-29,123.924225817,125.047029513,123.072449051,124.543701172,9369900
2024-03-01,125.956897396,132.267798467,125.92786064,129.605987549,24393000
2024-03-04,135.452319531,137.436581811,133.264785162,133.826187134,26544600
2024-03-05,132.72272407,133.022780385,129.441437827,130.641677856,13694700
2024-03-06,134.348840734,139.382079541,134.16493146,137.030014038,22292700
2024-03-07,140.253236774,146.738388175,139.527288313,144.415344238,34675700
2024-03-08,148.964591209,153.320281183,140.282248012,141.676071167,43856900
2024-03-11,139.014256942,139.769242003,134.474657815,134.561782837,29227100
2024-03-12,139.885403105,141.99548576,136.062078313,139.769241333,21218500
2024-03-13,138.462577634,138.636798181,136.836445343,137.581756592,12923100
2024-03-14,138.036667174,138.510958772,134.561797757,135.142547607,14961900
2024-03-15,131.096581429,133.284100246,130.312559656,132.587188721,22751200
2024-03-18,136.235549492,137.557281837,132.766011355,132.795166016,14732900
2024-03-19,131.492905236,132.435612373,129.286774785,131.074996948,17341100
2024-03-20,132.688288829,133.446339838,131.211054758,132.902099609,12750200
2024-03-21,138.538916112,138.587512173,135.12767137,135.526138306,17809400
2024-03-22,135.477542508,137.362956961,135.195709083,136.585464478,9944100
2024-03-25,136.21614182,137.693360953,135.341457377,136.284164429,9922200
2024-03-26,136.653472657,136.99363018,134.738903944,134.933273315,10786400
2024-03-27,134.952703164,135.360883259,131.347090081,132.843765259,13842800
2024-03-28,131.862202805,132.950698113,131.628965463,132.221801758,10019400
2024-04-01,133.426896705,138.937366024,133.193659369,137.508728027,14222700
2024-04-02,136.429961283,137.071378786,135.428944837,136.274459839,9869200
2024-04-03,134.680598716,138.908188294,134.495942617,138.004364014,9707500
2024-04-04,139.948101326,142.620721317,135.506685715,135.730224609,15759500
2024-04-05,136.060637495,138.004360888,135.011025083,137.382369995,8263600
2024-04-08,141.153198266,141.891807818,138.74297058,138.772125244,16307400
2024-04-09,142.144517656,144.000777464,138.927657106,141.30871582,18443400
2024-04-10,142.504103502,144.253442916,141.172642724,142.105636597,18861300
2024-04-11,143.058044434,143.407915251,140.074436618,143.058044434,11818800
2024-04-12,140.91999457,142.387500899,138.150181848,138.509780884,12024000
2024-04-15,140.939390996,141.386439083,135.944022341,136.19670105,13458800
2024-04-16,134.010012521,136.585440158,133.20336551,135.866271973,14218200
2024-04-17,137.158866235,138.558349658,133.494942946,135.117950439,18823200
2024-04-18,129.150706273,131.327681913,126.633587921,128.548156738,39306100
2024-04-19,125.729757936,127.848424398,123.07657934,124.106750488,28284000
2024-04-22,123.183482308,126.983465479,122.240775182,126.099067688,18556800
2024-04-23,127.663775496,129.947656817,126.983475155,129.675521851,12573800
2024-04-24,132.260674039,132.455043441,127.838699708,129.228469849,15558000
2024-04-25,126.342025451,133.961417888,125.234103667,132.736877441,18034300
2024-04-26,132.960413588,134.836114617,132.124611827,134.408493042,9453400
2024-04-29,134.116928596,134.748632836,132.08574099,134.602859497,9997100
2024-04-30,134.058632715,135.769104318,133.397758912,133.475509644,10980600
2024-05-01,133.553217963,135.506654421,129.461688972,131.143005371,12561800
2024-05-02,131.784450479,132.892372207,129.471414922,132.396713257,9261900
2024-05-03,134.991595806,138.111278656,134.855535749,137.576751709,13264300
2024-05-06,136.517440509,138.811035156,135.876008104,138.811035156,8601600
2024-05-07,137.878059869,138.286240137,136.55632693,137.139450073,8682900
2024-05-08,137.139400539,140.200758861,136.838125795,139.559341431,10202300
2024-05-09,138.917913396,139.316380251,137.158846097,138.772125244,8012700
2024-05-10,143.077512585,146.265218486,142.795664324,145.06010437,23671400
2024-05-13,143.854981223,144.263161381,142.183377817,142.290283203,8278700
2024-05-14,142.368065172,147.732732563,142.134812961,147.674423218,12316500
2024-05-15,149.044735984,151.610450711,148.432458265,151.202270508,14027100
2024-05-16,149.763894152,150.696873081,147.927076129,147.946502686,13394100
2024-05-17,149.666713747,149.666713747,146.595626971,147.411987305,7711200
2024-05-20,147.402295482,149.899987732,146.576221748,149.229400635,9261200
2024-05-21,148.014547193,149.656995919,147.674389649,149.345993042,7919400
2024-05-22,151.493818325,152.805822824,150.191512275,151.756210327,13455200
2024-05-23,154.700972388,156.255957382,151.484111824,152.669784546,20873000
2024-05-24,152.776663179,156.139311338,152.300460416,155.497879028,11908200
2024-05-28,155.186891531,155.867206683,153.165431954,154.924499512,13964400
2024-05-29,152.339337103,152.465683882,148.898952857,149.997146606,15780000
2024-05-30,149.268253464,149.715316426,147.616091334,148.655990601,9687800
2024-05-31,147.217599529,148.20890257,143.65086903,146.789978027,13782600
2024-06-03,150.755195804,152.728074047,148.170054718,150.589981079,12924400
2024-06-04,149.083603465,149.462628997,146.741427651,148.179779053,10066700
2024-06-05,154.127560472,159.122929568,153.505569508,158.335723877,23192600
2024-06-06,159.890701916,160.065629916,155.84775341,157.509643555,14819100
2024-06-07,158.967439567,161.445675259,157.402741497,159.764358521,14023300
2024-06-10,159.385335048,165.061004396,157.849791626,163.428283691,12418900
2024-06-11,163.447710963,163.671249855,159.18123824,161.047225952,11508600
2024-06-12,168.481952589,171.105976333,166.713157096,168.112640381,20309500
2024-06-13,168.613773895,169.705703236,166.234947487,168.574783325,15591800
2024-06-14,167.687576129,169.286457074,166.088695184,168.184783936,9192500
2024-06-17,173.381166661,174.190358568,169.130480606,172.796218872,18593700
2024-06-18,175.506496617,180.225143327,174.502322231,175.184768677,27155100
2024-06-20,178.0023107,178.577514503,169.149964929,170.982833862,28403200
2024-06-21,168.379789935,173.030184914,167.892326026,169.598449707,20175600
2024-06-24,166.156936673,167.122120544,162.929928058,163.602630615,19741700
2024-06-25,165.688984768,168.311543059,164.772550211,168.27255249,13346800
2024-06-26,167.804593871,169.335237892,165.932733994,167.755859375,11901500
2024-06-27,169.432706656,171.080337124,166.858897694,167.326873779,10864600
2024-06-28,168.477251268,172.386720815,168.477251268,169.452178955,11216100
2024-07-01,169.871423511,170.904844588,166.176438855,168.009307861,10717000
2024-07-02,166.839372936,172.27947099,166.741874221,171.294784546,10655500
2024-07-03,173.527421039,177.914596558,173.420178376,177.914596558,11808700
2024-07-05,179.523201601,180.439636098,177.729338048,179.376968384,11372900
2024-07-08,185.236292517,187.966093488,180.488398622,181.950790405,22582400
2024-07-09,183.374176724,183.715407424,177.924333584,179.893692017,19935200
2024-07-10,183.559409748,186.620682524,182.019021999,186.259963989,19293500
2024-07-11,188.248818083,188.619295433,178.421543408,179.874191284,21584200
2024-07-12,178.480035519,185.606755198,178.168051489,182.65272522,19220300
2024-07-15,183.949399002,185.294804338,179.464739345,180.576156616,15683100
2024-07-16,183.549648877,184.836545752,180.381133737,181.375549316,16663300
2024-07-17,170.826852522,172.152754942,166.234935979,166.90763855,45052600
2024-07-18,171.099829478,174.209851551,160.385367565,167.560836792,52903600
2024-07-19,164.928548915,166.244707514,161.077586736,161.613800049,22585300
2024-07-22,162.432726807,166.595672818,162.013500103,165.104034424,21037200
2024-07-23,165.172291014,167.239133501,163.758648466,165.562271118,11690700
2024-07-24,160.950834034,161.301808653,155.588730897,155.79347229,19536600
2024-07-25,154.194586628,159.303198852,148.296270378,156.261428833,25731800
2024-07-26,160.180636666,160.463359176,155.198755133,157.879806519,13089200
2024-07-29,158.60125503,159.137468321,154.65280915,155.998199463,12663100
2024-07-30,156.417427511,157.109617958,148.725247327,150.665344238,22018000
2024-07-31,159.663903456,162.471684938,158.006529446,161.643005371,19860400
2024-08-01,159.381185642,163.466135327,152.907665927,154.214065552,21095600
2024-08-02,147.457825399,150.002387477,143.207139721,146.102676392,31095300
2024-08-05,130.503826652,146.239159633,130.221104155,144.24055481,31193100
2024-08-06,146.668129292,153.755858017,144.016324691,151.494018555,24528100
2024-08-07,157.499591094,158.572002762,150.645849762,151.152801514,22379000
2024-08-08,155.276759688,160.619360032,151.64026817,160.424377441,18889600
2024-08-09,162.150016476,163.592905611,159.14723674,162.929946899,20519400
2024-08-12,161.838017441,165.279511441,161.3895441,163.427154541,14727300
2024-08-13,163.787875026,168.126300884,162.169491262,168.019058228,15243500
2024-08-14,167.57059652,168.184790924,162.998182717,165.708480835,11510300
2024-08-15,168.10679646,171.041338712,166.537176955,169.598449707,15393500
2024-08-16,169.042748772,170.612383294,167.931331556,170.163909912,10710000
2024-08-19,170.378399035,171.051101685,166.810174131,171.051101685,11511000
2024-08-20,171.002335871,171.002335871,165.591498302,167.726577759,13555500
2024-08-21,166.088708223,168.74051315,165.649993668,167.14163208,9434800
2024-08-22,167.687594909,168.935501402,161.896520937,162.266998291,13546100
2024-08-23,164.762777053,168.945210233,163.709853379,166.985610962,12189100
2024-08-26,166.108207759,166.761407618,163.612394905,164.831054688,9611300
2024-08-27,162.247499312,166.303202946,160.90209405,166.273956299,9186000
2024-08-28,167.024651409,168.14581252,162.033010552,164.957794189,10581400
2024-08-29,164.421563212,171.021828411,163.310146145,164.9090271,13213200
2024-08-30,165.796229984,167.911821661,164.519076864,167.395111084,9481400
2024-09-03,163.787841895,164.450785543,155.793438302,156.466140747,18464400
2024-09-04,155.306010406,159.771181771,154.964779706,156.836639404,11317400
2024-09-05,157.489840116,160.463373067,157.012134985,159.595687866,10260600
2024-09-06,160.755843145,161.262809763,152.098479586,152.888183594,14964400
2024-09-09,156.72940248,159.010745052,156.232194611,158.698760986,10339000
2024-09-10,158.805971454,158.805971454,153.736350421,158.357498169,11910800
2024-09-11,159.693166369,166.108192666,157.372833593,165.96194458,15059500
2024-09-12,166.936569942,168.453273555,165.370922103,167.748733521,13399900
2024-09-13,168.541349684,171.017019653,167.768305663,168.795761108,8787800
2024-09-16,166.261381989,166.897418015,163.18881047,165.449203491,12194300
2024-09-17,165.713415284,166.58430299,162.787616617,163.756362915,8629100
2024-09-18,164.84255029,167.915122335,163.413895295,163.68788147,9116000
2024-09-19,170.635413102,173.962396396,168.922992156,172.435897827,15855000
2024-09-20,171.11487178,172.240185868,169.921068621,170.341842651,18429800
2024-09-23,171.085501288,171.63347352,169.969982121,171.007217407,5794200
2024-09-24,175.645462663,178.855027583,173.248076326,178.062423706,14576100
2024-09-25,177.62205619,179.872669135,177.318715498,178.434234619,8280900
2024-09-26,184.452191183,185.264369732,179.853120968,182.818054199,15103400
2024-09-27,181.849328063,181.947186668,173.590563518,174.148330688,17908400
2024-09-30,170.527749691,173.022994263,168.237987242,169.940628052,13540200
2024-10-01,171.545415136,172.210820675,167.112692919,168.375,11850200
2024-10-02,169.245891626,173.169776162,167.122476714,172.024902344,11164400
2024-10-03,172.024930567,176.907767363,171.359524903,175.625900269,12555000
2024-10-04,175.841166255,177.338310241,173.737340765,177.269821167,9993800
2024-10-07,177.700366879,181.027350043,177.044741175,180.547866821,12054200
2024-10-08,180.988234724,182.53429317,178.121144842,182.054824829,10394200
2024-10-09,183.767214511,183.962916756,178.346171263,183.121383667,11925000
2024-10-10,181.868872263,183.06267537,180.440217503,181.790588379,6443800
2024-10-11,184.129276828,187.377991042,183.97270905,186.712585449,12163900
2024-10-14,186.516886837,190.078721746,186.409248353,188.08253479,11714400
2024-10-15,188.81642775,189.462243713,180.293457724,183.111618042,21812700
2024-10-16,185.704730424,185.929787304,182.651732975,183.454116821,18689200
2024-10-17,198.983309629,208.03467702,197.632938689,201.419830322,62274700
2024-10-18,201.527469298,201.527469298,196.448915896,196.468490601,21030800
2024-10-21,196.497853477,199.071382287,195.372554264,197.613372803,14820000
2024-10-22,194.795206763,195.871576564,192.87728895,194.21786499,11165100
2024-10-23,192.456535952,198.768042219,192.016202125,196.546783447,16535700
2024-10-24,194.687583243,196.194507052,193.170864616,193.6796875,9935800
2024-10-25,195.949894541,200.793596813,195.705262962,199.071395874,13434900
2024-10-28,194.981117554,195.450820861,190.342913104,190.499465942,20135300
2024-10-29,190.215692894,194.521201873,189.442663825,192.7109375,13779100
2024-10-30,190.205928311,191.252943585,188.473932749,190.303771973,10007800
2024-10-31,188.718552071,188.718552071,183.630219126,186.448364258,13062700
2024-11-01,190.029798461,193.914548944,188.41523609,188.806640625,12691200
2024-11-04,189.540517591,190.186348451,186.507095399,187.446472168,10917300
2024-11-05,189.423094567,194.080873682,189.335030796,191.556274414,10339200
2024-11-06,187.916162632,190.088491965,184.452186496,189.070831299,19834900
2024-11-07,192.094462385,197.672058346,192.035753207,196.869674683,14865200
2024-11-08,199.511724187,202.173316884,195.724832232,196.879486084,13112100
2024-11-11,193.709051865,193.943888595,187.377986197,189.883010864,16610000
2024-11-12,189.667739165,189.834086831,185.6459958,187.651977539,11819000
2024-11-13,188.307583085,188.346717563,182.495135106,182.651702881,13882200
2024-11-14,184.354320368,188.522851315,183.512787283,184.452178955,11453900
2024-11-15,184.139055608,184.745752013,180.841427048,182.015655518,9834800
2024-11-18,180.391339484,183.962954707,179.549806221,183.454116821,10681500
2024-11-19,185.068663583,185.939551297,183.982498912,185.597061157,9390100
2024-11-20,184.794699331,184.794699331,180.107549952,184.315216064,10624500
2024-11-21,185.342657022,188.170597232,182.729993776,187.133361816,18137300
2024-11-22,188.806625893,188.855555189,185.362209514,185.998260498,8838900
2024-11-25,184.050979669,184.207547437,179.765045293,181.105621338,14380000
2024-11-26,181.418740825,181.908003896,178.414673332,179.892242432,10186600
2024-11-27,178.091767648,178.53210145,174.226592161,177.299163818,9895200
2024-11-29,177.612259806,182.935443963,177.289344415,180.694625854,8045300
2024-12-02,185.274154018,191.096382138,184.882749495,190.225494385,16646900
2024-12-03,189.344809008,194.726702804,188.46414145,194.619064331,11217700
2024-12-04,195.558488871,198.249436222,194.012415511,196.380447388,12761100
2024-12-05,196.928410009,201.21435981,196.439146878,199.912918091,12483700
2024-12-06,197.66229945,198.826748059,195.636742977,198.660400391,9672900
2024-12-09,196.615297974,198.768067951,194.707174523,194.893096924,9699700
2024-12-10,194.824580318,195.617184183,186.282035494,187.818328857,15307900
2024-12-11,190.489677419,191.791118946,189.10995201,190.421188354,9027600
2024-12-12,191.055334157,191.830818037,187.776666862,187.943557739,7944900
2024-12-13,194.86406108,198.820042894,193.646845124,197.298522949,19477000
2024-12-16,199.467947677,201.725707988,197.180739555,198.505950928,15139300
2024-12-17,197.308345932,198.682626928,193.843180657,196.974594116,11169400
2024-12-18,199.271617997,201.470482622,190.397656968,191.968261719,14721100
2024-12-19,194.756091813,194.922982699,190.387825478,191.065155029,10553400
2024-12-20,189.062635469,194.441983349,188.454012458,193.587966919,16170100
2024-12-23,197.308353885,204.228873771,197.220010456,203.551544189,17847000
2024-12-24,202.137977702,203.39446744,200.793144539,202.54045105,7634500
2024-12-26,201.725693619,204.336842445,199.163629466,199.330505371,8044900
2024-12-27,200.744056504,200.744056504,195.394156771,197.926773071,10664400
2024-12-30,196.169647495,198.260531776,194.834625251,196.70954895,11235200
2024-12-31,197.102202357,198.074025006,193.735206326,193.862823486,6427900
2025-01-02,193.381817167,200.027480764,193.077513151,197.877700806,10951400
2025-01-03,200.351402773,204.965077214,199.958740387,204.778564453,10261900
2025-01-06,214.751976486,218.118972382,211.728543347,215.969192505,24339900
2025-01-07,217.176621101,217.412203576,207.438817674,207.536972046,17010000
2025-01-08,206.113594797,206.437535662,202.13797598,203.315933228,13262700
2025-01-10,203.787121735,206.123399293,199.497373131,204.54296875,17265200
2025-01-13,196.837144141,199.850751052,196.37577522,197.661712646,16612400
2025-01-14,201.421422259,202.471762534,194.854290378,197.750106812,14182900
2025-01-15,198.770962762,205.20064988,195.688634327,203.001800537,18286500
2025-01-16,214.869750226,217.873546256,209.254805565,210.845046997,38539600
2025-01-17,211.218102593,211.718730344,207.183587847,207.615509033,21606100
2025-01-21,210.52114132,216.106623733,208.155400829,214.683258057,19061300
2025-01-22,217.873574455,221.289655188,215.282062351,219.100616455,17294500
2025-01-23,216.057564207,220.57306984,215.380234618,220.494537354,8986800
2025-01-24,222.065125772,222.241812608,216.901739089,217.804840088,13183800
2025-01-27,193.421076808,203.198153997,184.223174824,188.777954102,68667500
2025-01-28,192.05659097,199.11453833,188.925192643,198.682617188,31738800
2025-01-29,200.734254226,202.658247637,196.08130571,198.613922119,15199500
2025-01-30,202.776058472,205.770028947,201.647170853,204.327026367,13539000
2025-01-31,206.074337545,211.051227162,204.376115586,205.47555542,15746900
2025-02-03,195.963525692,201.22508253,194.343821221,196.130401611,17719800
2025-02-04,200.321959252,201.971096373,198.368503159,200.302322388,12692900
2025-02-05,202.216498337,206.614212165,200.086355468,204.739303589,10997800
2025-02-06,206.201944191,207.301368991,203.19814788,206.633865356,8491400
2025-02-07,209.097743677,209.264619573,201.941642147,202.334289551,11616200
2025-02-10,204.179776201,206.123406415,202.7367737,204.130691528,9296500
2025-02-11,201.362491313,205.985976863,197.308340031,204.906188965,9224500
2025-02-12,201.136694974,203.266852816,199.281408287,202.589523315,7373700
2025-02-13,198.172177322,198.584461598,195.57083954,198.123092651,15580900
2025-02-14,196.30707335,202.46191991,193.833367586,200.155075073,23220300
2025-02-18,200.999276892,202.069268827,196.837160297,199.016387939,14988100
2025-02-19,198.299775929,198.878951072,196.34633487,197.259246826,13163100
2025-02-20,196.601567832,196.660463449,193.980608029,196.424880981,10639300
2025-02-21,197.632273447,198.9672956,192.409976061,194.599029541,13757300
2025-02-24,193.2640359,195.13894477,187.943583367,188.130081177,15114300
2025-02-25,187.148426979,189.975536346,184.026839536,185.891937256,20581000
2025-02-26,187.58035173,192.478708543,187.58035173,191.045516968,14112300
2025-02-27,191.114245613,191.192778098,177.754211884,177.764022827,24219200
2025-02-28,176.016715522,178.814377227,172.29633083,177.214309692,27929400
2025-03-03,177.822922873,178.235222171,167.928069242,169.793167114,37403000
2025-03-04,171.844758854,180.227917368,170.980916577,176.694030762,29395200
2025-03-05,179.638972064,181.347020141,177.400848364,180.895462036,17334000
2025-03-06,175.300125235,178.215578145,172.561359179,172.620269775,17864300
2025-03-07,172.561352783,175.19213845,167.878971599,173.847305298,21012700
2025-03-10,169.302342612,171.677894048,164.82609594,167.515762329,18265100
2025-03-11,167.515780313,170.146566346,165.01262643,167.829910278,16561100
2025-03-12,172.374858728,174.858390431,171.550275156,173.916015625,14737600
2025-03-13,170.696267373,170.696267373,167.368530043,168.43850708,14381600
2025-03-14,169.479038574,171.167449599,168.772261169,170.892593384,11449400
2025-03-17,170.755163438,173.906213917,170.627561255,173.003112793,9678100
2025-03-18,171.844219086,172.041307734,167.951646864,170.61239624,9986000
2025-03-19,170.484257304,173.174553802,169.242585468,171.233200073,10678500
2025-03-20,172.30737131,176.071813794,172.011730844,174.889266968,12209700
2025-03-21,172.366507965,174.623200765,171.262784488,174.16003418,9993200
2025-03-24,177.372635163,180.269869776,177.067130476,178.525619507,11440000
2025-03-25,179.816555222,179.855966933,177.185383687,178.269378662,8718800
2025-03-26,176.623660759,176.939014586,168.976510896,170.976989746,14612400
2025-03-27,168.897690307,169.114492327,165.113534203,165.793502808,17559100
2025-03-28,165.596375885,166.177807603,161.674256777,162.846954346,16332000
2025-03-31,158.02809072,163.714189218,157.40724719,163.586074829,19408300
2025-04-01,163.970386929,166.414319019,162.659725737,166.187667847,9180000
2025-04-02,164.423700898,169.252439893,163.930971815,167.912216187,10072700
2025-04-03,157.732436148,159.447138819,154.923889317,155.091415405,28370500
2025-04-04,148.695772722,149.109663322,142.733748185,144.665252686,36085100
2025-04-07,132.553986551,151.514209089,132.297772814,144.044433594,46388300
2025-04-08,149.769953,150.39079656,136.958994691,139.314239502,30479700
2025-04-09,138.161244186,158.284299926,135.894687195,156.441497803,45612500
2025-04-10,153.238759807,153.731488938,144.773676941,148.932312012,24503500
2025-04-11,153.731494857,155.712260628,151.021484531,154.795791626,19632200
2025-04-14,155.998040622,156.283816892,151.790129775,153.573806763,17509400
2025-04-15,154.214363473,155.94876454,153.780759447,155.042144775,14306600
2025-04-16,148.410014541,151.307249088,146.330697087,149.464447021,23806100
2025-04-17,153.780770116,155.209681638,149.247655939,149.533447266,27239900
2025-04-21,147.808869484,148.094645724,143.719209246,145.709838867,15170500
2025-04-22,145.84781242,150.380926118,145.295958238,149.198364258,12668600
2025-04-23,157.052479732,158.047802209,153.731490173,155.515167236,17667900
2025-04-24,155.485584875,162.157140725,155.1012568,161.792510986,18761100
2025-04-25,161.546158368,163.497376465,158.816449932,162.699157715,14654800
2025-04-28,162.600619298,162.915973171,158.166056953,161.023880005,11415600
2025-04-29,161.989628482,163.586066002,161.122420429,162.088165283,9830100
2025-04-30,161.161834499,164.492688173,159.397870859,164.266036987,10073000
2025-05-01,170.287181967,172.238385016,168.464078261,170.208343506,22670600
2025-05-02,177.185400887,178.023031399,174.564078267,176.672958374,21691200
2025-05-05,176.397020989,177.461317669,173.68701089,173.834823608,14618900
2025-05-06,170.090088333,172.198968243,168.109307763,169.774734497,14565600
2025-05-07,171.568287831,173.420939121,168.877975974,172.001876831,9682500
2025-05-08,172.790247249,174.869564774,171.134684595,172.67199707,10343000
2025-05-09,177.185396339,177.835802393,173.903818563,173.953094482,11582800
2025-05-12,184.556611538,186.419126945,181.925439934,184.260971069,22064900
2025-05-13,184.990209895,191.45481312,184.990209895,191.169036865,19996000
2025-05-14,192.440283681,193.366616831,190.420091284,191.927841187,12359000
2025-05-15,190.291997727,191.66178412,188.843372869,191.395706177,10241800
2025-05-16,191.701195834,192.243200889,189.769706048,191.395706177,9146700
2025-05-19,186.251595431,190.686157227,186.064355971,190.686157227,10144400
2025-05-20,189.010871446,190.91279841,188.035262488,190.636871338,7054100
2025-05-21,190.29199153,192.430434099,187.759356644,188.971466064,7375700
2025-05-22,188.557587872,193.967759362,188.557587872,193.33706665,11825000
2025-05-23,189.227689689,189.996345889,187.266622437,189.188262939,9403100
2025-05-27,191.277461925,195.426232945,190.883269583,194.805389404,12228200
2025-05-28,193.238489587,195.189707597,192.6373595,193.287765503,17787600
2025-05-29,196.5595176,196.89456981,193.22866376,194.283096313,14609900
2025-05-30,192.923158678,193.061122227,187.788914769,190.508789062,11998300
2025-06-02,190.232855478,192.32203721,189.40507415,192.00668335,7447400
2025-06-03,191.523815953,195.28825863,190.824133983,194.736404419,9548300
2025-06-04,198.451569575,201.063027691,197.466111413,199.456726074,13531100
2025-06-05,201.900670613,202.76786356,199.338473407,200.383056641,12214300
2025-06-06,200.619580239,203.290163514,200.274663857,202.196304321,8532000
2025-06-09,203.398587169,206.226862716,202.876295473,203.989868164,11472300
2025-06-10,208.532807408,210.129244858,206.906807415,209.370452881,14514000
2025-06-11,211.873509132,214.268165297,209.853316852,210.986602783,13326400
2025-06-12,210.590992935,213.518621896,209.592046157,213.073532104,9796100
2025-06-13,207.811717214,210.927254975,207.109476892,208.790893555,10152500
2025-06-16,210.670122911,215.219812353,210.40307205,213.320800781,10932900
2025-06-17,211.550371776,213.577950947,211.16463838,211.560256958,8389700
2025-06-18,212.351497839,212.816357944,210.561298966,211.164627075,6932000
2025-06-20,212.846023859,213.142745316,205.873137525,207.218261719,16992000
2025-06-23,204.369785045,208.286460181,203.944480747,208.019424438,7535500
2025-06-24,212.044893388,217.959476905,211.540477459,217.682540894,14814700
2025-06-25,218.384806925,221.055270259,218.384806925,220.303588867,9168400
2025-06-26,222.519052731,222.756432924,220.263993711,221.559661865,7982200
2025-06-27,221.846511855,226.37641563,221.579461007,226.06980896,13133000
2025-06-30,224.952148124,225.654373331,222.341026389,224.012542725,9279800
2025-07-01,224.942255005,226.099470268,218.760620484,222.222335815,9990200
2025-07-02,222.024518268,231.262364021,221.54977298,231.044769287,12012500
2025-07-03,231.311823831,234.981248884,230.718395945,232.231658936,7779600
2025-07-07,229.096321209,230.006255983,224.952151089,226.663223267,13817500
2025-07-08,227.266565365,227.810552244,225.051062025,225.36756897,8854400
2025-07-09,227.929221223,230.718381916,227.721526758,229.304016113,9475300
2025-07-10,230.233735097,230.500785928,225.278542408,227.246765137,13124700
2025-07-11,228.473203672,229.729315987,226.890699254,227.879760742,8817800
2025-07-14,226.821485412,227.33580164,223.834515327,226.168701172,10673500
2025-07-15,231.895370257,235.109820192,231.292042127,234.358123779,14270100
2025-07-16,233.81412611,235.703237145,231.588737796,234.96144104,15092800
2025-07-17,243.101422194,245.564190789,238.749557581,242.913513184,27395700
2025-07-18,242.626697046,243.27948132,236.079114128,237.770401001,16252000
2025-07-21,237.49346307,239.689180997,236.098897704,236.237365723,11971800
2025-07-22,235.228524021,235.396662683,229.224912817,232.033859253,11919500
2025-07-23,235.910957682,237.869295263,233.794366635,237.701156616,9885400
2025-07-24,237.582480446,239.303437876,235.42631843,238.957275391,9081900
2025-07-25,238.680331123,243.546511947,238.304482919,242.913513184,11593400
2025-07-28,240.341946163,241.281551576,238.413279243,240.094680786,11892200
2025-07-29,238.858339441,241.301322422,237.196723454,238.690200806,9411500
2025-07-30,239.47156266,241.89477538,238.581413358,240.252929688,6823800
2025-07-31,243.289344279,244.703710076,237.176951435,238.977035522,13490700
2025-08-01,233.042680284,234.59551418,229.304028789,232.637176514,13549800
2025-08-04,235.307623008,236.385696411,233.804245315,236.385696411,6450700
2025-08-05,235.723040557,236.01976204,227.652294703,229.927139282,11868900
2025-08-06,228.502879813,229.66007997,226.317062323,228.839157104,9457200
2025-08-07,241.795880147,245.129012767,238.166026043,239.966110229,17691000
2025-08-08,240.500207074,240.500207074,236.356036817,239.184753418,10552500
2025-08-11,239.392453694,242.666260139,238.897922913,239.44190979,8272900
2025-08-12,241.054071159,242.092588758,239.056162694,241.617828369,7295800
2025-08-13,243.734418462,243.734418462,237.315418979,238.79901123,7971900
2025-08-14,235.366975315,238.73967878,234.229560583,238.363830566,11040500
2025-08-15,237.70113434,238.165994418,234.664708518,236.266998291,8155500
2025-08-18,237.36488258,240.203484348,237.36488258,238.769348145,6919800
2025-08-19,237.394555026,237.54290822,230.035934754,230.15461731,14594700
2025-08-20,225.644497101,226.52476126,221.253061488,226.099472046,17165200
2025-08-21,225.654375856,227.81053778,223.785050219,224.843353271,7449100
2025-08-22,225.506014611,231.885458059,223.696030314,230.441436768,10299500
2025-08-25,231.737117765,234.684516876,229.709538625,233.013000488,7655000
2025-08-26,233.784464065,236.217562018,233.151465303,236.108764648,9793100
2025-08-27,234.279003993,236.781328502,232.864653224,236.672531128,9516400
2025-08-28,233.715228724,238.027537343,233.418507264,235.66368103,8466200
2025-08-29,233.260256529,233.369053896,228.057798561,228.344619751,15526000
2025-09-02,223.676266079,226.831374874,223.161964933,225.891769409,13974900
2025-09-03,228.987515315,229.907335237,226.09945764,228.858932495,7198500
2025-09-04,228.819398283,232.736073615,227.780880625,232.637176514,6241900
2025-09-05,237.612143849,241.874996565,235.297728433,240.747467041,14056600
2025-09-08,239.34301266,245.168584653,238.97704962,244.486129761,12986600
2025-09-09,244.228947434,251.943630104,244.228947434,248.175308228,13443400
2025-09-10,256.038322348,261.685854547,254.930578399,257.591156006,18822400
2025-09-11,257.50219301,258.778090923,255.405387252,256.077941895,10005000
2025-09-12,257.996709513,258.095621704,255.553726295,256.49331665,8496600
2025-09-15,257.155994816,259.925354994,255.919667918,258.520904541,8147700
2025-09-16,263.840976097,264.356899691,258.572463312,260.011138916,10381900
2025-09-17,262.273312672,262.739639293,257.699369469,260.735443115,10422000
2025-09-18,255.982904977,268.424873255,255.963072241,266.539733887,16917300
2025-09-19,264.287467069,264.485915545,260.755302205,262.799194336,17640200
2025-09-22,264.456121654,274.199323041,263.374647223,270.498504639,15630300
2025-09-23,280.192151387,283.764012141,277.810920978,280.499725342,17830300
2025-09-24,278.118453195,279.01141068,274.556524484,278.515319824,10231000
2025-09-25,270.98467737,274.973267422,268.077592081,274.497009277,11863400
2025-09-26,271.748663696,273.346061718,268.504210118,271.22277832,10451900
2025-09-29,274.3283336,277.681912897,271.093841553,271.093841553,8046200
2025-09-30,273.167512696,277.304894032,271.689141158,277.10647583,8348800
2025-10-01,276.263079251,288.208955582,275.003019372,286.214660645,14620100
2025-10-02,294.201735454,294.400183925,284.785939892,285.85748291,10198000
2025-10-03,290.570353996,293.745347939,288.218887921,289.905609131,10572500
2025-10-06,297.66449815,304.897482318,297.595038151,300.035797119,15785000
2025-10-07,304.222765875,304.699024019,290.987064853,291.731201172,13081000
2025-10-08,292.693630843,304.004497301,291.681616308,302.139190674,12821200
2025-10-09,299.946486523,300.462410174,295.09473312,297.535491943,10259900
2025-10-10,297.614856707,297.853000939,278.138322313,278.465759277,23398000
2025-10-13,295.908302868,302.248359372,290.034603319,300.521972656,20318300
2025-10-14,293.318707805,299.390855523,289.062239443,293.626281738,16567900
2025-10-15,303.895392578,304.212867763,297.724020153,302.327728271,20788000
2025-10-16,308.499081151,308.935643567,294.370421946,297.495788574,26341500
2025-10-17,296.067030439,300.928714996,292.614257301,292.772979736,17633300
2025-10-20,297.654564812,301.276022628,294.737547655,295.372558594,13391600
2025-10-21,296.662375872,297.029478315,291.364128378,292.207489014,11190500
2025-10-22,290.709274753,292.89208688,282.176505002,286.621490479,15409100
2025-10-23,287.534279146,291.790747629,287.365625193,288.45703125,10379900
2025-10-24,293.259177298,295.620574789,292.088410059,292.653930664,8747000
2025-10-27,296.315079543,298.130789138,291.393866442,295.918212891,13615000
2025-10-28,295.987681805,299.76789204,293.765173983,299.172576904,11804200
2025-10-29,303.409183033,305.55229936,300.015938226,302.704742432,16177300
2025-10-30,300.710445249,304.907385144,298.468134981,300.849365234,14507100
2025-10-31,303.597705252,305.274494949,294.360494935,298.081176758,12667900
2025-11-03,300.224290175,307.695417991,299.757963513,302.476531982,12466600
2025-11-04,294.558928965,299.62896328,291.215281242,291.751037598,16224300
2025-11-05,290.332193606,295.888416979,289.220954987,291.344238281,10502500
2025-11-06,291.800687742,292.336474419,285.133224508,286.978668213,11516900
2025-11-07,282.980147868,285.639217964,274.963332667,284.260070801,15715700
2025-11-10,292.058628237,294.806991278,289.469048201,292.961517334,10869200
2025-11-11,289.776580643,292.614236008,286.651214389,288.893554688,9666300
2025-11-12,291.403837614,292.564673487,287.316022731,288.347900391,9715900
2025-11-13,286.90922167,287.236628338,277.810901328,279.993713379,13827600
2025-11-14,273.752917178,284.617291035,271.0938769,282.593261719,11486800
2025-11-17,279.239655391,284.28985725,277.612462664,279.805206299,10227100
2025-11-18,275.380042464,277.999416912,270.587817763,275.737243652,11850400
2025-11-19,274.75501112,282.325333198,274.159695955,280.162384033,11179200
2025-11-20,289.925429862,290.560440736,274.248969828,275.330444336,15747300
2025-11-21,270.677106397,276.511140053,264.733947281,272.909515381,20872800
2025-11-24,271.054119312,282.831311172,271.054119312,282.414611816,13570300
2025-11-25,280.519578791,283.168687312,270.944999939,282.454315186,13726800
2025-11-26,286.839761875,290.520747842,285.480477666,287.693023682,12220300
2025-11-28,290.193313453,290.381830397,286.740510249,289.230895996,5515400
2025-12-01,284.676840042,288.883681549,280.975990707,285.430877686,7713000
2025-12-02,289.717073242,292.197527636,286.919113418,289.806365967,10746400
2025-12-03,289.895682724,294.300972515,283.833466216,293.140136719,9599200
2025-12-04,291.681640687,291.731237669,287.931194383,290.639831543,6753000
2025-12-05,293.735421041,298.448284772,290.957324006,292.41583252,10275300
2025-12-08,298.845142906,300.254023977,294.400157949,299.509887695,16643100
2025-12-09,297.644597363,302.297932253,296.166256225,301.037872314,11349100
2025-12-10,302.982544539,311.525245388,300.134987682,307.715270996,12429200
2025-12-11,303.750758169,304.268074602,298.099958876,303.283172607,15028400
2025-12-12,302.716081442,302.716081442,289.484452009,290.539001465,19306100
2025-12-15,293.632995958,294.279649046,286.072052005,286.261077881,12082400
2025-12-16,285.783578937,286.977393078,281.863826934,285.395568848,11418400
2025-12-17,287.047039932,287.614117588,273.66615681,275.536499023,16823000
2025-12-18,283.53518998,285.684091905,280.301893954,283.216827393,11260300
2025-12-19,284.908076202,290.668325408,284.908076202,287.464874268,12735800
2025-12-22,293.155514511,293.493763389,289.713275819,291.772644043,6091100
2025-12-23,291.891994942,296.378824441,290.698180843,295.42376709,6802300
2025-12-24,296.209702198,297.622417212,294.707483759,297.264251709,2753900
2025-12-26,298.358586187,301.820710825,296.985674169,301.283477783,5125900
2025-12-29,300.228947875,302.934969176,297.115030198,299.373382568,6205100
2025-12-30,300.805963266,302.984709879,297.910946342,298.040252686,6190600
2025-12-31,302.437545065,305.81013621,301.870467381,302.328125,8175100
