date,open,high,low,close,volume
2015-01-02,56.4231599664,56.9124683693,56.1540398782,56.7779083252,10220400
2015-01-05,56.331416003,56.514907827,54.7411706384,55.2243614197,18502400
2015-01-06,55.1937694782,55.9093837496,54.4475763518,54.9307670593,16670700
2015-01-07,55.4445401492,55.9521967303,55.0469777103,55.4873542786,13590700
2015-01-08,55.8115167373,56.4353804054,55.6586084723,56.4109191895,15487500
2015-01-09,56.4537312323,56.7473124771,55.8849123207,56.331401825,14488400
2015-01-12,55.8054088285,55.8665712119,54.9368908516,55.2488250732,15176300
2015-01-13,55.5852095831,55.9216096252,54.5026211441,55.0469741821,17469000
2015-01-14,54.4047715509,54.9797082551,53.3711146108,54.8879623413,23272100
2015-01-15,55.3099940963,55.4506717947,54.135659395,54.4108924866,18759600
2015-01-16,54.4231265991,55.774835471,54.4231265991,55.7320213318,17713100
2015-01-20,55.7442485346,56.1356934027,55.2794060038,55.7136650085,16761000
2015-01-21,56.1112348106,56.2641431279,55.6647451372,56.1907501221,14276400
2015-01-22,56.4598618271,56.8635419977,55.8543462375,56.8023796082,13559000
2015-01-23,56.4415204736,56.563849934,55.5301881584,55.5913505554,14706300
2015-01-26,55.4200873439,56.2335606598,55.334459065,56.1234664917,10672500
2015-01-27,55.805418337,56.0256066878,55.4139734169,55.6280441284,12301500
2015-01-28,55.5852377773,55.6158213117,53.713641199,53.7931518555,17829700
2015-01-29,53.9582821894,53.9827480776,52.6188039748,53.5668373108,22683000
2015-01-30,53.3099537895,54.0806082882,52.7533653184,53.4689750671,22679900
2015-02-02,53.7319726679,54.7962130695,53.5179019932,54.7901000977,20306300
2015-02-03,55.5974529388,56.472088509,55.5424035301,56.4231567383,21900900
2015-02-04,56.0500699087,56.4353971712,55.3589260253,55.9399757385,19632200
2015-02-05,56.5087771695,56.6005230603,56.0867488713,56.4904289246,12809000
2015-02-06,56.7554185438,56.8663413758,56.0529088416,56.3856773376,12331200
2015-02-09,56.3240539238,56.8725043918,56.2254537625,56.4226493835,11360700
2015-02-10,56.5335676163,56.5335676163,55.6461897444,56.0837173462,12952900
2015-02-11,55.4736362052,55.9727912241,55.3319043701,55.8310546875,12240600
2015-02-12,56.3610133697,57.1005003008,56.0898676915,56.9217910767,14843000
2015-02-13,57.1251465094,57.5873240853,56.8663281952,57.538028717,12061000
2015-02-17,57.1559664549,57.353162054,56.8724980749,57.340839386,11758700
2015-02-18,56.6876268297,56.6876268297,55.7016488045,56.0837173462,19177900
2015-02-19,55.2394869804,55.7201511115,54.5862772333,55.1162414551,19350600
2015-02-20,55.0915767208,55.4243451924,54.7526445642,55.4120178223,15959900
2015-02-23,55.0053050998,55.1840143587,54.6848592901,54.8512458801,12771800
2015-02-24,55.0484647119,55.3257695436,54.9252144633,55.1039237976,9990700
2015-02-25,55.1963306951,55.2764397876,54.8943759757,55.2148170471,9925700
2015-02-26,54.92519324,54.9560069656,54.2781473155,54.6294021606,13984000
2015-02-27,54.7773007919,55.0176328205,54.438368597,54.5616188049,13090600
2015-03-02,54.4383663293,54.5492891611,53.8282931053,54.2534980774,13793700
2015-03-03,54.1857180869,54.2411771586,53.69272662,53.9946861267,13493800
2015-03-04,54.2042053623,54.2042053623,53.5694820115,53.7235412598,13467600
2015-03-05,53.6557557324,53.7297058654,53.3168234997,53.4523963928,12527600
2015-03-06,53.2490288335,53.3661106388,52.5773282176,52.7683601379,16070500
2015-03-09,53.0703507436,53.2305690347,52.4541135275,52.4787635803,14503800
2015-03-10,52.269220692,52.7067483856,51.9118021136,51.9241294861,17195500
2015-03-11,52.3370193444,52.3370193444,51.7639186286,51.7762413025,13004700
2015-03-12,52.0288728164,52.2075820512,51.8008635096,51.8994636536,10792900
2015-03-13,51.7022746535,51.874820226,50.9504649152,51.6837882996,16799900
2015-03-16,51.5851806362,52.2938538782,51.3140349467,52.2322311401,13516200
2015-03-17,52.096654984,52.2876868705,51.7762092438,51.8131866455,12979700
2015-03-18,51.4804450538,53.2243970788,51.4126586004,53.0395240784,18745700
2015-03-19,52.4972274862,52.688259437,51.967263331,52.0165634155,12738500
2015-03-20,52.1767888098,52.6266439156,52.0042431916,52.0966796875,36083500
2015-03-23,52.3924593269,52.8608006887,52.386300343,52.6451187134,17450700
2015-03-24,52.5649886091,52.8607795709,52.0719974039,52.0843200684,10174300
2015-03-25,52.410940253,52.7313813113,52.2383900045,52.2938537598,11934700
2015-03-26,52.565011977,52.7313938793,51.8193611548,51.9610977173,14400700
2015-03-27,51.7885610934,51.7947247801,51.3510333618,51.5050926208,11579300
2015-03-30,51.93027764,52.8854466447,51.9179549716,52.7683601379,15653200
2015-03-31,52.2876943026,52.5896490342,52.0473623141,52.3801307678,13354000
2015-04-01,52.8114956514,52.9963685852,51.9241177931,52.0473632812,14522300
2015-04-02,51.819350934,52.3431559821,51.6714554165,51.948764801,11297400
2015-04-06,52.4725782266,52.7745330214,51.8871502921,52.4602508545,10916400
2015-04-07,52.3862941078,53.101126384,52.2322349006,52.8423080444,11836100
2015-04-08,52.873128404,52.9347511543,51.7762227623,51.8008728027,16257100
2015-04-09,51.7638966963,52.2137516767,51.6468101874,52.1644515991,13281800
2015-04-10,52.6081455427,53.0210231349,52.2383996436,52.725227356,13372400
2015-04-13,52.9470638522,53.1504231212,52.5280226471,52.5896453857,9880500
2015-04-14,52.749893408,53.908422134,52.7067570003,53.3846168518,15693800
2015-04-15,53.698899542,54.5554687193,53.698899542,54.2781639099,15332800
2015-04-16,54.1549050846,54.3274553913,53.6804046701,54.0624732971,9570800
2015-04-17,53.6988824499,53.8344553185,53.0949729279,53.5694732666,14430100
2015-04-20,53.6927116216,54.2904620802,53.661902602,53.7604980469,11593600
2015-04-21,53.8467727437,53.9946729686,53.4215725262,53.5386543274,10100500
2015-04-22,53.6372616412,54.105603013,53.2058929798,53.8960800171,8663600
2015-04-23,53.834446909,54.4630063727,53.8036331886,53.9453697205,9866100
2015-04-24,53.729704359,53.8344635183,53.4030995084,53.5941314697,8405700
2015-04-27,53.8652509552,53.9823327284,53.4646961691,53.6187553406,10534600
2015-04-28,53.7481837303,54.1425749743,53.6372608991,54.1056022644,9633800
2015-04-29,53.9207371096,54.271992009,53.5879685678,54.1487464905,12534100
2015-04-30,54.6417155172,54.6417155172,53.7481740445,53.8406105042,13947700
2015-05-01,54.136418046,54.8142777873,54.0439815582,54.7526550293,12257100
2015-05-04,55.1038889433,55.3873572835,54.8142569191,54.9128570557,10343700
2015-05-05,55.4428263929,55.5167718009,54.5492802,54.6047439575,11895000
2015-05-06,55.2456334105,55.4366653256,54.0994325169,54.3459281921,11273500
2015-05-07,54.2288374222,54.2904601608,53.5633005619,53.9823417664,9992500
2015-05-08,54.5184756805,54.8882168557,54.1179207817,54.8389167786,11390300
2015-05-11,55.0066838862,55.0315378086,53.8385779781,53.9193496704,11997800
2015-05-12,53.9876868796,54.3418469125,53.6956592709,54.0684585571,9788900
2015-05-13,54.2300110699,54.5096141126,53.683239055,53.7826499939,8629400
2015-05-14,54.0125568109,54.2673012482,53.9007165179,54.0374107361,8791300
2015-05-15,53.9317792115,54.4412727707,53.8075095992,54.2735099792,8422200
2015-05-18,54.2486616906,54.3418627243,53.9193554796,53.9628486633,6395400
2015-05-19,53.7267284919,54.1865141256,53.5651803944,54.0498199463,9777100
2015-05-20,54.2983431078,54.3045577711,54.0001056334,54.1367950439,7276600
2015-05-21,54.2300204343,54.3294361308,54.0311937818,54.1865272522,8357400
2015-05-22,54.0498363862,54.1181834967,53.7453840927,53.7578086853,7598400
2015-05-26,53.4595521535,53.6645934124,52.8320037888,53.0308303833,11289000
2015-05-27,52.9997879083,53.3663726639,52.6704769324,52.8817329407,10778300
2015-05-28,52.8817329407,53.1675459892,52.7015455261,52.8817329407,8038900
2015-05-29,52.8755048978,53.1737472046,52.7388107047,52.9376373291,14631300
2015-06-01,52.9687039098,53.1053980978,52.6891056094,52.8941421509,9077500
2015-06-02,52.8879469584,53.1799699298,52.7574673992,52.9003715515,9328300
2015-06-03,52.9562956063,53.3353049615,52.7264003341,52.7823181152,8179500
2015-06-04,52.6269767685,52.7450317205,52.0553507472,52.3287391663,12607300
2015-06-05,52.2728153619,52.8133775207,52.1796190762,52.3660163879,11388500
2015-06-08,52.3038803667,52.9438534331,52.148546914,52.7201728821,12244700
2015-06-09,52.9935449827,53.0805313102,52.4964761909,52.5523986816,8105500
2015-06-10,53.3352785219,53.4160549307,52.8133605285,52.9438400269,10147000
2015-06-11,52.9997851367,53.2483149117,52.7450359548,52.8693008423,7759300
2015-06-12,52.5524179515,52.6145503881,52.1050568229,52.2044677734,8347300
2015-06-15,51.9000152736,52.1796183478,51.6887640418,52.0180702209,9563900
2015-06-16,52.0739969295,52.6580523605,51.8192524746,52.6145591736,9100100
2015-06-17,52.8320234032,52.8941558482,52.4467993998,52.6456260681,9090200
2015-06-18,52.6891108466,53.4098556267,52.6394030024,53.111618042,10247800
2015-06-19,52.7636526986,53.1116027679,52.7636526986,52.9438400269,16129600
2015-06-22,53.0556967376,53.1861762764,52.7947376599,52.919002533,9465100
2015-06-23,52.9500659451,52.9873444553,52.5586226265,52.8568649292,10223900
2015-06-24,52.7450387345,53.0246371163,52.6021345803,52.6145591736,11800100
2015-06-25,52.7201663945,52.7201663945,52.1485404968,52.1485404968,10259400
2015-06-26,52.0864098791,52.2541679074,51.8751539371,52.1050491333,19023300
2015-06-29,51.6017711566,51.8503008707,51.4464377151,51.4588623047,11739200
2015-06-30,52.0304938305,52.7512433519,51.4464432511,51.6949729919,14981100
2015-07-01,51.7446907586,51.9000242466,51.0177311726,51.1792793274,13529100
2015-07-02,51.4402336701,51.7446859509,51.2911148628,51.657699585,9188000
2015-07-06,51.2103317953,51.6079850569,51.0239344954,51.278678894,11694400
2015-07-07,51.067425846,51.7136135581,50.6324893477,51.4899330139,15641500
2015-07-08,51.1046977784,51.5582734737,50.8934465919,50.9307250977,10057000
2015-07-09,51.4899211253,51.6638937883,50.6884001504,50.7008247375,11980500
2015-07-10,51.0053021956,51.2538367262,50.7754116657,51.0860786438,8628700
2015-07-13,51.0177075999,51.3283744323,50.9928536844,51.210319519,8026700
2015-07-14,51.1854737963,51.7695290517,51.1109167785,51.63904953,9310200
2015-07-15,51.3283878755,51.8316667589,51.1979083405,51.4215888977,9289200
2015-07-16,51.6825476279,51.8689496711,51.4464424815,51.5147895813,8267600
2015-07-17,51.2662481589,51.4712846901,50.8188871081,51.3283805847,12156000
2015-07-20,51.0425593025,51.2041073757,50.7008239055,50.800239563,12957100
2015-07-21,50.9058943843,51.2165613817,50.5952273869,50.7381362915,8677100
2015-07-22,51.166838853,51.2414006176,50.6884139,50.8188934326,13181500
2015-07-23,50.7816247355,50.930743553,50.3094096163,50.4150352478,10496100
2015-07-24,50.4274500932,50.4274500932,49.5327279644,49.6694221497,14888500
2015-07-27,49.2282975356,49.7874943731,49.0667493596,49.2469367981,14996100
2015-07-28,49.520300118,51.3656621936,49.4395284335,51.2476119995,19777300
2015-07-29,51.0612196154,51.6949781017,50.8934615497,51.657699585,13913800
2015-07-30,51.6825336954,51.769520028,51.2103187895,51.5769081116,11139900
2015-07-31,50.7443432429,50.7443432429,49.0418895243,49.2158622742,26232700
2015-08-03,48.8989577949,49.0418666244,48.2341309595,48.5013046265,15767700
2015-08-04,48.3894686709,48.8430443747,47.7992035298,47.9483222961,18874400
2015-08-05,48.3832587468,48.6069392664,47.7805642766,47.9483222961,16544400
2015-08-06,47.8054283547,48.6255888542,47.7867890975,48.5199584961,13005200
2015-08-07,48.1844253377,48.4453843269,47.6065848669,47.7370643616,12187600
2015-08-10,47.8986257672,48.9300422668,47.8986257672,48.9300422668,14876000
2015-08-11,48.2966167698,48.9613914022,47.870156398,48.5976448059,14486400
2015-08-12,48.5662892522,49.4631100975,48.2652564378,49.4129371643,16492400
2015-08-13,49.1181783263,49.7265119975,49.0868190462,49.325138092,13154100
2015-08-14,49.3188614276,49.7202353017,49.0742743726,49.1432609558,9129300
2015-08-17,48.8735929647,49.6575271488,48.5725601327,49.4003944397,9365400
2015-08-18,49.2498678512,49.3376680746,48.6540799372,48.8547668457,9815300
2015-08-19,48.6101933842,48.6540935081,47.6192994036,47.8074455261,17010100
2015-08-20,47.6631934863,47.7760801886,46.7663726807,46.7663726807,17811200
2015-08-21,46.4716184559,46.9670654448,45.1985100796,45.2361373901,25488800
2015-08-24,42.6397639182,44.7657938961,41.7366746292,43.0975837708,35531200
2015-08-25,44.7218873459,44.8034195843,42.7714582097,43.0913047791,30409700
2015-08-26,44.2954106594,45.6249646154,43.3672353646,45.4681777954,34436000
2015-08-27,46.2834766042,46.9670649229,45.7880296208,46.9419784546,24571000
2015-08-28,46.8541901963,47.6506702185,46.6660488129,47.0799636841,18997300
2015-08-31,46.5844894516,47.3809690102,45.9698879252,47.1865501404,19570100
2015-09-01,45.9699088433,46.0012633442,44.8473143619,45.204788208,24092900
2015-09-02,45.8193838166,45.9322705309,45.1546091574,45.9260025024,16936900
2015-09-03,46.1831219347,46.9796016015,45.9949758506,46.2771949768,13451900
2015-09-04,45.7378561794,45.869556548,45.3113957923,45.4430961609,14902500
2015-09-08,46.2333101166,46.2333101166,45.7629495359,46.0953369141,13626900
2015-09-09,46.640950638,46.8353647874,45.0605366197,45.1546096802,17246200
2015-09-10,45.6626014728,45.7692201691,45.0291860326,45.4807281494,12353900
2015-09-11,45.4054794057,45.6061664119,45.1608922665,45.5873527527,12172300
2015-09-14,45.3490159225,45.5183483587,45.0040878073,45.4619026184,10738500
2015-09-15,45.4305727032,45.9761880413,45.4117590412,45.6939735413,11979800
2015-09-16,46.1016065099,46.8479086589,46.013806257,46.5970535278,15214200
2015-09-17,46.6660293888,47.3308039458,46.3148236735,46.6973838806,15603000
2015-09-18,45.9448204056,46.132961757,45.229872744,45.581073761,23180200
2015-09-21,45.8444595921,46.1643060055,45.6124181892,46.0263328552,10853000
2015-09-22,45.3740996471,46.1078607338,45.1671399197,45.618686676,14245200
2015-09-23,45.7002319994,45.9071870015,45.3364853651,45.3427581787,13784800
2015-09-24,45.1546184375,45.8758389944,44.9790179091,45.6124382019,14584200
2015-09-25,45.9636298123,46.1141438364,45.6312424827,45.9260025024,15175300
2015-09-28,45.5434370435,46.0702384602,45.4054638768,45.5308914185,14571900
2015-09-29,45.5622449117,45.9009049729,45.2423985008,45.7629318237,13754400
2015-09-30,46.0326221963,46.6284103394,45.9887220678,46.6284103394,18176500
2015-10-01,47.1614730832,47.3997921095,45.9698970906,46.4465255737,14397800
2015-10-02,46.0263483103,47.6004896585,45.8005748586,47.5879440308,18811300
2015-10-05,48.0708320355,48.3844056238,47.531485081,48.1711730957,18486700
2015-10-06,48.2652747746,49.2687098956,47.8262734044,48.8485221863,18757900
2015-10-07,49.5258522518,49.7265393147,48.6227580761,49.6700935364,18666300
2015-10-08,49.7390507137,50.2407704664,49.2561493991,50.1905975342,14344700
2015-10-09,50.2031534934,50.2784081225,49.3063324805,49.7077064514,17384700
2015-10-12,49.9146680976,49.9146680976,49.3690528254,49.73279953,9931800
2015-10-13,49.3690426347,49.8895761097,49.2247966317,49.6449890137,12326600
2015-10-14,49.5258260107,50.4728198302,49.4066664855,50.2721328735,14486000
2015-10-15,50.2909435502,51.131318636,50.1090702589,51.0999641418,13640900
2015-10-16,51.5891386438,51.7396526572,51.0811460731,51.7271118164,14304400
2015-10-19,51.4323604265,51.532701524,50.6484261641,50.7926673889,14155800
2015-10-20,50.5167060778,50.8365476871,50.2972007422,50.6923065186,12340100
2015-10-21,50.711128739,50.8930020218,50.2407682855,50.3034820557,10274900
2015-10-22,50.5982538949,52.0281492429,50.5857130518,51.984249115,14823500
2015-10-23,51.6832099857,52.0532245867,51.3570907185,52.0406837463,13215700
2015-10-26,51.7522167879,51.8839219918,50.9055685021,50.9369277954,12576400
2015-10-27,50.529247514,50.8992668339,50.0024461856,50.8553619385,13579400
2015-10-28,50.9933433196,51.789823037,50.7550290779,51.6016769409,12473000
2015-10-29,51.2943927815,52.1912138661,51.2943927815,51.5703392029,10341200
2015-10-30,51.7208319629,52.6051070545,50.9619844014,51.8901596069,18758600
2015-11-02,51.6142310883,53.8907743464,51.4825259284,53.483127594,21266500
2015-11-03,53.7214521619,54.8377738428,53.6712792182,54.467754364,20115900
2015-11-04,54.4175727744,54.6119917041,53.7465253097,53.9221305847,14245400
2015-11-05,53.6524584265,54.0789188216,52.9939517863,53.1883659363,12291100
2015-11-06,52.6364680898,52.9751281738,52.1911941232,52.9751281738,12491700
2015-11-09,52.8612601666,52.8865653229,51.7478622461,51.8427505493,13551200
2015-11-10,51.8301129701,52.2602910795,51.7858301423,52.0958099365,14238000
2015-11-11,52.1400914432,52.2286570964,51.4948267086,51.6340026855,9598000
2015-11-12,50.9697347837,51.4188903648,50.1789668959,50.2359046936,16050600
2015-11-13,50.1536814169,50.343467715,49.3059802253,49.4071960449,17527300
2015-11-16,49.3059669349,51.2354379221,49.2869892755,51.1785049438,14548100
2015-11-17,51.0583078478,51.1658511379,50.3750831347,50.5838470459,10011700
2015-11-18,50.5395607125,51.178502566,50.3497744744,51.0772819519,10884600
2015-11-19,50.9318063207,51.1026101509,50.6344766659,50.7989578247,9453300
2015-11-20,50.9697454079,51.203814489,50.3877412795,50.4763069153,10144400
2015-11-23,50.3561036148,51.0583059618,50.0144912709,50.7862815857,11868400
2015-11-24,50.8305889221,52.0958182908,50.7356957542,51.7984886169,15055500
2015-11-25,51.4315655198,51.9819370966,51.3050397123,51.3999328613,8980400
2015-11-27,50.9760866761,51.406264806,50.900171185,51.3872871399,4156600
2015-11-30,51.5074936255,52.2856119194,51.3999502725,51.659324646,17729200
2015-12-01,51.7225676006,51.9566318981,51.4125829922,51.8048057556,13917000
2015-12-02,51.4378955293,51.6466595217,50.2422542296,50.3244972229,16300000
2015-12-03,50.4320292765,50.5142674248,49.3565817185,49.6033058167,14870300
2015-12-04,48.9327321385,49.9638968947,48.7302956853,49.8879814148,20156400
2015-12-07,48.9200971919,49.0276405353,47.9205647813,48.5848121643,17676100
2015-12-08,47.6168937891,48.3001186433,46.6806269829,47.212020874,24217600
2015-12-09,47.344857629,48.8315052752,47.2752744879,47.8446235657,22036300
2015-12-10,47.9521639451,49.0276062813,47.775027894,47.8825759888,20142400
2015-12-11,47.332221568,47.7877048271,47.0285644531,47.0285644531,20473100
2015-12-14,47.0032624958,48.2178812606,46.8704091945,48.0976829529,21976500
2015-12-15,48.9833404996,50.3561127942,48.9200800154,50.2485694885,24366800
2015-12-16,50.0018460463,50.362436085,49.3439264478,50.071434021,17233900
2015-12-17,49.9892039701,50.1220572845,49.3123065357,49.3186340332,17362900
2015-12-18,49.0719209044,49.8373840938,48.7492860638,48.8884620667,28836000
2015-12-21,49.2110821821,49.4071911312,48.4899020434,48.8757972717,14460500
2015-12-22,49.154144461,49.2806702562,48.8441647091,49.1225166321,13855800
2015-12-23,49.7740869625,50.7483134393,49.5463454574,50.7293357849,15184200
2015-12-24,50.7799608628,50.7799608628,50.0524580909,50.1853065491,5848300
2015-12-28,49.4198472176,49.8879806032,49.2869987498,49.8120651245,9715800
2015-12-29,50.602836643,50.6597744624,49.8753289432,50.0777702332,8839000
2015-12-30,49.5463578089,49.9702082831,49.3249437422,49.4135093689,9314600
2015-12-31,49.0339469328,49.6222785591,48.9833366189,49.3122940063,10285500
2016-01-04,49.0276244955,49.3059764242,48.3697048263,49.0023193359,20400100
2016-01-05,48.8315214522,49.4325033785,48.6607128111,49.4198532104,11993500
2016-01-06,48.4835653842,49.1161797602,48.4519327349,49.0086364746,18826900
2016-01-07,48.1166683035,49.3376147602,48.0154524702,48.2242164612,21263800
2016-01-08,48.3001146401,48.4899009149,47.129778816,47.2499771118,19033600
2016-01-11,47.4524216698,47.5220096608,45.902513031,46.6173706055,21353000
2016-01-12,46.8894002287,47.711796389,46.2757632377,47.5726203918,21864100
2016-01-13,47.9838208056,48.749283962,47.408143977,47.8572998047,26052700
2016-01-14,48.2115419027,50.5585407016,47.9521725135,50.0524520874,33806700
2016-01-15,48.2874712294,49.4514797201,48.2684935645,49.0782394409,28342100
2016-01-19,49.2996483791,49.4957573304,47.5662859935,48.3317489624,22684500
2016-01-20,47.49036438,47.9015647189,45.2635637423,46.2947235107,33300800
2016-01-21,46.2820737787,47.4397545116,45.9341339134,46.8767280579,22265600
2016-01-22,48.3443997658,48.5658138793,47.2689570278,48.4392929077,22530300
2016-01-25,47.9205448561,48.293785067,46.7502090823,46.800819397,17086600
2016-01-26,47.3005951311,48.5658244278,46.9716376377,48.5215415955,18724700
2016-01-27,48.0787028428,49.0086469464,47.2689570409,47.6295471191,18106100
2016-01-28,48.9327396646,49.1288534779,47.8383190799,48.7049980164,16157700
2016-01-29,48.540517293,49.249042511,48.2368601807,49.249042511,25161900
2016-02-01,48.4962188601,48.5784569889,47.7244285733,48.2621498108,16754200
2016-02-02,46.9336684343,47.8383073071,46.5287955651,47.1867103577,21404200
2016-02-03,47.7813601851,49.6792031994,46.9779420994,49.6475753784,25873700
2016-02-04,49.7108417851,50.6091530942,49.0655723804,50.5016098022,23658700
2016-02-05,50.2296004716,50.6724287634,49.7045291925,50.659778595,26719900
2016-02-08,50.1663313441,51.7352125876,49.9196120773,51.3429946899,26601200
2016-02-09,51.0557332224,51.4961957076,50.2322531044,51.1195678711,18418100
2016-02-10,50.9216690584,51.9941076087,50.6088759018,50.6535606384,16610900
2016-02-11,50.0088334042,51.1642616929,49.5236860917,50.8131637573,19331600
2016-02-12,51.1195690719,51.7515403883,50.9472101591,51.7260055542,16767200
2016-02-16,52.15369828,52.2494526816,51.2472336677,51.8472900391,15912200
2016-02-17,52.1217911203,52.8431319618,51.8089979075,52.3452148438,17006700
2016-02-18,52.9197400737,53.0218745527,52.2558489143,52.6324768066,14873700
2016-02-19,52.4665016852,52.6963103245,51.6494064654,52.664390564,13615900
2016-02-22,52.6643930117,53.2644494724,52.4728841799,52.5941734314,14595200
2016-02-23,52.3388422956,52.5814208558,51.6302662692,51.8536949158,11041600
2016-02-24,51.0110464661,52.1983845218,50.8578374709,52.0387954712,13777500
2016-02-25,52.0643298071,52.3898928309,51.0812606805,52.3515930176,13706400
2016-02-26,52.9133411648,53.0346303924,52.1473157288,52.1856155396,14343300
2016-02-29,52.2686028976,52.6005508425,51.1004147754,51.1642494202,18903600
2016-03-01,51.425979932,52.1983904399,51.2727757897,51.885597229,15730600
2016-03-02,51.6749187251,52.8048116265,51.2663712552,52.7920417786,14094400
2016-03-03,52.7665332336,52.8048330525,52.051572436,52.6005592346,13216200
2016-03-04,52.7665127024,52.9644015167,52.1919912913,52.5303192139,18402700
2016-03-07,52.5430837801,53.9155502319,52.4792491505,53.9155502319,18945600
2016-03-08,53.6219253091,53.755979538,52.6516259464,52.7473754883,14003900
2016-03-09,53.1240111973,53.5261739064,52.4984198906,52.6005592346,14139300
2016-03-10,52.6133214779,52.766530486,51.6621720197,52.4601173401,15898300
2016-03-11,53.1240170441,53.3219059571,52.3516064331,52.4665107727,15370200
2016-03-14,52.0132697122,52.7537604342,51.7196215495,52.6069412231,13344600
2016-03-15,52.0898984611,52.8878442245,52.0388287634,52.8686943054,9213000
2016-03-16,52.996330896,53.0857052469,52.3069098843,52.9005813599,11492100
2016-03-17,53.417659629,54.0560159798,52.8048381166,53.6857681274,13673900
2016-03-18,53.9985388667,54.0049237912,53.1431440509,53.7495803833,19637000
2016-03-21,53.5197868567,53.7112956841,53.3027480646,53.3793525696,8385400
2016-03-22,53.034648523,54.1709220852,52.9899637718,53.6985397339,13005100
2016-03-23,53.5325685322,53.813446909,53.3155248219,53.462348938,12748900
2016-03-24,52.9452665082,53.6410724511,52.9388815824,53.6091575623,9368300
2016-03-28,53.6410779956,53.8517367391,53.4304192521,53.7623672485,7490400
2016-03-29,53.411264112,54.0113205213,53.0857059443,53.9602508545,9977900
2016-03-30,54.2794319217,54.2922017743,53.6219257542,53.953868866,10807000
2016-03-31,53.6666159678,54.3241222023,53.3602027893,53.3602027893,13896900
2016-04-01,52.6005527809,53.2325240663,52.5941678551,52.9580307007,12235300
2016-04-04,53.0218767165,53.5580985815,52.8431377183,53.0857162476,8050200
2016-04-05,52.7346182628,53.0665614207,52.338835574,52.4792747498,10446800
2016-04-06,52.785675976,53.2772081093,52.5367174465,53.1814537048,9320200
2016-04-07,52.8303526872,53.0920761581,52.3771204365,52.5813941956,8267100
2016-04-08,53.1750769699,53.2708265101,52.8878137385,53.1176223755,9376200
2016-04-11,53.1942206187,53.7751221987,53.1623008622,53.1878356934,9925000
2016-04-12,53.4240546927,54.0241064645,53.2197808165,53.8453674316,9986100
2016-04-13,53.9410861774,54.2028144953,53.647442979,54.1517448425,9235700
2016-04-14,54.2602586242,54.8347799837,54.1070545518,54.5347518921,10625800
2016-04-15,54.4517780697,54.6815866587,54.1198301655,54.2411193848,11280200
2016-04-18,54.241127007,54.8092636345,53.5325512365,54.7581939697,9097000
2016-04-19,54.8028719187,55.0965151494,54.4007093165,55.0326805115,10354500
2016-04-20,55.0454693563,55.8178799435,54.8794953442,55.4093322754,15247100
2016-04-21,55.2752646722,56.0732099749,55.2624996903,55.4029388428,12075300
2016-04-22,55.69019274,55.9455361905,55.4220843087,55.8753166199,9150800
2016-04-25,55.5944639716,55.7923577938,55.1220815361,55.7476730347,8076400
2016-04-26,56.0157524409,56.1370416685,55.5752851367,55.9391479492,9425900
2016-04-27,56.1434310845,56.6349681318,55.7476533206,56.4689941406,10463500
2016-04-28,56.0859843831,56.6732710047,55.8561757276,56.1945037842,11276200
2016-04-29,56.6094335543,57.311624469,56.0093771091,56.4306945801,17885900
2016-05-02,56.3285385937,57.1201036319,56.2264041545,56.8966751099,10273700
2016-05-03,56.4306950385,56.5775142528,55.7668039357,56.2455711365,10137400
2016-05-04,56.3668669307,56.6477404093,55.9200145693,56.1370582581,10601100
2016-05-05,56.6604953678,56.7945495799,55.9327697191,56.2008781433,8721100
2016-05-06,55.8306470262,56.6094425698,55.8306470262,56.5009231567,7968400
2016-05-09,56.5583535489,56.66049287,55.6838087461,56.5392036438,11159500
2016-05-10,56.7498764909,57.4520674524,56.6988068176,57.4456825256,12509100
2016-05-11,57.3941868205,57.7289196968,57.1109479097,57.1688804626,11660200
2016-05-12,57.8061638557,57.889845841,57.387744107,57.7224769592,10720500
2016-05-13,57.4714345213,57.7160517485,56.9757713016,57.0723304749,9721100
2016-05-16,57.4199215474,57.7224712575,57.2911792887,57.6581001282,8638700
2016-05-17,57.4649934666,57.8769795824,57.3941886479,57.6323623657,9835600
2016-05-18,57.806153101,57.9348953484,57.0658729004,57.5164756775,9680300
2016-05-19,57.0401176668,58.0378871719,56.9371199504,58.0056991577,14397900
2016-05-20,58.1859520619,58.1923906483,57.5357923509,57.7675323486,13191900
2016-05-23,57.291170866,57.8705207671,57.1753008858,57.6774024963,11766100
2016-05-24,57.8640964044,58.192395581,57.6452335609,57.7224769592,10056600
2016-05-25,57.838340209,58.1730779333,57.6709713468,58.102268219,9578400
2016-05-26,58.0958440213,58.2310248973,57.4649950222,57.8061714172,7867900
2016-05-27,57.5486786881,57.967098468,57.4971798112,57.9413490295,7505900
2016-05-31,57.934907001,58.0636492743,57.117383252,57.304058075,13178800
2016-06-01,56.9242774489,57.5808710451,56.7311590853,57.445690155,7994800
2016-06-02,56.7826416321,56.9886322021,56.3964099272,56.9886322021,9837500
2016-06-03,56.930703292,57.1817541617,56.6667752482,56.8856430054,9367100
2016-06-06,57.2075030832,57.6130456589,57.0916330742,57.5100479126,8573000
2016-06-07,57.7739807197,58.5271333844,57.748231281,58.3919525146,12889100
2016-06-08,58.5979426474,58.7717501294,58.2760820332,58.4434509277,9983000
2016-06-09,58.0507698953,58.5979318565,58.005709614,58.366191864,8974300
2016-06-10,58.1924161027,58.527149073,57.7933070628,57.9220542908,10353800
2016-06-13,57.883405269,58.8554255914,57.7417858287,58.3146972656,11370000
2016-06-14,58.2245688852,58.4949354675,57.838337225,58.2116966248,10161000
2016-06-15,58.0829822056,58.514274351,57.9349241275,58.0379219055,10655800
2016-06-16,57.7417864419,58.8296767805,57.3619933125,58.7202453613,12824800
2016-06-17,58.8940433767,58.9584145059,58.0572088747,58.3983802795,17483200
2016-06-20,58.7653152261,58.95842866,58.6236957611,58.6558837891,9388500
2016-06-21,58.3983872118,58.9906095286,58.0958374663,58.9197998047,8557500
2016-06-22,59.1193335731,59.1772710163,58.5850488821,58.688041687,8785400
2016-06-23,59.1773061256,59.2674267251,58.7009536838,59.093624115,9464500
2016-06-24,57.8576775116,58.4499049306,57.3877636412,57.5422554016,20010500
2016-06-27,57.2268106839,57.3555529482,56.7182703908,57.2010612488,14169400
2016-06-28,57.7611110755,58.5335746264,57.6259252884,58.5207023621,13254300
2016-06-29,58.8425701178,59.6729663255,58.6558903396,59.5184745789,13920600
2016-06-30,59.4347781686,60.4003599458,59.4154673189,60.3424224854,14073700
2016-07-01,60.0978006881,60.4969095275,59.9111209847,60.4067840576,9946300
2016-07-05,59.9433242653,60.2523077135,59.3832850126,59.8789482117,10744100
2016-07-06,60.091388955,60.5870571606,59.5056050617,60.567741394,13144400
2016-07-07,60.7286463091,60.8252054565,59.4476426933,59.8403129578,12240700
2016-07-08,60.1171287245,60.3681796257,59.8145789432,60.2136878967,9807600
2016-07-11,60.3488557229,60.7737140245,60.2844845923,60.4389762878,8335700
2016-07-12,60.9410890984,61.1213302612,60.5677295975,61.1213302612,9870800
2016-07-13,60.9281988911,61.1020014152,60.5805889318,61.0762519836,9458200
2016-07-14,61.1857063147,61.4946897621,60.9089059828,61.1213302612,9293500
2016-07-15,61.4367454148,61.507555131,60.921766553,61.2307548523,10334500
2016-07-18,61.1020183885,61.2500764333,60.7672855076,61.0376472473,9865900
2016-07-19,60.9990080323,61.1148780177,60.638520905,60.8123283386,5901800
2016-07-20,60.6707007473,60.7801321322,60.3810282785,60.4647102356,7383800
2016-07-21,60.4389726995,60.6771512707,60.1621724346,60.4132232666,6854600
2016-07-22,60.5806026748,60.6964726875,60.3295517991,60.5162315369,7139700
2016-07-25,60.1686297095,60.2651888851,59.0678668939,59.3511009216,10845900
2016-07-26,58.9841709415,59.2416604001,58.6494380833,58.9197998047,12143500
2016-07-27,58.9069341375,59.1000475697,58.3404562831,58.5207023621,10037900
2016-07-28,58.2825121489,58.4048207361,57.6838512969,58.0636444092,12439200
2016-07-29,56.396418576,57.2976292998,55.4372752977,57.2590026855,23928100
2016-08-01,56.6989591772,56.7440194606,55.0960900029,55.2698974609,22908400
2016-08-02,55.6496782237,56.2097172591,55.0896440995,56.0294761658,18919200
2016-08-03,56.0101846559,56.3191680908,55.7462565986,56.3191680908,14632900
2016-08-04,56.325601144,56.4221602997,56.0230514149,56.3127288818,13451400
2016-08-05,56.4736750989,56.5380462504,56.1003155445,56.364238739,9617300
2016-08-08,56.6796584854,57.2203819824,56.66678131,57.0272636414,10492700
2016-08-09,57.0465818965,57.1367024833,56.7633429603,57.0980758667,9654600
2016-08-10,56.9877125789,57.0786016777,55.8386118571,56.0982971191,12714800
2016-08-11,56.2800735755,56.6566119931,56.0009127942,56.2995491028,11616000
2016-08-12,56.4553526866,57.1175502665,56.4164016359,57.0331497192,9986900
2016-08-15,57.403198109,57.455136144,56.8968146508,57.0071792603,6432600
2016-08-16,57.0201600102,57.247382697,56.7215237714,57.0785865784,6817900
2016-08-17,57.0785946598,57.2473908023,56.9098034703,57.2019462585,7104600
2016-08-18,57.377223926,57.740785185,57.2084327571,57.7213096619,10342700
2016-08-19,57.5395353238,57.6109488881,56.9942007819,57.0006942749,8615300
2016-08-22,56.6825639392,57.1954407994,56.3839277206,57.1240272522,8235400
2016-08-23,57.0266554572,57.1435135607,56.8448772858,56.9487533569,6514800
2016-08-24,56.8059405743,57.2344220464,56.7085579712,57.1435279846,7985400
2016-08-25,57.1435361927,57.150029688,56.6371525279,56.7799797058,6935300
2016-08-26,56.8903286312,57.2019519289,56.4813276965,56.6566123962,6474400
2016-08-29,56.507280253,57.0785836871,56.507280253,57.0266456604,7027200
2016-08-30,57.0461287006,57.2928269087,56.721523449,56.818901062,6441100
2016-08-31,56.5721969604,56.6176414928,55.9749245485,56.5721969604,12491400
2016-09-01,56.299550739,56.3774528503,55.8905448423,56.3774528503,8434700
2016-09-02,56.7539901733,56.8578662481,56.4358783622,56.7539901733,7099600
2016-09-06,57.0266539398,57.5460243756,56.9098007925,57.500579834,9851200
2016-09-07,57.5525098501,57.5654918803,57.1110465271,57.2863311768,7470400
2016-09-08,57.487597173,58.0199496351,57.1564984,57.8122024536,9579500
2016-09-09,57.5590210382,57.5590210382,56.351488782,56.3774528503,12820200
2016-09-12,56.3385026033,56.9422687401,56.2411200097,56.6696014404,10889000
2016-09-13,56.1307345539,56.1372280452,55.2348259217,55.3192214966,13214300
2016-09-14,55.2088720328,55.7217490199,54.7089770789,54.9232177734,13957000
2016-09-15,54.9686578667,55.6048864058,54.8712752905,55.2348365784,9062600
2016-09-16,54.8647848639,55.2153591546,54.2480318707,54.5531616211,21538400
2016-09-19,54.9102402219,54.9362092433,54.4103452271,54.4233322144,7929100
2016-09-20,54.3583810934,54.5012032001,53.5858192444,53.5858192444,17522000
2016-09-21,53.7676232447,54.2869937209,53.4365244422,54.079246521,15055900
2016-09-22,54.7154607754,54.8907503861,54.131170328,54.2350463867,10738500
2016-09-23,53.6767229612,54.7349342659,53.6182914421,54.176612854,12667100
2016-09-26,54.222048502,54.8582768508,53.8390167571,53.923412323,10860300
2016-09-27,53.6183067222,54.1052147234,53.4235464935,54.0402946472,9595000
2016-09-28,54.1831185725,56.6306454207,54.1052115138,56.4164047241,28117900
2016-09-29,56.461832198,56.611147824,55.6243501443,56.13073349,19082900
2016-09-30,56.3774507386,57.0071858646,56.2541040826,56.663105011,15961500
2016-10-03,56.4423651319,56.6111563037,56.182679929,56.5137786865,7111200
2016-10-04,56.7280214916,56.8059285482,55.8775571749,55.9944152832,8222000
2016-10-05,56.3709662414,56.5916955018,56.2865656804,56.4813308716,8796200
2016-10-06,56.6436158671,56.7864429689,56.1177569495,56.5072822571,7718300
2016-10-07,56.4488526882,56.7410003938,56.1047719054,56.3125190735,6614900
2016-10-10,56.8318854257,57.5654914774,56.812409904,57.4161758423,10060000
2016-10-11,57.1824727735,57.2538863382,56.6760892808,56.9617385864,9309000
2016-10-12,56.6241320428,56.9487372437,56.2670643405,56.565700531,8172600
2016-10-13,56.0593336369,56.3969259185,55.4620610809,56.1956672668,9890300
2016-10-14,56.6046737322,56.8318964513,56.1437348011,56.1826858521,7991700
2016-10-17,56.1437348011,56.3449885019,55.8775560779,56.1826858521,7263100
2016-10-18,56.5916782946,56.6955543524,56.0788014034,56.331993103,5429300
2016-10-19,56.6046770499,57.033153495,56.4034183843,56.5916900635,9373400
2016-10-20,56.3449932366,56.8059322064,56.2216416274,56.6176605225,6866900
2016-10-21,56.1047892834,56.3644745623,55.6373567721,56.2346343994,10736200
2016-10-24,56.3125239619,56.6890672847,55.8775540649,56.4228935242,8354900
2016-10-25,56.2670865886,56.9033152134,56.2216420406,56.2995491028,6835900
2016-10-26,55.9944108375,56.7734615288,55.7996456882,56.5397453308,8488100
2016-10-27,56.6630870374,56.9097901773,56.3514687964,56.4293708801,9071100
2016-10-28,55.3646825291,56.0658312083,54.6245827966,55.0400772095,19072200
2016-10-31,54.4557919738,54.793384313,53.8779948445,54.0922355652,16663800
2016-11-01,54.209078765,54.4817459964,54.0597581651,54.3064613342,13050600
2016-11-02,54.079235244,54.45577356,53.8455190737,54.176612854,11226100
2016-11-03,54.3259626892,54.4558028745,53.9169616476,54.3129806519,8836500
2016-11-04,54.2934905478,54.7479410221,53.7286803933,54.2545394897,13877100
2016-11-07,54.8518102074,55.4880388675,54.7933836223,55.4750518799,13576200
2016-11-08,55.4947001816,56.2151543667,55.3375063617,55.8745727539,9735200
2016-11-09,55.0493297651,56.7915188604,54.7938960443,56.4902381897,15901300
2016-11-10,56.2675377124,57.6298488193,56.1037979402,57.0141906738,14106100
2016-11-11,56.6736207082,56.8046155508,55.5994879833,56.1103553772,13812200
2016-11-14,55.8680214158,56.097256135,55.2327101962,55.8549194336,12607500
2016-11-15,56.1758505378,57.0207485378,56.1758505378,56.8635597229,12883500
2016-11-16,56.8111545809,56.8373535462,56.0514045746,56.1627464294,8201200
2016-11-17,56.6146818318,56.9028605174,55.6846358554,55.8221817017,8200500
2016-11-18,55.8090724898,56.097256135,55.5601897942,55.8549194336,8457800
2016-11-21,56.6146740145,56.7784138121,56.4181842586,56.6474189758,8861500
2016-11-22,56.7784244664,57.1386490905,56.3068529613,56.7718734741,9390200
2016-11-23,56.6801563632,57.0338348472,56.5295135842,56.9290390015,5996300
2016-11-25,56.7915000896,57.0731326882,56.6801582475,57.0600357056,5042300
2016-11-28,56.9487007395,57.066593596,56.5688281992,56.6343231201,7449600
2016-11-29,55.9466113558,56.3788868085,55.7239276356,56.2609939575,9181100
2016-11-30,57.3744136478,57.7608420983,57.1124290199,57.1779289246,22696200
2016-12-01,57.6233263226,57.963902989,57.1386528015,57.1386528015,13005600
2016-12-02,57.1058895246,57.6298538431,56.7194610301,57.0076446533,9706600
2016-12-05,57.2368846606,57.5185173193,56.9290530341,57.2958335876,11741100
2016-12-06,57.1582934807,57.5512730416,56.7849668955,57.3482322693,11293600
2016-12-07,57.3940749486,57.7346565431,57.1124422827,57.682258606,11182600
2016-12-08,57.6691562667,58.1931205987,57.4071716023,57.845993042,9086700
2016-12-09,58.0555846737,58.2913703918,57.7543040331,58.2913703918,8021700
2016-12-12,59.0380274228,59.9287724181,59.0380274228,59.5881958008,15545400
2016-12-13,60.1842002123,61.0552971435,59.7126287909,60.6361236572,18829300
2016-12-14,60.4265456465,60.4330916416,59.0576781286,59.3262138367,16325400
2016-12-15,59.011813738,59.5881809424,58.7891300432,59.5292320251,11155100
2016-12-16,59.941864794,60.040109675,59.3655024872,59.7191810608,20560400
2016-12-19,59.8501844884,59.9549803845,59.0773322441,59.2214241028,9674400
2016-12-20,59.2803642489,59.5030479996,59.1362724116,59.2279663086,7221000
2016-12-21,59.391676652,59.5357684178,59.0641971833,59.1296920776,7308000
2016-12-22,58.959432044,59.5357994071,58.959432044,59.5161514282,8003100
2016-12-23,59.5292392875,59.57508623,59.2869025927,59.4113464355,4266500
2016-12-27,59.4899551644,59.6733429712,59.3262153373,59.4375572205,4960600
2016-12-28,59.3917049817,59.673337659,59.116623296,59.1428222656,6745900
2016-12-29,59.0118202051,59.33929979,58.9659732631,59.1755599976,6684700
2016-12-30,58.9659610747,59.4047824286,58.9528640927,59.1166038513,9117800
2017-01-03,59.5619819788,59.8239616205,59.0445636917,59.5292320251,10360600
2017-01-04,59.6798655273,59.6995134977,58.7825699037,58.8742637634,9434200
2017-01-05,59.070764171,59.1428100734,57.9245857199,57.9966316223,14443200
2017-01-06,58.1538288462,58.2782726951,57.5185176131,57.9638900757,16518100
2017-01-09,57.7804966453,57.7804966453,56.686716071,57.0076446533,13762300
2017-01-10,57.0927992,57.1844930994,56.2675541056,56.2806510925,13283100
2017-01-11,56.2609995791,56.9487037813,56.23480061,56.8570098877,11183700
2017-01-12,57.1582913777,57.2303372947,56.3723422788,56.5491790771,10407000
2017-01-13,56.5033309743,56.7718666591,56.4378360502,56.5557289124,8415600
2017-01-17,56.7063644129,57.2368797255,56.4902266941,57.2172317505,13237300
2017-01-18,57.0207474523,57.2499871742,56.3592422453,56.5098800659,11831700
2017-01-19,56.3068456141,56.3919885149,55.4029986817,55.4946975708,16382900
2017-01-20,55.9597220766,56.3002987011,55.704288359,56.2544517517,18739700
2017-01-23,56.1168948954,56.2478847143,55.5077827433,55.6518745422,11433900
2017-01-24,55.6584164152,55.9793449168,55.5601715686,55.7304573059,11858100
2017-01-25,55.8942184448,56.2478970296,55.8352745125,55.8942184448,9578500
2017-01-26,56.1234554572,56.2151493454,55.750128913,56.0645065308,8779400
2017-01-27,55.8680286088,56.1627582861,55.6977377968,56.005569458,10947900
2017-01-30,55.9466056702,55.9662536439,55.1344577774,55.5798301697,12789200
2017-01-31,55.6977114138,55.7173593834,54.4467373825,54.9445075989,19128100
2017-02-01,55.0165780649,55.1213739454,54.060338141,54.3223228455,15111800
2017-02-02,54.4991527487,54.7087394864,54.0668822885,54.6563415527,12200100
2017-02-03,54.8200771171,54.833179098,54.2961128119,54.7152862549,12746300
2017-02-06,54.7218338241,54.7873287336,54.3157573905,54.5646400452,9938200
2017-02-07,54.5122459597,54.767679599,54.0013736843,54.2109603882,11705200
2017-02-08,54.1911449139,54.2770714126,53.6491675575,53.8540649414,14006300
2017-02-09,53.8540699336,54.2308102645,53.8540699336,54.0920066833,9603000
2017-02-10,54.3696075763,54.7066875725,54.2836810716,54.5414505005,8739800
2017-02-13,54.7066909084,54.9776821435,54.4290938208,54.8587112427,9071600
2017-02-14,54.7992340717,54.9248108383,54.2374238996,54.7397460938,11370500
2017-02-15,54.6207739269,54.9776866586,54.5018030163,54.9644699097,11768500
2017-02-16,54.9380346331,55.136316134,54.3101306068,54.3960571289,10615000
2017-02-17,54.2572287677,54.3233276139,53.8276165237,54.0391197205,15646000
2017-02-21,54.2770737266,54.2969013678,53.7350963471,54.1250534058,16419600
2017-02-22,53.9664076806,53.9994520565,53.4508690238,53.490524292,12917400
2017-02-23,53.8144073083,54.343167945,53.5566378846,54.0523490906,13847000
2017-02-24,53.9333743925,54.0655670637,53.3781803015,53.5896835327,11338700
2017-02-27,53.6227275275,54.0060787072,53.4112242978,53.8937187195,13465900
2017-02-28,53.8871086129,54.1911441949,53.569856285,53.7483100891,16834200
2017-03-01,53.9994738044,55.0768227549,53.9994738044,54.871925354,17482100
2017-03-02,54.7265250337,55.6848981178,54.7199141383,55.0569992065,14170300
2017-03-03,55.0570074824,55.2552889904,54.3696204946,54.5018081665,12190400
2017-03-06,54.4885609154,54.7925964248,54.4158562237,54.7463302612,9617200
2017-03-07,54.9314126125,55.0503835061,54.2902919664,54.5414505005,12711500
2017-03-08,54.4290844367,54.4489120763,53.5434162501,53.5566329956,16817700
2017-03-09,53.2988688543,54.0126942064,53.0807547119,53.9796447754,14721800
2017-03-10,54.4885831483,54.5084107918,53.642570074,53.939994812,11355200
2017-03-13,53.8672806024,54.1580994365,53.5698559168,53.8144035339,9571400
2017-03-14,53.5368194835,53.6888398316,53.1666899995,53.5302085876,11335700
2017-03-15,53.7681479092,54.2374206382,53.5698664274,54.1977653503,11970300
2017-03-16,54.2175876473,54.3299476468,53.9796458585,54.2440261841,9923800
2017-03-17,54.2175929943,54.3696133353,54.0787944442,54.1977653503,18834100
2017-03-20,54.0127006169,54.2242038898,53.8276358835,54.1977653503,7700300
2017-03-21,54.3035022828,54.4290790019,53.9333678907,54.0853881836,13387700
2017-03-22,54.1713073274,54.2572287677,53.8210056306,54.0391197205,11168400
2017-03-23,53.9532080958,54.3431702163,53.8408480947,54.1052284241,8928000
2017-03-24,54.2175946355,54.2175946355,53.6359618783,53.6888389587,9128500
2017-03-27,53.4178412853,53.8210201508,53.3980136432,53.7020492554,8481200
2017-03-28,53.7483157846,54.2109775796,53.5103739922,54.0920066833,11028600
2017-03-29,53.9928589485,54.3828159579,53.9003266059,54.2109680176,8495500
2017-03-30,54.2175867507,55.4337342115,54.1581038258,55.3213691711,44704900
2017-03-31,55.0305694134,55.0636138104,54.105240574,54.2043838501,21750400
2017-04-03,54.2109767524,54.4026523624,53.7681426065,54.2440261841,11438700
2017-04-04,54.2638552802,54.4753585379,53.7549273,54.4423141479,9270900
2017-04-05,54.7595493032,55.2222160007,54.5083908395,54.5480461121,13809100
2017-04-06,54.6934665303,54.9975021138,54.5017909368,54.8653144836,9554900
2017-04-07,55.017333221,55.0966488297,54.6472037991,54.7000808716,8909600
2017-04-10,54.9380200027,55.1693508802,54.805827328,54.9446258545,8885300
2017-04-11,54.9115646633,54.9710475668,54.4753365342,54.7529335022,8576500
2017-04-12,54.7661777283,55.0900409904,54.6604235775,54.8388824463,9516100
2017-04-13,54.6736424365,54.6802533313,53.9135509073,53.9928665161,8667900
2017-04-17,54.0986083641,54.1779239623,53.8276222283,53.9201545715,9577200
2017-04-18,53.7483238449,54.0787980459,53.5566482032,53.5698699951,8821400
2017-04-19,53.649155753,53.8738807279,53.0741341367,53.1997108459,10764400
2017-04-20,53.5037585605,54.0259082806,53.3385214988,53.5434188843,11649100
2017-04-21,53.4905429798,53.5368091564,53.1865073848,53.3319168091,9816700
2017-04-24,53.7218799654,53.8011955811,53.4112334406,53.6095199585,8729700
2017-04-25,53.8210234787,54.1514976484,53.7218802192,54.0193099976,10733800
2017-04-26,53.8804999866,54.4158715067,53.7945785281,53.8011894226,9445900
2017-04-27,53.5830745296,53.7350948462,53.4971530723,53.708656311,12385300
2017-04-28,54.5018010355,54.5216286794,53.9069465043,53.9664344788,12072200
2017-05-01,53.8738891999,54.3365509229,53.8540615607,54.2374076843,8664100
2017-05-02,54.2902950015,54.5877197307,54.1316688155,54.2308120728,9102900
2017-05-03,54.1779187118,54.9049606421,54.1382634378,54.66040802,10289000
2017-05-04,54.3894295149,54.4356956885,53.8011860038,53.9598121643,16164500
2017-05-05,53.9531986284,54.3563774254,53.9399818834,54.2109680176,10213000
2017-05-08,54.1977708619,54.8190639952,54.1977708619,54.7860145569,8097100
2017-05-09,54.8322509182,54.8586894459,54.3034954913,54.402633667,8647100
2017-05-10,54.7896263016,54.9564237458,54.4760462921,54.6495170593,9520300
2017-05-11,55.1031961713,55.1832607697,54.7762746359,55.1165428162,10047300
2017-05-12,54.9697738177,55.1832743757,54.8763676417,55.0765266418,7480200
2017-05-15,55.3767487484,55.4968431059,55.143233356,55.2433128357,10881500
2017-05-16,55.3100420818,55.530215964,55.0098035816,55.0765266418,9574200
2017-05-17,55.0765220667,55.4034436555,54.6828774232,54.7028923035,11151100
2017-05-18,54.5560928649,54.8096281777,54.3225775165,54.5427513123,9905800
2017-05-19,54.7095639531,54.7696085921,54.5027367426,54.6628608704,13028500
2017-05-22,54.7829436819,54.9297262223,54.6628493388,54.9030380249,9218700
2017-05-23,54.9230487455,55.3033466214,54.8696723548,55.0965194702,6857200
2017-05-24,54.9897708487,55.0698354408,54.7162257335,54.9030380249,8136000
2017-05-25,54.9297225126,55.1832527352,54.3892954603,54.5427513123,12370900
2017-05-26,54.4493658535,54.5761335581,53.9289585679,54.4093360901,8227100
2017-05-30,54.2291679663,54.269197712,54.0690438932,54.1090736389,8973600
2017-05-31,54.0023435194,54.0090117523,53.688763502,53.7087783813,13572300
2017-06-01,53.6220325231,53.9756422134,53.5019381858,53.8422012329,9884100
2017-06-02,53.7688145169,53.8288642357,52.8814561003,53.0415802002,21687300
2017-06-05,53.0015680734,53.6353964517,52.9748798662,53.4552574158,11527100
2017-06-06,53.5753549109,54.2558864188,53.5219784933,54.1824951172,12208600
2017-06-07,54.0757326678,54.3092480682,53.6020234536,53.9823265076,13096500
2017-06-08,53.9823268923,54.0957479318,53.7021033194,53.7888412476,11720700
2017-06-09,54.1424331819,54.8029494133,53.8355265987,54.7962760925,13553900
2017-06-12,54.7962862017,55.8371055565,54.7962862017,55.330039978,18172900
2017-06-13,55.2766720412,55.5568905261,55.089859718,55.350063324,12175500
2017-06-14,55.2499865821,55.2566599055,54.415999319,54.7562675476,13714000
2017-06-15,54.5627766199,54.976436095,54.4293407068,54.8830299377,11862600
2017-06-16,55.1165378084,55.7370243912,54.8429876065,55.7036628723,39726100
2017-06-19,55.7036708813,55.7036708813,55.0765159768,55.2166252136,10445700
2017-06-20,54.7562463246,55.0231231635,54.3159038673,54.9163703918,13232600
2017-06-21,54.7362426657,55.1298821387,54.1357709279,54.3359298706,11422300
2017-06-22,54.3426020315,54.4293399551,53.9756507304,54.0957450867,8139900
2017-06-23,53.9422980006,54.5027401178,53.8822533578,54.4493637085,10611200
2017-06-26,54.4226732513,54.5427676221,53.9823306183,54.2024993896,7718700
2017-06-27,54.3426105353,54.5294279667,54.1157684326,54.1157684326,9221600
2017-06-28,54.3159175117,54.5494328955,54.1691349589,54.3959770203,9189700
2017-06-29,54.2892221547,54.6027970057,53.6487207192,53.8422012329,20525100
2017-06-30,54.0957591027,54.2025068413,53.8422236792,53.8622436523,14000600
2017-07-03,53.9022699817,55.0364907198,53.8555668946,54.7762870789,8422300
2017-07-05,54.4960561302,54.4960561302,53.7221136174,53.9422874451,9830800
2017-07-06,53.9489765238,54.0957591185,53.4352374427,53.4552574158,9822400
2017-07-07,53.508599312,53.7754761472,53.2483957974,53.5219459534,10777800
2017-07-10,53.3751807889,53.6487310337,53.3484925876,53.4819335938,6338300
2017-07-11,53.5953622302,53.8755807474,53.4018765616,53.7755012512,9681100
2017-07-12,54.169134279,54.3893030151,53.8755691772,54.0156784058,7974000
2017-07-13,54.0223426819,54.1024021761,53.8622186033,54.0223426819,5582300
2017-07-14,54.0423746791,54.3159249449,53.8889187829,54.2291870117,7497200
2017-07-17,54.0423616797,54.329253433,53.9289406608,53.9489555359,7914700
2017-07-18,54.0557197684,54.0957546211,53.6487386402,53.7755012512,8046100
2017-07-19,53.6687423088,53.9556340899,53.5553161887,53.9422874451,9393200
2017-07-20,54.0223468046,54.3692831831,53.8755642671,53.9489555359,9681000
2017-07-21,53.8088672536,53.9356298751,53.3751927941,53.4552574158,12268600
2017-07-24,53.415222399,53.5219752276,53.2150684807,53.2884597778,9403000
2017-07-25,53.8889041103,54.0757214822,53.5553092957,53.5553092957,11465300
2017-07-26,53.7621490257,53.9756495332,53.5086136736,53.6220397949,10465100
2017-07-27,53.5353028585,53.9623038813,53.3084607922,53.9289474487,11149700
2017-07-28,53.1416531424,53.3217920963,52.2209282282,53.108291626,22800800
2017-07-31,53.2617652889,53.6353899644,53.1083093885,53.4018745422,12820200
2017-08-01,53.4819296378,53.7354598953,53.3551619639,53.4885978699,10421200
2017-08-02,53.3084703892,53.8021894562,53.2417524218,53.7755012512,10410100
2017-08-03,53.6020079482,53.9222611835,53.5753248446,53.7020874023,10136700
2017-08-04,53.6687337121,53.7487932074,53.4085301722,53.5152778625,8292200
2017-08-07,53.4886018264,53.4886018264,53.2817746297,53.4819335938,7893800
2017-08-08,53.388509972,53.5219509472,53.2617474084,53.3484802246,9028400
2017-08-09,53.5419660577,53.6086840005,53.2283861274,53.5152778625,8087100
2017-08-10,53.7308665392,53.7443374134,53.1582593006,53.198677063,12580300
2017-08-11,53.360348002,53.3872948875,52.6799532779,52.6866912842,10192400
2017-08-14,52.9628981587,53.0774185783,52.626069767,52.7001724243,8862500
2017-08-15,52.6260640279,52.7136375499,52.3296534308,52.5721702576,10350900
2017-08-16,52.5721669255,52.659740442,52.0803952971,52.1881828308,9117100
2017-08-17,52.0467149789,52.0601858507,51.3393734303,51.3730583191,13400400
2017-08-18,51.3191773141,51.9456783691,51.2316037768,51.6290588379,14324300
2017-08-21,51.5145235237,51.6155730465,51.2517978481,51.4538917542,10084900
2017-08-22,51.5684198611,52.0938712385,51.5549438496,51.6964111328,9503600
2017-08-23,51.6694637601,51.8783008196,51.5145256065,51.6088371277,7054300
2017-08-24,51.5347321856,51.635781708,51.3326331408,51.420211792,8678300
2017-08-25,51.5751615142,51.9591456738,51.4875879829,51.6829490662,6844900
2017-08-28,51.8041874324,51.8311343099,51.3730476706,51.5145149231,8229700
2017-08-29,51.3393918978,51.5280150081,51.2518183508,51.5010681152,7060400
2017-08-30,51.3595855751,51.5010528659,51.238327163,51.2652740479,8218000
2017-08-31,51.3797888993,51.5279941802,51.231588758,51.420211792,15641700
2017-09-01,51.4471646351,51.7705169768,51.4134797439,51.5818939209,7361100
2017-09-05,51.629053106,52.1140867902,51.6088442258,51.9928283691,12784800
2017-09-06,52.4711208343,53.3670854939,52.2622888985,53.0706748962,18574400
2017-09-07,53.2323557737,53.4411928676,52.9561591702,53.2390937805,9836400
2017-09-08,53.225614514,53.2458233916,52.9696216921,53.097618103,8436000
2017-09-11,53.4950670213,53.501799886,53.1515007551,53.3872795105,12955800
2017-09-12,53.4883413841,53.683702438,53.3805538484,53.5557060242,7644400
2017-09-13,53.5557133522,53.7375984192,53.4748726894,53.7375984192,8369700
2017-09-14,53.7914907798,54.0474836357,53.737597006,53.9531669617,9072600
2017-09-15,53.9733821599,54.0340088021,53.5893980073,53.9396972656,16043700
2017-09-18,53.7510730192,53.9868518552,53.6904412388,53.9531669617,8594400
2017-09-19,53.9329420072,54.1552499033,53.885786254,54.0407295227,9277100
2017-09-20,54.0811712951,54.3371641884,54.0677004195,54.2630615234,10606900
2017-09-21,54.2226478952,54.2495947906,53.7308811869,53.8184547424,11984200
2017-09-22,53.703901421,54.0946234567,53.6702165374,53.8386306763,10205800
2017-09-25,53.9127421993,54.5661899881,53.8790624497,54.5527191162,10496600
2017-09-26,54.3708489412,54.5662100631,54.2697993761,54.4921073914,8755100
2017-09-27,54.4921054001,54.8693516137,54.424740739,54.8558807373,9724500
2017-09-28,54.9905923959,55.5429906625,54.9434366344,55.3678436279,15581700
2017-09-29,55.1994286965,55.2802642069,54.9569118863,55.2263755798,9944000
2017-10-02,54.7682939574,55.118593194,54.7346090653,54.9905967712,6777900
2017-10-03,54.8423805747,55.2196265868,54.7682779452,55.0781593323,6082000
2017-10-04,55.1051266788,55.1522824478,54.869342694,55.0983886719,6357100
2017-10-05,55.0512172643,55.4015164291,54.9636386184,55.2533111572,7375900
2017-10-06,55.0849009384,55.165741585,54.8087043898,55.0444831848,6070600
2017-10-09,55.1320667424,55.3611127133,55.0781781077,55.2600631714,7489900
2017-10-10,55.4688895448,55.7383532495,55.3004753718,55.4150009155,7218500
2017-10-11,55.3476261295,55.7383430331,55.3341501199,55.6440315247,7023700
2017-10-12,55.4486965245,55.5766929773,55.3543849719,55.5295372009,6647500
2017-10-13,55.7316221889,55.9674010108,55.4823673546,55.5160522461,7180000
2017-10-16,55.7114045573,55.8798187248,55.6036221627,55.7855072021,5734000
2017-10-17,55.6642543905,55.8933003539,55.6036277511,55.8865623474,6444100
2017-10-18,55.8865526937,56.1762252465,55.6036181463,55.7518234253,6367100
2017-10-19,55.4756356217,55.9471984584,55.4621647474,55.7383613586,7945500
2017-10-20,55.8124424677,56.0010654737,55.657504344,55.9875946045,9574100
2017-10-23,56.0145572307,56.4254882406,55.9404545804,56.0751838684,9829900
2017-10-24,56.2840268333,56.4591738981,56.1223455033,56.2301330566,7551200
2017-10-25,56.2166381521,56.4052663071,55.8798098705,56.0280151367,9153300
2017-10-26,56.1627684056,56.3513914844,55.9876162012,56.2301330566,9154500
2017-10-27,55.9134967372,56.7488294662,55.246578155,56.3917922974,14866200
2017-10-30,56.3918145905,56.5534907963,56.1897206182,56.2772941589,7811100
2017-10-31,56.3513872551,56.3715961349,56.0280297589,56.1492881775,9754200
2017-11-01,56.1762229568,56.5467361393,56.0886494498,56.4995803833,9430000
2017-11-02,56.3176826356,56.3917852621,55.8528631434,56.270526886,7775500
2017-11-03,56.1964318503,56.3446371233,56.0212848363,56.0347557068,6903500
2017-11-06,56.1155997039,56.4995837799,55.9539184111,56.4187431335,9276700
2017-11-07,56.4120044946,56.4658982583,55.9337089063,56.3042221069,8471800
2017-11-08,56.1560303986,56.250341938,55.8192020038,56.2301330566,8691600
2017-11-09,56.1156067978,56.6814759752,55.9674014971,56.5669555664,10528800
2017-11-10,56.4377823114,56.4853744984,56.0366437184,56.3901901245,8693700
2017-11-13,56.1930362856,56.4921850331,56.1590396341,56.3562088013,6720400
2017-11-14,56.0366568019,56.2610222443,55.8122913595,55.914276123,9251700
2017-11-15,55.5811351381,55.8122957791,55.1732012387,55.2139930725,9663600
2017-11-16,54.6904576848,54.9692104197,54.4932885859,54.7720413208,10527200
2017-11-17,54.6088816973,54.8400474903,54.5001017613,54.5544891357,9536400
2017-11-20,54.5476899314,54.8264427112,54.3981129917,54.7652549744,8468600
2017-11-21,54.8604189147,55.2411563014,54.8264222821,54.98279953,8838400
2017-11-22,55.1799609618,55.349933727,55.1051725302,55.1391639709,7941600
2017-11-24,55.3703512196,55.5471192295,55.220774298,55.3567504883,3851300
2017-11-27,55.2887765008,55.3431690657,55.0848069762,55.1459999084,9127500
2017-11-28,55.3499539488,55.7510873312,55.2819606682,55.5267219543,9794600
2017-11-29,55.5131211692,55.9618466934,55.3975409025,55.9346504211,9725000
2017-11-30,56.057024406,56.7029241242,56.0298333241,56.6281356812,18592700
2017-12-01,56.7301369075,57.19925842,56.0298496346,56.7437324524,13779300
2017-12-04,56.5737658892,57.2332614135,56.4309893098,56.8185272217,12597700
2017-12-05,56.7097553035,56.9545114834,56.2338281177,56.3562088013,9357200
2017-12-06,56.3289821547,56.5669430258,55.8938522228,55.941444397,13398900
2017-12-07,56.0230533977,56.1726303383,55.8666760906,56.125038147,11359600
2017-12-08,56.0842283867,56.3629862922,55.9278563023,56.1998138428,11988600
2017-12-11,56.4581629739,56.6009394961,56.2541935495,56.4513626099,8760700
2017-12-12,56.3561833695,56.6893286182,56.2270023766,56.2677993774,11307000
2017-12-13,56.1658309781,56.6349577207,56.0774469603,56.5125770569,10172700
2017-12-14,56.4513715163,56.6553409729,56.3561871532,56.3629875183,9492400
2017-12-15,56.5397517811,56.6213354011,56.3425827208,56.4513626099,26582300
2017-12-18,56.5533625958,56.8865079043,56.369794214,56.3901901245,9363500
2017-12-19,56.4513614079,56.5465457541,55.9754396774,56.0502281189,10285100
2017-12-20,56.1590167878,56.5261586891,56.1046242424,56.342590332,10620300
2017-12-21,56.6689387802,57.2944375308,56.4037815883,57.0088844299,13578100
2017-12-22,57.0292764502,57.1244608107,56.8389077293,57.0904693604,10161400
2017-12-26,57.0836702354,57.35562778,57.0428784192,57.0972709656,4777200
2017-12-27,57.1040649202,57.1788533731,56.9340921069,57.0428771973,7000600
2017-12-28,57.0972710416,57.144863223,56.9748904057,57.1244621277,7495300
2017-12-29,57.1108538993,57.246830048,56.8660926819,56.8660926819,8523400
2018-01-02,56.9884931248,57.9267413266,56.8797132054,57.8111610413,11469300
2018-01-03,57.8995583411,59.1301602051,57.6683925509,58.9465866089,13957700
2018-01-04,59.0077680004,59.300121474,58.7630067114,59.0281639099,10863000
2018-01-05,58.9805755615,59.0689595711,58.2734879237,58.9805755615,11047600
2018-01-08,58.9465737068,59.2525279045,58.8785856142,59.2457275391,10927100
2018-01-09,59.1097260389,59.2525025284,58.9125570236,58.994140625,8131600
2018-01-10,59.1505345185,59.2797155066,58.4570477754,58.5250358582,10822300
2018-01-11,58.7154094257,59.4021010484,58.4230559775,59.1029472351,14366000
2018-01-12,59.2865243284,59.8236391236,59.2729287836,59.5040893555,9834500
2018-01-16,59.653660035,59.6672607655,58.8785843832,59.1301460266,10882800
2018-01-17,59.2865253507,59.9732170864,59.1029569633,59.8304405212,10546000
2018-01-18,59.674046865,59.9596051042,59.3816934487,59.4428863525,9223700
2018-01-19,59.5380707524,59.6672517372,58.8853758385,59.2525177002,13090000
2018-01-22,59.266101704,60.0275815489,59.1845180976,60.0003852844,10270400
2018-01-23,60.0004157393,60.1431923101,59.6536696747,60.034412384,10281800
2018-01-24,60.1635843631,60.4559378523,59.8372394185,60.1907806396,10316100
2018-01-25,60.2043508037,60.4219157187,59.9663848013,60.0819702148,11271900
2018-01-26,60.2655613005,60.5103225708,60.1499810304,60.5103225708,10514400
2018-01-29,60.2315559876,60.7142832808,59.7964260557,59.837223053,9315700
2018-01-30,59.5176724052,60.0887784862,59.0009536743,59.0009536743,12408000
2018-01-31,58.8513917576,59.4700953567,58.6950196568,59.3545150757,14404700
2018-02-01,59.4904856559,60.680295369,59.3885009288,60.5579147339,17971000
2018-02-02,57.8791403785,58.4774479997,56.4309738801,57.471206665,29822100
2018-02-05,56.6213347811,57.1040568806,53.1198942817,54.2009239197,30452700
2018-02-06,53.378255288,54.6292525059,52.2836301287,53.2694702148,36262800
2018-02-07,53.3306814911,53.9901769594,52.297243689,52.3108444214,21994500
2018-02-08,52.6507944119,52.7459787978,51.6921449982,51.7193412781,25650800
2018-02-09,52.3718324244,52.529808782,50.7577507683,52.0490150452,29491600
2018-02-12,52.9213166302,53.3128173847,52.0902310248,52.4886016846,19340400
2018-02-13,52.2687980243,52.7152474219,52.0146692406,52.4061698914,11926600
2018-02-14,52.0558910563,52.6534470353,51.6300460234,52.5160751343,17188400
2018-02-15,52.6259496218,52.6808931179,51.8223387631,52.3443412781,14432400
2018-02-16,52.3031457959,52.969384985,52.0970906017,52.5710144043,13722400
2018-02-20,52.5229286299,53.2097721998,51.829215157,52.0284004211,13387300
2018-02-21,52.0764860655,52.502331021,51.4239866849,51.4377212524,11715000
2018-02-22,51.7193425205,52.7770774079,51.64378928,52.1039733887,14020200
2018-02-23,52.2619389491,53.312814299,52.1657812424,53.250995636,13378800
2018-02-26,53.3952147396,54.21256022,53.2715826941,54.1507415771,16940400
2018-02-27,54.2606503394,54.8582062233,53.2303848267,53.2303848267,14629500
2018-02-28,53.6837034346,53.7455168492,51.9940634053,52.0215377808,17087800
2018-03-01,51.8773135603,52.6671850116,51.4171294526,51.6506538391,15696700
2018-03-02,51.4377139067,52.1108229027,51.1561107713,51.8910331726,15630300
2018-03-05,51.6712501119,52.5847481841,51.5956968911,52.3855628967,14891000
2018-03-06,52.6602937855,52.8732188496,52.1039521862,52.3237419128,10754300
2018-03-07,51.5132753619,51.6781163758,50.524218798,51.0050125122,27255500
2018-03-08,51.1698541501,51.355299638,50.6135124463,50.9088554382,19299800
2018-03-09,51.389632726,51.5544737061,50.9706577534,51.2110519409,19714100
2018-03-12,51.4239832467,51.9116415836,51.3003511866,51.67811203,14226700
2018-03-13,51.7399334064,52.0764853276,50.9981410068,51.1904563904,13739700
2018-03-14,51.2660110068,51.3690386052,50.5036141155,50.5516929626,14820700
2018-03-15,51.0668350844,51.513284599,50.8951241357,51.1149139404,15640600
2018-03-16,51.0736890922,51.5956916809,51.0736890922,51.5956916809,32109700
2018-03-19,51.5132785416,51.520148446,50.730277127,50.9294624329,12744800
2018-03-20,50.9775296992,51.3072116725,50.7920790041,50.8195533752,13003200
2018-03-21,50.9844144585,51.9528614323,50.812703519,51.5407562256,15418500
2018-03-22,51.1149003896,51.3072157627,50.4074523071,50.4830055237,17737000
2018-03-23,50.695932275,50.9706708055,49.9129308692,50.064037323,20157300
2018-03-26,50.5860256494,50.929447405,49.9678654413,50.8264198303,15032700
2018-03-27,50.8264471057,51.4377377395,50.3319186738,50.6203918457,15821900
2018-03-28,50.6478630305,50.8333138008,49.9884935763,50.009098053,18163900
2018-03-29,50.3662517866,51.4377263244,50.3181729353,51.2454109192,14882900
2018-04-02,51.0118663036,51.1011593156,49.5626312866,50.2906837463,17891100
2018-04-03,50.4486637412,51.6094311807,50.208269513,51.5270080566,15999200
2018-04-04,50.8607767328,51.5544850785,50.4418016677,51.4239883423,13122200
2018-04-05,51.554482654,52.4199071196,51.5270082792,52.2138519287,14200000
2018-04-06,51.9528556716,52.2825429445,50.9775389011,51.4239883423,14299600
2018-04-09,51.6643825829,52.0558832719,51.3759094942,51.4239883423,11103100
2018-04-10,52.2550733102,53.4158356745,52.2413335008,52.9350471497,19006100
2018-04-11,52.9625184214,53.6012832756,52.7152542688,53.182308197,13734000
2018-04-12,53.4776579145,53.6699733373,52.893841741,53.0380783081,13270400
2018-04-13,53.4364285753,53.704297132,53.2990567256,53.4638977051,10925000
2018-04-16,53.6562404493,54.3156098796,53.3746319712,53.9447135925,10743600
2018-04-17,53.9447126433,54.0958191176,53.6012907435,53.8004760742,10478100
2018-04-18,54.2881339601,54.7826623288,54.2194506289,54.4117660522,12061400
2018-04-19,54.4804385392,54.8238603669,54.1301468077,54.5491218567,11291500
2018-04-20,54.4804365723,54.5353853204,53.8004628452,54.2606468201,12072200
2018-04-23,54.2057186961,54.6727727523,54.0889564921,54.6521682739,11729800
2018-04-24,54.8101200659,54.8994078453,53.5531950503,53.8141937256,14102000
2018-04-25,53.7111699382,54.6864918784,53.2235115882,54.6040687561,13867500
2018-04-26,54.672749276,55.5656480482,54.6246704338,55.5381736755,14554400
2018-04-27,52.8526178418,54.0202552146,52.5298057215,53.4295692444,16346800
2018-04-30,53.5119971207,53.9584413497,53.3952297049,53.4020996094,15028800
2018-05-01,53.0655557658,53.0655557658,52.186396502,52.8526306152,16231000
2018-05-02,52.5091999642,53.0449424641,52.406177599,52.7495994568,13883700
2018-05-03,52.4679868072,52.6190932509,51.7880130505,52.5710144043,12243100
2018-05-04,52.289399153,53.03806137,52.1589024379,52.818271637,9887200
2018-05-07,53.3952255249,54.3155987691,53.161701192,53.3952255249,15071500
2018-05-08,53.4364400626,53.6837042051,52.4542533968,53.6356201172,17430400
2018-05-09,54.2469184496,55.1123377502,54.2263087366,54.8994178772,17142100
2018-05-10,55.3870530624,56.1769240447,55.2908954026,56.1288452148,17710300
2018-05-11,56.32313759,56.8712446373,56.1358124112,56.3925170898,14751000
2018-05-14,56.6839069697,57.1140682833,56.6214670158,56.774105072,11852100
2018-05-15,56.787979786,56.9128649892,56.4757694247,56.7463531494,12595700
2018-05-16,56.7255363262,56.9267405464,56.3161883492,56.905921936,9570000
2018-05-17,57.0308058317,57.086311538,56.5035175012,56.8087882996,11224100
2018-05-18,56.5798578303,56.753309258,56.378653539,56.4064064026,10030900
2018-05-21,56.7047290988,57.1348851458,56.5590252773,57.0863189697,8822400
2018-05-22,57.1973116875,57.343010168,56.4410611439,56.6422653198,10753400
2018-05-23,56.1635469534,57.0516223425,55.8999027979,56.9961166382,15140900
2018-05-24,56.4410644395,56.4480039752,55.4697358861,55.6917533875,13360500
2018-05-25,55.0049126848,55.0396050857,54.1792822434,54.6094436646,14562000
2018-05-29,54.220912262,54.6233208069,53.7907508562,54.4082374573,14644800
2018-05-30,54.9840808939,56.6561545382,54.9632675777,56.5451431274,16627500
2018-05-31,56.0664285491,56.5798485016,55.9831752652,56.3647651672,15803100
2018-06-01,56.8018579271,57.1348816013,56.5798403799,56.774105072,9906100
2018-06-04,56.9267249075,57.2597484751,56.0664025557,56.1774139404,10954700
2018-06-05,55.9137929917,56.6492305565,55.7889130603,55.9762382507,12059300
2018-06-06,56.5312707183,56.9544871753,56.1080489679,56.9336738586,11603300
2018-06-07,57.3985274109,57.7870567704,57.2805764611,57.5025939941,13502500
2018-06-08,57.6621768247,58.0437719756,57.2389550367,58.0021400452,14350400
2018-06-11,58.0853966009,58.1339627736,57.5372896274,57.6552352905,10831600
2018-06-12,57.6621762867,58.106211389,57.1140692993,57.1834487915,12351800
2018-06-13,57.1973251814,57.3083313051,56.5243330222,56.5520858765,12049300
2018-06-14,56.8504196233,57.100190006,56.5451435349,56.8157272339,11477300
2018-06-15,56.6977810054,56.7671604902,55.8582770641,55.962348938,23797500
2018-06-18,55.7819671976,56.4618936714,55.7125877014,56.0733642578,9192600
2018-06-19,55.428108779,56.170480289,55.3032236047,55.9900894165,8759700
2018-06-20,56.0941813168,56.2884460365,55.6917728011,55.81665802,8917700
2018-06-21,55.5183118304,55.7680822251,55.0395896517,55.2893600464,10990700
2018-06-22,56.3092698198,56.8504373869,56.1427526505,56.4619026184,16012200
2018-06-25,56.0456015533,56.3647514146,55.0187724855,55.3240432739,10557200
2018-06-26,55.6085040894,56.2051771593,55.4836189052,55.9484672546,10382800
2018-06-27,56.2398746504,57.2250825273,56.2398746504,56.6908493042,12725900
2018-06-28,56.704715457,56.940606743,56.21904852,56.8712272644,9390700
2018-06-29,57.2042514705,57.9605020873,57.0932453622,57.3985214233,17323200
2018-07-02,56.815702406,56.9822141572,56.4202336886,56.7255096436,9998300
2018-07-03,57.294471348,57.8980788705,56.947568526,57.0585746765,7197300
2018-07-05,57.3013928334,57.4262780333,56.9267425272,57.1071281433,9035700
2018-07-06,56.8643112709,57.3777259773,56.6561727488,57.1210212708,7637100
2018-07-09,57.454034242,57.6760517998,57.2805828595,57.5164794922,7158600
2018-07-10,58.0715135814,58.362915891,57.9396941464,58.0437660217,8806200
2018-07-11,57.6066753743,57.9535781577,56.9128698073,57.301399231,10405300
2018-07-12,57.5927870142,57.75235929,57.1071200643,57.3707695007,9762200
2018-07-13,57.3638420694,58.106213783,57.2805834993,57.8009376526,8720000
2018-07-16,57.2528270203,57.4401574679,56.8920504926,57.2320137024,8306900
2018-07-17,57.0724410448,57.4124042525,56.9198029902,57.1071281433,7373300
2018-07-18,56.7532921382,57.11406867,56.5382088333,57.0446891785,8711900
2018-07-19,57.0308100769,57.3222124103,56.6977864006,56.8989906311,8659100
2018-07-20,56.6977942517,56.843492792,56.3717047741,56.4757766724,9196300
2018-07-23,56.8573665748,56.892058972,56.323138594,56.4757766724,8425900
2018-07-24,56.5590260605,57.5997343847,56.5312784967,57.5928001404,11121000
2018-07-25,57.5927979305,58.0992729979,57.2458951691,57.9952011108,9523600
2018-07-26,58.1617171153,58.5571860439,57.8425672162,58.4461746216,13210100
2018-07-27,56.1774158619,57.1556785802,56.0664044733,56.8365287781,18220800
2018-07-30,56.9822383587,56.9822383587,55.9970359134,56.7116546631,11282800
2018-07-31,56.6422786828,56.996120958,56.5035197048,56.5520858765,11716800
2018-08-01,56.1219194915,56.1496723433,55.6570711347,55.7750167847,8936300
2018-08-02,55.4281222682,55.6848322148,55.1228461472,55.4420013428,8364300
2018-08-03,55.4836238135,55.712580887,55.2477272031,55.643196106,7811100
2018-08-06,55.6778920405,55.8027772438,55.3240497492,55.6293258667,10041800
2018-08-07,56.1358016187,56.6075842442,55.7195141132,56.3855667114,10698100
2018-08-08,56.2121319044,56.3578357503,55.7472833854,56.0109329224,7275000
2018-08-09,56.0109223089,56.1358075151,55.5807609783,55.7264595032,9828500
2018-08-10,55.7334766137,55.7404823815,55.2778503545,55.6703872681,12954300
2018-08-13,55.6914023002,55.9016929395,54.976423753,55.0675468445,10308500
2018-08-14,55.368969132,55.4250473575,54.7310966974,54.8923149109,8005900
2018-08-15,54.5208045145,54.6049218504,53.6305854376,53.9319992065,16307800
2018-08-16,54.1703249782,54.7451134183,54.1142467528,54.6750183105,11519900
2018-08-17,54.9133345268,55.0184798466,54.5348199321,54.8572616577,10178400
2018-08-20,54.8572644934,55.3759746574,54.7941751591,55.2427902222,8152100
2018-08-21,55.411017831,55.7825266314,55.1446489945,55.2568054199,9192200
2018-08-22,55.4530804152,56.1119861234,55.3899910814,56.0488967896,10098200
2018-08-23,55.7685227476,55.8175898629,55.3058907102,55.4320640564,7203900
2018-08-24,55.7404731282,56.1119873287,55.6703780264,55.8105735779,6545200
2018-08-27,56.0138453686,56.4063821627,55.9787951486,56.3573150635,6671900
2018-08-28,56.4835069409,56.6517362869,56.2171380163,56.2732162476,8823400
2018-08-29,56.3853497772,56.805925645,56.1470200651,56.6797523499,8004800
2018-08-30,56.3923640174,56.6236826512,56.1610507315,56.434425354,7450900
2018-08-31,56.2451768869,56.3993893483,55.9157239644,56.1961097717,10700000
2018-09-04,56.3643259065,56.5605943026,55.9437446601,56.2802085876,8855000
2018-09-05,56.0068357589,57.0793062058,55.796545129,57.0302391052,13878400
2018-09-06,56.8549982299,57.226507038,56.31525478,56.3993721008,13320600
2018-09-07,56.1820870735,57.4297981716,55.9507684054,57.359703064,16417800
2018-09-10,57.647082536,57.9975633485,57.240528858,57.2755737305,10817900
2018-09-11,57.4507986768,58.3129835965,57.2194801193,58.0816650391,11891900
2018-09-12,58.3550638353,58.7265726953,58.088700304,58.2709465027,11556300
2018-09-13,58.2849741628,58.3550692725,57.4858781465,57.7031745911,11162700
2018-09-14,57.7732565186,58.2849608639,57.6681112041,58.1237373352,9442600
2018-09-17,58.1798272268,58.6074143367,58.1728161117,58.4672241211,8403300
2018-09-18,58.8106882844,58.9719064821,58.4952523075,58.6214256287,9219900
2018-09-19,58.6284295585,59.420514265,58.6284295585,59.3223800659,10413600
2018-09-20,59.4836016973,59.8200602698,59.2592941996,59.4555625916,11198200
2018-09-21,59.5887689887,59.8831716853,59.2452938281,59.700920105,26639400
2018-09-24,60.1354928069,61.0467396251,60.0864257116,60.7032699585,13549500
2018-09-25,61.0046913432,61.2360099705,60.5420594367,60.6331825256,12200700
2018-09-26,60.2967197493,60.6331836998,60.0654064655,60.128490448,10275500
2018-09-27,60.3458018667,60.5490814408,59.9953209489,60.1214942932,7895400
2018-09-28,59.7569838867,60.2336380484,59.5747323505,59.5957603455,9884900
2018-10-01,59.8270905213,60.3037447748,59.7640065242,60.1495323181,8566900
2018-10-02,60.1425163715,60.7523496316,60.0163430508,60.6051483154,8453100
2018-10-03,60.6401906944,60.9065541824,60.2686818949,60.3878440857,10206700
2018-10-04,59.9322259182,60.3387849915,59.7569854915,59.9883041382,10204600
2018-10-05,59.7990289242,60.0724035045,59.5326654568,59.8200569153,9217400
2018-10-08,59.4345540493,60.500013675,59.3364198212,60.373840332,13242400
2018-10-09,60.5490807378,60.8995616515,60.100465596,60.640209198,10177900
2018-10-10,60.7943995573,60.8574835319,59.231252897,59.2452697754,16573400
2018-10-11,58.8387320024,58.9999502128,56.8970649272,57.1984786987,20320100
2018-10-12,57.5699678145,57.6470740097,56.2661789572,57.0442466736,15216300
2018-10-15,57.0442741427,57.2966208397,56.6517372131,56.6517372131,10558800
2018-10-16,56.4344232945,56.9671502919,56.0839424735,56.9180831909,9781800
2018-10-17,56.7358391839,57.1423928874,56.3152579043,57.1283760071,12247700
2018-10-18,56.9180920539,57.8083164727,56.9180920539,57.3737182617,17448600
2018-10-19,57.240532117,57.8012982401,57.1353867977,57.4578285217,12098700
2018-10-22,57.4788615947,57.6050349194,56.5255532185,56.8830451965,9474100
2018-10-23,56.1189875028,56.3993732299,55.1797014669,55.9647750854,15465100
2018-10-24,56.1680594729,56.2591879172,54.3595823392,54.4086494446,16085700
2018-10-25,55.0184882444,55.4110304751,54.4927669129,54.8923149109,12315500
2018-10-26,54.5839032442,54.9624232992,53.9460253696,54.3455734253,18160100
2018-10-29,54.7240843236,54.9764309848,53.4273061388,54.0091056824,15707000
2018-10-30,54.4086432771,55.3969963878,54.2684477433,55.2217559814,17758200
2018-10-31,55.614308444,56.3222813823,55.3058888786,55.8526382446,16629100
2018-11-01,55.9577873092,56.6026709454,55.5862783741,56.5465927124,14159300
2018-11-02,57.3106151987,57.7942750094,56.238144932,57.4437942505,19350400
2018-11-05,57.8293365455,58.0886942831,57.0863189024,57.2265090942,15815000
2018-11-06,57.2966109145,57.5489575678,57.0232362648,57.4718513489,9063200
2018-11-07,57.6260781453,58.2779729374,57.2405523024,58.2008666992,12699800
2018-11-08,58.2709379544,58.7055360871,57.1564115377,57.2755737305,16865500
2018-11-09,56.8295033783,57.6366999575,56.4259050888,57.2614250183,15070100
2018-11-12,57.8208086223,57.8703731432,56.4542378009,56.5250434875,11906600
2018-11-13,56.5037869274,56.5391870601,54.9743585813,55.2292633057,15530200
2018-11-14,55.8382004254,56.0010529163,54.34417765,54.7973403931,18552100
2018-11-15,54.2875381546,55.3638038635,53.7494107022,55.3638038635,18976000
2018-11-16,55.4912583749,56.0718735764,55.3000771025,55.9090156555,13704900
2018-11-19,55.5549838657,56.1922457932,55.5337427018,56.0931167603,9430800
2018-11-20,55.5266498979,55.8665246617,54.0751148206,54.4999542236,15533700
2018-11-21,54.825670144,55.4983321499,54.7052999581,54.91771698,9685300
2018-11-23,53.8485325599,53.9547383574,52.8926371661,53.4520111084,10875400
2018-11-26,53.983079393,54.7477937978,53.8981147272,54.5070533752,13741100
2018-11-27,54.2167201227,54.8398174844,54.0963499623,54.5565948486,10344500
2018-11-28,54.5495174066,55.5478897095,54.4079006742,55.5478897095,11482100
2018-11-29,55.385027216,56.3125936862,55.3637860605,55.979801178,10255200
2018-11-30,55.5478860083,56.3621646081,55.4558391901,56.2913589478,14040100
2018-12-03,56.8153269496,57.6791700463,56.7445212897,57.5092353821,19415100
2018-12-04,57.6225434164,58.0261417609,56.1851669512,56.2418136597,18540700
2018-12-06,55.2292633561,55.5408147755,54.4645491824,55.5054092407,23218100
2018-12-07,56.21347567,56.900301976,54.7548584193,54.974357605,16224700
2018-12-10,55.1301446361,55.1301446361,52.9634594747,54.1954956055,17946200
2018-12-11,55.01684318,55.0876542525,53.5865491916,54.2946166992,15742400
2018-12-12,55.2575733084,55.3708612685,53.8272743225,53.8272743225,14559800
2018-12-13,53.8343858257,54.6769881089,53.7777391138,54.5070533752,13749700
2018-12-14,54.3229320336,54.4291432245,53.1687787091,53.5157356262,12669300
2018-12-17,53.2891590302,53.5298993758,52.0287998045,52.4253158569,15464100
2018-12-18,52.1350058807,52.2978637757,50.7117941552,50.9808578491,18681200
2018-12-19,51.2994833401,51.8800984188,49.7771426814,50.1170120239,21679600
2018-12-20,49.6284472174,50.0320508682,48.1839943081,48.594669342,28723700
2018-12-21,48.2477099958,49.8267026025,47.9149174687,48.2335510254,47287300
2018-12-24,47.3484818488,47.8158036507,46.3359449756,46.385509491,14262800
2018-12-26,46.8599114944,48.615921426,45.7765689883,48.6017570496,24887700
2018-12-27,47.9644829234,48.8141670227,46.7890938789,48.8141670227,22077000
2018-12-28,48.984104845,49.2673328964,48.0211327115,48.2689552307,19710600
2018-12-31,48.3751698437,48.9628671465,47.9078481176,48.2831230164,15807000
2019-01-02,47.6883491991,49.4726824797,47.6246257116,49.3452301025,16727200
2019-01-03,49.5647164866,49.7417333312,48.4034864182,48.5875854492,13866100
2019-01-04,49.3098219579,50.4639700777,49.1115639154,50.3790054321,16043600
2019-01-07,50.4498153403,51.051671706,50.08869936,50.6409912109,10844200
2019-01-08,51.3632118756,51.3986120057,50.9383724992,51.0091781616,11439000
2019-01-09,51.4057078496,51.4057078496,50.7330457752,51.2782554626,13473500
2019-01-10,51.0304324738,51.0375146625,50.3577704047,51.0162734985,13151100
2019-01-11,50.8746434086,50.9029667539,50.3223516814,50.7825965881,9790100
2019-01-14,50.4214888151,50.8250870963,50.3577653296,50.718875885,11012400
2019-01-15,50.9454504027,51.2357606475,50.499369858,50.7471923828,10298300
2019-01-16,50.5701878526,51.2499321159,50.4922999827,50.7259635925,12595600
2019-01-17,50.4073342519,51.2216076715,50.2019939994,51.0729141235,10141700
2019-01-18,51.8801084887,51.8942728652,51.0729118908,51.6818504333,15759200
2019-01-22,51.2569915673,51.4835728879,50.7542644311,50.9029579163,15035600
2019-01-23,50.9879492088,51.1932894603,50.223234907,50.4852218628,13187200
2019-01-24,50.3435888285,50.959609384,50.0178784872,50.5560112,11272500
2019-01-25,51.0304191065,51.1720304306,50.6551442355,50.7825965881,8996200
2019-01-28,50.2869542271,50.4710532998,49.8267146486,50.44272995,13678400
2019-01-29,50.7684402915,51.1153972745,50.612669971,50.6339111328,10513200
2019-01-30,50.8180010705,51.3844572199,50.6339074137,51.1861991882,11524700
2019-01-31,51.186210139,52.0358891427,50.9950288517,51.8871955872,19876700
2019-02-01,53.0484099343,54.1600755702,52.6235705617,53.756477356,22968700
2019-02-04,53.6431890129,53.6431890129,52.6802168938,52.9776039124,15483800
2019-02-05,53.2325184483,53.558228872,53.1121482617,53.5228233337,12786700
2019-02-06,53.5157430666,53.6502722184,53.1971094496,53.2891616821,10866900
2019-02-07,53.0696586728,53.2395987678,52.3261910152,52.8784828186,14418900
2019-02-08,52.8068884695,53.0288245599,52.0694829775,52.9643936157,11959500
2019-02-11,52.8927992581,53.1362178051,52.5491566132,53.0503044128,10434800
2019-02-12,53.7519249291,54.0168150367,53.5657819487,53.9810218811,12599200
2019-02-13,54.1098792176,54.797169946,54.0597644393,54.5895500183,13214600
2019-02-14,54.596699782,54.8759114132,54.2029369882,54.6038551331,12772900
2019-02-15,55.0835450003,55.6706061994,54.9475168264,55.6348075867,14330300
2019-02-19,55.5274190361,56.1860774823,55.4486664552,56.0070953369,13551500
2019-02-20,56.0571946939,56.4223142373,55.8424139937,56.2218551636,12633100
2019-02-21,55.9927737216,56.3149448607,55.563217665,55.7135620117,10266000
2019-02-22,56.3507474202,56.5225687791,55.5703877577,56.1431274414,9519300
2019-02-25,56.1502712719,56.4509599246,55.9856053171,56.2003860474,9274400
2019-02-26,56.3292575737,56.6514232309,56.1216376423,56.3149414062,10990600
2019-02-27,56.4724395743,57.0952993517,56.3149398884,56.8948402405,12398200
2019-02-28,56.8805265077,57.0953072779,56.3507408598,56.5798377991,14597900
2019-03-01,56.830418048,57.2742958069,56.5798440963,57.2742958069,15419400
2019-03-04,57.4461048554,57.6680464183,56.5655158048,57.496219635,18089900
2019-03-05,57.3601864381,57.5606455198,57.0952909588,57.4103012085,13745500
2019-03-06,56.4509510879,56.8303922514,55.7421835284,56.7588005066,18633600
2019-03-07,56.9521190491,57.4604276705,56.7874530772,57.388835907,16541700
2019-03-08,56.4796040314,56.7874535327,56.021410187,56.5655174255,16211300
2019-03-11,57.2599644916,57.4819005813,57.023706773,57.1167755127,11060900
2019-03-12,57.3530484006,57.6895357624,57.1955432132,57.2742958069,11320000
2019-03-13,57.6966755718,57.8183875688,57.417463892,57.7825889587,10260200
2019-03-14,57.8470368127,57.9257894007,57.5248656445,57.589302063,9976700
2019-03-15,57.4031565194,57.6680520731,57.3458809194,57.3816795349,25316400
2019-03-18,57.5892915386,58.1691918883,57.5892915386,58.0474853516,9840600
2019-03-19,58.4054644817,58.7061532239,57.7324897579,57.8971557617,13936500
2019-03-20,57.8112392723,58.6488744933,57.6752110791,58.2193183899,13133600
2019-03-21,57.8541889538,58.6273931598,57.8470336004,58.5558013916,10117000
2019-03-22,58.1548854721,58.3052298301,57.4890716225,57.6179389954,12497700
2019-03-25,57.2742937321,57.5893040955,56.9807603549,57.2170181274,11320400
2019-03-26,57.5105604609,58.1835298028,57.403170051,57.9615936279,9472800
2019-03-27,57.9687348573,58.2121479395,57.1454159425,57.5176963806,7258700
2019-03-28,57.2957609047,57.8398681313,57.2886000898,57.804069519,7412300
2019-03-29,58.2264795872,58.3338699793,57.6179413149,57.847038269,10889200
2019-04-01,58.1548760114,58.5486334197,58.0474856411,58.512840271,10816400
2019-04-02,58.5271559532,58.670339471,58.0689621418,58.262260437,7646000
2019-04-03,58.5414561304,58.5414561304,57.7109821222,57.9186019897,8562900
2019-04-04,58.0761220051,58.7634127111,57.8255426599,58.74193573,9360600
2019-04-05,58.8135289115,59.0855797823,58.6703399305,59.0569419861,10059100
2019-04-08,59.1858156171,59.5652568984,59.1285400186,59.4220733643,9108200
2019-04-09,59.0784163034,59.1213757268,58.5199929579,58.6560211182,8561600
2019-04-10,58.6488785712,58.7634297865,58.2837588621,58.3911437988,10324300
2019-04-11,58.3768174271,58.7562587029,58.0045315044,58.6703453064,9115100
2019-04-12,59.2860343526,59.2860343526,57.6895169367,57.9329299927,16638700
2019-04-15,57.9114682588,58.0331748188,57.6465726911,57.7396469116,8536100
2019-04-16,57.8541730617,58.2407750585,57.7682651482,58.1333847046,7005700
2019-04-17,58.3839785825,58.4913635011,58.047491272,58.2980651855,8311400
2019-04-18,58.3911319719,58.5844357431,58.0403285047,58.0832824707,9493900
2019-04-22,58.6130547415,59.5795569012,58.4483888212,59.3504600525,10770600
2019-04-23,59.5581148241,59.7728901732,59.19298963,59.6941375732,10595100
2019-04-24,59.4292121698,59.4793269344,58.5128247819,58.5343017578,11684000
2019-04-25,58.4555683976,59.3075196753,58.2765862564,58.8636474609,11135000
2019-04-26,57.4675863866,57.7253211199,56.9592777355,57.6250915527,18053500
2019-04-29,57.3601941714,57.5463316512,57.0308677123,57.2528038025,10023700
2019-04-30,57.5391907559,57.6537365059,57.2241803845,57.4747543335,13721500
2019-05-01,57.2313417254,57.4604386897,56.2863160649,56.3221092224,13909800
2019-05-02,56.0428817559,56.2003868988,55.2983154651,55.3341140747,15360400
2019-05-03,55.6920944028,55.9927831468,55.4415204494,55.4629974365,12180700
2019-05-06,55.0692105943,55.599001537,54.9188662874,55.2195549011,13367100
2019-05-07,54.7685469017,54.9761668853,54.2459165345,54.9260520935,13498800
2019-05-08,54.7971761421,55.3341225964,54.711262743,55.0119514465,11352900
2019-05-09,54.6611528528,55.0405941739,54.3819411085,54.9618415833,13221600
2019-05-10,55.1645928625,55.6063155612,54.4332151202,55.4397621155,11056000
2019-05-13,54.7807991325,55.2007986455,54.5707993759,54.8242454529,12176100
2019-05-14,55.1283789455,55.6135534481,54.8604526121,54.8966560364,10548400
2019-05-15,54.722886245,55.4325410344,54.4621971815,55.3021965027,8918000
2019-05-16,55.3239108239,55.7221817283,55.193566313,55.2949447632,8105200
2019-05-17,54.7808014596,55.2514902081,54.7373496127,54.969078064,9279400
2019-05-20,55.0704591041,55.294939146,54.7952843175,54.9618377686,7154300
2019-05-21,55.229766522,55.3673539213,54.9835633073,55.2152862549,8489900
2019-05-22,55.0487232825,55.1935535526,54.5925203622,54.7156219482,7858300
2019-05-23,54.1435671481,54.1652958371,52.8908167931,53.4339179993,14657200
2019-05-24,53.6873561015,53.7670113751,53.180463928,53.6583900452,7056400
2019-05-28,53.759767392,53.7670102871,52.4925314593,52.5794296265,14912900
2019-05-29,52.0580434632,52.4490768666,51.8625295239,52.2535629272,13645200
2019-05-30,52.1521854806,52.23184075,51.7973609781,52.1159820557,9362100
2019-05-31,51.5511615561,51.8118505432,51.1456422848,51.2470207214,13983300
2019-06-03,51.4787521105,52.1449604784,51.3918594504,52.050819397,11831000
2019-06-04,52.4635795438,53.3397877723,52.2608226238,53.2890930176,10423000
2019-06-05,53.3252924842,53.3252924842,52.5577112741,52.847366333,10617800
2019-06-06,53.3759755464,54.0349408675,53.2890773813,53.8104553223,11738900
2019-06-07,53.9552807906,54.2811392123,53.8973486857,54.0059700012,9095500
2019-06-10,54.447694747,54.5490731721,53.9118310431,54.2449378967,7760400
2019-06-11,54.6794304336,54.8966675991,54.179775561,54.1942558289,9415100
2019-06-12,53.9335758485,54.0277114072,53.4484012121,53.607711792,7920800
2019-06-13,54.0928722953,54.4332165663,53.8611493591,54.0783920288,8986400
2019-06-14,54.0783937875,54.1725293343,53.752535297,53.839427948,8575900
2019-06-17,53.7018534949,54.4477116504,53.6149553072,54.3752937317,9355700
2019-06-18,54.6142472306,55.193557301,54.5635580138,54.8459701538,10091500
2019-06-19,54.5997717166,54.9256302067,54.4332182614,54.5418395996,9757400
2019-06-20,55.2080393389,55.7366602095,55.0921806359,55.4759712219,16229700
2019-06-21,55.8597611947,56.308726785,55.6642472185,56.2580375671,23108100
2019-06-24,56.1421789888,56.3087324499,55.6208009669,55.7221794128,10011800
2019-06-25,55.8162967451,55.9176751479,55.1718173878,55.2297439575,9740000
2019-06-26,55.5266744991,55.8525330538,55.3746068053,55.4687423706,11365500
2019-06-27,55.4614815099,55.5773457294,54.8604538265,54.9039001465,8147800
2019-06-28,55.1718476125,55.5628811769,54.9908138619,55.4904632568,14781300
2019-07-01,55.8525187573,56.4318288447,55.2442481377,55.4397621155,11437900
2019-07-02,55.1356325338,55.2297680848,54.6070171344,54.8314971924,10475400
2019-07-03,54.9039204702,55.396332536,54.7663330398,55.3528862,5246100
2019-07-05,55.1718354839,55.287694186,54.7373501581,55.1283836365,6880800
2019-07-08,55.1356272149,55.5411409643,54.9763166634,55.3818359375,7876100
2019-07-09,55.3601109129,55.59183386,54.8387384255,55.3456306458,7863000
2019-07-10,55.6135581012,56.2145858215,55.5701062538,56.1276931763,8077400
2019-07-11,56.0552686425,56.2000933697,55.7945797138,56.1711273193,6404000
2019-07-12,56.3014901595,56.3956257104,56.1204564291,56.21459198,6139000
2019-07-15,56.2146009114,56.2942562074,55.6787425312,55.8163299561,7116400
2019-07-16,55.7004467355,55.8090680589,54.8821764114,54.9835548401,10197400
2019-07-17,54.8459783193,55.0052888886,54.5635661372,54.6577072144,7419300
2019-07-18,54.3318432343,54.5056340716,53.7163296451,54.1942558289,11424500
2019-07-19,54.2377022184,54.491148315,53.9770132264,54.3028717041,11243100
2019-07-22,54.4839109391,54.527362792,53.9480526344,54.3608093262,8368800
2019-07-23,54.4187533604,54.8677135824,54.1290982182,54.5780639648,8551200
2019-07-24,54.5925163096,55.0704478785,54.2014828963,54.5707931519,8260200
2019-07-25,54.8749435105,54.8749435105,54.1652943807,54.2594299316,9083900
2019-07-26,54.2159906151,54.3680583054,54.020471067,54.1725387573,7677300
2019-07-29,54.2232074284,54.5852747989,54.092862954,54.5563087463,7091900
2019-07-30,54.3535569139,54.7156243178,54.2304553225,54.5635566711,6961200
2019-07-31,54.3390878648,54.7880535273,53.774263482,53.8466758728,13104600
2019-08-01,53.3976861211,53.7814765914,52.33320733,52.4707946777,17132800
2019-08-02,52.5794329081,53.0501216745,51.5439198317,51.9566764832,21376700
2019-08-05,51.2542679241,51.3556463693,50.4070314074,50.89220047,19080900
2019-08-06,50.8994401901,51.4208181755,50.8921972945,51.3846092224,12282400
2019-08-07,50.5880677486,51.3266829623,50.2549663365,51.0515136719,15231100
2019-08-08,51.3049582099,52.434612447,51.1384102714,52.4128837585,14304100
2019-08-09,52.2318372752,52.3187354337,51.0297764689,51.2977027893,13686600
2019-08-12,51.3636926879,51.4370110285,50.8285045988,51.0484428406,9542600
2019-08-13,50.7845173043,51.7742590633,50.5279198678,51.6789474487,12403300
2019-08-14,50.6378956367,50.6525559513,49.5968399048,49.5968399048,18114400
2019-08-15,49.457539705,49.5308524618,48.7757204396,49.3035812378,12874400
2019-08-16,49.6921328724,50.1906673387,49.3182306243,50.0733680725,12649000
2019-08-19,50.564581359,51.0631159413,50.4839356476,50.9164848328,10032800
2019-08-20,50.8065168761,50.8065168761,50.3739621113,50.6085662842,9743500
2019-08-21,51.2903811903,51.3050470961,50.8578320555,51.1144294739,10134200
2019-08-22,51.2537409489,51.2903945363,50.7698666112,51.0044708252,8972000
2019-08-23,50.4545983886,50.975126125,49.1422796192,49.4795227051,15371900
2019-08-26,49.941408368,50.0440473347,49.5088536428,49.7434577942,7343900
2019-08-27,49.9487289748,50.176005736,49.0982911385,49.2595825195,9490900
2019-08-28,49.5088520891,49.8387678373,49.2375943686,49.6188240051,9647400
2019-08-29,50.0733798873,50.3446376505,49.9194158244,50.1686859131,9004100
2019-08-30,50.3006435359,50.6452195985,49.8974150385,50.2053375244,9180800
2019-09-03,49.7727868984,50.3519671543,49.5821692664,50.2639884949,9849700
2019-09-04,50.9531413528,51.0337870599,50.6525517909,50.7991828918,6959200
2019-09-05,51.2024045516,51.7229379551,51.0997655802,51.5176544189,9901500
2019-09-06,51.5763041096,52.0161861911,51.4076853485,52.0015258789,10418500
2019-09-09,52.170166347,52.8373198316,52.0382011225,52.4120979309,12840200
2019-09-10,52.8886226442,53.4091504232,52.507393001,52.8373031616,13810800
2019-09-11,53.3578393893,53.4018259261,52.4560818243,52.7346725464,10525700
2019-09-12,52.0381817228,52.9032855184,51.8328982107,52.771320343,9100700
2019-09-13,52.9766049206,53.3138480571,52.8299738221,53.2551956177,7337200
2019-09-16,55.0147234752,55.117362436,53.959002058,54.0543136597,19830200
2019-09-17,54.120298136,54.3109157624,53.2478613007,53.6437568665,14452200
2019-09-18,53.2625175978,53.4971217137,53.0279134819,53.3871498108,7292200
2019-09-19,53.4971242082,53.6584155942,52.9252769987,53.0279159546,8050200
2019-09-20,53.1452227828,53.152555736,52.6833474156,52.8446388245,19736600
2019-09-23,52.4340829629,53.0499224453,52.3900964261,52.8812980652,7495200
2019-09-24,52.6466886508,52.6906807766,51.9208828985,52.1554870605,13307100
2019-09-25,52.0381942817,52.3974307262,51.9208893893,52.3094520569,8035200
2019-09-26,52.2141379424,52.3094439576,51.818242382,52.0308532715,8420200
2019-09-27,51.8329017771,52.5440471826,51.7815822939,52.4047546387,8224000
2019-09-30,52.2287781024,52.3827364954,51.7449096665,51.7669029236,9768900
2019-10-01,51.9282119262,51.9868643606,50.5205870605,50.5499076843,10279100
2019-10-02,50.0513783644,50.285982533,49.1276275969,49.230266571,14503700
2019-10-03,49.1202934253,49.8534321331,48.614425927,49.8387718201,10788400
2019-10-04,49.9340754888,50.637887944,49.7214646023,50.5645751953,10534800
2019-10-07,50.3666222669,50.6085593602,49.8680877686,49.8680877686,10993000
2019-10-08,49.5161803495,49.7947709962,48.856354509,48.9003410339,9748700
2019-10-09,49.3402435532,49.6334945989,49.2669251983,49.4428825378,8580900
2019-10-10,49.4355467175,50.1173659868,49.3988875423,50.0367202759,7100100
2019-10-11,50.5719070435,50.9458037314,50.5059216557,50.5719070435,10101900
2019-10-14,50.2933070157,50.8578268719,50.2859740635,50.7185287476,6234600
2019-10-15,50.6305513083,51.319703401,50.5938977333,50.8944816589,6645700
2019-10-16,50.7405255127,50.9751296579,50.0073868595,50.0220527649,9765800
2019-10-17,50.2053323423,50.4985832991,49.9120757921,49.9560623169,9757200
2019-10-18,49.7581110111,49.963388892,49.5674934387,49.5674934387,13472700
2019-10-21,49.72145656,50.4179359497,49.72145656,50.395942688,10199300
2019-10-22,50.4252823357,51.1437607719,50.3299763118,50.6525535583,9536000
2019-10-23,50.5572523092,51.1437656021,50.425287098,51.1364326477,8641800
2019-10-24,51.2903862845,51.3563716806,50.6012340696,50.6525535583,9003600
2019-10-25,50.5132580703,50.9384798631,50.5132580703,50.7698554993,7607200
2019-10-28,50.9238091099,51.0777675526,50.2786491223,50.3226356506,11209600
2019-10-29,50.2053325316,50.6085553955,50.0293752448,50.1760063171,13894400
2019-10-30,50.1246887984,50.1246887984,49.3182318523,49.648147583,12840600
2019-10-31,49.4575279842,49.6481455813,49.2229238621,49.5381736755,16169100
2019-11-01,50.1393502291,51.0337802486,50.0806977966,51.0264472961,14108700
2019-11-04,51.3710275298,52.6906794026,51.2757215142,52.5440483093,15858200
2019-11-05,52.8153098428,53.6071009396,52.6760117072,53.5851020813,14930400
2019-11-06,53.3211941861,53.4238331837,52.1994869806,52.4120979309,13996500
2019-11-07,52.8079841074,53.5411228691,52.7859908395,53.5264625549,13073800
2019-11-08,53.1332036102,53.2741816624,52.4283246708,52.5099372864,12106000
2019-11-11,52.0944282501,52.391221457,51.9163545902,52.1908836365,8674000
2019-11-12,52.1389500336,52.2428324773,51.1818004862,51.4711723328,13918600
2019-11-13,51.2114638987,51.3079249345,50.899833616,51.0482330322,11773700
2019-11-14,51.0927549461,51.1743732176,50.5882082042,50.8256416321,11279800
2019-11-15,50.9814629515,51.4192342482,50.9517830618,51.3376159668,11252800
2019-11-18,50.9740336421,51.0630732973,50.6772461131,50.8404769897,10095600
2019-11-19,50.7514520615,50.8701659621,50.291422252,50.3211021423,12605500
2019-11-20,50.2098001201,50.8553249493,49.9501081753,50.4769134521,16930700
2019-11-21,50.4694988872,51.7531273318,50.3953019873,51.6937675476,14080900
2019-11-22,51.7234429023,52.0721745279,51.4414924433,51.4711723328,12143600
2019-11-25,51.471173988,51.5231123811,50.9814642867,51.129863739,10670000
2019-11-26,51.137268348,51.2263080001,50.7811210617,51.0037117004,15457000
2019-11-27,51.0185560135,51.2634051575,50.7588640967,50.9740333557,8393900
2019-11-29,50.6995125773,50.8479063651,50.4546577327,50.5511131287,7980800
2019-12-02,50.8256447184,51.1075951622,50.7291893284,50.7662849426,11116900
2019-12-03,50.4546593314,50.6401544025,50.0985063042,50.3656196594,12245800
2019-12-04,50.6401498351,51.018561331,50.5585315583,50.9369430542,11049700
2019-12-05,51.1150241868,51.1743839715,50.6104773389,50.7588768005,13109000
2019-12-06,51.0185651493,51.8421637051,51.0185651493,51.575050354,13710800
2019-12-09,51.2559942663,51.9163562004,51.2114716043,51.6863441467,12397700
2019-12-10,51.6863425432,52.0499112498,50.9740365822,51.2411499023,14281800
2019-12-11,51.0037136879,51.7605366074,50.951775304,51.1669502258,13748400
2019-12-12,51.1669530163,52.2205635233,51.1224360166,52.1908836365,17068500
2019-12-13,52.294769608,52.3392866108,51.2856760326,51.3672943115,12274500
2019-12-16,51.7160251644,52.1241165979,51.7160251644,51.938621521,15208700
2019-12-17,51.9237873175,52.2205749285,51.4266561814,51.7011909485,14450700
2019-12-18,51.6640837468,52.1537934382,51.4043917865,51.8421630859,13652300
2019-12-19,51.9311870008,51.9757096573,51.3747019109,51.486000061,13273200
2019-12-20,51.8347366006,52.1092713092,51.4860050051,51.8940963745,35092000
2019-12-23,51.8347415956,52.1612147226,51.5898867504,52.153793335,14172500
2019-12-24,52.1983117304,52.309609905,51.8718442556,51.9534568787,3979400
2019-12-26,52.0796064444,52.3096185585,51.9460497451,52.0350837708,8840200
2019-12-27,52.0870066746,52.1686249477,51.849573242,51.8569946289,10516100
2019-12-30,52.0053905035,52.2650881072,51.493428005,51.5527877808,12689400
2019-12-31,51.2114763982,51.7902257713,51.2040606712,51.7753829956,13151800
2020-01-02,52.1166785287,52.6954220775,52.1166785287,52.606388092,12456400
2020-01-03,52.9328599079,52.955124067,52.0573287864,52.1834640503,17386900
2020-01-06,52.1760456029,52.9477056631,52.1092701045,52.5841369629,20081900
2020-01-07,52.3096085108,52.3244456253,51.5750496359,52.153793335,17387700
2020-01-08,52.0202348823,52.1537915515,51.3227716479,51.3672943115,15137700
2020-01-09,51.3005102496,51.864416783,50.9220987649,51.7605400085,14811800
2020-01-10,51.8866715836,51.9089300821,51.2856694797,51.3005065918,11995600
2020-01-13,51.3450370664,51.8421681945,51.2782615533,51.7902297974,9953900
2020-01-14,51.4785845869,51.6269840244,51.1150158715,51.3450279236,16261000
2020-01-15,51.3450345763,51.6344064409,51.1150224944,51.2634162903,11390300
2020-01-16,51.4192213157,51.6269748303,51.0482312792,51.0630683899,13340300
2020-01-17,51.0111410196,51.2559958551,50.6698307917,50.8701629639,18144100
2020-01-21,50.7366052219,50.7662851099,50.0910860558,50.1430244446,17982600
2020-01-22,50.1281781777,50.2320549481,49.7126710965,49.8536491394,17033100
2020-01-23,49.4975095093,49.6607460955,49.0078054117,49.5420265198,19605900
2020-01-24,49.3713549613,49.4752317191,49.0003649231,49.2081184387,18238600
2020-01-27,48.5403438874,48.7703616015,48.0061172315,48.0357971191,21231000
2020-01-28,48.3103310546,48.3771065551,47.9541780695,47.9690208435,19664700
2020-01-29,48.2509760501,48.3251729449,47.4125403829,47.5683555603,14202800
2020-01-30,47.323485996,48.139662907,47.0637941144,48.0728874207,18544700
2020-01-31,46.8931443968,46.8931443968,45.8988909176,46.0918045044,34282900
2020-02-03,45.5427512753,45.572428336,44.7933495927,45.0604629517,27389300
2020-02-04,45.594681821,45.9359920185,44.4371917417,44.4965515137,31922100
2020-02-05,45.0752941613,46.6928111165,44.9639960065,46.5444145203,32099200
2020-02-06,46.6928169402,46.7521738878,45.8395385281,45.9137382507,16055400
2020-02-07,45.5650077532,45.7505028186,45.3053157938,45.6095275879,15112500
2020-02-10,45.5192073283,45.5493133135,44.8719430032,45.1278381348,20934500
2020-02-11,45.5944767246,45.8277909544,45.2858946535,45.556842804,14908700
2020-02-12,46.1664802824,46.309479432,45.5794278179,46.1137962341,17862100
2020-02-13,45.9557302731,46.2266754953,45.5794141149,45.8578872681,16949400
2020-02-14,46.0234758042,46.0310008655,45.3686835007,45.6471595764,10855300
2020-02-18,45.2708380368,45.4514681971,44.7439948055,45.0676269531,18948500
2020-02-19,45.240736132,45.6245774106,45.0299999689,45.4138412476,12804900
2020-02-20,45.3310473309,45.5643643993,44.9472060852,45.0525741577,14817200
2020-02-21,44.7891491612,44.7891491612,44.2472558302,44.5031509399,20315700
2020-02-24,43.3666889053,43.5021630008,42.4183731079,42.4183731079,32096600
2020-02-25,42.7118949755,42.7118949755,40.6195775148,40.7926826477,36414500
2020-02-26,41.056091953,41.2593030213,39.8368284142,39.8970375061,29801000
2020-02-27,38.9186219786,39.4680433039,37.4810941627,37.4961471558,48141300
2020-02-28,36.7058848793,38.7154121399,36.1338826103,38.7154121399,62446700
2020-03-02,39.5809413546,40.5593629825,38.4820986473,40.5518379211,38127600
2020-03-03,40.6045075982,40.7550346118,38.3691890546,38.6100311279,50580700
2020-03-04,39.3099923543,39.498150466,38.4745698789,39.4529914856,24079600
2020-03-05,37.9477307505,38.1584698111,36.9090999272,37.7144165039,40788200
2020-03-06,36.7585564299,36.8865025246,35.5242400924,35.8930282593,55640500
2020-03-09,31.3923014994,33.5448309508,30.7074060259,31.505197525,72896300
2020-03-10,34.7490401979,34.8167772359,31.1966168472,32.6717758179,60445900
2020-03-11,31.9040916041,32.7244611539,31.4224072576,31.5955123901,51986100
2020-03-12,30.0300329937,30.5945072765,27.8473979517,27.9828720093,65725300
2020-03-13,30.1128185131,30.2106615207,26.3421317714,28.6903438568,79891500
2020-03-16,25.8905511738,28.5097111225,25.0250229169,25.9582881927,48924700
2020-03-17,26.5001873954,28.1334012753,25.7400298979,27.7044010162,41204400
2020-03-18,26.003447664,27.6291334593,23.5047084393,24.9271831512,54036400
2020-03-19,25.3862922384,26.2668736994,24.3476586517,25.9131355286,49412400
2020-03-20,26.2217126342,26.4776077621,23.7530778733,24.6411857605,76534600
2020-03-23,24.4831295346,24.6110785276,22.6617606177,23.6702880859,56952500
2020-03-24,25.9056011832,27.2227076469,25.0852347705,26.673286438,61835600
2020-03-25,27.4786090376,29.0440858862,26.4776093884,28.0656642914,56607700
2020-03-26,28.2237170845,29.7741409766,27.6366646879,29.2171916962,46722000
2020-03-27,27.9452446596,28.3591919475,27.2452962267,27.8097705841,51558600
2020-03-30,27.2678731845,28.7129289744,26.9893999833,28.2237167358,45835000
2020-03-31,28.8559268019,29.6913492389,28.1258724433,28.5774536133,41491600
2020-04-01,27.7420260545,29.1268695523,27.3506569279,28.2462882996,36045900
2020-04-02,29.156985038,31.5804597959,28.5247736074,30.4063549042,62000200
2020-04-03,31.196615327,31.7460366657,28.99140204,29.510717392,48425700
2020-04-06,30.0149826174,30.7299840121,29.5257703812,30.4590358734,41301900
2020-04-07,32.2879245611,32.6040287269,30.9783431874,31.0385551453,48921800
2020-04-08,31.5729225472,33.1459240189,31.2116594222,33.0029220581,33355600
2020-04-09,34.2146767479,35.1554674825,31.414885474,32.4610443115,60107300
2020-04-13,33.4545145183,33.6351447069,31.5879863008,32.1825637817,29651900
2020-04-14,32.3631967576,32.9276711197,31.5428272366,31.9341964722,30769000
2020-04-15,30.857931503,30.9030904851,29.6386676963,30.4665622711,33125000
2020-04-16,30.4665585843,30.4665585843,29.2999789624,29.4655590057,30934000
2020-04-17,30.0149748124,32.6040287083,30.0074468821,32.5287666321,40829100
2020-04-20,30.6697703192,32.1675100594,30.5117182041,30.9934024811,39260800
2020-04-21,30.4063513157,31.7084050748,29.8268240001,30.8278236389,44381600
2020-04-22,32.0621417534,32.3105118441,31.505195339,31.7084064484,27074200
2020-04-23,32.4610354613,33.6125620878,32.2201933286,32.701877594,35271000
2020-04-24,33.416889711,33.7856780896,32.4610459324,32.9126243591,28653800
2020-04-27,32.8072470701,33.3566683883,31.7836665268,33.0706672668,28274400
2020-04-28,33.3942974564,34.1619828184,33.1986143034,33.8458786011,26545100
2020-04-29,34.81678055,35.8253082833,34.7415184433,35.7199401855,29502500
2020-04-30,35.8855073685,35.8855073685,34.4479798274,34.974822998,37076300
2020-05-01,34.3426231581,34.9146226178,32.3631987997,32.4685668945,35399300
2020-05-04,31.9943966533,33.8232933059,31.7761354762,33.778137207,27465600
2020-05-05,34.816766697,35.4866118126,33.6125562428,33.7405052185,29276200
2020-05-06,33.8157804428,34.0716756227,33.0405698409,33.1083068848,22659000
2020-05-07,33.8383564595,34.0716735678,33.0932518935,33.2964630127,22160300
2020-05-08,34.101775698,34.7866710796,33.8534056234,34.756565094,19977400
2020-05-11,34.7038767496,34.7716137733,34.2522956348,34.425403595,22258000
2020-05-12,34.847379559,35.0391859272,33.84998703,33.84998703,25439100
2020-05-13,33.558444682,33.6581818899,31.9165796524,32.1697654724,30827900
2020-05-14,31.5099529145,32.6454463705,30.8424675095,32.4536399841,24856500
2020-05-15,32.5150229683,32.9983730072,32.1083913949,32.2234764099,22445600
2020-05-18,34.064819692,34.9701461841,33.8039628565,34.7860107422,32026100
2020-05-19,34.9471208808,35.7757258243,33.7042163924,33.7118873596,21771600
2020-05-20,34.2336056082,34.9701444118,34.1952449133,34.8090248108,19352400
2020-05-21,34.8627288741,35.1312595799,34.0571426103,34.1875724792,19130700
2020-05-22,33.7962882102,34.2719672784,33.3359540057,34.2182617188,15406400
2020-05-26,35.0928930867,35.5225374621,34.8857418657,35.2233200073,20356500
2020-05-27,35.7987424056,36.1670103016,34.8397105121,35.4765090942,20788300
2020-05-28,35.6222668571,35.6452826769,34.4714290381,34.5558242798,19698000
2020-05-29,34.3870557542,35.054541296,34.0418036027,34.8857536316,25874700
2020-06-01,34.7706587557,35.6376243734,34.3717011521,35.507194519,19031000
2020-06-02,35.9521799569,36.4048430253,35.8677847011,36.2974319458,22319000
2020-06-03,36.8268295614,37.9009465943,36.7884688659,37.7781906128,23418000
2020-06-04,37.5019925204,37.7091438077,36.9495890874,37.6707801819,18731400
2020-06-05,39.6271907803,41.0081958347,39.5888271711,40.7243232727,41328900
2020-06-08,41.9825761303,42.4735999333,41.0158704573,41.99792099,33579400
2020-06-09,40.5708886439,41.4071646258,40.2409814173,41.0619125366,27276900
2020-06-10,41.0465574185,41.0465574185,38.8216026681,38.8599662781,31156800
2020-06-11,36.4662265674,37.471293012,35.3690938837,35.4304733276,39183000
2020-06-12,36.85751362,37.3025028868,35.22332249,36.1900253296,30978100
2020-06-15,34.7936768506,36.6426902733,34.3333427001,36.167011261,27929300
2020-06-16,38.0313685212,38.1694693479,36.2437345942,36.9802703857,26203400
2020-06-17,36.8268244466,36.9265645823,35.7527075629,35.7757263184,19279400
2020-06-18,35.3767640146,36.3127799485,35.1159072589,35.9982147217,21478700
2020-06-19,36.9956094882,37.0262962797,35.2770233154,35.2770233154,48899900
2020-06-22,35.0545344622,35.6299536269,34.8320412761,35.6146087646,17565400
2020-06-23,35.9828753041,36.2283872175,35.6759839489,35.8294296265,18916600
2020-06-24,35.2233285483,35.2616892445,33.9497341199,34.1415405273,27626900
2020-06-25,33.7962830489,34.7092832767,33.5200813977,34.6555747986,19353600
2020-06-26,34.4330870032,34.4791186678,33.3743148171,33.466381073,31518600
2020-06-29,33.6121532891,34.2029173295,33.4050020339,34.0034370422,17052100
2020-06-30,33.3206003111,34.5021281634,33.1134490959,34.3103218079,22153600
2020-07-01,34.1338727605,34.8167031668,33.5047449924,33.5354347229,17290100
2020-07-02,34.2336050143,34.6709233666,33.7042204107,33.8193054199,18216600
2020-07-06,34.2719702368,34.58653558,33.6351744347,34.0571479797,22692000
2020-07-07,33.6812000954,33.7579214735,33.0750912575,33.1748313904,17407600
2020-07-08,33.1057840935,33.704219094,32.8679431163,33.098110199,18291400
2020-07-09,32.9139805603,33.0674233442,31.6787468328,31.7324523926,25882000
2020-07-10,31.5483073136,32.7681958045,31.5329624545,32.7221641541,18951000
2020-07-13,32.9753474046,33.2131883327,32.3999283535,32.7298355103,20028300
2020-07-14,32.6301021823,33.9036964969,32.4229509296,33.811630249,21444100
2020-07-15,34.5481680883,34.5942026783,33.9190433258,34.2412796021,17332400
2020-07-16,33.9957627431,34.3793754906,33.5968051344,33.972743988,14673700
2020-07-17,34.0111136976,34.2873124669,33.2899197299,33.3896598816,17958900
2020-07-20,33.1518156248,33.3819827067,32.5917413193,32.6070861816,18553900
2020-07-21,33.1057766051,34.6709141695,33.0750868872,34.2566146851,28821800
2020-07-22,33.8730006677,33.8730006677,33.2745628993,33.4586982727,21345400
2020-07-23,33.2975886671,33.61982198,33.0060421507,33.5277557373,17934400
2020-07-24,33.6658583183,34.0801578954,33.1364708099,33.3206062317,16415300
2020-07-27,33.1671606605,33.8269751115,32.9676833024,33.811630249,18547900
2020-07-28,33.6888756316,33.94973245,33.3436235298,33.4126739502,19190500
2020-07-29,33.5354252736,33.8269717776,33.2515526634,33.7809371948,14143200
2020-07-30,33.0904315104,33.1287921941,32.0930391002,32.1237258911,29901100
2020-07-31,31.5790095411,32.3539062066,31.3872031171,32.2848587036,32116200
2020-08-03,32.2618298969,32.6070819381,31.8168406535,32.4152755737,23033600
2020-08-04,32.484333499,33.4510365112,32.4076121062,33.3512992859,17724000
2020-08-05,33.872995997,33.99575192,33.3973142342,33.6428260803,17175100
2020-08-06,33.2975912855,33.6812040748,33.182506278,33.4817237854,14434900
2020-08-07,33.1671609212,33.3896570381,32.8449275878,33.3282775879,18757900
2020-08-10,33.7502533569,34.2182584857,33.4510329328,34.1492080688,24367800
2020-08-11,34.9087571433,35.6146031357,34.3179932097,34.5021286011,28987500
2020-08-12,34.7837736122,35.1593065801,34.1344154544,34.4943008423,22503200
2020-08-13,34.0327113186,34.3221841194,33.5789404018,33.6493530273,17338700
2020-08-14,33.3285856437,33.8605914939,33.1799380914,33.7980041504,13595700
2020-08-17,33.7745212651,33.7745212651,33.2268709798,33.3598709106,15554600
2020-08-18,33.3207610063,33.7901764956,33.0860532616,33.1955833435,13014000
2020-08-19,33.1330013021,33.3755343901,32.7574682199,32.8278808594,14473100
2020-08-20,32.616636497,32.7731093298,32.3115161146,32.3271636963,15678500
2020-08-21,32.3115183475,32.3428135131,31.8499251004,32.0846328735,25517700
2020-08-24,32.2958742279,33.2581782902,32.147226652,33.0312957764,18208900
2020-08-25,32.5931603404,32.9139282429,31.8420944691,31.982919693,31285600
2020-08-26,31.7951612276,31.951634077,31.2944504972,31.3022727966,26795000
2020-08-27,31.2944465248,31.5291542768,30.7546183966,31.0910339355,32034300
2020-08-28,31.1692685047,32.0142169993,31.1066781798,31.834274292,33477100
2020-08-31,31.7951663868,31.8577567305,31.21622063,31.2475128174,25259600
2020-09-01,31.0988642327,31.0988642327,30.5512106807,30.8485088348,22464100
2020-09-02,30.6920274314,31.0753857065,30.4729672654,30.6607322693,26413400
2020-09-03,30.6685647999,31.3179231533,30.4182094125,30.5981521606,28817200
2020-09-04,30.8719677631,31.1301483542,30.238257193,30.574672699,24632500
2020-09-08,29.9253151996,30.2617307465,29.2211889423,29.8705501556,38496400
2020-09-09,30.003549749,30.3869080364,29.6671342063,29.6906070709,25886100
2020-09-10,29.9409639032,30.0191988306,28.8691298798,28.9473648071,34381200
2020-09-11,29.0490814931,29.189906793,28.5483706423,28.8691387177,26838600
2020-09-14,28.876948616,28.9551835337,28.5483583805,28.6813583374,26129900
2020-09-15,28.7908921737,29.2446631119,28.3292989366,28.376241684,23724200
2020-09-16,28.5248881818,29.8470804988,28.3762406306,29.5810775757,30890900
2020-09-17,29.2211867151,29.7140750576,28.9238916375,29.5732498169,24696200
2020-09-18,29.3620169691,29.5889024495,28.7126586789,29.0960140228,46853800
2020-09-21,28.5014286041,28.7204888608,27.9146575014,28.5014286041,35351800
2020-09-22,28.5248888701,28.8221869642,27.750352947,27.7972927094,27303200
2020-09-23,27.8911819691,28.0007120752,26.8741098758,26.9054050446,31251400
2020-09-24,26.9132258557,27.2418161196,26.4125121922,26.8506355286,26796000
2020-09-25,26.6002833712,27.3357018959,26.5064008538,27.1009941101,23486000
2020-09-28,27.4921668236,28.086762893,27.4608716653,27.625169754,23396500
2020-09-29,27.3826407454,27.468700951,26.5924572828,26.8193397522,20770500
2020-09-30,27.1009914415,27.3200516221,26.7019885434,26.85846138,22223700
2020-10-01,26.4359805949,26.6785106103,25.7709719117,25.9196224213,36890200
2020-10-02,25.2311550569,26.0917514,25.1998598848,25.8022785187,32694300
2020-10-05,26.0682745017,26.4046900508,25.9509191299,26.3968677521,22965200
2020-10-06,26.6941625472,26.9288703036,26.0604519033,26.1230392456,26731800
2020-10-07,26.3186289006,26.3968668072,25.9822133636,26.2090988159,23779300
2020-10-08,26.5063994032,27.6486460868,26.4125139064,27.5860557556,34413700
2020-10-09,27.9146540759,28.1258920051,27.1088228153,27.1792354584,29228600
2020-10-12,27.0227518289,27.1713993565,26.780218825,27.093164444,17912800
2020-10-13,27.1714047173,27.2809348102,26.6785163148,26.7724018097,20995100
2020-10-14,26.6472196765,27.2496380712,26.6237468145,26.7176322937,17743000
2020-10-15,26.3655777052,26.9601710093,26.0291620909,26.9523487091,23251600
2020-10-16,26.8897504304,27.1009882876,26.506395159,26.6785125732,22627200
2020-10-19,26.6785169572,26.8897548491,26.1230411958,26.1465110779,23645800
2020-10-20,26.3342806229,26.5455185271,26.0761029518,26.3655757904,23040600
2020-10-21,26.2169233028,26.302983515,25.9274504856,25.9430980682,28619300
2020-10-22,25.9587443159,27.351346268,25.8335666459,27.2731113434,31831500
2020-10-23,27.3591737364,27.445233951,26.4907522755,26.7254600525,27429100
2020-10-26,26.295159042,26.4203367081,25.7788007962,26.0917434692,30888700
2020-10-27,25.9352721994,25.9743896584,25.5832091002,25.6770915985,27100700
2020-10-28,25.1137948699,25.3328580488,24.6600268979,24.6991443634,42136400
2020-10-29,24.5739643471,25.919626521,24.3392565919,25.7944488525,38622800
2020-10-30,25.3563271129,25.9274504474,25.04338143,25.5206222534,47885700
2020-11-02,25.9274499087,26.9601664626,25.4815042597,26.592458725,40130300
2020-11-03,26.9836366791,26.9836366791,25.9196250651,26.1386852264,36773000
2020-11-04,26.0291646645,26.7098182606,25.4502159036,25.9978694916,35410100
2020-11-05,26.1073929451,26.537691017,25.9274502235,25.950920105,30824100
2020-11-06,25.8961549865,26.3342783407,25.520621962,25.6457996368,33985600
2020-11-09,28.49360075,29.7375554951,28.211953153,28.8926067352,76879400
2020-11-10,29.6858242156,29.9902950696,28.828501044,29.5335903168,49055400
2020-11-11,29.7178713491,29.7419074737,28.9967570474,29.2291164398,34124500
2020-11-12,28.7323612236,29.0768934011,27.9391351959,28.2275810242,30933700
2020-11-13,28.3637796483,29.0448296026,28.347754548,28.9086208344,29241500
2020-11-16,30.1184943515,30.5832101511,29.7258869366,30.5751991272,38596800
2020-11-17,30.2947664659,31.0158777986,29.9502343751,30.9838275909,26521100
2020-11-18,31.2642558437,31.3523923681,29.8060053202,29.8140163422,31068000
2020-11-19,29.5335866164,30.0463776391,29.2932162066,29.966255188,26954400
2020-11-20,29.9261937386,29.9742690477,29.4694889998,29.5976867676,18351000
2020-11-23,30.0463829528,31.5927703732,29.8701098614,31.5366840363,29367600
2020-11-24,32.4581023698,33.7160469945,32.225746014,33.6359214783,46979300
2020-11-25,33.3875359641,33.4195861696,32.5702771184,32.698474884,28178200
2020-11-27,32.6103422759,32.8026374193,31.9453141851,32.2017097473,14971900
2020-11-30,31.8892248351,31.9533252478,30.4229630434,30.5511608124,45614300
2020-12-01,31.2161882432,31.7690436489,30.8235838819,30.8476200104,32472900
2020-12-02,30.7594871037,32.3859971913,30.7194258661,32.0014038086,29369500
2020-12-03,32.1055550098,32.562259694,31.8331344037,32.2177276611,27038900
2020-12-04,32.6664281463,33.4596509503,32.5702805759,33.3955535889,28723600
2020-12-07,33.1872361139,33.2833867576,32.5863083451,32.7705955505,24899400
2020-12-08,32.4741285733,34.1246775857,32.4020171345,33.8442459106,32573800
2020-12-09,34.2208267902,35.0380887836,33.9564202062,34.2929382324,37824800
2020-12-10,34.613432212,35.6310033689,34.2608860451,35.2624320984,38058700
2020-12-11,35.014050969,35.1983350777,34.6214435675,35.0941734314,25478800
2020-12-14,35.5268416126,35.6229891776,33.7961701603,33.8282203674,30595000
2020-12-15,34.0044893832,34.6294561783,33.7000215937,34.4852333069,27138400
2020-12-16,35.0541145787,35.3425603534,34.4211366904,35.0140533447,34273000
2020-12-17,35.2544274133,35.2864776263,34.7736864439,34.8377838135,21204600
2020-12-18,34.6695155146,35.0781449237,33.988462424,34.2368469238,46596800
2020-12-21,32.9388497608,33.7160505393,32.4741308873,33.6118888855,27869500
2020-12-22,33.3154198383,33.5718153099,33.0349851898,33.0429992676,21792900
2020-12-23,33.2593357326,33.9644249196,33.2192745069,33.4676589966,19085900
2020-12-24,33.3715195226,33.5317644642,33.1551851836,33.3314552307,8039000
2020-12-28,33.4035544971,34.0926184981,33.2673457351,33.4436187744,23877500
2020-12-29,33.683996011,33.748093366,33.0109569726,33.0670433044,20287700
2020-12-30,33.1151239482,33.9884692721,33.0670486319,33.3314552307,23807300
2020-12-31,33.2272867128,33.3955456851,32.8266683654,33.0269775391,22786500
2021-01-04,33.2112662856,33.8522551203,32.8507091109,33.2513275146,27764700
2021-01-05,33.5237487262,35.8954089837,33.5157377028,34.8538017273,44035100
2021-01-06,35.5829275292,36.135779842,35.0140501129,35.7431755066,36484800
2021-01-07,36.0556593699,36.5123641441,35.6790770607,36.0236091614,29528100
2021-01-08,36.2159046266,36.7126705958,36.015595423,36.4242248535,28628200
2021-01-11,36.0877118883,37.7703082107,35.8553524462,37.5299377441,38246200
2021-01-12,38.0267029386,38.5955804101,37.5860232503,38.3632240295,36915100
2021-01-13,38.884019713,39.028242577,38.2109806997,38.7958831787,29000300
2021-01-14,38.8599829851,40.9271752997,38.8599829851,40.3102226257,35474800
2021-01-15,39.1884930078,39.3247048575,37.8904902065,38.3712310791,42411300
2021-01-19,38.8199300417,39.6131528943,38.7398045145,39.1324119568,24932600
2021-01-20,39.348742758,39.8535228365,39.2525951904,39.6852607727,22342400
2021-01-21,39.5250182483,39.5730905068,38.2029761238,38.5475082397,29044500
2021-01-22,37.6661378236,38.1709178259,37.3696810855,38.002658844,23264800
2021-01-25,37.5780143738,37.698198083,36.9850976828,37.5780143738,26395800
2021-01-26,37.8664460609,38.347189927,36.7367024074,36.7527275085,23976800
2021-01-27,36.0556546265,37.3857075415,35.6790723667,36.3360862732,32410300
2021-01-28,36.8088138399,37.3296189308,36.6085046598,36.904964447,24967200
2021-01-29,36.4963448849,36.8889523613,35.663057668,35.9274673462,38961100
2021-02-01,36.5203850752,36.5203850752,35.4867885791,35.9915657043,24412400
2021-02-02,36.7046667776,37.6501266488,36.2800091042,36.5604438782,31940400
2021-02-03,36.5604364159,38.1949571818,36.3921743633,37.9946479797,28459300
2021-02-04,38.3632168041,38.7638351829,37.8584367911,38.7237739563,25280300
2021-02-05,39.4048216583,40.1579830656,39.2926490079,40.021774292,34980100
2021-02-08,40.798978455,41.9527614616,40.630719452,41.7444381714,36998700
2021-02-09,41.2881188741,41.5244242364,40.5547615852,41.2555274963,28977000
2021-02-10,41.2555326039,41.8992566896,41.0599687709,41.6548042297,25723800
2021-02-11,41.4673823264,41.4999768102,39.748062164,40.6117973328,26972200
2021-02-12,40.2777214896,41.3207203571,40.2614242437,41.1659011841,19756700
2021-02-16,42.339275737,42.8037363735,42.0622287689,42.4044647217,28060100
2021-02-17,42.657058058,43.4067157309,42.2088947329,43.0644798279,25509700
2021-02-18,43.0318917114,43.1378191416,42.2577896684,42.3881645203,20627600
2021-02-19,42.4615009467,42.8281811923,42.3066786716,42.6733589172,22607200
2021-02-22,42.8526316178,44.6615856818,42.8526316178,44.2460136414,36435100
2021-02-23,44.8001045939,45.0282598268,43.789700184,44.8571434021,33527900
2021-02-24,44.9712215708,46.4460897503,44.710471842,46.2016372681,28728600
2021-02-25,46.4297984298,46.6498066244,45.1016021918,45.4356880188,29670900
2021-02-26,44.3356416713,44.8652912728,43.2844926453,44.3030471802,35291000
2021-03-01,46.0142188262,46.9431400276,45.7371718794,45.9571800232,36998300
2021-03-02,46.1608851013,46.4134845947,45.6475328306,45.6882743835,30302600
2021-03-03,45.9734645067,47.2283241261,45.5334514199,46.0549507141,35358900
2021-03-04,46.5438758056,48.4587605521,46.527578557,47.8394775391,52137500
2021-03-05,48.7520992443,49.7462064279,48.1654107955,49.6484260559,51429800
2021-03-08,50.1780705871,50.2025149005,48.7439441045,49.5995292664,38154600
2021-03-09,49.3876778037,50.0232549034,48.4587564709,48.8335838318,35645900
2021-03-10,49.3143425316,50.4551218798,48.9150677393,50.3328971863,31579100
2021-03-11,50.3410279009,50.9684577373,49.9173089292,49.9580535889,24802600
2021-03-12,50.1536288993,50.8218004817,50.1128873361,50.4958648682,20422700
2021-03-15,50.1047382509,50.4062295361,48.7846892776,49.2084083557,31243600
2021-03-16,48.5157844246,48.6135647777,47.6194546784,48.1654014587,30624800
2021-03-17,47.8231757785,48.6706139751,47.766136968,48.3772697449,25575500
2021-03-18,47.9209585919,48.0513334581,46.0549657933,46.2912712097,38622800
2021-03-19,46.2097772317,46.8290600739,45.4764198977,46.0305137634,84439400
2021-03-22,46.0386649692,46.3320091726,45.5497600359,45.5579071045,29315100
2021-03-23,44.7675005818,45.8675411672,44.3682290092,44.9956588745,33493300
2021-03-24,45.6964366811,46.674246645,45.6964366811,45.9082946777,29781800
2021-03-25,44.9875128801,46.0386618344,44.4089746898,45.7779121399,31495900
2021-03-26,46.6905381159,47.0816626747,46.0549610964,47.0246238708,34226500
2021-03-29,46.7231267033,47.1142512127,46.2342218436,46.7720184326,21144400
2021-03-30,46.3320026442,46.7394244007,46.0305114147,46.1934776306,20303400
2021-03-31,45.9164336615,46.1445919735,45.4682703223,45.4927177429,23686500
2021-04-01,45.8919916442,46.8127657893,45.7453195464,46.763874054,23194500
2021-04-05,46.6905439321,46.7068411793,45.7453253534,46.0386695862,23264800
2021-04-06,46.3157165321,46.88610775,45.843105689,45.9082946777,18926300
2021-04-07,45.949033971,46.2586754354,45.8268092858,46.1120033264,22385000
2021-04-08,45.5742134721,45.6964412841,45.0771582624,45.6312522888,21999300
2021-04-09,45.6312410534,45.9897711141,45.2482635713,45.5253105164,20020700
2021-04-12,46.2505173981,46.2749648177,45.0689967663,45.223815918,20238800
2021-04-13,45.0608498607,45.61494375,44.889733453,45.3949356079,19370600
2021-04-14,45.9653253661,47.2690738264,45.8349505201,46.7068328857,28051100
2021-04-15,46.7883205814,46.7883205814,46.2668211462,46.4297904968,23250300
2021-04-16,46.7394318516,47.0001815687,45.9897740838,46.1690406799,22752000
2021-04-19,46.242389044,46.560177652,45.5986616488,46.0223808289,21123300
2021-04-20,46.0142273563,46.0142273563,44.6371394354,45.0527114868,21782100
2021-04-21,44.4089866025,45.737182852,44.2460172227,45.6312522888,16625600
2021-04-22,45.6230920103,45.6230920103,44.8326927673,45.036403656,21600100
2021-04-23,45.036404636,45.5823483377,44.9630685902,45.2808570862,15337900
2021-04-26,45.1993822217,45.8675538246,45.1749347964,45.3704986572,16083800
2021-04-27,45.6393895271,46.1445948066,45.4764232907,45.9653282166,19278600
2021-04-28,46.3727500879,47.6357570717,46.2749697243,47.3505630493,24729800
2021-04-29,48.0105811127,48.4668946258,47.3831543062,48.0268783569,27318400
2021-04-30,47.5298230676,47.9861334404,46.5764545518,46.6416435242,30518400
2021-05-03,47.2446350523,48.0676288899,47.0490743145,47.9291038513,20509600
2021-05-04,48.0757754602,48.4831972861,47.6765007031,48.230594635,23522200
2021-05-05,48.7031983387,49.7461970662,48.4017071019,49.6810112,31526200
2021-05-06,49.5913769511,50.2269538998,48.9150553398,50.1536178589,26836800
2021-05-07,49.7624940659,50.9032762499,49.5832274949,50.8706817627,33610600
2021-05-10,51.5307012165,52.1662750053,50.9521600038,50.9929046631,31956600
2021-05-11,50.2188180454,50.838097889,49.2084104908,49.3713798523,34563800
2021-05-12,49.6111179077,50.9917322659,49.3961736027,49.6359214783,34426500
2021-05-13,48.7761372221,49.9748734286,48.5694586745,49.0241508484,24268200
2021-05-14,49.5449817968,50.3303609102,49.5449817968,50.2394218445,20735400
2021-05-17,50.0492839084,51.4629645885,49.9583448319,51.4133605957,25282500
2021-05-18,51.2562885691,51.5043022379,49.9335468998,49.9583473206,25170800
2021-05-19,48.8588102333,49.4871148206,48.2966442988,48.7596054077,28889800
2021-05-20,48.7348065664,48.9001500502,48.147840195,48.6438674927,20692500
2021-05-21,49.1233715722,49.4623275274,48.6521445835,48.7100143433,20792700
2021-05-24,48.8422837023,49.4375158702,48.5198624673,49.2804412842,18400300
2021-05-25,49.1894946665,49.2225639913,48.0486281929,48.1643676758,25616100
2021-05-26,48.1561078812,48.8753484378,47.8667591383,48.7265396118,21698700
2021-05-27,48.966292601,49.3548493708,47.9659689529,48.4123954773,33556000
2021-05-28,48.5529315324,48.6108012824,48.0403695382,48.2553138733,19246800
2021-06-01,49.148155345,50.1815480009,49.148155345,49.9831352234,28474200
2021-06-02,50.2228921591,50.6858532879,49.7433963662,50.3799667358,22978300
2021-06-03,50.0575459229,50.7685206642,49.8922024464,50.57837677,20272800
2021-06-04,50.8098557205,51.0082685229,50.2476897929,50.8015899658,20427800
2021-06-07,50.7023951073,51.0330789715,50.4461125108,50.4709129333,15477900
2021-06-08,50.842923442,51.6531029818,50.1567491403,51.3637542725,28953400
2021-06-09,51.8101830914,52.4302188095,51.4133606103,51.7936515808,29133000
2021-06-10,52.5872985214,52.8931819375,51.462966539,51.8763237,27488700
2021-06-11,52.0912601194,52.240068927,51.3720196516,51.3968200684,17631700
2021-06-14,51.5042994863,51.9011219659,50.9007984348,51.3141555786,16997200
2021-06-15,51.6531024831,53.2403953761,51.5456287548,53.1825256348,30717100
2021-06-16,53.1742601933,53.5710858077,52.5459587523,52.9923820496,24803200
2021-06-17,52.7939828694,53.2900102552,50.6527924155,51.2480278015,28491800
2021-06-18,50.4295753219,50.8842675834,49.8012738039,49.9335479736,39590700
2021-06-21,50.3716997228,51.83498433,50.3468993043,51.7440452576,33145400
2021-06-22,51.9589971572,52.9179888588,51.4464351282,52.7361106873,25140400
2021-06-23,52.9510474508,53.4884066391,52.5624907645,53.1246566772,20701600
2021-06-24,53.0337193794,53.3726689356,52.7526364137,53.3395996094,19568400
2021-06-25,53.4140107311,53.6785590514,53.2073321588,53.4553489685,18438300
2021-06-28,53.3726731658,53.3726731658,51.8763223018,52.0912666321,20570000
2021-06-29,52.2566061302,52.7195672379,51.7440441866,51.7688446045,19579300
2021-06-30,51.8349832965,52.273140833,51.6283047372,52.1491355896,17875500
2021-07-01,53.1825264026,53.2569276537,51.8928511055,52.2979393005,22530300
2021-07-02,52.0912670968,52.3475496673,51.6035055295,52.2235412598,14555300
2021-07-06,51.876325051,51.8845908068,50.3469047771,50.735458374,22110800
2021-07-07,50.578384859,51.0992157895,49.2887093205,49.9418144226,21671400
2021-07-08,49.1481619105,50.1898204592,49.0324224221,49.7185935974,18935900
2021-07-09,50.1815590707,50.801594801,49.8012712463,50.6197166443,20086000
2021-07-12,49.9500821551,50.8429352141,49.7351378004,50.5701179504,21809400
2021-07-13,50.4295690539,50.8511919321,50.0244776853,50.3303642273,17147300
2021-07-14,50.5701051927,51.0330662717,49.0737545359,49.2142944336,21573600
2021-07-15,48.9166810528,49.3548417533,48.5859972423,48.7348060608,15851100
2021-07-16,48.9249533812,48.9910888864,47.246724332,47.3872642517,27049500
2021-07-19,45.9983843849,46.4613455407,45.1386007329,45.7586364746,37969100
2021-07-20,45.8826439997,46.7920284752,45.4940872666,46.2629318237,26756100
2021-07-21,47.0069700056,48.1974373205,46.9821695887,47.7510108948,20908700
2021-07-22,47.7262078285,47.7344767362,46.8416239343,47.2136459351,13493800
2021-07-23,47.3624593513,47.3624593513,46.6845539299,47.1557807922,14088200
2021-07-26,47.2549860766,48.4867916881,47.1227119236,48.3462486267,18387600
2021-07-27,47.9576931481,47.9576931481,47.2963223665,47.8088874817,16861400
2021-07-28,47.9494199459,48.4702507352,47.6352676908,48.1312980652,16855300
2021-07-29,48.7761429106,49.048960139,48.4123897598,48.7182731628,18607800
2021-07-30,48.6769375744,48.6769375744,47.3872621654,47.5939407349,28652800
2021-08-02,47.5774036123,48.8257438737,47.4533983692,47.6022071838,20873800
2021-08-03,47.5939381322,48.288378214,47.0648415278,48.1147689819,18208200
2021-08-04,47.2797891087,47.8502239871,46.9656399491,46.9904403687,20868300
2021-08-05,47.2301894851,47.7014163902,46.9821758225,47.2880592346,15180200
2021-08-06,47.6683509515,48.0073037207,47.5608771993,47.833694458,14888500
2021-08-09,47.2301894851,47.5526075619,46.9821758225,47.2880592346,17828200
2021-08-10,47.4699314779,48.2470449036,47.3707266494,48.098236084,16340200
2021-08-11,48.1064915888,48.3627740911,47.7179381124,48.2387657166,18278600
2021-08-12,48.1716407384,48.4989388218,47.7268481623,48.1296768188,19225500
2021-08-13,47.8611229109,47.8946927649,47.248487481,47.6429252625,20063000
2021-08-16,47.0135088849,47.0722545337,46.3840884748,46.9463691711,16959500
2021-08-17,46.57710951,47.2484906285,46.1574959108,46.6274642944,16243700
2021-08-18,46.5099757631,46.8372771016,45.5784361426,45.6455726624,21890500
2021-08-19,44.8734785605,45.0748912919,43.7237350132,44.2524490356,30923500
2021-08-20,43.8664073648,44.596534153,43.732131137,44.2608451843,16918300
2021-08-23,45.2763052914,46.2078479383,45.2763052914,46.0819625854,21632600
2021-08-24,46.4008719677,46.8708371439,46.1658861783,46.4596176147,17915600
2021-08-25,46.3589131427,46.8037025459,46.0483967657,46.5435409546,13270300
2021-08-26,46.3253424604,46.6106798388,45.8469832086,45.9141197205,11842600
2021-08-27,46.4931787592,47.1729506048,46.4931787592,46.803691864,15822500
2021-08-30,47.1981417119,47.2820631559,46.2582048916,46.2917747498,14086100
2021-08-31,46.0987522274,46.4176594728,45.7043144029,45.7546691895,27104100
2021-09-01,45.7294887117,45.9560772245,44.9825738607,45.1252441406,21644100
2021-09-02,45.5616420563,46.6945974112,45.5448571294,46.2246322632,23293300
2021-09-03,46.2581962069,46.4260422648,45.8217977368,46.0483894348,13840000
2021-09-07,45.8805410965,46.3840792453,45.7126982483,45.7798347473,14354400
2021-09-08,45.9812590284,46.308557124,45.3266596359,45.3602294922,18756700
2021-09-09,44.999364806,46.1574993217,44.7308123388,45.3938026428,19110800
2021-09-10,46.3169472819,46.3505171377,45.2763073631,45.3014831543,15123700
2021-09-13,45.8637647664,46.9379744879,45.8385857751,46.468006134,22052300
2021-09-14,46.7365588259,46.8036985345,45.6623490985,45.8050193787,19940300
2021-09-15,46.4680094624,47.4415128925,46.417657879,47.3491973877,23240900
2021-09-16,47.3827699074,47.3827699074,46.5771125133,46.845664978,17907200
2021-09-17,46.4428359101,47.6261461986,46.2414199625,46.2917747498,30000400
2021-09-20,45.1336360419,45.460934125,44.4454700207,45.0581054688,27555100
2021-09-21,45.6287869672,45.7462782758,44.6888532966,45.0161514282,19696800
2021-09-22,45.6791288966,46.9211845548,45.6287741208,46.3337249756,25690600
2021-09-23,46.5099674632,48.0373638329,46.3924761736,47.903087616,23069400
2021-09-24,47.5841811656,48.5241146993,47.567396238,48.3310928345,22328600
2021-09-27,49.3885176352,50.1857840864,49.3633418446,49.7661705017,32972200
2021-09-28,50.2697058541,50.7564559198,49.9424045876,50.2864875793,37619300
2021-09-29,50.219348392,50.5130765883,49.5563582332,50.2529182434,23422800
2021-09-30,50.4543330758,50.4962937911,49.354947608,49.3633384705,31289600
2021-10-01,49.8584875896,51.184468096,49.8584875896,51.1341133118,24407300
2021-10-04,51.4614117208,52.0908321217,51.1508985528,51.7971038818,33946700
2021-10-05,52.4684785818,52.6195397156,51.2096379341,51.7131729126,29641600
2021-10-06,50.7480656896,51.2935614045,50.1438211302,50.7648506165,25284900
2021-10-07,50.8655633873,51.2600012134,50.4711255611,50.9075241089,19513600
2021-10-08,51.4026621225,52.3845563357,51.4026621225,52.1831436157,22186900
2021-10-11,52.8964844144,52.9216634049,51.6124679436,51.6628227234,22121500
2021-10-12,51.6712074736,52.0152904245,51.0669629935,51.3942642212,20198600
2021-10-13,51.0082255292,51.5201546067,50.5298663063,51.2516021729,14991700
2021-10-14,51.7887011732,52.2167087672,51.3355177919,52.0320777893,18594500
2021-10-15,52.644720602,52.9300579712,52.4013439516,52.5272293091,16092600
2021-10-18,52.9468455247,52.9888062455,52.2586794593,52.5020561218,18282800
2021-10-19,52.7622138478,53.3832433924,52.5943677653,53.290927887,18933200
2021-10-20,52.7790021706,53.6014445059,52.6363350722,53.5846595764,14305200
2021-10-21,53.2657520498,53.4084191388,52.3258152694,52.6111526489,16564600
2021-10-22,52.6782833733,53.0559361937,52.3258063405,52.9720115662,14266800
2021-10-25,53.4755578191,54.0630142937,53.3580665242,54.0042686462,17939800
2021-10-26,54.121759543,55.3386428068,54.0126623136,55.2547149658,25585100
2021-10-27,54.6840389292,54.7595662922,53.6937475296,53.8196296692,21764500
2021-10-28,53.5594759885,54.1049749118,53.4000239839,53.9706954956,16626400
2021-10-29,54.5917299491,54.8518883228,53.9874853625,54.1049766541,23966300
2021-11-01,54.6085183579,55.4561396958,54.5665544332,55.0784835815,19656400
2021-11-02,54.574941465,54.9274153373,54.264431512,54.3987045288,16300000
2021-11-03,53.7441061153,54.0881859088,53.4251989099,53.6517906189,17372800
2021-11-04,54.2812226506,54.4574596174,53.5678807179,54.0546340942,17720100
2021-11-05,54.5917257706,54.8267083357,54.1804998789,54.5665435791,18565100
2021-11-08,55.011347495,55.7079012298,54.8686739997,55.1540145874,17696000
2021-11-09,55.1959727467,55.6995142129,54.8099289848,55.6911201477,18781300
2021-11-10,55.5550405034,55.8357089844,54.2367571171,54.5939712524,20177200
2021-11-11,54.5939654978,55.138288652,54.4493745906,54.6960220337,13319300
2021-11-12,54.3983442667,54.7470547214,54.0751544339,54.2792739868,18158900
2021-11-15,54.2282428055,55.0872521477,53.7689721865,54.7470550537,18849200
2021-11-16,54.7215292626,55.5975555144,54.7215292626,55.2998733521,17028700
2021-11-17,54.7555571759,55.486992631,54.5854586235,54.6960220337,15497000
2021-11-18,54.5684544543,54.8831374429,53.6754207817,54.1006736755,16948200
2021-11-19,52.6378035098,52.7568738029,51.3790553136,51.6001853943,32035500
2021-11-22,51.3025050682,53.1906288158,51.3025050682,52.3146057129,21994400
2021-11-23,52.8929511122,53.9050550251,52.6633141717,53.6924285889,21185900
2021-11-24,53.2246476856,54.3047870577,53.2246476856,53.9901008606,15869700
2021-11-26,51.4726065556,52.2380597569,50.6391113395,52.0934753418,24979600
2021-11-29,53.2161475763,53.7009356221,52.1275011919,52.3826522827,18946400
2021-11-30,51.4215730237,52.0424417854,50.7411691234,50.8942604065,34979800
2021-12-01,51.7958037336,52.7568729371,50.8177207806,50.8517417908,30630600
2021-12-02,50.8092154492,52.3741461749,50.2989100474,52.1189918518,29216000
2021-12-03,52.6633084497,52.92696637,51.3280148347,51.7872886658,22014700
2021-12-06,52.4932234401,52.8674448557,52.2380690831,52.3741531372,19210500
2021-12-07,53.0205260459,53.6073738173,52.8164032481,52.9609909058,19800400
2021-12-08,53.2501707694,53.7434624659,53.020533805,53.1140899658,18214400
2021-12-09,52.7738796574,53.3862448184,52.5697601,53.250164032,16910300
2021-12-10,53.8115035078,53.8795422862,52.9269766782,53.5903701782,17942400
2021-12-13,53.1310928661,53.3437192941,52.1785241327,52.4166679382,17793700
2021-12-14,52.1019860123,53.1311005382,52.0679682447,52.3401298523,22551100
2021-12-15,52.042443063,52.3061010003,51.0388460688,52.1104850769,19961900
2021-12-16,52.2550727108,53.114085345,52.1360024235,52.1955375671,21187800
2021-12-17,51.8383333275,52.1189985769,50.7666941164,51.0558662415,44338100
2021-12-20,50.0012393443,50.3924712539,49.2953179365,50.3159255981,21819300
2021-12-21,50.8177213905,51.6086920416,50.7922072548,51.4556007385,19798900
2021-12-22,51.3195111843,52.1955309679,51.0048250014,51.872341156,14058300
2021-12-23,52.0254239249,52.5952643413,51.880839536,51.8978500366,13543300
2021-12-27,51.8213173551,52.6888336387,51.3875575911,52.637802124,12593700
2021-12-28,52.6548056135,52.9950091774,52.2210491517,52.4676933289,12781000
2021-12-29,52.2890918699,52.3911516491,51.8128074933,52.0084266663,12733600
2021-12-30,52.0679653679,52.3911552313,51.6852371145,51.7022476196,11940300
2021-12-31,51.6597135678,52.2805822905,51.6256925639,52.0424385071,14072000
2022-01-03,52.0849787393,54.0921697837,52.059461358,54.04114151,24282400
2022-01-04,54.5429282385,56.294974394,54.5174141057,56.073841095,38584000
2022-01-05,56.5586214673,57.5026831868,56.5416142106,56.7712478638,34033300
2022-01-06,57.8343943425,58.2426399812,57.0434236898,58.1065559387,30668500
2022-01-07,58.2766535493,58.8379904822,57.8173861355,58.5828361511,23985400
2022-01-10,58.6593837425,58.8294823003,57.7918642271,58.2341308594,22760300
2022-01-11,58.5913316304,60.726102553,58.3276769647,60.6835746765,32936100
2022-01-12,60.5049781799,61.0748154718,60.0797253074,60.5049781799,23045100
2022-01-13,60.4879690574,60.8792009094,59.7990550128,60.0712165833,21043200
2022-01-14,60.0882251229,61.3639835905,60.0456972451,61.1258430481,23012900
2022-01-18,61.9338235234,62.8353574701,61.2449159972,62.1549568176,32841200
2022-01-19,62.7248157065,62.8183718829,61.7042111312,62.1804924011,26431600
2022-01-20,61.6616722088,63.2521204349,61.4575526281,62.3165588379,26774600
2022-01-21,62.2400093045,62.2400093045,60.4199275695,61.3809967041,35995200
2022-01-24,60.2838409544,62.1549573652,59.3738001259,61.9083099365,41507000
2022-01-25,61.7382215875,63.9920635721,60.7176170795,63.7284088135,39278400
2022-01-26,64.1536512767,64.638439312,62.5036679863,63.0820121765,35252400
2022-01-27,64.1791452614,64.6469258893,62.9289011185,63.8899765015,29174700
2022-01-28,63.762414944,64.3152449605,62.8948954748,64.0260696411,30595700
2022-01-31,63.7624245492,64.9956554349,63.1670665615,64.6044235229,36085500
2022-02-01,65.0211642025,69.3247278562,64.8680729027,68.746383667,61033100
2022-02-02,68.0914918833,68.7293712297,67.3175349839,68.567779541,30299300
2022-02-03,68.1170069239,68.3041192396,67.2069659706,67.7683029175,28529400
2022-02-04,68.78038838,70.1922242642,68.78038838,69.2396621704,32197500
2022-02-07,69.0100262278,70.6600092247,68.5847734132,70.0731582642,34949200
2022-02-08,69.9711008291,70.1667199945,67.9724137391,68.2615890503,34356300
2022-02-09,68.433585642,68.8205535232,67.6854403028,67.9348220825,40106100
2022-02-10,67.6940366553,68.5195728876,66.8942974052,67.2812652588,28527700
2022-02-11,67.6080416855,69.0699274719,67.2726678102,68.9753341675,42002100
2022-02-14,68.4335847827,68.6571630148,66.2579516841,67.9176254272,34652800
2022-02-15,66.1289588027,67.2382750017,65.7161873906,67.0662841797,25075100
2022-02-16,67.7542200305,68.5625603212,67.109269346,67.3758468628,21733800
2022-02-17,67.4876658257,68.0380234084,67.0318950068,67.2726821899,23738800
2022-02-18,66.3525442405,67.2210732972,66.1203582687,66.5245285034,23394800
2022-02-22,68.5109683194,68.6141628037,64.761654016,65.750579834,35947800
2022-02-23,65.7505885524,66.619124201,65.4668086037,66.0171661377,25385000
2022-02-24,67.9348165896,67.9606135715,63.6609416354,65.1830291748,46199900
2022-02-25,65.9483821605,67.0662931293,65.5786100449,66.9373016357,28310300
2022-02-28,65.7935792117,67.8746187723,65.5269951009,67.436050415,32204600
2022-03-01,67.7370338186,69.3537147854,67.3586671215,68.0810089111,40002300
2022-03-02,69.3107139467,70.6436149413,68.6399661391,69.2505187988,44321400
2022-03-03,68.6743640254,70.3168353732,68.47657622,69.6890869141,30196600
2022-03-04,69.697709224,72.4752945977,69.3623352199,72.3119049072,42802200
2022-03-07,73.025635898,75.0120890471,72.148505598,74.9174957275,55207900
2022-03-08,76.5771668327,78.6926048321,73.4642017035,75.4850463867,72082300
2022-03-09,72.260286545,74.4445207072,70.1706456916,71.1939697266,65466700
2022-03-10,72.2430892258,73.6791780683,71.2885615374,73.4039993286,44644200
2022-03-11,72.2946842138,74.1521456533,72.2086920866,73.0256271362,35303400
2022-03-14,71.4261455323,71.7615194064,69.2247156797,70.4114227295,37462600
2022-03-15,67.7800459862,68.0810217888,65.673208807,66.4041519165,47957900
2022-03-16,66.9114945601,67.6080458957,65.5699989755,66.1547546387,37812300
2022-03-17,67.2296752462,68.0638127085,66.2751474863,67.9176254272,34041900
2022-03-18,67.9864360235,68.2702160522,67.1608994898,67.6510620117,41461500
2022-03-21,68.897956173,70.9617937745,68.5711768562,70.6866149902,33089300
2022-03-22,70.1964363692,70.6865986704,69.4740946876,70.3770217896,23132200
2022-03-23,71.6669211695,72.4666603282,71.4175459968,71.4863357544,27716300
2022-03-24,71.7701284229,72.793452518,71.1595757506,71.7013320923,19871600
2022-03-25,71.3057613765,73.5157925997,71.1939722625,73.2664108276,22398300
2022-03-28,71.5207586194,71.6411489377,70.531832524,71.2111816406,21552400
2022-03-29,69.491299638,70.9359897522,68.5883724172,70.8328018188,27036300
2022-03-30,71.4261495239,72.2430911445,71.1251737945,72.0453033447,22079000
2022-03-31,71.2627674332,72.5784660403,70.9875886825,71.0219802856,27861500
2022-04-01,70.5060225739,72.3548829236,70.5060225739,71.4777526855,18671100
2022-04-04,71.8561298307,71.9421285355,70.5576333671,71.5121612549,20869400
2022-04-05,71.8045340993,73.1546310648,70.9961935321,71.1423873901,21753100
2022-04-06,71.7357372559,72.8364524097,71.3229723536,71.9335250854,24768200
2022-04-07,72.0882846353,73.4727792043,71.1251559817,73.1374053955,26122000
2022-04-08,73.2406079687,74.9948748529,73.2406079687,74.6766967773,24866500
2022-04-11,73.7651651432,73.8941566038,71.8045159374,72.1054916382,21800100
2022-04-12,73.7049601089,74.6594876038,73.421180246,73.6103668213,22444200
2022-04-13,74.4789251537,74.9088923898,73.2578197779,74.6509094238,19306800
2022-04-14,74.5305034682,76.0697866373,74.1521368413,75.5280303955,24566400
2022-04-18,76.1041793141,76.4395531388,75.459228642,76.1471786499,19032300
2022-04-19,75.6828333455,76.2417920544,75.046477124,75.4678497314,20382600
2022-04-20,75.6484403545,76.1042045979,75.0722858039,75.6398391724,20689400
2022-04-21,76.49116812,77.2221176647,74.6337130852,74.84009552,29010900
2022-04-22,74.5219123136,75.7774156502,73.0944181742,73.2062072754,23591600
2022-04-25,70.8327982641,71.0821800252,68.1841987609,70.7382049561,37698300
2022-04-26,71.1423808306,72.8536485706,70.6694142528,70.7640075684,28941500
2022-04-27,71.7099405321,73.5072071265,70.755412671,72.7848587036,32773000
2022-04-28,72.9912272358,75.7946151295,72.294682493,74.9862747192,33683800
2022-04-29,75.7946121829,75.7946121829,72.8364359546,73.3094024658,34656500
2022-05-02,73.1030436538,74.8487098772,72.7762643003,74.3069534302,36335200
2022-05-03,74.1779348689,76.3449664274,74.0575445913,75.8376083374,33908100
2022-05-04,76.9641194638,79.0107607257,76.4567613786,78.85597229,46188400
2022-05-05,79.1483722515,79.1569734336,76.0096100111,77.6606826782,41013400
2022-05-06,78.2368365691,78.9591783341,76.8351392629,78.8473892212,29619300
2022-05-09,76.9125506253,77.0157385756,72.2517002342,72.6300735474,45851600
2022-05-10,73.644772034,74.719689896,71.8217089782,73.1116104126,34483200
2022-05-11,74.3241282395,76.4825653562,74.1951367712,74.6337051392,33020600
2022-05-12,74.6684611857,75.0420209558,72.4531704239,74.9725265503,29491500
2022-05-13,75.8933881995,77.2746863733,75.015955923,77.1965026855,25798400
2022-05-16,77.300735907,79.9069642613,77.2920466233,79.0121536255,26101200
2022-05-17,79.6897927887,80.3152821378,79.1598590651,80.0199127197,23120700
2022-05-18,80.3674033784,80.7235845024,78.0391722617,78.7515411377,25451200
2022-05-19,77.318121478,80.1849758244,77.318121478,79.177230835,24387400
2022-05-20,79.8635232157,81.3056327692,78.5343478363,79.8027114868,28795000
2022-05-23,80.4977264137,82.3307679743,80.4021641572,81.5662765503,27239300
2022-05-24,80.6366928773,82.3481169661,80.2023215503,82.0093078613,24293300
2022-05-25,82.1657112947,83.8597574268,82.0701490382,83.6599502563,29947800
2022-05-26,83.9205564981,84.6416146415,83.5730580387,83.9553070068,24314800
2022-05-27,83.3558864301,85.0760004499,82.7912087945,84.7806243896,25588800
2022-05-31,85.6233023224,86.6831697731,83.147386261,83.3993225098,44888100
2022-06-01,84.2854262512,85.7536037514,83.9379344224,84.997795105,25815400
2022-06-02,84.5200082162,85.2236879331,84.0856367113,84.8501281738,19089100
2022-06-03,85.0499405769,86.5789301046,85.0499405769,86.0837402344,21038200
2022-06-06,86.1619456358,86.6831901987,85.7188847747,85.866569519,20682100
2022-06-07,86.6136720473,89.8540862638,86.4312368177,89.8019638062,37810200
2022-06-08,89.9062005452,91.7131873615,89.46314644,90.8618164062,31613200
2022-06-09,89.8453946554,90.8444503775,88.7507833062,88.8984680176,26607000
2022-06-10,88.5596529246,89.7845769612,86.691854373,87.2739105225,30950500
2022-06-13,84.7198271468,84.9370129293,81.5923532034,83.26902771,33421000
2022-06-14,84.624263961,85.7188754354,82.7651477301,83.4862060547,31264000
2022-06-15,83.3906209589,83.8944933824,81.0276394416,82.435005188,29620800
2022-06-16,80.2805383201,80.9060276699,78.4301116148,79.3944168091,35696700
2022-06-17,79.0208838122,79.3596931434,74.4165486463,74.8161697388,64610200
2022-06-21,76.953239739,80.384771189,76.9011106633,79.4725952148,35951500
2022-06-22,76.0497613005,77.9783717774,76.0410720148,76.3277587891,29727200
2022-06-23,77.0227483273,77.3615575265,72.5574037449,74.0255813599,35757200
2022-06-24,75.5371923234,76.7968735022,74.54682595,75.4937591553,26639000
2022-06-27,76.2843249258,78.2216248392,76.1627014293,77.3441925049,25478700
2022-06-28,79.1598626589,81.0015935331,78.4909268532,79.489982605,33096900
2022-06-29,80.7757180538,80.966835925,76.2408790388,76.5536270142,25400900
2022-06-30,74.8335338643,76.1018980587,73.5564803827,74.3991622925,39948100
2022-07-01,75.3547549281,76.3451212729,73.5912079569,76.0584411621,26327900
2022-07-05,75.0072687086,75.3200167241,72.1143595069,73.6780929565,34591100
2022-07-06,72.765906978,74.0429600983,70.3768640089,72.3489074707,33375700
2022-07-07,74.1732817779,75.3721514701,74.1037873688,74.6597824097,23817400
2022-07-08,75.5371893789,75.8412546837,73.7823317098,74.7813873291,17673800
2022-07-11,73.9908519545,74.8161619177,73.2871721291,74.3991622925,15603800
2022-07-12,72.7832793787,73.8865865776,71.9840374984,73.4087753296,21013000
2022-07-13,72.4357834506,74.9812005123,72.3662890531,73.7041473389,19928600
2022-07-14,71.1066081078,72.3749720011,70.0988697468,72.2272872925,26343000
2022-07-15,73.6694175423,73.7389119531,72.0188043265,73.4435424805,17243700
2022-07-18,75.2157666245,76.3972575734,74.4947083812,74.7987670898,19395800
2022-07-19,75.0767639452,76.9011228097,74.9290792348,76.6839370728,18248900
2022-07-20,76.0845240829,77.8828220771,75.7978372624,77.5266342163,16584400
2022-07-21,75.5198316055,76.2756404251,74.0255925385,76.2322006226,21375700
2022-07-22,76.0584491083,76.857691044,75.2592005446,75.650138855,15479500
2022-07-25,76.5883827034,78.2998007708,75.9455081394,78.1694946289,17536400
2022-07-26,79.1685317257,79.2988444758,77.3181118835,77.8654174805,15141200
2022-07-27,78.4301021959,79.9243409347,77.6656108861,79.55078125,18047000
2022-07-28,80.080733308,81.0102880912,79.0643055468,80.4803543091,20353100
2022-07-29,82.0527745531,84.7198153257,81.7487158255,84.2072601318,29825800
2022-08-01,82.3481580285,82.8346520364,80.9929209335,82.0788497925,20793200
2022-08-02,82.2612639532,82.7043180419,81.5054552751,81.7226409912,16722500
2022-08-03,82.0267023188,82.0267023188,78.8731680051,79.0729751587,23580800
2022-08-04,78.4561785818,78.4822398115,75.0854581119,75.7457046509,31821500
2022-08-05,75.0246321603,77.917547407,74.9551311424,76.8403015137,17408000
2022-08-08,76.9793268766,77.8393806926,76.6405175967,77.2746963501,14458500
2022-08-09,78.2302941911,79.5855308797,78.143414606,78.6994094849,19083400
2022-08-10,78.7776041062,79.7419092269,77.4831790794,79.4465332031,18302000
2022-08-11,80.5605626678,82.7184408575,80.209694477,81.7447662354,18797900
2022-08-12,81.1219675754,82.4728248515,80.7974071329,82.4552841187,15058200
2022-08-15,79.4114607384,81.3412694151,78.6483149964,80.9816207886,20755200
2022-08-16,80.7272284121,81.4816070563,80.0781142388,80.2272338867,14038200
2022-08-17,80.0605691334,81.7623079883,79.7535561163,80.8763504028,13678000
2022-08-18,81.7096874687,83.6044013482,81.6570518801,82.7886199951,17770400
2022-08-19,82.5956279688,83.507893211,82.2798412724,82.5254516602,16128600
2022-08-22,81.9465159563,82.8851024344,80.5781112536,82.4640579224,16019900
2022-08-23,83.814921958,86.3236683766,83.7271982165,85.9640197754,23764700
2022-08-24,85.9727914205,86.8148871174,85.4026205768,86.4727859497,17050300
2022-08-25,86.7710310977,87.5955861178,86.0517405565,86.9201507568,15305700
2022-08-26,86.6394510021,87.6394468068,85.4552540736,85.8499908447,15531400
2022-08-29,86.1219077915,89.0867866965,86.0868196356,87.8236465454,23059200
2022-08-30,86.2797968018,86.5078664576,84.0517492061,84.4815673828,17086800
2022-08-31,82.4816013559,84.9464859826,82.0956382969,83.8500061035,18340900
2022-09-01,82.8237099922,83.3938809191,80.9553105194,82.3412628174,16423000
2022-09-02,84.5166677439,84.9026308029,83.4289615777,83.8500061035,18206800
2022-09-06,84.3500108217,84.7271934909,82.9026559832,83.2886123657,19201500
2022-09-07,81.744764875,82.9728169074,80.9640717863,82.578086853,16274700
2022-09-08,83.0342364208,83.7008914084,82.2096813613,83.2535324097,18759200
2022-09-09,84.6657874986,85.0868387173,83.6131694904,84.6482467651,17158000
2022-09-12,85.6570058823,87.0078698395,84.9815705576,85.6219177246,16118900
2022-09-13,84.7447349047,85.7710384348,83.2535249906,83.6219406128,18229100
2022-09-14,84.3763169338,86.4552383816,84.3412287766,85.6745452881,22655700
2022-09-15,84.4026346769,84.683333253,82.4991472483,83.1833496094,21092300
2022-09-16,83.3938687169,83.6307054128,80.7009145533,81.7623062134,37874700
2022-09-19,79.8324968726,82.0079088769,79.823723161,81.7535247803,15342100
2022-09-20,81.341260031,81.5166941212,80.38512617,81.0868759155,14712500
2022-09-21,82.0780931931,82.3500180471,79.7096994573,79.7798690796,17332400
2022-09-22,80.876355862,81.27986636,79.4026865884,79.4465484619,16139400
2022-09-23,76.7535696224,76.7535696224,74.429031604,75.21849823,27738800
2022-09-26,74.4729087037,75.6307910946,73.5869511591,73.6659011841,22043400
2022-09-27,75.0957234321,76.279920504,74.393973549,75.2097549438,17307300
2022-09-28,75.5430668638,78.332511453,75.3676260986,77.9465484619,19543300
2022-09-29,77.3500662506,78.3851433822,76.4290206015,77.7886581421,17896000
2022-09-30,77.3413080614,78.1044605151,76.5869293213,76.5869293213,21357600
2022-10-03,78.9816415612,81.0167080034,78.7009429723,80.6307449341,23881300
2022-10-04,81.7886232118,83.6482554493,81.3237168255,83.5693054199,22133700
2022-10-05,83.9903525916,87.7096101954,83.9114092585,86.9464645386,34857700
2022-10-06,86.376303498,89.6306551069,86.253498282,89.525390625,29124700
2022-10-07,89.6394005793,90.6306157083,87.8762595445,88.6218643188,24507600
2022-10-10,89.0253978936,89.4990780333,86.5956012781,86.7008590698,16786100
2022-10-11,85.2798174235,87.5078652697,84.8675399313,85.9640197754,17804100
2022-10-12,85.5254281371,86.7622606179,85.2885914346,86.3412094116,12635800
2022-10-13,85.569277701,89.8674727327,85.4376987997,89.3587112427,22019100
2022-10-14,88.7008309589,89.6832725616,86.8762869933,87.0078659058,15222000
2022-10-17,88.6569675872,89.4464343562,88.1569730822,88.2622375488,14283200
2022-10-18,89.0692496786,89.7797664615,87.0429571097,88.420135498,14065400
2022-10-19,88.8148823802,91.2183647308,88.7973416444,91.042930603,20921700
2022-10-20,91.5078192458,92.1043045333,90.7095854199,91.1657180786,17649000
2022-10-21,91.6218633687,93.3323761327,91.1481899123,92.8586959839,22814100
2022-10-24,92.6832489715,94.4551574071,92.2095688886,93.5077972412,17024200
2022-10-25,93.3411414182,94.1481489949,92.1657115196,92.8762283325,15719800
2022-10-26,93.2095715957,94.5867501767,92.981501887,93.9814910889,17383800
2022-10-27,95.0955041326,96.1218076282,94.227087305,94.3411254883,18214000
2022-10-28,96.016564595,97.5516366711,94.8411411891,97.1042709351,28169400
2022-10-31,96.0516283363,99.0428283763,95.9989994487,97.2007369995,26401800
2022-11-01,98.5691531883,98.7445872842,97.0603958718,98.1656494141,22213100
2022-11-02,97.876170226,98.3323028584,95.8849592479,96.1481170654,20654200
2022-11-03,95.2446235552,98.0866973409,95.0077801692,97.4551239014,17103700
2022-11-04,99.1217612944,99.5603531586,97.1919597692,98.5165023804,17541500
2022-11-07,98.6042492712,99.9901948012,98.358632148,99.6831817627,16008000
2022-11-08,99.5428221344,100.577899302,98.7708960952,99.9989547729,14661000
2022-11-09,99.2094993523,99.3673927246,95.235857292,95.5253295898,19522800
2022-11-10,96.6569004986,97.1042594895,94.3586761663,96.9288253784,20146700
2022-11-11,98.7533558363,100.437547161,98.6744058126,99.9550933838,20518900
2022-11-14,99.5925408596,101.369875715,99.4687470633,100.246887207,20858300
2022-11-15,100.627134184,101.27262958,99.804785652,100.918930054,19373800
2022-11-16,100.308805562,101.033886558,98.9116961383,99.8401565552,13591000
2022-11-17,98.4076745102,100.09657977,97.9301811694,99.9727859497,12425900
2022-11-18,98.0628142392,99.4599235622,96.9221368865,99.1062240601,15415000
2022-11-21,97.2581542115,98.328090386,95.0387030108,98.1247177124,20973000
2022-11-22,99.2211703393,101.219566728,98.5314600427,100.963134766,17719100
2022-11-23,99.3184367714,100.759754253,99.1239017163,100.459114075,11546700
2022-11-25,100.697881134,101.343383356,99.9728000502,100.105438232,7136000
2022-11-28,97.8505977404,98.5579900021,96.9309817286,97.0989837646,23015500
2022-11-29,97.806388488,98.8586427186,97.0813074983,97.7444915771,14453200
2022-11-30,98.6287268966,98.9470557615,97.0724531956,98.4518737793,23158100
2022-12-01,98.7171509832,99.0973767561,97.4261535733,97.9743881226,14398300
2022-12-02,96.8337115782,98.779048678,96.5595909283,97.143196106,15248400
2022-12-05,97.8859642707,98.46956948,93.6769609729,94.4816207886,19287700
2022-12-06,93.6415871617,94.6496263559,91.2099123649,91.8554077148,21197000
2022-12-07,91.7669804105,92.7131226555,90.5201979877,91.6520309448,20061700
2022-12-08,93.9776057135,94.4374171272,91.705095168,92.3329086304,21128800
2022-12-09,92.4832327716,93.6858071804,91.3425620236,91.5547790527,21298200
2022-12-12,91.8112108793,93.9422390029,91.5989871043,93.8096008301,20413200
2022-12-13,95.3216571894,95.975996899,94.6319401079,94.835319519,24305300
2022-12-14,95.4896666488,95.7637873326,93.5089586801,94.1367721558,17597300
2022-12-15,93.1375652345,93.8803280975,91.6962409825,93.2348327637,15365100
2022-12-16,91.6873995653,93.3586226836,91.1922175977,92.5804824829,54596600
2022-12-19,93.0756793497,93.9068654977,92.2975390245,92.99609375,13611100
2022-12-20,92.9960920681,95.0652299227,92.9076688726,94.3401489258,14680000
2022-12-21,95.7549235752,96.0201931153,94.7557288229,95.5515441895,13565400
2022-12-22,95.4012365262,95.6665128471,92.0499456204,93.6239013672,13213000
2022-12-23,94.5700449361,96.1528450468,94.5258367128,96.0997924805,11539400
2022-12-27,96.6214867071,97.6825851779,96.2324233394,97.4349975586,11962100
2022-12-28,97.1874041495,97.2669829883,95.4100692078,95.8345031738,10702100
2022-12-29,95.489657096,97.0194045781,95.489657096,96.5595932007,10534000
2022-12-30,96.0378954231,97.709118724,96.0378954231,97.5322723389,11799600
2023-01-03,97.0724641419,97.2846811603,93.2790503628,94.1809844971,15146200
2023-01-04,92.6689206437,94.7557403279,92.6335500181,94.4550933838,18058400
2023-01-05,94.0306416095,97.2227676701,94.00411533,96.5684280396,15946600
2023-01-06,97.3377337541,99.0266389341,96.9751899075,97.7356414795,16348100
2023-01-09,98.717156976,98.717156976,95.3304954385,95.914100647,17964600
2023-01-10,97.081295695,97.5587889833,95.5073400854,97.3465652466,15104600
2023-01-11,98.1424064636,98.5491585853,96.4623386591,98.4784240723,16710400
2023-01-12,98.8763205305,100.574070082,98.8055792793,100.114265442,15357300
2023-01-13,100.016989912,100.353000709,99.1769595461,100.052360535,12011400
2023-01-17,100.282274625,100.874717427,99.627928168,99.8578338623,16542200
2023-01-18,100.149625001,100.910076502,97.6206828919,97.8063735962,16399700
2023-01-19,97.3289048229,99.1504484486,96.8956264039,98.434211731,12928000
2023-01-20,98.4695710233,100.308803126,97.8063869548,100.229217529,16515600
2023-01-23,100.485637726,101.325668083,99.6013924053,99.7075042725,16584400
2023-01-24,96.5242351825,100.821661802,92.7308214466,100.635971069,13583000
2023-01-25,100.123126921,100.494508434,98.496111596,100.105438232,11914700
2023-01-26,101.440639056,104.146427973,101.104621468,104.128746033,21019700
2023-01-27,103.412501002,104.049158795,102.033080281,102.227615356,15179200
2023-01-30,101.767796066,102.121495562,100.052364641,100.414901733,18672100
2023-01-31,99.123911222,102.926169264,97.647222975,102.581314087,27861800
2023-02-01,102.422159364,103.792735861,100.22038318,101.458328247,19464900
2023-02-02,101.555587575,101.750122652,97.1166784286,98.2838821411,24562100
2023-02-03,98.9470702561,100.901251951,98.6464232857,98.9647521973,20226600
2023-02-06,99.353817495,99.9993128839,97.5499560003,98.7967453003,13855200
2023-02-07,99.3803302243,101.96232492,99.0531570297,101.617469788,16013300
2023-02-08,101.732439878,102.422150237,100.67134131,100.73323822,18459700
2023-02-09,101.352214401,102.784687691,100.96314425,101.113464355,17439300
2023-02-10,103.02342963,105.782270858,102.713945101,105.375518799,24918600
2023-02-13,104.894343989,105.304225927,103.272634236,104.965629578,14536200
2023-02-14,104.261722897,104.974558548,103.379578836,103.736000061,12079000
2023-02-15,103.112252068,103.441936041,101.704392188,103.424118042,13663400
2023-02-16,102.746916455,104.056760318,102.292486101,103.121162415,11360600
2023-02-17,101.748947996,101.748947996,98.8886798205,99.1559906006,20758300
2023-02-21,98.7372049954,100.13615261,98.7372049954,99.0579833984,14469400
2023-02-22,98.4431666819,98.8797790997,96.8036318182,97.7748794556,13973800
2023-02-23,98.665914346,99.6460674385,97.9263416277,98.6748199463,11289400
2023-02-24,97.4184424341,98.8708506563,97.1422124692,98.6837310791,14351000
2023-02-27,98.7283089937,99.1381910379,97.9798237144,98.5055465698,11710500
2023-02-28,99.1203553862,99.2272837853,97.3204381893,97.9352645874,18107000
2023-03-01,97.4006269768,99.6728061149,97.3382537784,98.8084869385,13200000
2023-03-02,98.5678990363,99.5302273385,98.1669226788,99.2629165649,10339900
2023-03-03,98.0600103872,101.018294763,97.9708999894,100.519302368,13006700
2023-03-06,99.7886445852,101.437085015,99.6817229821,101.410354614,14347400
2023-03-07,100.519291774,100.840070138,99.0579711404,99.4500350952,11525300
2023-03-08,99.1114468523,100.17179122,97.1867765143,97.9976348877,13509800
2023-03-09,98.7906809797,100.002509095,97.151146025,97.2402496338,12961200
2023-03-10,97.6233824132,98.9421386829,95.4759566231,96.0373153687,15795700
2023-03-13,93.8631552962,96.1086039443,92.4196593919,94.9324188232,20745600
2023-03-14,94.7631336515,97.1333291021,93.52457512,95.2888565063,18263500
2023-03-15,91.6177109849,92.8473568699,89.3009836023,90.5484542847,25733800
2023-03-16,88.311922079,90.601919167,87.3406745274,90.0227355957,27465200
2023-03-17,89.6395712964,90.5395331242,88.3386399445,88.9623718262,43199500
2023-03-20,88.7752654096,91.3147620997,88.6594314139,91.2880249023,32042100
2023-03-21,92.8206228576,95.591787289,92.7849800626,95.3779373169,31592300
2023-03-22,95.1640955004,95.5026918851,93.1681395961,93.1948699951,14952700
2023-03-23,93.8809686602,94.7541932962,91.2791059514,92.1434249878,14385900
2023-03-24,90.414813644,92.5355094708,89.9158279901,92.2503738403,13401600
2023-03-27,93.3285312221,94.878962388,92.5889652364,94.2730484009,14805900
2023-03-28,93.9522854533,95.9215045355,93.7295230214,95.4492492676,11047600
2023-03-29,96.2868068366,97.2669667256,95.7789088933,97.0887527466,14219100
2023-03-30,97.6144798632,97.6322978629,96.6966931262,97.5610122681,11578200
2023-03-31,97.7303347881,98.1669472529,97.1689759048,97.7125167847,14418000
2023-04-03,101.036103454,104.119133945,100.795523077,103.477577209,28087700
2023-04-04,103.593416403,103.985473558,101.731119419,102.488510132,16365500
2023-04-05,102.782568082,104.252801254,101.8558757,104.243888855,16479500
2023-04-06,104.128056383,104.413191982,102.265759192,102.515258789,15778000
2023-04-10,102.274671533,103.522142327,101.731130735,102.060821533,13006600
2023-04-11,102.435068689,103.53996837,101.918258252,102.782577515,11758500
2023-04-12,103.504327976,103.887472789,102.408333943,102.67565155,10919000
2023-04-13,102.11428812,103.26374298,101.695493699,103.156814575,12399700
2023-04-14,103.272659852,103.949859516,102.577642186,103.406318665,11530800
2023-04-17,102.907314385,103.816188767,101.953891604,102.203384399,13260400
2023-04-18,101.927161655,104.439921217,101.846970456,104.19934082,17436100
2023-04-19,103.433031796,104.163692144,103.156801817,103.869644165,10682600
2023-04-20,102.586532673,103.076612647,100.893543959,103.040969849,17038700
2023-04-21,103.798366507,104.145875309,102.702379301,103.370666504,14315300
2023-04-24,103.290460156,105.936878355,103.254817359,105.322052002,15831300
2023-04-25,104.74287523,104.912170018,103.032054961,103.825088501,12179800
2023-04-26,103.388468648,104.332978908,102.185553226,102.871658325,15566100
2023-04-27,103.023149242,104.261707547,102.363767695,104.101318359,16279200
2023-04-28,104.475567047,106.85466788,104.101327841,105.446807861,24381900
2023-05-01,103.352836143,104.520115685,101.980619011,102.176651001,17355000
2023-05-02,101.526194895,101.526194895,97.3828128423,98.1045608521,24324100
2023-05-03,97.1956830366,97.8461453776,96.019497945,96.1709747314,16212300
2023-05-04,96.1442608914,96.9016517524,94.3710739491,94.486907959,17177200
2023-05-05,96.7234299236,97.5075510685,95.8145555892,96.839263916,14968200
2023-05-08,98.4609703784,98.8797647338,97.1600389159,97.2224121094,11187800
2023-05-09,96.5363107355,98.2204007396,96.4204767344,97.2491531372,11370800
2023-05-10,97.7837776012,98.0243647913,95.0838985003,96.0016784668,14884800
2023-05-11,94.8878539042,95.1819018539,93.4978189394,94.2641220093,17165900
2023-05-12,94.727466003,95.3512047045,93.3641614157,94.2552108765,12613300
2023-05-15,94.8304407362,95.2079273314,93.9945736426,94.4349746704,13715600
2023-05-16,94.039534647,94.2013156408,91.6937136657,92.1431045532,14795200
2023-05-17,92.9250159618,94.5787774381,92.4396731434,94.2102737427,14064700
2023-05-18,93.9676097479,95.1899531518,93.5901163017,95.0641174316,12005600
2023-05-19,95.783144302,96.2145624397,95.1090581762,95.504524231,13359600
2023-05-22,95.1270359628,96.2055779371,94.2642064976,94.3451004028,12882000
2023-05-23,95.2618445175,97.2661301798,95.0461388882,95.6303482056,14394400
2023-05-24,96.5111620895,97.5267896477,95.9269595573,96.6999053955,16340300
2023-05-25,95.2169287571,95.657329839,94.1114243272,94.9652709961,14316500
2023-05-26,95.6932727279,96.1246840319,94.2192715344,94.3451004028,12370300
2023-05-30,92.8351681405,93.5811586416,92.2239962738,93.5092544556,11938000
2023-05-31,91.9363680476,92.6104542283,91.4420354389,91.8375015259,24926100
2023-06-01,91.4510247828,94.893359843,91.0106237334,92.8980636597,13551900
2023-06-02,94.5158700815,95.3876824156,93.9496333224,95.0551376343,14112000
2023-06-05,96.340376389,96.340376389,94.452930043,94.6326904297,10628000
2023-06-06,93.6080994435,95.5135119336,93.4553082263,95.4056625366,12209800
2023-06-07,95.9808836625,97.868323568,95.9269589632,97.5447616577,16027100
2023-06-08,97.7604542839,98.0930058855,95.1809559378,97.2391662598,13517100
2023-06-09,97.4818529119,97.6166715252,96.3134409294,96.5201568604,12251600
2023-06-12,95.1000733956,96.2235503306,94.8753780087,95.6483306885,14112000
2023-06-13,96.5111631902,97.3739926806,95.5225048277,95.6663131714,13533800
2023-06-14,96.5740806089,97.167279759,93.8238110949,94.51587677,16627700
2023-06-15,94.8214575408,96.1965922733,94.7675328398,95.1719818115,16224100
2023-06-16,95.5944035236,95.962900383,94.3361080175,94.488899231,43128900
2023-06-20,94.0844332169,94.165320248,91.7835551252,92.3228225708,17514100
2023-06-21,92.1251120776,94.0395143771,91.9723208545,93.3564453125,13285700
2023-06-22,92.430678351,93.374401589,92.2599145433,92.8441238403,12455300
2023-06-23,92.2059810893,92.4127038297,91.3341688861,92.0352172852,17933600
2023-06-26,91.8554754133,94.2911795474,91.8554754133,93.7339324951,14283400
2023-06-27,93.518222448,94.0215379186,92.8171670832,93.9676132202,13227500
2023-06-28,93.7518995749,95.1090616106,92.754251524,94.7315750122,13084100
2023-06-29,94.9652670676,95.9269631045,94.48890706,95.8999938965,11364400
2023-06-30,96.4572244244,96.9605398395,95.9988439674,96.3943099976,13544700
2023-07-03,96.6100311982,97.4818504377,96.2325445761,96.5830688477,7397000
2023-07-05,96.7358467542,96.9964942023,95.3607122078,96.0887298584,12491200
2023-07-06,94.4529327001,95.0191693627,92.0621777756,92.5025787354,17961400
2023-07-07,91.6037908288,93.4732576271,91.2802290039,92.7182846069,21929200
2023-07-10,92.5475319215,94.1473618904,92.3497988949,94.0934371948,14877600
2023-07-11,94.6057471528,95.4146519131,94.2012913441,95.2438812256,12576500
2023-07-12,96.1696155076,96.7538248237,95.3876731746,95.7112350464,13238200
2023-07-13,95.243883708,95.4775688353,92.8621111851,93.9586257935,26826800
2023-07-14,93.518218228,93.518218228,90.3545034941,90.7230072021,28181900
2023-07-17,90.5252694132,91.3791090542,90.0758786849,91.1184616089,18051300
2023-07-18,90.705039978,91.8554793612,90.1837449896,90.705039978,24617800
2023-07-19,90.8218851214,92.0352389326,90.5971897172,91.3341903687,15556500
2023-07-20,92.1610583981,93.1676961747,91.9992774493,92.9430007935,15740200
2023-07-21,93.6170873896,93.814813566,92.8081826417,93.3744125366,17121500
2023-07-24,93.7968486686,95.4146582974,93.4373346558,94.8394317627,15090900
2023-07-25,94.4259835841,95.3517274455,93.9586202143,94.9832305908,14116100
2023-07-26,94.4709289949,95.0191862874,94.0485005705,94.4529495239,15159600
2023-07-27,95.2708448132,96.1606366325,94.1383781341,94.7495498657,17677900
2023-07-28,94.4709280364,94.5158698561,91.9633267217,93.6170883179,17566400
2023-07-31,94.5428097112,96.9425542017,94.5428097112,96.385307312,24197000
2023-08-01,96.1246871922,96.4572388453,94.848418995,95.8280944824,14177400
2023-08-02,95.504509448,95.6123588229,93.9855667519,94.6326904297,13484100
2023-08-03,95.1719918508,96.9605654797,94.6417139493,96.2774963379,16280400
2023-08-04,97.0324390308,98.1828781246,96.466209218,96.5470962524,14279600
2023-08-07,96.9785240203,97.4458873773,95.7292182993,96.3493728638,12410800
2023-08-08,95.3068015331,96.8437172437,94.2282595005,96.8257446289,14065600
2023-08-09,97.7065418121,99.243457445,97.3470278194,98.4705047607,19919600
2023-08-10,99.036753248,100.330994175,98.3626670034,98.9738388062,15837200
2023-08-11,99.1985144201,100.726440193,98.9109046208,100.510734558,14047000
2023-08-14,100.375923377,100.645560584,99.567018614,100.591629028,12973400
2023-08-15,100.356025003,100.455701969,97.8369313055,98.0091018677,14909600
2023-08-16,98.1178330669,99.0692924806,96.3055346892,96.3599014282,13695100
2023-08-17,97.3385409125,99.8123311562,97.3385409125,98.2265701294,16709500
2023-08-18,97.5379022162,99.8576420245,97.5197822736,99.7126617432,16224000
2023-08-21,100.002639831,100.5644549,97.9909872279,98.5074920654,11092400
2023-08-22,98.9243219505,99.4227068537,97.8188186477,97.9547424316,10518800
2023-08-23,96.9942179864,97.2298187307,95.7981012353,97.0938949585,11435600
2023-08-24,96.4323876814,97.6556876106,96.1152368721,96.3689575195,10818500
2023-08-25,97.3476103865,98.7068342082,96.6136317351,98.0906524658,13579300
2023-08-28,98.2718806523,99.7126615145,98.2628241376,98.9152526855,10382100
2023-08-29,99.3683327123,99.6945400907,98.2447026349,99.5042495728,9665000
2023-08-30,100.075130189,100.709431929,99.6583023433,100.473831177,11922100
2023-08-31,100.691307683,100.963148311,100.238233055,100.754737854,17479800
2023-09-01,101.669934093,103.137898237,101.669934093,102.86605072,14843500
2023-09-05,103.39162686,104.959268087,102.847938699,102.87512207,18304000
2023-09-06,102.829828011,103.835647397,102.603290681,103.763160706,13325500
2023-09-07,103.890007749,104.97738403,103.029161856,103.255699158,13248500
2023-09-08,103.781275337,105.158626106,103.590984819,104.759918213,14283200
2023-09-11,105.276417543,105.729492157,102.911367506,103.445999146,14383600
2023-09-12,104.515255733,106.626585237,104.45182556,106.463478088,20145800
2023-09-13,106.39098983,106.889367784,105.022702487,105.512023926,13472800
2023-09-14,106.517853422,107.523679702,106.318499469,107.396812439,15210700
2023-09-15,106.835002928,107.387754549,105.566392536,105.747619629,34568400
2023-09-18,106.499726405,107.14309158,105.747620825,106.599403381,14045300
2023-09-19,107.487422392,107.686769412,105.666060534,106.318489075,12562900
2023-09-20,105.60262174,106.943718598,105.403267823,105.475761414,11879900
2023-09-21,106.001345184,106.354742848,103.844705486,103.989692688,14400600
2023-09-22,104.850525744,105.729491596,104.034990061,104.152793884,13197300
2023-09-25,104.28871505,105.702312598,104.05312122,105.321731567,11316000
2023-09-26,104.660241235,105.774807884,104.542444318,105.484840393,11805400
2023-09-27,106.825926029,109.190975937,106.381914868,108.919128418,23976200
2023-09-28,108.719790337,109.372211992,107.097782346,108.257652283,16808100
2023-09-29,107.92238021,107.994873813,105.774810794,106.545036316,18813600
2023-10-02,106.499715273,106.735316003,103.799394505,104.778030396,14395000
2023-10-03,104.605861413,105.512010575,104.234336939,104.959259033,13297100
2023-10-04,103.346320152,103.382560037,100.129487692,101.035636902,19622200
2023-10-05,99.4951931947,100.491956015,98.4984234611,98.7612075806,20128800
2023-10-06,95.8071570072,98.1087698685,95.2453420199,97.1120071411,25367500
2023-10-09,100.075123042,101.552143797,99.2414604978,100.510070801,22369900
2023-10-10,100.600695208,100.990339695,99.785166345,100.084190369,13892000
2023-10-11,96.9217256159,97.1120161341,94.9916301492,96.4958343506,57939000
2023-10-12,97.492605013,97.7191423499,96.1333809912,96.477722168,31183000
2023-10-13,97.8912984894,99.8576406247,97.7191279264,99.5586166382,30276500
2023-10-16,100.129496017,100.292603165,98.8880690077,99.631111145,18452000
2023-10-17,99.4317623005,101.30749101,99.3864520718,100.935966492,19775400
2023-10-18,101.325609796,102.748263855,101.216869396,102.349555969,23380300
2023-10-19,102.141138515,103.273825011,100.881591685,102.412979126,20972500
2023-10-20,102.322363351,102.684824405,100.392268094,100.655052185,22445300
2023-10-23,100.247272882,100.546303745,98.4802848944,99.1780166626,18185000
2023-10-24,99.4045595901,99.5132999776,97.9728491786,98.2175064087,16786100
2023-10-25,98.33532013,99.2233494961,97.981922452,98.3987503052,22047300
2023-10-26,97.3657470492,98.1722194355,96.504907913,97.5016708374,18768300
2023-10-27,98.6705934714,99.5495593695,95.1094265632,95.6440582275,23092000
2023-10-30,95.8162167495,96.4323984966,95.3359587682,95.9430770874,19379900
2023-10-31,95.6712439171,96.1968121657,94.7288478237,95.9159011841,22185200
2023-11-01,96.5320811271,97.1120161098,95.5625016797,95.7256088257,28984900
2023-11-02,95.9430692924,98.9424276731,95.598735105,98.869934082,25212700
2023-11-03,98.2265794243,98.5709136482,96.5411412776,97.6647644043,30555600
2023-11-06,98.0181678619,98.108781409,95.843408165,95.9340286255,19097300
2023-11-07,94.6654103037,95.0188079471,93.5961539455,94.4298095703,20272500
2023-11-08,93.9948577191,95.0550506031,93.233688811,93.2699356079,19184100
2023-11-09,93.9404842316,94.2123317521,93.2065056049,93.2971191406,18380500
2023-11-10,94.1760847293,94.6110393784,93.2518156059,94.0129776001,17825500
2023-11-13,94.2848348022,95.2725341933,94.0673539987,95.0006866455,15308400
2023-11-14,95.3756166445,95.851119991,94.9824091367,95.3664703369,18260500
2023-11-15,95.0647011837,96.1528815174,94.6440617464,94.7903747559,20137600
2023-11-16,94.0953927004,94.4337292925,92.4951309435,93.6930389404,22469100
2023-11-17,94.241712535,96.4089270007,93.9582397861,95.9791412354,22984900
2023-11-20,96.3632028621,96.820420576,95.4944919964,95.5585021973,17458800
2023-11-21,95.2933104048,95.7413817889,94.3880213293,95.5219192505,14989000
2023-11-22,93.8027774316,95.2110086711,93.217539381,95.1104202271,18072000
2023-11-24,95.1195705393,96.4455061013,95.0189890603,95.6225128174,9480800
2023-11-27,95.192725295,95.4670587101,94.3514463877,95.064704895,18013500
2023-11-28,95.3207389599,95.9334159468,94.9915416757,95.0098342896,20629500
2023-11-29,95.3481735422,95.6316532527,92.943211016,93.5833129883,26802100
2023-11-30,94.2874326527,95.5402116357,93.0986638673,93.9490890503,29254700
2023-12-01,93.729632446,95.3024625165,93.4735916395,94.1777038574,17845300
2023-12-04,93.3912854841,94.516044103,92.8974895278,93.6656188965,21523900
2023-12-05,93.5193053406,93.5833155396,91.7087271545,91.8458938599,22250300
2023-12-06,91.4435390168,92.1019336139,89.9255729203,90.6296920776,31154800
2023-12-07,91.3154995517,92.21164214,89.6969453422,89.9987106323,29990700
2023-12-08,90.547379264,91.2514983436,90.3004848057,91.0320358276,22074900
2023-12-11,91.260660366,91.3155242603,90.1450480048,91.0960617065,22252300
2023-12-12,90.2364845452,90.2364845452,89.1391648681,89.6603927612,26084000
2023-12-13,89.6512472375,90.5565363279,89.3037642979,90.455947876,19915400
2023-12-14,91.3063750975,93.400433042,91.1875010047,92.8883514404,26165700
2023-12-15,91.983053181,92.3579750423,91.7270123862,92.2665328979,55527000
2023-12-18,93.3912794909,94.2874292008,92.833473371,92.9523544312,21610400
2023-12-19,93.2724147268,94.3605951311,93.0803841219,94.1777038574,18904700
2023-12-20,94.6440443597,95.0463980852,92.4768303976,92.604850769,20988900
2023-12-21,92.787765157,93.2815611315,92.1842344182,93.0255203247,19250900
2023-12-22,93.5558854686,94.1319842475,93.1078140668,93.1901168823,12927800
2023-12-26,93.9490809282,94.2142680028,93.3821355062,93.4004211426,16835100
2023-12-27,93.3089926584,93.7753566839,92.6688836678,92.9615097046,14558800
2023-12-28,92.7146063921,92.9157833002,91.562415813,91.6172866821,16329300
2023-12-29,91.7818840714,91.9830540001,91.096057518,91.4252548218,17746400
2024-01-02,92.2848115433,94.2782808356,92.2208013495,93.601600647,23483000
2024-01-03,93.519305558,94.7537989328,92.9615063809,94.3880233765,23490800
2024-01-04,95.1744335093,95.6225048802,93.3181308532,93.5650253296,19395200
2024-01-05,94.3423067383,94.5526299682,93.3912930025,93.8485107422,15827400
2024-01-08,92.1110825716,92.3945553182,90.4376640851,92.2848205566,23370100
2024-01-09,92.6231649371,92.6231649371,90.7028519419,91.1417770386,19496600
2024-01-10,91.2606521697,91.2606521697,89.76097873,90.2456283569,18206100
2024-01-11,90.5656766553,90.9863160733,90.1267446236,90.2273330688,15833400
2024-01-12,91.5715568414,92.0379208307,90.6845534216,91.3978118896,18041700
2024-01-16,91.2789446059,91.4526895706,89.184886628,89.331199646,20235700
2024-01-17,88.334455893,89.578088562,88.3161702552,88.6819458008,18384000
2024-01-18,88.700233532,88.782529369,87.6211994842,88.5173492432,20940300
2024-01-19,88.44419426,88.7185206979,88.1607215144,88.654510498,20088400
2024-01-22,88.4258945202,88.7916700512,87.5754693756,88.5356292725,19955900
2024-01-23,88.5264870204,90.0718850471,88.4533374921,89.532371521,15863400
2024-01-24,89.907282666,91.1234833469,89.3769084926,91.0777587891,17330600
2024-01-25,91.727009046,93.4370056867,91.0960533895,93.3912811279,22089500
2024-01-26,93.2449689965,94.2599927413,92.5317105762,94.1868362427,20817200
2024-01-29,94.1685653619,94.3697352999,93.1443951502,94.3057250977,18317500
2024-01-30,93.6473375495,95.905987245,93.3638578166,95.8785552979,19610900
2024-01-31,95.7779680146,95.9059884207,93.9765290443,94.0131072998,22415300
2024-02-01,94.7080699535,95.1104237444,92.9249237922,93.6290359497,19240700
2024-02-02,94.8726737717,95.1012826241,92.9157825527,93.2449798584,21973400
2024-02-05,92.7694746398,93.6198998968,91.9007637433,92.8609237671,17190900
2024-02-06,93.3364084511,94.2234117862,92.8791908126,93.5010070801,13347900
2024-02-07,93.5010189817,93.9399510402,92.5225733897,93.4735870361,13826800
2024-02-08,93.5833183268,95.4853456909,93.3730020853,95.0738525391,19636900
2024-02-09,95.1927085707,95.8693887053,92.9980625652,93.0620727539,20410500
2024-02-12,93.4187181112,94.5526159845,93.2724051073,94.3422927856,18173100
2024-02-13,94.8406923784,95.145255223,92.8471517147,93.5301208496,18917400
2024-02-14,94.019269398,94.7114697529,92.6810111538,93.0686416626,17651300
2024-02-15,92.8471365392,95.9297390152,92.8471365392,95.7359237671,23196300
2024-02-16,95.994344098,96.5665585331,95.5421014775,95.7359237671,20151400
2024-02-20,95.8374459149,96.0958733031,94.7391594409,94.831451416,17650000
2024-02-21,95.0806444958,96.8896010833,95.0529576063,96.7696151733,20991300
2024-02-22,96.1327950427,97.2864623774,95.4775058002,96.6865539551,20470700
2024-02-23,95.8743663193,96.0681815839,94.9514324643,95.8374481201,15975900
2024-02-26,95.7266970316,96.8526774198,95.1083330616,96.2158508301,13360800
2024-02-27,96.6127181796,97.0464982269,95.8466813745,96.0128097534,16360000
2024-02-28,96.4188903849,97.3049059436,95.985110394,96.2804489136,14810500
2024-02-29,96.6127149089,96.9726585442,96.1881661864,96.4650421143,17566100
2024-03-01,97.5725639113,98.1909278765,97.2587627531,97.6833114624,18460100
2024-03-04,97.517207429,97.6925600966,96.0128205394,96.3173904419,18138000
2024-03-05,96.4742688117,98.0801716491,96.280453559,97.4987258911,19952700
2024-03-06,98.403206795,99.2799911107,97.9694267713,98.5416412354,20472800
2024-03-07,98.384735028,99.6583880925,98.384735028,99.0953979492,15195400
2024-03-08,98.9661891928,100.046019991,98.541633471,100.027557373,16281500
2024-03-11,99.9075844246,100.71053937,99.0677112819,100.618240356,17577300
2024-03-12,100.65515991,100.858206477,99.7045392048,99.9721908569,14957200
2024-03-13,100.728999843,101.845748957,100.701312954,101.088943481,17122200
2024-03-14,101.365821797,102.953269073,101.236611627,102.879432678,22121000
2024-03-15,102.307216577,103.645474894,102.307216577,102.694847107,38264400
2024-03-18,103.174763856,104.162302678,102.537937321,103.645462036,16770500
2024-03-19,103.571632481,104.743755313,103.423959693,104.374580383,14878800
2024-03-20,104.033113793,104.660709148,103.488579113,104.282302856,16119700
2024-03-21,104.21768715,105.131396718,103.894661715,104.743759155,14878000
2024-03-22,104.734534887,104.928350147,104.125395175,104.743759155,14701900
2024-03-25,105.057563713,106.857281936,105.057563713,105.814369202,14011700
2024-03-26,105.82359245,106.118930983,104.669925205,105.020637512,13152300
2024-03-27,104.734541166,106.192771364,104.669936075,106.109710693,12415700
2024-03-28,106.626540056,107.475637456,106.192760046,107.281822205,18482100
2024-04-01,107.438718074,108.204747713,106.488090425,107.974014282,13817000
2024-04-02,108.832356717,110.382885849,108.287829131,110.087547302,19919600
2024-04-03,110.27213117,110.521320192,109.579930834,110.106002808,16504300
2024-04-04,109.875273121,110.641302833,109.496866878,110.493637085,18467400
2024-04-05,110.733609597,112.736374419,110.419808417,112.016487122,21720600
2024-04-08,111.748827867,112.357960523,110.945872914,111.259674072,17513900
2024-04-09,111.674989494,112.27489787,111.065849807,111.841117859,14132300
2024-04-10,111.878045227,113.031712568,111.425809601,112.782516479,17409200
2024-04-11,113.234740266,113.234740266,111.065840393,112.404098511,17555900
2024-04-12,113.474707858,114.213057714,110.447486122,111.093544006,21556200
2024-04-15,111.758043734,112.311809613,110.244432956,110.456710815,15029500
2024-04-16,110.345954737,110.95509438,108.83234398,109.543006897,18082200
2024-04-17,109.4138034,110.152146206,108.094007801,109.487632751,14538600
2024-04-18,109.829127371,110.493640865,108.878506639,109.386116028,13821400
2024-04-19,109.976797579,111.610387346,109.78297528,110.641304016,21572400
2024-04-22,110.069088281,112.201063131,109.303051528,111.26889801,16340700
2024-04-23,110.752061758,111.730369384,110.244445325,111.702682495,13929800
2024-04-24,111.028945241,111.914960894,110.189072055,111.72114563,12101200
2024-04-25,111.702685503,112.376430328,110.198305825,111.979568481,16041000
2024-04-26,109.829130019,109.921421998,107.263374999,108.869277954,27289500
2024-04-29,108.684694297,110.7982137,108.684694297,110.419807434,17309900
2024-04-30,109.930648323,110.936642811,108.887735637,109.155380249,21083300
2024-05-01,109.164613842,109.339973526,106.74653168,107.088012695,27777700
2024-05-02,107.300284824,108.223218617,106.968028095,107.281822205,25513600
2024-05-03,107.060325623,107.12493071,105.334436804,107.060325623,28023300
2024-05-06,107.678696557,109.219994482,107.429507502,107.752532959,31401300
2024-05-07,108.241681262,108.518564235,106.995721968,107.217224121,30122000
2024-05-08,106.792675466,107.937111475,106.515799535,107.198768616,18957200
2024-05-09,107.244909503,109.395347043,107.235685235,109.312286377,17564000
2024-05-10,109.404581286,109.515335885,108.51856562,108.869277954,13648100
2024-05-13,109.293826577,109.866048108,108.094016778,108.823135376,15060600
2024-05-14,108.664950432,109.548856335,108.376519324,109.483726501,15079100
2024-05-15,109.427910531,110.572335849,108.004353277,110.330429077,18244300
2024-05-16,110.293201621,111.000330592,109.36277138,109.669815063,15745200
2024-05-17,110.069915253,111.493472579,109.753565237,111.316688538,15104500
2024-05-20,111.400430322,111.549295488,110.302522211,110.414169312,11551300
2024-05-21,110.162961793,111.139909463,109.586092384,109.651222229,14495000
2024-05-22,109.288361938,109.288361938,106.962285768,107.446113586,17879300
2024-05-23,107.557732045,109.334857173,105.473570339,105.613136292,15979800
2024-05-24,106.850613018,107.073921403,105.175842725,105.529403687,12212900
2024-05-28,105.622451799,107.101839769,105.203760974,106.869232178,13978300
2024-05-29,106.562181171,106.580793752,104.961839918,105.72479248,13902000
2024-05-30,105.389842431,106.190013099,105.101411295,106.059753418,14683700
2024-05-31,106.18072111,109.316267053,106.059760613,109.102272034,29037400
2024-06-03,108.209048962,108.264872509,105.845755099,106.487747192,19589300
2024-06-04,105.138632473,105.222367799,103.203335587,104.831588745,19412200
2024-06-05,105.036272573,105.315404493,103.724369584,105.250274658,14863500
2024-06-06,104.906011644,106.106267529,104.310536847,106.041137695,13154100
2024-06-07,105.873669526,106.906447774,104.831584987,104.906021118,13289200
2024-06-10,105.194445891,106.27374843,104.85949042,105.213058472,15239700
2024-06-11,104.664100933,104.831578669,103.566192911,104.366363525,12462400
2024-06-12,105.417753544,105.417753544,102.849763984,103.212631226,13606800
2024-06-13,103.128884305,103.147496885,102.08680698,102.384544373,14466900
2024-06-14,102.365929137,102.54271315,101.035413646,101.519241333,13313400
2024-06-17,101.575088025,101.8449137,100.65396389,100.82144165,21147900
2024-06-18,101.444812856,103.01724231,101.230817866,101.770462036,17762900
2024-06-20,102.263588545,104.785053581,101.965844061,103.966270447,17433200
2024-06-21,104.115148557,104.859488514,103.054458618,103.054458618,52212500
2024-06-24,103.873244754,106.562187924,103.873244754,106.115585327,16266700
2024-06-25,106.171408568,106.580800197,105.566627417,106.413322449,14188900
2024-06-26,106.431926053,106.832011383,105.268888128,106.450538635,15771800
2024-06-27,106.990183688,106.990183688,106.171407538,106.906448364,16812700
2024-06-28,107.799653816,108.432346696,106.701745792,107.11113739,24565900
2024-07-01,107.66008773,108.618429791,106.562179707,106.962265015,11972900
2024-07-02,107.836867659,107.874085721,105.594527344,106.236526489,13326700
2024-07-03,106.32026812,107.613572779,106.32026812,106.776184082,7732900
2024-07-05,106.63661887,106.655224353,104.850194371,105.482887268,12631000
2024-07-08,104.571068542,105.650371176,103.668549948,104.375679016,13350500
2024-07-09,103.380118174,104.710633877,102.924209284,103.221946716,11727000
2024-07-10,103.203335797,104.170984241,102.738120608,104.133766174,10004100
2024-07-11,103.67785573,105.43636855,103.212640548,105.371238708,13082700
2024-07-12,106.05974246,106.208614708,104.794356749,105.389831543,11684900
2024-07-15,106.320270841,108.078790698,105.67827874,107.194877625,13032500
2024-07-16,106.394703094,108.255563689,105.799228272,107.967132568,13614100
2024-07-17,108.618437071,109.958259046,108.441660132,109.455825806,13602800
2024-07-18,109.744254275,111.577203156,109.269739919,110.535125732,13033600
2024-07-19,110.339722045,110.609547674,107.808957679,107.995040894,16157700
2024-07-22,107.166966581,107.874095626,106.608709798,107.250701904,12065900
2024-07-23,106.822692469,107.15764792,105.296787459,105.520095825,11251700
2024-07-24,105.855042851,107.185558348,105.203744537,107.008781433,14925200
2024-07-25,107.157654937,109.818686137,106.590091891,109.260429382,17021700
2024-07-26,108.646335527,109.818679612,108.367210716,109.167381287,11252500
2024-07-29,109.158090664,109.223220506,107.353053476,108.022964478,8861800
2024-07-30,108.264875075,110.349037052,108.143921686,109.948951721,12483900
2024-07-31,111.316683994,111.428338189,110.311817535,110.339729309,15137700
2024-08-01,110.116423715,111.17711368,108.26486942,108.813819885,15051500
2024-08-02,107.902007457,110.600256858,107.390267932,108.748695374,20403800
2024-08-05,107.501919633,107.957828501,105.371233356,106.785484314,18025900
2024-08-06,106.487744565,107.585652598,105.724792006,106.217926025,13647800
2024-08-07,107.418184778,108.972008911,107.241407833,107.63218689,13660700
2024-08-08,108.004354164,109.893126594,107.678704969,109.688430786,13851000
2024-08-09,109.688422327,111.009631587,109.195295427,110.581634521,12151900
2024-08-12,111.232953839,111.809816126,109.809389406,110.721214294,13228900
2024-08-13,110.051286194,110.26528827,109.325551752,109.660507202,11585100
2024-08-14,109.883810698,111.558587981,109.446507346,110.674674988,12194500
2024-08-15,110.909169725,112.203498263,110.787242558,111.359375,11579400
2024-08-16,110.665303257,111.124889726,110.355794748,110.834129333,10056000
2024-08-19,111.049856284,113.019489103,110.834131289,111.171783447,12417500
2024-08-20,111.284333613,111.284333613,107.401341052,107.466995239,15632000
2024-08-21,107.870302342,108.395535842,106.697901026,106.782310486,11752400
2024-08-22,106.716652016,107.870298014,106.585343646,107.607681274,10609500
2024-08-23,107.889042034,109.474130675,107.889042034,109.098960876,10381400
2024-08-26,110.449582052,111.55632915,109.661724669,111.434394836,13671000
2024-08-27,111.575079957,111.997148695,110.111925504,110.374542236,9991600
2024-08-28,109.736765321,110.28076126,109.042705732,109.286560059,10742900
2024-08-29,109.924341133,111.415639282,109.127109694,110.796607971,10753900
2024-08-30,109.539805146,110.693444081,109.0708446,110.618415833,13284700
2024-09-03,108.648791717,108.883272024,106.960537798,108.301765442,15725100
2024-09-04,108.132924668,108.939537388,106.904250315,106.979278564,12620600
2024-09-05,107.926567291,108.123529839,106.050725324,106.144515991,17200800
2024-09-06,106.538437201,107.091814282,104.793910818,105.647415161,13467700
2024-09-09,105.86314985,108.939529701,105.666187291,107.870300293,21645300
2024-09-10,107.95471553,108.236094719,103.330764292,103.940414429,20913400
2024-09-11,103.902893062,104.062337923,101.07974869,102.908699036,19571900
2024-09-12,103.077529658,104.418757109,102.946221278,104.324966431,15919500
2024-09-13,104.550058149,105.487979177,104.043579935,104.249923706,10035400
2024-09-16,105.094064769,106.06949644,104.756412592,105.713088989,11729000
2024-09-17,105.347286136,107.270027043,105.159704798,107.091819763,12202600
2024-09-18,107.026171202,108.451808045,106.744792026,107.466995239,12569900
2024-09-19,108.948906549,110.280752648,108.039122036,108.798835754,12660600
2024-09-20,108.292365924,108.339264839,107.157482287,108.11415863,36206200
2024-09-23,108.170445989,110.477731117,107.973483409,110.074424744,16066300
2024-09-24,110.524604534,110.824746117,109.577309499,109.783653259,11984900
2024-09-25,109.258420347,109.783660997,106.960516653,107.645195007,13816000
2024-09-26,104.240548184,106.435287231,104.240548184,105.79750061,16887900
2024-09-27,106.69790499,108.883255687,106.219563231,108.630020142,15964000
2024-09-30,108.292372054,110.102560108,107.823411492,109.943115234,13247600
2024-10-01,108.836358628,113.113276292,108.733186741,112.484870911,23235900
2024-10-02,114.360732157,115.195481452,112.738125333,113.97618103,17129700
2024-10-03,114.332580813,115.523737433,113.422796222,114.970367432,16524300
2024-10-04,115.551872558,117.418340633,114.829676485,117.080688477,19752300
2024-10-07,117.474612729,118.49694325,117.108824088,117.587165833,15714400
2024-10-08,116.189653693,116.320962064,113.732305194,114.463882446,14818500
2024-10-09,113.394659124,114.970366812,113.300868448,114.510780334,11144900
2024-10-10,115.514352637,116.020823675,114.698358799,115.49559021,10243300
2024-10-11,115.458082505,116.330349388,115.308018855,115.936424255,8294800
2024-10-14,115.589385656,116.546069114,115.007879198,116.377243042,9808100
2024-10-15,113.319615827,114.37946399,112.344177121,112.878791809,15771300
2024-10-16,113.385281139,113.901140606,113.113283162,113.169563293,8426800
2024-10-17,113.263342857,114.032437797,112.278522937,112.878791809,11204900
2024-10-18,112.963212339,113.150793685,111.753293339,112.559906006,12898600
2024-10-21,113.469694975,113.938655513,112.287912415,112.625564575,10177800
2024-10-22,112.794388995,113.66665587,112.494254542,113.207069397,9201400
2024-10-23,112.522392315,113.253969607,111.987777589,112.803764343,8320300
2024-10-24,112.550536208,112.963223797,111.734542244,112.165985107,9905600
2024-10-25,112.738104773,112.953829758,111.912736844,112.072181702,10714600
2024-10-28,109.539807596,111.621993611,109.521045167,111.518821716,11844500
2024-10-29,111.218666845,111.772036765,109.802404221,109.99936676,14731000
2024-10-30,110.3558067,110.927932022,109.24905945,109.446022034,12303700
2024-10-31,109.877459412,111.30309635,109.436635346,109.530426025,20512000
2024-11-01,112.484883992,112.503639266,107.710861609,107.814033508,20939300
2024-11-04,108.864490703,111.331220369,108.733182335,111.246810913,14965400
2024-11-05,111.687641604,111.809568766,110.684066356,111.575088501,10436700
2024-11-06,113.629146327,114.341968389,111.893993667,113.488456726,20807700
2024-11-07,113.76981708,113.957398412,112.184728343,113.629127502,12184400
2024-11-08,113.469686615,113.882366992,112.231631171,113.59161377,12836000
2024-11-11,113.488452933,114.069966591,112.616186025,112.991355896,11969700
2024-11-12,113.61036905,113.779195117,112.400450092,112.878791809,11972800
2024-11-13,113.085145104,114.47327146,111.425027929,113.929275513,15127900
2024-11-14,115.045117637,115.253149758,113.787430538,114.004920959,13041800
2024-11-15,113.853629661,114.647953837,112.652677881,112.822891235,19051700
2024-11-18,113.276785497,114.061658514,112.785054869,113.768508911,14239700
2024-11-19,113.238969084,113.238969084,111.77324259,112.179862976,11584400
2024-11-20,112.690503191,113.919822653,112.189321433,113.77797699,11360900
2024-11-21,114.496640309,115.886714627,113.730676721,115.300422668,14675400
2024-11-22,115.19639747,116.510819753,115.026184149,115.168029785,13323400
2024-11-25,114.827614687,115.253144425,113.10657192,113.446998596,26580300
2024-11-26,113.030917781,113.172763429,111.442262395,111.555740356,14827300
2024-11-27,111.66921691,112.27442552,111.045106126,111.26260376,11079100
2024-11-29,111.054571705,112.05693523,110.591208719,111.546295166,9426500
2024-12-02,111.631398317,111.773236758,110.468272598,111.442268372,12687300
2024-12-03,112.264961271,112.264961271,110.884345208,111.27204895,11756600
2024-12-04,111.111307146,111.158591439,107.669221272,108.066383362,19520600
2024-12-05,108.472998521,109.333523556,107.858338813,108.5391922,15751200
2024-12-06,108.312234087,108.529724491,107.328780082,107.394973755,16171100
2024-12-09,108.406788949,108.690480223,106.619552678,106.761398315,17412600
2024-12-10,107.413898595,107.688131625,105.673946254,106.543922424,20990900
2024-12-11,105.910353522,106.279147926,105.06874504,105.834701538,32392200
2024-12-12,105.522629939,106.269676959,104.756673532,105.740127563,14543300
2024-12-13,105.815793925,105.815793925,104.255505998,104.813423157,13106100
2024-12-16,104.208221203,104.397351166,102.27914609,102.572288513,20256100
2024-12-17,101.409160868,102.288595337,100.983631086,102.137298584,17554000
2024-12-18,101.72120936,102.912702727,100.529715994,100.633735657,17114500
2024-12-19,101.551002126,101.815776842,99.4895325582,99.773223877,20565600
2024-12-20,99.7164781841,100.368963868,99.139644478,100.113647461,40141200
2024-12-23,99.5840867165,100.803947756,99.2152923576,100.520263672,12285100
2024-12-24,100.728293132,101.361869386,99.9528784475,100.614822388,7807000
2024-12-26,100.728303602,101.210575961,100.179844779,100.699935913,9652400
2024-12-27,100.52026213,102.11836859,100.019073216,100.690475464,11943900
2024-12-30,100.520268328,100.766126435,99.7732212746,100.009628296,11080800
2024-12-31,100.397325983,102.033265646,100.028531629,101.721206665,12387800
2025-01-02,102.392602142,103.073455479,101.068721455,101.475341797,12685400
2025-01-03,102.127824966,102.59118067,101.617184976,101.995437622,14237900
2025-01-06,102.354779669,103.811047754,101.673926309,101.881965637,15623700
2025-01-07,103.016715389,104.075814119,102.392597453,102.837043762,12625900
2025-01-08,101.475348652,101.853601334,100.246036457,101.116012573,17858100
2025-01-10,102.789768147,104.113648886,100.028535919,100.747215271,19304500
2025-01-13,101.305134268,103.669204483,101.305134268,103.347694397,17073400
2025-01-14,102.87486867,103.792128963,101.967066676,103.754302979,11191200
2025-01-15,104.066374813,105.655030302,103.517908786,105.446990967,14521100
2025-01-16,105.144397292,105.617211371,104.539195847,105.267326355,10366600
2025-01-17,104.99308296,106.733042353,104.794501932,106.212944031,19298500
2025-01-21,105.957630453,106.080559507,105.087647126,105.409164429,20416300
2025-01-22,105.153835467,105.50372044,103.451709318,103.574638367,15718000
2025-01-23,104.312231189,105.097104227,103.650294419,104.160934448,13726800
2025-01-24,104.246032304,104.690478634,102.515538487,102.751945496,14235900
2025-01-27,103.082915306,104.444614786,102.49662332,104.179840088,15926700
2025-01-28,104.406805952,104.841794029,101.929257639,102.165664673,15862000
2025-01-29,101.853603816,102.865425615,101.626655088,102.761405945,12345500
2025-01-30,103.300413524,103.877247253,102.789773475,103.612472534,14346300
2025-01-31,104.53919162,104.53919162,100.331142155,101.021453857,20376500
2025-02-03,100.841773734,101.465891704,99.5935450083,101.267303467,14623200
2025-02-04,100.907970965,104.283862902,100.737757623,103.981262207,14835700
2025-02-05,103.773229399,104.028553035,103.16802797,103.90561676,13364400
2025-02-06,104.747220619,105.012002545,102.118375676,102.534454346,13411400
2025-02-07,102.865424606,103.763775639,102.430436541,102.969444275,10051600
2025-02-10,104.028561008,104.993098604,103.905624724,104.93636322,12142200
2025-02-11,105.532095811,106.392620855,104.794507038,105.59828949,12713100
2025-02-12,104.997218552,105.168954407,102.258987773,102.421180725,18244100
2025-02-13,102.230366464,103.432517452,101.629287331,103.165367126,15460000
2025-02-14,103.537460124,105.168954387,103.136745555,103.270317078,15733500
2025-02-18,103.642411486,105.894056157,103.346647008,105.083084106,20060300
2025-02-19,105.674611904,106.981705615,105.006747055,105.235733032,10964700
2025-02-20,105.493337374,107.258395832,104.901801161,106.857681274,16325800
2025-02-21,106.208905719,106.714570384,105.483797962,105.607833862,14710000
2025-02-24,105.836807955,106.724108626,105.254814651,106.161193848,13153500
2025-02-25,106.189825232,106.981711456,103.890473384,104.69190979,14497000
2025-02-26,104.701431031,104.825466911,103.537444552,104.434288025,10446400
2025-02-27,104.959049333,106.180278788,104.262563042,105.09262085,15293200
2025-02-28,105.054458206,106.456966434,104.319807573,106.218444824,18821700
2025-03-03,106.571450601,107.010336761,101.619747012,102.812355042,18706900
2025-03-04,101.476640411,103.957263847,101.075925829,102.602462769,19394900
2025-03-05,100.980513366,101.448020999,98.9101473728,100.598884583,24822200
2025-03-06,100.589328085,103.146279894,99.5684559419,102.678779602,17150200
2025-03-07,103.432517431,105.331147463,103.327567337,104.014503479,19625000
2025-03-10,104.26256814,107.401513495,104.071753758,106.666870117,22749100
2025-03-11,106.781352243,106.953088092,103.795064316,104.148078918,19904700
2025-03-12,104.043132045,105.073539896,103.442052913,104.11945343,14051500
2025-03-13,103.356186612,105.731859828,102.688321731,103.68057251,17767800
2025-03-14,103.938188092,107.029426387,103.337108924,106.762283325,15890100
2025-03-17,106.666871857,109.242902453,106.600086095,108.536880493,19908800
2025-03-18,108.85172217,109.281065451,107.401513935,108.422386169,15998700
2025-03-19,108.956671106,110.502293796,108.603663774,110.111122131,17315000
2025-03-20,109.45279861,111.122449895,108.966212482,110.578620911,16230800
2025-03-21,110.196983337,110.664483653,109.09978248,110.196983337,41102800
2025-03-24,110.368722336,111.542251888,110.273315146,110.483215332,14207500
2025-03-25,111.084280807,112.238724488,110.63585903,111.236930847,12081800
2025-03-26,112.27689807,113.7080278,112.27689807,112.839805603,14110800
2025-03-27,112.677614066,113.603079135,111.876184901,112.477256775,12740800
2025-03-28,112.677607545,113.021079247,111.857092621,112.32460022,10233400
2025-03-31,112.381832193,114.404497878,112.381832193,113.469490051,21652300
2025-04-01,113.746198759,113.803441623,112.515426246,113.574462891,12425400
2025-04-02,112.95429251,113.383628494,112.257813488,113.221435547,12614600
2025-04-03,109.118866694,110.149274498,107.077122334,107.267936707,21204600
2025-04-04,104.82547363,105.741395685,99.0627909971,99.549369812,30841300
2025-04-07,95.7807452825,100.942356856,93.9393580054,98.2136688232,35068500
2025-04-08,100.617955406,100.751526925,94.46410076,96.1432876587,27147800
2025-04-09,94.8075759496,101.686538583,93.6245034758,100.942352295,30063300
2025-04-10,98.9483034762,99.0150892356,93.3096564205,95.3418579102,33999300
2025-04-11,95.6948778433,99.1582091809,94.2542052055,98.4044799805,22884600
2025-04-14,100.207698941,100.264941799,98.0037615655,98.6429977417,18020000
2025-04-15,98.881525338,100.570262537,98.2709105538,98.366317749,13164900
2025-04-16,99.1772868916,100.74198814,98.9387652711,99.4062728882,13607000
2025-04-17,99.8833165064,103.566090923,99.6638734119,102.010925293,17916500
2025-04-21,100.76106499,100.780143515,99.339478296,100.513000488,16926500
2025-04-22,101.266737776,103.938182815,101.266737776,103.327568054,13147000
2025-04-23,103.814133608,104.281641162,101.581575039,102.440254211,14235700
2025-04-24,103.012709412,103.880924248,102.049080113,103.642402649,9849600
2025-04-25,103.174909461,103.766445688,102.487966044,103.585166931,11245800
2025-04-28,103.756895637,104.233938835,102.736023484,103.642402649,13890900
2025-04-29,102.793275164,103.833233211,102.583374974,103.384811401,9483100
2025-04-30,102.487959266,102.487959266,99.3680999431,100.780143738,20379300
2025-05-01,100.274484472,102.010921521,100.159998757,100.92326355,18610300
2025-05-02,102.774191531,103.995420998,99.7497392913,101.333518982,16581900
2025-05-05,99.8451396319,99.8546825337,98.3376814271,98.5284957886,19624000
2025-05-06,99.1200313728,101.114075651,98.7288597503,99.902381897,16303400
2025-05-07,100.169526521,100.455755345,99.2917688021,99.8069763184,12332200
2025-05-08,100.503464849,102.459345016,100.503464849,101.199951172,19196500
2025-05-09,102.220817921,102.802811216,101.495710207,102.383010864,10992100
2025-05-12,105.207108166,105.369308393,103.346642527,104.148078918,14244600
2025-05-13,104.300716522,105.436081576,104.014487714,104.434288025,13350800
2025-05-14,103.861855971,103.861855971,102.974555244,103.499305725,15494900
2025-05-15,102.536433237,104.616244259,102.035742072,104.548843384,15004300
2025-05-16,104.616245676,104.847333344,103.460792644,104.173324585,14042500
2025-05-19,103.57632576,103.57632576,101.795010848,102.517166138,16802700
2025-05-20,102.440137039,102.757887137,100.889909723,101.053596497,12429300
2025-05-21,100.649188351,101.072855137,99.7922313318,99.8114929199,16716100
2025-05-22,99.2337650956,99.6285468544,98.1072045852,99.1471099854,13417400
2025-05-23,98.7908437608,99.628546555,98.2805218565,99.2048797607,12061600
2025-05-27,99.6477964831,100.004062394,99.0797045301,99.6766815186,13043600
2025-05-28,100.418103443,100.552905179,98.0109190875,98.3190383911,14292400
2025-05-29,98.4827282978,99.0315660544,97.9724063737,98.8775100708,13825300
2025-05-30,98.3671895296,98.5886463866,97.4332007815,98.501991272,28645800
2025-06-02,99.898152676,99.9944385828,98.4249569975,99.2241439819,17290500
2025-06-03,99.0797164239,100.774376385,98.4153311449,99.9463043213,19194300
2025-06-04,100.061842104,101.02471589,98.501991272,98.501991272,15648500
2025-06-05,99.1567447894,99.2241456599,97.9531525681,98.0494384766,13924800
2025-06-06,98.9449153155,100.620313697,98.8678836472,100.398849487,15487800
2025-06-09,100.456622093,101.92018699,99.9751852087,101.072860718,17087300
2025-06-10,102.14165097,103.653362491,101.997218436,103.239326477,17634800
2025-06-11,103.759274381,105.328755904,102.507535604,105.251724243,22648200
2025-06-12,104.876202858,106.099056585,104.202194198,105.656135559,17469400
2025-06-13,108.178861934,108.352179499,106.57086457,107.95740509,28540200
2025-06-16,107.668553991,108.958808774,107.004168681,108.30405426,22986100
2025-06-17,109.719462016,110.663081533,108.910651584,109.767608643,19451700
2025-06-18,110.354957445,110.961565243,108.746960098,108.987678528,17968900
2025-06-20,109.238020099,110.768993127,108.978047428,110.441612244,36273300
2025-06-23,112.367359707,112.608078136,107.033045786,107.591506958,26631100
2025-06-24,105.193960057,106.821219089,103.903712723,104.317741394,24828300
2025-06-25,104.096277061,105.184321705,103.701495315,104.346626282,17483200
2025-06-26,104.895473436,106.339784126,104.519953244,105.906486511,18304800
2025-06-27,105.858344249,106.012400231,104.346632729,105.319129944,22002100
2025-06-30,104.606608619,104.79918044,103.72076649,103.797798157,19199000
2025-07-01,104.115535724,105.56947714,103.171923565,105.184326172,15536900
2025-07-02,105.916118846,107.225627812,104.789558254,106.927139282,11892200
2025-07-03,106.744184163,108.294411483,106.513096521,108.034431458,11223600
2025-07-07,107.398937429,107.890005091,106.127944391,106.984901428,15415900
2025-07-08,106.773060229,110.210518922,106.7345444,109.950546265,17913400
2025-07-09,109.69058288,110.027587245,109.064713434,109.575042725,10652100
2025-07-10,109.48837118,110.990451851,108.872132579,110.663078308,14901700
2025-07-11,110.586047459,111.462266088,110.258673914,111.144515991,11683900
2025-07-14,110.95194424,110.95194424,109.016565967,109.690574646,13220300
2025-07-15,109.440226246,109.825369842,108.419575147,108.718070984,10959300
2025-07-16,108.689186034,109.286170402,107.938145686,108.063323975,11158900
2025-07-17,107.350794097,108.063325973,106.965643121,107.51448822,13151400
2025-07-18,106.984907934,107.581892332,103.354869614,103.76890564,32366600
2025-07-21,103.605215582,104.731776123,103.4511596,104.038513184,17010400
2025-07-22,103.971108006,105.376902763,103.614842084,104.510314941,13970900
2025-07-23,104.885835379,105.916109973,104.808803718,105.848709106,12002700
2025-07-24,105.588736038,106.830836676,105.078406794,106.676780701,15647200
2025-07-25,106.619004346,106.859722762,105.627238298,106.301254272,10548900
2025-07-28,106.87899126,107.947781761,106.724927927,107.302658081,12353000
2025-07-29,107.745573936,108.804733591,107.273767857,108.689186096,15928000
2025-07-30,108.236650289,108.429222115,107.12934392,107.745582581,12996900
2025-07-31,106.262746784,108.323296005,106.262746784,107.495223999,17233700
2025-08-01,107.841871403,108.361824165,104.818448096,105.569488525,19652000
2025-08-04,105.165073537,105.839082232,103.114147721,103.383758545,19129500
2025-08-05,103.239313569,103.817036288,102.132007407,103.25856781,21314300
2025-08-06,104.288855323,105.0013872,102.420885211,102.555686951,15321800
2025-08-07,103.162293987,104.048136083,101.958701788,102.016471863,13468300
2025-08-08,102.546057718,103.518562294,102.016474199,102.834922791,14417700
2025-08-11,103.133409556,103.537814774,101.612067244,101.900932312,13570700
2025-08-12,102.391991425,103.297095104,101.852784474,102.189788818,14109400
2025-08-13,102.064620405,103.60521698,101.814271166,103.60521698,17958700
2025-08-14,103.557080971,103.595589459,102.488290457,103.393386841,13683500
2025-08-15,103.199016795,104.530424139,102.965771383,103.490562439,19271900
2025-08-18,103.111556492,104.209733344,102.693667695,103.714096069,13040000
2025-08-19,103.208725226,104.433237637,103.160137995,104.394363403,16113600
2025-08-20,104.841420603,106.250583967,104.647056822,105.473114014,18959700
2025-08-21,105.366198707,106.483808847,104.919156134,106.153388977,12194900
2025-08-22,106.512971861,108.271995897,106.512971861,108.145652771,13586700
2025-08-25,107.776352811,108.767619867,107.426492105,108.592689514,9744900
2025-08-26,108.233108532,108.660710265,107.251554539,108.349723816,18143900
2025-08-27,108.281708672,109.79777428,108.281708672,109.574249268,15262600
2025-08-28,109.690865011,110.44889406,108.913395137,110.157341003,14189800
2025-08-29,110.516924558,111.556786274,110.38086844,111.070869446,14597900
2025-09-02,110.963965124,111.994106408,110.137908015,111.459602356,15206700
2025-09-03,110.759878939,111.206921515,108.320574475,108.757904053,14920100
2025-09-04,108.952275312,109.943542411,108.242833458,109.234107971,12864400
2025-09-05,108.456629898,108.631560245,105.949297393,106.153388977,16826700
2025-09-08,106.639305122,106.950291581,105.298169997,106.75592041,15440500
2025-09-09,107.416763533,109.340997268,107.416763533,107.53338623,14899500
2025-09-10,108.0290376,109.389598848,107.718043699,109.331291199,15837600
2025-09-11,108.262275195,109.593682613,107.747204522,108.981430054,11534500
2025-09-12,109.681150365,110.031011085,108.728750091,109.000869751,11105700
2025-09-15,109.020298788,109.292411022,108.184521258,109.185508728,12880500
2025-09-16,109.77833497,112.071863118,109.603404605,111.449890137,17208000
2025-09-17,111.304113655,112.237073127,110.837637626,112.042709351,13302000
2025-09-18,111.926079954,112.101010308,110.205937651,110.721008301,14628700
2025-09-19,110.691855079,110.769603551,109.467342594,109.642272949,38746500
2025-09-22,109.282688255,109.622835956,108.417756921,108.8647995,15611500
2025-09-23,109.54509669,111.51791793,109.311858676,110.740447998,25369100
2025-09-24,111.342979995,112.499464401,111.245798114,111.333259583,14756100
2025-09-25,111.411012375,112.635524886,111.18749478,112.334251404,15012600
2025-09-26,112.693822558,115.026224664,112.654948324,113.918334961,18568900
2025-09-29,112.791016203,113.218625401,110.468334266,111.002845764,19189300
2025-09-30,110.157348003,110.293404127,108.787066346,109.574249268,18076200
2025-10-01,109.389592463,109.836635049,108.155366999,108.835647583,16614000
2025-10-02,108.816212152,109.904661066,107.902686172,108.15536499,13062600
2025-10-03,108.748190849,110.546081684,108.748190849,110.069885254,12950100
2025-10-06,110.099041252,111.537350982,109.992138951,110.983406067,12036800
2025-10-07,110.857066759,111.284675947,108.592692522,111.041717529,11945000
2025-10-08,111.158332394,111.77059235,110.215659963,110.80847168,12301000
2025-10-09,111.206927883,112.256510033,109.564526598,109.729743958,10976200
2025-10-10,109.098049341,109.447910054,107.591704194,107.61114502,13811600
2025-10-13,108.39832507,109.136920712,108.184520483,109.078605652,10296500
2025-10-14,107.640293024,109.778324007,107.591698378,109.127197266,11167200
2025-10-15,109.622838787,110.371147436,107.844381427,108.46635437,12182900
2025-10-16,108.728753371,109.030026865,107.280723212,107.523681641,11782200
2025-10-17,108.485786538,109.729739826,108.048464366,109.078605652,13460100
2025-10-20,108.845369431,109.962979618,108.825936021,109.525650024,9523600
2025-10-21,109.710300227,110.167063229,108.835648458,109.535369873,9202300
2025-10-22,110.254529524,111.935805075,109.894955803,111.479042053,12938800
2025-10-23,113.344958047,113.558762641,112.110732551,112.713272095,15001100
2025-10-24,113.072844369,113.189467076,111.935800771,112.139884949,9919400
2025-10-27,112.441154906,112.722987565,111.858056175,112.67440033,10975400
2025-10-28,112.237058734,112.907626281,111.751141941,111.790016174,9535200
2025-10-29,111.683124347,113.753134824,111.57622205,113.170028687,12570600
2025-10-30,113.150590811,113.238052279,111.304105415,111.459602356,16172900
2025-10-31,110.769606626,111.984398732,109.447912222,111.138900757,20213400
2025-11-03,111.274956238,111.751152665,110.439178681,110.555801392,12290300
2025-11-04,110.186498939,111.129178786,109.34100839,110.925094604,16860700
2025-11-05,110.876505832,111.935808445,110.468337448,110.478057861,12400900
2025-11-06,110.439178196,111.702564939,110.439178196,111.27495575,14219700
2025-11-07,111.964947363,114.200167593,111.663681322,113.918334961,17181100
2025-11-10,114.132145808,115.113692452,112.207911926,114.890174866,13048000
2025-11-11,115.482995729,117.407222226,115.482995729,116.406234741,16077100
2025-11-12,115.745392141,115.920322504,114.472292367,114.792999268,13790900
2025-11-13,115.288625369,116.386802159,114.948485068,115.444122314,17291900
2025-11-14,116.120546404,117.130296594,114.365755321,116.944030762,17064300
2025-11-17,116.630316038,117.149891767,114.80689453,115.365684509,16034900
2025-11-18,114.953952646,117.130295053,114.189293418,116.68914032,15808500
2025-11-19,114.552015967,115.855861863,113.650110564,115.042182922,15919200
2025-11-20,115.659793173,116.669535861,114.44417379,114.718666077,14401000
2025-11-21,114.689262396,115.071592024,113.375618543,114.777496338,15667600
2025-11-24,114.895129932,114.895129932,112.483509439,113.689323425,18034900
2025-11-25,112.914855651,113.620697236,111.944327213,112.258033752,14434600
2025-11-26,112.160003248,113.463841629,112.061963876,112.512916565,11650600
2025-11-28,112.689371915,116.404838066,112.561931208,113.640296936,7240800
2025-12-01,113.816766079,115.101008595,113.816766079,114.336341858,12658100
2025-12-02,114.150082797,114.306932333,112.434498456,113.110923767,14607700
2025-12-03,113.669713688,115.659797805,113.601090614,115.483337402,16819100
2025-12-04,115.189232139,116.012709017,114.365755261,114.83631134,13686900
2025-12-05,114.453984765,116.444061419,114.120674823,114.24811554,12516900
2025-12-08,113.552075619,114.699064468,112.777610953,113.699127197,14904200
2025-12-09,114.601034977,118.100826718,114.591229544,115.924484253,23790800
2025-12-10,116.395049352,117.51262942,116.042128543,117.189117432,19845200
2025-12-11,116.767573548,117.992990945,116.728359294,117.189117432,14781800
2025-12-12,117.091078422,117.561634486,115.983296376,116.483268738,14459500
2025-12-15,116.669539691,116.689143078,114.552014874,115.444122314,16358700
2025-12-16,114.473584476,114.542207549,112.356067174,112.424690247,17638700
2025-12-17,112.94426651,115.306874773,112.905052257,115.101005554,18502200
2025-12-18,114.68926281,114.68926281,113.356008085,114.24811554,13705600
2025-12-19,114.45398213,115.257855624,113.679517456,114.39516449,45412800
2025-12-22,115.032371024,116.130347635,115.032371024,115.826446533,11768600
2025-12-23,116.140157958,117.669476443,115.993106377,117.071472168,12567600
2025-12-24,116.983241681,117.689083259,116.777372467,116.875404358,6137400
2025-12-26,116.551888227,117.198912144,116.198967451,116.767562866,8066100
2025-12-29,117.787120887,118.91450638,117.051870454,118.159645081,14782500
2025-12-30,118.71843303,119.404671243,118.257674903,118.610595703,11150500
2025-12-31,118.796857747,118.875286251,117.51262278,117.973373413,10559900
