fold,decision_date,n_symbols,rank_ic,top15_excess,top15_bottom15_spread,mae,mse,top15_overlap,top15_turnover,model,seed
development_2024,2024-01-08,420,0.14624394534144589,-0.01891505875277652,0.008009680168042488,0.030341971744175186,0.0017799708275074262,,,patch_8_stride_4,20260823
development_2024,2024-01-15,420,0.2775577768905395,0.010422875706260859,0.031326885503410645,0.03301916986374212,0.0021954994276718654,0.7333333333333333,0.26666666666666666,patch_8_stride_4,20260823
development_2024,2024-01-22,420,-0.1548444152177733,-0.017750232827767987,-0.036105762642953676,0.03087914447711159,0.001807567849779708,0.6666666666666666,0.3333333333333333,patch_8_stride_4,20260823
development_2024,2024-01-29,420,0.19322266971063168,0.010300911599921634,0.05006422342751493,0.033987046755946895,0.002230394740675909,0.6666666666666666,0.3333333333333333,patch_8_stride_4,20260823
development_2024,2024-02-05,420,0.14890803559786941,0.03283908193034796,0.061763266621522095,0.035763965328780095,0.0033838272163645836,0.6,0.4,patch_8_stride_4,20260823
development_2024,2024-02-12,420,-0.078665007009272,0.011544735565681523,-0.02059736648770674,0.03187133303227748,0.0018566077656167915,0.4666666666666667,0.5333333333333333,patch_8_stride_4,20260823
development_2024,2024-02-19,420,0.1185991546194041,0.02661647243255156,0.03473449548639886,0.026453664476572325,0.0015653754338985138,0.6,0.4,patch_8_stride_4,20260823
development_2024,2024-02-26,420,0.15233500675821776,0.022909360391551756,0.02872377955462134,0.03335792895768826,0.0033739021346385597,0.7333333333333333,0.26666666666666666,patch_8_stride_4,20260823
development_2024,2024-03-04,421,-0.1454357150093999,0.018403784330982956,0.017405097090421102,0.030160870390611223,0.0018767851089696076,0.6666666666666666,0.3333333333333333,patch_8_stride_4,20260823
development_2024,2024-03-11,421,-0.20263518044698037,-0.011960024795646371,-0.03622874392477217,0.037108507884378916,0.002712074042853436,0.7333333333333333,0.26666666666666666,patch_8_stride_4,20260823
development_2024,2024-03-18,421,0.19220832625227077,0.024599251810438923,0.031230027392682692,0.027658660488272566,0.0016191099415598768,0.7333333333333333,0.26666666666666666,patch_8_stride_4,20260823
development_2024,2024-03-25,422,-0.12492595909469022,0.0011642004865895514,-0.011624309713475339,0.026409064105108845,0.0012720834136697445,0.8,0.2,patch_8_stride_4,20260823
development_2024,2024-04-01,422,0.1579710967618726,0.004824170292910423,-0.005230577274313881,0.03565929700603232,0.00217090966352528,0.8666666666666667,0.13333333333333333,patch_8_stride_4,20260823
development_2024,2024-04-08,422,-0.1294204286711934,-0.009552436201530873,-0.034131688605567125,0.03780402970313238,0.002069591347604848,0.8,0.2,patch_8_stride_4,20260823
development_2024,2024-04-15,422,-0.25317267125534654,-0.07729961760223962,-0.07987513805202015,0.04802202929709485,0.004292681079073419,0.8666666666666667,0.13333333333333333,patch_8_stride_4,20260823
development_2024,2024-04-22,422,0.027490642642723204,0.055371972436471364,0.04958136539172354,0.040129905815138915,0.0030919360068782566,0.7333333333333333,0.26666666666666666,patch_8_stride_4,20260823
development_2024,2024-04-29,422,-0.19812240487574984,0.02919830224559192,-0.0008008439009866627,0.035074683122012854,0.002664809803408707,0.6666666666666666,0.3333333333333333,patch_8_stride_4,20260823
development_2024,2024-05-06,422,0.07786041404145302,-0.0021974906289888903,0.02780587894359466,0.029810343644223206,0.0018018044012600076,0.7333333333333333,0.26666666666666666,patch_8_stride_4,20260823
development_2024,2024-05-13,422,0.016560572967849036,0.04490747753852031,0.03796380601660084,0.02868542349883277,0.0016831180189670549,0.6666666666666666,0.3333333333333333,patch_8_stride_4,20260823
development_2024,2024-05-20,422,0.07429367630988831,-0.0018408308476829732,0.025615601009551736,0.03298383084507676,0.0021540085171651902,0.8,0.2,patch_8_stride_4,20260823
development_2024,2024-05-27,422,-0.01625279207764908,-0.02747815713688421,-0.0540965391409968,0.0333810663606727,0.002250959413036553,0.7333333333333333,0.26666666666666666,patch_8_stride_4,20260823
development_2024,2024-06-03,422,-0.12714118342740335,-0.034210090147463214,-0.0465361209582435,0.0322574095395686,0.0018363212823778404,0.8,0.2,patch_8_stride_4,20260823
development_2024,2024-06-10,422,0.049921795475758236,0.018252214210331217,0.009552491532704883,0.030763886748335526,0.0017876884585147261,0.4666666666666667,0.5333333333333333,patch_8_stride_4,20260823
development_2024,2024-06-17,422,-0.21983133004731037,-0.02647236354408579,-0.023900824348358482,0.03022198637281223,0.0015479619764930718,0.4,0.6,patch_8_stride_4,20260823
development_2024,2024-06-24,422,-0.18459605000985832,-0.023513480526777937,-0.02693081519928428,0.027994159398341906,0.0015313494300179115,0.7333333333333333,0.26666666666666666,patch_8_stride_4,20260823
development_2024,2024-07-01,423,0.23194669847786945,0.018918719380866464,0.022224370801870376,0.02535080291834602,0.001286077956769374,0.4666666666666667,0.5333333333333333,patch_8_stride_4,20260823
development_2024,2024-07-08,423,-0.1302768957187423,-0.005697153573199054,-0.012099180877243675,0.035663375454744684,0.0021085400011931488,0.6666666666666666,0.3333333333333333,patch_8_stride_4,20260823
development_2024,2024-07-15,423,-0.29288265560123866,-0.03407993827117478,-0.045289946065772815,0.040494221305211166,0.003190569086691674,0.4666666666666667,0.5333333333333333,patch_8_stride_4,20260823
development_2024,2024-07-22,423,-0.1509096253622044,-0.021698680171353114,-0.008860052401547873,0.03915393689470107,0.003199807150743536,0.4666666666666667,0.5333333333333333,patch_8_stride_4,20260823
development_2024,2024-07-29,423,0.02554329868728053,-0.02699497026460659,-0.018445012675743992,0.05152685358714073,0.004594534782155976,0.4,0.6,patch_8_stride_4,20260823
development_2024,2024-08-05,423,-0.08029791927082838,0.0025699919090372055,-0.022032491798706318,0.03596870084029358,0.002702607530015904,0.4666666666666667,0.5333333333333333,patch_8_stride_4,20260823
development_2024,2024-08-12,423,-0.1297671617824167,0.01263516576615905,-0.013013358171644784,0.03885799954590173,0.002895966670218722,0.3333333333333333,0.6666666666666666,patch_8_stride_4,20260823
development_2024,2024-08-19,423,0.05269776883986141,0.002958219338864282,0.01086407772750135,0.03020724473651857,0.0016524537183866981,0.4666666666666667,0.5333333333333333,patch_8_stride_4,20260823
development_2024,2024-08-26,423,0.009640075519896905,-0.016808630026166893,-0.0010148343616711453,0.02438858508569253,0.0016122643874474758,0.5333333333333333,0.4666666666666667,patch_8_stride_4,20260823
development_2024,2024-09-02,423,0.26554220787251165,-0.011262049788694634,0.018879867173906904,0.050424561575475146,0.0037839631987305273,0.4666666666666667,0.5333333333333333,patch_8_stride_4,20260823
development_2024,2024-09-09,423,-0.0291678795639024,0.013290068190013979,-0.0005296730580610365,0.03985208484858309,0.0032051705527854158,0.6666666666666666,0.3333333333333333,patch_8_stride_4,20260823
development_2024,2024-09-16,423,-0.2314142920834118,-0.012083769259220474,-0.02483905333671798,0.033309577203621335,0.0021585772584857134,0.6,0.4,patch_8_stride_4,20260823
development_2024,2024-09-23,423,-0.25974329069642815,-0.03521859232050759,-0.08915339030276304,0.03902510558887387,0.0043013417205245204,0.4666666666666667,0.5333333333333333,patch_8_stride_4,20260823
development_2024,2024-09-30,423,0.07401859966019851,0.03461548258644968,0.0201983869840021,0.034762941276595766,0.0019298618418439031,0.5333333333333333,0.4666666666666667,patch_8_stride_4,20260823
development_2024,2024-10-07,423,-0.04232551561609154,-0.023299922121243,-0.06223325114290555,0.02604469441122132,0.001457823051170404,0.4666666666666667,0.5333333333333333,patch_8_stride_4,20260823
development_2024,2024-10-14,423,0.10896097990681143,-0.023758704841405156,0.00642114399808312,0.02920415359606756,0.001690666619169492,0.5333333333333333,0.4666666666666667,patch_8_stride_4,20260823
development_2024,2024-10-21,423,0.01929029815392284,0.029621718547230697,0.028302135270324116,0.03760519755314342,0.0023778363813432455,0.5333333333333333,0.4666666666666667,patch_8_stride_4,20260823
development_2024,2024-10-28,423,0.09614707734574325,0.01043036809354524,0.04403411034346404,0.037093482876789374,0.0029225675155634505,0.6,0.4,patch_8_stride_4,20260823
development_2024,2024-11-04,423,0.2902840430922569,0.04208989135048489,0.09735550612693174,0.04662029545016892,0.004080629515589749,0.6666666666666666,0.3333333333333333,patch_8_stride_4,20260823
development_2024,2024-11-11,424,0.09698475295377082,0.03181558588017665,0.05243913574630643,0.048230057641511795,0.003753682721269911,0.7333333333333333,0.26666666666666666,patch_8_stride_4,20260823
development_2024,2024-11-18,424,0.22095181870419783,0.05940802323343683,0.017101776450688777,0.035934430682627444,0.004394879209047529,0.6,0.4,patch_8_stride_4,20260823
development_2024,2024-11-25,424,-0.3049100684031139,-0.028900954800076463,-0.06582676810446246,0.0326166195511271,0.002162408471929462,0.8666666666666667,0.13333333333333333,patch_8_stride_4,20260823
development_2024,2024-12-02,424,0.039203249344699743,0.02872525227110795,0.023940698979372135,0.03687643624632884,0.002783890952141201,0.9333333333333333,0.06666666666666667,patch_8_stride_4,20260823
development_2024,2024-12-09,424,0.01087885013499579,-0.010879448220973118,0.0028824796688939544,0.03314696016984229,0.002184759699119753,0.9333333333333333,0.06666666666666667,patch_8_stride_4,20260823
development_2024,2024-12-16,424,0.04619028502609394,-0.0065698613040557075,-0.007708868114739635,0.04040188782440837,0.0026062042890318627,0.7333333333333333,0.26666666666666666,patch_8_stride_4,20260823
development_2024,2024-12-23,424,-0.19777866987822826,-0.011367637549455679,-0.024293638127919973,0.02078847786228809,0.0008791281773305958,0.8,0.2,patch_8_stride_4,20260823
development_2024,2024-01-08,420,0.13221519720309396,-0.026231363224082746,0.0006933756967362602,0.030647158494762437,0.0017973253152177228,,,patch_8_stride_4,20260824
development_2024,2024-01-15,420,0.2890557364675699,0.009323252312143242,0.04011230296193451,0.03242503043506535,0.0021397441086422387,0.7333333333333333,0.26666666666666666,patch_8_stride_4,20260824
development_2024,2024-01-22,420,-0.18984704318861542,-0.01791107048072621,-0.04144139990607856,0.030905251051278365,0.001831759937375665,0.6,0.4,patch_8_stride_4,20260824
development_2024,2024-01-29,420,0.206269066961021,0.010263964086697861,0.047066841796993726,0.03329066751712611,0.002203752742399276,0.6666666666666666,0.3333333333333333,patch_8_stride_4,20260824
development_2024,2024-02-05,420,0.16943989802339338,0.033624596949641386,0.053186882576046896,0.035645307339730516,0.0033608437981571715,0.6666666666666666,0.3333333333333333,patch_8_stride_4,20260824
development_2024,2024-02-12,420,-0.05916149508460122,0.023466361144335965,-0.0012627397740745012,0.031120050253380167,0.001807215355651077,0.5333333333333333,0.4666666666666667,patch_8_stride_4,20260824
development_2024,2024-02-19,420,0.10725927775988686,0.022827241278260545,0.03029651572230372,0.02660311573899422,0.0015733280036958055,0.7333333333333333,0.26666666666666666,patch_8_stride_4,20260824
development_2024,2024-02-26,420,0.14109862948688565,0.02844829093023391,0.03529675616659955,0.0334843089089284,0.003383711457732709,0.8666666666666667,0.13333333333333333,patch_8_stride_4,20260824
development_2024,2024-03-04,421,-0.15301608029371985,0.01836962443230162,0.031799921389412976,0.03000404149347686,0.0018625266446381896,0.6666666666666666,0.3333333333333333,patch_8_stride_4,20260824
development_2024,2024-03-11,421,-0.20449762550718295,-0.015769109502398532,-0.05762417036381773,0.03676049038170424,0.002659769818293672,0.8666666666666667,0.13333333333333333,patch_8_stride_4,20260824
development_2024,2024-03-18,421,0.21444276267948476,0.021680038102738417,0.032686999470743244,0.02799113201966432,0.0016275831265286206,0.6666666666666666,0.3333333333333333,patch_8_stride_4,20260824
development_2024,2024-03-25,422,-0.13978308160423522,-0.0027179393287563285,-0.009725623221327789,0.02621592311311354,0.0012623934707777697,0.8,0.2,patch_8_stride_4,20260824
development_2024,2024-04-01,422,0.15879966828396994,0.017017823618360947,0.020469755495082727,0.034837829456925234,0.0020643127007755027,0.8666666666666667,0.13333333333333333,patch_8_stride_4,20260824
development_2024,2024-04-08,422,-0.14210768060571788,-0.012774951111685393,-0.035729094340167626,0.036224018932918406,0.0019316439737024776,0.8666666666666667,0.13333333333333333,patch_8_stride_4,20260824
development_2024,2024-04-15,422,-0.2281451486770121,-0.06911129363705842,-0.06458385967519092,0.046318106773885835,0.0040431980213240515,0.8666666666666667,0.13333333333333333,patch_8_stride_4,20260824
development_2024,2024-04-22,422,0.025835575418491293,0.05944637294223601,0.0523689233402651,0.04044325632135018,0.003138236159961671,0.8,0.2,patch_8_stride_4,20260824
development_2024,2024-04-29,422,-0.21424929048872868,0.029114343102402854,0.010370282655711206,0.035289948940150036,0.0026763416385993063,0.7333333333333333,0.26666666666666666,patch_8_stride_4,20260824
development_2024,2024-05-06,422,0.09687364747355547,0.007755748332175176,0.036585820459856186,0.029866387202500597,0.0018139984316091948,0.8,0.2,patch_8_stride_4,20260824
development_2024,2024-05-13,422,0.003018402024946489,0.04840414249162224,0.044095299443536726,0.02911700856004086,0.0017415171868250567,0.7333333333333333,0.26666666666666666,patch_8_stride_4,20260824
development_2024,2024-05-20,422,0.06998299663932733,-0.008527524717492796,0.005649188229865716,0.032804362801724704,0.002138451168079256,0.7333333333333333,0.26666666666666666,patch_8_stride_4,20260824
development_2024,2024-05-27,422,-0.048708716232297354,-0.02921378802493397,-0.06177800622212548,0.03272618212477296,0.0022004218444296943,0.7333333333333333,0.26666666666666666,patch_8_stride_4,20260824
development_2024,2024-06-03,422,-0.11059554039603701,-0.0343990467495226,-0.03704125825016131,0.03180940279793263,0.0017972678582624053,0.6666666666666666,0.3333333333333333,patch_8_stride_4,20260824
development_2024,2024-06-10,422,0.047270095045812,0.010864191720241927,-0.004452877730890549,0.03025876152750037,0.0017818052325202852,0.4,0.6,patch_8_stride_4,20260824
development_2024,2024-06-17,422,-0.19959160637407666,-0.03542711363046193,-0.03244559761215353,0.030386222212398242,0.0015547377902758617,0.4,0.6,patch_8_stride_4,20260824
development_2024,2024-06-24,422,-0.17296275527746327,-0.017666424983513226,-0.014394359608715447,0.02739928339253516,0.001487125715388191,0.6,0.4,patch_8_stride_4,20260824
development_2024,2024-07-01,423,0.2603996821416499,0.028284799318579086,0.03169195157791861,0.025177320346643134,0.0012620654465684584,0.5333333333333333,0.4666666666666667,patch_8_stride_4,20260824
development_2024,2024-07-08,423,-0.13264894219506176,0.0051304338841828764,0.0044843968085337416,0.03590526055631815,0.0021369855845904152,0.6,0.4,patch_8_stride_4,20260824
development_2024,2024-07-15,423,-0.26230401007608434,-0.03351045610853089,-0.049061755763414455,0.03968571846988837,0.003060170225214181,0.6,0.4,patch_8_stride_4,20260824
development_2024,2024-07-22,423,-0.10604241620544862,-0.027197786314146752,-0.003979017815336678,0.038097245683189486,0.003060965560531693,0.5333333333333333,0.4666666666666667,patch_8_stride_4,20260824
development_2024,2024-07-29,423,0.023234513125609223,-0.02031330005744072,-0.03666434794822426,0.05093948127396998,0.0045046402437561835,0.4666666666666667,0.5333333333333333,patch_8_stride_4,20260824
development_2024,2024-08-05,423,-0.1474873525735301,-0.0027638568432033924,-0.014282596960617941,0.03616278866872694,0.002754280146901241,0.5333333333333333,0.4666666666666667,patch_8_stride_4,20260824
development_2024,2024-08-12,423,-0.06842119782877125,0.01375766379485538,-0.0009317461858882464,0.03909558058827741,0.002896626339563617,0.6,0.4,patch_8_stride_4,20260824
development_2024,2024-08-19,423,0.07431920791627109,0.006281753631314425,0.010124118423261906,0.030738288914088304,0.0016925809728439835,0.5333333333333333,0.4666666666666667,patch_8_stride_4,20260824
development_2024,2024-08-26,423,0.0600225583030981,-0.01347373705195116,-0.007059524910145718,0.023589314994710456,0.00149445512840407,0.5333333333333333,0.4666666666666667,patch_8_stride_4,20260824
development_2024,2024-09-02,423,0.3092340958255407,-0.0018219340126671146,0.029294273472651504,0.048167630943801325,0.003491670311716682,0.4666666666666667,0.5333333333333333,patch_8_stride_4,20260824
development_2024,2024-09-09,423,-0.02798193560007179,0.01731849030229759,-0.009715644144337725,0.04121221673040484,0.00338919747715371,0.6666666666666666,0.3333333333333333,patch_8_stride_4,20260824
development_2024,2024-09-16,423,-0.22622325046312064,-0.0006080287298956127,-0.02808749666703235,0.03333681361246682,0.002173288339119013,0.6666666666666666,0.3333333333333333,patch_8_stride_4,20260824
development_2024,2024-09-23,423,-0.29198051373570444,-0.023998167791545916,-0.07962799640461245,0.039301620069535886,0.00443463165876315,0.6666666666666666,0.3333333333333333,patch_8_stride_4,20260824
development_2024,2024-09-30,423,0.02188542259242277,0.02716255447789605,0.019693776821956187,0.034338342957228006,0.0019122103720521078,0.6666666666666666,0.3333333333333333,patch_8_stride_4,20260824
development_2024,2024-10-07,423,0.01401078638231916,-0.006651012035357457,-0.031439111079514415,0.025685794203565402,0.0014207057099745683,0.6,0.4,patch_8_stride_4,20260824
development_2024,2024-10-14,423,0.08699612443659734,-0.0018645304774164576,0.027063655698297273,0.029054949779560444,0.0016900870896879821,0.6,0.4,patch_8_stride_4,20260824
development_2024,2024-10-21,423,0.03430770996757363,0.02070265150855266,0.014689611309537899,0.03679272407780459,0.002298963135419066,0.7333333333333333,0.26666666666666666,patch_8_stride_4,20260824
development_2024,2024-10-28,423,0.09939304402642564,0.019485069265078984,0.045166943131292665,0.03588209515741097,0.002848594591957927,0.8,0.2,patch_8_stride_4,20260824
development_2024,2024-11-04,423,0.29772790259785153,0.04815255935134626,0.11501688554230405,0.047180400793267054,0.004184967783879546,0.8,0.2,patch_8_stride_4,20260824
development_2024,2024-11-11,424,0.10217551813981313,0.03706586972340895,0.0655012239728479,0.046690879902800256,0.0035189676640935376,0.6666666666666666,0.3333333333333333,patch_8_stride_4,20260824
development_2024,2024-11-18,424,0.21194700923323964,0.057440218246736854,0.015842972166348335,0.036637950737283584,0.004512637923073405,0.7333333333333333,0.26666666666666666,patch_8_stride_4,20260824
development_2024,2024-11-25,424,-0.3307472390802969,-0.02914238231612221,-0.04701418197189655,0.03315504460589908,0.0021643919848226187,0.8666666666666667,0.13333333333333333,patch_8_stride_4,20260824
development_2024,2024-12-02,424,0.02319377208932549,0.020719307046897794,0.03942483668140108,0.03677680361157639,0.0027698881748013915,0.8,0.2,patch_8_stride_4,20260824
development_2024,2024-12-09,424,0.012828771813823884,0.000888950561603527,0.018378786476900277,0.0326418528537458,0.0021172567041842097,0.9333333333333333,0.06666666666666667,patch_8_stride_4,20260824
development_2024,2024-12-16,424,0.04972127108571248,0.0005397166028255768,-0.00584293559109628,0.038250113415555294,0.002365828988567282,0.7333333333333333,0.26666666666666666,patch_8_stride_4,20260824
development_2024,2024-12-23,424,-0.18933163309482762,-0.016572518111318647,-0.0222982326712811,0.02054861965084027,0.0008588422647553899,0.8,0.2,patch_8_stride_4,20260824
development_2024,2024-01-08,420,0.1200081309174898,-0.02756742365510223,0.0018494984320980932,0.030717643803102233,0.001832499134789208,,,patch_8_stride_4,20260825
development_2024,2024-01-15,420,0.3018988607807138,0.020678639110893245,0.0549751574577601,0.03249513146468305,0.002146456296937225,0.6,0.4,patch_8_stride_4,20260825
development_2024,2024-01-22,420,-0.19090406246229125,-0.017120558163515907,-0.034972420376181895,0.030582148570042364,0.001807860617931008,0.6,0.4,patch_8_stride_4,20260825
development_2024,2024-01-29,420,0.21217289051687202,0.007178183177836981,0.044042229265746066,0.03275565740107283,0.0021488311678616386,0.6,0.4,patch_8_stride_4,20260825
development_2024,2024-02-05,420,0.1571264171403628,0.03550204951164665,0.05566854106614799,0.03570126264446388,0.00342321151217278,0.5333333333333333,0.4666666666666667,patch_8_stride_4,20260825
development_2024,2024-02-12,420,-0.04641020802677047,0.01944623508797722,-0.00022669424433998525,0.030725479793924884,0.0017931999706454012,0.5333333333333333,0.4666666666666667,patch_8_stride_4,20260825
development_2024,2024-02-19,420,0.09978814666863793,0.03371152342849868,0.03929266898066943,0.026669806815575212,0.0015685836602128253,0.7333333333333333,0.26666666666666666,patch_8_stride_4,20260825
development_2024,2024-02-26,420,0.1291280400844514,0.05843825068256908,0.05474058905614136,0.033600650573440645,0.0034187704918860543,0.9333333333333333,0.06666666666666667,patch_8_stride_4,20260825
development_2024,2024-03-04,421,-0.1859098416415119,0.012146458083712756,0.018564371299684336,0.03043501597088809,0.0019087117233423606,0.6666666666666666,0.3333333333333333,patch_8_stride_4,20260825
development_2024,2024-03-11,421,-0.17190507818216613,-0.008627234286081184,-0.030482253478400854,0.03627773496157851,0.0026227914904561663,0.8666666666666667,0.13333333333333333,patch_8_stride_4,20260825
development_2024,2024-03-18,421,0.22638864112707785,0.015276063453728544,0.029599226772533294,0.027734930117955213,0.0016211257179601566,0.7333333333333333,0.26666666666666666,patch_8_stride_4,20260825
development_2024,2024-03-25,422,-0.15625279686800286,-0.0033635394554671636,-0.009180958053797521,0.02595759312850941,0.0012507249062332583,0.7333333333333333,0.26666666666666666,patch_8_stride_4,20260825
development_2024,2024-04-01,422,0.1745394933131053,0.0063158865498680935,0.0016330858212814103,0.033970418054839725,0.0019577864265435674,0.9333333333333333,0.06666666666666667,patch_8_stride_4,20260825
development_2024,2024-04-08,422,-0.14225298800311792,-0.016638244055377397,-0.033570878555068975,0.03602547554802693,0.001901125179559298,0.7333333333333333,0.26666666666666666,patch_8_stride_4,20260825
development_2024,2024-04-15,422,-0.17102912207745508,-0.07070192678466741,-0.061942984197953646,0.04400327978269163,0.003709583007644247,0.8,0.2,patch_8_stride_4,20260825
development_2024,2024-04-22,422,0.030192242485152506,0.052243465137941605,0.030069903287438443,0.040876168691078615,0.0032086377956512453,0.6666666666666666,0.3333333333333333,patch_8_stride_4,20260825
development_2024,2024-04-29,422,-0.19525553782858537,0.027776435910871655,0.0020999165675925774,0.034957803395185554,0.00265002839257461,0.6,0.4,patch_8_stride_4,20260825
development_2024,2024-05-06,422,0.09356670659426528,0.026230067593511482,0.049231600246351405,0.0300288291430397,0.0018212790931324589,0.7333333333333333,0.26666666666666666,patch_8_stride_4,20260825
development_2024,2024-05-13,422,-0.013134431982383007,0.05068691225680855,0.052229852879871114,0.029436518901505393,0.001772554459495168,0.8,0.2,patch_8_stride_4,20260825
development_2024,2024-05-20,422,0.10493261928320183,-0.005111611126291803,0.015116242757924659,0.03282511360640825,0.0021355563387746605,0.8,0.2,patch_8_stride_4,20260825
development_2024,2024-05-27,422,-0.0350114980466135,-0.02800150673211274,-0.04448115946471955,0.03261086767390333,0.002175659805321518,0.7333333333333333,0.26666666666666666,patch_8_stride_4,20260825
development_2024,2024-06-03,422,-0.08719561941292545,-0.020509030789369574,-0.027935089694045515,0.03142446666477632,0.0017346837990407761,0.6,0.4,patch_8_stride_4,20260825
development_2024,2024-06-10,422,0.08775441420138759,0.01884998855057111,0.007288776769305873,0.029248934435734526,0.0017290323851152025,0.5333333333333333,0.4666666666666667,patch_8_stride_4,20260825
development_2024,2024-06-17,422,-0.1982595686717571,-0.02295816348830576,-0.026526261123490186,0.03010292562167234,0.0015469256216127398,0.4666666666666667,0.5333333333333333,patch_8_stride_4,20260825
development_2024,2024-06-24,422,-0.17580127951152455,-0.016335279068933103,-0.009481550359995495,0.02739057508452214,0.0014776067827836034,0.7333333333333333,0.26666666666666666,patch_8_stride_4,20260825
development_2024,2024-07-01,423,0.2851901917994829,0.032552082195537374,0.03811459538884467,0.024859270420951433,0.0012354098485727462,0.4666666666666667,0.5333333333333333,patch_8_stride_4,20260825
development_2024,2024-07-08,423,-0.1669338211558451,0.005865060835054253,-0.003812138348401946,0.03635821098660265,0.0021714718992929005,0.6666666666666666,0.3333333333333333,patch_8_stride_4,20260825
development_2024,2024-07-15,423,-0.2683757894930438,-0.03555358354458915,-0.05613956115655438,0.039450939428750706,0.003047713133293855,0.7333333333333333,0.26666666666666666,patch_8_stride_4,20260825
development_2024,2024-07-22,423,-0.03776232668253421,-0.016273549621280203,0.0035182414034363382,0.03701010164877522,0.0029476496175355983,0.7333333333333333,0.26666666666666666,patch_8_stride_4,20260825
development_2024,2024-07-29,423,0.0744993191920614,-0.025175834312692585,-0.026066072903367002,0.0500931717733439,0.004406395188462513,0.6666666666666666,0.3333333333333333,patch_8_stride_4,20260825
development_2024,2024-08-05,423,-0.1812406178831471,-0.0037189818789870157,-0.001074737572764622,0.03642969726660672,0.002798167846806532,0.4666666666666667,0.5333333333333333,patch_8_stride_4,20260825
development_2024,2024-08-12,423,-0.1030934111616987,0.009535815438541699,-0.014583936832243294,0.04087068759516834,0.0031274508359468,0.6,0.4,patch_8_stride_4,20260825
development_2024,2024-08-19,423,0.07008659293519863,0.008970801210063623,0.019199382428998785,0.030653169080974766,0.0016917217487347786,0.4666666666666667,0.5333333333333333,patch_8_stride_4,20260825
development_2024,2024-08-26,423,0.035553109678254036,-0.01979466828757634,-0.00743479360309033,0.023864459356116047,0.0015259041000209282,0.4666666666666667,0.5333333333333333,patch_8_stride_4,20260825
development_2024,2024-09-02,423,0.32515095417753515,-0.004296270743082864,0.032640487948921694,0.04811022153361653,0.0034910984021359255,0.3333333333333333,0.6666666666666666,patch_8_stride_4,20260825
development_2024,2024-09-09,423,-0.11261029437412283,0.004638014096778914,-0.028703333298195598,0.04270189643423241,0.003650769108978162,0.6,0.4,patch_8_stride_4,20260825
development_2024,2024-09-16,423,-0.21656795427203018,-0.01192263309487419,-0.04226436393675826,0.03306053729058678,0.0021395016637429844,0.6666666666666666,0.3333333333333333,patch_8_stride_4,20260825
development_2024,2024-09-23,423,-0.3011912394890167,-0.019457845876054987,-0.0602486951212486,0.0393940797919952,0.004415878895584925,0.6,0.4,patch_8_stride_4,20260825
development_2024,2024-09-30,423,0.021394555946430846,0.027162554477896044,0.021858171023655636,0.03398950776457908,0.0018897967237229997,0.7333333333333333,0.26666666666666666,patch_8_stride_4,20260825
development_2024,2024-10-07,423,0.01209615278509744,-0.0061170709104843065,-0.03134161499730801,0.025437348592866275,0.0013992712515380954,0.6,0.4,patch_8_stride_4,20260825
development_2024,2024-10-14,423,0.09661923525005978,-0.016127855903018986,0.009188637742856914,0.028996160176040522,0.0016952853435204867,0.5333333333333333,0.4666666666666667,patch_8_stride_4,20260825
development_2024,2024-10-21,423,0.03308070190125209,0.02134557833691893,0.010970013730503792,0.03649904072320553,0.00226372853797104,0.8,0.2,patch_8_stride_4,20260825
development_2024,2024-10-28,423,0.09061404626957204,0.018291568338246765,0.0589301486585834,0.035490919778647836,0.0028419385068193356,0.7333333333333333,0.26666666666666666,patch_8_stride_4,20260825
development_2024,2024-11-04,423,0.26797069767117393,0.05509788549915914,0.12286882600748486,0.047094194363161604,0.004131190927473373,0.7333333333333333,0.26666666666666666,patch_8_stride_4,20260825
development_2024,2024-11-11,424,0.14187797640131924,0.03810896700561059,0.04045559446581891,0.04535676261818775,0.0033705878559684745,0.8,0.2,patch_8_stride_4,20260825
development_2024,2024-11-18,424,0.23683676923198022,0.06369268182580651,0.03149640750703821,0.036528416580216945,0.004464696949602764,0.8,0.2,patch_8_stride_4,20260825
development_2024,2024-11-25,424,-0.34058248911768635,-0.034190594889151,-0.05268359860116815,0.032890430645452155,0.002160035897958096,1.0,0.0,patch_8_stride_4,20260825
development_2024,2024-12-02,424,0.025868814004927538,0.020719307046897794,0.03143112479611208,0.03680713753683005,0.0027304535165791856,0.8666666666666667,0.13333333333333333,patch_8_stride_4,20260825
development_2024,2024-12-09,424,-0.004493509969222534,4.0727169464266355e-05,0.015021277233907285,0.03216226577719911,0.0021118444176166998,0.8666666666666667,0.13333333333333333,patch_8_stride_4,20260825
development_2024,2024-12-16,424,0.0509777158555112,-0.005358747494019808,-0.015762450643035986,0.038585350183106375,0.0024096149196350257,0.7333333333333333,0.26666666666666666,patch_8_stride_4,20260825
development_2024,2024-12-23,424,-0.18540109098637447,-0.016572518111318647,-0.019956231979387153,0.020263962837192645,0.0008435360572937654,0.8666666666666667,0.13333333333333333,patch_8_stride_4,20260825
development_2024,2024-01-08,420,0.12854203093150024,-0.018935218067277403,0.010889235795569753,0.030528019255393852,0.0018039371422034173,,,patch_10_stride_5,20260823
development_2024,2024-01-15,420,0.20266409025642354,0.00783900903266463,0.03134382394358329,0.03295559363096992,0.0022023537656727958,0.7333333333333333,0.26666666666666666,patch_10_stride_5,20260823
development_2024,2024-01-22,420,-0.1579995999329442,-0.014135351489784105,-0.0342302082808336,0.0311558516888043,0.001843531401529915,0.4666666666666667,0.5333333333333333,patch_10_stride_5,20260823
development_2024,2024-01-29,420,0.2222453480056981,0.02411811521691222,0.056059155842369576,0.03374050769439278,0.0022173528846338897,0.7333333333333333,0.26666666666666666,patch_10_stride_5,20260823
development_2024,2024-02-05,420,0.1378948536313374,0.018823442317867433,0.03246055809852988,0.0358428744382948,0.0034187500971261573,0.7333333333333333,0.26666666666666666,patch_10_stride_5,20260823
development_2024,2024-02-12,420,-0.057424685757045915,0.021901483992841923,0.0006838816588769607,0.031816423008918245,0.001838050481021036,0.4666666666666667,0.5333333333333333,patch_10_stride_5,20260823
development_2024,2024-02-19,420,0.11588363862945615,0.023562734296335895,0.023933535813363833,0.02624005347180299,0.0015424134198079626,0.8,0.2,patch_10_stride_5,20260823
development_2024,2024-02-26,420,0.15532562947797726,0.06287721756726385,0.06494977134096361,0.033468811019443614,0.003340729858913852,0.6,0.4,patch_10_stride_5,20260823
development_2024,2024-03-04,421,-0.18486355310324418,0.015410335953462992,0.03139449334193101,0.03061296442005549,0.0019054437068602398,0.6666666666666666,0.3333333333333333,patch_10_stride_5,20260823
development_2024,2024-03-11,421,-0.1817523483597264,-0.013398514099027141,-0.02287648246313313,0.03764775099027509,0.0027488841432751726,0.8,0.2,patch_10_stride_5,20260823
development_2024,2024-03-18,421,0.20617578026074332,0.01774820441100872,0.03381118130474041,0.02719613737000491,0.001565955885474341,0.8,0.2,patch_10_stride_5,20260823
development_2024,2024-03-25,422,-0.1494530493835174,0.005047299684760376,-0.008261036635925758,0.026458532679352848,0.0012674199876849927,0.8,0.2,patch_10_stride_5,20260823
development_2024,2024-04-01,422,0.18282664564020726,0.014556816902410417,0.0018590627851001328,0.03482600364820603,0.0020434705658775544,0.8666666666666667,0.13333333333333333,patch_10_stride_5,20260823
development_2024,2024-04-08,422,-0.14035329338018623,-0.010932532107355415,-0.04178090549451427,0.03721034000964647,0.0020031480025640707,0.8,0.2,patch_10_stride_5,20260823
development_2024,2024-04-15,422,-0.25024784092768076,-0.07360708186930032,-0.07624839682053433,0.04746319650759415,0.004168674790900238,0.8666666666666667,0.13333333333333333,patch_10_stride_5,20260823
development_2024,2024-04-22,422,0.04395093687742866,0.06908559183380449,0.06266429884511836,0.03933252516851023,0.002966306607237186,0.7333333333333333,0.26666666666666666,patch_10_stride_5,20260823
development_2024,2024-04-29,422,-0.20690120717713156,0.02911434310240286,0.011009779919860536,0.03531268012710222,0.0026828811674030014,0.7333333333333333,0.26666666666666666,patch_10_stride_5,20260823
development_2024,2024-05-06,422,0.09954682455033949,0.015805733741499867,0.04126980521428886,0.0294766017696568,0.0017961669620821944,0.7333333333333333,0.26666666666666666,patch_10_stride_5,20260823
development_2024,2024-05-13,422,-0.010314989324895824,0.05122467524489137,0.049843789432793495,0.028951140680710554,0.0017067639832325891,0.7333333333333333,0.26666666666666666,patch_10_stride_5,20260823
development_2024,2024-05-20,422,0.042209643285508844,-0.01201849304207444,0.006015432757842366,0.03376044284103815,0.002247161999331117,0.8,0.2,patch_10_stride_5,20260823
development_2024,2024-05-27,422,-0.011565590601517538,-0.024440077657020533,-0.04402909273749207,0.03312649429285434,0.0022459493383137235,0.8,0.2,patch_10_stride_5,20260823
development_2024,2024-06-03,422,-0.13679119178457502,-0.03996831029503053,-0.03823016477985229,0.032183274110184776,0.0018275527495431633,0.6,0.4,patch_10_stride_5,20260823
development_2024,2024-06-10,422,0.022357859320158574,0.01178357777164004,0.009530922319656627,0.03026190253400354,0.001797239796464739,0.5333333333333333,0.4666666666666667,patch_10_stride_5,20260823
development_2024,2024-06-17,422,-0.17854263227224607,-0.030897806100254048,-0.025017298349459594,0.029919614028971177,0.001524447749445757,0.4666666666666667,0.5333333333333333,patch_10_stride_5,20260823
development_2024,2024-06-24,422,-0.19829989539862966,-0.0168769862703588,-0.016343556839733594,0.028432183995767576,0.0015694678387572559,0.5333333333333333,0.4666666666666667,patch_10_stride_5,20260823
development_2024,2024-07-01,423,0.3078800902839479,0.029887778927001327,0.04166999686109098,0.02446453698201076,0.0011778720845061076,0.6666666666666666,0.3333333333333333,patch_10_stride_5,20260823
development_2024,2024-07-08,423,-0.159391344384809,-0.0031553506963478764,-0.01678795155451262,0.03579871502724996,0.0021173166070708317,0.5333333333333333,0.4666666666666667,patch_10_stride_5,20260823
development_2024,2024-07-15,423,-0.2508217576957933,-0.03366595663275507,-0.04271917765830559,0.03995430812901761,0.003084647109363652,0.7333333333333333,0.26666666666666666,patch_10_stride_5,20260823
development_2024,2024-07-22,423,-0.2006041655171889,-0.022397983031355897,0.019018316897114904,0.0403656296743584,0.00336398438307554,0.4,0.6,patch_10_stride_5,20260823
development_2024,2024-07-29,423,-0.06449331336888628,-0.02594274188417772,-0.04165283225421658,0.05354487229832082,0.004986512881267157,0.6,0.4,patch_10_stride_5,20260823
development_2024,2024-08-05,423,-0.08093924859351487,0.01786030433905022,0.0009621664970050209,0.03553642791830206,0.0026792169025692644,0.4666666666666667,0.5333333333333333,patch_10_stride_5,20260823
development_2024,2024-08-12,423,-0.07519312812063396,0.023091154536586063,0.009297007372088696,0.03732634221918669,0.0026790573024875575,0.4666666666666667,0.5333333333333333,patch_10_stride_5,20260823
development_2024,2024-08-19,423,0.11212180595800489,0.013752387399167603,0.015413412568276354,0.028715395121682388,0.001506289264592172,0.6,0.4,patch_10_stride_5,20260823
development_2024,2024-08-26,423,0.08320823844196136,-0.012585243052294562,-0.003090617189488599,0.023570013470724616,0.0014877248954411459,0.6,0.4,patch_10_stride_5,20260823
development_2024,2024-09-02,423,0.22517667076990594,-0.015176693599690642,0.013926103230845699,0.05088710588786533,0.003878071988431325,0.6666666666666666,0.3333333333333333,patch_10_stride_5,20260823
development_2024,2024-09-09,423,-0.03191996717408579,0.020251056173434992,-0.012129880041261233,0.040978804571037905,0.0033454165298865187,0.4,0.6,patch_10_stride_5,20260823
development_2024,2024-09-16,423,-0.21575031884135176,-0.01298055777929609,-0.03943558310086626,0.03324917422014392,0.0021740306784683357,0.7333333333333333,0.26666666666666666,patch_10_stride_5,20260823
development_2024,2024-09-23,423,-0.26885825306014766,-0.015056866930836677,-0.0848708226265803,0.03869105302620581,0.004314871289044808,0.6,0.4,patch_10_stride_5,20260823
development_2024,2024-09-30,423,0.030006919063446734,0.026619759655692837,0.016783442803754146,0.03471745551404954,0.0019286584944586693,0.6,0.4,patch_10_stride_5,20260823
development_2024,2024-10-07,423,0.03672335732491631,-0.006203279768717197,-0.039714379903370456,0.025296590246245188,0.0013966994373820658,0.6666666666666666,0.3333333333333333,patch_10_stride_5,20260823
development_2024,2024-10-14,423,0.031698950344462816,-0.02086434441175633,-0.006536541954855457,0.030284887546281877,0.0018296848442852186,0.4666666666666667,0.5333333333333333,patch_10_stride_5,20260823
development_2024,2024-10-21,423,0.011054488100289002,0.019736059276473355,0.011274628887366557,0.037694198166300055,0.002381259570686566,0.7333333333333333,0.26666666666666666,patch_10_stride_5,20260823
development_2024,2024-10-28,423,0.08901635144022431,0.021327960691731415,0.050666893583524795,0.03680228868671475,0.0029255461609506736,0.8,0.2,patch_10_stride_5,20260823
development_2024,2024-11-04,423,0.2658946615398372,0.059783006780937516,0.1155082240071516,0.046117181732580885,0.0039846523688633635,0.7333333333333333,0.26666666666666666,patch_10_stride_5,20260823
development_2024,2024-11-11,424,0.05590620350910336,0.037691620672599194,0.0635727700449549,0.04685755183129443,0.0035927910594811467,0.8,0.2,patch_10_stride_5,20260823
development_2024,2024-11-18,424,0.2187763005643847,0.06499390112873886,0.035646712787534444,0.034801476310518754,0.0041081640190256145,0.7333333333333333,0.26666666666666666,patch_10_stride_5,20260823
development_2024,2024-11-25,424,-0.30676269865633926,-0.03693138462361245,-0.08418460531662064,0.032354313042743124,0.002117060546690222,0.9333333333333333,0.06666666666666667,patch_10_stride_5,20260823
development_2024,2024-12-02,424,0.022159460331703934,0.015862972584557756,0.02665313208932453,0.03707200300288615,0.002780681903055962,0.8,0.2,patch_10_stride_5,20260823
development_2024,2024-12-09,424,0.003377020017159814,-0.002725414314557136,0.015185775642235413,0.03355516277583205,0.002201623624094674,0.8,0.2,patch_10_stride_5,20260823
development_2024,2024-12-16,424,0.06725686982942514,-0.005358747494019808,-0.003044434364008551,0.039998191735457975,0.002528043411403033,0.7333333333333333,0.26666666666666666,patch_10_stride_5,20260823
development_2024,2024-12-23,424,-0.17771459607528275,-0.017615795792083045,-0.03152236338166872,0.02124840357029526,0.0009096247801959622,0.8666666666666667,0.13333333333333333,patch_10_stride_5,20260823
development_2024,2024-01-08,420,0.09924610845704503,-0.02260985492231052,0.0002969289925070428,0.030620473847571838,0.0018056137766316752,,,patch_10_stride_5,20260824
development_2024,2024-01-15,420,0.11076998330894328,0.003605189725443983,0.010193730808128852,0.033564809870999246,0.0022788668397988724,0.6666666666666666,0.3333333333333333,patch_10_stride_5,20260824
development_2024,2024-01-22,420,-0.1767447661267921,-0.021012407829569292,-0.04184093515955249,0.030850025456549184,0.0018365709418221288,0.4,0.6,patch_10_stride_5,20260824
development_2024,2024-01-29,420,0.23752612786110708,0.009968014897768891,0.0509459239299407,0.0330255793815627,0.002159440805042816,0.6666666666666666,0.3333333333333333,patch_10_stride_5,20260824
development_2024,2024-02-05,420,0.13122685340781814,0.024677014566644836,0.04086113930861109,0.03582122628125636,0.003442529276258382,0.6,0.4,patch_10_stride_5,20260824
development_2024,2024-02-12,420,-0.034088142708939874,0.013301532275966876,-0.01661887744825008,0.031210841593894256,0.0018147062656638203,0.5333333333333333,0.4666666666666667,patch_10_stride_5,20260824
development_2024,2024-02-19,420,0.12463547026244369,0.03560397267304316,0.04137225720252871,0.026675007335984005,0.0016058364083084682,0.6666666666666666,0.3333333333333333,patch_10_stride_5,20260824
development_2024,2024-02-26,420,0.1750107102971915,0.02630041387830719,0.035122540657804256,0.03337966832516128,0.003320313885274641,0.6666666666666666,0.3333333333333333,patch_10_stride_5,20260824
development_2024,2024-03-04,421,-0.17871849756439595,0.015267697965365984,0.018336437032563036,0.031124184232435386,0.0019286447847083378,0.6,0.4,patch_10_stride_5,20260824
development_2024,2024-03-11,421,-0.18715442003033048,-0.008241241116570642,-0.02206250406096248,0.03814405180085953,0.0028360361764640804,0.8666666666666667,0.13333333333333333,patch_10_stride_5,20260824
development_2024,2024-03-18,421,0.2315509318477517,0.016013623733898866,0.03499647124578937,0.02718200504941492,0.0015704190853612855,0.7333333333333333,0.26666666666666666,patch_10_stride_5,20260824
development_2024,2024-03-25,422,-0.14608223712075472,0.007706834618569288,-0.0013618264012309304,0.026064000972094926,0.0012506620337291868,0.8,0.2,patch_10_stride_5,20260824
development_2024,2024-04-01,422,0.15797333226029414,0.0020592945999088706,-0.002427783847947876,0.035680668744500155,0.002125054312162785,0.8,0.2,patch_10_stride_5,20260824
development_2024,2024-04-08,422,-0.14814671991304554,-0.012137494407346166,-0.034009179897787574,0.03790903760766333,0.002074900635286689,0.7333333333333333,0.26666666666666666,patch_10_stride_5,20260824
development_2024,2024-04-15,422,-0.17648533501059588,-0.06901789246032601,-0.0762671648113853,0.0457021246054547,0.0038790039330393188,0.8666666666666667,0.13333333333333333,patch_10_stride_5,20260824
development_2024,2024-04-22,422,0.05618214713395929,0.042988807104595586,0.043922293978963314,0.0394225244862263,0.003023202180121551,0.6666666666666666,0.3333333333333333,patch_10_stride_5,20260824
development_2024,2024-04-29,422,-0.21249362583552756,0.013829607212100366,0.0019519204881222295,0.03515471291270167,0.002649159583230783,0.7333333333333333,0.26666666666666666,patch_10_stride_5,20260824
development_2024,2024-05-06,422,0.10224411307438439,0.0026161000510334653,0.02824572702055036,0.029882467220526347,0.0017995852553559404,0.8,0.2,patch_10_stride_5,20260824
development_2024,2024-05-13,422,0.004042819217510855,0.05239269354166713,0.04018405629471604,0.02918476063345796,0.0017709380423549777,0.7333333333333333,0.26666666666666666,patch_10_stride_5,20260824
development_2024,2024-05-20,422,0.07263445744573069,-0.007101148255499463,0.008938702203692165,0.03355769217349881,0.0022137704436838235,0.8666666666666667,0.13333333333333333,patch_10_stride_5,20260824
development_2024,2024-05-27,422,-0.013028245283038453,-0.025344902300391443,-0.030575510743766975,0.03293415013990909,0.0022319408279129014,0.8,0.2,patch_10_stride_5,20260824
development_2024,2024-06-03,422,-0.07545973126673212,-0.02483313099748048,-0.020328732544636602,0.031543553733543055,0.0017367985798978443,0.4666666666666667,0.5333333333333333,patch_10_stride_5,20260824
development_2024,2024-06-10,422,0.031922599376990546,0.004235564783059205,-0.006522241810645525,0.03012167334724182,0.0018083027226641114,0.4666666666666667,0.5333333333333333,patch_10_stride_5,20260824
development_2024,2024-06-17,422,-0.16464821119009077,-0.031785579631035614,-0.02519994222087677,0.030305150061215792,0.0015552939859128695,0.5333333333333333,0.4666666666666667,patch_10_stride_5,20260824
development_2024,2024-06-24,422,-0.17996242047164165,-0.005790268376773974,-0.006136454428227852,0.02800334725018761,0.0015337586551149127,0.4,0.6,patch_10_stride_5,20260824
development_2024,2024-07-01,423,0.3199529364162803,0.0365112737112535,0.04213945385544265,0.02461655126402764,0.0011824518047975018,0.6666666666666666,0.3333333333333333,patch_10_stride_5,20260824
development_2024,2024-07-08,423,-0.15855468311513865,-0.0030728863494225364,-0.024890872732586868,0.03588790716411885,0.002139440055072513,0.3333333333333333,0.6666666666666666,patch_10_stride_5,20260824
development_2024,2024-07-15,423,-0.2799124240631201,-0.03568995387379399,-0.03718070567656466,0.03969877631468319,0.0030779915108039256,0.5333333333333333,0.4666666666666667,patch_10_stride_5,20260824
development_2024,2024-07-22,423,-0.11259475660561274,-0.020962404190281433,0.030370298278398853,0.03800032827426492,0.0030557524683929283,0.8,0.2,patch_10_stride_5,20260824
development_2024,2024-07-29,423,0.04317914159219636,-0.019118377983841837,-0.009563947271336762,0.05129710344042608,0.004601049260594728,0.6666666666666666,0.3333333333333333,patch_10_stride_5,20260824
development_2024,2024-08-05,423,-0.22684698088473956,0.0004354947722292604,-0.03773259923117771,0.03833860788621204,0.0031977247632916732,0.6,0.4,patch_10_stride_5,20260824
development_2024,2024-08-12,423,-0.25337803771301803,0.005145600877824161,-0.03543257136983201,0.04226892895612764,0.0035405189173703723,0.7333333333333333,0.26666666666666666,patch_10_stride_5,20260824
development_2024,2024-08-19,423,0.1256165164576678,0.008025830360121226,0.02394706963365187,0.029653852850461255,0.0016048109780230292,0.6666666666666666,0.3333333333333333,patch_10_stride_5,20260824
development_2024,2024-08-26,423,0.0677408655361513,-0.010646155659957777,0.010276974220704222,0.02368359573665022,0.0014997421868397376,0.4666666666666667,0.5333333333333333,patch_10_stride_5,20260824
development_2024,2024-09-02,423,0.21050108986347693,-0.01079373926107717,0.026806961551621274,0.05067149605497393,0.0038817289672062323,0.6666666666666666,0.3333333333333333,patch_10_stride_5,20260824
development_2024,2024-09-09,423,-0.09046247375226962,-8.390653351444954e-05,-0.020749433474362367,0.041485971599858916,0.0034191631937949022,0.4666666666666667,0.5333333333333333,patch_10_stride_5,20260824
development_2024,2024-09-16,423,-0.2337858629137565,-0.012922637069013122,-0.03235312967663212,0.033861453087413874,0.00222088628378461,0.7333333333333333,0.26666666666666666,patch_10_stride_5,20260824
development_2024,2024-09-23,423,-0.26316841736095126,-0.02932412196106917,-0.08244135953006909,0.039111698897896646,0.0043151274804865735,0.6,0.4,patch_10_stride_5,20260824
development_2024,2024-09-30,423,0.02343840670013946,0.02047047475805992,0.012673754331567675,0.03486574653227198,0.001938819460492883,0.6,0.4,patch_10_stride_5,20260824
development_2024,2024-10-07,423,-0.018742671088271646,0.004215054472439266,-0.015421225786714728,0.025689211328370567,0.001408333829603465,0.4666666666666667,0.5333333333333333,patch_10_stride_5,20260824
development_2024,2024-10-14,423,0.00779028832390603,-0.010170902986789963,0.004221527924175138,0.03065295776076021,0.0018766720243593214,0.6,0.4,patch_10_stride_5,20260824
development_2024,2024-10-21,423,0.028636741558710887,0.0198446454208847,0.014752280933524157,0.03875153495879918,0.0024888280905876353,0.9333333333333333,0.06666666666666667,patch_10_stride_5,20260824
development_2024,2024-10-28,423,0.07297281271027517,0.004318357625324155,0.03909473700998456,0.036731953800048886,0.0029593627181523485,0.6666666666666666,0.3333333333333333,patch_10_stride_5,20260824
development_2024,2024-11-04,423,0.284095254765497,0.05916241865917062,0.127910058720293,0.04670270632669697,0.004031840544633316,0.7333333333333333,0.26666666666666666,patch_10_stride_5,20260824
development_2024,2024-11-11,424,0.05115372202674727,0.04163842790068625,0.07517703218218713,0.045587996070928866,0.003386824872489623,0.8,0.2,patch_10_stride_5,20260824
development_2024,2024-11-18,424,0.25711652143796093,0.0732837015249926,0.026836033184142682,0.03471732070021263,0.004130876831652549,0.8666666666666667,0.13333333333333333,patch_10_stride_5,20260824
development_2024,2024-11-25,424,-0.3249313213844349,-0.03535281452224624,-0.06885651445937746,0.03297747471831632,0.002175162885496122,0.8666666666666667,0.13333333333333333,patch_10_stride_5,20260824
development_2024,2024-12-02,424,0.02415346226808668,0.023456494744010164,0.0058990698354591045,0.036908067748586695,0.002796306418381176,0.8,0.2,patch_10_stride_5,20260824
development_2024,2024-12-09,424,0.017718846671546978,0.0004362598063415036,0.01118542039746513,0.032434657422332966,0.0021283435831824307,0.8,0.2,patch_10_stride_5,20260824
development_2024,2024-12-16,424,0.08228524649522594,0.0018168095079976708,-0.0015649660029658854,0.038641890558703255,0.0023886395931512153,0.8666666666666667,0.13333333333333333,patch_10_stride_5,20260824
development_2024,2024-12-23,424,-0.16676222636786547,-0.015739991875637717,-0.025929669318676775,0.020325057300855872,0.0008724320731005277,0.9333333333333333,0.06666666666666667,patch_10_stride_5,20260824
development_2024,2024-01-08,420,0.11883595064111958,-0.0189352180672774,0.012526987699712505,0.030479774235320684,0.001793419924949011,,,patch_10_stride_5,20260825
development_2024,2024-01-15,420,0.22946032249939868,0.011779036516973167,0.03688177642542347,0.03271278795742533,0.0021603343975473126,0.6666666666666666,0.3333333333333333,patch_10_stride_5,20260825
development_2024,2024-01-22,420,-0.16606556726512053,-0.014545705129357255,-0.034093294932087514,0.030483447444824004,0.0018043260684333358,0.6,0.4,patch_10_stride_5,20260825
development_2024,2024-01-29,420,0.22315222065560786,0.023658037924567603,0.06007413946501257,0.03302611432525607,0.0021555363901081333,0.6666666666666666,0.3333333333333333,patch_10_stride_5,20260825
development_2024,2024-02-05,420,0.1503047069427831,0.03421182806434454,0.04033807103198451,0.03572783768726672,0.003405084573091469,0.5333333333333333,0.4666666666666667,patch_10_stride_5,20260825
development_2024,2024-02-12,420,-0.04554318011197018,0.023435803981799327,-0.0006542377372333145,0.03130760693470902,0.0018002799627054005,0.5333333333333333,0.4666666666666667,patch_10_stride_5,20260825
development_2024,2024-02-19,420,0.11238523835109368,0.02713299245457495,0.027338127805814207,0.026459984472824858,0.0015671385316705136,0.8666666666666667,0.13333333333333333,patch_10_stride_5,20260825
development_2024,2024-02-26,420,0.13719271165288432,0.008927369902279544,0.00904921880791542,0.033718644183523896,0.0034424964880610553,0.6,0.4,patch_10_stride_5,20260825
development_2024,2024-03-04,421,-0.1925888163237737,-0.007800499524970816,0.003954136113443615,0.030667064494822097,0.0019195878227934533,0.6,0.4,patch_10_stride_5,20260825
development_2024,2024-03-11,421,-0.16769322807192472,-0.007583705714771262,-0.02122403434599321,0.03726359378113805,0.0027138439299174495,0.7333333333333333,0.26666666666666666,patch_10_stride_5,20260825
development_2024,2024-03-18,421,0.20385266902692725,0.00971093373636088,0.02749197115216458,0.02709541685251332,0.001542516075053843,0.8,0.2,patch_10_stride_5,20260825
development_2024,2024-03-25,422,-0.15426336295129225,0.004168591631384736,-0.004741435416491434,0.026177359045483222,0.0012589211098557593,0.7333333333333333,0.26666666666666666,patch_10_stride_5,20260825
development_2024,2024-04-01,422,0.19522743441985743,0.006901946249696153,0.002214103336808014,0.03422113823489402,0.0020094658520743935,0.8,0.2,patch_10_stride_5,20260825
development_2024,2024-04-08,422,-0.13426635053525418,-0.01661567524802814,-0.04323031503240503,0.036355745161447295,0.0019381900366401302,0.8666666666666667,0.13333333333333333,patch_10_stride_5,20260825
development_2024,2024-04-15,422,-0.2547486976425312,-0.08603260275652827,-0.09583444663441046,0.04589969728833754,0.004000044799827202,0.8666666666666667,0.13333333333333333,patch_10_stride_5,20260825
development_2024,2024-04-22,422,0.06631869536950834,0.05067426438624818,0.03667782207820625,0.03993154397032915,0.00306035659132817,0.7333333333333333,0.26666666666666666,patch_10_stride_5,20260825
development_2024,2024-04-29,422,-0.22216231618714033,0.022156610253315983,0.00570497733508692,0.035341416969868956,0.0027172345062010904,0.6666666666666666,0.3333333333333333,patch_10_stride_5,20260825
development_2024,2024-05-06,422,0.11925817220379668,0.022728930504146063,0.03775213025592703,0.029686499965143567,0.001797984539846351,0.6666666666666666,0.3333333333333333,patch_10_stride_5,20260825
development_2024,2024-05-13,422,-5.3572125026162364e-05,0.05803538245708803,0.04851669039863944,0.029247989923275614,0.0017480314965003534,0.8666666666666667,0.13333333333333333,patch_10_stride_5,20260825
development_2024,2024-05-20,422,0.07151910341184166,-0.01201849304207444,0.0016117141848723225,0.033253714464939785,0.002188258966355419,0.8666666666666667,0.13333333333333333,patch_10_stride_5,20260825
development_2024,2024-05-27,422,-0.04198289987418136,-0.028973316561584937,-0.061422004552210224,0.033178065318543316,0.0022496593374426092,0.8,0.2,patch_10_stride_5,20260825
development_2024,2024-06-03,422,-0.10408704616036973,-0.026064543093942242,-0.020128748055761984,0.0318060817453194,0.0017734528652085149,0.5333333333333333,0.4666666666666667,patch_10_stride_5,20260825
development_2024,2024-06-10,422,0.02799834141978349,0.011927002179238385,0.011990210160501086,0.029968173099555157,0.0017739138033509938,0.4,0.6,patch_10_stride_5,20260825
development_2024,2024-06-17,422,-0.17829816455200495,-0.035051727082509504,-0.02976550145158401,0.029987890767003974,0.001523443302734568,0.6,0.4,patch_10_stride_5,20260825
development_2024,2024-06-24,422,-0.19079860030647902,-0.019516466093643416,-0.0323256028876633,0.02827852593010461,0.0015661017823134897,0.6,0.4,patch_10_stride_5,20260825
development_2024,2024-07-01,423,0.3072032460618099,0.028406766748860585,0.0308803501274578,0.02465478217288044,0.0011934909030510061,0.6666666666666666,0.3333333333333333,patch_10_stride_5,20260825
development_2024,2024-07-08,423,-0.19327398539957114,-0.0007948111962236583,-0.020395448814208798,0.036148807367643386,0.0021443947354651003,0.6,0.4,patch_10_stride_5,20260825
development_2024,2024-07-15,423,-0.25839768823372355,-0.04154449169390487,-0.03518559384454483,0.03986809531329579,0.0030741368283917856,0.8,0.2,patch_10_stride_5,20260825
development_2024,2024-07-22,423,-0.12788392081953168,-0.026101048467023033,-0.0171567109315148,0.03833323406850198,0.003094775523195329,0.7333333333333333,0.26666666666666666,patch_10_stride_5,20260825
development_2024,2024-07-29,423,0.06752254403371885,-0.020576482666340098,-0.02087483493961968,0.051137405666685135,0.00453812908689196,0.4666666666666667,0.5333333333333333,patch_10_stride_5,20260825
development_2024,2024-08-05,423,-0.15669094363722036,0.007623406751940354,0.00620923217180105,0.03613532962949448,0.002748966795777153,0.6,0.4,patch_10_stride_5,20260825
development_2024,2024-08-12,423,-0.1775581667462581,0.007148569143263846,-0.02929497545997125,0.039409575965834116,0.0029963956435766406,0.8,0.2,patch_10_stride_5,20260825
development_2024,2024-08-19,423,0.11685384921261566,0.01803668515694849,0.03103723508051636,0.028910003330225285,0.0015283031405865478,0.7333333333333333,0.26666666666666666,patch_10_stride_5,20260825
development_2024,2024-08-26,423,0.0878560923590328,-0.014227440976275978,0.016372290174996196,0.023545904880688563,0.001479086318004525,0.7333333333333333,0.26666666666666666,patch_10_stride_5,20260825
development_2024,2024-09-02,423,0.27476958123494183,0.004201245350450161,0.040424201068773515,0.050544177209752385,0.0038012109224247552,0.7333333333333333,0.26666666666666666,patch_10_stride_5,20260825
development_2024,2024-09-09,423,-0.054953123503697035,0.011412136741677764,-0.023302306775235974,0.04198132697584395,0.0034855941226156336,0.6,0.4,patch_10_stride_5,20260825
development_2024,2024-09-16,423,-0.21491635289887195,-0.013439056006594043,-0.029759055886865428,0.033519721674802314,0.002211087384738022,0.7333333333333333,0.26666666666666666,patch_10_stride_5,20260825
development_2024,2024-09-23,423,-0.27265089551453164,-0.02692983870444353,-0.08847511100172492,0.03910808876609252,0.004374087911129364,0.5333333333333333,0.4666666666666667,patch_10_stride_5,20260825
development_2024,2024-09-30,423,0.039171348608545264,0.03220255117028268,0.03017507556961148,0.03353681916967213,0.0018393033826453206,0.5333333333333333,0.4666666666666667,patch_10_stride_5,20260825
development_2024,2024-10-07,423,-0.000696345707104819,-0.03094745526101844,-0.06797161963677273,0.025609991864793347,0.0014278188107986678,0.6,0.4,patch_10_stride_5,20260825
development_2024,2024-10-14,423,0.07383040240283663,-0.019445112801392918,-0.00718834322832747,0.02939805799079394,0.0017464338721988066,0.6666666666666666,0.3333333333333333,patch_10_stride_5,20260825
development_2024,2024-10-21,423,0.028967315511195756,0.02399093075348159,0.01539837892031377,0.03659782778883561,0.0022830421321454603,0.7333333333333333,0.26666666666666666,patch_10_stride_5,20260825
development_2024,2024-10-28,423,0.07278033463914009,0.008300101820841675,0.04617941015067706,0.03614583664872758,0.002877748709910065,0.6666666666666666,0.3333333333333333,patch_10_stride_5,20260825
development_2024,2024-11-04,423,0.2860260603258619,0.05285145850512977,0.10758877440080877,0.046811345135866475,0.004111730658610376,0.7333333333333333,0.26666666666666666,patch_10_stride_5,20260825
development_2024,2024-11-11,424,0.14058296140616022,0.037691620672599194,0.059484641766859275,0.044653968623499914,0.003241110903306423,0.8,0.2,patch_10_stride_5,20260825
development_2024,2024-11-18,424,0.23059185617241676,0.06726762362469577,0.01792545978800275,0.03628557187680194,0.004456657726873821,0.7333333333333333,0.26666666666666666,patch_10_stride_5,20260825
development_2024,2024-11-25,424,-0.337038593839784,-0.03693138462361245,-0.0848724853595838,0.03341841078027468,0.0022299444871193234,0.9333333333333333,0.06666666666666667,patch_10_stride_5,20260825
development_2024,2024-12-02,424,0.05688793381664187,0.016961349857940827,0.03112555256828422,0.03653849379117267,0.0027108999606382323,0.8666666666666667,0.13333333333333333,patch_10_stride_5,20260825
development_2024,2024-12-09,424,0.002220542974315378,-0.007573224069038698,0.008306830110636317,0.03297182183506555,0.0021560829366546403,0.8,0.2,patch_10_stride_5,20260825
development_2024,2024-12-16,424,0.06038664683055076,-0.008085991536502551,-0.01799653545462238,0.0390589797260368,0.0024333051401034403,0.7333333333333333,0.26666666666666666,patch_10_stride_5,20260825
development_2024,2024-12-23,424,-0.17801434182665438,-0.02472858585199881,-0.03862304267273215,0.020553238107999527,0.0008689989633117492,0.8,0.2,patch_10_stride_5,20260825
development_2024,2024-01-08,420,0.07514781829828966,-0.016249939907271596,0.0023344545368792153,0.030895977914701656,0.0018280148231378378,,,patch_16_stride_8,20260823
development_2024,2024-01-15,420,0.18901986000892454,0.011761818473202209,0.026963080458540553,0.03287852907750077,0.0022025217027954636,0.5333333333333333,0.4666666666666667,patch_16_stride_8,20260823
development_2024,2024-01-22,420,-0.1880985719873695,-0.031184549822098746,-0.04715374159934273,0.031128366971000923,0.0018508865191382681,0.4666666666666667,0.5333333333333333,patch_16_stride_8,20260823
development_2024,2024-01-29,420,0.2089218192846898,0.009550547195119226,0.05614810058211743,0.03279594107363078,0.0021619322442915346,0.4666666666666667,0.5333333333333333,patch_16_stride_8,20260823
development_2024,2024-02-05,420,0.11457985265546533,0.04986381695104673,0.072689301034614,0.03601694517748343,0.0034281190850898586,0.6,0.4,patch_16_stride_8,20260823
development_2024,2024-02-12,420,-0.04027460473131934,0.014397450901104648,0.0007423433867683599,0.03154612734057556,0.0018318579305827796,0.4,0.6,patch_16_stride_8,20260823
development_2024,2024-02-19,420,0.10051490818764401,0.036287752031752635,0.034901994258630636,0.026603037962546035,0.0015484066755358165,0.6,0.4,patch_16_stride_8,20260823
development_2024,2024-02-26,420,0.15484149974935066,0.06933465293157957,0.05104142668166945,0.03341189606540542,0.003374053925664451,0.6,0.4,patch_16_stride_8,20260823
development_2024,2024-03-04,421,-0.1794796539817985,0.01810486092374279,0.015720410361654686,0.030299326787449374,0.0018943304000428784,0.6666666666666666,0.3333333333333333,patch_16_stride_8,20260823
development_2024,2024-03-11,421,-0.20724135879205616,0.0047552050339625986,0.013891177753408715,0.03692812430455156,0.002683893200662596,0.5333333333333333,0.4666666666666667,patch_16_stride_8,20260823
development_2024,2024-03-18,421,0.2182183109427016,-7.818921367324164e-05,0.007484564888649379,0.02726927372723151,0.0016064295923643676,0.6,0.4,patch_16_stride_8,20260823
development_2024,2024-03-25,422,-0.12824216132458394,-0.0018683465930292905,-0.01858385388614511,0.026402774365554674,0.0012961268579475948,0.4,0.6,patch_16_stride_8,20260823
development_2024,2024-04-01,422,0.1585609489882414,0.01795166903646093,0.022771206883319878,0.033876047761518396,0.001971546010495305,0.6666666666666666,0.3333333333333333,patch_16_stride_8,20260823
development_2024,2024-04-08,422,-0.12116265718048883,-0.008746858215954535,-0.025520444983776445,0.0366417436160617,0.00196347463010707,0.7333333333333333,0.26666666666666666,patch_16_stride_8,20260823
development_2024,2024-04-15,422,-0.224257936278874,-0.07258690355576633,-0.08293560532411451,0.04510171447384635,0.00390314123459243,0.7333333333333333,0.26666666666666666,patch_16_stride_8,20260823
development_2024,2024-04-22,422,0.007370677813500512,0.011184511652931231,0.00657057288509845,0.04047403391352181,0.00316442923287144,0.4,0.6,patch_16_stride_8,20260823
development_2024,2024-04-29,422,-0.1391349467404477,0.02922709988421251,0.00861999306173655,0.03466484629965826,0.0026139954787813423,0.4666666666666667,0.5333333333333333,patch_16_stride_8,20260823
development_2024,2024-05-06,422,0.10070704823111798,0.0015787493075331595,0.02655614354869539,0.030207178617305392,0.0018162951098297155,0.4,0.6,patch_16_stride_8,20260823
development_2024,2024-05-13,422,-0.06271052358129581,0.03675074572312291,0.0059371660710163185,0.029216304419105613,0.0017030037707134594,0.5333333333333333,0.4666666666666667,patch_16_stride_8,20260823
development_2024,2024-05-20,422,0.1687249619186836,0.01628668616006864,0.040201948805982136,0.03214485412969381,0.002050455989766937,0.6666666666666666,0.3333333333333333,patch_16_stride_8,20260823
development_2024,2024-05-27,422,-0.02818412618877619,-0.0289071528841926,-0.048298079391013785,0.03323165943229112,0.002219270749558336,0.8,0.2,patch_16_stride_8,20260823
development_2024,2024-06-03,422,-0.14844532455665987,-0.02951847044695158,-0.03275627699360589,0.03196611897069835,0.0018000356924331642,0.5333333333333333,0.4666666666666667,patch_16_stride_8,20260823
development_2024,2024-06-10,422,0.0946633820274144,0.011477375596223362,0.005762938517716311,0.030019978289735284,0.001742636476312293,0.26666666666666666,0.7333333333333333,patch_16_stride_8,20260823
development_2024,2024-06-17,422,-0.18362599600436594,-0.024514526566908057,-0.005296894557868975,0.029934789902505796,0.0015239088522913658,0.4,0.6,patch_16_stride_8,20260823
development_2024,2024-06-24,422,-0.12171171641934944,-0.012835249107747448,-0.009267133815116497,0.028095374136458805,0.0015269378098907431,0.2,0.8,patch_16_stride_8,20260823
development_2024,2024-07-01,423,0.2629654750783706,0.02435620023772859,0.01597471597994194,0.02541118220645143,0.0013214928671733811,0.26666666666666666,0.7333333333333333,patch_16_stride_8,20260823
development_2024,2024-07-08,423,-0.1602581298995499,0.01266008774719296,-0.006472716952710046,0.03769500534678473,0.002356194922213399,0.3333333333333333,0.6666666666666666,patch_16_stride_8,20260823
development_2024,2024-07-15,423,-0.2473939357040797,-0.026361054195858696,-0.0432809638670088,0.039873518953271354,0.0030771858184323905,0.3333333333333333,0.6666666666666666,patch_16_stride_8,20260823
development_2024,2024-07-22,423,-0.05227666360350659,-0.02719697944388033,0.008631986910631887,0.03774531525721441,0.0030246619222246097,0.6,0.4,patch_16_stride_8,20260823
development_2024,2024-07-29,423,0.029281083305904412,-0.033001431051304334,-0.03637292449074808,0.05007743606641837,0.004430677656250711,0.4666666666666667,0.5333333333333333,patch_16_stride_8,20260823
development_2024,2024-08-05,423,-0.08588866205860846,0.025892656402575646,0.007583109094061947,0.035862963122633325,0.0028227148787035427,0.4,0.6,patch_16_stride_8,20260823
development_2024,2024-08-12,423,-0.04190012956596354,0.02033222312332434,-0.007784985620736477,0.039275821002112896,0.002929234257205384,0.3333333333333333,0.6666666666666666,patch_16_stride_8,20260823
development_2024,2024-08-19,423,0.027797543510508286,0.005058492679104749,0.011381547247373027,0.030265633834938473,0.001661228156724855,0.4,0.6,patch_16_stride_8,20260823
development_2024,2024-08-26,423,0.02033006025483209,-0.010761840871879022,0.020569919300379727,0.024157496876310955,0.0015757146681010456,0.4,0.6,patch_16_stride_8,20260823
development_2024,2024-09-02,423,0.19107237873088775,-0.002552555097304565,0.020867184608527843,0.051413828461080405,0.003953737700593695,0.4,0.6,patch_16_stride_8,20260823
development_2024,2024-09-09,423,-0.049024196427835315,0.009883025701554589,-0.001578310340738527,0.04130105590408385,0.0033960743618510056,0.13333333333333333,0.8666666666666667,patch_16_stride_8,20260823
development_2024,2024-09-16,423,-0.21368490547011895,-0.021280241379716142,-0.03737837928657968,0.03380907472075214,0.002253104260277578,0.4,0.6,patch_16_stride_8,20260823
development_2024,2024-09-23,423,-0.29004130509645143,-0.02414070210920156,-0.09137783409355886,0.03986506525462245,0.004457034799859156,0.3333333333333333,0.6666666666666666,patch_16_stride_8,20260823
development_2024,2024-09-30,423,0.044443408593210436,0.009091870265670064,0.02233879485672849,0.03503711039823808,0.0019515735273389356,0.4,0.6,patch_16_stride_8,20260823
development_2024,2024-10-07,423,-0.051388315471241494,-0.0020380930162911468,-0.028452323898109345,0.026383022653370294,0.0014732449527353668,0.26666666666666666,0.7333333333333333,patch_16_stride_8,20260823
development_2024,2024-10-14,423,0.054889704040390584,-0.01069101287427832,0.001791632887111299,0.029690912990452338,0.001756590141140946,0.4666666666666667,0.5333333333333333,patch_16_stride_8,20260823
development_2024,2024-10-21,423,-0.02032736492764156,0.017437437671115146,0.00828985249667737,0.03773854483475911,0.002396342420788147,0.3333333333333333,0.6666666666666666,patch_16_stride_8,20260823
development_2024,2024-10-28,423,0.0632894534066716,-0.00669834230922378,0.015025500465214132,0.03558139186743142,0.0028587406666575194,0.4666666666666667,0.5333333333333333,patch_16_stride_8,20260823
development_2024,2024-11-04,423,0.2694177712751688,0.047025122946958424,0.12296168738981716,0.046897379251104994,0.004120650660681426,0.6,0.4,patch_16_stride_8,20260823
development_2024,2024-11-11,424,0.13757904928330222,0.047602597938811664,0.07622846696937903,0.04379865876049697,0.0031588681374193346,0.4666666666666667,0.5333333333333333,patch_16_stride_8,20260823
development_2024,2024-11-18,424,0.2392707865964531,0.0636319507270909,0.09184546010619228,0.03595163686866618,0.004147015054874423,0.7333333333333333,0.26666666666666666,patch_16_stride_8,20260823
development_2024,2024-11-25,424,-0.253873473917869,-0.029790589503274685,-0.06147882445053392,0.03201304409358803,0.0020978242511111487,0.7333333333333333,0.26666666666666666,patch_16_stride_8,20260823
development_2024,2024-12-02,424,0.050590911595469176,0.021314803751041854,0.006870676512641602,0.03717889583564734,0.0028102776765214317,0.8,0.2,patch_16_stride_8,20260823
development_2024,2024-12-09,424,0.002147967978841476,0.0027228697073757805,0.01994509350273886,0.032009316232883785,0.002052007339793481,0.6,0.4,patch_16_stride_8,20260823
development_2024,2024-12-16,424,0.07720373737612267,-0.011550894997775854,-0.012671343789383921,0.0394944378456427,0.0025185059885527153,0.7333333333333333,0.26666666666666666,patch_16_stride_8,20260823
development_2024,2024-12-23,424,-0.16896781354051055,-0.021525130929025884,-0.03201329983212484,0.019853310254357662,0.0008514219292124457,0.6666666666666666,0.3333333333333333,patch_16_stride_8,20260823
development_2024,2024-01-08,420,0.07922931211952125,-0.012445955521665598,0.021467169034541073,0.030764921237827137,0.0018058880879935635,,,patch_16_stride_8,20260824
development_2024,2024-01-15,420,0.16188737707453799,0.016729396798772455,0.025258516303155648,0.033256491410851914,0.0022259246040093844,0.5333333333333333,0.4666666666666667,patch_16_stride_8,20260824
development_2024,2024-01-22,420,-0.16695624286823785,-0.027245373903653322,-0.04478638451735749,0.03103146125258365,0.0018597864449210945,0.3333333333333333,0.6666666666666666,patch_16_stride_8,20260824
development_2024,2024-01-29,420,0.22512226745697456,-0.00539557699460499,0.02352585497642987,0.03187236356340383,0.002112289788749545,0.4666666666666667,0.5333333333333333,patch_16_stride_8,20260824
development_2024,2024-02-05,420,0.07837216440326435,-0.0004910216170835192,0.018061663197500213,0.03640180059846401,0.003514880041798763,0.4,0.6,patch_16_stride_8,20260824
development_2024,2024-02-12,420,-0.06925371297051408,0.005980359529771102,-0.033327874005101024,0.0317146712110372,0.0018568782241499026,0.4666666666666667,0.5333333333333333,patch_16_stride_8,20260824
development_2024,2024-02-19,420,0.10514159479125638,0.028407767849126082,0.041306671605234074,0.026469236465781674,0.0015686391318898596,0.4666666666666667,0.5333333333333333,patch_16_stride_8,20260824
development_2024,2024-02-26,420,0.16620923507016963,0.029698107946250715,0.006087407589860747,0.03364500385613108,0.0034544022169850285,0.5333333333333333,0.4666666666666667,patch_16_stride_8,20260824
development_2024,2024-03-04,421,-0.18421368344705918,0.025926216534665404,0.013671213744217696,0.030287237084042965,0.0019064627786375432,0.4666666666666667,0.5333333333333333,patch_16_stride_8,20260824
development_2024,2024-03-11,421,-0.18845866227523533,0.002841936877092535,0.004355910087794073,0.036590543031129324,0.0026750764037693593,0.5333333333333333,0.4666666666666667,patch_16_stride_8,20260824
development_2024,2024-03-18,421,0.2560731797326699,0.014847281819215328,0.03187252896557292,0.027875278695082065,0.0016550053890236546,0.5333333333333333,0.4666666666666667,patch_16_stride_8,20260824
development_2024,2024-03-25,422,-0.15570941107311034,-0.005067062679975631,-0.030589177810107764,0.026413527150733238,0.001317646138270851,0.6666666666666666,0.3333333333333333,patch_16_stride_8,20260824
development_2024,2024-04-01,422,0.14279094473041526,0.007348551575624227,-0.0012021387064056512,0.0341157379732277,0.0020335637970527605,0.6,0.4,patch_16_stride_8,20260824
development_2024,2024-04-08,422,-0.12400333696042955,-0.00980406633539872,-0.032482083372865504,0.035964358864796465,0.0019012948519449876,0.6,0.4,patch_16_stride_8,20260824
development_2024,2024-04-15,422,-0.2163148910302303,-0.07234231133039735,-0.06030237687311957,0.04497636758917538,0.003884102403449154,0.6,0.4,patch_16_stride_8,20260824
development_2024,2024-04-22,422,-0.01291439454199867,0.025101527742378324,0.018017055117871675,0.04100251619487346,0.003228070061690938,0.4666666666666667,0.5333333333333333,patch_16_stride_8,20260824
development_2024,2024-04-29,422,-0.1406680196222471,0.025040763679980895,0.008247067011716396,0.03477924848123996,0.002664345236133787,0.4,0.6,patch_16_stride_8,20260824
development_2024,2024-05-06,422,0.07611672527265297,0.004420406009676005,0.04033723616115052,0.030606047254206434,0.0018563695795020476,0.6,0.4,patch_16_stride_8,20260824
development_2024,2024-05-13,422,-0.06273200033484579,0.033597252567326305,0.009204095527402055,0.02956320916194623,0.0017646611131688467,0.4666666666666667,0.5333333333333333,patch_16_stride_8,20260824
development_2024,2024-05-20,422,0.1371146948812116,0.0029245126422568265,0.029239980926234508,0.03209571936550611,0.002019582524858758,0.5333333333333333,0.4666666666666667,patch_16_stride_8,20260824
development_2024,2024-05-27,422,-0.02960382736491183,-0.015078934176811583,-0.026073759273389164,0.032830711619205935,0.002178724304692884,0.6666666666666666,0.3333333333333333,patch_16_stride_8,20260824
development_2024,2024-06-03,422,-0.17167359118983663,-0.027787063843134643,-0.02818036883574756,0.032305621685060217,0.0018228150965474517,0.4666666666666667,0.5333333333333333,patch_16_stride_8,20260824
development_2024,2024-06-10,422,0.06863291801097644,0.014931954510319501,0.0013018693174548322,0.03007536584756506,0.0017597671274318775,0.3333333333333333,0.6666666666666666,patch_16_stride_8,20260824
development_2024,2024-06-17,422,-0.17019320534625837,-0.028956125568323207,0.0014889178011397025,0.03018973063826943,0.0015393689377957828,0.4,0.6,patch_16_stride_8,20260824
development_2024,2024-06-24,422,-0.12315752508119561,-0.015682182518122218,0.0018013712818747626,0.027731353168754636,0.0014927509203491647,0.4666666666666667,0.5333333333333333,patch_16_stride_8,20260824
development_2024,2024-07-01,423,0.2840836807134436,0.02219294570243016,0.006889784600887173,0.025320385451336462,0.001325038090549419,0.4666666666666667,0.5333333333333333,patch_16_stride_8,20260824
development_2024,2024-07-08,423,-0.1245804009758987,0.01357077288191541,0.0043810928184863165,0.03740242874567125,0.002319606118453947,0.3333333333333333,0.6666666666666666,patch_16_stride_8,20260824
development_2024,2024-07-15,423,-0.273736636726338,-0.026421920488736397,-0.04206470063905222,0.03940817582040135,0.0030254286818309868,0.4666666666666667,0.5333333333333333,patch_16_stride_8,20260824
development_2024,2024-07-22,423,-0.1001789697254508,-0.027213203722127932,-0.02476962363707673,0.038220291213762615,0.0030710865441372116,0.6,0.4,patch_16_stride_8,20260824
development_2024,2024-07-29,423,0.03172463648457659,-0.019326114403316646,-0.009685939514308656,0.04955361817629638,0.0043198634366739515,0.4666666666666667,0.5333333333333333,patch_16_stride_8,20260824
development_2024,2024-08-05,423,-0.06882406996942547,0.017787505520491447,-0.013978884452866481,0.03626421942213809,0.002932672505569012,0.5333333333333333,0.4666666666666667,patch_16_stride_8,20260824
development_2024,2024-08-12,423,-0.0831074014953041,0.01722288878282035,-0.011180234708928906,0.040765847374843484,0.0030779061563890177,0.2,0.8,patch_16_stride_8,20260824
development_2024,2024-08-19,423,0.022068863390036674,0.004486916710485997,0.011762562346843013,0.03012387794817203,0.0016600740330332264,0.4666666666666667,0.5333333333333333,patch_16_stride_8,20260824
development_2024,2024-08-26,423,0.04109248270075589,-0.004664934025756644,0.013984827697775145,0.02395367583560909,0.0015474387698726688,0.3333333333333333,0.6666666666666666,patch_16_stride_8,20260824
development_2024,2024-09-02,423,0.20759774683330764,-0.01641298583895709,0.011468616877941713,0.04948191505547056,0.0037347289790384936,0.5333333333333333,0.4666666666666667,patch_16_stride_8,20260824
development_2024,2024-09-09,423,-0.02687161934623412,0.005174892678858636,0.0013438770167019248,0.04130342731176526,0.003370968031479077,0.3333333333333333,0.6666666666666666,patch_16_stride_8,20260824
development_2024,2024-09-16,423,-0.2641282709380944,-0.0218964837081414,-0.029017967741564482,0.03566823621368452,0.0024747356105183005,0.6,0.4,patch_16_stride_8,20260824
development_2024,2024-09-23,423,-0.2332331622910408,-0.025534116944987945,-0.10722087149206298,0.03878602591322804,0.004326347176203855,0.3333333333333333,0.6666666666666666,patch_16_stride_8,20260824
development_2024,2024-09-30,423,-0.031756820604729945,0.022060997878751477,0.035073790933260275,0.03437662676452802,0.0019181494929427405,0.4,0.6,patch_16_stride_8,20260824
development_2024,2024-10-07,423,-0.03878512407700899,0.012695412922201171,-0.015900357637500057,0.026063152731092998,0.0014308658556977296,0.3333333333333333,0.6666666666666666,patch_16_stride_8,20260824
development_2024,2024-10-14,423,0.09100914952597122,-0.009805711884332378,0.02006580438764398,0.029581199434057997,0.0016997365416082056,0.3333333333333333,0.6666666666666666,patch_16_stride_8,20260824
development_2024,2024-10-21,423,-0.03264199776382972,0.018860691750739064,0.014760880978056112,0.03593013522750393,0.0022579364373081397,0.3333333333333333,0.6666666666666666,patch_16_stride_8,20260824
development_2024,2024-10-28,423,0.04958228770493207,-0.0002074443927566061,0.034616290901792544,0.03483592084988936,0.0028190297407665733,0.4,0.6,patch_16_stride_8,20260824
development_2024,2024-11-04,423,0.2767764901512744,0.07396878410995322,0.13081869617811068,0.04799794953983231,0.004280381834485606,0.5333333333333333,0.4666666666666667,patch_16_stride_8,20260824
development_2024,2024-11-11,424,0.12675341031635456,0.047159777755100676,0.06979277833180805,0.04467305675968826,0.00328822275672157,0.6666666666666666,0.3333333333333333,patch_16_stride_8,20260824
development_2024,2024-11-18,424,0.24936642501239756,0.10910179118895626,0.11312959071602974,0.03615410731421234,0.003956846372600559,0.6666666666666666,0.3333333333333333,patch_16_stride_8,20260824
development_2024,2024-11-25,424,-0.2701888366747743,-0.03407332148092259,-0.067450776974328,0.03214961754940606,0.002064446550529488,0.8,0.2,patch_16_stride_8,20260824
development_2024,2024-12-02,424,0.039377051503058064,0.017057164321162072,-0.007606233407168261,0.036935217834798875,0.0028143054981634172,0.8,0.2,patch_16_stride_8,20260824
development_2024,2024-12-09,424,0.032437402098535115,-0.004540605103519054,0.011331257383142574,0.0309213112255207,0.001979173180369054,0.7333333333333333,0.26666666666666666,patch_16_stride_8,20260824
development_2024,2024-12-16,424,0.0742286348501665,-0.0012617579085973316,-0.002418410390240412,0.03802071975971988,0.0024154553458550212,0.6666666666666666,0.3333333333333333,patch_16_stride_8,20260824
development_2024,2024-12-23,424,-0.21136514983351828,-0.016798793021755007,-0.030852508892597517,0.020171191263066074,0.00090541972864044,0.7333333333333333,0.26666666666666666,patch_16_stride_8,20260824
development_2024,2024-01-08,420,0.05064767940861343,-0.02596916148773408,0.004536625068087436,0.030752057735365743,0.0018280154878377523,,,patch_16_stride_8,20260825
development_2024,2024-01-15,420,0.11428798187226523,0.031511181968781894,0.04393529941008202,0.03369077773512833,0.0022460560876942934,0.3333333333333333,0.6666666666666666,patch_16_stride_8,20260825
development_2024,2024-01-22,420,-0.16908534466910646,-0.015290592699669432,-0.0408151085035892,0.031075447497189216,0.00185506555862127,0.26666666666666666,0.7333333333333333,patch_16_stride_8,20260825
development_2024,2024-01-29,420,0.21710602505845109,-0.01368130063277767,0.014292833213171138,0.03202699810100308,0.0021283999691712567,0.6,0.4,patch_16_stride_8,20260825
development_2024,2024-02-05,420,0.12682627776477515,0.060744218585801424,0.08064489918678225,0.03611461213828483,0.0034064119879554907,0.3333333333333333,0.6666666666666666,patch_16_stride_8,20260825
development_2024,2024-02-12,420,-0.0820595840760354,0.014101999289627631,-0.024507858742650223,0.030905705214737882,0.001810316839459806,0.26666666666666666,0.7333333333333333,patch_16_stride_8,20260825
development_2024,2024-02-19,420,0.072302000104552,0.00701127382824508,-0.0004538298443251404,0.02699157299933731,0.0016193866084970583,0.5333333333333333,0.4666666666666667,patch_16_stride_8,20260825
development_2024,2024-02-26,420,0.12611668514479754,0.03167652543154775,-0.0017553269082397627,0.03391183354529613,0.003485704717743009,0.4666666666666667,0.5333333333333333,patch_16_stride_8,20260825
development_2024,2024-03-04,421,-0.17405780157184508,0.01878247720088686,0.0021303593517974125,0.030232690008045706,0.0019072979389575546,0.6,0.4,patch_16_stride_8,20260825
development_2024,2024-03-11,421,-0.2163864931322238,0.008559137336693598,-0.008175189213514372,0.037735605001975585,0.0028051986392565557,0.6,0.4,patch_16_stride_8,20260825
development_2024,2024-03-18,421,0.22949646879614397,0.007348866703927096,0.012714252459244447,0.027731793443204224,0.001639008298677321,0.4,0.6,patch_16_stride_8,20260825
development_2024,2024-03-25,422,-0.15678388742157695,-0.008542550311991649,-0.0269998147858337,0.02637541842073552,0.0012896731915888894,0.5333333333333333,0.4666666666666667,patch_16_stride_8,20260825
development_2024,2024-04-01,422,0.13771620363506415,0.012328742661169505,0.005807603929818495,0.03443983716458021,0.0020443819346065853,0.6,0.4,patch_16_stride_8,20260825
development_2024,2024-04-08,422,-0.1040087197212717,-0.02418626264252174,-0.033712489425666244,0.03637838267137474,0.001921084783577103,0.6,0.4,patch_16_stride_8,20260825
development_2024,2024-04-15,422,-0.19808551915179445,-0.07234231133039734,-0.06671334602886397,0.04456426840143344,0.0038189738995952544,0.6666666666666666,0.3333333333333333,patch_16_stride_8,20260825
development_2024,2024-04-22,422,0.02170804694003779,0.023461669667296133,0.027626096566654632,0.040330849801973066,0.003120794981266071,0.4,0.6,patch_16_stride_8,20260825
development_2024,2024-04-29,422,-0.1367158180914257,0.023816819747695197,0.00025792503617086404,0.03465529081587937,0.0025956484834952563,0.3333333333333333,0.6666666666666666,patch_16_stride_8,20260825
development_2024,2024-05-06,422,0.06065665690312732,0.004080302212808154,0.013825481139729236,0.030487669201662078,0.0018284770772230223,0.6666666666666666,0.3333333333333333,patch_16_stride_8,20260825
development_2024,2024-05-13,422,-0.047045507284711255,0.0409795392302446,0.02151375613043751,0.029424690479405196,0.0017305438558502528,0.4,0.6,patch_16_stride_8,20260825
development_2024,2024-05-20,422,0.1365028070275448,0.0055091133137832125,0.03477361579465704,0.03243782911166314,0.0020582468444787067,0.5333333333333333,0.4666666666666667,patch_16_stride_8,20260825
development_2024,2024-05-27,422,-0.00688158269455962,-0.01958083615500037,-0.04650685393267999,0.0325715248452051,0.0021544784887453684,0.5333333333333333,0.4666666666666667,patch_16_stride_8,20260825
development_2024,2024-06-03,422,-0.15192439895329182,-0.018885287539833633,-0.03228929297109323,0.03222471785430996,0.0018120837508706462,0.4666666666666667,0.5333333333333333,patch_16_stride_8,20260825
development_2024,2024-06-10,422,0.06834533709541124,0.0069123814010395735,-0.006239552220474923,0.030227029339264196,0.0017693618937830462,0.4666666666666667,0.5333333333333333,patch_16_stride_8,20260825
development_2024,2024-06-17,422,-0.19069208715793184,-0.020157769923633072,0.006120901782413474,0.030503462794244682,0.0015826985852221238,0.26666666666666666,0.7333333333333333,patch_16_stride_8,20260825
development_2024,2024-06-24,422,-0.11915135207141501,-0.019039788729013424,-0.0006288916956957574,0.0275352908997178,0.0014689625754613555,0.26666666666666666,0.7333333333333333,patch_16_stride_8,20260825
development_2024,2024-07-01,423,0.25025114107469354,0.02760977140018899,0.021522832498367096,0.025583122142770403,0.0013665310453658483,0.3333333333333333,0.6666666666666666,patch_16_stride_8,20260825
development_2024,2024-07-08,423,-0.1567454843756639,0.009318169304862053,0.002413428242378647,0.03684475988365205,0.0022493302177611176,0.2,0.8,patch_16_stride_8,20260825
development_2024,2024-07-15,423,-0.2766474315434458,-0.03444053818149466,-0.04703076342672337,0.03956915979376854,0.003082708951305533,0.26666666666666666,0.7333333333333333,patch_16_stride_8,20260825
development_2024,2024-07-22,423,-0.09477785113295699,-0.02808806712068973,0.004428288751514294,0.03802485094246677,0.00304338114307789,0.4666666666666667,0.5333333333333333,patch_16_stride_8,20260825
development_2024,2024-07-29,423,-0.010783052797337395,-0.019478852629807263,0.008298741639621833,0.05018343217992978,0.004439263108613646,0.4,0.6,patch_16_stride_8,20260825
development_2024,2024-08-05,423,-0.08451024002364277,0.033431801349397404,-0.012052380627804796,0.036222955226827544,0.0029165328187014164,0.5333333333333333,0.4666666666666667,patch_16_stride_8,20260825
development_2024,2024-08-12,423,-0.08205083323661864,0.008150076368775079,-0.02047511446772899,0.040578750207697016,0.003057835168979596,0.2,0.8,patch_16_stride_8,20260825
development_2024,2024-08-19,423,0.014403352860186085,0.003616165026323715,0.0015899700772362656,0.02978661705238445,0.0015826428187859299,0.4,0.6,patch_16_stride_8,20260825
development_2024,2024-08-26,423,0.009270022951503771,-0.007968545858992024,0.009165652912792557,0.024105121091261224,0.0015570776597018158,0.4,0.6,patch_16_stride_8,20260825
development_2024,2024-09-02,423,0.22973764002224753,-0.0052478826612498836,0.008266555904404144,0.04960430656667548,0.0037262931245256323,0.4666666666666667,0.5333333333333333,patch_16_stride_8,20260825
development_2024,2024-09-09,423,-0.14396995058989612,0.0036426484464671324,-0.012943600928729863,0.042580111451503706,0.0036167742172794164,0.3333333333333333,0.6666666666666666,patch_16_stride_8,20260825
development_2024,2024-09-16,423,-0.23678766466070902,-0.020189871192679443,-0.028430713130195892,0.03417346682373303,0.002282297805714335,0.5333333333333333,0.4666666666666667,patch_16_stride_8,20260825
development_2024,2024-09-23,423,-0.2513803246188649,-0.02183707381276257,-0.07361060192536964,0.03923417909915625,0.004381295348196103,0.3333333333333333,0.6666666666666666,patch_16_stride_8,20260825
development_2024,2024-09-30,423,0.02163047634993084,0.025979047273809,0.034466151287608354,0.034684492302807936,0.0019112946592820738,0.4666666666666667,0.5333333333333333,patch_16_stride_8,20260825
development_2024,2024-10-07,423,-0.023614554259473123,-0.008297631723265206,-0.033562877612040055,0.02581923009887103,0.0014302022790813012,0.4,0.6,patch_16_stride_8,20260825
development_2024,2024-10-14,423,0.1364132044396161,-0.013901628371377057,0.007153760102591767,0.02890428068501147,0.0016180990030710768,0.4,0.6,patch_16_stride_8,20260825
development_2024,2024-10-21,423,-0.02394354272537533,0.009628896890391092,0.0077428587088094886,0.03732965144288186,0.0023684818756883096,0.4,0.6,patch_16_stride_8,20260825
development_2024,2024-10-28,423,0.03717109873585984,0.012399855467972107,0.04667560292384927,0.03534943369521077,0.0028478384348737834,0.4,0.6,patch_16_stride_8,20260825
development_2024,2024-11-04,423,0.23895914708432187,0.0644885846782296,0.11348431727197207,0.048040513514076774,0.004279203301772372,0.4666666666666667,0.5333333333333333,patch_16_stride_8,20260825
development_2024,2024-11-11,424,0.060329657354712254,0.04319947681585206,0.06088411827350177,0.045372837546707234,0.0033910868217408682,0.6666666666666666,0.3333333333333333,patch_16_stride_8,20260825
development_2024,2024-11-18,424,0.25503750757629423,0.0620292625056857,0.08109000069529168,0.03587217177802045,0.003941628587726979,0.8,0.2,patch_16_stride_8,20260825
development_2024,2024-11-25,424,-0.26149479301957634,-0.03092340436089817,-0.060806163841017766,0.03244033473145623,0.0021249934482985935,0.8666666666666667,0.13333333333333333,patch_16_stride_8,20260825
development_2024,2024-12-02,424,0.038133358522051936,0.0170466689185889,-0.006143300675301191,0.036932963442587306,0.002816555534288637,0.6,0.4,patch_16_stride_8,20260825
development_2024,2024-12-09,424,0.032218575105674545,0.006031948173731568,0.02236572274359455,0.03117626813357934,0.0019767335950535373,0.6,0.4,patch_16_stride_8,20260825
development_2024,2024-12-16,424,0.05799859887752773,-0.0012617579085973246,-0.011769213509463767,0.038295477652310415,0.0024008568167317645,0.7333333333333333,0.26666666666666666,patch_16_stride_8,20260825
development_2024,2024-12-23,424,-0.18828834785620388,-0.01159241330435842,-0.02220434211769077,0.01979149928181616,0.0008390702821800259,0.7333333333333333,0.26666666666666666,patch_16_stride_8,20260825
development_2024,2024-01-08,420,0.13051256364427072,-0.0289346401194136,-0.0020099011985945884,0.03054968901960005,0.0017990838805907513,,,patch_8_stride_4,ensemble
development_2024,2024-01-15,420,0.29318209610841656,0.019743370400840208,0.050064851437176344,0.032567130303397224,0.00215577326227461,0.7333333333333333,0.26666666666666666,patch_8_stride_4,ensemble
development_2024,2024-01-22,420,-0.1767203085861355,-0.007376531656842511,-0.030623615517385433,0.030752893026287333,0.001811144914667127,0.6,0.4,patch_8_stride_4,ensemble
development_2024,2024-01-29,420,0.20571026884668117,0.010263964086697858,0.0470602430336346,0.03329539315913726,0.002188482295624121,0.7333333333333333,0.26666666666666666,patch_8_stride_4,ensemble
development_2024,2024-02-05,420,0.15910666808120874,0.02803187082190661,0.04755671487193362,0.03565015066413997,0.0033843412982177477,0.7333333333333333,0.26666666666666666,patch_8_stride_4,ensemble
development_2024,2024-02-12,420,-0.06321383422160637,0.023466361144335972,-0.00365564843058468,0.031189953580985776,0.001813197564010033,0.5333333333333333,0.4666666666666667,patch_8_stride_4,ensemble
development_2024,2024-02-19,420,0.11053610242915633,0.02970662847725497,0.03539511590309042,0.026532119722879572,0.0015659130618035845,0.7333333333333333,0.26666666666666666,patch_8_stride_4,ensemble
development_2024,2024-02-26,420,0.14290476217471268,0.026477346111001613,0.03332581134736726,0.033457484706851455,0.003384186705199177,0.8,0.2,patch_8_stride_4,ensemble
development_2024,2024-03-04,421,-0.1657532682445157,0.01696900657748173,0.027684789558575555,0.030172606298184586,0.001878659091421882,0.6666666666666666,0.3333333333333333,patch_8_stride_4,ensemble
development_2024,2024-03-11,421,-0.1967837804370096,-0.009191988840149906,-0.049797832758840734,0.03668930307240366,0.0026608285117796756,0.9333333333333333,0.06666666666666667,patch_8_stride_4,ensemble
development_2024,2024-03-18,421,0.21186483369965914,0.01809809556574189,0.025388256144873785,0.027754003077490454,0.0016190300354703212,0.7333333333333333,0.26666666666666666,patch_8_stride_4,ensemble
development_2024,2024-03-25,422,-0.14089588078278534,0.0012930019068007285,-0.0088429801925894,0.02616243065577278,0.0012565861536342061,0.7333333333333333,0.26666666666666666,patch_8_stride_4,ensemble
development_2024,2024-04-01,422,0.16527447010503893,0.012175171968573664,0.013160584666803107,0.03481639049245664,0.0020582591530137395,0.8666666666666667,0.13333333333333333,patch_8_stride_4,ensemble
development_2024,2024-04-08,422,-0.13529084752615356,-0.010145650849930712,-0.032359387529259126,0.03666564218466545,0.0019622299890699373,0.8,0.2,patch_8_stride_4,ensemble
development_2024,2024-04-15,422,-0.22387774186875378,-0.07161726158383515,-0.0720419726480751,0.046084299862369234,0.0040051607861737466,0.9333333333333333,0.06666666666666667,patch_8_stride_4,ensemble
development_2024,2024-04-22,422,0.029513130000380836,0.06568946809406084,0.05694747681268544,0.0404141834426956,0.003141787969034621,0.8,0.2,patch_8_stride_4,ensemble
development_2024,2024-04-29,422,-0.20458634856162844,0.0315005720885934,0.014601045610313688,0.03505339781632108,0.002658082569065066,0.7333333333333333,0.26666666666666666,patch_8_stride_4,ensemble
development_2024,2024-05-06,422,0.0919865285671549,0.0077557483321751795,0.03820651723168556,0.029811129310733306,0.0018053258759079792,0.8,0.2,patch_8_stride_4,ensemble
development_2024,2024-05-13,422,0.003088421031873381,0.04490747753852031,0.05290266668031728,0.029039159223478512,0.0017275061417380637,0.8,0.2,patch_8_stride_4,ensemble
development_2024,2024-05-20,422,0.08188319345101157,-0.005111611126291803,0.021548578737756924,0.03282729790620899,0.002140249990680369,0.8,0.2,patch_8_stride_4,ensemble
development_2024,2024-05-27,422,-0.033298946577256315,-0.02800150673211274,-0.05419515453679218,0.032876374506674466,0.0022052371691103864,0.7333333333333333,0.26666666666666666,patch_8_stride_4,ensemble
development_2024,2024-06-03,422,-0.10886454599560151,-0.028881653349569172,-0.0288837276803192,0.031815840376505845,0.0017839533735095495,0.6666666666666666,0.3333333333333333,patch_8_stride_4,ensemble
development_2024,2024-06-10,422,0.06281072181811821,0.0114146986682888,-0.00708655492834177,0.03003767919622467,0.0017582145483211777,0.4666666666666667,0.5333333333333333,patch_8_stride_4,ensemble
development_2024,2024-06-17,422,-0.2048416744170599,-0.02735876887264018,-0.0220606931705888,0.03019191487579905,0.001546059039533862,0.4666666666666667,0.5333333333333333,patch_8_stride_4,ensemble
development_2024,2024-06-24,422,-0.17843932743270854,-0.020173236095704587,-0.01977308548324358,0.02757752119045568,0.0014949531123199702,0.7333333333333333,0.26666666666666666,patch_8_stride_4,ensemble
development_2024,2024-07-01,423,0.26746334196472227,0.026178180670115125,0.02685937708208772,0.025080859972817945,0.0012577599522908417,0.5333333333333333,0.4666666666666667,patch_8_stride_4,ensemble
development_2024,2024-07-08,423,-0.14739047934332952,0.0017877290226551816,0.0007740575347007436,0.03592216052347377,0.0021339402198470073,0.6,0.4,patch_8_stride_4,ensemble
development_2024,2024-07-15,423,-0.2807931618597884,-0.03650239168098143,-0.0502524355852938,0.039853820307274516,0.003095829196938869,0.6666666666666666,0.3333333333333333,patch_8_stride_4,ensemble
development_2024,2024-07-22,423,-0.10233269469933783,-0.024933720891309512,0.00734377883504261,0.03802265530930634,0.0030559429300141263,0.6666666666666666,0.3333333333333333,patch_8_stride_4,ensemble
development_2024,2024-07-29,423,0.040636021113607715,-0.02031330005744072,-0.029179922218497096,0.0508239180459134,0.004494188010570523,0.6,0.4,patch_8_stride_4,ensemble
development_2024,2024-08-05,423,-0.13965552450115834,-0.003864285334989898,-0.006254520759958348,0.03611432987284643,0.0027373946265749393,0.6666666666666666,0.3333333333333333,patch_8_stride_4,ensemble
development_2024,2024-08-12,423,-0.10940190372544953,0.00979530868427958,-0.01570821216436226,0.03952304532298177,0.0029626962981473496,0.6,0.4,patch_8_stride_4,ensemble
development_2024,2024-08-19,423,0.06673408155616142,0.010917615739932215,0.020903176405149524,0.030485906628466477,0.0016751757663502774,0.6,0.4,patch_8_stride_4,ensemble
development_2024,2024-08-26,423,0.03842664556066928,-0.019782707492896224,-0.003855419221323323,0.02386564542998084,0.001535932683951548,0.6,0.4,patch_8_stride_4,ensemble
development_2024,2024-09-02,423,0.30603616938831296,-0.0037748744152119457,0.02707638182771479,0.048872412022219536,0.003581596086825667,0.4666666666666667,0.5333333333333333,patch_8_stride_4,ensemble
development_2024,2024-09-09,423,-0.058540445445626366,0.011873316057705183,-0.021468031337269343,0.041203920290538355,0.0034056399627749676,0.6666666666666666,0.3333333333333333,patch_8_stride_4,ensemble
development_2024,2024-09-16,423,-0.22621326189764987,-0.013669081170561944,-0.03276374064104146,0.03319313216387104,0.0021525145660439724,0.6666666666666666,0.3333333333333333,patch_8_stride_4,ensemble
development_2024,2024-09-23,423,-0.28763485356128826,-0.023303914917555447,-0.06952890341122665,0.039170835842248446,0.004379323089375907,0.6,0.4,patch_8_stride_4,ensemble
development_2024,2024-09-30,423,0.042838737622899,0.027162554477896044,0.022564239251744177,0.034324644384724254,0.0019063183043011036,0.6666666666666666,0.3333333333333333,patch_8_stride_4,ensemble
development_2024,2024-10-07,423,-0.009551446819926139,-0.012938682429860272,-0.04378796437454544,0.02565363324464576,0.0014210470323908373,0.5333333333333333,0.4666666666666667,patch_8_stride_4,ensemble
development_2024,2024-10-14,423,0.09721236578063334,-0.02726778221955289,-0.006397740911634937,0.02903144722460874,0.0016875298323759033,0.6,0.4,patch_8_stride_4,ensemble
development_2024,2024-10-21,423,0.029428850655408446,0.02070265150855266,0.008188713400780834,0.03693529777234045,0.002308076736663519,0.6666666666666666,0.3333333333333333,patch_8_stride_4,ensemble
development_2024,2024-10-28,423,0.0962610738310366,0.01176058205711425,0.04577463404970033,0.036118663631596104,0.002864281391613145,0.7333333333333333,0.26666666666666666,patch_8_stride_4,ensemble
development_2024,2024-11-04,423,0.28838684984744445,0.06719544313154902,0.13562586207062252,0.046936584904563136,0.004125107895054268,0.7333333333333333,0.26666666666666666,patch_8_stride_4,ensemble
development_2024,2024-11-11,424,0.11174990751017387,0.03199833116411549,0.04816345126709421,0.046693886456923614,0.003535006490523854,0.9333333333333333,0.06666666666666667,patch_8_stride_4,ensemble
development_2024,2024-11-18,424,0.22392204091592477,0.0594080232334368,0.013735845193723381,0.03634074358377887,0.004451751243276048,0.6666666666666666,0.3333333333333333,patch_8_stride_4,ensemble
development_2024,2024-11-25,424,-0.32764178493557194,-0.034190594889150994,-0.05206239454492534,0.032868233175206915,0.0021573127383636495,0.9333333333333333,0.06666666666666667,patch_8_stride_4,ensemble
development_2024,2024-12-02,424,0.02816602514148975,0.020719307046897797,0.03539552368516091,0.036797397192617314,0.002758007365326452,0.8666666666666667,0.13333333333333333,patch_8_stride_4,ensemble
development_2024,2024-12-09,424,0.004183216441936068,-0.002886748858725436,0.011684880414868214,0.032624668129622746,0.002133658167473034,0.8666666666666667,0.13333333333333333,patch_8_stride_4,ensemble
development_2024,2024-12-16,424,0.04585684936359128,-0.005358747494019808,-0.013283018487185355,0.039034934475509465,0.0024538834523310108,0.8,0.2,patch_8_stride_4,ensemble
development_2024,2024-12-23,424,-0.19336182807125257,-0.016572518111318647,-0.027691298022843085,0.02042451577824722,0.0008539006455375146,0.8666666666666667,0.13333333333333333,patch_8_stride_4,ensemble
development_2024,2024-01-08,420,0.12234957600180758,-0.01491389844710268,0.016548307319887226,0.03052158489669792,0.001796853267701586,,,patch_10_stride_5,ensemble
development_2024,2024-01-15,420,0.186849779679671,0.01008019608355153,0.038640042909501765,0.03296289110174091,0.0022067337296055936,0.8,0.2,patch_10_stride_5,ensemble
development_2024,2024-01-22,420,-0.16815871162210994,-0.02755868002686737,-0.05237629742499711,0.030759764099966416,0.001821999326231048,0.5333333333333333,0.4666666666666667,patch_10_stride_5,ensemble
development_2024,2024-01-29,420,0.23143215097591252,0.02246130785458568,0.06026497216814254,0.03318390523499693,0.0021714929838076626,0.6,0.4,patch_10_stride_5,ensemble
development_2024,2024-02-05,420,0.1435322357674525,0.032802739745284595,0.05066032198519837,0.03574121471528657,0.0034163989697463776,0.6666666666666666,0.3333333333333333,patch_10_stride_5,ensemble
development_2024,2024-02-12,420,-0.04741329113462743,0.01832166765045882,-0.008320111825141748,0.031410856617893876,0.0018115228223106689,0.6,0.4,patch_10_stride_5,ensemble
development_2024,2024-02-19,420,0.12029190804822794,0.03833576825301619,0.04423144726835448,0.026378457021912414,0.0015637257778586403,0.7333333333333333,0.26666666666666666,patch_10_stride_5,ensemble
development_2024,2024-02-26,420,0.1601363143458053,0.024090280685463008,0.03154202493425366,0.03347214108476575,0.003360459810273889,0.7333333333333333,0.26666666666666666,patch_10_stride_5,ensemble
development_2024,2024-03-04,421,-0.1895718515254488,0.01681095380828288,0.029728276909819572,0.030731676989984323,0.0019105854084919911,0.6,0.4,patch_10_stride_5,ensemble
development_2024,2024-03-11,421,-0.18694439039138525,-0.01636869403240954,-0.0240660735525939,0.0376490121702043,0.002760519196490106,0.8666666666666667,0.13333333333333333,patch_10_stride_5,ensemble
development_2024,2024-03-18,421,0.21512294674811683,0.01774820441100872,0.03526469854773508,0.027111583270624892,0.00155567611997212,0.7333333333333333,0.26666666666666666,patch_10_stride_5,ensemble
development_2024,2024-03-25,422,-0.14988513929270908,0.005259136914148115,-0.00851374130085274,0.026215878636373702,0.001254351897827642,0.7333333333333333,0.26666666666666666,patch_10_stride_5,ensemble
development_2024,2024-04-01,422,0.18131225513807359,0.006901946249696155,0.003811589335249367,0.03489581737823086,0.0020530658461103152,0.8,0.2,patch_10_stride_5,ensemble
development_2024,2024-04-08,422,-0.13800027161305822,-0.013131963322860044,-0.03643460406478654,0.037128467973666854,0.001997842574406067,0.8,0.2,patch_10_stride_5,ensemble
development_2024,2024-04-15,422,-0.23206733065760143,-0.07161726158383515,-0.07509079987229425,0.046317866058330416,0.0040083884982783004,0.9333333333333333,0.06666666666666667,patch_10_stride_5,ensemble
development_2024,2024-04-22,422,0.0577056393082378,0.06019791638868227,0.06046782140218967,0.03949165052031595,0.003010055752016741,0.7333333333333333,0.26666666666666666,patch_10_stride_5,ensemble
development_2024,2024-04-29,422,-0.21521901776830038,0.016678331263158527,-0.013371832734666519,0.03519669731923642,0.002677178098269004,0.6666666666666666,0.3333333333333333,patch_10_stride_5,ensemble
development_2024,2024-05-06,422,0.1083824723830118,0.025075562396558584,0.046475809173531175,0.029593508556292752,0.0017924822118035738,0.7333333333333333,0.26666666666666666,patch_10_stride_5,ensemble
development_2024,2024-05-13,422,-0.006487416678279954,0.06065366845421928,0.0542469961389791,0.02909882074484694,0.0017374001081899588,0.8666666666666667,0.13333333333333333,patch_10_stride_5,ensemble
development_2024,2024-05-20,422,0.06420886389495202,-0.005111611126291803,0.01408183631635503,0.03348703857181043,0.0022129690097038844,0.8666666666666667,0.13333333333333333,patch_10_stride_5,ensemble
development_2024,2024-05-27,422,-0.021898223984327243,-0.026597831159371796,-0.05213268243292227,0.03304593833540145,0.0022391035468098818,0.8,0.2,patch_10_stride_5,ensemble
development_2024,2024-06-03,422,-0.11089821092654994,-0.03364642308560166,-0.03159609536168042,0.031825330761455765,0.0017747179988972697,0.5333333333333333,0.4666666666666667,patch_10_stride_5,ensemble
development_2024,2024-06-10,422,0.029688298454699707,0.015794288551854534,0.007727091862254132,0.030052711831866103,0.0017883322471647853,0.4,0.6,patch_10_stride_5,ensemble
development_2024,2024-06-17,422,-0.17637595526639918,-0.0327079544404165,-0.024284202279231986,0.02995382200103021,0.0015274353266976673,0.5333333333333333,0.4666666666666667,patch_10_stride_5,ensemble
development_2024,2024-06-24,422,-0.1931615222323722,-0.0182610289603795,-0.02763548242698735,0.028215186072007476,0.0015517050649512514,0.4666666666666667,0.5333333333333333,patch_10_stride_5,ensemble
development_2024,2024-07-01,423,0.3172934412225243,0.03332962160543488,0.0470405692454326,0.024539154384083568,0.001177974828297638,0.8,0.2,patch_10_stride_5,ensemble
development_2024,2024-07-08,423,-0.168636475196965,-0.0007948111962236583,-0.016593576838019247,0.03590204182987045,0.002127446025558418,0.6,0.4,patch_10_stride_5,ensemble
development_2024,2024-07-15,423,-0.2658107892996145,-0.04130817269687498,-0.058156561311061374,0.03982585361610434,0.003074432574550416,0.7333333333333333,0.26666666666666666,patch_10_stride_5,ensemble
development_2024,2024-07-22,423,-0.15719972628159634,-0.01862515537082503,0.01615911061979873,0.03883340232769976,0.00315394265427096,0.6666666666666666,0.3333333333333333,patch_10_stride_5,ensemble
development_2024,2024-07-29,423,0.0066409691001348935,-0.022720635021302057,-0.02878817869938692,0.05194406009453952,0.004694008208739757,0.6,0.4,patch_10_stride_5,ensemble
development_2024,2024-08-05,423,-0.17976611536127216,0.007623406751940352,-0.026475014627574487,0.036580290960174636,0.0028358095154634357,0.5333333333333333,0.4666666666666667,patch_10_stride_5,ensemble
development_2024,2024-08-12,423,-0.18913443848090092,0.005821694454326516,-0.021268997811846796,0.039619445726700585,0.0030355301567104916,0.7333333333333333,0.26666666666666666,patch_10_stride_5,ensemble
development_2024,2024-08-19,423,0.1238020856124703,0.019687081008106604,0.02991705649497419,0.028981873666259265,0.0015365117942836189,0.7333333333333333,0.26666666666666666,patch_10_stride_5,ensemble
development_2024,2024-08-26,423,0.08175323740505314,-0.008257601502877984,0.016899367784608547,0.023541385268344147,0.0014833298869467513,0.7333333333333333,0.26666666666666666,patch_10_stride_5,ensemble
development_2024,2024-09-02,423,0.24363014910550015,-0.013001886073845031,0.024486828351596344,0.05068871401882758,0.0038479570081417333,0.8,0.2,patch_10_stride_5,ensemble
development_2024,2024-09-09,423,-0.06017349662576745,0.007182952705621054,-0.014151532575199202,0.041463843882616265,0.003410704299502429,0.4666666666666667,0.5333333333333333,patch_10_stride_5,ensemble
development_2024,2024-09-16,423,-0.22430655573334143,-0.010410186134755443,-0.03858597282550958,0.03348206589047677,0.0021966815558191488,0.8,0.2,patch_10_stride_5,ensemble
development_2024,2024-09-23,423,-0.2703455980233422,-0.025412335794696463,-0.09921693017033005,0.03888761557881255,0.004328715705046335,0.6,0.4,patch_10_stride_5,ensemble
development_2024,2024-09-30,423,0.032355500338342835,0.022675073687417044,0.01339803921870315,0.034300444947322734,0.0018947122075605922,0.5333333333333333,0.4666666666666667,patch_10_stride_5,ensemble
development_2024,2024-10-07,423,0.00447852395004322,-0.0098896184461843,-0.040818198451545155,0.025399736857223416,0.0014002004644147281,0.6666666666666666,0.3333333333333333,patch_10_stride_5,ensemble
development_2024,2024-10-14,423,0.03688285727513202,-0.020427462776004643,-0.012466939925774264,0.029974994424585715,0.0018087964245908292,0.5333333333333333,0.4666666666666667,patch_10_stride_5,ensemble
development_2024,2024-10-21,423,0.023014764685252372,0.027885375235275737,0.019292823402107914,0.037645059895204454,0.002376646781052263,0.7333333333333333,0.26666666666666666,patch_10_stride_5,ensemble
development_2024,2024-10-28,423,0.07647483547405731,0.019562234086107952,0.0447847699830511,0.03653223018834116,0.002915293175070926,0.8,0.2,patch_10_stride_5,ensemble
development_2024,2024-11-04,423,0.28568169264010784,0.06128570802528183,0.13185916773318623,0.046436790209779345,0.0040293824720404915,0.7333333333333333,0.26666666666666666,patch_10_stride_5,ensemble
development_2024,2024-11-11,424,0.07921206539621067,0.037691620672599194,0.07325666779173792,0.04561491738212563,0.0033922705123745353,0.8666666666666667,0.13333333333333333,patch_10_stride_5,ensemble
development_2024,2024-11-18,424,0.2420757078423501,0.06369268182580651,0.0172686724868715,0.03516842784309915,0.004220734246123657,0.7333333333333333,0.26666666666666666,patch_10_stride_5,ensemble
development_2024,2024-11-25,424,-0.32381593343881104,-0.03645562049861292,-0.07567176513094412,0.03284300404970332,0.0021663743872041554,0.9333333333333333,0.06666666666666667,patch_10_stride_5,ensemble
development_2024,2024-12-02,424,0.03091946694374257,0.020719307046897797,0.010927976356139171,0.03681028325095619,0.0027579552421291686,0.9333333333333333,0.06666666666666667,patch_10_stride_5,ensemble
development_2024,2024-12-09,424,0.006240347604316717,-0.00694207228057999,0.012599219931802193,0.03294816670987382,0.002156097760863897,0.8666666666666667,0.13333333333333333,patch_10_stride_5,ensemble
development_2024,2024-12-16,424,0.0691154824033186,0.0018168095079976777,-0.0048662554654868885,0.03919250342579432,0.0024445786561948604,0.8,0.2,patch_10_stride_5,ensemble
development_2024,2024-12-23,424,-0.17682055399437974,-0.016572518111318647,-0.029450826694573135,0.020618177889767976,0.0008778988839241277,0.8,0.2,patch_10_stride_5,ensemble
development_2024,2024-01-08,420,0.0714301101480167,-0.01759459132642478,0.01274798487281889,0.030772270380189697,0.001815220653770211,,,patch_16_stride_8,ensemble
development_2024,2024-01-15,420,0.1641254850003199,0.02205900523458205,0.03405106374069483,0.03317469276132481,0.0022180042681888357,0.5333333333333333,0.4666666666666667,patch_16_stride_8,ensemble
development_2024,2024-01-22,420,-0.17495369669248204,-0.029758960038996824,-0.04638667397056777,0.03102740650901167,0.001850340064120389,0.3333333333333333,0.6666666666666666,patch_16_stride_8,ensemble
development_2024,2024-01-29,420,0.21735691731326623,-0.0012433492267656387,0.03559925360918199,0.0321507995202662,0.002127266776827678,0.5333333333333333,0.4666666666666667,patch_16_stride_8,ensemble
development_2024,2024-02-05,420,0.11206234567251352,0.04274697971665575,0.05992691554345525,0.03610178582004009,0.003442006495927868,0.5333333333333333,0.4666666666666667,patch_16_stride_8,ensemble
development_2024,2024-02-12,420,-0.06209494222918335,0.015403072795586118,-0.021113516615499636,0.031303407556946855,0.0018247517460362223,0.4,0.6,patch_16_stride_8,ensemble
development_2024,2024-02-19,420,0.09499252486013958,0.028720451074164856,0.03372051088100436,0.02659542565142104,0.0015703814607280111,0.5333333333333333,0.4666666666666667,patch_16_stride_8,ensemble
development_2024,2024-02-26,420,0.15680668743667966,0.030982911732657322,0.007869003521589216,0.03357433725255656,0.0034323045068026885,0.5333333333333333,0.4666666666666667,patch_16_stride_8,ensemble
development_2024,2024-03-04,421,-0.18260613653213084,0.01810486092374279,0.0013974376627882389,0.030211154862393796,0.0018961676663882693,0.6666666666666666,0.3333333333333333,patch_16_stride_8,ensemble
development_2024,2024-03-11,421,-0.2084918874845815,0.006535755320040075,0.006605547718372053,0.037061446893370605,0.002714129852857403,0.5333333333333333,0.4666666666666667,patch_16_stride_8,ensemble
development_2024,2024-03-18,421,0.24148214995256465,0.007726882185540084,0.02025946481150546,0.027577994208936515,0.0016259883663793638,0.4,0.6,patch_16_stride_8,ensemble
development_2024,2024-03-25,422,-0.14759055984145847,-0.0028654925014554244,-0.02807436629321581,0.02633074019796959,0.0012946892183922417,0.6,0.4,patch_16_stride_8,ensemble
development_2024,2024-04-01,422,0.15137254413532558,0.009546108904103803,0.00744269265035801,0.034085268870995035,0.002010472607722509,0.7333333333333333,0.26666666666666666,patch_16_stride_8,ensemble
development_2024,2024-04-08,422,-0.11650866882376298,-0.01423721225869633,-0.01885507509530263,0.03630887115653125,0.0019223237075049232,0.7333333333333333,0.26666666666666666,patch_16_stride_8,ensemble
development_2024,2024-04-15,422,-0.21377839871407747,-0.07234231133039734,-0.06570011739771474,0.04485141789389943,0.0038638420691958783,0.6666666666666666,0.3333333333333333,patch_16_stride_8,ensemble
development_2024,2024-04-22,422,0.0013067286666186035,0.02634324589420857,0.02978865074645224,0.04049986950419916,0.0031647978448811763,0.4,0.6,patch_16_stride_8,ensemble
development_2024,2024-04-29,422,-0.14198329108640517,0.024396299680058454,0.006228858209521831,0.03465301971425289,0.002619116265378159,0.4,0.6,patch_16_stride_8,ensemble
development_2024,2024-05-06,422,0.07916881933188778,0.0035692171489653188,0.02785686235449289,0.030363859620587057,0.0018274162570210994,0.6666666666666666,0.3333333333333333,patch_16_stride_8,ensemble
development_2024,2024-05-13,422,-0.05832016418459139,0.03445729475281782,0.006545014410108005,0.029342246228750167,0.001726291805693867,0.5333333333333333,0.4666666666666667,patch_16_stride_8,ensemble
development_2024,2024-05-20,422,0.151046640401157,0.011363320396842558,0.03983527251009352,0.032174064043662354,0.0020356915996480305,0.6,0.4,patch_16_stride_8,ensemble
development_2024,2024-05-27,422,-0.02212368996798527,-0.021298750257583043,-0.03823200175068302,0.03281586109199137,0.0021794178477578963,0.6666666666666666,0.3333333333333333,patch_16_stride_8,ensemble
development_2024,2024-06-03,422,-0.16002049632777468,-0.029924566432579226,-0.02689496284159828,0.03208651612811897,0.0018016253079077558,0.4666666666666667,0.5333333333333333,patch_16_stride_8,ensemble
development_2024,2024-06-10,422,0.07860539702832794,0.01545878712392204,0.0005515877487112294,0.030055625349668443,0.0017513750308446236,0.4666666666666667,0.5333333333333333,patch_16_stride_8,ensemble
development_2024,2024-06-17,422,-0.18868828217993994,-0.018556857023301503,0.016112502828364537,0.030120633904148972,0.0015398192967571959,0.4,0.6,patch_16_stride_8,ensemble
development_2024,2024-06-24,422,-0.12411280149839088,-0.022223784025195824,-0.011159513049132104,0.027718084309212847,0.0014892494578489844,0.3333333333333333,0.6666666666666666,patch_16_stride_8,ensemble
development_2024,2024-07-01,423,0.27370984200309106,0.02796349843581735,0.0167752386873328,0.025372932027992335,0.001332637558248507,0.3333333333333333,0.6666666666666666,patch_16_stride_8,ensemble
development_2024,2024-07-08,423,-0.15077010254293022,0.01494754647982062,0.006537849437747191,0.03725724328830318,0.002302308802659835,0.4666666666666667,0.5333333333333333,patch_16_stride_8,ensemble
development_2024,2024-07-15,423,-0.2719889548662705,-0.026421920488736397,-0.04162080786944189,0.039576682235628956,0.00305608288854811,0.5333333333333333,0.4666666666666667,patch_16_stride_8,ensemble
development_2024,2024-07-22,423,-0.08519834120051774,-0.027748475274064523,0.0010307602259855449,0.037923144143585684,0.0030398809328032617,0.5333333333333333,0.4666666666666667,patch_16_stride_8,ensemble
development_2024,2024-07-29,423,0.012877322024374636,-0.030225950018737725,-0.02681922764541589,0.04991678934565805,0.00439103390299353,0.4666666666666667,0.5333333333333333,patch_16_stride_8,ensemble
development_2024,2024-08-05,423,-0.08765124749255297,0.03593881911818631,0.0013112795446685935,0.03603513539402695,0.002876183358979867,0.6,0.4,patch_16_stride_8,ensemble
development_2024,2024-08-12,423,-0.06743787905020475,0.007161050612477356,-0.024934371274746646,0.040173158629642845,0.0030145922895376447,0.26666666666666666,0.7333333333333333,patch_16_stride_8,ensemble
development_2024,2024-08-19,423,0.02084233096968993,0.004502675118369381,0.012837486334363827,0.029985584704214818,0.0016267031720244628,0.4,0.6,patch_16_stride_8,ensemble
development_2024,2024-08-26,423,0.025773352790424676,-0.010475810498837099,0.014462987149415981,0.023916965245982177,0.0015496241625850117,0.4666666666666667,0.5333333333333333,patch_16_stride_8,ensemble
development_2024,2024-09-02,423,0.21485610440873082,0.00470061303551423,0.02503058235549306,0.05015876129433465,0.0037982641073158858,0.5333333333333333,0.4666666666666667,patch_16_stride_8,ensemble
development_2024,2024-09-09,423,-0.0767706872703819,0.0028775416050034475,-0.0013317474472143154,0.041672779266533,0.0034493176413111313,0.3333333333333333,0.6666666666666666,patch_16_stride_8,ensemble
development_2024,2024-09-16,423,-0.2433918504721262,-0.02402847380896968,-0.03890052829982222,0.03449051493338733,0.0023269913857723017,0.6,0.4,patch_16_stride_8,ensemble
development_2024,2024-09-23,423,-0.26577115213504793,-0.02247670359830125,-0.08045125096549254,0.03921082042217808,0.0043798250404002825,0.3333333333333333,0.6666666666666666,patch_16_stride_8,ensemble
development_2024,2024-09-30,423,0.011443725056332338,0.02721992841861077,0.03774396901920608,0.03456477763747925,0.0019147896345835368,0.4,0.6,patch_16_stride_8,ensemble
development_2024,2024-10-07,423,-0.03785444345298684,0.0058103587237951105,-0.028166770320985166,0.026011680262217587,0.0014378425591716855,0.4666666666666667,0.5333333333333333,patch_16_stride_8,ensemble
development_2024,2024-10-14,423,0.09594112263865556,-0.012919367482091737,0.006536371723635729,0.02934687562145668,0.0016847590587284133,0.5333333333333333,0.4666666666666667,patch_16_stride_8,ensemble
development_2024,2024-10-21,423,-0.02274206099303464,0.01144274973511084,0.009021245662443502,0.036938707514217024,0.0023323709902514354,0.26666666666666666,0.7333333333333333,patch_16_stride_8,ensemble
development_2024,2024-10-28,423,0.05145379606710541,0.007441603951293363,0.03784979974784887,0.03521405295172738,0.002835812555132123,0.3333333333333333,0.6666666666666666,patch_16_stride_8,ensemble
development_2024,2024-11-04,423,0.26541774717577277,0.062486033051645705,0.13651197062401785,0.04760163434896928,0.004218147667044057,0.5333333333333333,0.4666666666666667,patch_16_stride_8,ensemble
development_2024,2024-11-11,424,0.10778599034957217,0.048358983048403636,0.06751359849024507,0.04458976742275983,0.0032728000394707277,0.6666666666666666,0.3333333333333333,patch_16_stride_8,ensemble
development_2024,2024-11-18,424,0.25228910351776196,0.06202926250568572,0.08363816334543196,0.035963486545055864,0.004008603806251313,0.8666666666666667,0.13333333333333333,patch_16_stride_8,ensemble
development_2024,2024-11-25,424,-0.2621082957470423,-0.031964246336133026,-0.07266043263026765,0.0321614733109728,0.0020885875455125633,0.8666666666666667,0.13333333333333333,patch_16_stride_8,ensemble
development_2024,2024-12-02,424,0.03804362371202997,0.010915256321707038,-0.011107144618826531,0.03695593751459115,0.0028049803686960146,0.6666666666666666,0.3333333333333333,patch_16_stride_8,ensemble
development_2024,2024-12-09,424,0.0221676466652498,0.0023143920153546743,0.019130254243531777,0.03126796581550155,0.0019953715282158336,0.6,0.4,patch_16_stride_8,ensemble
development_2024,2024-12-16,424,0.06970946387386749,-0.0012617579085973246,-0.010064662464019235,0.03857338865100786,0.0024357145981570216,0.7333333333333333,0.26666666666666666,patch_16_stride_8,ensemble
development_2024,2024-12-23,424,-0.1908514574035154,-0.017981824022493858,-0.026696554378188485,0.019826312293521938,0.0008588692243175481,0.6666666666666666,0.3333333333333333,patch_16_stride_8,ensemble
development_2024,2024-01-08,420,0.19765482959491995,0.0176238056752478,0.021614035944557228,0.031406916440879576,0.0018549402708858752,,,causal_historical_mean,control
development_2024,2024-01-15,420,0.4011985814626419,0.041851266196349934,0.06133707964052441,0.032783411321084296,0.002181546866218632,0.9333333333333333,0.06666666666666667,causal_historical_mean,control
development_2024,2024-01-22,420,-0.16623174896521117,-0.009605509546636765,-0.04575442530735145,0.028284653115662643,0.001716360924540453,0.8666666666666667,0.13333333333333333,causal_historical_mean,control
development_2024,2024-01-29,420,0.24690567568815178,0.0367109137630776,0.051312706193253524,0.03205688331177739,0.0021241537485532113,1.0,0.0,causal_historical_mean,control
development_2024,2024-02-05,420,0.2540197425803353,0.0681697045340723,0.05082019833016004,0.03610833674436262,0.003625404716063678,0.9333333333333333,0.06666666666666667,causal_historical_mean,control
development_2024,2024-02-12,420,-0.1396133602960172,0.018509386201441606,0.01920344632585195,0.02796930953066926,0.0016188177864861306,0.9333333333333333,0.06666666666666667,causal_historical_mean,control
development_2024,2024-02-19,420,0.12598913850293697,0.00803930462223716,0.002525358979176308,0.028150224286608457,0.001668453048351758,0.9333333333333333,0.06666666666666667,causal_historical_mean,control
development_2024,2024-02-26,420,0.274315937975029,0.044127264970714467,0.014971660626544231,0.034717859787526825,0.0036943092370668967,0.9333333333333333,0.06666666666666667,causal_historical_mean,control
development_2024,2024-03-04,421,-0.18583377424547737,-0.002979577095676615,0.012081079104235693,0.027819668381280367,0.0018041524690354711,1.0,0.0,causal_historical_mean,control
development_2024,2024-03-11,421,-0.14323940966554466,-0.024657451812386797,-0.03293733766631171,0.03214353414660077,0.002224679122799243,0.9333333333333333,0.06666666666666667,causal_historical_mean,control
development_2024,2024-03-18,421,0.25184106625587077,0.03163671645821099,0.04536325590082154,0.028432666824409366,0.001563862523530228,0.9333333333333333,0.06666666666666667,causal_historical_mean,control
development_2024,2024-03-25,422,-0.1422820494825979,-0.006107451008819658,-0.011524843564374394,0.023008630813169614,0.0010573520744957257,1.0,0.0,causal_historical_mean,control
development_2024,2024-04-01,422,0.010179900937081019,-0.0021921057800477293,-0.0051312185475167055,0.03166944195709502,0.0016851221527422048,0.9333333333333333,0.06666666666666667,causal_historical_mean,control
development_2024,2024-04-08,422,0.02987703720771557,0.0060491368637967235,0.009668507382265655,0.031152286683723534,0.0014149310868159547,0.9333333333333333,0.06666666666666667,causal_historical_mean,control
development_2024,2024-04-15,422,-0.3775034288953022,-0.07786972905718403,-0.10253013092632218,0.04062504425004942,0.003112228150401726,0.9333333333333333,0.06666666666666667,causal_historical_mean,control
development_2024,2024-04-22,422,0.18685772832961722,0.07660682242608777,0.07288442002733199,0.04055710478962529,0.0031229063668236265,0.9333333333333333,0.06666666666666667,causal_historical_mean,control
development_2024,2024-04-29,422,-0.12237876832180576,-0.003489123896437853,-0.039284968047557094,0.03308859969908479,0.0025046148622911626,0.9333333333333333,0.06666666666666667,causal_historical_mean,control
development_2024,2024-05-06,422,0.058145234104987474,-0.003458825762853805,0.0019300222374094757,0.030085235142878232,0.0018129015077886297,0.9333333333333333,0.06666666666666667,causal_historical_mean,control
development_2024,2024-05-13,422,0.0020106712319804365,0.022320643854820948,0.004963165048380382,0.028800377248549024,0.001791033600980791,0.9333333333333333,0.06666666666666667,causal_historical_mean,control
development_2024,2024-05-20,422,0.26751371298643356,0.03059571336098336,0.04826604220404941,0.031662083285029625,0.0020211108719672354,0.9333333333333333,0.06666666666666667,causal_historical_mean,control
development_2024,2024-05-27,422,-0.3055583831949281,-0.030477659586890367,-0.07015097311458848,0.03148143677559801,0.0019818075098425327,1.0,0.0,causal_historical_mean,control
development_2024,2024-06-03,422,0.06895722497350443,0.012411131015459896,0.01142272555222346,0.029393493058808083,0.001463781098080727,0.9333333333333333,0.06666666666666667,causal_historical_mean,control
development_2024,2024-06-10,422,0.3932807940618457,0.044781937027141956,0.0626066176105635,0.028758190621642792,0.0016297087147859675,1.0,0.0,causal_historical_mean,control
development_2024,2024-06-17,422,-0.19500196843619944,-0.029972416133639233,-0.019812638741012405,0.02664739819903739,0.0012909055766128351,0.8666666666666667,0.13333333333333333,causal_historical_mean,control
development_2024,2024-06-24,422,-0.08747577527986553,0.0019242569974827575,0.005813649597598574,0.024945595334444494,0.0012674683880914196,0.9333333333333333,0.06666666666666667,causal_historical_mean,control
development_2024,2024-07-01,423,0.17801764075791332,0.05525483954600021,0.04751323524000706,0.02555806381855657,0.00124138734445636,1.0,0.0,causal_historical_mean,control
development_2024,2024-07-08,423,-0.12368888187046828,-0.013116236103046587,-0.017110510297376383,0.03392461329708354,0.0018599169206695724,0.8666666666666667,0.13333333333333333,causal_historical_mean,control
development_2024,2024-07-15,423,-0.26439526687861453,-0.06335541675890921,-0.06141378969226904,0.03584924484037764,0.0026134331121410973,0.9333333333333333,0.06666666666666667,causal_historical_mean,control
development_2024,2024-07-22,423,-0.16132214994517385,-0.048903723310037235,-0.05322189514681858,0.03622411449013565,0.0028946577434195955,0.8666666666666667,0.13333333333333333,causal_historical_mean,control
development_2024,2024-07-29,423,-0.09319997488589253,-0.03975678278048321,-0.036402458602650255,0.04899561964650551,0.004220920314184251,0.9333333333333333,0.06666666666666667,causal_historical_mean,control
development_2024,2024-08-05,423,0.1216177607475379,0.02598191246173532,0.013266338608904232,0.033194633777961405,0.0024314110514992997,0.9333333333333333,0.06666666666666667,causal_historical_mean,control
development_2024,2024-08-12,423,0.11400885208868831,0.051527214542322966,0.05516745107983084,0.037097913477601496,0.002567474062513458,1.0,0.0,causal_historical_mean,control
development_2024,2024-08-19,423,-0.08834791029697432,-0.005433945211913274,-0.0055459191250871,0.029496116909923834,0.001563435981390899,0.9333333333333333,0.06666666666666667,causal_historical_mean,control
development_2024,2024-08-26,423,-0.09322185460073325,-0.02511345924718239,-0.010147668320867309,0.022899235310373717,0.0014722067748538159,1.0,0.0,causal_historical_mean,control
development_2024,2024-09-02,423,-0.200278348024452,-0.033575890844738866,-0.05262224184099337,0.04763077333657022,0.0035977592208740893,0.9333333333333333,0.06666666666666667,causal_historical_mean,control
development_2024,2024-09-09,423,0.38092615247434203,0.07942178954919071,0.07427412018850774,0.040265138251338546,0.0030211719245398965,0.9333333333333333,0.06666666666666667,causal_historical_mean,control
development_2024,2024-09-16,423,-0.003306690816798294,0.048223731828104376,0.04289592051214246,0.029784675687576635,0.0018355948424534268,1.0,0.0,causal_historical_mean,control
development_2024,2024-09-23,423,-0.07708730894093935,-0.009421553627519529,-0.05075714497399644,0.03732218747660993,0.003993193424636919,1.0,0.0,causal_historical_mean,control
development_2024,2024-09-30,423,0.11439301548766713,0.037418939062220026,0.0027382689695176453,0.031072571130121726,0.0017088315004920222,1.0,0.0,causal_historical_mean,control
development_2024,2024-10-07,423,0.25859048340217516,0.014067915838113424,0.033864011744624355,0.02381019290058023,0.0011867335109153596,1.0,0.0,causal_historical_mean,control
development_2024,2024-10-14,423,0.021645697021124392,-0.0033162569031849466,0.03681211872261472,0.027847479739131372,0.0015954727506543235,1.0,0.0,causal_historical_mean,control
development_2024,2024-10-21,423,0.07091786355048792,0.02218082450789406,0.023259659745003356,0.03312314073196373,0.0019750653272721857,0.9333333333333333,0.06666666666666667,causal_historical_mean,control
development_2024,2024-10-28,423,-0.06227379070181881,-0.012061483241171228,-0.000634375084679839,0.03421599243416576,0.002844308326602042,0.9333333333333333,0.06666666666666667,causal_historical_mean,control
development_2024,2024-11-04,423,0.2991058489868424,0.06449667998882833,0.08610670488486502,0.04905421787143477,0.004564990933085983,0.9333333333333333,0.06666666666666667,causal_historical_mean,control
development_2024,2024-11-11,424,-0.08717909966073945,-0.01241168002764241,-0.011590067334416677,0.04327228957610952,0.0032420414440647786,1.0,0.0,causal_historical_mean,control
development_2024,2024-11-18,424,0.26333892208027326,0.07042510452017048,0.0785248432418975,0.03679698097811714,0.0042602580178341485,0.9333333333333333,0.06666666666666667,causal_historical_mean,control
development_2024,2024-11-25,424,-0.08646153603954629,-0.033569244386232225,-0.05854276625354332,0.027403605270691876,0.0015571544179256605,0.9333333333333333,0.06666666666666667,causal_historical_mean,control
development_2024,2024-12-02,424,0.10112436142662605,0.01461525105919095,-0.0014694235489595767,0.03447252663050073,0.0026106893583716087,0.9333333333333333,0.06666666666666667,causal_historical_mean,control
development_2024,2024-12-09,424,-0.00575137160444266,-0.008151592397552216,-0.00929381079108984,0.029767364011584665,0.0018172009253608792,1.0,0.0,causal_historical_mean,control
development_2024,2024-12-16,424,-0.1269054872049181,-0.00728922148017578,8.780403190059016e-05,0.038489253603841055,0.0022725321316093288,0.8666666666666667,0.13333333333333333,causal_historical_mean,control
development_2024,2024-12-23,424,-0.24974724695177147,-0.0025515371865242244,-0.016691392883670417,0.017085993497422392,0.0005825196912148225,0.9333333333333333,0.06666666666666667,causal_historical_mean,control
development_2024,2024-01-08,420,-0.01499474000905415,-0.015791081826083853,0.0020292537221366326,0.03173695429469695,0.0018709182028600936,,,ridge,control
development_2024,2024-01-15,420,-0.26936126136121596,-0.02849123997497188,-0.04315906955943373,0.03411599636474537,0.0023304379329166882,0.3333333333333333,0.6666666666666666,ridge,control
development_2024,2024-01-22,420,0.2435899782392676,0.02351221123074433,0.045288763493680925,0.027857603702842012,0.0016495483962522502,0.3333333333333333,0.6666666666666666,ridge,control
development_2024,2024-01-29,420,0.06182040228605118,0.011344691093410455,0.027347949666624564,0.032462014101652475,0.00215805273099438,0.06666666666666667,0.9333333333333333,ridge,control
development_2024,2024-02-05,420,-0.0027136532196084685,-0.0019928245813599695,0.009382802167258043,0.036557865419474346,0.0037224625203024185,0.06666666666666667,0.9333333333333333,ridge,control
development_2024,2024-02-12,420,0.06959449883502741,0.00686617225320998,0.0007350202196307731,0.027919527434237416,0.0016570779541025624,0.0,1.0,ridge,control
development_2024,2024-02-19,420,0.019036875777432984,-0.007383538475128123,0.005595965816178003,0.028746369060570248,0.001715875707881744,0.13333333333333333,0.8666666666666667,ridge,control
development_2024,2024-02-26,420,0.1757178733601502,0.07794069309208584,0.07397640538246361,0.034972950399778324,0.0036886430390207603,0.4666666666666667,0.5333333333333333,ridge,control
development_2024,2024-03-04,421,0.09417031055760779,-0.016853266478400276,-0.004054389644137087,0.02740097235565425,0.0017555968169048251,0.2,0.8,ridge,control
development_2024,2024-03-11,421,-0.011541498543783783,-0.021893237224153077,-0.01617666166577693,0.03152632227693539,0.002164488724320519,0.26666666666666666,0.7333333333333333,ridge,control
development_2024,2024-03-18,421,-0.012542356213417954,0.005101194919119888,-0.006560593193038457,0.029111208570350416,0.0016006434354830011,0.3333333333333333,0.6666666666666666,ridge,control
development_2024,2024-03-25,422,0.23236816487375705,0.024168416254818782,0.0412309292734136,0.022220298491164036,0.000993405171701523,0.13333333333333333,0.8666666666666667,ridge,control
development_2024,2024-04-01,422,-0.04966008048912068,0.012892431639511717,0.0022709215835444376,0.031288506600670174,0.0016640331590606747,0.4,0.6,ridge,control
development_2024,2024-04-08,422,0.048445885489307894,0.0070371856728722836,0.011958273397521871,0.030531854049082652,0.0013655748431290037,0.26666666666666666,0.7333333333333333,ridge,control
development_2024,2024-04-15,422,0.0770518023266908,-0.012921410951909778,0.04634987067580754,0.03997146689454482,0.0029476095695892698,0.26666666666666666,0.7333333333333333,ridge,control
development_2024,2024-04-22,422,0.24348657595173756,0.017526025098967002,0.013848112951440228,0.04040590582311027,0.003094007397350351,0.13333333333333333,0.8666666666666667,ridge,control
development_2024,2024-04-29,422,0.07612662533709122,-0.00234682807159969,-0.03188345080959495,0.03291970145776544,0.002500234485755429,0.2,0.8,ridge,control
development_2024,2024-05-06,422,0.005701878241822008,-0.006678467733135853,-0.008545910424696717,0.03053995513138018,0.001852055732282374,0.0,1.0,ridge,control
development_2024,2024-05-13,422,0.2022175266995369,0.025992214411418305,0.03407143911693958,0.028683734466339973,0.0017675332113034166,0.13333333333333333,0.8666666666666667,ridge,control
development_2024,2024-05-20,422,0.024128772373646638,-0.0012492332443440777,0.010694072273380135,0.032147243102061344,0.0020761933684836724,0.3333333333333333,0.6666666666666666,ridge,control
development_2024,2024-05-27,422,0.02910195796927643,0.01425016307145054,0.010610514175907065,0.030959489278319485,0.001926360674200841,0.26666666666666666,0.7333333333333333,ridge,control
development_2024,2024-06-03,422,0.1662411701301792,0.01164274010923201,0.0359205539903122,0.02935141190010348,0.001473495704266138,0.06666666666666667,0.9333333333333333,ridge,control
development_2024,2024-06-10,422,-0.09342180212237439,0.007360427775520546,0.0038345254703268596,0.029534324600073908,0.0017202828771279003,0.26666666666666666,0.7333333333333333,ridge,control
development_2024,2024-06-17,422,0.17316881342378485,-0.007973857054105497,0.008443426734869468,0.025922598935854115,0.0012361128810641994,0.3333333333333333,0.6666666666666666,ridge,control
development_2024,2024-06-24,422,0.014110227082337933,0.002518782117795634,-0.002500636585060882,0.024624012322378125,0.0012550409765422366,0.26666666666666666,0.7333333333333333,ridge,control
development_2024,2024-07-01,423,-0.09437117382450437,0.004366259015406569,-0.023054690155929473,0.026008045742921773,0.0012937407988932346,0.4,0.6,ridge,control
development_2024,2024-07-08,423,0.15591278682245022,0.007203186612742239,0.012340832717857127,0.03381836276472932,0.0018410272559238104,0.4666666666666667,0.5333333333333333,ridge,control
development_2024,2024-07-15,423,-0.10070471707626126,0.0006844927048746813,-0.011834611981994803,0.03501437639587301,0.0024918864116666036,0.2,0.8,ridge,control
development_2024,2024-07-22,423,-0.22740856023231815,-0.04913154944860439,-0.053214635403851115,0.036256009225199955,0.002885062687770916,0.13333333333333333,0.8666666666666667,ridge,control
development_2024,2024-07-29,423,-0.28235803711687507,-0.011124721435368624,-0.03840167694342118,0.049128297313211604,0.004225678300528555,0.2,0.8,ridge,control
development_2024,2024-08-05,423,0.17134179095295987,0.020919147968160447,0.0501019351456099,0.03314856362189525,0.002425245365491355,0.13333333333333333,0.8666666666666667,ridge,control
development_2024,2024-08-12,423,0.029430119044674574,0.015070700191127329,0.02167816561468724,0.03693845087405375,0.0025535344781596205,0.13333333333333333,0.8666666666666667,ridge,control
development_2024,2024-08-19,423,-0.12134315447142098,0.012595792282481474,0.00040466913378279373,0.03007198256549976,0.0015925233327813216,0.26666666666666666,0.7333333333333333,ridge,control
development_2024,2024-08-26,423,-0.07180890700994354,-0.060945380229276674,-0.05358945229416178,0.023021139247788446,0.0014879480257192314,0.2,0.8,ridge,control
development_2024,2024-09-02,423,-0.39872831292177907,-0.030669877082692996,-0.05801708393658271,0.04792557832620111,0.003670007523812808,0.6,0.4,ridge,control
development_2024,2024-09-09,423,0.24224792190273606,0.07453593693704036,0.09442802095691119,0.03946302607459981,0.002900052778999071,0.4666666666666667,0.5333333333333333,ridge,control
development_2024,2024-09-16,423,0.04616160040284043,0.03087739085530803,-0.005807274572890819,0.030099963111682,0.001886316332070928,0.13333333333333333,0.8666666666666667,ridge,control
development_2024,2024-09-23,423,0.18594840319304315,0.06573343576712504,0.08762316115584244,0.03752018317373705,0.003929654363096911,0.26666666666666666,0.7333333333333333,ridge,control
development_2024,2024-09-30,423,0.16846080328360613,0.014926590434153456,-0.03340403185381187,0.030661545686485474,0.0016762199273934815,0.26666666666666666,0.7333333333333333,ridge,control
development_2024,2024-10-07,423,-0.04432069193171246,0.01410508553148286,0.013832982076076248,0.024207182117076825,0.0012201911456756844,0.2,0.8,ridge,control
development_2024,2024-10-14,423,-0.3737868649412767,-0.05981791313114317,-0.05751332006781426,0.028698027167066674,0.0016857377877341042,0.2,0.8,ridge,control
development_2024,2024-10-21,423,0.05164231042178383,0.003062468588021755,0.004379997213625714,0.033158744019839974,0.001963372773905965,0.6,0.4,ridge,control
development_2024,2024-10-28,423,-0.06754664342977532,-0.03950302866216607,-0.05947264452222596,0.0342160041606555,0.002860461427935749,0.26666666666666666,0.7333333333333333,ridge,control
development_2024,2024-11-04,423,-0.11466999999365804,0.008991173333742858,-0.01243076443694395,0.050130200055578104,0.004727771112420148,0.26666666666666666,0.7333333333333333,ridge,control
development_2024,2024-11-11,424,-0.20270904668571563,-0.006006839657294524,-0.022471510871846366,0.042240729158604,0.0031688144931308277,0.3333333333333333,0.6666666666666666,ridge,control
development_2024,2024-11-18,424,0.1140956069300462,0.06886737377270237,0.07320201894719063,0.036457882575470474,0.004164608693579196,0.2,0.8,ridge,control
development_2024,2024-11-25,424,0.33689265670137986,0.02382161596450308,0.040516581870146604,0.026960947953719696,0.0014978739908288769,0.2,0.8,ridge,control
development_2024,2024-12-02,424,0.07612487307247266,0.061582455553938195,0.06130688583939821,0.03451869208810774,0.002605485518742661,0.13333333333333333,0.8666666666666667,ridge,control
development_2024,2024-12-09,424,-0.07532402925039948,-0.029972076567865165,-0.049003227165797365,0.029619570661798485,0.0018245893562167858,0.13333333333333333,0.8666666666666667,ridge,control
development_2024,2024-12-16,424,-0.12366763485803793,0.0012783072610951934,-0.01152110947355835,0.03907818936645137,0.002326163733401935,0.26666666666666666,0.7333333333333333,ridge,control
development_2024,2024-12-23,424,0.09468392093890947,0.008398809183325615,0.013693970308541909,0.017199946257461185,0.0005674527409478905,0.13333333333333333,0.8666666666666667,ridge,control
development_2025,2025-01-06,424,-0.08195181083272329,-0.005258950133727861,-0.002705046373034096,0.03120181169873196,0.001759428601958664,,,patch_8_stride_4,20260823
development_2025,2025-01-13,424,-0.13061987862186222,0.02647491563868276,0.005285144798595938,0.04709488057868114,0.003611665291464218,0.7333333333333333,0.26666666666666666,patch_8_stride_4,20260823
development_2025,2025-01-20,424,-0.15214600011020063,-0.028896612810952654,-0.028776093767822315,0.04509649869247504,0.003584983244650683,0.6666666666666666,0.3333333333333333,patch_8_stride_4,20260823
development_2025,2025-01-27,424,-0.12045670295416439,-0.046691784098659136,-0.05485491538922578,0.03569565353813059,0.0025624077195597547,0.8,0.2,patch_8_stride_4,20260823
development_2025,2025-02-03,424,0.1569945197611213,0.015277780235695457,0.00193299816806956,0.03484862581254029,0.002706900974618522,0.6666666666666666,0.3333333333333333,patch_8_stride_4,20260823
development_2025,2025-02-10,424,-0.08788029061484087,-0.014925331190231613,-0.01875162327899342,0.03949529292997023,0.003283129647248153,0.4666666666666667,0.5333333333333333,patch_8_stride_4,20260823
development_2025,2025-02-17,424,-0.1375112025846461,-0.04285403907998095,-0.015727679767419143,0.04454551434302675,0.004079712596356351,0.3333333333333333,0.6666666666666666,patch_8_stride_4,20260823
development_2025,2025-02-24,424,-0.10116371879944269,-0.006165520749711011,-0.01438972315292253,0.03450066905438053,0.0023572993102120546,0.6666666666666666,0.3333333333333333,patch_8_stride_4,20260823
development_2025,2025-03-03,424,-0.00991553907793547,-0.03788911161281289,-0.026729962299075486,0.04552023491745627,0.003872124696939397,0.3333333333333333,0.6666666666666666,patch_8_stride_4,20260823
development_2025,2025-03-10,424,0.016710983068458213,0.014772023550139282,-0.0016603948970515155,0.039437887013390224,0.002520905956836723,0.3333333333333333,0.6666666666666666,patch_8_stride_4,20260823
development_2025,2025-03-17,424,-0.0595998142332003,0.014270351482344127,-0.0036825398293906346,0.023770485182188227,0.0009675407935706091,0.4666666666666667,0.5333333333333333,patch_8_stride_4,20260823
development_2025,2025-03-24,424,0.05598523311371918,-0.00751114263308288,0.01492064986322697,0.031162803600267304,0.0017447937795987377,0.26666666666666666,0.7333333333333333,patch_8_stride_4,20260823
development_2025,2025-03-31,424,-0.04251178753315858,-0.03359882750257237,-0.038613915124941875,0.10024833809598659,0.01364156783575746,0.4666666666666667,0.5333333333333333,patch_8_stride_4,20260823
development_2025,2025-04-07,424,-0.058687038042836565,0.029684945197667692,-0.003273329098509359,0.05601987141226262,0.005658759340992009,0.5333333333333333,0.4666666666666667,patch_8_stride_4,20260823
development_2025,2025-04-14,424,0.16989680496847476,-0.0063605758036472115,-8.161967994403489e-05,0.03470433761655801,0.002267983935376213,0.4,0.6,patch_8_stride_4,20260823
development_2025,2025-04-21,424,-0.33952046976960193,-0.012203028789643217,-0.06879485820134129,0.057006768959563914,0.005185296875565738,0.3333333333333333,0.6666666666666666,patch_8_stride_4,20260823
development_2025,2025-04-28,424,-0.14351193709117527,-0.03219498947665772,-0.044813517151572245,0.04333677035366412,0.003040281538932125,0.4666666666666667,0.5333333333333333,patch_8_stride_4,20260823
development_2025,2025-05-05,424,-0.026226493809085254,0.016583813593788216,0.012226827633895217,0.032668064221377094,0.0022639621106630907,0.3333333333333333,0.6666666666666666,patch_8_stride_4,20260823
development_2025,2025-05-12,424,-0.42487543391503524,-0.01971851257412257,-0.07643750818606537,0.055863485461116344,0.0052841198666456765,0.4,0.6,patch_8_stride_4,20260823
development_2025,2025-05-19,425,-0.09182801581966829,0.006743836784966574,0.008136629511699973,0.04372320557627922,0.003187965611643329,0.2,0.8,patch_8_stride_4,20260823
development_2025,2025-05-26,425,0.09695706245631085,0.019756205257794757,0.0189558635306335,0.02540446910043374,0.001418561469920536,0.4666666666666667,0.5333333333333333,patch_8_stride_4,20260823
development_2025,2025-06-02,425,0.12580607329125995,0.02518751587418383,0.016709608463952298,0.02773482929666571,0.0016769981659531799,0.7333333333333333,0.26666666666666666,patch_8_stride_4,20260823
development_2025,2025-06-09,425,0.015213534852258646,-0.011601195347568764,-0.0005947621725164668,0.03030239456674025,0.0016726450143595179,0.4,0.6,patch_8_stride_4,20260823
development_2025,2025-06-16,425,0.15964609587336837,0.02657583446813025,0.03147485344149715,0.027176635373089286,0.001450668860618592,0.5333333333333333,0.4666666666666667,patch_8_stride_4,20260823
development_2025,2025-06-23,425,-0.05761501305278955,0.005380184857891265,0.009395228996241314,0.03673995168881882,0.002313495108851219,0.6666666666666666,0.3333333333333333,patch_8_stride_4,20260823
development_2025,2025-06-30,425,0.05446264713698395,-0.0020719722674958745,-0.0018292111271038872,0.027292901667878667,0.0013693656577181703,0.5333333333333333,0.4666666666666667,patch_8_stride_4,20260823
development_2025,2025-07-07,426,0.047226696728102466,0.008356648790026637,0.007308354548157411,0.029910841059135457,0.0015800146768268086,0.5333333333333333,0.4666666666666667,patch_8_stride_4,20260823
development_2025,2025-07-14,426,0.14614118656005462,0.01942000921186422,0.01995885490692274,0.03204294943701869,0.0017980304548072363,0.5333333333333333,0.4666666666666667,patch_8_stride_4,20260823
development_2025,2025-07-21,426,-0.1967443620255768,-0.00300133868055609,-0.008831704965218262,0.04015643980818043,0.0030391992287488157,0.4666666666666667,0.5333333333333333,patch_8_stride_4,20260823
development_2025,2025-07-28,426,0.10745351569397098,0.037705775855824415,0.03596900261230351,0.056129863684350335,0.0053045565668222465,0.6,0.4,patch_8_stride_4,20260823
development_2025,2025-08-04,426,0.06119626146464127,-0.012571367457207017,0.02040997508491573,0.04133914116650119,0.0037874347689347584,0.4666666666666667,0.5333333333333333,patch_8_stride_4,20260823
development_2025,2025-08-11,426,-0.13475281777453538,-0.03129188540610316,-0.031216668736438892,0.03150099232818879,0.0019951988043824948,0.4666666666666667,0.5333333333333333,patch_8_stride_4,20260823
development_2025,2025-08-18,426,-0.2127406677286477,-0.024210661208409767,-0.027340320476437346,0.02858477774441787,0.0015737228628136888,0.3333333333333333,0.6666666666666666,patch_8_stride_4,20260823
development_2025,2025-08-25,426,0.09836306168738566,0.020146984241587985,0.01579011654048377,0.028057765732505967,0.001363152614176763,0.4666666666666667,0.5333333333333333,patch_8_stride_4,20260823
development_2025,2025-09-01,426,0.04730834379468712,0.005490198260895586,0.027870742524839433,0.03142161518523014,0.002124417429589988,0.5333333333333333,0.4666666666666667,patch_8_stride_4,20260823
development_2025,2025-09-08,426,0.02830009953646663,0.03647541656698102,0.028904065243978358,0.0312988404043685,0.0021362314769025744,0.7333333333333333,0.26666666666666666,patch_8_stride_4,20260823
development_2025,2025-09-15,426,0.10908257646166293,0.04292373510212023,0.031001693945754565,0.030543769260257946,0.001732310566562339,0.4666666666666667,0.5333333333333333,patch_8_stride_4,20260823
development_2025,2025-09-22,426,-0.05465673500986633,-0.0010017654662472751,-0.013654733178906597,0.032890057472029874,0.001947565916052133,0.4,0.6,patch_8_stride_4,20260823
development_2025,2025-09-29,426,0.0688914198789652,0.05602725286672333,0.03876091175089986,0.039015872802744114,0.003272743506346155,0.8,0.2,patch_8_stride_4,20260823
development_2025,2025-10-06,426,-0.053508708955759626,-0.015677958133824797,-0.021910879336777406,0.047751017668122175,0.0035388651631858155,0.7333333333333333,0.26666666666666666,patch_8_stride_4,20260823
development_2025,2025-10-13,426,0.13320416229294768,0.061248406076900616,0.0931978274476444,0.033766871835064216,0.002195699429735102,0.6,0.4,patch_8_stride_4,20260823
development_2025,2025-10-20,426,0.022485462437110613,0.011349067857065628,0.0012811143240132918,0.03376984545989575,0.002198210393292367,0.6666666666666666,0.3333333333333333,patch_8_stride_4,20260823
development_2025,2025-10-27,426,0.19869706183096653,0.052930801163686904,0.10195295586404504,0.04470017457978771,0.004918518973518431,0.6666666666666666,0.3333333333333333,patch_8_stride_4,20260823
development_2025,2025-11-03,426,0.0163049657637241,0.023458988941359272,0.0621769171597825,0.04227190032334413,0.0037227502377149405,0.6666666666666666,0.3333333333333333,patch_8_stride_4,20260823
development_2025,2025-11-10,426,-0.11843489092704734,-0.024731346053379653,-0.008100587094029516,0.03447482528259134,0.0021023559657418634,0.5333333333333333,0.4666666666666667,patch_8_stride_4,20260823
development_2025,2025-11-17,426,-0.1950282214016985,-0.0499499940772543,-0.030574577361046157,0.038942361287791355,0.0030732636295242735,0.7333333333333333,0.26666666666666666,patch_8_stride_4,20260823
development_2025,2025-11-24,426,0.24451581232816377,0.07285731928282019,0.07827068874700834,0.03560308056019125,0.002416178498117913,0.6,0.4,patch_8_stride_4,20260823
development_2025,2025-12-01,426,0.07593029730941096,0.016132033751373155,0.007647978938804704,0.03272114959928777,0.002046270473512598,0.8666666666666667,0.13333333333333333,patch_8_stride_4,20260823
development_2025,2025-12-08,426,-0.04951886827231469,-0.020393832504302413,-0.02903182872572364,0.030803826322446465,0.0018589386808184937,0.5333333333333333,0.4666666666666667,patch_8_stride_4,20260823
development_2025,2025-12-15,426,0.07164894865819799,0.05403344139247053,0.06932118597999945,0.027205363903927245,0.0012697116826999343,0.8666666666666667,0.13333333333333333,patch_8_stride_4,20260823
development_2025,2025-12-22,426,0.06387711029921089,0.009903203938215869,0.024033245193004118,0.018120663174833296,0.0005707202370528315,0.6,0.4,patch_8_stride_4,20260823
development_2025,2025-01-06,424,-0.08088349430498813,-0.016253106515936536,-0.0023581625284795488,0.031034694714077143,0.001721428438756758,,,patch_8_stride_4,20260824
development_2025,2025-01-13,424,-0.14684440456230663,0.023657741271541466,0.008605111937970603,0.047921701117941175,0.00369721875865397,0.7333333333333333,0.26666666666666666,patch_8_stride_4,20260824
development_2025,2025-01-20,424,-0.1472074369691674,-0.04165559332314519,-0.027122876361934473,0.0449503509733141,0.003563687917138805,0.8666666666666667,0.13333333333333333,patch_8_stride_4,20260824
development_2025,2025-01-27,424,-0.11387615021922055,-0.04176112107275368,-0.04768251175151194,0.035435543307908865,0.0024956175810063666,0.7333333333333333,0.26666666666666666,patch_8_stride_4,20260824
development_2025,2025-02-03,424,0.14491180583086596,0.017961419265033335,0.03156865692326562,0.034937906430291404,0.0027026446908580133,0.6666666666666666,0.3333333333333333,patch_8_stride_4,20260824
development_2025,2025-02-10,424,-0.04392251320439858,-0.025229707072505443,-0.03069282885235377,0.03954358329618145,0.0033062629169378728,0.5333333333333333,0.4666666666666667,patch_8_stride_4,20260824
development_2025,2025-02-17,424,-0.12257444929489109,-0.028943807420179078,-0.033012887585023826,0.043699983079305074,0.00401402161152894,0.3333333333333333,0.6666666666666666,patch_8_stride_4,20260824
development_2025,2025-02-24,424,-0.07086357947434292,-0.02230759596849327,-0.03920926248992683,0.03417032987955916,0.0023152344208895712,0.6,0.4,patch_8_stride_4,20260824
development_2025,2025-03-03,424,0.07035555450602561,0.008877577292307735,0.013320297417833499,0.04457279624678203,0.00367383275610291,0.4666666666666667,0.5333333333333333,patch_8_stride_4,20260824
development_2025,2025-03-10,424,0.005338276619359104,0.012447411027310468,-0.0013844504024118822,0.03830314689104786,0.002356557664487081,0.5333333333333333,0.4666666666666667,patch_8_stride_4,20260824
development_2025,2025-03-17,424,-0.15007926574885275,0.00820456026860398,-0.014957904060699188,0.025266615643825017,0.0011127045710121806,0.4,0.6,patch_8_stride_4,20260824
development_2025,2025-03-24,424,0.10139230642076179,-0.004367547398118926,0.001316929275349113,0.030625324036949793,0.0017075619054785374,0.5333333333333333,0.4666666666666667,patch_8_stride_4,20260824
development_2025,2025-03-31,424,-0.10453160790610903,-0.05035427197401379,-0.04461950257928071,0.09988738549628207,0.013599156955695071,0.6666666666666666,0.3333333333333333,patch_8_stride_4,20260824
development_2025,2025-04-07,424,-0.0533292401665604,0.03127609463128843,0.020541277043482978,0.058089709707776556,0.005948579177351259,0.6,0.4,patch_8_stride_4,20260824
development_2025,2025-04-14,424,0.3027177053077353,0.01665409095577987,0.018727102233334323,0.031488398710005104,0.0020792027219589415,0.4666666666666667,0.5333333333333333,patch_8_stride_4,20260824
development_2025,2025-04-21,424,-0.5132875213513747,-0.029775725575370542,-0.10023054701729829,0.06294259619276715,0.006187557871604164,0.7333333333333333,0.26666666666666666,patch_8_stride_4,20260824
development_2025,2025-04-28,424,-0.18340205130627119,-0.023473110706508683,-0.033555363500992724,0.04568131721625655,0.0032477363246102113,0.4,0.6,patch_8_stride_4,20260824
development_2025,2025-05-05,424,-0.13377759935768765,4.4560746445175764e-06,-0.03502463873454695,0.034010120202750245,0.0024474171007143664,0.2,0.8,patch_8_stride_4,20260824
development_2025,2025-05-12,424,-0.37996788438378154,-0.006262116574233277,-0.057708708477500474,0.05553917802656707,0.005211206633290645,0.13333333333333333,0.8666666666666667,patch_8_stride_4,20260824
development_2025,2025-05-19,425,0.12052195526097764,0.022228937919295644,0.023790541678531094,0.03791303520609861,0.002524860820634443,0.26666666666666666,0.7333333333333333,patch_8_stride_4,20260824
development_2025,2025-05-26,425,0.07789084420639218,0.024335792045434804,0.03147137724188968,0.025516412676990726,0.0014135936053008963,0.5333333333333333,0.4666666666666667,patch_8_stride_4,20260824
development_2025,2025-06-02,425,0.08134412786044183,0.015875780788557434,-0.006670561549689098,0.02945938522722419,0.0018192423125199602,0.4666666666666667,0.5333333333333333,patch_8_stride_4,20260824
development_2025,2025-06-09,425,-0.013251083039622769,-0.00762197396781235,-0.014322046377132133,0.030360030236936193,0.0016661592565956256,0.5333333333333333,0.4666666666666667,patch_8_stride_4,20260824
development_2025,2025-06-16,425,0.18897720017575168,0.032913157183100256,0.05628621690824301,0.02687164402068468,0.0014491337571919357,0.4666666666666667,0.5333333333333333,patch_8_stride_4,20260824
development_2025,2025-06-23,425,-0.05442044051210705,-0.0010024617123228774,0.012578931706708704,0.037642642869020644,0.0024151659392989445,0.6,0.4,patch_8_stride_4,20260824
development_2025,2025-06-30,425,0.007828703631332949,0.007351375609294027,0.004609536992808933,0.027574863429592724,0.0013677784721161774,0.4666666666666667,0.5333333333333333,patch_8_stride_4,20260824
development_2025,2025-07-07,426,-0.02442698621817695,0.008566731337767183,-0.008107417648474488,0.028249839202047548,0.0014527002383445638,0.6666666666666666,0.3333333333333333,patch_8_stride_4,20260824
development_2025,2025-07-14,426,0.1723433755862077,0.029515825065600982,0.02506859314478843,0.030970186780647307,0.0017270863869909793,0.6,0.4,patch_8_stride_4,20260824
development_2025,2025-07-21,426,-0.17726144717873296,-0.011539805427137808,-0.015119217432960425,0.04035460465709897,0.003044386844103027,0.6,0.4,patch_8_stride_4,20260824
development_2025,2025-07-28,426,0.10042007105312685,0.03357962662799827,0.033225253064645806,0.05576546524498911,0.005316477652536672,0.6666666666666666,0.3333333333333333,patch_8_stride_4,20260824
development_2025,2025-08-04,426,0.1124870728711711,0.011438037780079104,0.03451575599168849,0.04141241170199784,0.0037744774468007557,0.7333333333333333,0.26666666666666666,patch_8_stride_4,20260824
development_2025,2025-08-11,426,-0.19011697960181534,-0.040175995955230775,-0.07571664053738963,0.0326912490898501,0.0021409315708883925,0.6,0.4,patch_8_stride_4,20260824
development_2025,2025-08-18,426,-0.22919938143809823,-0.016416915592672932,-0.026772696952348282,0.028957169270989826,0.0015894459613000674,0.4666666666666667,0.5333333333333333,patch_8_stride_4,20260824
development_2025,2025-08-25,426,0.06639776945181212,0.017395738188093854,0.0247437075249229,0.02792261534786649,0.0013534507968640504,0.4666666666666667,0.5333333333333333,patch_8_stride_4,20260824
development_2025,2025-09-01,426,0.07858227474781185,0.027793577518405062,0.056981208197303464,0.03134494763808142,0.00210816630274329,0.5333333333333333,0.4666666666666667,patch_8_stride_4,20260824
development_2025,2025-09-08,426,0.03431900952484434,0.0033059173009975583,-0.011223254503215868,0.031141355709874377,0.0021436115679035806,0.8,0.2,patch_8_stride_4,20260824
development_2025,2025-09-15,426,0.09088071340288598,0.03970422574260535,0.030310882347445372,0.030319406755080942,0.0017436425360698136,0.6,0.4,patch_8_stride_4,20260824
development_2025,2025-09-22,426,-0.06172448383648079,-0.0033741646615727122,-0.007731653864071745,0.03311576537190571,0.001952078148801695,0.5333333333333333,0.4666666666666667,patch_8_stride_4,20260824
development_2025,2025-09-29,426,0.07499539183024861,0.05094142986308181,0.06041323009285475,0.0396731673568298,0.003298933736124945,0.6666666666666666,0.3333333333333333,patch_8_stride_4,20260824
development_2025,2025-10-06,426,-0.024172265997140025,-0.019114082205228318,-0.003635281870793615,0.04655516413545009,0.003434227802739227,0.7333333333333333,0.26666666666666666,patch_8_stride_4,20260824
development_2025,2025-10-13,426,0.11456658950811913,0.059081691236898076,0.070486909408289,0.03476575438558017,0.002300708134881971,0.6666666666666666,0.3333333333333333,patch_8_stride_4,20260824
development_2025,2025-10-20,426,0.02254398134224828,0.00651095344292282,0.015917000183922413,0.033820494435208875,0.0022139451530595556,0.4666666666666667,0.5333333333333333,patch_8_stride_4,20260824
development_2025,2025-10-27,426,0.2263990112322925,0.08177361158640449,0.12001851343086126,0.04366839556267331,0.0048006112754507,0.4,0.6,patch_8_stride_4,20260824
development_2025,2025-11-03,426,0.008578762837390785,0.024955632425954503,0.067836631522252,0.04208759814848265,0.003716070573395419,0.6,0.4,patch_8_stride_4,20260824
development_2025,2025-11-10,426,-0.10309952288465606,-0.02870933203025264,0.0006905866893252531,0.03424644734855785,0.002071087275005901,0.6666666666666666,0.3333333333333333,patch_8_stride_4,20260824
development_2025,2025-11-17,426,-0.18346289889772582,-0.055386499132215536,-0.04194051526425123,0.03892515191965886,0.003089822645596994,0.6666666666666666,0.3333333333333333,patch_8_stride_4,20260824
development_2025,2025-11-24,426,0.14260149130074565,0.0751249177611046,0.08815096752455505,0.03867670685577081,0.0027106020129727846,0.7333333333333333,0.26666666666666666,patch_8_stride_4,20260824
development_2025,2025-12-01,426,-0.02805764189767341,0.01604964382268459,0.00039822902609623276,0.033976786209323144,0.002201100367702266,0.8666666666666667,0.13333333333333333,patch_8_stride_4,20260824
development_2025,2025-12-08,426,-0.01760029802731529,-0.029264514070059772,-0.02127432652251921,0.03090823699325259,0.0018416776449228275,0.7333333333333333,0.26666666666666666,patch_8_stride_4,20260824
development_2025,2025-12-15,426,0.09416894811491902,0.04682531217087278,0.06257603012924763,0.026421711037868386,0.0012166808213703595,0.7333333333333333,0.26666666666666666,patch_8_stride_4,20260824
development_2025,2025-12-22,426,0.07159089542074044,0.005821986140683166,0.023634552527103753,0.01841708699024341,0.0005945616024240555,0.6,0.4,patch_8_stride_4,20260824
development_2025,2025-01-06,424,-0.07829393660314385,-0.004990123221416144,0.019972310664899462,0.03142915234847056,0.0017714542368854338,,,patch_8_stride_4,20260825
development_2025,2025-01-13,424,-0.09855574184712022,0.027588247397998138,0.009863447665627162,0.04507515892445186,0.0033894843748900837,0.8,0.2,patch_8_stride_4,20260825
development_2025,2025-01-20,424,-0.15028376665800802,-0.04484052605838458,-0.033951054567427814,0.044755642746806754,0.0036721986176519346,0.8666666666666667,0.13333333333333333,patch_8_stride_4,20260825
development_2025,2025-01-27,424,-0.11725002164655504,-0.04002890023177887,-0.0477495675485457,0.03575353652423037,0.002632913006340091,0.8,0.2,patch_8_stride_4,20260825
development_2025,2025-02-03,424,0.16281917502299173,-0.0003589937450875951,-0.015521894340759138,0.03493793704002133,0.0027066405684687323,0.6666666666666666,0.3333333333333333,patch_8_stride_4,20260825
development_2025,2025-02-10,424,-0.049165230122558856,0.009331373655462813,-0.005877467607322776,0.039060612068261585,0.0032067797330369062,0.4,0.6,patch_8_stride_4,20260825
development_2025,2025-02-17,424,-0.1896309927358489,-0.03418978141851238,-0.0073296767367435,0.04541614419733471,0.00432482863165018,0.4666666666666667,0.5333333333333333,patch_8_stride_4,20260825
development_2025,2025-02-24,424,-0.11388150282192364,-0.035889582803824135,-0.03424032107192073,0.03526243476007217,0.002494470998659823,0.8,0.2,patch_8_stride_4,20260825
development_2025,2025-03-03,424,-0.025880778646263806,-0.03000763800663475,-0.03720536728690293,0.04622961688235157,0.003914856671529234,0.4,0.6,patch_8_stride_4,20260825
development_2025,2025-03-10,424,-0.039071953148983395,-0.0014689875421848714,-0.02544121579918059,0.04061778094957719,0.0026537921151686588,0.4666666666666667,0.5333333333333333,patch_8_stride_4,20260825
development_2025,2025-03-17,424,-0.11055234137010884,-0.0037613064948474337,-0.017329742619586867,0.02441458797079396,0.0009972662873879662,0.4,0.6,patch_8_stride_4,20260825
development_2025,2025-03-24,424,0.0055253028549838235,-0.02232729069686323,-0.02455827008521206,0.032131322682153865,0.0018908861806929524,0.4,0.6,patch_8_stride_4,20260825
development_2025,2025-03-31,424,-0.004944860320683873,-0.04845382901430939,-0.0152860502767376,0.09912378828793192,0.013346231372435083,0.5333333333333333,0.4666666666666667,patch_8_stride_4,20260825
development_2025,2025-04-07,424,-0.1753087585897466,0.0014930342355289755,-0.035534788508830545,0.06163211647337582,0.006682810132932004,0.6,0.4,patch_8_stride_4,20260825
development_2025,2025-04-14,424,0.22401634118119343,0.0021042663629358338,0.013288059683737533,0.03201259275768092,0.001938394502929336,0.5333333333333333,0.4666666666666667,patch_8_stride_4,20260825
development_2025,2025-04-21,424,-0.4178902873875362,-0.01587418578745928,-0.07931499093815247,0.05830601110935348,0.0053622346813305315,0.6,0.4,patch_8_stride_4,20260825
development_2025,2025-04-28,424,-0.17391298872017694,-0.0016261677466068818,-0.011432530256705712,0.04105685862540324,0.002762259150585856,0.4666666666666667,0.5333333333333333,patch_8_stride_4,20260825
development_2025,2025-05-05,424,-0.06576491054069158,-0.005188929367561095,-0.02599331022044023,0.032616852426682386,0.002285777194186199,0.3333333333333333,0.6666666666666666,patch_8_stride_4,20260825
development_2025,2025-05-12,424,-0.2910860273455026,-0.008308093877235273,-0.04131713514103327,0.051386323621722775,0.004557771653466434,0.26666666666666666,0.7333333333333333,patch_8_stride_4,20260825
development_2025,2025-05-19,425,0.1615458567163246,0.029866538869402583,0.04252033730695948,0.037884784595648334,0.002514081991460249,0.3333333333333333,0.6666666666666666,patch_8_stride_4,20260825
development_2025,2025-05-26,425,0.05075049830198446,0.020931793136351344,0.018074020776131322,0.02597934639449696,0.0014432284280356494,0.4,0.6,patch_8_stride_4,20260825
development_2025,2025-06-02,425,0.022290179233175177,0.012519348519772256,-0.01295543556961003,0.028836674028604226,0.001762572759936342,0.7333333333333333,0.26666666666666666,patch_8_stride_4,20260825
development_2025,2025-06-09,425,-0.14747167261226476,-0.024082085570688565,-0.05779443552979757,0.03220821941026697,0.0018949867565570104,0.3333333333333333,0.6666666666666666,patch_8_stride_4,20260825
development_2025,2025-06-16,425,0.25880743848022714,0.04525528310168287,0.053163416744497066,0.027285960471934663,0.0014418507416783593,0.6666666666666666,0.3333333333333333,patch_8_stride_4,20260825
development_2025,2025-06-23,425,0.1443438433039971,0.02575054414502107,0.03655284188041853,0.03291984414427015,0.00197487730551107,0.8,0.2,patch_8_stride_4,20260825
development_2025,2025-06-30,425,0.10666661455972237,0.004699007551543108,0.009244561002461958,0.027477688109448742,0.0013931656926483172,0.8,0.2,patch_8_stride_4,20260825
development_2025,2025-07-07,426,0.10661236464107694,0.013129443986873796,0.010532218673361692,0.03376017954022333,0.001940716837904806,0.6666666666666666,0.3333333333333333,patch_8_stride_4,20260825
development_2025,2025-07-14,426,0.14129560390307128,0.02676827262118524,0.03202928723175302,0.032324422375548834,0.00186094296923026,0.6,0.4,patch_8_stride_4,20260825
development_2025,2025-07-21,426,-0.18989066510926697,-0.016780980625250377,-0.02236462109010563,0.03997592859332137,0.003014600626335225,0.5333333333333333,0.4666666666666667,patch_8_stride_4,20260825
development_2025,2025-07-28,426,0.09269805913591482,0.038440977909190904,0.04890922707169153,0.05770308003322537,0.005559266804788984,0.6666666666666666,0.3333333333333333,patch_8_stride_4,20260825
development_2025,2025-08-04,426,0.08257739299829839,-0.02488547738766412,0.012871586063288294,0.041638322132144356,0.0038365831490543524,0.6666666666666666,0.3333333333333333,patch_8_stride_4,20260825
development_2025,2025-08-11,426,-0.17363467206323768,-0.02333522909886539,-0.04253645267765454,0.0322136695144585,0.0020582254822575593,0.4666666666666667,0.5333333333333333,patch_8_stride_4,20260825
development_2025,2025-08-18,426,-0.24367372993990946,-0.014371908719024919,-0.026225681485629856,0.028053658525728782,0.0015653347635584127,0.5333333333333333,0.4666666666666667,patch_8_stride_4,20260825
development_2025,2025-08-25,426,0.0768824324927385,0.019024495920094642,0.019378228594612815,0.02836628522319819,0.0014152171524756765,0.6666666666666666,0.3333333333333333,patch_8_stride_4,20260825
development_2025,2025-09-01,426,0.0834065919140688,0.024318482136253795,0.04889281892550295,0.031438071833335635,0.00207660822869329,0.7333333333333333,0.26666666666666666,patch_8_stride_4,20260825
development_2025,2025-09-08,426,0.08132800661248106,0.04361981238815635,0.04443883175545542,0.031102403212804566,0.0021200032035262302,0.7333333333333333,0.26666666666666666,patch_8_stride_4,20260825
development_2025,2025-09-15,426,0.09609991676190217,0.04527358788552313,0.043225372638344195,0.0305550708978257,0.0017551914355661332,0.6666666666666666,0.3333333333333333,patch_8_stride_4,20260825
development_2025,2025-09-22,426,-0.047090411320381304,-0.0038152891669135484,-0.001607208512181834,0.033692384776449,0.0020031425208598885,0.5333333333333333,0.4666666666666667,patch_8_stride_4,20260825
development_2025,2025-09-29,426,0.04407164297258964,0.05493245999264802,0.04966442892222238,0.039735570207681065,0.0033197356403581423,0.5333333333333333,0.4666666666666667,patch_8_stride_4,20260825
development_2025,2025-10-06,426,-0.007105545519985875,-0.02123446117254702,-0.026042027844793546,0.048354202271958566,0.0036746608884864647,0.6666666666666666,0.3333333333333333,patch_8_stride_4,20260825
development_2025,2025-10-13,426,0.08648946717915983,0.03852952691975829,0.036208808455999296,0.03423299263199806,0.0022655408924347974,0.7333333333333333,0.26666666666666666,patch_8_stride_4,20260825
development_2025,2025-10-20,426,-0.029226933442506535,0.017148966207887324,0.007173559426861261,0.033377121820726746,0.0021127732297700646,0.8,0.2,patch_8_stride_4,20260825
development_2025,2025-10-27,426,0.25669550572480204,0.09489979798807428,0.12210523258329506,0.04455340965388225,0.004808815941490401,0.6,0.4,patch_8_stride_4,20260825
development_2025,2025-11-03,426,-0.04349840605833651,0.025013814750662923,0.025278317779776315,0.04338019589521247,0.004039241429308878,0.6,0.4,patch_8_stride_4,20260825
development_2025,2025-11-10,426,-0.0759012706906822,-0.025863435580928452,-0.018692927551673982,0.03427246179100832,0.0020778793024851597,0.6666666666666666,0.3333333333333333,patch_8_stride_4,20260825
development_2025,2025-11-17,426,-0.17117299748345424,-0.054181644398181475,-0.04414895560391509,0.038844299961774124,0.003046656168902898,0.6,0.4,patch_8_stride_4,20260825
development_2025,2025-11-24,426,0.15759956072015507,0.07671728552307681,0.08349890030807536,0.03794163824645652,0.0026346526413842377,0.6,0.4,patch_8_stride_4,20260825
development_2025,2025-12-01,426,0.02402201055901465,0.017603688685506262,0.009726734753297116,0.03362617077129388,0.0020959353713723926,0.9333333333333333,0.06666666666666667,patch_8_stride_4,20260825
development_2025,2025-12-08,426,0.011825087458211175,-0.023976466333894587,-0.035469092448414695,0.030884806922003263,0.0018722286418846944,0.6666666666666666,0.3333333333333333,patch_8_stride_4,20260825
development_2025,2025-12-15,426,0.12556597055816093,0.045547032184948065,0.052094063181957195,0.026189640985998925,0.0012219797744938215,0.8,0.2,patch_8_stride_4,20260825
development_2025,2025-12-22,426,0.06100192281946258,0.008471230686803461,0.022485038573094168,0.017990943421916226,0.0005729879615906756,0.7333333333333333,0.26666666666666666,patch_8_stride_4,20260825
development_2025,2025-01-06,424,-0.09264442187955069,-0.009697365034699559,-0.0058711359821263555,0.03145633579694364,0.001776641515588543,,,patch_10_stride_5,20260823
development_2025,2025-01-13,424,-0.11720987712628204,0.022697550542418413,0.006880312765181709,0.047204309220965024,0.003638531436111379,0.8666666666666667,0.13333333333333333,patch_10_stride_5,20260823
development_2025,2025-01-20,424,-0.20761754079391692,-0.04912582674645928,-0.06004050645243654,0.04687332151216028,0.003790198060742398,0.8,0.2,patch_10_stride_5,20260823
development_2025,2025-01-27,424,-0.06564463440936391,-0.01202780626887538,-0.004563734675408621,0.03478525147296484,0.0023998712742496708,0.6666666666666666,0.3333333333333333,patch_10_stride_5,20260823
development_2025,2025-02-03,424,0.163612698404952,0.01753751983681593,0.03967502720582828,0.03452103252844757,0.002669325962433932,0.5333333333333333,0.4666666666666667,patch_10_stride_5,20260823
development_2025,2025-02-10,424,-0.023101518407443265,-0.000616094022122279,-0.012043517077558246,0.03956225655090962,0.0032765310924620953,0.5333333333333333,0.4666666666666667,patch_10_stride_5,20260823
development_2025,2025-02-17,424,-0.17068120412627447,-0.016308538337087456,0.012757372977285429,0.04392504065510783,0.00401090504094228,0.5333333333333333,0.4666666666666667,patch_10_stride_5,20260823
development_2025,2025-02-24,424,-0.12278949315575285,-0.03313751697014414,-0.02602308833731293,0.03476726474769678,0.002474451251317841,0.6666666666666666,0.3333333333333333,patch_10_stride_5,20260823
development_2025,2025-03-03,424,-0.024536330790847046,-0.011012868317385627,-0.03382317034999778,0.04562239442861474,0.0038213503820165493,0.5333333333333333,0.4666666666666667,patch_10_stride_5,20260823
development_2025,2025-03-10,424,-0.018108012373958014,0.01778788102391879,0.002023602396375683,0.03751970294123069,0.002335009576374464,0.7333333333333333,0.26666666666666666,patch_10_stride_5,20260823
development_2025,2025-03-17,424,-0.19580292976283245,0.002981047015361706,-0.01616411884270942,0.025710157067275367,0.0011369641700750882,0.6,0.4,patch_10_stride_5,20260823
development_2025,2025-03-24,424,0.17773584905660375,-0.00048389508527177036,0.020131389844671707,0.028966268322209908,0.0015126783787674765,0.6666666666666666,0.3333333333333333,patch_10_stride_5,20260823
development_2025,2025-03-31,424,0.10332727229791956,-0.031042647385292194,0.011543676199304298,0.09529882837033363,0.012336588436994186,0.7333333333333333,0.26666666666666666,patch_10_stride_5,20260823
development_2025,2025-04-07,424,-0.17311482119945526,0.01658914153302426,-0.009093111682011525,0.06083222880702723,0.006501522635120603,0.8,0.2,patch_10_stride_5,20260823
development_2025,2025-04-14,424,0.2863280358309521,0.02222894039770583,0.060067810635131606,0.03005340342814053,0.001787332113199899,0.6666666666666666,0.3333333333333333,patch_10_stride_5,20260823
development_2025,2025-04-21,424,-0.347260962996198,-0.0385683258326337,-0.08403772384528417,0.0626023064708981,0.0059742904895733135,0.4,0.6,patch_10_stride_5,20260823
development_2025,2025-04-28,424,-0.15664218638077473,-0.03240911322432542,-0.034527787749336326,0.0474588063122416,0.0035452125657840098,0.6,0.4,patch_10_stride_5,20260823
development_2025,2025-05-05,424,-0.21677946489715916,-0.0011685249983499654,-0.033172328949850234,0.03742387536449971,0.002818794048031209,0.5333333333333333,0.4666666666666667,patch_10_stride_5,20260823
development_2025,2025-05-12,424,-0.5141752662526271,-0.04683596374422786,-0.06819851668634214,0.0660010760210088,0.006789805858068376,0.8,0.2,patch_10_stride_5,20260823
development_2025,2025-05-19,425,0.46516812305575966,0.06139393775427422,0.10315377188188775,0.028837558467842996,0.0017510416495089495,0.4666666666666667,0.5333333333333333,patch_10_stride_5,20260823
development_2025,2025-05-26,425,0.06518281976140834,0.019594989138911556,0.017244211000197338,0.02725168833706011,0.0015342043901629028,0.6,0.4,patch_10_stride_5,20260823
development_2025,2025-06-02,425,0.04001211642822987,0.006647559011300923,-0.015460374421560417,0.029847479002523165,0.0018530126756015398,0.4666666666666667,0.5333333333333333,patch_10_stride_5,20260823
development_2025,2025-06-09,425,-0.15387254200624287,-0.022335508724232855,-0.04463129748974397,0.032709289613571585,0.001899842898689959,0.8,0.2,patch_10_stride_5,20260823
development_2025,2025-06-16,425,0.266197271662053,0.03815429807198161,0.05284646301560615,0.025995362816747546,0.001371821979438166,0.6666666666666666,0.3333333333333333,patch_10_stride_5,20260823
development_2025,2025-06-23,425,0.09458489002829408,0.00913895154930935,0.015248416653625186,0.037708269697498825,0.0023552371616064626,0.6,0.4,patch_10_stride_5,20260823
development_2025,2025-06-30,425,0.08213331040627785,0.002575288657938662,0.014280829075737127,0.0269786812696542,0.0013559136982907744,0.6,0.4,patch_10_stride_5,20260823
development_2025,2025-07-07,426,0.04373403390448768,0.013366579479703097,0.007125222427156571,0.03077181957567816,0.0016361020818916477,0.7333333333333333,0.26666666666666666,patch_10_stride_5,20260823
development_2025,2025-07-14,426,0.13009598575056897,0.037853828470761554,0.038450640284166795,0.03194465548204443,0.0018082668790409097,0.7333333333333333,0.26666666666666666,patch_10_stride_5,20260823
development_2025,2025-07-21,426,-0.11220503347956592,-0.006062866011323914,-0.0054630460950115985,0.039694495603340485,0.002938075497569763,0.8666666666666667,0.13333333333333333,patch_10_stride_5,20260823
development_2025,2025-07-28,426,0.0622264735956724,0.02927141982744305,0.03118606383456076,0.05595336023938691,0.0053173014996257045,0.8666666666666667,0.13333333333333333,patch_10_stride_5,20260823
development_2025,2025-08-04,426,0.04897745198287119,-0.020831628376362033,-0.010845436254372884,0.04188015895944569,0.003931781066720286,0.4666666666666667,0.5333333333333333,patch_10_stride_5,20260823
development_2025,2025-08-11,426,-0.1461208524046885,-0.02075466007061072,-0.032008194292830264,0.03321523354074264,0.002149179317535948,0.4,0.6,patch_10_stride_5,20260823
development_2025,2025-08-18,426,-0.21192404184024108,-0.008479469363174333,-0.013098931079479329,0.028904575651745267,0.0016027810517351682,0.5333333333333333,0.4666666666666667,patch_10_stride_5,20260823
development_2025,2025-08-25,426,0.03644726604564707,0.021568570984179723,0.01949053850067919,0.02795517812703587,0.0013605445205857477,0.8,0.2,patch_10_stride_5,20260823
development_2025,2025-09-01,426,0.14073385345826164,0.03631234724065941,0.060900478091166166,0.030709296070705865,0.0020299372484838918,0.7333333333333333,0.26666666666666666,patch_10_stride_5,20260823
development_2025,2025-09-08,426,0.084102609873319,0.024555502045370204,0.012646325383976448,0.030753596149104938,0.0020812031824586864,0.5333333333333333,0.4666666666666667,patch_10_stride_5,20260823
development_2025,2025-09-15,426,0.07336074305039496,0.025113820223834005,0.012411726993771108,0.030509420125905736,0.0018134208121775015,0.6,0.4,patch_10_stride_5,20260823
development_2025,2025-09-22,426,-0.0322533076957405,-0.021628505236453908,-0.0216410917258237,0.03313906144930195,0.0019548983388983313,0.6,0.4,patch_10_stride_5,20260823
development_2025,2025-09-29,426,0.13111378007679636,0.05120495766826938,0.04781531991359654,0.0387824155991378,0.003188227978538282,0.6666666666666666,0.3333333333333333,patch_10_stride_5,20260823
development_2025,2025-10-06,426,-0.059641397080651706,-0.01648531450543978,-0.004087451877156784,0.04785379912250646,0.0035735393032261015,0.6666666666666666,0.3333333333333333,patch_10_stride_5,20260823
development_2025,2025-10-13,426,0.14890647646728974,0.04595805311955127,0.06849928686964438,0.03389089227858698,0.002250232406985417,0.7333333333333333,0.26666666666666666,patch_10_stride_5,20260823
development_2025,2025-10-20,426,-0.049182656207253164,0.01863198201773165,0.013261921958971887,0.03459666471881025,0.0022226933997049722,0.7333333333333333,0.26666666666666666,patch_10_stride_5,20260823
development_2025,2025-10-27,426,0.21480869789615226,0.06266976222599911,0.09358510207031932,0.04440775043825572,0.004915683147305755,0.6666666666666666,0.3333333333333333,patch_10_stride_5,20260823
development_2025,2025-11-03,426,-0.020214556383624797,0.036852129340702415,0.05394846646812447,0.041890448514526134,0.003703018345905657,0.8,0.2,patch_10_stride_5,20260823
development_2025,2025-11-10,426,-0.09773409987407569,-0.03878419517208523,-0.02239462074362308,0.0346124773404811,0.0020991412263378028,0.6666666666666666,0.3333333333333333,patch_10_stride_5,20260823
development_2025,2025-11-17,426,-0.17541150470809427,-0.03902610375801998,-0.019819167540084733,0.039490320641720165,0.0031453238905580706,0.8,0.2,patch_10_stride_5,20260823
development_2025,2025-11-24,426,0.16845908624359465,0.07830302296601899,0.08797192169928458,0.038674239214384655,0.0026990709455295635,0.9333333333333333,0.06666666666666667,patch_10_stride_5,20260823
development_2025,2025-12-01,426,-0.0777099239603484,0.026349323717417484,-0.0027305916155787383,0.03469406449192308,0.002312512005709693,0.8,0.2,patch_10_stride_5,20260823
development_2025,2025-12-08,426,-0.015836659300062672,-0.0247302223869847,-0.03910896776615973,0.030774561106249577,0.001850604863803439,0.8,0.2,patch_10_stride_5,20260823
development_2025,2025-12-15,426,0.15616561471044202,0.04022692164139423,0.044543037276912445,0.024817920294504834,0.001118899905616852,0.7333333333333333,0.26666666666666666,patch_10_stride_5,20260823
development_2025,2025-12-22,426,0.09979452413613794,0.004090621948522517,0.01796255128106998,0.017421424646353312,0.0005266372140475609,0.6,0.4,patch_10_stride_5,20260823
development_2025,2025-01-06,424,-0.07305861887107311,-0.00841375717806079,0.01775938009887858,0.03142998214560996,0.0017822234260950354,,,patch_10_stride_5,20260824
development_2025,2025-01-13,424,-0.05312867499468675,0.016718834816415576,-0.011755119004929301,0.045083903675618764,0.0033734706480337807,0.7333333333333333,0.26666666666666666,patch_10_stride_5,20260824
development_2025,2025-01-20,424,-0.18691682212828928,-0.05347880749028326,-0.0604085506200773,0.04565577391106913,0.0037597579274666663,0.7333333333333333,0.26666666666666666,patch_10_stride_5,20260824
development_2025,2025-01-27,424,-0.0350316826851174,-0.027176454394815426,-0.030301049764933138,0.034725556684704936,0.0024425119309693156,0.4,0.6,patch_10_stride_5,20260824
development_2025,2025-02-03,424,0.12511071721376246,0.000495508231962063,-0.010173613140213074,0.035200672819768984,0.0027562772669729118,0.5333333333333333,0.4666666666666667,patch_10_stride_5,20260824
development_2025,2025-02-10,424,-0.10856400689541171,-0.016551191381638637,-0.049580896189455256,0.040145672838075463,0.0034006393467005715,0.5333333333333333,0.4666666666666667,patch_10_stride_5,20260824
development_2025,2025-02-17,424,-0.1883119696913584,-0.017156871895762062,0.00258309331372171,0.04445362219484882,0.004083828241912866,0.5333333333333333,0.4666666666666667,patch_10_stride_5,20260824
development_2025,2025-02-24,424,-0.1374128037405247,-0.030849785303785578,-0.03929096251125647,0.034859373912859835,0.0024690519029176906,0.26666666666666666,0.7333333333333333,patch_10_stride_5,20260824
development_2025,2025-03-03,424,0.023508631071858688,-0.007926177978475822,-0.015215637974371159,0.04542704289386816,0.003756357690881315,0.5333333333333333,0.4666666666666667,patch_10_stride_5,20260824
development_2025,2025-03-10,424,-0.000792185200053526,0.015407628644625703,-0.004154362446205487,0.03747986317196858,0.0023231771216085657,0.5333333333333333,0.4666666666666667,patch_10_stride_5,20260824
development_2025,2025-03-17,424,-0.16853393786257978,0.004633330791629215,-0.019363945512901267,0.02516045437520596,0.001094231967033671,0.6,0.4,patch_10_stride_5,20260824
development_2025,2025-03-24,424,0.1276165962169693,-0.004720134543901258,0.011781871652662344,0.029473470635524426,0.0016100431590681935,0.4666666666666667,0.5333333333333333,patch_10_stride_5,20260824
development_2025,2025-03-31,424,0.0958899882715029,-0.019581933388331155,0.040086973908014925,0.09617266763129811,0.012499267011941144,0.7333333333333333,0.26666666666666666,patch_10_stride_5,20260824
development_2025,2025-04-07,424,-0.17507175538100925,0.012141077484930603,-0.035547546274896584,0.06121523059799542,0.006561200305356496,0.8,0.2,patch_10_stride_5,20260824
development_2025,2025-04-14,424,0.303305704457616,0.013029148337718514,0.02682259177487201,0.030879253276970667,0.001953355510461678,0.8,0.2,patch_10_stride_5,20260824
development_2025,2025-04-21,424,-0.4050898528821404,-0.0323962832724817,-0.08299909287434883,0.0631804627744069,0.0061080757926631375,0.4666666666666667,0.5333333333333333,patch_10_stride_5,20260824
development_2025,2025-04-28,424,-0.1312086649191993,-0.02809542397865376,-0.030700932171598822,0.04426420128186297,0.0031012174345285345,0.6,0.4,patch_10_stride_5,20260824
development_2025,2025-05-05,424,-0.06419360678835966,-0.01020614986362754,-0.041428578403267705,0.032837463063147825,0.0023256726722123656,0.4,0.6,patch_10_stride_5,20260824
development_2025,2025-05-12,424,-0.4339525035224848,-0.02693612527927716,-0.03611747186505672,0.05949160888109741,0.005723419995648547,0.6,0.4,patch_10_stride_5,20260824
development_2025,2025-05-19,425,0.4561423144862516,0.013598230156371656,0.0420313938679377,0.030232733203930107,0.0018728007369161915,0.4,0.6,patch_10_stride_5,20260824
development_2025,2025-05-26,425,0.10737709694146953,0.029396916611224386,0.020795307921456434,0.027010101818898593,0.0015167235283342507,0.6,0.4,patch_10_stride_5,20260824
development_2025,2025-06-02,425,-0.008915915372431084,0.02087882200934882,-0.005265193279884332,0.03000556753355705,0.0018646376134085036,0.5333333333333333,0.4666666666666667,patch_10_stride_5,20260824
development_2025,2025-06-09,425,-0.14762635208244185,-0.0071523778394647665,-0.017370663057358245,0.03339902559588326,0.0019023291198122301,0.6666666666666666,0.3333333333333333,patch_10_stride_5,20260824
development_2025,2025-06-16,425,0.3107617635632462,0.02780591537010082,0.04947806126190622,0.026058969578147403,0.0013755987947873442,0.7333333333333333,0.26666666666666666,patch_10_stride_5,20260824
development_2025,2025-06-23,425,0.14702208813368559,0.015110794755551962,0.02196284643636783,0.035593278100985996,0.002172966836222736,0.4666666666666667,0.5333333333333333,patch_10_stride_5,20260824
development_2025,2025-06-30,425,0.03629425833580842,0.0009332278640769263,-0.009034151155937755,0.027276916605666713,0.0013923461455067124,0.7333333333333333,0.26666666666666666,patch_10_stride_5,20260824
development_2025,2025-07-07,426,0.08532607409160849,0.014929111440594015,0.012227143787059334,0.030253238670842994,0.0016016377218482408,0.6,0.4,patch_10_stride_5,20260824
development_2025,2025-07-14,426,0.17161817578566868,0.03770842267730236,0.0502624632659668,0.03175903508867051,0.0017986772727685973,0.7333333333333333,0.26666666666666666,patch_10_stride_5,20260824
development_2025,2025-07-21,426,-0.12774653708169947,-0.010738933485899176,-0.0097445147469772,0.03950147108110118,0.0029323964234134743,0.8,0.2,patch_10_stride_5,20260824
development_2025,2025-07-28,426,0.035967938780222315,0.022628603656405254,0.026613119076766313,0.05750452958516234,0.005566039905499136,0.8,0.2,patch_10_stride_5,20260824
development_2025,2025-08-04,426,0.02039694289167988,-0.03142219497054055,-0.019532429731367096,0.04202726604354881,0.003929143399630531,0.6,0.4,patch_10_stride_5,20260824
development_2025,2025-08-11,426,-0.12712844084759278,-0.01752047229299244,-0.03475378769169424,0.032105118528291475,0.0020576564750616824,0.4666666666666667,0.5333333333333333,patch_10_stride_5,20260824
development_2025,2025-08-18,426,-0.13163951888767514,-0.013894418320666516,-0.014710323870603108,0.028048819303274103,0.0015323068905531713,0.6666666666666666,0.3333333333333333,patch_10_stride_5,20260824
development_2025,2025-08-25,426,0.07852717073899522,0.01669244930424893,0.019192649936389916,0.028372209321179044,0.001370118453982187,0.4666666666666667,0.5333333333333333,patch_10_stride_5,20260824
development_2025,2025-09-01,426,0.14935506966582524,0.020381642113157426,0.041200928848629345,0.030758349937870563,0.0020175501288937038,0.5333333333333333,0.4666666666666667,patch_10_stride_5,20260824
development_2025,2025-09-08,426,0.08076190993599008,0.04816865125906197,0.04461498593848182,0.03080858071695702,0.0020783751888351814,0.4666666666666667,0.5333333333333333,patch_10_stride_5,20260824
development_2025,2025-09-15,426,0.06962189724654581,0.035121076031418355,0.021976322832891797,0.0306112500595859,0.0018096495879718541,0.6666666666666666,0.3333333333333333,patch_10_stride_5,20260824
development_2025,2025-09-22,426,-0.04606128574727051,-0.011263320907346334,-0.014503156336297666,0.0333279468610429,0.0019584688685741923,0.7333333333333333,0.26666666666666666,patch_10_stride_5,20260824
development_2025,2025-09-29,426,0.13241811524887026,0.05101530426898099,0.037057773734710815,0.038798230323875534,0.003210348774234618,0.8,0.2,patch_10_stride_5,20260824
development_2025,2025-10-06,426,-0.10233955323066656,-0.01316626713178723,-0.015571295991996782,0.04839623743299679,0.003622497723843377,0.7333333333333333,0.26666666666666666,patch_10_stride_5,20260824
development_2025,2025-10-13,426,0.19033289418284055,0.043751859682635494,0.06569448079252536,0.03337965803486471,0.002210008685492774,0.8666666666666667,0.13333333333333333,patch_10_stride_5,20260824
development_2025,2025-10-20,426,-0.017127490109412502,0.03291929266643519,0.03338007741514093,0.034108576359041666,0.002222838693944334,0.7333333333333333,0.26666666666666666,patch_10_stride_5,20260824
development_2025,2025-10-27,426,0.19157374332785526,0.0632024141214908,0.08278531206644706,0.04478382348786383,0.004934451638533355,0.7333333333333333,0.26666666666666666,patch_10_stride_5,20260824
development_2025,2025-11-03,426,-0.015784814965007016,0.04792867446489667,0.09396871786390174,0.0418857426477465,0.0036801162695682048,0.7333333333333333,0.26666666666666666,patch_10_stride_5,20260824
development_2025,2025-11-10,426,-0.08018727601869657,-0.03966620548124196,-0.02916916810643285,0.034370974800749285,0.0020614061812011236,0.8,0.2,patch_10_stride_5,20260824
development_2025,2025-11-17,426,-0.18392033978218394,-0.03757525000720562,-0.020202459959921086,0.038924127494536304,0.0029862764065930227,0.6,0.4,patch_10_stride_5,20260824
development_2025,2025-11-24,426,0.11224026900069657,0.07130863965790166,0.07066263295558217,0.03938516909299089,0.002875356367234457,0.6666666666666666,0.3333333333333333,patch_10_stride_5,20260824
development_2025,2025-12-01,426,-0.03644943916148773,0.025499543732505844,0.01186833385784725,0.03405245666134688,0.002202809221725892,0.5333333333333333,0.4666666666666667,patch_10_stride_5,20260824
development_2025,2025-12-08,426,-0.05296868966935655,-0.026422340522350554,-0.043965940735298706,0.031195023714214447,0.0018833861315113469,0.8,0.2,patch_10_stride_5,20260824
development_2025,2025-12-15,426,0.1658615919237702,0.04853186926333214,0.06445075409294025,0.025012214664820467,0.001132955944560205,0.8,0.2,patch_10_stride_5,20260824
development_2025,2025-12-22,426,0.07796014272714397,0.009530884053121549,0.029851378680700445,0.017296131654490444,0.0005246572996891292,0.5333333333333333,0.4666666666666667,patch_10_stride_5,20260824
development_2025,2025-01-06,424,-0.06323769491738887,-0.007698521457461177,0.008622630870805503,0.03146449743705748,0.0017717158093489963,,,patch_10_stride_5,20260825
development_2025,2025-01-13,424,-0.09404160861454175,0.016681701662964607,-0.0019388064014239786,0.047074733840323,0.003605984529134263,0.6666666666666666,0.3333333333333333,patch_10_stride_5,20260825
development_2025,2025-01-20,424,-0.19988554875984915,-0.02924017077605448,-0.036795600456926994,0.04603906088700199,0.0037010341097609067,0.7333333333333333,0.26666666666666666,patch_10_stride_5,20260825
development_2025,2025-01-27,424,-0.06102155996882896,-0.013180613080727233,0.001733305229370246,0.03495786308451861,0.00242186250907705,0.4,0.6,patch_10_stride_5,20260825
development_2025,2025-02-03,424,0.14066845115625878,0.00696687186893102,-0.013220450970429707,0.03553111619015487,0.002786495443545367,0.5333333333333333,0.4666666666666667,patch_10_stride_5,20260825
development_2025,2025-02-10,424,-0.07705606851331459,-0.019278715900633306,-0.05469811079345571,0.04007368491269689,0.003444064716129924,0.6,0.4,patch_10_stride_5,20260825
development_2025,2025-02-17,424,-0.18437442181557237,-0.0203968302168523,-0.0011221220028615544,0.045005993920732436,0.004164150728558629,0.5333333333333333,0.4666666666666667,patch_10_stride_5,20260825
development_2025,2025-02-24,424,-0.055264678332191966,0.005984000134599658,0.01181736365866658,0.0344281236480724,0.002360995896880261,0.3333333333333333,0.6666666666666666,patch_10_stride_5,20260825
development_2025,2025-03-03,424,-0.05559197424453523,-0.029197019168688283,-0.05083308945412412,0.04602489141430107,0.003896848465005803,0.4,0.6,patch_10_stride_5,20260825
development_2025,2025-03-10,424,-0.0012721877189253862,0.021787852099505855,0.02281297442776724,0.03825729187282633,0.002402601411453331,0.6,0.4,patch_10_stride_5,20260825
development_2025,2025-03-17,424,-0.15233208176887775,0.004224646716867909,-0.008933003087003342,0.02417793590971958,0.0010293873145953711,0.6666666666666666,0.3333333333333333,patch_10_stride_5,20260825
development_2025,2025-03-24,424,0.27912122857974986,0.0068782505211569134,0.025922747302487503,0.028510705618445882,0.0014277944945340956,0.6,0.4,patch_10_stride_5,20260825
development_2025,2025-03-31,424,0.17733393156540014,0.011434496522829699,0.07063305097670126,0.09491997441581293,0.012141694572723164,0.6,0.4,patch_10_stride_5,20260825
development_2025,2025-04-07,424,-0.021684652986043874,0.031846378370528255,0.009592273486911357,0.057763507637169344,0.006019869432131793,0.6,0.4,patch_10_stride_5,20260825
development_2025,2025-04-14,424,0.31957431065561515,0.012957048071111914,0.04063837502468721,0.03126375453424185,0.0018798529526399847,0.5333333333333333,0.4666666666666667,patch_10_stride_5,20260825
development_2025,2025-04-21,424,-0.324277674136696,-0.01898937124262977,-0.0862106619757338,0.05916476468610012,0.005511596610997332,0.3333333333333333,0.6666666666666666,patch_10_stride_5,20260825
development_2025,2025-04-28,424,-0.17918010720948355,-0.015422624431149548,-0.03281857785497028,0.044068990225569434,0.003165981988277795,0.3333333333333333,0.6666666666666666,patch_10_stride_5,20260825
development_2025,2025-05-05,424,-0.16200470714178886,0.000657891743778339,-0.04716578512406442,0.03484614121086605,0.0025701291238298452,0.6,0.4,patch_10_stride_5,20260825
development_2025,2025-05-12,424,-0.5207835265780338,-0.03399216400230227,-0.08474101709415766,0.06142466732953618,0.00615358526985034,0.4666666666666667,0.5333333333333333,patch_10_stride_5,20260825
development_2025,2025-05-19,425,0.4534545340857576,0.062428670632627956,0.10052971737530836,0.028961022347273938,0.0017383571802089795,0.4666666666666667,0.5333333333333333,patch_10_stride_5,20260825
development_2025,2025-05-26,425,0.052961734729867274,0.015005302495567231,0.004496989140421601,0.027855611758118997,0.0015799598461328664,0.6,0.4,patch_10_stride_5,20260825
development_2025,2025-06-02,425,0.06450079194091046,0.0058954300754091166,-0.025670943740874808,0.029064060966252376,0.0017973019306306264,0.4,0.6,patch_10_stride_5,20260825
development_2025,2025-06-09,425,-0.12205085593670799,-0.004342878513598932,-0.012453037727498091,0.03259205787953342,0.001863969018310209,0.6,0.4,patch_10_stride_5,20260825
development_2025,2025-06-16,425,0.2314015816308009,0.02574666873547657,0.04176567589144248,0.02663206733754027,0.00142110179372407,0.6666666666666666,0.3333333333333333,patch_10_stride_5,20260825
development_2025,2025-06-23,425,0.2054845164215035,0.024293743175331024,0.04105547300525191,0.033830568805196415,0.002041665946378692,0.4666666666666667,0.5333333333333333,patch_10_stride_5,20260825
development_2025,2025-06-30,425,0.061336855762767505,-0.007459085751740953,-0.020489973735762577,0.02744746887636506,0.0014457368715212221,0.7333333333333333,0.26666666666666666,patch_10_stride_5,20260825
development_2025,2025-07-07,426,0.09343334840285689,0.0056554792917404735,0.0077216994263775195,0.02930672673571858,0.00153892338276481,0.5333333333333333,0.4666666666666667,patch_10_stride_5,20260825
development_2025,2025-07-14,426,0.17180056229372379,0.037273452025802074,0.034760749239963404,0.03183055886306791,0.0018073089366439168,0.6666666666666666,0.3333333333333333,patch_10_stride_5,20260825
development_2025,2025-07-21,426,-0.16027652899072353,-0.009565961443773262,-0.022010398268305673,0.040024811680699844,0.002990294576487549,0.7333333333333333,0.26666666666666666,patch_10_stride_5,20260825
development_2025,2025-07-28,426,0.04005324133809608,0.019208612621605527,0.016696769387611412,0.0573192920194443,0.0055262154248443985,0.6666666666666666,0.3333333333333333,patch_10_stride_5,20260825
development_2025,2025-08-04,426,0.03984151776619214,-0.019449123878108897,-0.005797420629696881,0.04131783993552112,0.0038897178932437012,0.5333333333333333,0.4666666666666667,patch_10_stride_5,20260825
development_2025,2025-08-11,426,-0.09237705888173788,-0.01522845030806958,-0.014606497881502346,0.03151930266132513,0.001972108462930786,0.4,0.6,patch_10_stride_5,20260825
development_2025,2025-08-18,426,-0.19803534805748665,-0.006282719917234005,-0.008996983573504027,0.02824359148437148,0.00155991988740635,0.4666666666666667,0.5333333333333333,patch_10_stride_5,20260825
development_2025,2025-08-25,426,0.04457114917082049,0.007255294120201235,0.00665071248487039,0.028917784979175767,0.0014458637035917662,0.5333333333333333,0.4666666666666667,patch_10_stride_5,20260825
development_2025,2025-09-01,426,0.1471569629930014,0.03594305992859357,0.061553648522236624,0.03069245718415908,0.002007153556193985,0.8,0.2,patch_10_stride_5,20260825
development_2025,2025-09-08,426,0.06514791739831467,0.02412427150853113,0.016144273767149643,0.03097083073102811,0.0021152093126979754,0.4666666666666667,0.5333333333333333,patch_10_stride_5,20260825
development_2025,2025-09-15,426,0.07524064347512269,0.0406861242802523,0.02633059771149352,0.030311372349486835,0.0017981015532553201,0.6666666666666666,0.3333333333333333,patch_10_stride_5,20260825
development_2025,2025-09-22,426,-0.01710436194796552,-0.016628037305267556,-0.02144498478965067,0.03356913778344994,0.0019646697758112456,0.6666666666666666,0.3333333333333333,patch_10_stride_5,20260825
development_2025,2025-09-29,426,0.20799411706497423,0.03871053829136948,0.02704235361096923,0.03776249815586884,0.0030376241802484156,0.6666666666666666,0.3333333333333333,patch_10_stride_5,20260825
development_2025,2025-10-06,426,-0.07437248369678048,-0.017844513448493388,-0.015605423757133655,0.04800160278499127,0.0035793252543016396,0.7333333333333333,0.26666666666666666,patch_10_stride_5,20260825
development_2025,2025-10-13,426,0.13679554666475224,0.038500114607752545,0.05524081064277206,0.03472512682709002,0.0023684694151933114,0.7333333333333333,0.26666666666666666,patch_10_stride_5,20260825
development_2025,2025-10-20,426,-0.029972622620971733,0.04243390564898017,0.044679911079035586,0.034390914926771605,0.002271317072807181,0.6666666666666666,0.3333333333333333,patch_10_stride_5,20260825
development_2025,2025-10-27,426,0.19900207416145865,0.08243537538449155,0.10436806501019656,0.04437245989936863,0.004884628705935965,0.8,0.2,patch_10_stride_5,20260825
development_2025,2025-11-03,426,-0.020317003273255734,0.01534728247061935,0.03446362653111444,0.04208642257380054,0.003765692898320677,0.7333333333333333,0.26666666666666666,patch_10_stride_5,20260825
development_2025,2025-11-10,426,-0.12599919672325177,-0.03305223552635697,-0.032816185559342854,0.03477508560023912,0.0021369851879216996,0.8,0.2,patch_10_stride_5,20260825
development_2025,2025-11-17,426,-0.236420490154039,-0.04196687321410153,-0.029992989507223504,0.04013220643174227,0.003241370651915341,0.8,0.2,patch_10_stride_5,20260825
development_2025,2025-11-24,426,0.18177888934377723,0.08184264757201641,0.08034226510367376,0.03740051963032758,0.002569342102079917,0.7333333333333333,0.26666666666666666,patch_10_stride_5,20260825
development_2025,2025-12-01,426,0.023064287363525414,0.019085913339503793,0.010185794795814586,0.033446204890738934,0.0021673173776490607,0.7333333333333333,0.26666666666666666,patch_10_stride_5,20260825
development_2025,2025-12-08,426,-0.06660980346883616,-0.02534704384318869,-0.04181731561305166,0.031476375274106135,0.0019466111855877208,0.8,0.2,patch_10_stride_5,20260825
development_2025,2025-12-15,426,0.10349145984877442,0.03762274268606854,0.04644322528687218,0.025470428119807813,0.0011700258131168598,0.6666666666666666,0.3333333333333333,patch_10_stride_5,20260825
development_2025,2025-12-22,426,0.10093618606528273,0.01189545022322136,0.026298507616571536,0.017071256724616315,0.0005105295194579986,0.6666666666666666,0.3333333333333333,patch_10_stride_5,20260825
development_2025,2025-01-06,424,-0.026244440771089648,-0.007821745209064077,0.0028376311742930142,0.031030806945576972,0.00174255117208398,,,patch_16_stride_8,20260823
development_2025,2025-01-13,424,-0.15560267944994133,0.018336337837801184,-0.01564203880764853,0.0489750928893489,0.003846976833299228,0.6,0.4,patch_16_stride_8,20260823
development_2025,2025-01-20,424,-0.15465164789319982,-0.06132960745185396,-0.0657792235612329,0.0453380000705801,0.003706984301037793,0.6,0.4,patch_16_stride_8,20260823
development_2025,2025-01-27,424,-0.05155910296675876,-0.030779842874183366,-0.027993339522046745,0.03539829416923437,0.002474738855485467,0.7333333333333333,0.26666666666666666,patch_16_stride_8,20260823
development_2025,2025-02-03,424,0.1589712832460106,0.008157565085991273,0.03152697709968608,0.034743855622751695,0.0026822015706782854,0.5333333333333333,0.4666666666666667,patch_16_stride_8,20260823
development_2025,2025-02-10,424,-0.01372690706149983,0.0009155367304929975,0.021547185684908675,0.03927779340894793,0.003169739710877298,0.5333333333333333,0.4666666666666667,patch_16_stride_8,20260823
development_2025,2025-02-17,424,-0.1746296933521342,-0.04784224206430658,-0.03312603195074963,0.04510024991817669,0.004191559116020427,0.3333333333333333,0.6666666666666666,patch_16_stride_8,20260823
development_2025,2025-02-24,424,-0.14115553246589682,-0.029513274132125747,-0.0013864020445219713,0.034948533808628966,0.002406103322167446,0.3333333333333333,0.6666666666666666,patch_16_stride_8,20260823
development_2025,2025-03-03,424,-0.018037326532379307,-0.007167727045280429,-0.0010598747947635646,0.04544413945581586,0.0038011819682124037,0.2,0.8,patch_16_stride_8,20260823
development_2025,2025-03-10,424,0.09087239552585384,0.027838927516091343,0.027285278429693964,0.03834109714429292,0.0023453257846921434,0.26666666666666666,0.7333333333333333,patch_16_stride_8,20260823
development_2025,2025-03-17,424,-0.06818759298179328,0.005594893738733743,-0.005195843342190462,0.02453412835189021,0.0010345124468735785,0.4,0.6,patch_16_stride_8,20260823
development_2025,2025-03-24,424,0.16512606166513172,-0.019301950873110787,-0.002082717694408598,0.029009963877320664,0.001567614904369005,0.3333333333333333,0.6666666666666666,patch_16_stride_8,20260823
development_2025,2025-03-31,424,0.15463275635424784,-0.008315747322679146,0.030044911359144277,0.09585499053538787,0.012448880987930176,0.4,0.6,patch_16_stride_8,20260823
development_2025,2025-04-07,424,-0.10156721058555898,0.03203878154264976,-0.0076543977851961514,0.058235122320492834,0.006090305079650814,0.4666666666666667,0.5333333333333333,patch_16_stride_8,20260823
development_2025,2025-04-14,424,0.21321038090065408,0.0016660721554373897,0.006604726695607582,0.033459383946334895,0.0022113660956955957,0.4,0.6,patch_16_stride_8,20260823
development_2025,2025-04-21,424,-0.24514353633866232,0.009432535908366103,-0.031921427974034466,0.056786793236243936,0.00517640787076664,0.5333333333333333,0.4666666666666667,patch_16_stride_8,20260823
development_2025,2025-04-28,424,-0.15548161617115733,-0.029422133524979896,-0.05449904176780398,0.049954723788154944,0.003917406131243964,0.26666666666666666,0.7333333333333333,patch_16_stride_8,20260823
development_2025,2025-05-05,424,-0.006019474028069678,0.01944355347072346,-0.003761178714597354,0.03257749236056906,0.0022965611595525824,0.3333333333333333,0.6666666666666666,patch_16_stride_8,20260823
development_2025,2025-05-12,424,-0.4602673152761706,-0.042848850581827226,-0.0787299375697076,0.06585502683281365,0.006862877810529395,0.13333333333333333,0.8666666666666667,patch_16_stride_8,20260823
development_2025,2025-05-19,425,-0.16213362304794363,0.010763507851609783,0.006579951203201472,0.044541249646377255,0.003285788028189629,0.06666666666666667,0.9333333333333333,patch_16_stride_8,20260823
development_2025,2025-05-26,425,0.042127215540136015,-0.0020263261384400122,-0.0028982621515563608,0.026896950686267216,0.0015557427730401678,0.26666666666666666,0.7333333333333333,patch_16_stride_8,20260823
development_2025,2025-06-02,425,0.08069985152255918,0.014711163446150491,-0.008465425940730256,0.028048040697042545,0.0017203403293366058,0.4,0.6,patch_16_stride_8,20260823
development_2025,2025-06-09,425,0.020053931471054536,-0.011946929123429718,0.0016739744007899168,0.030180010761004822,0.0016915907918235841,0.4,0.6,patch_16_stride_8,20260823
development_2025,2025-06-16,425,0.22818856310627345,0.017798570882048115,0.026793031568014228,0.026758092480213866,0.0014478687512270313,0.4,0.6,patch_16_stride_8,20260823
development_2025,2025-06-23,425,0.11952791108471027,0.011069622679971521,-0.002463010068013964,0.034452926454043964,0.002114816246322681,0.4666666666666667,0.5333333333333333,patch_16_stride_8,20260823
development_2025,2025-06-30,425,-0.012195526097763051,-0.011095615024512097,-0.012023591909154845,0.029757108027001707,0.001519318111496096,0.4666666666666667,0.5333333333333333,patch_16_stride_8,20260823
development_2025,2025-07-07,426,-0.043056332207323016,0.0007511248159237354,-0.005678287573341111,0.030220363894932874,0.0016082577116697558,0.6,0.4,patch_16_stride_8,20260823
development_2025,2025-07-14,426,0.14619613534631123,0.025848317508550746,0.003866316255860699,0.03230377573642933,0.001883517642798967,0.5333333333333333,0.4666666666666667,patch_16_stride_8,20260823
development_2025,2025-07-21,426,-0.1646463545011632,-0.024801941836671313,-0.05448382766585042,0.04105716333441485,0.0031248712704339153,0.6,0.4,patch_16_stride_8,20260823
development_2025,2025-07-28,426,0.07173820163022493,0.014868794801055699,0.039924054398282165,0.055723745721237755,0.005288424162451578,0.6,0.4,patch_16_stride_8,20260823
development_2025,2025-08-04,426,0.06241894957013053,-0.014410817812775756,0.021855695027550907,0.04123147576972765,0.0038223746140833743,0.5333333333333333,0.4666666666666667,patch_16_stride_8,20260823
development_2025,2025-08-11,426,-0.11062455737316862,-0.0010321827861236432,0.006869113230690004,0.03162831126154921,0.0019894147629085763,0.3333333333333333,0.6666666666666666,patch_16_stride_8,20260823
development_2025,2025-08-18,426,-0.18630905975874537,-0.017899693213023662,-0.032436330700441794,0.02948885049368161,0.001661975059178408,0.26666666666666666,0.7333333333333333,patch_16_stride_8,20260823
development_2025,2025-08-25,426,-0.02413252902176802,-0.010314262425644559,-0.02166310715538205,0.030263738375693787,0.0015612209227813078,0.2,0.8,patch_16_stride_8,20260823
development_2025,2025-09-01,426,0.004016771797613065,0.012783203945620667,0.03841823965382313,0.03219641532091852,0.0021549707762921764,0.3333333333333333,0.6666666666666666,patch_16_stride_8,20260823
development_2025,2025-09-08,426,-0.013701728209177923,-0.014042627904521134,-0.011645216567148236,0.03179934140665001,0.0022399626392819913,0.3333333333333333,0.6666666666666666,patch_16_stride_8,20260823
development_2025,2025-09-15,426,0.040002638783520804,0.012677334946262546,0.012580024763020657,0.031054380969501607,0.0018818377893312602,0.4,0.6,patch_16_stride_8,20260823
development_2025,2025-09-22,426,0.007059910087332093,-0.024727233841997064,-0.02734680457144192,0.03276929472263158,0.0019063981098448356,0.4,0.6,patch_16_stride_8,20260823
development_2025,2025-09-29,426,0.1427132515439794,0.051396538602758474,0.05606227899413669,0.03840225034174073,0.003106659416131973,0.5333333333333333,0.4666666666666667,patch_16_stride_8,20260823
development_2025,2025-10-06,426,-0.06986978767494068,-0.0026462484770395367,0.00358223329448934,0.048156144141995476,0.003538386477773977,0.6666666666666666,0.3333333333333333,patch_16_stride_8,20260823
development_2025,2025-10-13,426,0.15890901823671053,0.05151585566968708,0.07195630429300828,0.0341804873614432,0.0022188678462402465,0.4666666666666667,0.5333333333333333,patch_16_stride_8,20260823
development_2025,2025-10-20,426,0.01974112757548182,0.05725866634565942,0.053473442919397735,0.03461927080210217,0.002302402495424795,0.4666666666666667,0.5333333333333333,patch_16_stride_8,20260823
development_2025,2025-10-27,426,0.21958287817551403,0.0789109620452306,0.09358335066020251,0.045332042004835454,0.0047995074896878325,0.4,0.6,patch_16_stride_8,20260823
development_2025,2025-11-03,426,0.053427372334295065,0.02303744339770882,0.06902414576872724,0.04112496612223765,0.0035643181241761346,0.7333333333333333,0.26666666666666666,patch_16_stride_8,20260823
development_2025,2025-11-10,426,-0.060793148476199536,-0.03306860085596656,-0.0056609581365797725,0.034302204043958784,0.002100120154380953,0.6666666666666666,0.3333333333333333,patch_16_stride_8,20260823
development_2025,2025-11-17,426,-0.23969708317406854,-0.046398775168686596,-0.02262677946614148,0.039961125241949134,0.0031062948282621727,0.4,0.6,patch_16_stride_8,20260823
development_2025,2025-11-24,426,0.17690303828758475,0.07279081415490955,0.07296857336754617,0.037371526674099105,0.0026476083141886127,0.6,0.4,patch_16_stride_8,20260823
development_2025,2025-12-01,426,0.025305701130602324,0.01717090308350847,0.01585306856397659,0.03363359140000467,0.002145939670223296,0.6,0.4,patch_16_stride_8,20260823
development_2025,2025-12-08,426,-0.04195518336635047,-0.02819827203157152,-0.013865197640888808,0.031446479173614005,0.0019546610153404445,0.6,0.4,patch_16_stride_8,20260823
development_2025,2025-12-15,426,0.13518154248538483,0.035074147496183566,0.038999616431014024,0.025546675410373688,0.001187249028280836,0.5333333333333333,0.4666666666666667,patch_16_stride_8,20260823
development_2025,2025-12-22,426,0.04679036611181069,0.010681662020417176,0.023583824090973163,0.01846813107021479,0.000575255900883675,0.3333333333333333,0.6666666666666666,patch_16_stride_8,20260823
development_2025,2025-01-06,424,-0.041550365629993466,-0.01519303357315165,0.005126936643182093,0.030988819816723915,0.001727222588440173,,,patch_16_stride_8,20260824
development_2025,2025-01-13,424,-0.08400374682189214,0.02959547553171296,0.004012758075729664,0.046597993579498655,0.003581188078820564,0.7333333333333333,0.26666666666666666,patch_16_stride_8,20260824
development_2025,2025-01-20,424,-0.20601963145756091,-0.05072636141821225,-0.05555986072575263,0.04583306139319233,0.003773477741147574,0.8,0.2,patch_16_stride_8,20260824
development_2025,2025-01-27,424,-0.052651978495131486,-0.037306667376051504,-0.028868144168753995,0.03512101766128397,0.0024838654107343303,0.6,0.4,patch_16_stride_8,20260824
development_2025,2025-02-03,424,0.14421431444235785,0.0011836364022416973,-0.0033900033133582343,0.03514070034360846,0.0026775210272864773,0.6666666666666666,0.3333333333333333,patch_16_stride_8,20260824
development_2025,2025-02-10,424,0.04123125605119607,0.02195321506055753,0.008621891300685434,0.039033885027687926,0.003174447936372244,0.4,0.6,patch_16_stride_8,20260824
development_2025,2025-02-17,424,-0.19960974014726518,-0.033393173488158914,-0.017059155249237123,0.04463771079596381,0.004199558924712788,0.3333333333333333,0.6666666666666666,patch_16_stride_8,20260824
development_2025,2025-02-24,424,-0.05391786903440621,-0.028441449595533352,-0.02207365159419612,0.03433141414530888,0.002379758463381187,0.4666666666666667,0.5333333333333333,patch_16_stride_8,20260824
development_2025,2025-03-03,424,0.00778992608685385,-0.015007788600033548,-0.021123809014808773,0.045237987645323545,0.0037669874579785707,0.7333333333333333,0.26666666666666666,patch_16_stride_8,20260824
development_2025,2025-03-10,424,-0.005140702607819523,0.02018929160340786,0.017160977532667248,0.038455629861818455,0.0023621930545108007,0.4,0.6,patch_16_stride_8,20260824
development_2025,2025-03-17,424,-0.16056013412992656,-0.004749094683030496,-0.02664972918002683,0.027684625121204606,0.0013376000628875892,0.7333333333333333,0.26666666666666666,patch_16_stride_8,20260824
development_2025,2025-03-24,424,0.22540203556332206,0.0020232868107824056,0.03207682471068429,0.027052137565807082,0.001395756439602674,0.4666666666666667,0.5333333333333333,patch_16_stride_8,20260824
development_2025,2025-03-31,424,0.22965121496209884,-0.005710101051521185,0.05382167718334084,0.09126731601769758,0.011439018104847126,0.7333333333333333,0.26666666666666666,patch_16_stride_8,20260824
development_2025,2025-04-07,424,-0.18275926669342965,0.0007644570959001451,-0.05856024877973037,0.06863782612838132,0.00804020396526545,0.6,0.4,patch_16_stride_8,20260824
development_2025,2025-04-14,424,0.290783920151762,0.029667199989776093,0.03056900190986369,0.03302001426203798,0.0021992991938610657,0.5333333333333333,0.4666666666666667,patch_16_stride_8,20260824
development_2025,2025-04-21,424,-0.3691827047960894,-0.03534121742744323,-0.09906770199890688,0.06096413302620061,0.005790798394869375,0.26666666666666666,0.7333333333333333,patch_16_stride_8,20260824
development_2025,2025-04-28,424,-0.14335639675380388,-0.04094399490217502,-0.05054008107989024,0.043604235967264156,0.0030378955167566584,0.4666666666666667,0.5333333333333333,patch_16_stride_8,20260824
development_2025,2025-05-05,424,-0.03131744869766453,0.01051554697999042,-0.02840886175682094,0.032090408493009336,0.002248104507821829,0.4,0.6,patch_16_stride_8,20260824
development_2025,2025-05-12,424,-0.38719751891121756,-0.04801983726887696,-0.0812655693644355,0.05897118881411342,0.005704162913811452,0.3333333333333333,0.6666666666666666,patch_16_stride_8,20260824
development_2025,2025-05-19,425,0.306683653530506,0.031288787437786014,0.0592693502076963,0.033122333516673735,0.00207109618202977,0.4,0.6,patch_16_stride_8,20260824
development_2025,2025-05-26,425,0.0402079864394799,0.014624558699553574,0.01027498247945931,0.02909078609474238,0.0016762563649006638,0.4666666666666667,0.5333333333333333,patch_16_stride_8,20260824
development_2025,2025-06-02,425,-0.0049452879017557955,0.017104976790922245,-0.008525640117733609,0.02962633331794145,0.0018514104970956792,0.4,0.6,patch_16_stride_8,20260824
development_2025,2025-06-09,425,-0.11338692975672306,-0.024217332408364465,-0.037538515836680324,0.03255367052997429,0.0018653279527378174,0.6666666666666666,0.3333333333333333,patch_16_stride_8,20260824
development_2025,2025-06-16,425,0.24813471135884682,0.008797775807915598,0.027453475659977692,0.026733923667966054,0.0014174981384133122,0.5333333333333333,0.4666666666666667,patch_16_stride_8,20260824
development_2025,2025-06-23,425,0.07061246502321365,0.02587266362791987,0.04851069256012987,0.03833403510112093,0.002424509765713136,0.5333333333333333,0.4666666666666667,patch_16_stride_8,20260824
development_2025,2025-06-30,425,-0.0661865532819559,-0.008019636386901667,-0.020464563992923953,0.02907853674453937,0.0015246437649555633,0.6666666666666666,0.3333333333333333,patch_16_stride_8,20260824
development_2025,2025-07-07,426,0.06906340647549715,0.008986225140762699,0.015572069313455797,0.031191558621692095,0.001662328681786315,0.5333333333333333,0.4666666666666667,patch_16_stride_8,20260824
development_2025,2025-07-14,426,0.12901998296432404,0.02345207170346914,0.02397472331605907,0.031616892719799616,0.0018273875747025663,0.8,0.2,patch_16_stride_8,20260824
development_2025,2025-07-21,426,-0.18936803074958916,-0.0044917105102691805,-0.010876532147244957,0.04142749026678952,0.003141822672076379,0.5333333333333333,0.4666666666666667,patch_16_stride_8,20260824
development_2025,2025-07-28,426,0.09226607475130437,0.04345256938617512,0.05430930992150404,0.05581854427085603,0.0052848150012839625,0.8,0.2,patch_16_stride_8,20260824
development_2025,2025-08-04,426,0.12517791415804372,-0.05146786409149953,-0.02439057903015009,0.041867840406733636,0.003924895634215786,0.4666666666666667,0.5333333333333333,patch_16_stride_8,20260824
development_2025,2025-08-11,426,-0.1533275254225449,-0.0164883080811854,-0.04247464995085283,0.03362297300728524,0.0022446292095268405,0.3333333333333333,0.6666666666666666,patch_16_stride_8,20260824
development_2025,2025-08-18,426,-0.2051737231489225,-0.012321634146816947,-0.019883559670917053,0.029659825615805525,0.0017208840825119105,0.6666666666666666,0.3333333333333333,patch_16_stride_8,20260824
development_2025,2025-08-25,426,0.045439774616842815,0.014804126090630748,0.01624148916055696,0.027793696613896194,0.0013681587010975487,0.5333333333333333,0.4666666666666667,patch_16_stride_8,20260824
development_2025,2025-09-01,426,0.1355357603674118,0.023164807626648194,0.05386875743027818,0.03173760579574553,0.002098789612676872,0.4666666666666667,0.5333333333333333,patch_16_stride_8,20260824
development_2025,2025-09-08,426,0.07360847825622976,0.03892474065481646,0.049579283372098104,0.0309794633788684,0.002088338620320621,0.4666666666666667,0.5333333333333333,patch_16_stride_8,20260824
development_2025,2025-09-15,426,0.040599159081780946,0.03796147061440713,0.031079666003851102,0.030969818948496815,0.0018768883810716436,0.6666666666666666,0.3333333333333333,patch_16_stride_8,20260824
development_2025,2025-09-22,426,-0.0023343144692649634,0.006277177048446558,0.0067649845441988335,0.032687666490086274,0.0019188316608161116,0.6,0.4,patch_16_stride_8,20260824
development_2025,2025-09-29,426,0.009753797616945647,0.059820000191774275,0.05581623080206863,0.04027821673448987,0.0033877829180971263,0.6666666666666666,0.3333333333333333,patch_16_stride_8,20260824
development_2025,2025-10-06,426,-0.07463186059461882,-0.0015533405966501601,0.01078639497151223,0.04694622475511358,0.0034530309621644537,0.6666666666666666,0.3333333333333333,patch_16_stride_8,20260824
development_2025,2025-10-13,426,0.09243650912223583,0.04318697874646661,0.04922966737430109,0.0364762178173416,0.002557632863923605,0.6,0.4,patch_16_stride_8,20260824
development_2025,2025-10-20,426,-0.08983637601889059,0.038907589551824176,0.037481787731329805,0.036048567433066704,0.0024392516755547297,0.3333333333333333,0.6666666666666666,patch_16_stride_8,20260824
development_2025,2025-10-27,426,0.2663500385145977,0.09438757481531108,0.12690331627209453,0.04293619234836831,0.004647072259216126,0.6,0.4,patch_16_stride_8,20260824
development_2025,2025-11-03,426,-0.03375710385747465,0.0068696485860986825,0.028818866697025863,0.04197509674761417,0.0037794809539330363,0.8,0.2,patch_16_stride_8,20260824
development_2025,2025-11-10,426,-0.014684752681954795,-0.02405754928888244,0.0002675073438108133,0.03355905879314819,0.0019499256236367726,0.8,0.2,patch_16_stride_8,20260824
development_2025,2025-11-17,426,-0.05465735590010653,-0.03753880874732662,-0.01839406957631183,0.036481009959504235,0.0026825158763815757,0.6666666666666666,0.3333333333333333,patch_16_stride_8,20260824
development_2025,2025-11-24,426,0.008466536926476892,0.0610752440791503,0.03904760730036361,0.04161400875855981,0.0031526212699364933,0.6,0.4,patch_16_stride_8,20260824
development_2025,2025-12-01,426,0.02442900411145756,0.023176750977660112,0.004645462409910577,0.0347843708549354,0.0022626734986683954,0.5333333333333333,0.4666666666666667,patch_16_stride_8,20260824
development_2025,2025-12-08,426,0.014629803895698202,-0.030268853126926277,-0.04035212063669109,0.0309993614991601,0.0018851232913492328,0.8,0.2,patch_16_stride_8,20260824
development_2025,2025-12-15,426,0.15518988569798736,0.03709299166329581,0.04423635823602549,0.025329491907017044,0.0011512090569008363,0.6,0.4,patch_16_stride_8,20260824
development_2025,2025-12-22,426,0.032712300805799115,0.0073304090092105225,0.02269984822023377,0.018380611389469146,0.0005836244523748952,0.8,0.2,patch_16_stride_8,20260824
development_2025,2025-01-06,424,-0.04432616242000613,-0.008561815784876643,0.00337720696569482,0.03111365552696773,0.0017458989933852376,,,patch_16_stride_8,20260825
development_2025,2025-01-13,424,-0.1038337229713242,0.029197966069345646,0.009603663329876222,0.04702478160727098,0.0036522827595334346,0.6666666666666666,0.3333333333333333,patch_16_stride_8,20260825
development_2025,2025-01-20,424,-0.20266685558205616,-0.04927097420603093,-0.05949740003558794,0.0462997905038118,0.0038496657277761496,0.8666666666666667,0.13333333333333333,patch_16_stride_8,20260825
development_2025,2025-01-27,424,-0.05604537117938303,-0.0254403727397663,-0.020060501077671128,0.035153101668211326,0.0024464755972375104,0.7333333333333333,0.26666666666666666,patch_16_stride_8,20260825
development_2025,2025-02-03,424,0.14185775229484004,0.010052156711441086,0.029234328717292417,0.03529058555222903,0.002698769680374661,0.6666666666666666,0.3333333333333333,patch_16_stride_8,20260825
development_2025,2025-02-10,424,0.07240276761045646,0.025997125035817352,0.03536449809681696,0.03889261157289685,0.003161152575177412,0.26666666666666666,0.7333333333333333,patch_16_stride_8,20260825
development_2025,2025-02-17,424,-0.2066255069869377,-0.019739065734381143,-0.006060651128989094,0.044821594126231996,0.0042492538334995954,0.26666666666666666,0.7333333333333333,patch_16_stride_8,20260825
development_2025,2025-02-24,424,-0.11278673813965569,-0.025526643157350502,-0.031031525209583622,0.035163985323393224,0.0024734430064897593,0.4,0.6,patch_16_stride_8,20260825
development_2025,2025-03-03,424,0.012452357900205444,-0.010949711400872718,-0.0077693784916530485,0.04525330512279955,0.0037166923282136674,0.5333333333333333,0.4666666666666667,patch_16_stride_8,20260825
development_2025,2025-03-10,424,-0.037055123936367,0.01927230988162042,0.007424944522307974,0.038561763826532224,0.002371728195787659,0.4666666666666667,0.5333333333333333,patch_16_stride_8,20260825
development_2025,2025-03-17,424,-0.18948481198983003,0.002834674955767924,-0.02168347965407178,0.029848965800172184,0.001590760714815105,0.6,0.4,patch_16_stride_8,20260825
development_2025,2025-03-24,424,0.1864273738399414,-0.0009604196156918175,0.020499013691890437,0.027759095206387006,0.0014388907825443724,0.4666666666666667,0.5333333333333333,patch_16_stride_8,20260825
development_2025,2025-03-31,424,0.16510528097228452,-0.032747067276638564,0.019728294269872243,0.0931920288011726,0.01190717215379719,0.6666666666666666,0.3333333333333333,patch_16_stride_8,20260825
development_2025,2025-04-07,424,-0.19022866633606472,0.01171439577581515,-0.032399913172820344,0.06626024921458594,0.007623158931948666,0.6666666666666666,0.3333333333333333,patch_16_stride_8,20260825
development_2025,2025-04-14,424,0.26278791886084013,0.02094017721364126,0.029627774903695017,0.03176078418267261,0.001984998090885427,0.5333333333333333,0.4666666666666667,patch_16_stride_8,20260825
development_2025,2025-04-21,424,-0.2830289434119693,-0.013104700102244904,-0.06696130894302069,0.05893802224072253,0.005477301648356652,0.26666666666666666,0.7333333333333333,patch_16_stride_8,20260825
development_2025,2025-04-28,424,-0.15234688014105682,-0.04070799404679237,-0.03837548994800792,0.043680292175035676,0.0030469875886961206,0.4666666666666667,0.5333333333333333,patch_16_stride_8,20260825
development_2025,2025-05-05,424,-0.011023370407978525,0.012744973158794384,-0.009794635505846942,0.03203260352724205,0.0022188079239287895,0.4,0.6,patch_16_stride_8,20260825
development_2025,2025-05-12,424,-0.412301540447572,-0.04565354866429554,-0.10349148398883826,0.05993579150154748,0.0058438377967872865,0.26666666666666666,0.7333333333333333,patch_16_stride_8,20260825
development_2025,2025-05-19,425,0.29557565146707104,0.06259450421646127,0.0871191506418349,0.03265366237938718,0.0020125367219032083,0.26666666666666666,0.7333333333333333,patch_16_stride_8,20260825
development_2025,2025-05-26,425,0.023313220963921986,0.022969861324293968,0.015120251997715991,0.02838308157586742,0.001619268252051202,0.4666666666666667,0.5333333333333333,patch_16_stride_8,20260825
development_2025,2025-06-02,425,0.0010134279991491464,0.02117595956157846,-0.007302773604240476,0.030128348048229663,0.0018832353863327876,0.5333333333333333,0.4666666666666667,patch_16_stride_8,20260825
development_2025,2025-06-09,425,-0.11168576822645303,-0.01913967819390356,-0.03391127955506315,0.03241180404326088,0.00186060790913287,0.6,0.4,patch_16_stride_8,20260825
development_2025,2025-06-16,425,0.2322958931506424,0.008655817480622928,0.00855675536051174,0.026724511974591553,0.001429359930420569,0.5333333333333333,0.4666666666666667,patch_16_stride_8,20260825
development_2025,2025-06-23,425,0.07348579825233309,0.01675891207611203,0.031916374397480345,0.03856675556882692,0.00244323246326399,0.5333333333333333,0.4666666666666667,patch_16_stride_8,20260825
development_2025,2025-06-30,425,-0.06515374153913492,-0.012486919950818222,-0.02255219334041512,0.029059320658982694,0.001509853986451698,0.6,0.4,patch_16_stride_8,20260825
development_2025,2025-07-07,426,0.05663240775414299,0.008986225140762699,0.017581621542007278,0.030820189837149892,0.001632665688572883,0.6,0.4,patch_16_stride_8,20260825
development_2025,2025-07-14,426,0.165771562838943,0.022312617246374934,0.02296467752171785,0.03153591455761178,0.0018132843882229526,0.6666666666666666,0.3333333333333333,patch_16_stride_8,20260825
development_2025,2025-07-21,426,-0.17042032328978693,-0.0020562682489704276,-0.012190852039581188,0.04141148252881246,0.003125918579589249,0.4,0.6,patch_16_stride_8,20260825
development_2025,2025-07-28,426,0.10234312334954762,0.030469164663505098,0.041534947945284034,0.05600617859562582,0.005292755823921235,0.7333333333333333,0.26666666666666666,patch_16_stride_8,20260825
development_2025,2025-08-04,426,0.12991747980651508,-0.016851612269494602,0.020236841837226047,0.041960254117880735,0.003928275631047325,0.5333333333333333,0.4666666666666667,patch_16_stride_8,20260825
development_2025,2025-08-11,426,-0.1418960047653326,-0.01369821703813924,-0.03901521573081316,0.033058577779808675,0.002156527783256667,0.4,0.6,patch_16_stride_8,20260825
development_2025,2025-08-18,426,-0.22512991158134926,-0.011388413207868146,-0.018620514191760584,0.030536438240611283,0.0017984956585814296,0.6,0.4,patch_16_stride_8,20260825
development_2025,2025-08-25,426,0.049576921509772234,0.012323091166294061,0.011588729249723689,0.027008464196123516,0.0013255854807487524,0.4666666666666667,0.5333333333333333,patch_16_stride_8,20260825
development_2025,2025-09-01,426,0.1250745359330525,0.03581593824992265,0.06284052550638813,0.03175892736951837,0.002081626623413465,0.6666666666666666,0.3333333333333333,patch_16_stride_8,20260825
development_2025,2025-09-08,426,0.08152436315094037,0.03600279771761025,0.050045108811108886,0.031075787007658288,0.0020891583373442804,0.3333333333333333,0.6666666666666666,patch_16_stride_8,20260825
development_2025,2025-09-15,426,0.04235069044934991,0.04549151683833577,0.03259175722733679,0.031179165775734253,0.001896215683601511,0.6666666666666666,0.3333333333333333,patch_16_stride_8,20260825
development_2025,2025-09-22,426,-0.00785635704293262,-0.0033389493883018463,-0.002309203957181115,0.032586633089337805,0.0019096257074184728,0.5333333333333333,0.4666666666666667,patch_16_stride_8,20260825
development_2025,2025-09-29,426,0.024287596359254857,0.03661838866162612,0.02728046601787907,0.040467256630441685,0.0034116078362506136,0.5333333333333333,0.4666666666666667,patch_16_stride_8,20260825
development_2025,2025-10-06,426,-0.059465995587798734,-0.017017239025355693,-0.013859128276616471,0.04636312626462578,0.0034218706056642722,0.6666666666666666,0.3333333333333333,patch_16_stride_8,20260825
development_2025,2025-10-13,426,0.1159542791949382,0.06303536574427465,0.08839850817472064,0.03506224998089515,0.002358638490219524,0.7333333333333333,0.26666666666666666,patch_16_stride_8,20260825
development_2025,2025-10-20,426,-0.07998719413879614,0.04229590177802953,0.04343652802949393,0.03631278108306515,0.0024031334230523588,0.8666666666666667,0.13333333333333333,patch_16_stride_8,20260825
development_2025,2025-10-27,426,0.26269237410965307,0.0924475416892772,0.1405817950095648,0.043127689407281296,0.004656237500868108,0.7333333333333333,0.26666666666666666,patch_16_stride_8,20260825
development_2025,2025-11-03,426,-0.059278641957822155,0.008016462685864287,0.030711973609941986,0.042404825490172354,0.0038209150025760113,0.7333333333333333,0.26666666666666666,patch_16_stride_8,20260825
development_2025,2025-11-10,426,-0.033904720512079226,-0.028676317868379122,-0.0015515195520012792,0.03398771240575417,0.0019999843005642547,0.7333333333333333,0.26666666666666666,patch_16_stride_8,20260825
development_2025,2025-11-17,426,-0.0825361037973259,-0.04055913277662493,-0.02683817519270702,0.03686135287131492,0.0027424905290816606,0.7333333333333333,0.26666666666666666,patch_16_stride_8,20260825
development_2025,2025-11-24,426,0.03486632427156963,0.040690399343659395,0.043378725222663936,0.04242368449319492,0.0032202289889232158,0.6,0.4,patch_16_stride_8,20260825
development_2025,2025-12-01,426,0.02764614689098914,0.024948045004228623,0.00925433770264121,0.03465410747116621,0.002266259651670194,0.5333333333333333,0.4666666666666667,patch_16_stride_8,20260825
development_2025,2025-12-08,426,8.389779370533714e-05,-0.009925872893396576,-0.012443493103226315,0.031179214355086804,0.0019263007629365574,0.7333333333333333,0.26666666666666666,patch_16_stride_8,20260825
development_2025,2025-12-15,426,0.15638354718474784,0.03624439944427246,0.04254090196656488,0.025478270484696534,0.00116105029337242,0.7333333333333333,0.26666666666666666,patch_16_stride_8,20260825
development_2025,2025-12-22,426,0.05885690226217479,0.008324595300280494,0.02508149053530785,0.01860486706488891,0.0005763172886071506,0.6666666666666666,0.3333333333333333,patch_16_stride_8,20260825
development_2025,2025-01-06,424,-0.07595248777953574,-0.012986312281271725,0.010243194645916446,0.031083041057780907,0.0017368052956001372,,,patch_8_stride_4,ensemble
development_2025,2025-01-13,424,-0.13173400713155595,0.02831917736102288,0.008408826930317206,0.04663247741798562,0.003554001843464181,0.7333333333333333,0.26666666666666666,patch_8_stride_4,ensemble
development_2025,2025-01-20,424,-0.16020025031289112,-0.04511974523056272,-0.03894909876666697,0.044847092508651154,0.0035930107797597297,0.8,0.2,patch_8_stride_4,ensemble
development_2025,2025-01-27,424,-0.1240689226312765,-0.03768788184944415,-0.04106388401112723,0.03549764592008193,0.0025513263447556997,0.8,0.2,patch_8_stride_4,ensemble
development_2025,2025-02-03,424,0.16185916994746471,0.014972145122615362,0.020382014132281887,0.03474267184551992,0.0026908107631091562,0.6666666666666666,0.3333333333333333,patch_8_stride_4,ensemble
development_2025,2025-02-10,424,-0.051904818129580206,-0.024562596523123408,-0.04816351060265339,0.039285195764252795,0.003251597441666859,0.5333333333333333,0.4666666666666667,patch_8_stride_4,ensemble
development_2025,2025-02-17,424,-0.16725789970395,-0.029554854690875463,-0.006511761975920009,0.04447659595418536,0.00411800710972048,0.4,0.6,patch_8_stride_4,ensemble
development_2025,2025-02-24,424,-0.10646925008461834,-0.03646347117128713,-0.037138452574111525,0.03445685869712708,0.002366150632610071,0.7333333333333333,0.26666666666666666,patch_8_stride_4,ensemble
development_2025,2025-03-03,424,0.0090674664084823,-0.02454870142604801,-0.022901728293440924,0.045299952943905736,0.0037950468582987466,0.5333333333333333,0.4666666666666667,patch_8_stride_4,ensemble
development_2025,2025-03-10,424,-0.009647279224817186,0.003183754633930315,-0.012223794772709608,0.03921779098421537,0.002477301750637966,0.4666666666666667,0.5333333333333333,patch_8_stride_4,ensemble
development_2025,2025-03-17,424,-0.11929266929573916,-0.001814172836834011,-0.026116683828630846,0.024230417485802624,0.000996120871668935,0.4666666666666667,0.5333333333333333,patch_8_stride_4,ensemble
development_2025,2025-03-24,424,0.048398391070599255,-0.005070996518672093,0.013889550580234309,0.03121948175206097,0.0017566539055250008,0.4,0.6,patch_8_stride_4,ensemble
development_2025,2025-03-31,424,-0.0499257719948678,-0.05468744882911969,-0.050704602968107595,0.09974871182629068,0.013510273041397512,0.6666666666666666,0.3333333333333333,patch_8_stride_4,ensemble
development_2025,2025-04-07,424,-0.1000461268409411,0.026778932883489273,-0.004861390824179537,0.0583676565624706,0.006058546134336012,0.6666666666666666,0.3333333333333333,patch_8_stride_4,ensemble
development_2025,2025-04-14,424,0.26338016860698515,0.022609875828742215,0.028654464877070587,0.031810045165024406,0.0019504376127845342,0.6,0.4,patch_8_stride_4,ensemble
development_2025,2025-04-21,424,-0.4494528538031029,-0.018379290004825747,-0.07301802439977578,0.059353383886338526,0.005545144376197874,0.6666666666666666,0.3333333333333333,patch_8_stride_4,ensemble
development_2025,2025-04-28,424,-0.17382042017931215,-0.023007219869848945,-0.04084875712791906,0.0432252063228877,0.002988778680202921,0.5333333333333333,0.4666666666666667,patch_8_stride_4,ensemble
development_2025,2025-05-05,424,-0.08114466983099944,0.0040755224120828356,-0.024363939883695524,0.0328475065021952,0.0023045967837575588,0.4666666666666667,0.5333333333333333,patch_8_stride_4,ensemble
development_2025,2025-05-12,424,-0.3988997252855377,-0.012265346301488962,-0.058941678984746275,0.05401893057658807,0.0049843642163164515,0.3333333333333333,0.6666666666666666,patch_8_stride_4,ensemble
development_2025,2025-05-19,425,0.06274561910865861,-0.006096389734784453,-0.00855285656315452,0.039699860090938996,0.0027114129047444186,0.3333333333333333,0.6666666666666666,patch_8_stride_4,ensemble
development_2025,2025-05-26,425,0.07477904342510845,0.01599178274094656,0.02701008733441037,0.0253915571676735,0.0014081513897191479,0.6,0.4,patch_8_stride_4,ensemble
development_2025,2025-06-02,425,0.08644018721140004,0.015496009309978534,-0.0009605794713938368,0.028406630627509654,0.0017302733736092152,0.5333333333333333,0.4666666666666667,patch_8_stride_4,ensemble
development_2025,2025-06-09,425,-0.057038504050214364,-0.010440563682936397,-0.03286365974940725,0.03084463761484911,0.001727445065033163,0.5333333333333333,0.4666666666666667,patch_8_stride_4,ensemble
development_2025,2025-06-16,425,0.22289311652518798,0.03702293828625004,0.06179767266649217,0.026710831857051937,0.0014192885033622862,0.6,0.4,patch_8_stride_4,ensemble
development_2025,2025-06-23,425,0.027847931093776868,0.013162217023761007,0.031145203572193494,0.03543884937358487,0.0021940439299681725,0.6666666666666666,0.3333333333333333,patch_8_stride_4,ensemble
development_2025,2025-06-30,425,0.06672007628456646,0.009284326651878507,0.017537837438318007,0.02691474064182158,0.0013347197788004148,0.6,0.4,patch_8_stride_4,ensemble
development_2025,2025-07-07,426,0.05530866976206322,0.005841754696537818,0.005104585494482567,0.030092358348934905,0.0015966008753733676,0.8,0.2,patch_8_stride_4,ensemble
development_2025,2025-07-14,426,0.15667660737811634,0.026672705128508046,0.028550149479799013,0.031683116500954144,0.00178075271239453,0.6666666666666666,0.3333333333333333,patch_8_stride_4,ensemble
development_2025,2025-07-21,426,-0.2005035419847921,-0.005237059595296054,-0.018772786789976435,0.040081428045230634,0.003021194985323433,0.5333333333333333,0.4666666666666667,patch_8_stride_4,ensemble
development_2025,2025-07-28,426,0.1099747957368124,0.03461946192479904,0.04482991459681747,0.05641908830812377,0.005378161531333668,0.6666666666666666,0.3333333333333333,patch_8_stride_4,ensemble
development_2025,2025-08-04,426,0.09240453327486617,-0.009900334925861003,0.019652575984298162,0.04132972636324149,0.0037819138093028617,0.7333333333333333,0.26666666666666666,patch_8_stride_4,ensemble
development_2025,2025-08-11,426,-0.17642122746119923,-0.02786012018010354,-0.04727160030167054,0.032006463715246694,0.0020430225193098493,0.5333333333333333,0.4666666666666667,patch_8_stride_4,ensemble
development_2025,2025-08-18,426,-0.24607548861151482,-0.01169262086053615,-0.016419593269116517,0.02823516130177256,0.0015579427402870809,0.5333333333333333,0.4666666666666667,patch_8_stride_4,ensemble
development_2025,2025-08-25,426,0.08404704019682221,0.016023517557890277,0.01566478090890213,0.027920720092644152,0.0013626424130396312,0.5333333333333333,0.4666666666666667,patch_8_stride_4,ensemble
development_2025,2025-09-01,426,0.06638814565308922,0.012966575896933027,0.04310994271988958,0.031296137846928467,0.002087075089248459,0.6666666666666666,0.3333333333333333,patch_8_stride_4,ensemble
development_2025,2025-09-08,426,0.05208516285756973,0.02060336713889103,0.004313089671430549,0.031058506555172845,0.002117511485280497,0.6666666666666666,0.3333333333333333,patch_8_stride_4,ensemble
development_2025,2025-09-15,426,0.09402195235055462,0.041944026692125824,0.039662039186967604,0.03037584341538724,0.001729225898084379,0.6,0.4,patch_8_stride_4,ensemble
development_2025,2025-09-22,426,-0.052780715149139776,-0.0047384261432931625,-0.012537764980582468,0.03319121923508182,0.0019527371252704897,0.6,0.4,patch_8_stride_4,ensemble
development_2025,2025-09-29,426,0.06471779568442478,0.05944063085787932,0.06885828627262365,0.039373459965635293,0.0032832843106892756,0.8,0.2,patch_8_stride_4,ensemble
development_2025,2025-10-06,426,-0.02517671118320337,-0.019148983218040233,-0.025252589423666125,0.047515687492270045,0.0035362862279396208,0.8666666666666667,0.13333333333333333,patch_8_stride_4,ensemble
development_2025,2025-10-13,426,0.11214837724514881,0.046936743344810725,0.04850528187845651,0.03409507348189065,0.0022396196258216566,0.8,0.2,patch_8_stride_4,ensemble
development_2025,2025-10-20,426,0.007056805636131155,0.014091940649051022,0.009935488400589613,0.033361336444429415,0.002152599980408045,0.7333333333333333,0.26666666666666666,patch_8_stride_4,ensemble
development_2025,2025-10-27,426,0.23869155143008486,0.05998828280641447,0.10056510291805848,0.04420879291471331,0.004827781365133819,0.6,0.4,patch_8_stride_4,ensemble
development_2025,2025-11-03,426,-0.0027364961223464218,0.020381636716933195,0.025866041223785614,0.042401556509214886,0.003807261225641934,0.6666666666666666,0.3333333333333333,patch_8_stride_4,ensemble
development_2025,2025-11-10,426,-0.09932947734623751,-0.022801365929430984,-0.001439957329104763,0.034215000455185274,0.0020661465790331084,0.6,0.4,patch_8_stride_4,ensemble
development_2025,2025-11-17,426,-0.19310842877903875,-0.05483995142029276,-0.04034775974323112,0.03880038615283757,0.003053269995920616,0.7333333333333333,0.26666666666666666,patch_8_stride_4,ensemble
development_2025,2025-11-24,426,0.1903765117222137,0.07841363063336966,0.09210934448772345,0.03729771818452377,0.002566035318470328,0.7333333333333333,0.26666666666666666,patch_8_stride_4,ensemble
development_2025,2025-12-01,426,0.023483388275651985,0.016132033751373155,0.009874145146749114,0.0333302330770957,0.0020990281388512506,0.8666666666666667,0.13333333333333333,patch_8_stride_4,ensemble
development_2025,2025-12-08,426,-0.01880016841647765,-0.02908584355751134,-0.02542527309355224,0.030689863749860748,0.0018440653809750557,0.6666666666666666,0.3333333333333333,patch_8_stride_4,ensemble
development_2025,2025-12-15,426,0.09919319193851635,0.04717450029735688,0.057398782432525,0.02643280605307084,0.001221129874582158,0.8,0.2,patch_8_stride_4,ensemble
development_2025,2025-12-22,426,0.07262700600905335,0.009691001622641006,0.02134399231125013,0.017985959312342665,0.0005674551508744252,0.6666666666666666,0.3333333333333333,patch_8_stride_4,ensemble
development_2025,2025-01-06,424,-0.0795466030651522,-0.003912577223954398,0.020512590944839534,0.031400667069867085,0.0017707703418326905,,,patch_10_stride_5,ensemble
development_2025,2025-01-13,424,-0.0888256547098968,0.016718834816415576,-0.002297226146959222,0.04641049484358661,0.0035309899701450325,0.7333333333333333,0.26666666666666666,patch_10_stride_5,ensemble
development_2025,2025-01-20,424,-0.20780629875394557,-0.0560058641938837,-0.05728171380000966,0.0461474711922501,0.0037417459550583027,0.7333333333333333,0.26666666666666666,patch_10_stride_5,ensemble
development_2025,2025-01-27,424,-0.05602081217874544,-0.01857031639562487,-0.012873476072409044,0.034752228374964264,0.0024129056103864236,0.6,0.4,patch_10_stride_5,ensemble
development_2025,2025-02-03,424,0.14618131729840445,0.01142725258272458,0.005391793922097918,0.034976941513567825,0.0027249611877331902,0.6666666666666666,0.3333333333333333,patch_10_stride_5,ensemble
development_2025,2025-02-10,424,-0.07867900913878197,-0.00783253764319547,-0.05121147178211626,0.039785495331345525,0.003358317875558269,0.5333333333333333,0.4666666666666667,patch_10_stride_5,ensemble
development_2025,2025-02-17,424,-0.18838950371885876,-0.02767972934457372,0.008230615068892923,0.04435339908449145,0.004069831962515738,0.6,0.4,patch_10_stride_5,ensemble
development_2025,2025-02-24,424,-0.11035712880093826,-0.03333729278105408,-0.031668916376916545,0.03456291369307091,0.002421623554628806,0.4666666666666667,0.5333333333333333,patch_10_stride_5,ensemble
development_2025,2025-03-03,424,-0.01636400846970663,-0.01069464321926122,-0.029567011848169806,0.04561842117684755,0.0038146469694449302,0.6,0.4,patch_10_stride_5,ensemble
development_2025,2025-03-10,424,-0.004222731244243984,0.018287613255844687,0.004043321369293157,0.03761220445084731,0.0023383439202615407,0.6,0.4,patch_10_stride_5,ensemble
development_2025,2025-03-17,424,-0.18070370982596168,0.0012938714616817855,-0.022335892087960253,0.0247948326606533,0.0010664076480940163,0.6666666666666666,0.3333333333333333,patch_10_stride_5,ensemble
development_2025,2025-03-24,424,0.19808691682212828,0.01662599325810488,0.04137889482609795,0.02888656592300773,0.0015024298950302626,0.6,0.4,patch_10_stride_5,ensemble
development_2025,2025-03-31,424,0.13416015302146553,-0.024975642274261994,0.010955968378583786,0.09543913670681467,0.01231475406600482,0.8666666666666667,0.13333333333333333,patch_10_stride_5,ensemble
development_2025,2025-04-07,424,-0.12638297872340423,0.009094010061402417,-0.021387915417491528,0.059790821156176684,0.0063308439697799335,0.7333333333333333,0.26666666666666666,patch_10_stride_5,ensemble
development_2025,2025-04-14,424,0.32227391157185475,0.01081588940734081,0.0373703978123902,0.030270598834906053,0.0018074588308563827,0.7333333333333333,0.26666666666666666,patch_10_stride_5,ensemble
development_2025,2025-04-21,424,-0.38693319479538096,-0.034176405387391834,-0.08159220284805178,0.061581923449381494,0.005831745011007155,0.4666666666666667,0.5333333333333333,patch_10_stride_5,ensemble
development_2025,2025-04-28,424,-0.16526349761100745,-0.03611651253708849,-0.04266393314440416,0.045097033873657585,0.003248691244053687,0.6,0.4,patch_10_stride_5,ensemble
development_2025,2025-05-05,424,-0.16567580544863467,0.005925357624430349,-0.03450626504388313,0.0347324522383074,0.0025324970842553734,0.4666666666666667,0.5333333333333333,patch_10_stride_5,ensemble
development_2025,2025-05-12,424,-0.521998882250612,-0.0409324536766531,-0.060417715086247034,0.062224982294432685,0.0061950943699280074,0.7333333333333333,0.26666666666666666,patch_10_stride_5,ensemble
development_2025,2025-05-19,425,0.476461834268653,0.061203152787109805,0.0932692642853005,0.02919826361015446,0.0017737143663326392,0.4666666666666667,0.5333333333333333,patch_10_stride_5,ensemble
development_2025,2025-05-26,425,0.07921058288953528,0.022252255220241667,0.013137815634139544,0.027275899079465264,0.0015332453395568743,0.7333333333333333,0.26666666666666666,patch_10_stride_5,ensemble
development_2025,2025-06-02,425,0.034070361338354956,0.014723544325928154,-0.00726454490404797,0.02952627039938703,0.001826502834072873,0.5333333333333333,0.4666666666666667,patch_10_stride_5,ensemble
development_2025,2025-06-09,425,-0.14210908623083462,-0.016121628947495716,-0.0305787995646899,0.03279288918258437,0.0018776369048256877,0.6666666666666666,0.3333333333333333,patch_10_stride_5,ensemble
development_2025,2025-06-16,425,0.2770360896748564,0.027872661234945896,0.04224713556306181,0.02605147231658639,0.001379523943334674,0.7333333333333333,0.26666666666666666,patch_10_stride_5,ensemble
development_2025,2025-06-23,425,0.1562035922527395,0.010883030221307096,0.017289553587910397,0.0355630053566727,0.0021708822954353327,0.6,0.4,patch_10_stride_5,ensemble
development_2025,2025-06-30,425,0.05830532585077614,-0.0007931251079577283,0.002759512669226776,0.027024934160135152,0.0013805227406786143,0.6,0.4,patch_10_stride_5,ensemble
development_2025,2025-07-07,426,0.07629848522184214,0.008308291618151827,0.006781389805016827,0.02999774141518258,0.0015827071693993882,0.7333333333333333,0.26666666666666666,patch_10_stride_5,ensemble
development_2025,2025-07-14,426,0.1607473190153457,0.034576672368238796,0.041329858690528895,0.031769006198278334,0.0017983799569240813,0.7333333333333333,0.26666666666666666,patch_10_stride_5,ensemble
development_2025,2025-07-21,426,-0.13600763694995432,-0.006062866011323918,-0.006919102708308731,0.03970285920048928,0.0029447048641989657,0.8,0.2,patch_10_stride_5,ensemble
development_2025,2025-07-28,426,0.04626742130701276,0.02377572555738026,0.02478100586964257,0.05689361485871553,0.005459874013889556,0.7333333333333333,0.26666666666666666,patch_10_stride_5,ensemble
development_2025,2025-08-04,426,0.03338751894200303,-0.02378366511823731,0.010502898325768424,0.04163996327497038,0.0038972093007519143,0.6666666666666666,0.3333333333333333,patch_10_stride_5,ensemble
development_2025,2025-08-11,426,-0.1337873334510438,-0.03301614447068485,-0.03341842275817136,0.032198529306854774,0.002039999827318641,0.5333333333333333,0.4666666666666667,patch_10_stride_5,ensemble
development_2025,2025-08-18,426,-0.19281272980214945,-0.012124048253692763,-0.01784841748492702,0.028156454319991454,0.0015488630048890281,0.5333333333333333,0.4666666666666667,patch_10_stride_5,ensemble
development_2025,2025-08-25,426,0.0549890665109267,0.011330744095536305,0.010668683938560193,0.028251496962925907,0.001378585321707531,0.6,0.4,patch_10_stride_5,ensemble
development_2025,2025-09-01,426,0.14891516893065238,0.027851091422492334,0.04823694571045835,0.030637123492459548,0.0020099822623176325,0.5333333333333333,0.4666666666666667,patch_10_stride_5,ensemble
development_2025,2025-09-08,426,0.07955738287002632,0.027149278655983405,0.01877976191286491,0.030749034706838714,0.0020835037116790516,0.4,0.6,patch_10_stride_5,ensemble
development_2025,2025-09-15,426,0.07417022870103941,0.04696354649542096,0.037404008538379926,0.03041467604003232,0.0017988247612271673,0.6666666666666666,0.3333333333333333,patch_10_stride_5,ensemble
development_2025,2025-09-22,426,-0.03283275351239549,-0.01665227603721486,-0.008434889207888013,0.03328057784092421,0.0019504953125752682,0.6666666666666666,0.3333333333333333,patch_10_stride_5,ensemble
development_2025,2025-09-29,426,0.1628268356522937,0.04117905686391783,0.025438892528692053,0.03838851094005743,0.0031368946483029867,0.7333333333333333,0.26666666666666666,patch_10_stride_5,ensemble
development_2025,2025-10-06,426,-0.08618103995234667,-0.016485314505439788,-0.007093304177398237,0.04806437558513155,0.003584054426342392,0.7333333333333333,0.26666666666666666,patch_10_stride_5,ensemble
development_2025,2025-10-13,426,0.16009709171130931,0.043515729960257016,0.060127632601292044,0.03389448320256296,0.0022671417978085947,0.8,0.2,patch_10_stride_5,ensemble
development_2025,2025-10-20,426,-0.03638315912834771,0.02633792260803568,0.02974122635917851,0.034297006429983054,0.002228611196520979,0.8,0.2,patch_10_stride_5,ensemble
development_2025,2025-10-27,426,0.20513972940827221,0.0632024141214908,0.0815265978888233,0.04442676744294202,0.004902484511818004,0.7333333333333333,0.26666666666666666,patch_10_stride_5,ensemble
development_2025,2025-11-03,426,-0.01127265036700434,0.035564185342869155,0.05590078660920121,0.041851301186290324,0.0037062969264900275,0.7333333333333333,0.26666666666666666,patch_10_stride_5,ensemble
development_2025,2025-11-10,426,-0.10447169031547046,-0.03570758549152892,-0.023326129294816096,0.034523339964298703,0.002089419914026103,0.8,0.2,patch_10_stride_5,ensemble
development_2025,2025-11-17,426,-0.2002373352943117,-0.038034874964987475,-0.02216158950116197,0.03944941122255734,0.00311185254819019,0.8,0.2,patch_10_stride_5,ensemble
development_2025,2025-11-24,426,0.15939859019109837,0.07869479096632542,0.08014966144164012,0.038436471979315476,0.0026960627633624535,0.8,0.2,patch_10_stride_5,ensemble
development_2025,2025-12-01,426,-0.028642054836249903,0.02082649275685283,0.007623949783001623,0.03396846287113022,0.0022159713732547584,0.7333333333333333,0.26666666666666666,patch_10_stride_5,ensemble
development_2025,2025-12-08,426,-0.04531404434320485,-0.03785709745341246,-0.049380359179231614,0.031079732750125138,0.0018835217072618068,0.8666666666666667,0.13333333333333333,patch_10_stride_5,ensemble
development_2025,2025-12-15,426,0.14607102596291344,0.04392554360767491,0.05024624902251764,0.025034871578437642,0.0011323670921331267,0.7333333333333333,0.26666666666666666,patch_10_stride_5,ensemble
development_2025,2025-12-22,426,0.09708030245115826,0.00784512313780581,0.024277710842454066,0.01714445820491949,0.0005125253697175333,0.6666666666666666,0.3333333333333333,patch_10_stride_5,ensemble
development_2025,2025-01-06,424,-0.03855826071898048,-0.011149539878074557,0.010163574562761957,0.030905079384185834,0.001725199539572324,,,patch_16_stride_8,ensemble
development_2025,2025-01-13,424,-0.11326626837005375,0.029693993667653712,0.011896665731832068,0.04742659149410073,0.0036738837802437695,0.7333333333333333,0.26666666666666666,patch_16_stride_8,ensemble
development_2025,2025-01-20,424,-0.19821207326768522,-0.049270974206030924,-0.06324257175957318,0.04575227422894862,0.003763105227847694,0.8666666666666667,0.13333333333333333,patch_16_stride_8,ensemble
development_2025,2025-01-27,424,-0.05764768854149447,-0.01862135235320713,-0.01684064230792326,0.03507445860028669,0.00245651417667983,0.7333333333333333,0.26666666666666666,patch_16_stride_8,ensemble
development_2025,2025-02-03,424,0.15929692616151198,0.00655770744800552,0.02579326877265068,0.034812531079655075,0.002668631738939065,0.7333333333333333,0.26666666666666666,patch_16_stride_8,ensemble
development_2025,2025-02-10,424,0.03377854393463527,0.022496285984157552,0.015322652745944892,0.03891193131088035,0.0031438691236305495,0.4,0.6,patch_16_stride_8,ensemble
development_2025,2025-02-17,424,-0.21992365535235314,-0.02824538854688938,-0.01145420210660529,0.044739270348815065,0.0041776980872654116,0.3333333333333333,0.6666666666666666,patch_16_stride_8,ensemble
development_2025,2025-02-24,424,-0.11025668878551019,-0.02639690628810932,-0.018021791960742113,0.03465081372810623,0.002395452129018908,0.4,0.6,patch_16_stride_8,ensemble
development_2025,2025-03-03,424,0.007342826331656708,-0.018946790808814805,-0.02063390577047339,0.045212788004563555,0.0037410093949709683,0.6666666666666666,0.3333333333333333,patch_16_stride_8,ensemble
development_2025,2025-03-10,424,0.0075369368943884255,0.02502090228747232,0.02210080710722888,0.0382862677384847,0.00233004475984412,0.4,0.6,patch_16_stride_8,ensemble
development_2025,2025-03-17,424,-0.15945450681276122,-0.000726236855470898,-0.021846139056452708,0.027073822947190188,0.0012655643608075532,0.5333333333333333,0.4666666666666667,patch_16_stride_8,ensemble
development_2025,2025-03-24,424,0.20576018765595358,0.0024932382702120073,0.01834356546053539,0.0276252037071321,0.0014324645139182108,0.5333333333333333,0.4666666666666667,patch_16_stride_8,ensemble
development_2025,2025-03-31,424,0.2011646633763903,-0.005710101051521185,0.04988166795830894,0.09341661055998143,0.011899243779053662,0.7333333333333333,0.26666666666666666,patch_16_stride_8,ensemble
development_2025,2025-04-07,424,-0.17128895395974528,0.007691106511700352,-0.03955958084055508,0.06398961156271,0.007162804885646391,0.7333333333333333,0.26666666666666666,patch_16_stride_8,ensemble
development_2025,2025-04-14,424,0.26964586235939575,0.0311606522513862,0.03945814388938071,0.031720453422432404,0.002001324738692825,0.6,0.4,patch_16_stride_8,ensemble
development_2025,2025-04-21,424,-0.31570311946536944,-0.018288889399481912,-0.08375080980060899,0.058644448734082734,0.005422379500143003,0.4,0.6,patch_16_stride_8,ensemble
development_2025,2025-04-28,424,-0.15587503246983256,-0.037636614511651414,-0.05698633644255215,0.045420664879618496,0.0032825384712782484,0.5333333333333333,0.4666666666666667,patch_16_stride_8,ensemble
development_2025,2025-05-05,424,-0.025546398406813543,0.013706147376737013,-0.025228600234636748,0.03194698593829096,0.0022271433151331128,0.4666666666666667,0.5333333333333333,patch_16_stride_8,ensemble
development_2025,2025-05-12,424,-0.4680085956502232,-0.054015826415252495,-0.09828172214466246,0.061446089122082354,0.0060946377581301515,0.3333333333333333,0.6666666666666666,patch_16_stride_8,ensemble
development_2025,2025-05-19,425,0.14357396320207594,0.04319595634032075,0.05500670374006489,0.036236728443896145,0.002342429952685744,0.26666666666666666,0.7333333333333333,patch_16_stride_8,ensemble
development_2025,2025-05-26,425,0.04594808764706229,0.023926458213819488,0.011895578094682821,0.027633754074972088,0.0015850861936992575,0.26666666666666666,0.7333333333333333,patch_16_stride_8,ensemble
development_2025,2025-06-02,425,0.02011739773168303,0.013602197455991599,-0.005197362737442136,0.02892756947145292,0.0017896482911659735,0.5333333333333333,0.4666666666666667,patch_16_stride_8,ensemble
development_2025,2025-06-09,425,-0.06566303737877471,-0.01412970682192547,-0.022269650551924623,0.03155192214211949,0.0017817431467660489,0.4666666666666667,0.5333333333333333,patch_16_stride_8,ensemble
development_2025,2025-06-16,425,0.24379821496452378,0.01426819460340187,0.023930952744643273,0.026476019027395416,0.001411561784453091,0.5333333333333333,0.4666666666666667,patch_16_stride_8,ensemble
development_2025,2025-06-23,425,0.09743289928248738,0.016204303329967387,0.03833273398843893,0.036924357119022456,0.00229746956535355,0.5333333333333333,0.4666666666666667,patch_16_stride_8,ensemble
development_2025,2025-06-30,425,-0.05338809773178472,-0.00780213345514297,-0.01689151719653654,0.029111340120392855,0.0014969404432408273,0.6666666666666666,0.3333333333333333,patch_16_stride_8,ensemble
development_2025,2025-07-07,426,0.027296275240643476,0.008986225140762699,0.012022132295032656,0.030556374301314335,0.001618425546423269,0.6,0.4,patch_16_stride_8,ensemble
development_2025,2025-07-14,426,0.15069448513646974,0.02483932501898597,0.009212518089223073,0.031643910710168255,0.0018276905103275537,0.7333333333333333,0.26666666666666666,patch_16_stride_8,ensemble
development_2025,2025-07-21,426,-0.18223322577703444,-0.012934301251425504,-0.019186602096643312,0.041238179173434975,0.0031188045299152464,0.6,0.4,patch_16_stride_8,ensemble
development_2025,2025-07-28,426,0.08986431607969901,0.04284665807694457,0.048523338455628826,0.05581100010875848,0.005271873544417405,0.8,0.2,patch_16_stride_8,ensemble
development_2025,2025-08-04,426,0.10936740985934897,-0.0072649832041678155,0.02665134879476113,0.04149220770779521,0.003868426970695743,0.4666666666666667,0.5333333333333333,patch_16_stride_8,ensemble
development_2025,2025-08-11,426,-0.14431235435758236,-0.019097354918429354,-0.040333606880431,0.03256821921435603,0.002097210410593072,0.5333333333333333,0.4666666666666667,patch_16_stride_8,ensemble
development_2025,2025-08-18,426,-0.21706703092227425,-0.012920069312160255,-0.026522836963197086,0.029671870628217904,0.001705561795450757,0.5333333333333333,0.4666666666666667,patch_16_stride_8,ensemble
development_2025,2025-08-25,426,0.02381665111207263,0.012806240816212879,0.0065491540206630144,0.028022125602455417,0.001384053251963528,0.5333333333333333,0.4666666666666667,patch_16_stride_8,ensemble
development_2025,2025-09-01,426,0.08920073963549863,0.01461343193034838,0.03863237842188078,0.031642723804782384,0.0020885436273304736,0.6666666666666666,0.3333333333333333,patch_16_stride_8,ensemble
development_2025,2025-09-08,426,0.04177310730341548,0.024153101770470423,0.030717546679972695,0.03114833484148941,0.0021184036528809395,0.3333333333333333,0.6666666666666666,patch_16_stride_8,ensemble
development_2025,2025-09-15,426,0.0480324570373058,0.040843770125765455,0.031974920046235984,0.030756897671310943,0.0018553383507663045,0.6,0.4,patch_16_stride_8,ensemble
development_2025,2025-09-22,426,-0.00452854057808762,-0.0061428696392865564,-0.018239226419477624,0.03254797276141728,0.001890835210197095,0.5333333333333333,0.4666666666666667,patch_16_stride_8,ensemble
development_2025,2025-09-29,426,0.053172807335818195,0.04880580084788419,0.05449717793491423,0.039555993754307905,0.003276985694271775,0.5333333333333333,0.4666666666666667,patch_16_stride_8,ensemble
development_2025,2025-10-06,426,-0.06720787599269679,-0.003664047901959712,0.012024358258017509,0.04708036776553665,0.003446990868194289,0.6,0.4,patch_16_stride_8,ensemble
development_2025,2025-10-13,426,0.12775274598410133,0.047308814467512575,0.06877189807885074,0.035057591153713916,0.0023574992756527123,0.5333333333333333,0.4666666666666667,patch_16_stride_8,ensemble
development_2025,2025-10-20,426,-0.049101474808348644,0.05425766723354429,0.05494271951220227,0.03544161037680948,0.0023593791191995816,0.6,0.4,patch_16_stride_8,ensemble
development_2025,2025-10-27,426,0.2574829497719198,0.08894946353151982,0.13029303294837793,0.043662920571608206,0.004674015410234998,0.6666666666666666,0.3333333333333333,patch_16_stride_8,ensemble
development_2025,2025-11-03,426,-0.019772948200291428,0.025876636630096317,0.041338738882535725,0.04166633540312825,0.0037016129620418216,0.8,0.2,patch_16_stride_8,ensemble
development_2025,2025-11-10,426,-0.03958834977075568,-0.029659049537561957,0.0031386482512827767,0.03371132629462122,0.0019907076760459453,0.8,0.2,patch_16_stride_8,ensemble
development_2025,2025-11-17,426,-0.12579849395311116,-0.042203097142007276,-0.029949000463341435,0.03749789326086212,0.002810249073245218,0.7333333333333333,0.26666666666666666,patch_16_stride_8,ensemble
development_2025,2025-11-24,426,0.07596398060494113,0.06406862807048913,0.06280757082857437,0.04023190444465046,0.002968240144182639,0.6,0.4,patch_16_stride_8,ensemble
development_2025,2025-12-01,426,0.026710310076466515,0.024948045004228623,0.006518618487489126,0.03420033916159392,0.0022061106394702444,0.6,0.4,patch_16_stride_8,ensemble
development_2025,2025-12-08,426,-0.0053838168839459135,-0.03879098215372676,-0.04618126660233323,0.031079638786823665,0.0019034790013692652,0.8,0.2,patch_16_stride_8,ensemble
development_2025,2025-12-15,426,0.16045550060245756,0.02909408355707905,0.03367169164512868,0.02526934449289,0.001147699971988578,0.4666666666666667,0.5333333333333333,patch_16_stride_8,ensemble
development_2025,2025-12-22,426,0.05091618175785669,0.008324595300280492,0.023121009220294503,0.018268929429034672,0.0005634700480674507,0.5333333333333333,0.4666666666666667,patch_16_stride_8,ensemble
development_2025,2025-01-06,424,-0.004292472508875087,-0.005621601033568977,0.03076453212828257,0.030022749405587374,0.0016266068446726472,,,causal_historical_mean,control
development_2025,2025-01-13,424,0.19556269235915963,0.03690504674650301,0.039545840140786916,0.04054489742004291,0.0027671920721420683,0.9333333333333333,0.06666666666666667,causal_historical_mean,control
development_2025,2025-01-20,424,-0.27792429215764985,-0.09768611696344653,-0.10069449141979364,0.042137124316621984,0.0032571285476708386,0.9333333333333333,0.06666666666666667,causal_historical_mean,control
development_2025,2025-01-27,424,-0.17037365889752126,-0.05958182607470297,-0.054300593386628855,0.033755447669510524,0.0023067415480441836,0.9333333333333333,0.06666666666666667,causal_historical_mean,control
development_2025,2025-02-03,424,0.09375855407933485,0.015794901118861854,-0.007171441699245877,0.03488481581336543,0.0026473794879082724,0.8666666666666667,0.13333333333333333,causal_historical_mean,control
development_2025,2025-02-10,424,-0.11620028179878936,-0.023160362668154025,-0.02162376374514371,0.037674820603066414,0.0030767596596361414,0.9333333333333333,0.06666666666666667,causal_historical_mean,control
development_2025,2025-02-17,424,-0.27931904972879057,-0.09706000110491599,-0.07581591519726441,0.04271622827838502,0.0037861507182814914,1.0,0.0,causal_historical_mean,control
development_2025,2025-02-24,424,-0.15467935548366274,-0.049001367179686964,-0.038690462736594086,0.03271762295634909,0.002224324091072312,0.9333333333333333,0.06666666666666667,causal_historical_mean,control
development_2025,2025-03-03,424,-0.3332809093127415,-0.07162965108280282,-0.10197075724354476,0.04535469348017253,0.0037460062660693277,0.8666666666666667,0.13333333333333333,causal_historical_mean,control
development_2025,2025-03-10,424,-0.03331475665336387,0.013482331858514933,-0.003230700123147072,0.0387558431250188,0.0024130503054527186,0.8666666666666667,0.13333333333333333,causal_historical_mean,control
development_2025,2025-03-17,424,0.07706519942380805,0.011858047170834937,0.002623150200869149,0.02064448372174537,0.0007346795927846058,0.9333333333333333,0.06666666666666667,causal_historical_mean,control
development_2025,2025-03-24,424,-0.033138435623145286,-0.01826333291457632,-0.0018367693319783149,0.030727377845468074,0.0016499515822429207,0.9333333333333333,0.06666666666666667,causal_historical_mean,control
development_2025,2025-03-31,424,0.0030111538794562382,-0.03686386776554376,-0.038227419953441144,0.09827780950167217,0.012989386903580766,0.9333333333333333,0.06666666666666667,causal_historical_mean,control
development_2025,2025-04-07,424,0.31925992396155567,0.09522946439544176,0.09374295689329097,0.0548894812948755,0.005353634332454164,0.8666666666666667,0.13333333333333333,causal_historical_mean,control
development_2025,2025-04-14,424,-0.359815807495218,-0.038100575679234985,-0.0397323404600707,0.03420012817951748,0.0020976508342836183,0.8666666666666667,0.13333333333333333,causal_historical_mean,control
development_2025,2025-04-21,424,0.1800584063412599,0.04891379459414908,0.027980591822434744,0.051914932947701886,0.0042279827459396555,1.0,0.0,causal_historical_mean,control
development_2025,2025-04-28,424,0.12058941601530213,0.014250685922567043,0.01379646640699693,0.037596188134417126,0.002346343590365283,1.0,0.0,causal_historical_mean,control
development_2025,2025-05-05,424,0.10186538204201792,0.02352159341483443,0.019999817982598478,0.03023569411384117,0.0020357032135957928,0.8666666666666667,0.13333333333333333,causal_historical_mean,control
development_2025,2025-05-12,424,0.21538385245708075,0.030651883350609282,0.028337867950408213,0.05174295490107083,0.004497632967970574,0.8666666666666667,0.13333333333333333,causal_historical_mean,control
development_2025,2025-05-19,425,-0.10033280705319599,-0.009365197026197272,0.003265251243376146,0.03696899427332534,0.002464987614832703,0.9333333333333333,0.06666666666666667,causal_historical_mean,control
development_2025,2025-05-26,425,0.05686233046467664,0.031073121389085814,0.03598461130592991,0.02558593839427643,0.0014154570197834773,0.8666666666666667,0.13333333333333333,causal_historical_mean,control
development_2025,2025-06-02,425,0.12344054819529748,0.0038056266258441364,0.016674676423348113,0.028925007927141037,0.0017457378162150023,1.0,0.0,causal_historical_mean,control
development_2025,2025-06-09,425,-0.13880157175913985,-0.0006117515874231962,3.0784691539839995e-06,0.028118544272477498,0.0015012640289147623,1.0,0.0,causal_historical_mean,control
development_2025,2025-06-16,425,0.23485228599100727,0.04185878697544744,0.0625681712728848,0.026805674196661296,0.0014298282698498946,0.9333333333333333,0.06666666666666667,causal_historical_mean,control
development_2025,2025-06-23,425,0.15497240937299714,0.03172894623858721,0.05586528846977237,0.03706944581935268,0.0023208652589149807,0.9333333333333333,0.06666666666666667,causal_historical_mean,control
development_2025,2025-06-30,425,0.025817948758030985,-0.017241103520503148,-0.022358006962871622,0.026664311937874257,0.0013048683469563348,1.0,0.0,causal_historical_mean,control
development_2025,2025-07-07,426,-0.021715713761838146,0.00336694535729419,-0.00863647333194815,0.02572260236357479,0.001236049223128569,1.0,0.0,causal_historical_mean,control
development_2025,2025-07-14,426,0.19050720911777316,0.025201760933593706,0.035526003333855395,0.029576073425336004,0.0016428196352962436,1.0,0.0,causal_historical_mean,control
development_2025,2025-07-21,426,-0.08579577755831033,-0.008391373694275128,-0.009512123302811572,0.039803527800764196,0.0030040872880137304,0.9333333333333333,0.06666666666666667,causal_historical_mean,control
development_2025,2025-07-28,426,0.14238976772884168,0.027822848594508356,0.036621621787878,0.05181924559226788,0.004783501613065381,0.9333333333333333,0.06666666666666667,causal_historical_mean,control
development_2025,2025-08-04,426,-0.05798486191983143,0.007606302217029605,-0.007554890905483884,0.041273715951964926,0.0038560800293032005,0.9333333333333333,0.06666666666666667,causal_historical_mean,control
development_2025,2025-08-11,426,-0.18964417168391257,-0.031053304445493743,-0.0374573965440543,0.02973529144270201,0.0018340784648100497,0.9333333333333333,0.06666666666666667,causal_historical_mean,control
development_2025,2025-08-18,426,-0.1859245734775092,-0.026063197863447535,-0.03963366249116081,0.02709214219897762,0.0014031556787726268,1.0,0.0,causal_historical_mean,control
development_2025,2025-08-25,426,0.15338185331856133,0.021039316308285986,0.024758263093561238,0.02497588684105073,0.0011341143026010467,0.9333333333333333,0.06666666666666667,causal_historical_mean,control
development_2025,2025-09-01,426,0.09527211484917218,0.018214652589571487,0.021203826640742968,0.03137926770642374,0.0021977754410381057,1.0,0.0,causal_historical_mean,control
development_2025,2025-09-08,426,0.1480820894508808,0.05052848495748571,0.04136024672033871,0.02983507906827707,0.002029835701020924,1.0,0.0,causal_historical_mean,control
development_2025,2025-09-15,426,0.17451742276222423,0.027568681567968826,0.024322439082538054,0.029851682419953902,0.0017599852244245039,0.9333333333333333,0.06666666666666667,causal_historical_mean,control
development_2025,2025-09-22,426,0.0044413054993412745,-0.017078053520276797,-0.01998394470272719,0.030251445352950733,0.0016883364869329023,1.0,0.0,causal_historical_mean,control
development_2025,2025-09-29,426,0.04257064081693633,0.030881899985652085,0.033526688360333706,0.03913875030555908,0.0032724498760109987,0.9333333333333333,0.06666666666666667,causal_historical_mean,control
development_2025,2025-10-06,426,0.055677168119614505,0.03172863675403352,0.061981315597541886,0.044356404923524724,0.003085219237045112,1.0,0.0,causal_historical_mean,control
development_2025,2025-10-13,426,-0.012423315204631843,0.007387223996372368,0.008798149680598374,0.034890647778727656,0.0023615480509388337,0.9333333333333333,0.06666666666666667,causal_historical_mean,control
development_2025,2025-10-20,426,-0.016831015019722968,0.03178315364543456,-0.008658067657069342,0.03234342297421146,0.0020478311003373647,0.9333333333333333,0.06666666666666667,causal_historical_mean,control
development_2025,2025-10-27,426,0.12258616307294103,0.008673213946182552,-0.030280544040320764,0.04421484720448153,0.005109249752793219,1.0,0.0,causal_historical_mean,control
development_2025,2025-11-03,426,-0.17126287134572138,-0.03220608540505968,-0.04686027016888028,0.04021478185745431,0.0035303861043056296,0.9333333333333333,0.06666666666666667,causal_historical_mean,control
development_2025,2025-11-10,426,-0.19620216962333306,-0.00505481020576144,-0.0027464844265206395,0.030832663379423725,0.0016554561820906809,0.8666666666666667,0.13333333333333333,causal_historical_mean,control
development_2025,2025-11-17,426,-0.1298330387338496,-0.046134410717073485,-0.040776648248885425,0.03571969128866398,0.00245856506173882,1.0,0.0,causal_historical_mean,control
development_2025,2025-11-24,426,0.14785406751017194,0.04957515068882608,0.03535111157822566,0.03726109991686261,0.002722959078557278,0.8,0.2,causal_historical_mean,control
development_2025,2025-12-01,426,0.0920874135846904,0.010080243733360365,0.01208815491402778,0.031537870345372886,0.0019368942469583448,1.0,0.0,causal_historical_mean,control
development_2025,2025-12-08,426,-0.25032206740927726,-0.022664388148705392,-0.04745667598076553,0.029055082622745983,0.0016127789474858966,1.0,0.0,causal_historical_mean,control
development_2025,2025-12-15,426,0.10749340789190301,0.01195338500400744,0.02600943661255075,0.025057055947357174,0.001168732009505919,1.0,0.0,causal_historical_mean,control
development_2025,2025-12-22,426,0.05124121779859484,0.0016153290142017713,0.010302250585632979,0.015561503442927966,0.00044636537538622417,0.9333333333333333,0.06666666666666667,causal_historical_mean,control
development_2025,2025-01-06,424,-0.05998551648680347,-0.015083653495824231,-0.02519644246727889,0.030121668781253982,0.001636879785899575,,,ridge,control
development_2025,2025-01-13,424,0.04655347486244598,0.00856846049104714,0.010128164921919515,0.04083136578478124,0.0027883841499706753,0.26666666666666666,0.7333333333333333,ridge,control
development_2025,2025-01-20,424,0.08272919766059776,-0.006453037385602651,0.03977704718318975,0.041977487913233476,0.003163315822795094,0.13333333333333333,0.8666666666666667,ridge,control
development_2025,2025-01-27,424,0.0008209947969553135,-0.017210043911974768,0.008514342996439241,0.03344046573593682,0.002225410754528319,0.13333333333333333,0.8666666666666667,ridge,control
development_2025,2025-02-03,424,0.054515867102583736,0.04189726558249513,0.03353389391227188,0.03497908171979584,0.0026357225238207295,0.13333333333333333,0.8666666666666667,ridge,control
development_2025,2025-02-10,424,-0.12170118308262687,-0.029103543447030235,-0.06280113747479538,0.037732764306213286,0.003078386948201733,0.2,0.8,ridge,control
development_2025,2025-02-17,424,-0.12888359383520265,-0.04728845798649092,-0.052823604159142695,0.042616420432381535,0.0037811282981634682,0.13333333333333333,0.8666666666666667,ridge,control
development_2025,2025-02-24,424,-0.09115860234097653,0.0057922175994177235,0.026135248774765366,0.03289377613279046,0.002259934096157556,0.6,0.4,ridge,control
development_2025,2025-03-03,424,-0.052405916200281795,-0.007898140171568778,0.000992847030894639,0.04513725124410989,0.0037207762991560366,0.26666666666666666,0.7333333333333333,ridge,control
development_2025,2025-03-10,424,0.08445163372454562,0.025803177898077508,0.028143049679083574,0.038817392722338154,0.002432993356991222,0.4,0.6,ridge,control
development_2025,2025-03-17,424,-0.023688887839358946,0.00554190435093113,-0.006996049638381066,0.02078498745797059,0.0007382239636150677,0.26666666666666666,0.7333333333333333,ridge,control
development_2025,2025-03-24,424,-0.34032650876488696,-0.028174101185488857,-0.04381789853228097,0.031191158531206103,0.0016886373510570432,0.4,0.6,ridge,control
development_2025,2025-03-31,424,-0.4455520658684991,-0.04846723772939793,-0.10437386644428115,0.09942582062221403,0.013344745723787028,0.3333333333333333,0.6666666666666666,ridge,control
development_2025,2025-04-07,424,0.32767358569280786,0.08697398744384617,0.12966171311642752,0.05244548037438054,0.004886857264550027,0.3333333333333333,0.6666666666666666,ridge,control
development_2025,2025-04-14,424,-0.05658488204595367,-0.006552327190288521,-0.03273619317749185,0.03404225257646311,0.0020835934309176743,0.3333333333333333,0.6666666666666666,ridge,control
development_2025,2025-04-21,424,0.5787648082115222,0.07885785611421756,0.11206143921409817,0.04988255262536838,0.003929364493509736,0.4666666666666667,0.5333333333333333,ridge,control
development_2025,2025-04-28,424,0.04205807573932825,0.014385318560290135,0.012418223455145025,0.03690483813774309,0.0022813807053623115,0.26666666666666666,0.7333333333333333,ridge,control
development_2025,2025-05-05,424,0.29069780622003916,0.05171514701972944,0.0678015847065864,0.03001457195375516,0.0020022552671012037,0.2,0.8,ridge,control
development_2025,2025-05-12,424,0.2613765634716351,0.052808770753804773,0.11049396372703914,0.05058917925193235,0.004346346984138742,0.2,0.8,ridge,control
development_2025,2025-05-19,425,-0.020369542448922168,0.010121549419785636,0.0269603925801254,0.036805765997699975,0.002437489997467026,0.13333333333333333,0.8666666666666667,ridge,control
development_2025,2025-05-26,425,-0.09521986897265444,-0.0012443787432958762,-0.01808070993435413,0.025227196954471308,0.0013920510476021926,0.13333333333333333,0.8666666666666667,ridge,control
development_2025,2025-06-02,425,0.27673790767448975,0.02018868675499299,0.018687875217471984,0.028326844544782705,0.0016924156245823143,0.4,0.6,ridge,control
development_2025,2025-06-09,425,0.04801550890307756,-0.011240718683754434,-0.0010492810767445127,0.027853292302419796,0.0014907628845771605,0.2,0.8,ridge,control
development_2025,2025-06-16,425,0.06245736593367959,-0.015167820943827353,0.011327546279974118,0.027362775117619614,0.001468881793068373,0.4,0.6,ridge,control
development_2025,2025-06-23,425,0.11294539713307593,0.0007810932676621321,0.004914952542941713,0.03675310117324134,0.002312915602534749,0.4,0.6,ridge,control
development_2025,2025-06-30,425,0.1908117740851323,0.02041964776570364,0.036867517110218136,0.026654581242862244,0.0012771915365392035,0.2,0.8,ridge,control
development_2025,2025-07-07,426,-0.01733797190083607,-0.010872725512884544,-0.006060894754180498,0.025438589294672544,0.0012071005163916898,0.06666666666666667,0.9333333333333333,ridge,control
development_2025,2025-07-14,426,-0.009989891130776946,0.033042193513918065,0.019725470690440262,0.029711906244468546,0.0016513019593807623,0.13333333333333333,0.8666666666666667,ridge,control
development_2025,2025-07-21,426,0.20076198754727012,-0.0036194216323040054,0.007755723423221207,0.039684442488380316,0.0029880214487464675,0.13333333333333333,0.8666666666666667,ridge,control
development_2025,2025-07-28,426,-0.07176039845631166,-0.023030245528124424,0.0035717051281131187,0.05127376159206866,0.004718853551412192,0.06666666666666667,0.9333333333333333,ridge,control
development_2025,2025-08-04,426,-0.07315926416745411,-0.004571105779952645,-0.005449449639713966,0.0408899143356692,0.003811057495423819,0.06666666666666667,0.9333333333333333,ridge,control
development_2025,2025-08-11,426,0.25724390702944766,0.033271201026743975,0.06716063023278088,0.028933986421430507,0.001756806092051237,0.13333333333333333,0.8666666666666667,ridge,control
development_2025,2025-08-18,426,-0.07322166363659294,0.013000896913504683,0.02256076642170235,0.02690494867045577,0.0013780133534753976,0.26666666666666666,0.7333333333333333,ridge,control
development_2025,2025-08-25,426,-0.0814231580417898,-0.004560687857259769,-0.003528035237078458,0.0249849300137698,0.0011482045416009539,0.4666666666666667,0.5333333333333333,ridge,control
development_2025,2025-09-01,426,0.055699209723141165,-0.018815690079042255,-0.06763436400453454,0.03140687082194463,0.002230948792464853,0.4,0.6,ridge,control
development_2025,2025-09-08,426,-0.027090450126021317,-0.008495531363878445,-0.0453179079329759,0.030231948026863922,0.002095075778510195,0.5333333333333333,0.4666666666666667,ridge,control
development_2025,2025-09-15,426,0.006539293620934866,0.009153403320489487,-0.031709901444588656,0.030110251526656293,0.0017992664794903054,0.3333333333333333,0.6666666666666666,ridge,control
development_2025,2025-09-22,426,-0.03750246900884575,0.0006261303088807022,-0.020901842892614916,0.030122871239351263,0.0016641677364202046,0.4666666666666667,0.5333333333333333,ridge,control
development_2025,2025-09-29,426,0.19200013970030405,0.06064811287571219,0.09114484532888488,0.03924882070136558,0.0032938978353218473,0.2,0.8,ridge,control
development_2025,2025-10-06,426,0.04871528107895202,0.007080284109998922,0.02793598052572455,0.043722354747313084,0.003000058220909554,0.2,0.8,ridge,control
development_2025,2025-10-13,426,0.09196013108545195,0.02431295344742276,0.020419661570437193,0.03440452956166132,0.0023100258191644757,0.13333333333333333,0.8666666666666667,ridge,control
development_2025,2025-10-20,426,0.0816244817021706,-0.011593878965045165,-0.04799296638096822,0.0326156172453247,0.0021404538892770392,0.26666666666666666,0.7333333333333333,ridge,control
development_2025,2025-10-27,426,-0.06211797302619963,-0.0036993353905637114,-0.004044444896933002,0.04455111863487203,0.005066030194677805,0.4,0.6,ridge,control
development_2025,2025-11-03,426,-0.12846087130303518,0.008450846359849771,0.02914379711764489,0.04045310207819697,0.0035895227435884217,0.13333333333333333,0.8666666666666667,ridge,control
development_2025,2025-11-10,426,-0.20669024756058046,-0.048324143991900416,-0.06358580507679429,0.03123090860164601,0.0017465556194136104,0.13333333333333333,0.8666666666666667,ridge,control
development_2025,2025-11-17,426,-0.1336006007113074,-0.02637636351972658,-0.038330541591759776,0.03584697091699872,0.0023962652425740796,0.4,0.6,ridge,control
development_2025,2025-11-24,426,0.3497245769700168,0.01670119220629039,0.03806823342579998,0.03639655327501856,0.0026241630948091897,0.3333333333333333,0.6666666666666666,ridge,control
development_2025,2025-12-01,426,-0.05709450531540254,0.009997426530284289,-0.016467632228614963,0.03206550874106692,0.001991480307249563,0.4,0.6,ridge,control
development_2025,2025-12-08,426,0.011044162758615337,0.017539960919048483,0.023968865817665136,0.028638132977240386,0.0015391881320546887,0.3333333333333333,0.6666666666666666,ridge,control
development_2025,2025-12-15,426,-0.14308454390761152,0.005274710922068336,-0.008192068846499524,0.02553192185378548,0.0012313889788560556,0.13333333333333333,0.8666666666666667,ridge,control
development_2025,2025-12-22,426,-0.034306126052360456,-0.019806967998454536,-0.006929811165814593,0.015813932188863775,0.00045469707147360937,0.3333333333333333,0.6666666666666666,ridge,control
confirmatory_2026,2026-01-12,426,0.23468649893575533,0.03551706549816728,0.035194730568008516,0.0349254724863586,0.002328285596392176,,,patch_8_stride_4,20260823
confirmatory_2026,2026-01-19,426,0.07697696303180704,0.05475572104528681,0.06527024362212432,0.033044522984777884,0.0020392631170582263,0.7333333333333333,0.26666666666666666,patch_8_stride_4,20260823
confirmatory_2026,2026-01-26,427,0.14545739274007766,0.02428983296774812,0.09572189310423682,0.03763525283310617,0.002702816669992762,0.8,0.2,patch_8_stride_4,20260823
confirmatory_2026,2026-02-02,427,0.2192815233672604,0.028241675005109285,0.061802481938461024,0.05788707036576841,0.005718995828583873,0.6,0.4,patch_8_stride_4,20260823
confirmatory_2026,2026-02-09,427,0.13512652442924747,0.004309482116428344,0.022715956817004168,0.04498458135051444,0.0039264199239995535,0.4,0.6,patch_8_stride_4,20260823
confirmatory_2026,2026-02-16,427,0.10733113249745138,0.04706504845054648,0.05282733977729434,0.040297865414528136,0.0031763940835040903,0.4666666666666667,0.5333333333333333,patch_8_stride_4,20260823
confirmatory_2026,2026-02-23,427,-0.015075129804412501,0.01704673000210806,0.007028812607921788,0.03479363431496932,0.0024847339617526188,0.8,0.2,patch_8_stride_4,20260823
confirmatory_2026,2026-03-02,427,-0.47777703450671855,-0.09139273440227577,-0.2191009956113315,0.08027752289948545,0.009259272866228347,0.6,0.4,patch_8_stride_4,20260823
confirmatory_2026,2026-03-09,427,0.2646202016758125,0.09273905466621439,0.11670997987307813,0.04348517646414791,0.00287607111000867,0.4666666666666667,0.5333333333333333,patch_8_stride_4,20260823
confirmatory_2026,2026-03-16,427,0.037153054684780966,0.04608954838014284,0.0462469220092937,0.037336000765472575,0.002439927316665577,0.6,0.4,patch_8_stride_4,20260823
confirmatory_2026,2026-03-23,428,0.24537635818204942,-0.01214287769498851,0.04205888384684488,0.03524466615789289,0.0022852659166675664,0.6,0.4,patch_8_stride_4,20260823
confirmatory_2026,2026-03-30,428,-0.0275329083357274,0.0031750019235244065,-0.019689583260819897,0.04675850356188624,0.0033856377035802053,0.6,0.4,patch_8_stride_4,20260823
confirmatory_2026,2026-04-06,428,0.21765931326219362,0.019110414047837136,0.10491274951085587,0.0517332943760309,0.004595656174749944,0.7333333333333333,0.26666666666666666,patch_8_stride_4,20260823
confirmatory_2026,2026-04-13,428,-0.41191059591549867,-0.03683667067637508,-0.12309463483706974,0.05849412301737385,0.006130254157064076,0.7333333333333333,0.26666666666666666,patch_8_stride_4,20260823
confirmatory_2026,2026-04-20,428,0.45151661575746155,0.05781102537562018,0.08584406950004372,0.04323248553358654,0.0035195304300110392,0.8,0.2,patch_8_stride_4,20260823
confirmatory_2026,2026-04-27,428,0.1540951770766387,0.015019964632728493,-0.004121084212015277,0.03931647819339675,0.0034658163641487286,0.6666666666666666,0.3333333333333333,patch_8_stride_4,20260823
confirmatory_2026,2026-05-04,428,0.16827343026209277,0.06546645668566031,0.0738105616551688,0.04910881680617367,0.005597119445982427,0.7333333333333333,0.26666666666666666,patch_8_stride_4,20260823
confirmatory_2026,2026-05-11,428,0.26684856957709957,0.019839508761194773,0.02565641553738644,0.04396975187416221,0.0034896016560171136,0.6,0.4,patch_8_stride_4,20260823
confirmatory_2026,2026-05-18,428,-0.18067576670303803,0.035976341041315904,0.010280651367855373,0.04871992246949795,0.004248049375314277,0.8,0.2,patch_8_stride_4,20260823
confirmatory_2026,2026-05-25,428,0.1695179341877672,0.11961941394250541,0.11714676478314884,0.056254858390361595,0.00754934131826554,0.6666666666666666,0.3333333333333333,patch_8_stride_4,20260823
confirmatory_2026,2026-06-01,428,-0.1991989931318873,-0.03692192515128526,-0.03929431884443296,0.04641747204192951,0.004035930185542786,0.7333333333333333,0.26666666666666666,patch_8_stride_4,20260823
confirmatory_2026,2026-06-08,428,0.11507811936799223,0.05568678188265755,0.04193120002231203,0.038456333145528196,0.0031505182605692343,0.8666666666666667,0.13333333333333333,patch_8_stride_4,20260823
confirmatory_2026,2026-06-15,428,0.3602704312797069,0.1287425073659097,0.1561539693462534,0.04645768538249787,0.0040081487255567705,0.8666666666666667,0.13333333333333333,patch_8_stride_4,20260823
confirmatory_2026,2026-06-22,428,-0.23916683898298732,-0.07461118984862831,-0.0876264924566768,0.05938270346371852,0.005991038422514809,0.8666666666666667,0.13333333333333333,patch_8_stride_4,20260823
confirmatory_2026,2026-06-29,429,-0.19853308715698365,-0.046672446404633874,-0.04779761440867817,0.04812251493740005,0.004555038493969334,0.8666666666666667,0.13333333333333333,patch_8_stride_4,20260823
confirmatory_2026,2026-07-06,429,0.002598553370124768,0.02268421296479662,0.0066408908617459315,0.03647946223873795,0.002356804066066223,1.0,0.0,patch_8_stride_4,20260823
confirmatory_2026,2026-07-13,429,-0.2632744781842804,-0.08733160864427199,-0.08268149736050481,0.04629047021911348,0.004765867897206946,0.6666666666666666,0.3333333333333333,patch_8_stride_4,20260823
confirmatory_2026,2026-07-20,429,-0.06961818880966891,3.775046390448386e-05,-0.02451200333232456,0.03616382712188332,0.002502804213312727,0.7333333333333333,0.26666666666666666,patch_8_stride_4,20260823
confirmatory_2026,2026-07-27,429,-0.2092105243159362,-0.06168260800875264,-0.08274020743952448,0.05148402316502536,0.005632825275036677,0.7333333333333333,0.26666666666666666,patch_8_stride_4,20260823
confirmatory_2026,2026-08-03,429,0.011494156788657985,0.01868021941747163,-0.019093463656533916,0.05642862047826631,0.008074010972895718,0.7333333333333333,0.26666666666666666,patch_8_stride_4,20260823
confirmatory_2026,2026-08-10,427,-0.09667981845415992,0.035960317895260496,0.006093957068045691,0.03673061102530116,0.0027147964698570008,0.4666666666666667,0.5333333333333333,patch_8_stride_4,20260823
confirmatory_2026,2026-08-17,427,-0.004238391895728592,-0.02252223701865912,-0.013091473313537823,0.04511891042308658,0.0036117343572137396,0.6,0.4,patch_8_stride_4,20260823
confirmatory_2026,2026-01-12,426,0.17195004161904892,0.03331054147071002,0.040255121504902805,0.035217169296740035,0.002382203298329253,,,patch_8_stride_4,20260824
confirmatory_2026,2026-01-19,426,0.08520686316549247,0.04318693030143074,0.053374391607265766,0.032927122410568506,0.002055463410534993,0.6666666666666666,0.3333333333333333,patch_8_stride_4,20260824
confirmatory_2026,2026-01-26,427,0.1992258438018952,0.027746113225576043,0.09122684709756965,0.03685417920648934,0.0026128226400525595,0.6666666666666666,0.3333333333333333,patch_8_stride_4,20260824
confirmatory_2026,2026-02-02,427,0.24220364318591184,0.02818652472322648,0.09504759735742901,0.05733003701408806,0.005606805601596624,0.6,0.4,patch_8_stride_4,20260824
confirmatory_2026,2026-02-09,427,0.176633109519689,0.013856335624334642,0.02980094182726066,0.04500414236990109,0.003918618710988581,0.6666666666666666,0.3333333333333333,patch_8_stride_4,20260824
confirmatory_2026,2026-02-16,427,0.09352206389863618,0.03742371569745244,0.042420059082282364,0.03882883839774512,0.0030018805648811455,0.6,0.4,patch_8_stride_4,20260824
confirmatory_2026,2026-02-23,427,0.008477400329662979,0.011435655097650627,-0.009003664509780598,0.033530507423725264,0.0023522197848006737,0.8666666666666667,0.13333333333333333,patch_8_stride_4,20260824
confirmatory_2026,2026-03-02,427,-0.4243228637953044,-0.09192663015716357,-0.20696783875322391,0.07842004017102773,0.008920707904012682,0.6,0.4,patch_8_stride_4,20260824
confirmatory_2026,2026-03-09,427,0.19493473788957122,0.05139428812879326,0.056162065849196856,0.04482985181391015,0.0030547014189227658,0.4,0.6,patch_8_stride_4,20260824
confirmatory_2026,2026-03-16,427,0.06635168757296345,0.054748966802952784,0.05063627667827973,0.03606844942247199,0.0023469809178970095,0.6,0.4,patch_8_stride_4,20260824
confirmatory_2026,2026-03-23,428,0.20260826206918045,0.030741718238190913,0.07071143309883045,0.03496861846284041,0.0021830375861005107,0.7333333333333333,0.26666666666666666,patch_8_stride_4,20260824
confirmatory_2026,2026-03-30,428,-0.019387078372829866,0.002480315232831258,-0.024237711208414288,0.046584216993710834,0.0033599251260129563,0.8,0.2,patch_8_stride_4,20260824
confirmatory_2026,2026-04-06,428,0.2494582175905908,0.028647609286166505,0.11647535226178776,0.05075069402459634,0.004439912054536443,0.7333333333333333,0.26666666666666666,patch_8_stride_4,20260824
confirmatory_2026,2026-04-13,428,-0.34518308411368015,0.0028399406523136814,-0.09856636428632651,0.05667140951739289,0.005814531505828947,0.6,0.4,patch_8_stride_4,20260824
confirmatory_2026,2026-04-20,428,0.4236583089042105,0.06488698190814324,0.09100518735937241,0.043899069307747465,0.0036585693003540775,0.5333333333333333,0.4666666666666667,patch_8_stride_4,20260824
confirmatory_2026,2026-04-27,428,0.22221259665721135,-0.012663208343382429,-0.011232316982005573,0.03790507040681045,0.003271559758718348,0.8666666666666667,0.13333333333333333,patch_8_stride_4,20260824
confirmatory_2026,2026-05-04,428,0.13562077573108675,0.07205883427631182,0.10993833721452961,0.04970800907549306,0.00560741226549574,0.5333333333333333,0.4666666666666667,patch_8_stride_4,20260824
confirmatory_2026,2026-05-11,428,0.20748717154398455,-0.0010482983683434526,-0.0030467774675716833,0.045713575113573275,0.0036981579384777114,0.6,0.4,patch_8_stride_4,20260824
confirmatory_2026,2026-05-18,428,-0.15299347504035724,0.023373535002464176,-0.0032919242022575734,0.048945590667815876,0.004296958220318037,0.7333333333333333,0.26666666666666666,patch_8_stride_4,20260824
confirmatory_2026,2026-05-25,428,0.14055884363835955,0.12527736815844331,0.10987423313390766,0.056657587348531706,0.007627669887085014,0.8,0.2,patch_8_stride_4,20260824
confirmatory_2026,2026-06-01,428,-0.2237047463031836,-0.018275580270783638,-0.05156570947710003,0.045441443158710425,0.00381854929748741,0.8,0.2,patch_8_stride_4,20260824
confirmatory_2026,2026-06-08,428,0.09273597553052126,0.06366122937264344,0.06888554955863728,0.03906544318066616,0.003172076870471797,0.9333333333333333,0.06666666666666667,patch_8_stride_4,20260824
confirmatory_2026,2026-06-15,428,0.36242080129234977,0.13807804853881914,0.17485919582100595,0.046549791317787484,0.003983354090195185,0.8666666666666667,0.13333333333333333,patch_8_stride_4,20260824
confirmatory_2026,2026-06-22,428,-0.20717248126471352,-0.06386018582809559,-0.06346154439925152,0.05809194405762567,0.005826525584686982,0.8,0.2,patch_8_stride_4,20260824
confirmatory_2026,2026-06-29,429,-0.1669254086951838,-0.05102664048063957,-0.06209302002817392,0.04699944911973401,0.004298945319945722,0.8666666666666667,0.13333333333333333,patch_8_stride_4,20260824
confirmatory_2026,2026-07-06,429,-0.02490884468715375,0.023281759106392047,0.015634820374547925,0.03563539580711678,0.0022829141284210984,0.8,0.2,patch_8_stride_4,20260824
confirmatory_2026,2026-07-13,429,-0.3255178640094963,-0.10308074956540843,-0.09906500876412709,0.04731366930266104,0.005118991492440078,0.7333333333333333,0.26666666666666666,patch_8_stride_4,20260824
confirmatory_2026,2026-07-20,429,-0.06927287014224637,-0.004971990468303979,-0.013943787573015787,0.03539808149658277,0.0023873915014757667,0.6,0.4,patch_8_stride_4,20260824
confirmatory_2026,2026-07-27,429,-0.18440564000224943,-0.048385259473659736,-0.060459936003584014,0.05028789654183358,0.005342934458746648,0.7333333333333333,0.26666666666666666,patch_8_stride_4,20260824
confirmatory_2026,2026-08-03,429,-0.08831965686997202,-0.009086574475801502,-0.024903245740502657,0.05920583231451313,0.00850292188064896,0.8666666666666667,0.13333333333333333,patch_8_stride_4,20260824
confirmatory_2026,2026-08-10,427,-0.08449902725684581,0.039844700590150633,0.006799848099976559,0.03632792302376014,0.0026098130256390585,0.4666666666666667,0.5333333333333333,patch_8_stride_4,20260824
confirmatory_2026,2026-08-17,427,0.01866137841296284,-0.022135247416583112,-0.008296243006236307,0.04404639177185924,0.0034669720984191786,0.4666666666666667,0.5333333333333333,patch_8_stride_4,20260824
confirmatory_2026,2026-01-12,426,0.2065129833970069,0.029190610505763843,0.037493037696837116,0.03529278805974019,0.002392543667966604,,,patch_8_stride_4,20260825
confirmatory_2026,2026-01-19,426,0.0818684915665643,0.03916260439327998,0.049581606531234036,0.03326560322456195,0.002060856357483194,0.6666666666666666,0.3333333333333333,patch_8_stride_4,20260825
confirmatory_2026,2026-01-26,427,0.1838222532683461,0.02005293248029264,0.09480755971070078,0.037191480339917225,0.0026489348493283138,0.7333333333333333,0.26666666666666666,patch_8_stride_4,20260825
confirmatory_2026,2026-02-02,427,0.21323035501194698,0.03110013960235126,0.06327654839508436,0.05752822252467989,0.0056706637550642215,0.6666666666666666,0.3333333333333333,patch_8_stride_4,20260825
confirmatory_2026,2026-02-09,427,0.1585537431729954,0.0004008900597827665,0.005299908608352347,0.045123178234350726,0.003925432436734805,0.6666666666666666,0.3333333333333333,patch_8_stride_4,20260825
confirmatory_2026,2026-02-16,427,0.01547742098369287,-0.0031865617476974804,-0.018952522807455463,0.04140690063570988,0.003407217120187467,0.3333333333333333,0.6666666666666666,patch_8_stride_4,20260825
confirmatory_2026,2026-02-23,427,-0.027938274660988763,0.014563757083902663,-0.004218089307179325,0.03457189319097196,0.0024388920358981284,0.5333333333333333,0.4666666666666667,patch_8_stride_4,20260825
confirmatory_2026,2026-03-02,427,-0.381626359967681,-0.047438161328106764,-0.17634245522497938,0.08197095441173398,0.009584268645913356,0.3333333333333333,0.6666666666666666,patch_8_stride_4,20260825
confirmatory_2026,2026-03-09,427,0.26029025385652355,0.082747593867602,0.1000364435483439,0.044924255673380285,0.003022979091461398,0.4,0.6,patch_8_stride_4,20260825
confirmatory_2026,2026-03-16,427,0.007418650095763797,0.02540911784740949,0.025935115721850796,0.03927751160011974,0.0026926105475487652,0.6,0.4,patch_8_stride_4,20260825
confirmatory_2026,2026-03-23,428,0.228616420679689,-0.0014751507118061671,0.05647664280010559,0.03591197332454346,0.0023035859739138713,0.5333333333333333,0.4666666666666667,patch_8_stride_4,20260825
confirmatory_2026,2026-03-30,428,-0.05667627913682763,-0.003146166043252397,-0.027034992364020596,0.04552183264008659,0.0032984453832751092,0.5333333333333333,0.4666666666666667,patch_8_stride_4,20260825
confirmatory_2026,2026-04-06,428,0.17470318864527537,-0.0026980262317420275,0.06888370727469481,0.05169003734757683,0.004615115339066641,0.8666666666666667,0.13333333333333333,patch_8_stride_4,20260825
confirmatory_2026,2026-04-13,428,-0.35804780480741877,0.0046221507905121265,-0.08238398957212262,0.05666209850080314,0.005717211087373548,0.4666666666666667,0.5333333333333333,patch_8_stride_4,20260825
confirmatory_2026,2026-04-20,428,0.43996466227200104,0.0531260824085204,0.0738375000931298,0.044279616034173665,0.0036188253352070505,0.6,0.4,patch_8_stride_4,20260825
confirmatory_2026,2026-04-27,428,0.1940917975849798,0.022283373501029206,-0.0029499935991245743,0.03856949648982429,0.0033346649343319774,0.6666666666666666,0.3333333333333333,patch_8_stride_4,20260825
confirmatory_2026,2026-05-04,428,0.13235959689154114,0.06253282789758968,0.07577185140971349,0.0496403063682527,0.005614478568274976,0.7333333333333333,0.26666666666666666,patch_8_stride_4,20260825
confirmatory_2026,2026-05-11,428,0.20026931875340484,0.009170991379542472,0.019177829190891914,0.04658978968251674,0.0038337947177903577,0.7333333333333333,0.26666666666666666,patch_8_stride_4,20260825
confirmatory_2026,2026-05-18,428,-0.13629942908325016,0.027271923588097942,0.0029167137649578137,0.04713229214566643,0.004043091981058112,0.8666666666666667,0.13333333333333333,patch_8_stride_4,20260825
confirmatory_2026,2026-05-25,428,0.15595542805593368,0.16885590341930404,0.17573009173187312,0.05624170325043518,0.007479463095852995,0.6666666666666666,0.3333333333333333,patch_8_stride_4,20260825
confirmatory_2026,2026-06-01,428,-0.23858568274073103,-0.017266157131770564,-0.03302557271387798,0.046440069230613584,0.0040344657501640005,0.8666666666666667,0.13333333333333333,patch_8_stride_4,20260825
confirmatory_2026,2026-06-08,428,0.11615900569478017,0.06215311879345549,0.04634839199814129,0.03845566565452491,0.0031252073555086512,0.8666666666666667,0.13333333333333333,patch_8_stride_4,20260825
confirmatory_2026,2026-06-15,428,0.41279099377683,0.14059598214265917,0.17101787850499528,0.04674946523215136,0.003919189838237876,0.8,0.2,patch_8_stride_4,20260825
confirmatory_2026,2026-06-22,428,-0.267040298448296,-0.07461118984862831,-0.07535642531894858,0.06034473330936637,0.006374902017459879,0.9333333333333333,0.06666666666666667,patch_8_stride_4,20260825
confirmatory_2026,2026-06-29,429,-0.1781875549320974,-0.05048117441735528,-0.0628281542555329,0.047307609941847475,0.004471447925478759,0.8,0.2,patch_8_stride_4,20260825
confirmatory_2026,2026-07-06,429,0.004004374391260887,0.023578376881055286,0.016822522808446254,0.03709671620152521,0.002443969047003688,0.8,0.2,patch_8_stride_4,20260825
confirmatory_2026,2026-07-13,429,-0.3157706670638642,-0.08282127124707216,-0.07573128464375717,0.047392883326039546,0.005134283730795876,0.4666666666666667,0.5333333333333333,patch_8_stride_4,20260825
confirmatory_2026,2026-07-20,429,-0.0373804417707917,0.010569183320521978,0.006550287603365406,0.03671200582309035,0.002588310435635295,0.7333333333333333,0.26666666666666666,patch_8_stride_4,20260825
confirmatory_2026,2026-07-27,429,-0.20408895603418534,-0.0779306219755973,-0.09640460172421447,0.05114091301532645,0.0060033742261078665,0.6,0.4,patch_8_stride_4,20260825
confirmatory_2026,2026-08-03,429,-0.04423529089905965,0.018628506780692132,-0.018840947234091313,0.056800732926306705,0.008071377545119229,0.6,0.4,patch_8_stride_4,20260825
confirmatory_2026,2026-08-10,427,-0.07914639668869661,0.0278314076630694,0.008083359391428836,0.03661446216599783,0.0026373125322691044,0.5333333333333333,0.4666666666666667,patch_8_stride_4,20260825
confirmatory_2026,2026-08-17,427,-0.055096166087994176,-0.013644418684201475,-0.0073693523812416815,0.046410644288711785,0.0037991343720084883,0.4,0.6,patch_8_stride_4,20260825
confirmatory_2026,2026-01-12,426,0.20119862860868198,0.0335218965520702,0.03482948697960699,0.035452670027064925,0.002403089497838785,,,patch_10_stride_5,20260823
confirmatory_2026,2026-01-19,426,0.06588258577501654,0.04409154678374415,0.05808011354786752,0.03386006256059262,0.0021610122664441865,0.6,0.4,patch_10_stride_5,20260823
confirmatory_2026,2026-01-26,427,0.1992355542786364,0.017605570298008535,0.07390387755281529,0.03678266945063651,0.0026510209467761566,0.6666666666666666,0.3333333333333333,patch_10_stride_5,20260823
confirmatory_2026,2026-02-02,427,0.22653031718732802,0.033591781896053524,0.10041925381626265,0.057653171442895286,0.005668234303329364,0.8,0.2,patch_10_stride_5,20260823
confirmatory_2026,2026-02-09,427,0.14398309575547355,0.0029354854428031447,0.019550193347538075,0.045205104343889115,0.003951051878575488,0.7333333333333333,0.26666666666666666,patch_10_stride_5,20260823
confirmatory_2026,2026-02-16,427,0.17615683375571337,0.0338696306868718,0.054908968560387864,0.03771600169295824,0.0027245188739516953,0.6666666666666666,0.3333333333333333,patch_10_stride_5,20260823
confirmatory_2026,2026-02-23,427,0.00679779612252957,-0.0005225134260417328,0.010888597487472142,0.034834548575600824,0.002483796217820941,0.6,0.4,patch_10_stride_5,20260823
confirmatory_2026,2026-03-02,427,-0.5227792370894587,-0.07256908959076794,-0.19614226949708718,0.07981490273513347,0.009201903820334483,0.8,0.2,patch_10_stride_5,20260823
confirmatory_2026,2026-03-09,427,0.23596982538713204,0.07573309309708254,0.09708364068566289,0.0448620221629245,0.0029991231737484816,0.8,0.2,patch_10_stride_5,20260823
confirmatory_2026,2026-03-16,427,0.05496222316278551,0.03502580226193851,0.038515470963232185,0.03705525490751602,0.0024263878732730076,0.6,0.4,patch_10_stride_5,20260823
confirmatory_2026,2026-03-23,428,0.2659369994926555,0.009142418350556862,0.062084377227649874,0.03442489595602475,0.002181878118713204,0.8666666666666667,0.13333333333333333,patch_10_stride_5,20260823
confirmatory_2026,2026-03-30,428,-0.09500810205575029,-0.010946309127304543,-0.04569868592936156,0.050271517975773145,0.003805999823129061,0.8666666666666667,0.13333333333333333,patch_10_stride_5,20260823
confirmatory_2026,2026-04-06,428,0.20873916951747504,0.025759465019168315,0.08685074060881126,0.05268684770179098,0.004681108083805276,0.6666666666666666,0.3333333333333333,patch_10_stride_5,20260823
confirmatory_2026,2026-04-13,428,-0.3360942718993892,-0.02086916093289817,-0.07696805952060441,0.056678559923151815,0.005705585637339056,0.5333333333333333,0.4666666666666667,patch_10_stride_5,20260823
confirmatory_2026,2026-04-20,428,0.373902640947225,0.05936316719671716,0.0775772102600917,0.04532654197232439,0.0037153424297807925,0.7333333333333333,0.26666666666666666,patch_10_stride_5,20260823
confirmatory_2026,2026-04-27,428,0.14402481232571626,0.0063585625357462615,0.011628299892367754,0.03934814411371767,0.00341781794550847,0.7333333333333333,0.26666666666666666,patch_10_stride_5,20260823
confirmatory_2026,2026-05-04,428,0.13980733530296882,0.0826748115773091,0.09144770332158715,0.04975368817338221,0.005706449513113898,0.7333333333333333,0.26666666666666666,patch_10_stride_5,20260823
confirmatory_2026,2026-05-11,428,0.2418802599884814,0.013157600526115332,0.040965691610309,0.045894094180245426,0.003711751799330927,0.6,0.4,patch_10_stride_5,20260823
confirmatory_2026,2026-05-18,428,-0.12521230875758224,0.06391212240589389,0.03837688490666278,0.0462603953023999,0.003923331744988644,0.8,0.2,patch_10_stride_5,20260823
confirmatory_2026,2026-05-25,428,0.17979370101325057,0.14031105049693224,0.14818986630248632,0.056067451251946225,0.007481005858778611,0.8666666666666667,0.13333333333333333,patch_10_stride_5,20260823
confirmatory_2026,2026-06-01,428,-0.2279883438149104,-0.032702196957192196,-0.03187724318335408,0.04619275849842551,0.003959332421321773,0.7333333333333333,0.26666666666666666,patch_10_stride_5,20260823
confirmatory_2026,2026-06-08,428,0.14968821587482534,0.06742254631906577,0.05979029943049265,0.0379863291987047,0.003125316770107153,0.8,0.2,patch_10_stride_5,20260823
confirmatory_2026,2026-06-15,428,0.34462237412588875,0.14974871454575914,0.17946988881613934,0.04745936736481688,0.00414982963062214,0.9333333333333333,0.06666666666666667,patch_10_stride_5,20260823
confirmatory_2026,2026-06-22,428,-0.2654815691432821,-0.08694728645085817,-0.09935860597206088,0.06065174238229495,0.0064382447181331095,0.8666666666666667,0.13333333333333333,patch_10_stride_5,20260823
confirmatory_2026,2026-06-29,429,-0.14018844110312154,-0.04809477029211022,-0.048675310567020166,0.04760301174702522,0.004524316562377233,0.9333333333333333,0.06666666666666667,patch_10_stride_5,20260823
confirmatory_2026,2026-07-06,429,0.01371213007813747,0.020820200637487532,0.010078182592748881,0.037089905616905366,0.0023993109999203978,0.7333333333333333,0.26666666666666666,patch_10_stride_5,20260823
confirmatory_2026,2026-07-13,429,-0.2294064987392525,-0.0759944176993839,-0.07847769166038017,0.04687463549005063,0.004927922838780067,0.6,0.4,patch_10_stride_5,20260823
confirmatory_2026,2026-07-20,429,-0.053422560920930846,-0.0012489214811905146,-0.010081237111000618,0.03632573785369603,0.002562087189802816,0.9333333333333333,0.06666666666666667,patch_10_stride_5,20260823
confirmatory_2026,2026-07-27,429,-0.15676889943353756,-0.05558665871846022,-0.06752160556432935,0.05055477464738215,0.005427786346011545,0.6666666666666666,0.3333333333333333,patch_10_stride_5,20260823
confirmatory_2026,2026-08-03,429,-0.036143556508694524,0.04424557716739507,0.034313739645975824,0.05679651062483383,0.007821074861385474,0.8666666666666667,0.13333333333333333,patch_10_stride_5,20260823
confirmatory_2026,2026-08-10,427,0.02553855382948834,0.03958497241072032,0.028898300698615303,0.035575717917097106,0.002512680278446903,0.4666666666666667,0.5333333333333333,patch_10_stride_5,20260823
confirmatory_2026,2026-08-17,427,-0.09615745645930122,-0.035655860108615094,-0.056462525658879846,0.046032283147352894,0.003774262684111583,0.6666666666666666,0.3333333333333333,patch_10_stride_5,20260823
confirmatory_2026,2026-01-12,426,0.21732656304267262,0.03484646743189764,0.047346546441583856,0.03488202199180568,0.002343513354444071,,,patch_10_stride_5,20260824
confirmatory_2026,2026-01-19,426,0.08863603996204808,0.05029532190149,0.07420929148166529,0.03308522656054186,0.0020796823373998275,0.8,0.2,patch_10_stride_5,20260824
confirmatory_2026,2026-01-26,427,0.16975994160150115,0.03966181722396663,0.08541694193224211,0.036841822154836994,0.0026412937747511247,0.8,0.2,patch_10_stride_5,20260824
confirmatory_2026,2026-02-02,427,0.23119643246332597,0.04236806157716072,0.07757864033918473,0.05757490125710471,0.005637299267158684,0.7333333333333333,0.26666666666666666,patch_10_stride_5,20260824
confirmatory_2026,2026-02-09,427,0.1527761636465029,-0.0117854670502837,0.012793239628320494,0.04520068194270349,0.003967933601279183,0.8,0.2,patch_10_stride_5,20260824
confirmatory_2026,2026-02-16,427,0.18767792907282824,0.044323463787664844,0.06864010092151629,0.03691340867160084,0.0026723424636929255,0.6666666666666666,0.3333333333333333,patch_10_stride_5,20260824
confirmatory_2026,2026-02-23,427,0.025034071442597675,0.0029385587537715816,-0.011011735280953358,0.03382050002601698,0.002350344049391622,0.6666666666666666,0.3333333333333333,patch_10_stride_5,20260824
confirmatory_2026,2026-03-02,427,-0.47879971725557885,-0.08180434662899053,-0.2175811062854675,0.07785988088053734,0.008742843197845022,0.6,0.4,patch_10_stride_5,20260824
confirmatory_2026,2026-03-09,427,0.2154190656425145,0.10013912123190497,0.12508345553487504,0.04391702401780302,0.0029203457231036485,0.6666666666666666,0.3333333333333333,patch_10_stride_5,20260824
confirmatory_2026,2026-03-16,427,0.08282188920253557,0.03800991256393535,0.041831417942328794,0.03675139383596482,0.0024008506918661633,0.8,0.2,patch_10_stride_5,20260824
confirmatory_2026,2026-03-23,428,0.26449436362987283,-0.003001895824511496,0.04304253608422711,0.03466794538141164,0.002210530045382541,0.8666666666666667,0.13333333333333333,patch_10_stride_5,20260824
confirmatory_2026,2026-03-30,428,-0.05454940340799082,0.0008723267679546232,-0.03491556301235704,0.049160874837702415,0.00365647448111083,0.8,0.2,patch_10_stride_5,20260824
confirmatory_2026,2026-04-06,428,0.2579522515174423,0.05035060854055276,0.1332591085242842,0.05191315970128854,0.0045445483819036995,0.6666666666666666,0.3333333333333333,patch_10_stride_5,20260824
confirmatory_2026,2026-04-13,428,-0.35045542782634864,-0.02856018249234888,-0.11408574757734455,0.05742487036005359,0.005898553750575585,0.8,0.2,patch_10_stride_5,20260824
confirmatory_2026,2026-04-20,428,0.4139421173280527,0.06943919601369733,0.09114303051006575,0.04395122825020724,0.0036497527980393577,0.7333333333333333,0.26666666666666666,patch_10_stride_5,20260824
confirmatory_2026,2026-04-27,428,0.19186864919973545,0.009610106215957467,0.019231901808062224,0.03818484907657334,0.0033092573031366004,0.7333333333333333,0.26666666666666666,patch_10_stride_5,20260824
confirmatory_2026,2026-05-04,428,0.13204751430582595,0.05664716879875225,0.07269563411337288,0.04976735128014713,0.005706501108338443,0.8,0.2,patch_10_stride_5,20260824
confirmatory_2026,2026-05-11,428,0.24831063551947558,0.0021198821405367593,0.02889919719648717,0.04542885223365043,0.0035995336045623245,0.6666666666666666,0.3333333333333333,patch_10_stride_5,20260824
confirmatory_2026,2026-05-18,428,-0.11353561407184819,0.06685859452862325,0.05054549386891157,0.04615769933081462,0.003949707169153892,0.9333333333333333,0.06666666666666667,patch_10_stride_5,20260824
confirmatory_2026,2026-05-25,428,0.16361683360304471,0.1645341954171943,0.16785634097789479,0.056361168519300536,0.007632691442055716,0.8666666666666667,0.13333333333333333,patch_10_stride_5,20260824
confirmatory_2026,2026-06-01,428,-0.2650582143457891,-0.018275580270783638,-0.041541765814656004,0.0462931781740415,0.00394628685440162,0.8,0.2,patch_10_stride_5,20260824
confirmatory_2026,2026-06-08,428,0.17680771809774415,0.0674225463190658,0.062093205896939806,0.037707410827229525,0.0029871348198555023,1.0,0.0,patch_10_stride_5,20260824
confirmatory_2026,2026-06-15,428,0.43841888303281257,0.13594837298696147,0.17455184150893227,0.04617611161482642,0.003985388681524971,0.9333333333333333,0.06666666666666667,patch_10_stride_5,20260824
confirmatory_2026,2026-06-22,428,-0.2648255681808616,-0.06947479732530329,-0.06953014407402312,0.06256182293263184,0.006915353562418979,0.7333333333333333,0.26666666666666666,patch_10_stride_5,20260824
confirmatory_2026,2026-06-29,429,-0.13158222412816256,-0.0660811947474231,-0.07780468929141225,0.04961348034938924,0.0051407692871434695,0.8,0.2,patch_10_stride_5,20260824
confirmatory_2026,2026-07-06,429,-0.018919420071343566,0.017813381784338337,-0.016022793434721735,0.03569675408228083,0.0022750122994956157,0.6666666666666666,0.3333333333333333,patch_10_stride_5,20260824
confirmatory_2026,2026-07-13,429,-0.27391552155733856,-0.07466697033638232,-0.07683615063012486,0.04694228928644104,0.004922275009159242,0.6,0.4,patch_10_stride_5,20260824
confirmatory_2026,2026-07-20,429,-0.04501149795650992,0.0022141503465017273,0.001154929054084321,0.03572799414393532,0.002409521879738778,0.8,0.2,patch_10_stride_5,20260824
confirmatory_2026,2026-07-27,429,-0.2067759669150671,-0.05657601522342534,-0.07669008680529704,0.05080569088805925,0.005398623491724867,0.8,0.2,patch_10_stride_5,20260824
confirmatory_2026,2026-08-03,429,-0.011610276270132823,0.0838551550088936,0.06538516805947578,0.05662607486268412,0.007607779081914914,0.6666666666666666,0.3333333333333333,patch_10_stride_5,20260824
confirmatory_2026,2026-08-10,427,-0.03637560000727515,0.03118680460312938,0.023254493275622887,0.03591728191034662,0.0025539817773548917,0.6666666666666666,0.3333333333333333,patch_10_stride_5,20260824
confirmatory_2026,2026-08-17,427,-0.09037833558729426,-0.027233562108280575,-0.05274654588006124,0.045800912755043506,0.003730818485625911,0.8,0.2,patch_10_stride_5,20260824
confirmatory_2026,2026-01-12,426,0.18253265009536485,0.025530333016334898,0.010478996272743103,0.03499719614228709,0.0023788832886624963,,,patch_10_stride_5,20260825
confirmatory_2026,2026-01-19,426,0.058277146000399696,0.04636191108817962,0.0757732025115172,0.03321593982010545,0.00209021818887275,0.7333333333333333,0.26666666666666666,patch_10_stride_5,20260825
confirmatory_2026,2026-01-26,427,0.19507145523670597,0.03367385750764165,0.09986436221206682,0.036372508511020266,0.0025700109385596824,0.6666666666666666,0.3333333333333333,patch_10_stride_5,20260825
confirmatory_2026,2026-02-02,427,0.23786444729353598,0.0439568692278839,0.09871514630374194,0.057378687501695225,0.005592323768467905,0.8666666666666667,0.13333333333333333,patch_10_stride_5,20260825
confirmatory_2026,2026-02-09,427,0.16232325776321788,0.01736866907723507,0.013484949835193319,0.045124884292609115,0.003960131855222491,0.8666666666666667,0.13333333333333333,patch_10_stride_5,20260825
confirmatory_2026,2026-02-16,427,0.19459240505080427,0.04615094318987823,0.07706478425276198,0.03732960816008329,0.0027431007352680635,0.7333333333333333,0.26666666666666666,patch_10_stride_5,20260825
confirmatory_2026,2026-02-23,427,0.011489343599516512,0.0343510458313988,0.01787496423898414,0.03369078664000298,0.002311689251866046,0.6,0.4,patch_10_stride_5,20260825
confirmatory_2026,2026-03-02,427,-0.44857639786936726,-0.08916333515790986,-0.19457369111744555,0.0776386276591897,0.008805520840023657,0.8,0.2,patch_10_stride_5,20260825
confirmatory_2026,2026-03-09,427,0.23341766548424914,0.06708783372487921,0.10427523868501479,0.044612176973305766,0.0029816514280149972,0.8,0.2,patch_10_stride_5,20260825
confirmatory_2026,2026-03-16,427,0.06809880271363125,0.013054184796889242,0.020842555604939868,0.038777910791910335,0.0026698475883995595,0.6,0.4,patch_10_stride_5,20260825
confirmatory_2026,2026-03-23,428,0.30669041035149985,0.015027089822130957,0.08103955036916861,0.033788510898588774,0.002106386043579137,0.6666666666666666,0.3333333333333333,patch_10_stride_5,20260825
confirmatory_2026,2026-03-30,428,-0.01221070946825505,0.035554948113120294,0.020364657538326274,0.04731314791040627,0.0034641467191499765,0.8,0.2,patch_10_stride_5,20260825
confirmatory_2026,2026-04-06,428,0.14686248331108148,-0.007509937380383656,0.035649415725646734,0.054112585973857985,0.004938458225617575,0.4666666666666667,0.5333333333333333,patch_10_stride_5,20260825
confirmatory_2026,2026-04-13,428,-0.38702832329306974,-0.05766889305196686,-0.1514194522856893,0.05883699292067377,0.006088245300733177,0.8666666666666667,0.13333333333333333,patch_10_stride_5,20260825
confirmatory_2026,2026-04-20,428,0.44063367305285495,0.05721481496965196,0.09517217954850003,0.04343894772791252,0.00357369587120527,0.6,0.4,patch_10_stride_5,20260825
confirmatory_2026,2026-04-27,428,0.1906951635770389,-0.006923788390098695,-0.006684790648074753,0.03822979071918197,0.0033039653551643366,0.7333333333333333,0.26666666666666666,patch_10_stride_5,20260825
confirmatory_2026,2026-05-04,428,0.08846997953785146,0.03905790812566934,0.06784779316971588,0.05065700920277418,0.005832193697291201,0.7333333333333333,0.26666666666666666,patch_10_stride_5,20260825
confirmatory_2026,2026-05-11,428,0.2550018198454812,-0.005014503494634667,0.026848590858878005,0.045533153524979976,0.0036412297137616576,0.6666666666666666,0.3333333333333333,patch_10_stride_5,20260825
confirmatory_2026,2026-05-18,428,-0.1013063847444114,0.06405910516788693,0.056580196323686625,0.04674830486080968,0.003969040733734458,0.8666666666666667,0.13333333333333333,patch_10_stride_5,20260825
confirmatory_2026,2026-05-25,428,0.16875035490019405,0.13194002571797223,0.14207846255403492,0.05641255372468429,0.007515077258199863,0.8,0.2,patch_10_stride_5,20260825
confirmatory_2026,2026-06-01,428,-0.2434175293069119,-0.03748366755652714,-0.044637365807468146,0.04563692117919786,0.0038237424212083657,0.8,0.2,patch_10_stride_5,20260825
confirmatory_2026,2026-06-08,428,0.1534374924906563,0.07417811923791363,0.07934201229632656,0.037582226044565854,0.002988339570905046,0.8,0.2,patch_10_stride_5,20260825
confirmatory_2026,2026-06-15,428,0.32084761878414314,0.15954244371847606,0.18445438291236843,0.046943593948211196,0.004135338231755814,0.8666666666666667,0.13333333333333333,patch_10_stride_5,20260825
confirmatory_2026,2026-06-22,428,-0.18448993935434876,-0.07301642520105281,-0.09077490902429972,0.058188590263913556,0.005900612933472612,0.8666666666666667,0.13333333333333333,patch_10_stride_5,20260825
confirmatory_2026,2026-06-29,429,-0.10594770770217596,-0.05873135366353584,-0.05435238304600311,0.0460997022097573,0.004200377016345278,0.9333333333333333,0.06666666666666667,patch_10_stride_5,20260825
confirmatory_2026,2026-07-06,429,0.012754296344820145,0.006530741794048762,-0.024992334958525025,0.0368088722455996,0.0024082868589077543,0.8,0.2,patch_10_stride_5,20260825
confirmatory_2026,2026-07-13,429,-0.23954932266168955,-0.07787350075665171,-0.07364461508591501,0.046977406244543315,0.005050879180337433,0.7333333333333333,0.26666666666666666,patch_10_stride_5,20260825
confirmatory_2026,2026-07-20,429,-0.175868122314547,0.001678673341097536,-0.013473591730340198,0.03680768451490144,0.0026480001142384153,0.8,0.2,patch_10_stride_5,20260825
confirmatory_2026,2026-07-27,429,-0.06876948307072193,-0.055563573558366885,-0.06177825207559683,0.050094759173600394,0.005163763064065618,0.7333333333333333,0.26666666666666666,patch_10_stride_5,20260825
confirmatory_2026,2026-08-03,429,-0.043490545533579665,0.027161794943876695,0.03118027815958674,0.058675036256640126,0.0081993236371907,0.7333333333333333,0.26666666666666666,patch_10_stride_5,20260825
confirmatory_2026,2026-08-10,427,-0.013446852402911416,0.05358762943061621,0.043571640280665264,0.03557605539403498,0.0025194898776765206,0.6,0.4,patch_10_stride_5,20260825
confirmatory_2026,2026-08-17,427,-0.0741344034792484,-0.03777299836181223,-0.05549998465616762,0.04435225781256036,0.0035782809492230358,0.7333333333333333,0.26666666666666666,patch_10_stride_5,20260825
confirmatory_2026,2026-01-12,426,0.16658166937982768,0.04141293233271984,0.039392488701020315,0.03561148910953237,0.0024089166834059803,,,patch_16_stride_8,20260823
confirmatory_2026,2026-01-19,426,0.07755035516862022,0.0445544492455727,0.06255973074411478,0.03302549529297166,0.002073076988821677,0.7333333333333333,0.26666666666666666,patch_16_stride_8,20260823
confirmatory_2026,2026-01-26,427,0.22134985491314674,0.007382637536638922,0.07189601948108419,0.03592785029299049,0.002584470282143623,0.6666666666666666,0.3333333333333333,patch_16_stride_8,20260823
confirmatory_2026,2026-02-02,427,0.22284650140771087,0.01769779956669359,0.06672407966491783,0.05847684803956319,0.0057646863869017665,0.4666666666666667,0.5333333333333333,patch_16_stride_8,20260823
confirmatory_2026,2026-02-09,427,0.15012520349614156,0.0057827429540795155,0.029388772346779616,0.045374393034739995,0.003990815215332137,0.6666666666666666,0.3333333333333333,patch_16_stride_8,20260823
confirmatory_2026,2026-02-16,427,0.11145223229418778,0.04442597519500137,0.025850935529657632,0.03886759633622759,0.003057570551290896,0.6,0.4,patch_16_stride_8,20260823
confirmatory_2026,2026-02-23,427,-0.008225544472596264,0.015797365345228416,0.004698279160585239,0.03510844926837864,0.0025073512271171117,0.6,0.4,patch_16_stride_8,20260823
confirmatory_2026,2026-03-02,427,-0.40774322663420387,-0.07590033454297676,-0.1865330645561773,0.07873741709939806,0.008904299981035027,0.26666666666666666,0.7333333333333333,patch_16_stride_8,20260823
confirmatory_2026,2026-03-09,427,0.2064841939641526,0.056696955713257086,0.08189962287600788,0.044182087037987816,0.002946755474944528,0.4,0.6,patch_16_stride_8,20260823
confirmatory_2026,2026-03-16,427,0.08753332003665935,0.05270322726472332,0.0695920084216789,0.035733522153039626,0.0023153363605906314,0.5333333333333333,0.4666666666666667,patch_16_stride_8,20260823
confirmatory_2026,2026-03-23,428,0.21797668464432338,0.015296351938347857,0.06831057336796972,0.03439348106132793,0.0021990527938041803,0.6666666666666666,0.3333333333333333,patch_16_stride_8,20260823
confirmatory_2026,2026-03-30,428,-0.036277649116625676,0.000238347264939473,-0.01879451452989632,0.04977750066300038,0.0036912984249097888,0.6,0.4,patch_16_stride_8,20260823
confirmatory_2026,2026-04-06,428,0.1906463384937416,0.010200182009053448,0.0789886887436339,0.052100355547982945,0.00471035110441786,0.5333333333333333,0.4666666666666667,patch_16_stride_8,20260823
confirmatory_2026,2026-04-13,428,-0.3692595132766728,-0.004477079915531049,-0.10366920749337241,0.058978599009953066,0.006181038541510416,0.4,0.6,patch_16_stride_8,20260823
confirmatory_2026,2026-04-20,428,0.43371949025388584,0.039127519222295126,0.05212162800903916,0.043627096243238905,0.0036368975227701345,0.5333333333333333,0.4666666666666667,patch_16_stride_8,20260823
confirmatory_2026,2026-04-27,428,0.17419657100980834,0.008126596515401803,0.0008331824246155112,0.03852959287257292,0.003330255112329483,0.6666666666666666,0.3333333333333333,patch_16_stride_8,20260823
confirmatory_2026,2026-05-04,428,0.039675507578066184,0.05549947302043875,0.062174342361667675,0.05112650671687377,0.006006446974230656,0.6666666666666666,0.3333333333333333,patch_16_stride_8,20260823
confirmatory_2026,2026-05-11,428,0.3018924555546882,0.004172478415892383,0.0255465058442357,0.043883920295106106,0.0034485966670489794,0.5333333333333333,0.4666666666666667,patch_16_stride_8,20260823
confirmatory_2026,2026-05-18,428,-0.15503601653440785,0.03060438799379403,0.02620552728842987,0.048702005732038915,0.004291301591507779,0.7333333333333333,0.26666666666666666,patch_16_stride_8,20260823
confirmatory_2026,2026-05-25,428,0.09892788382140306,0.12763757164180758,0.1296278202044675,0.05759203493915124,0.0077707557234278635,0.6666666666666666,0.3333333333333333,patch_16_stride_8,20260823
confirmatory_2026,2026-06-01,428,-0.31550340267974714,-0.019934309241648136,-0.03562711023785186,0.04818141635367196,0.004371966231433288,0.6666666666666666,0.3333333333333333,patch_16_stride_8,20260823
confirmatory_2026,2026-06-08,428,0.23186220857432746,0.0557259724866067,0.05640846329944512,0.03712746227066562,0.003023455262269224,0.8,0.2,patch_16_stride_8,20260823
confirmatory_2026,2026-06-15,428,0.3738923239275024,0.13342807410839203,0.16832553387167065,0.04683798446047218,0.004123828334140992,0.8666666666666667,0.13333333333333333,patch_16_stride_8,20260823
confirmatory_2026,2026-06-22,428,-0.21146602746112478,-0.06807501505711112,-0.06434885092155065,0.06024877393397966,0.006281550687192658,0.7333333333333333,0.26666666666666666,patch_16_stride_8,20260823
confirmatory_2026,2026-06-29,429,-0.1494268557240847,-0.05750217354097961,-0.07759801172654135,0.04705665248977634,0.004317972325899267,0.9333333333333333,0.06666666666666667,patch_16_stride_8,20260823
confirmatory_2026,2026-07-06,429,-0.05422536602714825,0.011795338487232587,-0.021484883499421556,0.03701410965890577,0.0024144541612185254,0.8,0.2,patch_16_stride_8,20260823
confirmatory_2026,2026-07-13,429,-0.21914907522384158,-0.060087965099013166,-0.05799078795234078,0.045740164137310343,0.004498061986451096,0.5333333333333333,0.4666666666666667,patch_16_stride_8,20260823
confirmatory_2026,2026-07-20,429,-0.07302957855011757,-0.012347928775477593,-0.023400350082063395,0.03592699536205169,0.0024968998079688363,0.7333333333333333,0.26666666666666666,patch_16_stride_8,20260823
confirmatory_2026,2026-07-27,429,-0.11853367236979495,-0.048657322491776386,-0.06382987718096833,0.050492353028222435,0.005472815905273843,0.8666666666666667,0.13333333333333333,patch_16_stride_8,20260823
confirmatory_2026,2026-08-03,429,0.00622698318851329,0.011015383701891486,-0.03239869258097225,0.05794986662780924,0.008310451734091926,0.7333333333333333,0.26666666666666666,patch_16_stride_8,20260823
confirmatory_2026,2026-08-10,427,-0.05318150668990194,0.03070315092505326,0.03205672021336049,0.03637985260639957,0.0026681338218827915,0.4666666666666667,0.5333333333333333,patch_16_stride_8,20260823
confirmatory_2026,2026-08-17,427,-0.09121759821993089,-0.023357759919370537,-0.0306461663280269,0.0454450768604974,0.0036825580141954706,0.6666666666666666,0.3333333333333333,patch_16_stride_8,20260823
confirmatory_2026,2026-01-12,426,0.16853607663337788,0.03781143470174864,0.040923815723462424,0.03540605967099358,0.0023827122411116414,,,patch_16_stride_8,20260824
confirmatory_2026,2026-01-19,426,0.07956529922058873,0.03621832439887024,0.04544121242353801,0.0329493778758911,0.0020618600858032916,0.7333333333333333,0.26666666666666666,patch_16_stride_8,20260824
confirmatory_2026,2026-01-26,427,0.21181909905888527,0.03192432944464089,0.11126951603055019,0.036388052435471885,0.0025893082717931043,0.6666666666666666,0.3333333333333333,patch_16_stride_8,20260824
confirmatory_2026,2026-02-02,427,0.20874118620101179,0.025765525033658133,0.06457563415683464,0.05821178034608984,0.005730172017875043,0.5333333333333333,0.4666666666666667,patch_16_stride_8,20260824
confirmatory_2026,2026-02-09,427,0.16523439703642417,0.017479298574806894,0.04046755279817268,0.04494163962026752,0.003933738381512201,0.6666666666666666,0.3333333333333333,patch_16_stride_8,20260824
confirmatory_2026,2026-02-16,427,0.11039578978390027,0.03501193398524041,0.04660534893132092,0.03859950392417773,0.002893233665510579,0.6,0.4,patch_16_stride_8,20260824
confirmatory_2026,2026-02-23,427,-0.0052633866628605695,0.0052733603960552775,0.0028787982661066212,0.03465865861630307,0.002451391857426314,0.6666666666666666,0.3333333333333333,patch_16_stride_8,20260824
confirmatory_2026,2026-03-02,427,-0.47671936321467956,-0.08552164735048173,-0.20119472733989296,0.08068077023128406,0.009282861831789613,0.5333333333333333,0.4666666666666667,patch_16_stride_8,20260824
confirmatory_2026,2026-03-09,427,0.22701060044964133,0.07598071519095606,0.10949572079395462,0.044615040577011635,0.0029653699160954125,0.4666666666666667,0.5333333333333333,patch_16_stride_8,20260824
confirmatory_2026,2026-03-16,427,0.06362412255053224,0.050784209256230145,0.06162991940228009,0.03631189809177086,0.0023862435248351594,0.4666666666666667,0.5333333333333333,patch_16_stride_8,20260824
confirmatory_2026,2026-03-23,428,0.2064127922947589,0.021603052706313398,0.06286018123929597,0.03475450431662928,0.0021990975926325655,0.7333333333333333,0.26666666666666666,patch_16_stride_8,20260824
confirmatory_2026,2026-03-30,428,-0.026018718526762043,0.008611691841662848,-0.01908253826336971,0.04775609979040948,0.0034511174244330487,0.7333333333333333,0.26666666666666666,patch_16_stride_8,20260824
confirmatory_2026,2026-04-06,428,0.18669931263772233,0.002653722200105936,0.09686393953337163,0.05204819512977589,0.004627566199820463,0.8,0.2,patch_16_stride_8,20260824
confirmatory_2026,2026-04-13,428,-0.3777668631353326,-0.00425906148464994,-0.08294821989119362,0.058047256826249054,0.006011837737996137,0.6,0.4,patch_16_stride_8,20260824
confirmatory_2026,2026-04-20,428,0.4353927059611141,0.0503358016267797,0.04987993646315884,0.044250238764662116,0.0036914660746813076,0.7333333333333333,0.26666666666666666,patch_16_stride_8,20260824
confirmatory_2026,2026-04-27,428,0.17459298783030974,0.021343521205418044,0.006144841762736192,0.03843230298025988,0.0033467062233376314,0.7333333333333333,0.26666666666666666,patch_16_stride_8,20260824
confirmatory_2026,2026-05-04,428,0.11951768164423292,0.0653346386958413,0.09895828468291139,0.049820542401344016,0.005720929467944897,0.7333333333333333,0.26666666666666666,patch_16_stride_8,20260824
confirmatory_2026,2026-05-11,428,0.2119336247739589,0.011886479000420662,0.014207906897263672,0.04574535435199484,0.0037124436990114778,0.6666666666666666,0.3333333333333333,patch_16_stride_8,20260824
confirmatory_2026,2026-05-18,428,-0.14691452258481524,0.02222621276247705,0.0006418122091876102,0.048893392816726625,0.004326297719985633,0.6,0.4,patch_16_stride_8,20260824
confirmatory_2026,2026-05-25,428,0.11025805816674518,0.09215702653032345,0.0870593223268717,0.057407743531832346,0.0077574221900945295,0.6,0.4,patch_16_stride_8,20260824
confirmatory_2026,2026-06-01,428,-0.25996295722050283,-0.028122586606165755,-0.038753324879654764,0.047288103250710735,0.004203296322657418,0.6666666666666666,0.3333333333333333,patch_16_stride_8,20260824
confirmatory_2026,2026-06-08,428,0.1981358613808438,0.05944809882907991,0.04980212745509982,0.03732567633112215,0.0030388434198935495,0.8,0.2,patch_16_stride_8,20260824
confirmatory_2026,2026-06-15,428,0.3601348995777819,0.11364000658076065,0.14630321892407433,0.04736625200550415,0.00417762599556349,0.8666666666666667,0.13333333333333333,patch_16_stride_8,20260824
confirmatory_2026,2026-06-22,428,-0.21090813583536122,-0.07461118984862831,-0.08202560999870558,0.059352462678339483,0.006061032405492263,0.8666666666666667,0.13333333333333333,patch_16_stride_8,20260824
confirmatory_2026,2026-06-29,429,-0.14819369414195824,-0.05750217354097961,-0.05374073082189282,0.04677010317447713,0.004307374387614014,0.8666666666666667,0.13333333333333333,patch_16_stride_8,20260824
confirmatory_2026,2026-07-06,429,-0.01963635147725563,0.02268421296479662,0.01586922671972924,0.037040931153732824,0.002434957607245929,0.9333333333333333,0.06666666666666667,patch_16_stride_8,20260824
confirmatory_2026,2026-07-13,429,-0.2823159453022526,-0.08207837628402563,-0.0932511137249818,0.04676031254224822,0.004775745529978453,0.6666666666666666,0.3333333333333333,patch_16_stride_8,20260824
confirmatory_2026,2026-07-20,429,-0.07483976575478422,-0.011483444580304196,-0.03107790901683802,0.03596461511645363,0.002511965642041473,0.7333333333333333,0.26666666666666666,patch_16_stride_8,20260824
confirmatory_2026,2026-07-27,429,-0.12992234889648496,-0.054728457116710955,-0.068099001328047,0.05031776517885034,0.005491913527179259,0.8666666666666667,0.13333333333333333,patch_16_stride_8,20260824
confirmatory_2026,2026-08-03,429,-0.04537839904064639,0.015000374574544756,-0.038502841901210456,0.05833137662732118,0.008409726803199775,0.8666666666666667,0.13333333333333333,patch_16_stride_8,20260824
confirmatory_2026,2026-08-10,427,-0.08842884178057467,0.029343704426984772,-0.012852456882122026,0.03652703802125707,0.0027003547365467566,0.6,0.4,patch_16_stride_8,20260824
confirmatory_2026,2026-08-17,427,-0.06145806969902763,-0.029144479392405272,-0.046431263036384174,0.04574557421443279,0.0037242070723698117,0.7333333333333333,0.26666666666666666,patch_16_stride_8,20260824
confirmatory_2026,2026-01-12,426,0.17673943370929532,0.030342846525550856,0.029566804895534746,0.035561294704303595,0.0024042540300260816,,,patch_16_stride_8,20260825
confirmatory_2026,2026-01-19,426,0.09958031700327326,0.04104902250629722,0.06114851790444198,0.032805048316654525,0.0020443537478608154,0.7333333333333333,0.26666666666666666,patch_16_stride_8,20260825
confirmatory_2026,2026-01-26,427,0.2176870014325265,0.010768497953594715,0.07882845341888327,0.03607162702534842,0.002587541402711955,0.6,0.4,patch_16_stride_8,20260825
confirmatory_2026,2026-02-02,427,0.23271573673695306,0.021894097889697827,0.0678324359951815,0.0580228287806729,0.005700481086634684,0.6,0.4,patch_16_stride_8,20260825
confirmatory_2026,2026-02-09,427,0.15782283713002696,0.0031596478972386616,0.011628835218863638,0.04521935703956827,0.003964066401348031,0.6,0.4,patch_16_stride_8,20260825
confirmatory_2026,2026-02-16,427,0.14320964857630536,0.03902128768413799,0.044258400786135375,0.03824493687382169,0.0028685406909328506,0.6666666666666666,0.3333333333333333,patch_16_stride_8,20260825
confirmatory_2026,2026-02-23,427,0.0074816911273062,0.02055098279035022,0.008466055942282752,0.03431605973465631,0.0024292229880318542,0.6,0.4,patch_16_stride_8,20260825
confirmatory_2026,2026-03-02,427,-0.4568740773120414,-0.09191212249296721,-0.20170416112526413,0.07935437195668305,0.009014320355867921,0.6666666666666666,0.3333333333333333,patch_16_stride_8,20260825
confirmatory_2026,2026-03-09,427,0.21859562461331494,0.06478763003591866,0.08296287247634199,0.043969832295838625,0.0029129764932267687,0.4,0.6,patch_16_stride_8,20260825
confirmatory_2026,2026-03-16,427,0.07901507405086255,0.05270322726472332,0.058285630971916955,0.03560046099400891,0.0023073423768005833,0.5333333333333333,0.4666666666666667,patch_16_stride_8,20260825
confirmatory_2026,2026-03-23,428,0.23530339108200654,0.01799591864442361,0.0716727722163503,0.0341569567618452,0.0021540400863807024,0.7333333333333333,0.26666666666666666,patch_16_stride_8,20260825
confirmatory_2026,2026-03-30,428,-0.008721323107718082,0.012488959009135214,-0.01541562674430541,0.04840641430233856,0.0035200678420138215,0.7333333333333333,0.26666666666666666,patch_16_stride_8,20260825
confirmatory_2026,2026-04-06,428,0.21084385202663125,0.006502797078434992,0.09986743638660037,0.0519513266623523,0.004646493515265329,0.6666666666666666,0.3333333333333333,patch_16_stride_8,20260825
confirmatory_2026,2026-04-13,428,-0.3782811336051723,-0.01886043001899144,-0.09936733017319803,0.05899464363611258,0.006176423576843854,0.6,0.4,patch_16_stride_8,20260825
confirmatory_2026,2026-04-20,428,0.422855067408461,0.057680724295581014,0.07026876441924775,0.04391338341720875,0.003653835494004503,0.6,0.4,patch_16_stride_8,20260825
confirmatory_2026,2026-04-27,428,0.18054781131232797,0.008126596515401806,-0.008341858558169154,0.03836233967609406,0.003331900994123939,0.6666666666666666,0.3333333333333333,patch_16_stride_8,20260825
confirmatory_2026,2026-05-04,428,0.08355915572094522,0.0562061920088214,0.09543820955252585,0.05019613502773794,0.005810459787255267,0.6,0.4,patch_16_stride_8,20260825
confirmatory_2026,2026-05-11,428,0.2567610547573715,0.0015962772308964965,0.02281343752702672,0.04494516023129792,0.0035792260040073895,0.6,0.4,patch_16_stride_8,20260825
confirmatory_2026,2026-05-18,428,-0.1672239205562325,0.030066309257313094,0.022873630834722575,0.04949805217445779,0.004404671488459661,0.6666666666666666,0.3333333333333333,patch_16_stride_8,20260825
confirmatory_2026,2026-05-25,428,0.12401632380183018,0.1184171768723673,0.12418288085736703,0.05715632775655969,0.007705598225211046,0.6,0.4,patch_16_stride_8,20260825
confirmatory_2026,2026-06-01,428,-0.2889027626272916,-0.017266157131770557,-0.03329501862194131,0.04760010827489318,0.004255961846194689,0.7333333333333333,0.26666666666666666,patch_16_stride_8,20260825
confirmatory_2026,2026-06-08,428,0.19304963460011723,0.05428751669332242,0.0337441821698353,0.037506592079011435,0.003070400057782192,0.8666666666666667,0.13333333333333333,patch_16_stride_8,20260825
confirmatory_2026,2026-06-15,428,0.3590181214150538,0.129935878772043,0.16230622226962504,0.0472284227428715,0.004144774087799711,0.8666666666666667,0.13333333333333333,patch_16_stride_8,20260825
confirmatory_2026,2026-06-22,428,-0.19946561788142914,-0.06807501505711111,-0.07250963853958545,0.059228993342064336,0.006013445269362796,0.8,0.2,patch_16_stride_8,20260825
confirmatory_2026,2026-06-29,429,-0.14694784149036635,-0.04542703246713191,-0.07240706423493372,0.04666413986035525,0.004248878816038006,0.8666666666666667,0.13333333333333333,patch_16_stride_8,20260825
confirmatory_2026,2026-07-06,429,-0.06312856888818637,0.008529232166005547,-0.006758897466432417,0.036840481582716765,0.002378427963187337,0.7333333333333333,0.26666666666666666,patch_16_stride_8,20260825
confirmatory_2026,2026-07-13,429,-0.2792123329832523,-0.10147100975007878,-0.12391434612779709,0.04663031704493238,0.004743486373768646,0.8666666666666667,0.13333333333333333,patch_16_stride_8,20260825
confirmatory_2026,2026-07-20,429,-0.08860022828725285,-0.011546853300758188,-0.01067210006225848,0.03588252116617937,0.0025083159290646465,0.6,0.4,patch_16_stride_8,20260825
confirmatory_2026,2026-07-27,429,-0.1296876781119337,-0.04235122643957802,-0.04960380521278862,0.050377320596167084,0.005497005068644197,0.8,0.2,patch_16_stride_8,20260825
confirmatory_2026,2026-08-03,429,-0.02669410572040435,0.016213533714892314,-0.026857997936231233,0.05810439199722323,0.008236718761390992,0.8,0.2,patch_16_stride_8,20260825
confirmatory_2026,2026-08-10,427,-0.094324950777131,0.022812492991751865,0.0001540899458204563,0.03710138086574979,0.0027493324714573403,0.5333333333333333,0.4666666666666667,patch_16_stride_8,20260825
confirmatory_2026,2026-08-17,427,-0.11106211344981179,-0.033768951267262766,-0.034272051074299176,0.04593896134520408,0.0037645302597685408,0.7333333333333333,0.26666666666666666,patch_16_stride_8,20260825
confirmatory_2026,2026-01-12,426,0.2100366907326311,0.03146139175007833,0.041533421863275945,0.035066797316278264,0.0023574749187624134,,,patch_8_stride_4,ensemble
confirmatory_2026,2026-01-19,426,0.07953270248297888,0.050856468646355735,0.06011029717499924,0.0330057179015955,0.0020433011737873187,0.7333333333333333,0.26666666666666666,patch_8_stride_4,ensemble
confirmatory_2026,2026-01-26,427,0.18104998922599486,0.02428983296774812,0.10017399375380567,0.03718404355589464,0.0026481186121027297,0.7333333333333333,0.26666666666666666,patch_8_stride_4,ensemble
confirmatory_2026,2026-02-02,427,0.2262430103834282,0.02642604738627988,0.06641278956980844,0.05756690716900837,0.005657424978768934,0.6,0.4,patch_8_stride_4,ensemble
confirmatory_2026,2026-02-09,427,0.1607433786108716,0.005400671016409831,0.010299689564979411,0.044956016820588966,0.003914130513288319,0.5333333333333333,0.4666666666666667,patch_8_stride_4,ensemble
confirmatory_2026,2026-02-16,427,0.07285616564408667,0.04533358304545815,0.03899361864991467,0.03987483139837339,0.003147907548081891,0.4,0.6,patch_8_stride_4,ensemble
confirmatory_2026,2026-02-23,427,-0.011417979302195893,0.01753803044223445,-0.003160785181945222,0.034115918806441034,0.0024069072906282426,0.7333333333333333,0.26666666666666666,patch_8_stride_4,ensemble
confirmatory_2026,2026-03-02,427,-0.4323830218941965,-0.07972049319824134,-0.20970867917025054,0.08010701433696166,0.009221989466716688,0.6,0.4,patch_8_stride_4,ensemble
confirmatory_2026,2026-03-09,427,0.24814167678046214,0.07896499766588937,0.08961876610799441,0.0443633106167124,0.0029707015324098095,0.4,0.6,patch_8_stride_4,ensemble
confirmatory_2026,2026-03-16,427,0.034207543406601704,0.03850772030347799,0.03919697130734068,0.03738789329718819,0.002467978444031247,0.5333333333333333,0.4666666666666667,patch_8_stride_4,ensemble
confirmatory_2026,2026-03-23,428,0.22740558917892256,0.012509735176810217,0.0724336094748237,0.035094863950624354,0.0022298094252095205,0.6666666666666666,0.3333333333333333,patch_8_stride_4,ensemble
confirmatory_2026,2026-03-30,428,-0.030727201402856376,-0.012118924606372369,-0.03687096298778518,0.04619781300237467,0.003333701456761036,0.6666666666666666,0.3333333333333333,patch_8_stride_4,ensemble
confirmatory_2026,2026-04-06,428,0.21640593204864694,0.031078179538626953,0.11140553270010319,0.051298363947933245,0.004537174263112111,0.8,0.2,patch_8_stride_4,ensemble
confirmatory_2026,2026-04-13,428,-0.37559085620982363,-0.01670839964638082,-0.10685926251564513,0.05709523414779828,0.00586832857801035,0.6666666666666666,0.3333333333333333,patch_8_stride_4,ensemble
confirmatory_2026,2026-04-20,428,0.44668660587153003,0.05485242875926033,0.0746177258330315,0.04372220289031775,0.003586925413708412,0.6,0.4,patch_8_stride_4,ensemble
confirmatory_2026,2026-04-27,428,0.19201374693944026,-0.011478750851551913,-0.04167193917248101,0.03853888681301385,0.0033430149886992683,0.6666666666666666,0.3333333333333333,patch_8_stride_4,ensemble
confirmatory_2026,2026-05-04,428,0.14614388216349303,0.06253282789758968,0.0977668036364407,0.049427142467264436,0.005596250637981159,0.6,0.4,patch_8_stride_4,ensemble
confirmatory_2026,2026-05-11,428,0.2260289320217231,0.009170991379542472,0.01563657116390623,0.04536698376347817,0.0036604598716589967,0.7333333333333333,0.26666666666666666,patch_8_stride_4,ensemble
confirmatory_2026,2026-05-18,428,-0.15940165243060908,0.02726574796876459,0.004059066854449969,0.04823794021642,0.0041843878847767435,0.8,0.2,patch_8_stride_4,ensemble
confirmatory_2026,2026-05-25,428,0.15776945591561803,0.12527736815844331,0.1288710270816632,0.05633632676613409,0.00754318660833779,0.8,0.2,patch_8_stride_4,ensemble
confirmatory_2026,2026-06-01,428,-0.21868831337193526,-0.018275580270783624,-0.046726347127813525,0.04604217109141356,0.0039531957499786725,0.8,0.2,patch_8_stride_4,ensemble
confirmatory_2026,2026-06-08,428,0.11040682926694878,0.06366122937264344,0.05171551927049992,0.038556321798270836,0.0031329727587189275,0.9333333333333333,0.06666666666666667,patch_8_stride_4,ensemble
confirmatory_2026,2026-06-15,428,0.38659006026109893,0.14010049545978812,0.16471605994730268,0.046485014277000004,0.00395426294586071,0.8666666666666667,0.13333333333333333,patch_8_stride_4,ensemble
confirmatory_2026,2026-06-22,428,-0.23873231104731032,-0.07461118984862833,-0.08588561813123777,0.05920380844277137,0.006039143398748955,0.9333333333333333,0.06666666666666667,patch_8_stride_4,ensemble
confirmatory_2026,2026-06-29,429,-0.18279380519261582,-0.0513980223284629,-0.07421861622676021,0.04738543048327514,0.004420459101149416,0.8666666666666667,0.13333333333333333,patch_8_stride_4,ensemble
confirmatory_2026,2026-07-06,429,-0.0025853303401662453,0.02514171048782126,0.018385856415212228,0.03611236189719672,0.002332354707775717,0.8666666666666667,0.13333333333333333,patch_8_stride_4,ensemble
confirmatory_2026,2026-07-13,429,-0.3139980211051718,-0.08807450360731849,-0.0820229472394874,0.04693458734583485,0.004990284546416763,0.6,0.4,patch_8_stride_4,ensemble
confirmatory_2026,2026-07-20,429,-0.06003757164374422,0.0013391493398037056,-0.005289557805356194,0.0358155423394533,0.00246124154329214,0.7333333333333333,0.26666666666666666,patch_8_stride_4,ensemble
confirmatory_2026,2026-07-27,429,-0.20408910802303543,-0.05620430484053866,-0.07640228066537869,0.05089906552483497,0.005630193200676481,0.6666666666666666,0.3333333333333333,patch_8_stride_4,ensemble
confirmatory_2026,2026-08-03,429,-0.04123001536607275,0.015690638445081534,0.010855186429924786,0.057390188973235105,0.008196668587531377,0.7333333333333333,0.26666666666666666,patch_8_stride_4,ensemble
confirmatory_2026,2026-08-10,427,-0.08900160577375699,0.028159071525211042,0.0011729591732760891,0.03644938704574938,0.0026424106765946787,0.4666666666666667,0.5333333333333333,patch_8_stride_4,ensemble
confirmatory_2026,2026-08-17,427,-0.020638308169840247,-0.01896409045295578,-0.009872407409130965,0.0451079327994472,0.0036073411745213666,0.5333333333333333,0.4666666666666667,patch_8_stride_4,ensemble
confirmatory_2026,2026-01-12,426,0.20835609607500352,0.03459205943255836,0.03701525322971486,0.03496756345881656,0.002361944242496424,,,patch_10_stride_5,ensemble
confirmatory_2026,2026-01-19,426,0.06824740147733072,0.04249273825635662,0.07601271995372,0.03324845302719295,0.002091795099540329,0.6666666666666666,0.3333333333333333,patch_10_stride_5,ensemble
confirmatory_2026,2026-01-26,427,0.19411612928682867,0.03326014974979973,0.08800924016645242,0.0365906700907646,0.002607509989274167,0.7333333333333333,0.26666666666666666,patch_10_stride_5,ensemble
confirmatory_2026,2026-02-02,427,0.2336665927848383,0.04302858392978247,0.08897903491577515,0.05749801556021796,0.005622315489766083,0.7333333333333333,0.26666666666666666,patch_10_stride_5,ensemble
confirmatory_2026,2026-02-09,427,0.1564091150241421,-0.001339361297156401,0.011851134595939056,0.0451211322029757,0.003946644626301327,0.9333333333333333,0.06666666666666667,patch_10_stride_5,ensemble
confirmatory_2026,2026-02-16,427,0.1893140673364532,0.04972815129852821,0.08271023874979821,0.03717558218155839,0.0026908233225101043,0.8,0.2,patch_10_stride_5,ensemble
confirmatory_2026,2026-02-23,427,0.010950951611307188,0.001987398878318363,0.007804128206609415,0.034035975820939146,0.002365425072442735,0.6666666666666666,0.3333333333333333,patch_10_stride_5,ensemble
confirmatory_2026,2026-03-02,427,-0.49638646957584326,-0.08058382481572998,-0.2026099491872696,0.07840290306843534,0.00890189206258259,0.7333333333333333,0.26666666666666666,patch_10_stride_5,ensemble
confirmatory_2026,2026-03-09,427,0.2394447888495366,0.09642082857406974,0.1221776655598575,0.04438051488930963,0.0029476978622830505,0.8,0.2,patch_10_stride_5,ensemble
confirmatory_2026,2026-03-16,427,0.06444781759347258,0.03519352450474818,0.038758519838689734,0.03740710111226853,0.0024707632741827966,0.8666666666666667,0.13333333333333333,patch_10_stride_5,ensemble
confirmatory_2026,2026-03-23,428,0.28848232694539766,0.009518418935675453,0.07177493244979492,0.03413155095934189,0.002141253600883943,0.8,0.2,patch_10_stride_5,ensemble
confirmatory_2026,2026-03-30,428,-0.05013892190236607,-0.005807077657425625,-0.03401291456635441,0.048812798596165,0.0036234382252120748,0.7333333333333333,0.26666666666666666,patch_10_stride_5,ensemble
confirmatory_2026,2026-04-06,428,0.2143737984093431,0.004786407746774357,0.0647583967150887,0.052864412625510226,0.0047047802251500405,0.7333333333333333,0.26666666666666666,patch_10_stride_5,ensemble
confirmatory_2026,2026-04-13,428,-0.3652694784914794,-0.03580998784209406,-0.10771120925551377,0.057534751265754164,0.005880529203048063,0.7333333333333333,0.26666666666666666,patch_10_stride_5,ensemble
confirmatory_2026,2026-04-20,428,0.42291062698600623,0.06943919601369733,0.08990898108617672,0.044099973134083134,0.0036247065667344863,0.7333333333333333,0.26666666666666666,patch_10_stride_5,ensemble
confirmatory_2026,2026-04-27,428,0.18133482879920754,-0.003185632436058677,0.0012106693889409425,0.03842453672374407,0.0033238499439232193,0.7333333333333333,0.26666666666666666,patch_10_stride_5,ensemble
confirmatory_2026,2026-05-04,428,0.12559479741952548,0.0576767595493398,0.06702366116280098,0.04994470562729503,0.0057301564004518255,0.7333333333333333,0.26666666666666666,patch_10_stride_5,ensemble
confirmatory_2026,2026-05-11,428,0.2524456181521212,0.009170991379542474,0.034891986777810496,0.04556005658656133,0.0036357816449960113,0.6666666666666666,0.3333333333333333,patch_10_stride_5,ensemble
confirmatory_2026,2026-05-18,428,-0.11644261973662925,0.07330706822514652,0.056564063469983994,0.046229925913439676,0.003928663925875411,0.8666666666666667,0.13333333333333333,patch_10_stride_5,ensemble
confirmatory_2026,2026-05-25,428,0.1744289110613609,0.13709910569484463,0.14590259657949373,0.056193253618160834,0.007528097650796084,0.8,0.2,patch_10_stride_5,ensemble
confirmatory_2026,2026-06-01,428,-0.2510871999151454,-0.03607273783237769,-0.06630198509269553,0.04591802629061197,0.003893139079226657,0.8,0.2,patch_10_stride_5,ensemble
confirmatory_2026,2026-06-08,428,0.16215131582068923,0.07417811923791362,0.07182325067568268,0.03767898710729339,0.003017626639779395,0.8666666666666667,0.13333333333333333,patch_10_stride_5,ensemble
confirmatory_2026,2026-06-15,428,0.38111262037765464,0.13644385966983252,0.16780820591099485,0.04669594651185882,0.00406843282106015,0.8666666666666667,0.13333333333333333,patch_10_stride_5,ensemble
confirmatory_2026,2026-06-22,428,-0.2449370760999381,-0.07003614558495377,-0.0775986853663806,0.06031494601198021,0.006373309389619215,0.8,0.2,patch_10_stride_5,ensemble
confirmatory_2026,2026-06-29,429,-0.12698159745531148,-0.0684659948058707,-0.07274274243599674,0.04762228924088743,0.004569919768589404,0.8666666666666667,0.13333333333333333,patch_10_stride_5,ensemble
confirmatory_2026,2026-07-06,429,0.004168142225086368,0.02514171048782126,-0.0033427120804304933,0.03625571267526798,0.0023349033384957984,0.8,0.2,patch_10_stride_5,ensemble
confirmatory_2026,2026-07-13,429,-0.2555274545059375,-0.08601276682786473,-0.08356681055106083,0.04683638659371095,0.004948716955522782,0.6666666666666666,0.3333333333333333,patch_10_stride_5,ensemble
confirmatory_2026,2026-07-20,429,-0.09502905266869623,0.0056898243568315,-0.0016792131352457121,0.036020884803756495,0.0025155441080346105,0.8,0.2,patch_10_stride_5,ensemble
confirmatory_2026,2026-07-27,429,-0.14837820297502974,-0.05657601522342534,-0.07013495312333456,0.050339710332665995,0.005308285505355647,0.8666666666666667,0.13333333333333333,patch_10_stride_5,ensemble
confirmatory_2026,2026-08-03,429,-0.02757852883912436,0.07021775190498708,0.06369287256626077,0.057228345466070585,0.007850256387005736,0.7333333333333333,0.26666666666666666,patch_10_stride_5,ensemble
confirmatory_2026,2026-08-10,427,-0.00847354696587677,0.04268221645269498,0.03130410320710049,0.035557597595825226,0.00251271377486103,0.5333333333333333,0.4666666666666667,patch_10_stride_5,ensemble
confirmatory_2026,2026-08-17,427,-0.08845689426893828,-0.03802829168993983,-0.054319486161684,0.04527566337630117,0.003676317745104759,0.7333333333333333,0.26666666666666666,patch_10_stride_5,ensemble
confirmatory_2026,2026-01-12,426,0.17400425697870928,0.03781143470174866,0.04092381572346244,0.035515447358878495,0.0023948378824556376,,,patch_16_stride_8,ensemble
confirmatory_2026,2026-01-19,426,0.08588797975897816,0.03143274870283122,0.049438030201373294,0.0328866133248,0.002056695966560921,0.8,0.2,patch_16_stride_8,ensemble
confirmatory_2026,2026-01-26,427,0.21762118597905808,0.013033125057300574,0.0918399092060071,0.036072120619867545,0.0025835563416284854,0.6666666666666666,0.3333333333333333,patch_16_stride_8,ensemble
confirmatory_2026,2026-02-02,427,0.22310883841427606,0.024554181475419854,0.07049251958090352,0.0582243740932286,0.005728882627169272,0.5333333333333333,0.4666666666666667,patch_16_stride_8,ensemble
confirmatory_2026,2026-02-09,427,0.15654290381479932,0.016957094567969386,0.03184080055920268,0.04513845399372572,0.003956883402725818,0.7333333333333333,0.26666666666666666,patch_16_stride_8,ensemble
confirmatory_2026,2026-02-16,427,0.12705850546823147,0.03902128768413799,0.03916588325817497,0.03853238140654924,0.002922269508152469,0.6666666666666666,0.3333333333333333,patch_16_stride_8,ensemble
confirmatory_2026,2026-02-23,427,-0.0010789418601389244,0.0016996427564886533,-0.0033502003606543825,0.034615473945637444,0.00245576167513367,0.6,0.4,patch_16_stride_8,ensemble
confirmatory_2026,2026-03-02,427,-0.4505218841777492,-0.08504208834981786,-0.21303558972517095,0.07958445201351513,0.00905785328673038,0.4666666666666667,0.5333333333333333,patch_16_stride_8,ensemble
confirmatory_2026,2026-03-09,427,0.2185945456714548,0.058127129767454794,0.0887098883862696,0.044233942601791094,0.002935525269354967,0.5333333333333333,0.4666666666666667,patch_16_stride_8,ensemble
confirmatory_2026,2026-03-16,427,0.0785227682935363,0.05270322726472332,0.0620692391532758,0.03583211922364659,0.002329431158341693,0.5333333333333333,0.4666666666666667,patch_16_stride_8,ensemble
confirmatory_2026,2026-03-23,428,0.22152400309679623,0.021603052706313394,0.07524993196174931,0.034402351725071195,0.002180050783484179,0.7333333333333333,0.26666666666666666,patch_16_stride_8,ensemble
confirmatory_2026,2026-03-30,428,-0.022222606564570715,0.0057890221740924536,-0.019233161794055022,0.04860858856408727,0.003548132939702601,0.8,0.2,patch_16_stride_8,ensemble
confirmatory_2026,2026-04-06,428,0.20127306430355305,0.004617339566969046,0.09090493577415648,0.052011751127821415,0.004655913753644039,0.7333333333333333,0.26666666666666666,patch_16_stride_8,ensemble
confirmatory_2026,2026-04-13,428,-0.3782185334200042,-0.02069558951684111,-0.10798617276732496,0.05864799027859341,0.006117840924303492,0.6,0.4,patch_16_stride_8,ensemble
confirmatory_2026,2026-04-20,428,0.43161419551797986,0.060308894430769235,0.0654455472879944,0.04387984970091359,0.003652545909162646,0.6666666666666666,0.3333333333333333,patch_16_stride_8,ensemble
confirmatory_2026,2026-04-27,428,0.1784428226897968,0.008126596515401803,0.0002560987833112767,0.038410667171514985,0.003332776669138154,0.7333333333333333,0.26666666666666666,patch_16_stride_8,ensemble
confirmatory_2026,2026-05-04,428,0.07865491334159942,0.055499473020438735,0.07850483541568942,0.050341949298772996,0.005839563537875893,0.6666666666666666,0.3333333333333333,patch_16_stride_8,ensemble
confirmatory_2026,2026-05-11,428,0.2604445198164938,0.0015962772308964965,0.006463740945468303,0.04482236314830767,0.0035741879064730506,0.5333333333333333,0.4666666666666667,patch_16_stride_8,ensemble
confirmatory_2026,2026-05-18,428,-0.1579263390202566,0.026204420055555684,0.018577249698255846,0.04901536069686252,0.004336458891615646,0.6666666666666666,0.3333333333333333,patch_16_stride_8,ensemble
confirmatory_2026,2026-05-25,428,0.11380744274876343,0.12763757164180758,0.11871811904217126,0.0573657957479828,0.007737517905650829,0.6666666666666666,0.3333333333333333,patch_16_stride_8,ensemble
confirmatory_2026,2026-06-01,428,-0.29193879507959486,-0.017266157131770557,-0.019124360785462494,0.047649880058722324,0.004270987448128121,0.6666666666666666,0.3333333333333333,patch_16_stride_8,ensemble
confirmatory_2026,2026-06-08,428,0.2080879133123656,0.05428751669332242,0.04505993145568582,0.03728091235008192,0.003039517766654608,0.8666666666666667,0.13333333333333333,patch_16_stride_8,ensemble
confirmatory_2026,2026-06-15,428,0.36452441248518674,0.11713220191710969,0.15334779868470963,0.04712445049822371,0.0041445529214917225,0.9333333333333333,0.06666666666666667,patch_16_stride_8,ensemble
confirmatory_2026,2026-06-22,428,-0.21111185428636023,-0.06807501505711112,-0.07250963853958546,0.059594187140334265,0.006105908265031068,0.7333333333333333,0.26666666666666666,patch_16_stride_8,ensemble
confirmatory_2026,2026-06-29,429,-0.14985782012491294,-0.058130905781048736,-0.07294121802110493,0.04681018570117168,0.004284672237034475,0.8666666666666667,0.13333333333333333,patch_16_stride_8,ensemble
confirmatory_2026,2026-07-06,429,-0.04588740969962444,0.019184266741934818,0.0026444254020369026,0.036770320403007255,0.0023937398284833073,0.7333333333333333,0.26666666666666666,patch_16_stride_8,ensemble
confirmatory_2026,2026-07-13,429,-0.26394094929196,-0.08733160864427196,-0.09482522826719995,0.04635520006050331,0.004666855748039474,0.6666666666666666,0.3333333333333333,patch_16_stride_8,ensemble
confirmatory_2026,2026-07-20,429,-0.07820859861720544,-0.011546853300758185,-0.02753970555518178,0.03585187801099708,0.002500126663366625,0.6666666666666666,0.3333333333333333,patch_16_stride_8,ensemble
confirmatory_2026,2026-07-27,429,-0.1282454559133542,-0.048657322491776386,-0.06382987718096834,0.05037315026630889,0.0054814771939182445,0.8666666666666667,0.13333333333333333,patch_16_stride_8,ensemble
confirmatory_2026,2026-08-03,429,-0.02372348364523979,0.022794284167305452,-0.03073057730822612,0.05810494688167873,0.008314100245200035,0.8,0.2,patch_16_stride_8,ensemble
confirmatory_2026,2026-08-10,427,-0.08134836289068868,0.01896914107060227,0.003197417501890204,0.03662593652101261,0.0026993162857947084,0.5333333333333333,0.4666666666666667,patch_16_stride_8,ensemble
confirmatory_2026,2026-08-17,427,-0.08832033105635498,-0.030119032562690246,-0.04202870816270893,0.04565791349886013,0.0037165956136308025,0.6666666666666666,0.3333333333333333,patch_16_stride_8,ensemble
confirmatory_2026,2026-01-12,426,0.07144110565029521,0.04340373541252859,0.056294204820798846,0.03556769907367362,0.002333312620051842,,,causal_historical_mean,control
confirmatory_2026,2026-01-19,426,-0.0273175407313699,0.018835055052055016,0.01330197796633816,0.03259655904174737,0.002096527664655221,1.0,0.0,causal_historical_mean,control
confirmatory_2026,2026-01-26,427,-0.04551007592976273,0.024130639264249226,0.03885079438969878,0.03706444512045472,0.0026734052904172105,0.9333333333333333,0.06666666666666667,causal_historical_mean,control
confirmatory_2026,2026-02-02,427,-0.1270766933453024,-0.011165153045268116,-0.023494182971814305,0.06045298334113813,0.006168606924659053,1.0,0.0,causal_historical_mean,control
confirmatory_2026,2026-02-09,427,0.017991509652368017,0.027179687761057683,0.011036117112171867,0.045407012336420804,0.003996106629778471,0.8,0.2,causal_historical_mean,control
confirmatory_2026,2026-02-16,427,0.12383955949578272,0.005755568370132824,0.01733213624233205,0.0360762228727185,0.0026814696797493034,0.9333333333333333,0.06666666666666667,causal_historical_mean,control
confirmatory_2026,2026-02-23,427,-0.0016327473034930897,0.0069030732339596225,0.021964372219575465,0.03151106097833538,0.0021037119491450246,0.9333333333333333,0.06666666666666667,causal_historical_mean,control
confirmatory_2026,2026-03-02,427,-0.07739265376231651,-0.052019541579148586,-0.08271342290882928,0.06942054919546273,0.006800875195080614,1.0,0.0,causal_historical_mean,control
confirmatory_2026,2026-03-09,427,0.1412613878459974,0.04926926596133212,0.04128849441295012,0.04472954500330584,0.0030636213474359328,0.8,0.2,causal_historical_mean,control
confirmatory_2026,2026-03-16,427,0.02738585642859763,0.022956237646596187,0.01940959895163315,0.03642342528318496,0.0023541297954259937,0.9333333333333333,0.06666666666666667,causal_historical_mean,control
confirmatory_2026,2026-03-23,428,-0.11072075276955139,-0.012765549059241005,-0.011691468552001887,0.03578905704922667,0.0023248477382498056,1.0,0.0,causal_historical_mean,control
confirmatory_2026,2026-03-30,428,0.2289858142470369,0.03087460274823442,0.04091859608713158,0.0434388782101628,0.0030048777295286233,1.0,0.0,causal_historical_mean,control
confirmatory_2026,2026-04-06,428,0.2555275274748233,0.08074310951225494,0.11004706600157271,0.05176026206132145,0.0047836003762616285,0.9333333333333333,0.06666666666666667,causal_historical_mean,control
confirmatory_2026,2026-04-13,428,0.09679366137156853,0.021659847323455717,0.009076597285979537,0.050844065040286865,0.00465348012813906,1.0,0.0,causal_historical_mean,control
confirmatory_2026,2026-04-20,428,0.3032640716109385,0.07127943697245569,0.09100346803873793,0.04694809757199491,0.004066954689291524,0.9333333333333333,0.06666666666666667,causal_historical_mean,control
confirmatory_2026,2026-04-27,428,-0.11004485020112414,-0.0030027328944866568,0.0042761659060791615,0.03816001094759743,0.003335105092566501,0.8666666666666667,0.13333333333333333,causal_historical_mean,control
confirmatory_2026,2026-05-04,428,0.11671398924348213,0.037068013552010094,0.04653517775077462,0.049659156953970135,0.005930161014256348,0.9333333333333333,0.06666666666666667,causal_historical_mean,control
confirmatory_2026,2026-05-11,428,0.03059023907779886,0.0020766456678794273,-0.0014655793211156044,0.04646286661944314,0.0036636305849208177,0.9333333333333333,0.06666666666666667,causal_historical_mean,control
confirmatory_2026,2026-05-18,428,-0.02619764179439375,0.003661587897448245,0.008416600081547886,0.043562209551293966,0.0037730811876473245,0.9333333333333333,0.06666666666666667,causal_historical_mean,control
confirmatory_2026,2026-05-25,428,0.07506818292784281,0.02694886450261024,0.010340023302626608,0.057293534250964874,0.008307514831283506,0.9333333333333333,0.06666666666666667,causal_historical_mean,control
confirmatory_2026,2026-06-01,428,-0.15208355303345347,-0.038923824202627036,-0.03806795357653228,0.040134899412144334,0.0030158859009615166,0.8666666666666667,0.13333333333333333,causal_historical_mean,control
confirmatory_2026,2026-06-08,428,0.03283387364894949,0.06784623464901605,0.07000225310831046,0.03841389312558213,0.0032020013804765087,0.9333333333333333,0.06666666666666667,causal_historical_mean,control
confirmatory_2026,2026-06-15,428,0.27608902037479244,0.08608037502034432,0.12945728461206527,0.04907599108847777,0.0047098859100606245,1.0,0.0,causal_historical_mean,control
confirmatory_2026,2026-06-22,428,-0.2568750385511532,-0.06909046939721962,-0.045715872532538226,0.05259550704321898,0.004628061002326819,1.0,0.0,causal_historical_mean,control
confirmatory_2026,2026-06-29,429,-0.09235519233258786,-0.023275930387055256,-0.04603273516930127,0.04178529068975751,0.0033590917310045037,0.9333333333333333,0.06666666666666667,causal_historical_mean,control
confirmatory_2026,2026-07-06,429,0.04278668516877602,0.031179445385907487,0.015110529766031021,0.03198958257948164,0.001848375781591867,0.8,0.2,causal_historical_mean,control
confirmatory_2026,2026-07-13,429,-0.3144928968010907,-0.07596375861630075,-0.10520193493988401,0.042038625850567085,0.0037078924269860146,0.9333333333333333,0.06666666666666667,causal_historical_mean,control
confirmatory_2026,2026-07-20,429,0.07859252245255288,-0.010421749055510268,0.00445964506647124,0.033017162079043746,0.0020807796315409043,0.9333333333333333,0.06666666666666667,causal_historical_mean,control
confirmatory_2026,2026-07-27,429,-0.27875454256675725,-0.06561064295733716,-0.09086053600792535,0.04797610839729566,0.004742940983829451,0.9333333333333333,0.06666666666666667,causal_historical_mean,control
confirmatory_2026,2026-08-03,429,0.13064004024664752,0.02749102353559133,0.047051773233912284,0.05797041961788656,0.008067689415580706,0.8666666666666667,0.13333333333333333,causal_historical_mean,control
confirmatory_2026,2026-08-10,427,0.08063086655369632,0.05834480312075517,0.07400137873097773,0.03343078759084404,0.0023460636264993574,0.9333333333333333,0.06666666666666667,causal_historical_mean,control
confirmatory_2026,2026-08-17,427,-0.2679229968442492,-0.06221161591530565,-0.0776916187611491,0.04310606674922473,0.0033012648368948728,1.0,0.0,causal_historical_mean,control
confirmatory_2026,2026-01-12,426,-0.03244593889275867,0.046733065403626366,0.04892776870209868,0.03584376247573266,0.002375000788382087,,,ridge,control
confirmatory_2026,2026-01-19,426,-0.08774816691857995,0.002830219114629771,0.006495750667366716,0.03273679496237286,0.0021409703649264413,0.06666666666666667,0.9333333333333333,ridge,control
confirmatory_2026,2026-01-26,427,-0.25784999563799216,-0.03279932563543735,-0.01057381168847734,0.03779978581552981,0.0027768913475050253,0.2,0.8,ridge,control
confirmatory_2026,2026-02-02,427,-0.2270153786207362,-0.03784396190713063,-0.09032852225304895,0.06050822213962549,0.006223460774037339,0.2,0.8,ridge,control
confirmatory_2026,2026-02-09,427,-0.10696876216699616,0.004658124771436055,0.018638523278007343,0.04604698993040626,0.004083624334211682,0.26666666666666666,0.7333333333333333,ridge,control
confirmatory_2026,2026-02-16,427,-0.07816825882520494,-0.0031183572376491447,0.00240084954784053,0.036431931339821894,0.0027258343525407517,0.2,0.8,ridge,control
confirmatory_2026,2026-02-23,427,-0.015583465555089384,0.006677328443637676,-0.010917342566536306,0.03149050013517308,0.00212871312968402,0.26666666666666666,0.7333333333333333,ridge,control
confirmatory_2026,2026-03-02,427,0.22013034234208684,0.10757092800591386,0.14070466366119908,0.06871851993945766,0.006612034229234392,0.26666666666666666,0.7333333333333333,ridge,control
confirmatory_2026,2026-03-09,427,-0.11405509816983717,0.003000910601714573,-0.05646915875328067,0.046738296731831525,0.003313156524288102,0.13333333333333333,0.8666666666666667,ridge,control
confirmatory_2026,2026-03-16,427,-0.03562912637461046,0.0070874508924982215,-0.03017307667894585,0.03749508371521796,0.00247621460662528,0.2,0.8,ridge,control
confirmatory_2026,2026-03-23,428,-0.12211911430530235,0.0006486912303122288,-0.033404827781700897,0.03581912233448825,0.0023126183450684805,0.26666666666666666,0.7333333333333333,ridge,control
confirmatory_2026,2026-03-30,428,0.2768144985089983,0.02343018716533017,0.07735914823826609,0.042936744389782656,0.002959758791852011,0.3333333333333333,0.6666666666666666,ridge,control
confirmatory_2026,2026-04-06,428,-0.08504028528542089,-0.028525718299313118,-0.04643533132585263,0.05253886161153102,0.004946004197257549,0.26666666666666666,0.7333333333333333,ridge,control
confirmatory_2026,2026-04-13,428,0.2866791550719848,0.0645651641397434,0.049470739072661835,0.05064773101450397,0.004550687841581095,0.13333333333333333,0.8666666666666667,ridge,control
confirmatory_2026,2026-04-20,428,-0.08894965919632689,0.013333799150460731,-0.013635855350997966,0.047656246908576394,0.004177956492622476,0.06666666666666667,0.9333333333333333,ridge,control
confirmatory_2026,2026-04-27,428,-0.1964745840952368,0.007566740736252976,0.004930410128929779,0.03860693941730986,0.003396991174075427,0.0,1.0,ridge,control
confirmatory_2026,2026-05-04,428,0.07571821467945263,0.012129429844615392,-0.03818163476301545,0.04994137708836282,0.0060205975209239385,0.2,0.8,ridge,control
confirmatory_2026,2026-05-11,428,-0.05836117181515753,-0.025424510524743246,-0.03385840234791877,0.046970555744582754,0.003706274950697705,0.2,0.8,ridge,control
confirmatory_2026,2026-05-18,428,0.2116590319440021,0.0005266952111927445,0.0103494236067409,0.04227881546023039,0.0036471382057873653,0.2,0.8,ridge,control
confirmatory_2026,2026-05-25,428,-0.016311710351851305,0.018362878598698014,-0.13427549627930008,0.057521469738398466,0.008423386757615144,0.3333333333333333,0.6666666666666666,ridge,control
confirmatory_2026,2026-06-01,428,0.17279227590243376,0.004231305890932836,0.026673302020502283,0.03938168124670873,0.0029064981534821705,0.2,0.8,ridge,control
confirmatory_2026,2026-06-08,428,0.08246036176172533,-0.01979191220678276,-0.005289662996536435,0.038260093118277425,0.003241577046556115,0.2,0.8,ridge,control
confirmatory_2026,2026-06-15,428,-0.28570006237442913,-0.05165349607119787,-0.12103180903779517,0.05047089024758824,0.0049713451456138615,0.2,0.8,ridge,control
confirmatory_2026,2026-06-22,428,0.1494283256195314,0.014373921775652908,0.0935853369175867,0.05153043361321611,0.0044458136156463055,0.4666666666666667,0.5333333333333333,ridge,control
confirmatory_2026,2026-06-29,429,0.03795230126136694,0.012027576966639485,0.02218252015540916,0.04146141986585813,0.003254759820476768,0.0,1.0,ridge,control
confirmatory_2026,2026-07-06,429,0.12441199313618354,0.027001288544649605,0.04165534816441473,0.03207734280136614,0.0018458665393582816,0.2,0.8,ridge,control
confirmatory_2026,2026-07-13,429,-0.19487858370709926,-0.027160344882281928,-0.01038622584558652,0.04176528926846739,0.00358262442780018,0.26666666666666666,0.7333333333333333,ridge,control
confirmatory_2026,2026-07-20,429,-0.0009976548120429886,0.03541154004387845,0.07894519966693993,0.033445890507655535,0.002108190094334291,0.13333333333333333,0.8666666666666667,ridge,control
confirmatory_2026,2026-07-27,429,0.29140001489490736,-0.057856012516255134,-0.017758262656697655,0.04672780702252615,0.004592642165487476,0.06666666666666667,0.9333333333333333,ridge,control
confirmatory_2026,2026-08-03,429,0.07488399451016274,0.11916965618587202,0.09601765725026998,0.05765201743639154,0.007805498976537273,0.2,0.8,ridge,control
confirmatory_2026,2026-08-10,427,0.24539515320820277,0.0667109428618271,0.07798518058325024,0.03315258865119526,0.00237430640358373,0.06666666666666667,0.9333333333333333,ridge,control
confirmatory_2026,2026-08-17,427,-0.04325323782745501,-0.012698715328456315,0.00219536060462501,0.0426319424797397,0.0032319591718315555,0.06666666666666667,0.9333333333333333,ridge,control
