fold,decision_date,n_symbols,rank_ic,top15_excess,top15_bottom15_spread,mae,mse,top15_overlap,top15_turnover,model,seed
development_2024,2024-01-08,420,0.12854203093150024,-0.018935218067277403,0.010889235795569753,0.030528019255393852,0.0018039371422034173,,,mean,20260823
development_2024,2024-01-15,420,0.20266409025642354,0.00783900903266463,0.03134382394358329,0.03295559363096992,0.0022023537656727958,0.7333333333333333,0.26666666666666666,mean,20260823
development_2024,2024-01-22,420,-0.1579995999329442,-0.014135351489784105,-0.0342302082808336,0.0311558516888043,0.001843531401529915,0.4666666666666667,0.5333333333333333,mean,20260823
development_2024,2024-01-29,420,0.2222453480056981,0.02411811521691222,0.056059155842369576,0.03374050769439278,0.0022173528846338897,0.7333333333333333,0.26666666666666666,mean,20260823
development_2024,2024-02-05,420,0.1378948536313374,0.018823442317867433,0.03246055809852988,0.0358428744382948,0.0034187500971261573,0.7333333333333333,0.26666666666666666,mean,20260823
development_2024,2024-02-12,420,-0.057424685757045915,0.021901483992841923,0.0006838816588769607,0.031816423008918245,0.001838050481021036,0.4666666666666667,0.5333333333333333,mean,20260823
development_2024,2024-02-19,420,0.11588363862945615,0.023562734296335895,0.023933535813363833,0.02624005347180299,0.0015424134198079626,0.8,0.2,mean,20260823
development_2024,2024-02-26,420,0.15532562947797726,0.06287721756726385,0.06494977134096361,0.033468811019443614,0.003340729858913852,0.6,0.4,mean,20260823
development_2024,2024-03-04,421,-0.18486355310324418,0.015410335953462992,0.03139449334193101,0.03061296442005549,0.0019054437068602398,0.6666666666666666,0.3333333333333333,mean,20260823
development_2024,2024-03-11,421,-0.1817523483597264,-0.013398514099027141,-0.02287648246313313,0.03764775099027509,0.0027488841432751726,0.8,0.2,mean,20260823
development_2024,2024-03-18,421,0.20617578026074332,0.01774820441100872,0.03381118130474041,0.02719613737000491,0.001565955885474341,0.8,0.2,mean,20260823
development_2024,2024-03-25,422,-0.1494530493835174,0.005047299684760376,-0.008261036635925758,0.026458532679352848,0.0012674199876849927,0.8,0.2,mean,20260823
development_2024,2024-04-01,422,0.18282664564020726,0.014556816902410417,0.0018590627851001328,0.03482600364820603,0.0020434705658775544,0.8666666666666667,0.13333333333333333,mean,20260823
development_2024,2024-04-08,422,-0.14035329338018623,-0.010932532107355415,-0.04178090549451427,0.03721034000964647,0.0020031480025640707,0.8,0.2,mean,20260823
development_2024,2024-04-15,422,-0.25024784092768076,-0.07360708186930032,-0.07624839682053433,0.04746319650759415,0.004168674790900238,0.8666666666666667,0.13333333333333333,mean,20260823
development_2024,2024-04-22,422,0.04395093687742866,0.06908559183380449,0.06266429884511836,0.03933252516851023,0.002966306607237186,0.7333333333333333,0.26666666666666666,mean,20260823
development_2024,2024-04-29,422,-0.20690120717713156,0.02911434310240286,0.011009779919860536,0.03531268012710222,0.0026828811674030014,0.7333333333333333,0.26666666666666666,mean,20260823
development_2024,2024-05-06,422,0.09954682455033949,0.015805733741499867,0.04126980521428886,0.0294766017696568,0.0017961669620821944,0.7333333333333333,0.26666666666666666,mean,20260823
development_2024,2024-05-13,422,-0.010314989324895824,0.05122467524489137,0.049843789432793495,0.028951140680710554,0.0017067639832325891,0.7333333333333333,0.26666666666666666,mean,20260823
development_2024,2024-05-20,422,0.042209643285508844,-0.01201849304207444,0.006015432757842366,0.03376044284103815,0.002247161999331117,0.8,0.2,mean,20260823
development_2024,2024-05-27,422,-0.011565590601517538,-0.024440077657020533,-0.04402909273749207,0.03312649429285434,0.0022459493383137235,0.8,0.2,mean,20260823
development_2024,2024-06-03,422,-0.13679119178457502,-0.03996831029503053,-0.03823016477985229,0.032183274110184776,0.0018275527495431633,0.6,0.4,mean,20260823
development_2024,2024-06-10,422,0.022357859320158574,0.01178357777164004,0.009530922319656627,0.03026190253400354,0.001797239796464739,0.5333333333333333,0.4666666666666667,mean,20260823
development_2024,2024-06-17,422,-0.17854263227224607,-0.030897806100254048,-0.025017298349459594,0.029919614028971177,0.001524447749445757,0.4666666666666667,0.5333333333333333,mean,20260823
development_2024,2024-06-24,422,-0.19829989539862966,-0.0168769862703588,-0.016343556839733594,0.028432183995767576,0.0015694678387572559,0.5333333333333333,0.4666666666666667,mean,20260823
development_2024,2024-07-01,423,0.3078800902839479,0.029887778927001327,0.04166999686109098,0.02446453698201076,0.0011778720845061076,0.6666666666666666,0.3333333333333333,mean,20260823
development_2024,2024-07-08,423,-0.159391344384809,-0.0031553506963478764,-0.01678795155451262,0.03579871502724996,0.0021173166070708317,0.5333333333333333,0.4666666666666667,mean,20260823
development_2024,2024-07-15,423,-0.2508217576957933,-0.03366595663275507,-0.04271917765830559,0.03995430812901761,0.003084647109363652,0.7333333333333333,0.26666666666666666,mean,20260823
development_2024,2024-07-22,423,-0.2006041655171889,-0.022397983031355897,0.019018316897114904,0.0403656296743584,0.00336398438307554,0.4,0.6,mean,20260823
development_2024,2024-07-29,423,-0.06449331336888628,-0.02594274188417772,-0.04165283225421658,0.05354487229832082,0.004986512881267157,0.6,0.4,mean,20260823
development_2024,2024-08-05,423,-0.08093924859351487,0.01786030433905022,0.0009621664970050209,0.03553642791830206,0.0026792169025692644,0.4666666666666667,0.5333333333333333,mean,20260823
development_2024,2024-08-12,423,-0.07519312812063396,0.023091154536586063,0.009297007372088696,0.03732634221918669,0.0026790573024875575,0.4666666666666667,0.5333333333333333,mean,20260823
development_2024,2024-08-19,423,0.11212180595800489,0.013752387399167603,0.015413412568276354,0.028715395121682388,0.001506289264592172,0.6,0.4,mean,20260823
development_2024,2024-08-26,423,0.08320823844196136,-0.012585243052294562,-0.003090617189488599,0.023570013470724616,0.0014877248954411459,0.6,0.4,mean,20260823
development_2024,2024-09-02,423,0.22517667076990594,-0.015176693599690642,0.013926103230845699,0.05088710588786533,0.003878071988431325,0.6666666666666666,0.3333333333333333,mean,20260823
development_2024,2024-09-09,423,-0.03191996717408579,0.020251056173434992,-0.012129880041261233,0.040978804571037905,0.0033454165298865187,0.4,0.6,mean,20260823
development_2024,2024-09-16,423,-0.21575031884135176,-0.01298055777929609,-0.03943558310086626,0.03324917422014392,0.0021740306784683357,0.7333333333333333,0.26666666666666666,mean,20260823
development_2024,2024-09-23,423,-0.26885825306014766,-0.015056866930836677,-0.0848708226265803,0.03869105302620581,0.004314871289044808,0.6,0.4,mean,20260823
development_2024,2024-09-30,423,0.030006919063446734,0.026619759655692837,0.016783442803754146,0.03471745551404954,0.0019286584944586693,0.6,0.4,mean,20260823
development_2024,2024-10-07,423,0.03672335732491631,-0.006203279768717197,-0.039714379903370456,0.025296590246245188,0.0013966994373820658,0.6666666666666666,0.3333333333333333,mean,20260823
development_2024,2024-10-14,423,0.031698950344462816,-0.02086434441175633,-0.006536541954855457,0.030284887546281877,0.0018296848442852186,0.4666666666666667,0.5333333333333333,mean,20260823
development_2024,2024-10-21,423,0.011054488100289002,0.019736059276473355,0.011274628887366557,0.037694198166300055,0.002381259570686566,0.7333333333333333,0.26666666666666666,mean,20260823
development_2024,2024-10-28,423,0.08901635144022431,0.021327960691731415,0.050666893583524795,0.03680228868671475,0.0029255461609506736,0.8,0.2,mean,20260823
development_2024,2024-11-04,423,0.2658946615398372,0.059783006780937516,0.1155082240071516,0.046117181732580885,0.0039846523688633635,0.7333333333333333,0.26666666666666666,mean,20260823
development_2024,2024-11-11,424,0.05590620350910336,0.037691620672599194,0.0635727700449549,0.04685755183129443,0.0035927910594811467,0.8,0.2,mean,20260823
development_2024,2024-11-18,424,0.2187763005643847,0.06499390112873886,0.035646712787534444,0.034801476310518754,0.0041081640190256145,0.7333333333333333,0.26666666666666666,mean,20260823
development_2024,2024-11-25,424,-0.30676269865633926,-0.03693138462361245,-0.08418460531662064,0.032354313042743124,0.002117060546690222,0.9333333333333333,0.06666666666666667,mean,20260823
development_2024,2024-12-02,424,0.022159460331703934,0.015862972584557756,0.02665313208932453,0.03707200300288615,0.002780681903055962,0.8,0.2,mean,20260823
development_2024,2024-12-09,424,0.003377020017159814,-0.002725414314557136,0.015185775642235413,0.03355516277583205,0.002201623624094674,0.8,0.2,mean,20260823
development_2024,2024-12-16,424,0.06725686982942514,-0.005358747494019808,-0.003044434364008551,0.039998191735457975,0.002528043411403033,0.7333333333333333,0.26666666666666666,mean,20260823
development_2024,2024-12-23,424,-0.17771459607528275,-0.017615795792083045,-0.03152236338166872,0.02124840357029526,0.0009096247801959622,0.8666666666666667,0.13333333333333333,mean,20260823
development_2024,2024-01-08,420,0.09924610845704503,-0.02260985492231052,0.0002969289925070428,0.030620473847571838,0.0018056137766316752,,,mean,20260824
development_2024,2024-01-15,420,0.11076998330894328,0.003605189725443983,0.010193730808128852,0.033564809870999246,0.0022788668397988724,0.6666666666666666,0.3333333333333333,mean,20260824
development_2024,2024-01-22,420,-0.1767447661267921,-0.021012407829569292,-0.04184093515955249,0.030850025456549184,0.0018365709418221288,0.4,0.6,mean,20260824
development_2024,2024-01-29,420,0.23752612786110708,0.009968014897768891,0.0509459239299407,0.0330255793815627,0.002159440805042816,0.6666666666666666,0.3333333333333333,mean,20260824
development_2024,2024-02-05,420,0.13122685340781814,0.024677014566644836,0.04086113930861109,0.03582122628125636,0.003442529276258382,0.6,0.4,mean,20260824
development_2024,2024-02-12,420,-0.034088142708939874,0.013301532275966876,-0.01661887744825008,0.031210841593894256,0.0018147062656638203,0.5333333333333333,0.4666666666666667,mean,20260824
development_2024,2024-02-19,420,0.12463547026244369,0.03560397267304316,0.04137225720252871,0.026675007335984005,0.0016058364083084682,0.6666666666666666,0.3333333333333333,mean,20260824
development_2024,2024-02-26,420,0.1750107102971915,0.02630041387830719,0.035122540657804256,0.03337966832516128,0.003320313885274641,0.6666666666666666,0.3333333333333333,mean,20260824
development_2024,2024-03-04,421,-0.17871849756439595,0.015267697965365984,0.018336437032563036,0.031124184232435386,0.0019286447847083378,0.6,0.4,mean,20260824
development_2024,2024-03-11,421,-0.18715442003033048,-0.008241241116570642,-0.02206250406096248,0.03814405180085953,0.0028360361764640804,0.8666666666666667,0.13333333333333333,mean,20260824
development_2024,2024-03-18,421,0.2315509318477517,0.016013623733898866,0.03499647124578937,0.02718200504941492,0.0015704190853612855,0.7333333333333333,0.26666666666666666,mean,20260824
development_2024,2024-03-25,422,-0.14608223712075472,0.007706834618569288,-0.0013618264012309304,0.026064000972094926,0.0012506620337291868,0.8,0.2,mean,20260824
development_2024,2024-04-01,422,0.15797333226029414,0.0020592945999088706,-0.002427783847947876,0.035680668744500155,0.002125054312162785,0.8,0.2,mean,20260824
development_2024,2024-04-08,422,-0.14814671991304554,-0.012137494407346166,-0.034009179897787574,0.03790903760766333,0.002074900635286689,0.7333333333333333,0.26666666666666666,mean,20260824
development_2024,2024-04-15,422,-0.17648533501059588,-0.06901789246032601,-0.0762671648113853,0.0457021246054547,0.0038790039330393188,0.8666666666666667,0.13333333333333333,mean,20260824
development_2024,2024-04-22,422,0.05618214713395929,0.042988807104595586,0.043922293978963314,0.0394225244862263,0.003023202180121551,0.6666666666666666,0.3333333333333333,mean,20260824
development_2024,2024-04-29,422,-0.21249362583552756,0.013829607212100366,0.0019519204881222295,0.03515471291270167,0.002649159583230783,0.7333333333333333,0.26666666666666666,mean,20260824
development_2024,2024-05-06,422,0.10224411307438439,0.0026161000510334653,0.02824572702055036,0.029882467220526347,0.0017995852553559404,0.8,0.2,mean,20260824
development_2024,2024-05-13,422,0.004042819217510855,0.05239269354166713,0.04018405629471604,0.02918476063345796,0.0017709380423549777,0.7333333333333333,0.26666666666666666,mean,20260824
development_2024,2024-05-20,422,0.07263445744573069,-0.007101148255499463,0.008938702203692165,0.03355769217349881,0.0022137704436838235,0.8666666666666667,0.13333333333333333,mean,20260824
development_2024,2024-05-27,422,-0.013028245283038453,-0.025344902300391443,-0.030575510743766975,0.03293415013990909,0.0022319408279129014,0.8,0.2,mean,20260824
development_2024,2024-06-03,422,-0.07545973126673212,-0.02483313099748048,-0.020328732544636602,0.031543553733543055,0.0017367985798978443,0.4666666666666667,0.5333333333333333,mean,20260824
development_2024,2024-06-10,422,0.031922599376990546,0.004235564783059205,-0.006522241810645525,0.03012167334724182,0.0018083027226641114,0.4666666666666667,0.5333333333333333,mean,20260824
development_2024,2024-06-17,422,-0.16464821119009077,-0.031785579631035614,-0.02519994222087677,0.030305150061215792,0.0015552939859128695,0.5333333333333333,0.4666666666666667,mean,20260824
development_2024,2024-06-24,422,-0.17996242047164165,-0.005790268376773974,-0.006136454428227852,0.02800334725018761,0.0015337586551149127,0.4,0.6,mean,20260824
development_2024,2024-07-01,423,0.3199529364162803,0.0365112737112535,0.04213945385544265,0.02461655126402764,0.0011824518047975018,0.6666666666666666,0.3333333333333333,mean,20260824
development_2024,2024-07-08,423,-0.15855468311513865,-0.0030728863494225364,-0.024890872732586868,0.03588790716411885,0.002139440055072513,0.3333333333333333,0.6666666666666666,mean,20260824
development_2024,2024-07-15,423,-0.2799124240631201,-0.03568995387379399,-0.03718070567656466,0.03969877631468319,0.0030779915108039256,0.5333333333333333,0.4666666666666667,mean,20260824
development_2024,2024-07-22,423,-0.11259475660561274,-0.020962404190281433,0.030370298278398853,0.03800032827426492,0.0030557524683929283,0.8,0.2,mean,20260824
development_2024,2024-07-29,423,0.04317914159219636,-0.019118377983841837,-0.009563947271336762,0.05129710344042608,0.004601049260594728,0.6666666666666666,0.3333333333333333,mean,20260824
development_2024,2024-08-05,423,-0.22684698088473956,0.0004354947722292604,-0.03773259923117771,0.03833860788621204,0.0031977247632916732,0.6,0.4,mean,20260824
development_2024,2024-08-12,423,-0.25337803771301803,0.005145600877824161,-0.03543257136983201,0.04226892895612764,0.0035405189173703723,0.7333333333333333,0.26666666666666666,mean,20260824
development_2024,2024-08-19,423,0.1256165164576678,0.008025830360121226,0.02394706963365187,0.029653852850461255,0.0016048109780230292,0.6666666666666666,0.3333333333333333,mean,20260824
development_2024,2024-08-26,423,0.0677408655361513,-0.010646155659957777,0.010276974220704222,0.02368359573665022,0.0014997421868397376,0.4666666666666667,0.5333333333333333,mean,20260824
development_2024,2024-09-02,423,0.21050108986347693,-0.01079373926107717,0.026806961551621274,0.05067149605497393,0.0038817289672062323,0.6666666666666666,0.3333333333333333,mean,20260824
development_2024,2024-09-09,423,-0.09046247375226962,-8.390653351444954e-05,-0.020749433474362367,0.041485971599858916,0.0034191631937949022,0.4666666666666667,0.5333333333333333,mean,20260824
development_2024,2024-09-16,423,-0.2337858629137565,-0.012922637069013122,-0.03235312967663212,0.033861453087413874,0.00222088628378461,0.7333333333333333,0.26666666666666666,mean,20260824
development_2024,2024-09-23,423,-0.26316841736095126,-0.02932412196106917,-0.08244135953006909,0.039111698897896646,0.0043151274804865735,0.6,0.4,mean,20260824
development_2024,2024-09-30,423,0.02343840670013946,0.02047047475805992,0.012673754331567675,0.03486574653227198,0.001938819460492883,0.6,0.4,mean,20260824
development_2024,2024-10-07,423,-0.018742671088271646,0.004215054472439266,-0.015421225786714728,0.025689211328370567,0.001408333829603465,0.4666666666666667,0.5333333333333333,mean,20260824
development_2024,2024-10-14,423,0.00779028832390603,-0.010170902986789963,0.004221527924175138,0.03065295776076021,0.0018766720243593214,0.6,0.4,mean,20260824
development_2024,2024-10-21,423,0.028636741558710887,0.0198446454208847,0.014752280933524157,0.03875153495879918,0.0024888280905876353,0.9333333333333333,0.06666666666666667,mean,20260824
development_2024,2024-10-28,423,0.07297281271027517,0.004318357625324155,0.03909473700998456,0.036731953800048886,0.0029593627181523485,0.6666666666666666,0.3333333333333333,mean,20260824
development_2024,2024-11-04,423,0.284095254765497,0.05916241865917062,0.127910058720293,0.04670270632669697,0.004031840544633316,0.7333333333333333,0.26666666666666666,mean,20260824
development_2024,2024-11-11,424,0.05115372202674727,0.04163842790068625,0.07517703218218713,0.045587996070928866,0.003386824872489623,0.8,0.2,mean,20260824
development_2024,2024-11-18,424,0.25711652143796093,0.0732837015249926,0.026836033184142682,0.03471732070021263,0.004130876831652549,0.8666666666666667,0.13333333333333333,mean,20260824
development_2024,2024-11-25,424,-0.3249313213844349,-0.03535281452224624,-0.06885651445937746,0.03297747471831632,0.002175162885496122,0.8666666666666667,0.13333333333333333,mean,20260824
development_2024,2024-12-02,424,0.02415346226808668,0.023456494744010164,0.0058990698354591045,0.036908067748586695,0.002796306418381176,0.8,0.2,mean,20260824
development_2024,2024-12-09,424,0.017718846671546978,0.0004362598063415036,0.01118542039746513,0.032434657422332966,0.0021283435831824307,0.8,0.2,mean,20260824
development_2024,2024-12-16,424,0.08228524649522594,0.0018168095079976708,-0.0015649660029658854,0.038641890558703255,0.0023886395931512153,0.8666666666666667,0.13333333333333333,mean,20260824
development_2024,2024-12-23,424,-0.16676222636786547,-0.015739991875637717,-0.025929669318676775,0.020325057300855872,0.0008724320731005277,0.9333333333333333,0.06666666666666667,mean,20260824
development_2024,2024-01-08,420,0.11883595064111958,-0.0189352180672774,0.012526987699712505,0.030479774235320684,0.001793419924949011,,,mean,20260825
development_2024,2024-01-15,420,0.22946032249939868,0.011779036516973167,0.03688177642542347,0.03271278795742533,0.0021603343975473126,0.6666666666666666,0.3333333333333333,mean,20260825
development_2024,2024-01-22,420,-0.16606556726512053,-0.014545705129357255,-0.034093294932087514,0.030483447444824004,0.0018043260684333358,0.6,0.4,mean,20260825
development_2024,2024-01-29,420,0.22315222065560786,0.023658037924567603,0.06007413946501257,0.03302611432525607,0.0021555363901081333,0.6666666666666666,0.3333333333333333,mean,20260825
development_2024,2024-02-05,420,0.1503047069427831,0.03421182806434454,0.04033807103198451,0.03572783768726672,0.003405084573091469,0.5333333333333333,0.4666666666666667,mean,20260825
development_2024,2024-02-12,420,-0.04554318011197018,0.023435803981799327,-0.0006542377372333145,0.03130760693470902,0.0018002799627054005,0.5333333333333333,0.4666666666666667,mean,20260825
development_2024,2024-02-19,420,0.11238523835109368,0.02713299245457495,0.027338127805814207,0.026459984472824858,0.0015671385316705136,0.8666666666666667,0.13333333333333333,mean,20260825
development_2024,2024-02-26,420,0.13719271165288432,0.008927369902279544,0.00904921880791542,0.033718644183523896,0.0034424964880610553,0.6,0.4,mean,20260825
development_2024,2024-03-04,421,-0.1925888163237737,-0.007800499524970816,0.003954136113443615,0.030667064494822097,0.0019195878227934533,0.6,0.4,mean,20260825
development_2024,2024-03-11,421,-0.16769322807192472,-0.007583705714771262,-0.02122403434599321,0.03726359378113805,0.0027138439299174495,0.7333333333333333,0.26666666666666666,mean,20260825
development_2024,2024-03-18,421,0.20385266902692725,0.00971093373636088,0.02749197115216458,0.02709541685251332,0.001542516075053843,0.8,0.2,mean,20260825
development_2024,2024-03-25,422,-0.15426336295129225,0.004168591631384736,-0.004741435416491434,0.026177359045483222,0.0012589211098557593,0.7333333333333333,0.26666666666666666,mean,20260825
development_2024,2024-04-01,422,0.19522743441985743,0.006901946249696153,0.002214103336808014,0.03422113823489402,0.0020094658520743935,0.8,0.2,mean,20260825
development_2024,2024-04-08,422,-0.13426635053525418,-0.01661567524802814,-0.04323031503240503,0.036355745161447295,0.0019381900366401302,0.8666666666666667,0.13333333333333333,mean,20260825
development_2024,2024-04-15,422,-0.2547486976425312,-0.08603260275652827,-0.09583444663441046,0.04589969728833754,0.004000044799827202,0.8666666666666667,0.13333333333333333,mean,20260825
development_2024,2024-04-22,422,0.06631869536950834,0.05067426438624818,0.03667782207820625,0.03993154397032915,0.00306035659132817,0.7333333333333333,0.26666666666666666,mean,20260825
development_2024,2024-04-29,422,-0.22216231618714033,0.022156610253315983,0.00570497733508692,0.035341416969868956,0.0027172345062010904,0.6666666666666666,0.3333333333333333,mean,20260825
development_2024,2024-05-06,422,0.11925817220379668,0.022728930504146063,0.03775213025592703,0.029686499965143567,0.001797984539846351,0.6666666666666666,0.3333333333333333,mean,20260825
development_2024,2024-05-13,422,-5.3572125026162364e-05,0.05803538245708803,0.04851669039863944,0.029247989923275614,0.0017480314965003534,0.8666666666666667,0.13333333333333333,mean,20260825
development_2024,2024-05-20,422,0.07151910341184166,-0.01201849304207444,0.0016117141848723225,0.033253714464939785,0.002188258966355419,0.8666666666666667,0.13333333333333333,mean,20260825
development_2024,2024-05-27,422,-0.04198289987418136,-0.028973316561584937,-0.061422004552210224,0.033178065318543316,0.0022496593374426092,0.8,0.2,mean,20260825
development_2024,2024-06-03,422,-0.10408704616036973,-0.026064543093942242,-0.020128748055761984,0.0318060817453194,0.0017734528652085149,0.5333333333333333,0.4666666666666667,mean,20260825
development_2024,2024-06-10,422,0.02799834141978349,0.011927002179238385,0.011990210160501086,0.029968173099555157,0.0017739138033509938,0.4,0.6,mean,20260825
development_2024,2024-06-17,422,-0.17829816455200495,-0.035051727082509504,-0.02976550145158401,0.029987890767003974,0.001523443302734568,0.6,0.4,mean,20260825
development_2024,2024-06-24,422,-0.19079860030647902,-0.019516466093643416,-0.0323256028876633,0.02827852593010461,0.0015661017823134897,0.6,0.4,mean,20260825
development_2024,2024-07-01,423,0.3072032460618099,0.028406766748860585,0.0308803501274578,0.02465478217288044,0.0011934909030510061,0.6666666666666666,0.3333333333333333,mean,20260825
development_2024,2024-07-08,423,-0.19327398539957114,-0.0007948111962236583,-0.020395448814208798,0.036148807367643386,0.0021443947354651003,0.6,0.4,mean,20260825
development_2024,2024-07-15,423,-0.25839768823372355,-0.04154449169390487,-0.03518559384454483,0.03986809531329579,0.0030741368283917856,0.8,0.2,mean,20260825
development_2024,2024-07-22,423,-0.12788392081953168,-0.026101048467023033,-0.0171567109315148,0.03833323406850198,0.003094775523195329,0.7333333333333333,0.26666666666666666,mean,20260825
development_2024,2024-07-29,423,0.06752254403371885,-0.020576482666340098,-0.02087483493961968,0.051137405666685135,0.00453812908689196,0.4666666666666667,0.5333333333333333,mean,20260825
development_2024,2024-08-05,423,-0.15669094363722036,0.007623406751940354,0.00620923217180105,0.03613532962949448,0.002748966795777153,0.6,0.4,mean,20260825
development_2024,2024-08-12,423,-0.1775581667462581,0.007148569143263846,-0.02929497545997125,0.039409575965834116,0.0029963956435766406,0.8,0.2,mean,20260825
development_2024,2024-08-19,423,0.11685384921261566,0.01803668515694849,0.03103723508051636,0.028910003330225285,0.0015283031405865478,0.7333333333333333,0.26666666666666666,mean,20260825
development_2024,2024-08-26,423,0.0878560923590328,-0.014227440976275978,0.016372290174996196,0.023545904880688563,0.001479086318004525,0.7333333333333333,0.26666666666666666,mean,20260825
development_2024,2024-09-02,423,0.27476958123494183,0.004201245350450161,0.040424201068773515,0.050544177209752385,0.0038012109224247552,0.7333333333333333,0.26666666666666666,mean,20260825
development_2024,2024-09-09,423,-0.054953123503697035,0.011412136741677764,-0.023302306775235974,0.04198132697584395,0.0034855941226156336,0.6,0.4,mean,20260825
development_2024,2024-09-16,423,-0.21491635289887195,-0.013439056006594043,-0.029759055886865428,0.033519721674802314,0.002211087384738022,0.7333333333333333,0.26666666666666666,mean,20260825
development_2024,2024-09-23,423,-0.27265089551453164,-0.02692983870444353,-0.08847511100172492,0.03910808876609252,0.004374087911129364,0.5333333333333333,0.4666666666666667,mean,20260825
development_2024,2024-09-30,423,0.039171348608545264,0.03220255117028268,0.03017507556961148,0.03353681916967213,0.0018393033826453206,0.5333333333333333,0.4666666666666667,mean,20260825
development_2024,2024-10-07,423,-0.000696345707104819,-0.03094745526101844,-0.06797161963677273,0.025609991864793347,0.0014278188107986678,0.6,0.4,mean,20260825
development_2024,2024-10-14,423,0.07383040240283663,-0.019445112801392918,-0.00718834322832747,0.02939805799079394,0.0017464338721988066,0.6666666666666666,0.3333333333333333,mean,20260825
development_2024,2024-10-21,423,0.028967315511195756,0.02399093075348159,0.01539837892031377,0.03659782778883561,0.0022830421321454603,0.7333333333333333,0.26666666666666666,mean,20260825
development_2024,2024-10-28,423,0.07278033463914009,0.008300101820841675,0.04617941015067706,0.03614583664872758,0.002877748709910065,0.6666666666666666,0.3333333333333333,mean,20260825
development_2024,2024-11-04,423,0.2860260603258619,0.05285145850512977,0.10758877440080877,0.046811345135866475,0.004111730658610376,0.7333333333333333,0.26666666666666666,mean,20260825
development_2024,2024-11-11,424,0.14058296140616022,0.037691620672599194,0.059484641766859275,0.044653968623499914,0.003241110903306423,0.8,0.2,mean,20260825
development_2024,2024-11-18,424,0.23059185617241676,0.06726762362469577,0.01792545978800275,0.03628557187680194,0.004456657726873821,0.7333333333333333,0.26666666666666666,mean,20260825
development_2024,2024-11-25,424,-0.337038593839784,-0.03693138462361245,-0.0848724853595838,0.03341841078027468,0.0022299444871193234,0.9333333333333333,0.06666666666666667,mean,20260825
development_2024,2024-12-02,424,0.05688793381664187,0.016961349857940827,0.03112555256828422,0.03653849379117267,0.0027108999606382323,0.8666666666666667,0.13333333333333333,mean,20260825
development_2024,2024-12-09,424,0.002220542974315378,-0.007573224069038698,0.008306830110636317,0.03297182183506555,0.0021560829366546403,0.8,0.2,mean,20260825
development_2024,2024-12-16,424,0.06038664683055076,-0.008085991536502551,-0.01799653545462238,0.0390589797260368,0.0024333051401034403,0.7333333333333333,0.26666666666666666,mean,20260825
development_2024,2024-12-23,424,-0.17801434182665438,-0.02472858585199881,-0.03862304267273215,0.020553238107999527,0.0008689989633117492,0.8,0.2,mean,20260825
development_2024,2024-01-08,420,0.05047874421056809,-0.010859657637011393,0.013691146465175146,0.030971419580838766,0.0018368313688875797,,,flatten,20260823
development_2024,2024-01-15,420,0.1700981460050389,0.016135331035542027,0.026790612703231895,0.033441173219058914,0.002231907117725408,0.3333333333333333,0.6666666666666666,flatten,20260823
development_2024,2024-01-22,420,-0.15655806276841544,-0.023173030971780965,-0.053960423818057705,0.031442946772307,0.001887597610658084,0.3333333333333333,0.6666666666666666,flatten,20260823
development_2024,2024-01-29,420,0.19733218442281417,0.03010740885045423,0.062152123520476915,0.033196339861481364,0.0022080238502039775,0.5333333333333333,0.4666666666666667,flatten,20260823
development_2024,2024-02-05,420,0.11333624340274037,0.02377627096992133,0.04704641642677981,0.03618266783035597,0.0034843706423991275,0.4666666666666667,0.5333333333333333,flatten,20260823
development_2024,2024-02-12,420,-0.03188599222703724,0.022464759382870528,0.00549524201911181,0.03115078773771778,0.0018116855694601313,0.5333333333333333,0.4666666666666667,flatten,20260823
development_2024,2024-02-19,420,0.08045502689337519,0.021866312685329146,0.019417633295738892,0.026778559966391644,0.0016214425044285856,0.6666666666666666,0.3333333333333333,flatten,20260823
development_2024,2024-02-26,420,0.13007297579432342,0.03670286823149872,0.002882742579724193,0.034163077731679675,0.003498116081085403,0.5333333333333333,0.4666666666666667,flatten,20260823
development_2024,2024-03-04,421,-0.15330314224281422,0.0199378345895469,0.023214809891090277,0.03068873941492091,0.0019344301136332502,0.5333333333333333,0.4666666666666667,flatten,20260823
development_2024,2024-03-11,421,-0.1931643875931343,0.006541937713615601,-0.008019955598353036,0.03701751117254832,0.00277228889010172,0.6666666666666666,0.3333333333333333,flatten,20260823
development_2024,2024-03-18,421,0.2805741995062135,0.018340014425343967,0.023247774490924446,0.026742392201663558,0.0015448584516925404,0.7333333333333333,0.26666666666666666,flatten,20260823
development_2024,2024-03-25,422,-0.014187031857688812,0.0008037498476576779,-0.003380411008877833,0.0251519303371626,0.001234332306012851,0.6,0.4,flatten,20260823
development_2024,2024-04-01,422,0.18235942647010572,-0.009883370466627971,-0.006506938231945973,0.03513102448406582,0.002065648431171182,0.6666666666666666,0.3333333333333333,flatten,20260823
development_2024,2024-04-08,422,-0.10784148176499947,-0.006411735265676469,-0.02609275881965995,0.03637750267449508,0.00197664464424605,0.6666666666666666,0.3333333333333333,flatten,20260823
development_2024,2024-04-15,422,-0.1404577230921638,-0.07421002455361567,-0.07146031304379613,0.045462504426557915,0.003918849384914431,0.7333333333333333,0.26666666666666666,flatten,20260823
development_2024,2024-04-22,422,0.043721319253844926,0.053751902603015045,0.06403653923444501,0.04115354433927034,0.0032210024555095577,0.5333333333333333,0.4666666666666667,flatten,20260823
development_2024,2024-04-29,422,-0.15681055372417674,0.021457398882832632,-0.007135651650501285,0.03466951090573499,0.0026150527537272825,0.5333333333333333,0.4666666666666667,flatten,20260823
development_2024,2024-05-06,422,0.07412266068064063,0.005401605212516605,0.04140886930219027,0.031050252371307877,0.0018935104606681008,0.5333333333333333,0.4666666666666667,flatten,20260823
development_2024,2024-05-13,422,0.011107473546966895,0.04572076561765574,0.029445311165817473,0.028896060343745356,0.0016678954413261006,0.6,0.4,flatten,20260823
development_2024,2024-05-20,422,0.07797873577933588,-1.612656974172514e-05,0.009954505662566112,0.032500584813195954,0.002121475661498426,0.6,0.4,flatten,20260823
development_2024,2024-05-27,422,-0.01398072728907254,-0.023429786593038675,-0.03798573876199088,0.034172644593810704,0.0023029855060750833,0.6666666666666666,0.3333333333333333,flatten,20260823
development_2024,2024-06-03,422,-0.08521808146244404,-0.016196869233901404,-0.012280093093571781,0.03180004654049663,0.0017747201124711203,0.4666666666666667,0.5333333333333333,flatten,20260823
development_2024,2024-06-10,422,0.012138357717366013,0.009404016343987518,0.012429768748721984,0.030348127675151673,0.0018063290002694223,0.2,0.8,flatten,20260823
development_2024,2024-06-17,422,-0.20777576609532922,-0.030800551962542257,-0.013344568070772602,0.030421604705955986,0.001584425077415546,0.3333333333333333,0.6666666666666666,flatten,20260823
development_2024,2024-06-24,422,-0.11302784261499683,-0.0026459484255295716,-0.00738642770988115,0.028871850069393155,0.0015797414425046481,0.26666666666666666,0.7333333333333333,flatten,20260823
development_2024,2024-07-01,423,0.31305797236560307,0.030655305388990972,0.03970008809800871,0.024864723949512366,0.001254550109876535,0.6,0.4,flatten,20260823
development_2024,2024-07-08,423,-0.11599071031701487,0.012430277928166658,-0.0018623501406028753,0.037218621707947444,0.002282482147592302,0.5333333333333333,0.4666666666666667,flatten,20260823
development_2024,2024-07-15,423,-0.1891315846050521,-0.018940722245820007,-0.01999842979108743,0.04017128299263378,0.0030896175521492406,0.26666666666666666,0.7333333333333333,flatten,20260823
development_2024,2024-07-22,423,-0.14764273025863092,-0.013976967169933229,0.006971193176251193,0.03909054785034184,0.0031463838384546373,0.4666666666666667,0.5333333333333333,flatten,20260823
development_2024,2024-07-29,423,0.04963207198362763,-0.0344645311316608,-0.025643161776545034,0.050484125522749,0.004473924999454716,0.3333333333333333,0.6666666666666666,flatten,20260823
development_2024,2024-08-05,423,-0.1546594596788565,-0.0039021034509325644,-0.01997337555470104,0.03686920109875104,0.0028377706046432334,0.4666666666666667,0.5333333333333333,flatten,20260823
development_2024,2024-08-12,423,-0.050901571090364486,0.013874540123527755,-0.001569198030388859,0.036022694896043324,0.002608995768652412,0.4,0.6,flatten,20260823
development_2024,2024-08-19,423,0.05528131922630792,-0.0010547180282556128,0.013476979862773944,0.031524782983962274,0.0017838229652241812,0.4,0.6,flatten,20260823
development_2024,2024-08-26,423,0.07445888928420355,-0.006955835537073249,0.007757373844099886,0.023950925852673652,0.0015237598125728152,0.2,0.8,flatten,20260823
development_2024,2024-09-02,423,0.11455679625165603,-0.02119363283354378,-0.007095863536917622,0.053745859603468504,0.004306077535221166,0.5333333333333333,0.4666666666666667,flatten,20260823
development_2024,2024-09-09,423,-0.016049880676279788,0.010071601323118039,-0.01418073436852016,0.04114350123705752,0.003404539582942559,0.4,0.6,flatten,20260823
development_2024,2024-09-16,423,-0.19303156450108225,-0.010384985238454578,-0.031001689300665335,0.03327956395463046,0.0022380712038811566,0.4666666666666667,0.5333333333333333,flatten,20260823
development_2024,2024-09-23,423,-0.3027415282695428,-0.03203835162507836,-0.0728935901727423,0.041298065569837256,0.004611406153988492,0.5333333333333333,0.4666666666666667,flatten,20260823
development_2024,2024-09-30,423,0.029052773238001196,0.016760535281829206,0.016491663110145077,0.03667705823961962,0.0020645791976313527,0.4,0.6,flatten,20260823
development_2024,2024-10-07,423,-0.002856571175980766,-0.00026815606792189237,-0.03185798804005411,0.025392984000480477,0.0014146308311860482,0.3333333333333333,0.6666666666666666,flatten,20260823
development_2024,2024-10-14,423,0.081129982629409,-0.006976086173169714,0.016098180442086985,0.029655995034298027,0.0017548800121438143,0.4,0.6,flatten,20260823
development_2024,2024-10-21,423,0.031168605082562625,0.019035303938503372,0.01946363071307165,0.038383494773073346,0.002448603556025564,0.2,0.8,flatten,20260823
development_2024,2024-10-28,423,0.06309871937077745,0.0010332863331987225,0.027219582958927315,0.03612829577282896,0.0029582476229690195,0.26666666666666666,0.7333333333333333,flatten,20260823
development_2024,2024-11-04,423,0.28126991767519466,0.07492907967577975,0.12621298379015294,0.046674604956118845,0.004103646277391265,0.4,0.6,flatten,20260823
development_2024,2024-11-11,424,0.030940247636589757,0.02501290034988296,0.03679937826360584,0.04517695674543511,0.0034379945076459207,0.7333333333333333,0.26666666666666666,flatten,20260823
development_2024,2024-11-18,424,0.2328616745774986,0.05424909663642806,0.01670724206160043,0.03437032052973257,0.004169691823422241,0.6666666666666666,0.3333333333333333,flatten,20260823
development_2024,2024-11-25,424,-0.2559328090931274,-0.013708554627978046,-0.03613518340669074,0.03199886324601042,0.001992559011107609,0.6666666666666666,0.3333333333333333,flatten,20260823
development_2024,2024-12-02,424,0.05432813028864697,0.022705647541359043,-0.0015701622100400547,0.036936058915359594,0.002808035331226394,0.7333333333333333,0.26666666666666666,flatten,20260823
development_2024,2024-12-09,424,0.005045142906620697,-0.012544989468931008,-0.0003479388735442464,0.03311726939098085,0.002133483696599547,0.7333333333333333,0.26666666666666666,flatten,20260823
development_2024,2024-12-16,424,0.09543171102242583,-0.002538850813769429,0.0060121842494946925,0.04172007864920026,0.0027420382577589887,0.6666666666666666,0.3333333333333333,flatten,20260823
development_2024,2024-12-23,424,-0.1477267968608559,-0.013144523409184428,-0.019693621499801316,0.02001181902800893,0.0008206911736830223,0.5333333333333333,0.4666666666666667,flatten,20260823
development_2024,2024-01-08,420,0.027805470228613214,-0.008956593019302893,-0.0017287547129154202,0.031243480004015542,0.0018663864898571943,,,flatten,20260824
development_2024,2024-01-15,420,0.13448991045462677,0.025818927884820153,0.04841526106627535,0.033460556215299794,0.002237677167819026,0.6,0.4,flatten,20260824
development_2024,2024-01-22,420,-0.18248208404161667,-0.006176512913381965,-0.0354338253835562,0.03130811092327787,0.0018787518241646965,0.3333333333333333,0.6666666666666666,flatten,20260824
development_2024,2024-01-29,420,0.18827916905910544,0.01601745914941865,0.04316518844291059,0.03284285049132263,0.002178493627427397,0.4,0.6,flatten,20260824
development_2024,2024-02-05,420,0.14788907938415588,0.033888077965258834,0.03950586794507305,0.035775808237387456,0.003446276312388673,0.4,0.6,flatten,20260824
development_2024,2024-02-12,420,-0.028145446240786912,0.017259939433220683,-0.0029100135202963784,0.03034260799508304,0.0017656629608009615,0.4,0.6,flatten,20260824
development_2024,2024-02-19,420,0.074142632576579,-0.0012211900665950494,0.0050494002185486365,0.027199947273262946,0.0017153189044489116,0.5333333333333333,0.4666666666666667,flatten,20260824
development_2024,2024-02-26,420,0.09778967000946716,0.04437193764183306,0.009701903994579611,0.03461860561353898,0.0035962226366434637,0.4,0.6,flatten,20260824
development_2024,2024-03-04,421,-0.18707015086432183,0.01866691588658633,0.003291474300402091,0.030722165009997266,0.001955112365921763,0.6666666666666666,0.3333333333333333,flatten,20260824
development_2024,2024-03-11,421,-0.2095721088358794,0.004881242737723456,-0.022577131321006517,0.036817279436355474,0.002669048722314276,0.6,0.4,flatten,20260824
development_2024,2024-03-18,421,0.24136000790264714,0.013919102079262599,0.022555695757320596,0.027084509835280077,0.0015469175469129362,0.6,0.4,flatten,20260824
development_2024,2024-03-25,422,-0.049462079200355835,0.0065641307468744916,-0.002956659586074103,0.025394237132913052,0.0012617511047984449,0.5333333333333333,0.4666666666666667,flatten,20260824
development_2024,2024-04-01,422,0.14493207318287313,0.016228367859393262,0.02114915948553009,0.03392083105054469,0.0019110896480430382,0.6,0.4,flatten,20260824
development_2024,2024-04-08,422,-0.11886504383852327,-0.01756628682858689,-0.036986858563836635,0.035146346166618235,0.0018629561035121097,0.7333333333333333,0.26666666666666666,flatten,20260824
development_2024,2024-04-15,422,-0.15338624917775573,-0.07003580846467311,-0.06346488906257075,0.0449081371994863,0.003820225391195957,0.7333333333333333,0.26666666666666666,flatten,20260824
development_2024,2024-04-22,422,0.025204526149782712,0.0368558665015411,0.029386766051429994,0.04197825653564217,0.003352038316397373,0.4666666666666667,0.5333333333333333,flatten,20260824
development_2024,2024-04-29,422,-0.13391968860145706,0.028953657778944607,0.024191695876698362,0.03431249725468148,0.002582523376806615,0.4666666666666667,0.5333333333333333,flatten,20260824
development_2024,2024-05-06,422,0.05870203289040925,0.0030593540429622625,0.03333599813861507,0.031670524883861774,0.0019378134975860787,0.6,0.4,flatten,20260824
development_2024,2024-05-13,422,-0.034531346299836826,0.038632461360066525,0.023999989019588094,0.02920439021771588,0.0017167924380844441,0.6666666666666666,0.3333333333333333,flatten,20260824
development_2024,2024-05-20,422,0.12519581568986166,0.016341969364524544,0.030972751621928075,0.03159876562600982,0.0020085651572138317,0.4666666666666667,0.5333333333333333,flatten,20260824
development_2024,2024-05-27,422,-0.04282951506210973,-0.007920509408402,-0.018170780779043758,0.033765995783832777,0.0022631882001474604,0.6666666666666666,0.3333333333333333,flatten,20260824
development_2024,2024-06-03,422,-0.05333356539936926,-0.012694921404723617,-0.01218696520390262,0.03141171792651707,0.0017219529051967623,0.4,0.6,flatten,20260824
development_2024,2024-06-10,422,0.08042868558156561,0.017198858180003097,0.009047286498596204,0.030101692679931548,0.001767532271306237,0.26666666666666666,0.7333333333333333,flatten,20260824
development_2024,2024-06-17,422,-0.16298484068600744,-0.02444788588292459,-0.005217161653306915,0.030418074109491385,0.0015662479666335705,0.4,0.6,flatten,20260824
development_2024,2024-06-24,422,-0.09741815490655405,-0.004353538377937239,0.00319826421733337,0.02766428718634278,0.0014789879822574468,0.4,0.6,flatten,20260824
development_2024,2024-07-01,423,0.30703375754612333,0.03247385130723135,0.04611644745208281,0.02512984153656963,0.0012901007301064878,0.4,0.6,flatten,20260824
development_2024,2024-07-08,423,-0.12482599284755291,0.012596063761955635,0.011168819925527627,0.03801522005632047,0.0023780332252060664,0.3333333333333333,0.6666666666666666,flatten,20260824
development_2024,2024-07-15,423,-0.17139363636421293,-0.02399882164388142,-0.023147377885078386,0.03998021883710885,0.003040405138072607,0.4,0.6,flatten,20260824
development_2024,2024-07-22,423,-0.10707773894392641,-0.010014694367986058,0.03423781572804072,0.03833997644656245,0.0030607190527603754,0.4666666666666667,0.5333333333333333,flatten,20260824
development_2024,2024-07-29,423,0.017540238063981358,-0.02416294438839209,-0.0043005292311769985,0.05053262855348703,0.004513902924881221,0.4,0.6,flatten,20260824
development_2024,2024-08-05,423,-0.1901987756238414,0.0038275448623178087,-0.018102386226006007,0.03758417693989861,0.0029782843914188495,0.3333333333333333,0.6666666666666666,flatten,20260824
development_2024,2024-08-12,423,-0.05577440555351556,0.012839554046636378,0.009352244181645167,0.037947159478562316,0.0027948549816689287,0.4,0.6,flatten,20260824
development_2024,2024-08-19,423,0.07376143373649086,0.0020630387817112614,0.021187505469567935,0.03244222178428737,0.0018331053704460038,0.26666666666666666,0.7333333333333333,flatten,20260824
development_2024,2024-08-26,423,0.05277704316899448,-0.007061892555925995,0.002817787854249669,0.024138964359983257,0.001542953001451547,0.26666666666666666,0.7333333333333333,flatten,20260824
development_2024,2024-09-02,423,0.18187782494071864,-0.007542898224220676,0.007841853392383143,0.05147971859432755,0.003978993014223289,0.4,0.6,flatten,20260824
development_2024,2024-09-09,423,-0.0037866176053698527,0.009820633032685232,-0.019071337822795034,0.040755619203902874,0.0033628003310079424,0.26666666666666666,0.7333333333333333,flatten,20260824
development_2024,2024-09-16,423,-0.1838714157697569,-0.002056371714440716,-0.01450687481549652,0.03310541974587435,0.0022480260841872546,0.4,0.6,flatten,20260824
development_2024,2024-09-23,423,-0.28558783183441433,-0.03317538620466241,-0.07053588131160314,0.04116907009114639,0.004616675626494837,0.4,0.6,flatten,20260824
development_2024,2024-09-30,423,-0.012420543339909931,0.024078685669405533,0.0312928180274996,0.0353462231968033,0.0019875759138500374,0.26666666666666666,0.7333333333333333,flatten,20260824
development_2024,2024-10-07,423,-0.039977568535828505,-0.0115254872135457,-0.028965293228750875,0.02563695804072292,0.0014456641782035018,0.2,0.8,flatten,20260824
development_2024,2024-10-14,423,0.035232841388556466,-0.0468645161573439,-0.037978448367107495,0.02971862497440205,0.0017856624063515608,0.5333333333333333,0.4666666666666667,flatten,20260824
development_2024,2024-10-21,423,0.028785301651506244,0.014098279467070922,0.013754442820599937,0.03718114851529077,0.00233800177356057,0.4,0.6,flatten,20260824
development_2024,2024-10-28,423,0.0542811942899652,0.011389370545985617,0.0373952234772632,0.03518397496345461,0.002858992955109763,0.26666666666666666,0.7333333333333333,flatten,20260824
development_2024,2024-11-04,423,0.28160857760925107,0.05919687552200783,0.11960542652109324,0.046879188288419554,0.004114047132603543,0.4666666666666667,0.5333333333333333,flatten,20260824
development_2024,2024-11-11,424,0.10457726245857636,0.04337139781462103,0.057830898553963596,0.04440721873607374,0.003284368129603603,0.5333333333333333,0.4666666666666667,flatten,20260824
development_2024,2024-11-18,424,0.26083390401523915,0.0541134100821504,0.014560812454510741,0.03555109448489196,0.0042421943863231604,0.6666666666666666,0.3333333333333333,flatten,20260824
development_2024,2024-11-25,424,-0.2861748569359498,-0.02155501516451231,-0.0390272380546609,0.03300132895153976,0.0021711983616783475,0.7333333333333333,0.26666666666666666,flatten,20260824
development_2024,2024-12-02,424,0.10355397076534346,0.027236693878801496,0.0359058605418815,0.03636403193107757,0.0027113451087047557,0.7333333333333333,0.26666666666666666,flatten,20260824
development_2024,2024-12-09,424,0.04444313253201722,-0.004071962803976922,0.008797168336711198,0.03145926223410686,0.0019832772887820775,0.6,0.4,flatten,20260824
development_2024,2024-12-16,424,0.04740579812816335,-0.005871612706808388,0.012084422670537144,0.04156201907825327,0.002763656209800914,0.7333333333333333,0.26666666666666666,flatten,20260824
development_2024,2024-12-23,424,-0.1684536488220338,-0.018951068932131592,-0.02692083868421839,0.020343338297106866,0.0008282702742090055,0.6666666666666666,0.3333333333333333,flatten,20260824
development_2024,2024-01-08,420,0.07362043678576086,-0.004830238869989758,0.011999032772510049,0.03075368201724232,0.001825882656888665,,,flatten,20260825
development_2024,2024-01-15,420,0.14562376041976266,0.0032427222749620743,0.028855827687266355,0.033417917614289125,0.002235713032392898,0.4,0.6,flatten,20260825
development_2024,2024-01-22,420,-0.17308342369935686,-0.016769180206427,-0.04098735721468852,0.031215687848065166,0.001872625386839817,0.2,0.8,flatten,20260825
development_2024,2024-01-29,420,0.16847779344392133,0.011012743339773033,0.03338610448326577,0.032942621717626804,0.002183005261789952,0.3333333333333333,0.6666666666666666,flatten,20260825
development_2024,2024-02-05,420,0.13550740893412902,0.02163888495023859,0.030134025444593707,0.035968968681471994,0.0034839860552013133,0.5333333333333333,0.4666666666666667,flatten,20260825
development_2024,2024-02-12,420,0.0193086614517575,0.02418889984240026,0.015453261718097818,0.03082391614283216,0.0017686611053150882,0.4666666666666667,0.5333333333333333,flatten,20260825
development_2024,2024-02-19,420,0.0915937364235843,-0.013120402241989588,-0.020303764352817978,0.027125485199526022,0.001659937885835752,0.4,0.6,flatten,20260825
development_2024,2024-02-26,420,0.13436227772590223,0.036262737975483364,0.008721466195135454,0.034628350955676596,0.0036172083501516852,0.5333333333333333,0.4666666666666667,flatten,20260825
development_2024,2024-03-04,421,-0.19224804082229982,0.01402668416264462,0.028669068193538722,0.03098550645523906,0.0020045124904521394,0.5333333333333333,0.4666666666666667,flatten,20260825
development_2024,2024-03-11,421,-0.1629521225698236,0.003100692451645982,-0.025857275699012677,0.03612640660342164,0.0026971630509296397,0.6,0.4,flatten,20260825
development_2024,2024-03-18,421,0.26219354979815424,0.01397873150825172,0.021225677492998057,0.026837942706257587,0.001529741263583436,0.6,0.4,flatten,20260825
development_2024,2024-03-25,422,-0.009066463044696159,0.004403791851787713,-0.0044241873462275896,0.025177485547073886,0.0012702006793754385,0.4,0.6,flatten,20260825
development_2024,2024-04-01,422,0.13376959085029658,-0.0054951020799162455,-0.005210086767372607,0.03398337668833411,0.0019581977168269525,0.6,0.4,flatten,20260825
development_2024,2024-04-08,422,-0.10224874374968615,-0.014885861407183874,-0.02875212006461108,0.034855562485250464,0.0018242916111110609,0.6,0.4,flatten,20260825
development_2024,2024-04-15,422,-0.13384591715354627,-0.07388389733360547,-0.06096183764352793,0.04405676637606217,0.0037361808967872772,0.6666666666666666,0.3333333333333333,flatten,20260825
development_2024,2024-04-22,422,0.017310023152578118,0.046104571169592004,0.04623494834096144,0.042231222672800765,0.0033557040919253733,0.4666666666666667,0.5333333333333333,flatten,20260825
development_2024,2024-04-29,422,-0.16661034009036685,0.018595478323408455,0.003917212500275227,0.03462238579685417,0.0026396083182868386,0.5333333333333333,0.4666666666666667,flatten,20260825
development_2024,2024-05-06,422,0.0632669206671909,0.0008591281148509003,0.020387607832668894,0.03187135840150402,0.001965025349397884,0.3333333333333333,0.6666666666666666,flatten,20260825
development_2024,2024-05-13,422,-0.004939812994960832,0.04358372568732678,0.02178718630168685,0.0294240859419906,0.0017374417669661249,0.5333333333333333,0.4666666666666667,flatten,20260825
development_2024,2024-05-20,422,0.0872143781510049,0.003135519740184437,0.017490660432621354,0.03205974436605949,0.002073736494225163,0.5333333333333333,0.4666666666666667,flatten,20260825
development_2024,2024-05-27,422,-0.03614457638941617,-0.010162821840671592,-0.025720393168697092,0.03406094496796177,0.0022880340947072663,0.4666666666666667,0.5333333333333333,flatten,20260825
development_2024,2024-06-03,422,-0.05551094094886777,-0.011798239980598578,-0.016011609000554365,0.031543757151374655,0.001727123774115628,0.3333333333333333,0.6666666666666666,flatten,20260825
development_2024,2024-06-10,422,0.00017740277467679996,0.008662225994597653,0.009885975094594287,0.030170997136913902,0.0018052842415046467,0.26666666666666666,0.7333333333333333,flatten,20260825
development_2024,2024-06-17,422,-0.15682205057320178,-0.019399208886479023,0.01967951754507029,0.029837229114024238,0.0015167457323252787,0.3333333333333333,0.6666666666666666,flatten,20260825
development_2024,2024-06-24,422,-0.11251240052979727,0.00021875668802375046,-8.212828140129582e-05,0.02843778046962176,0.0015308292388919167,0.3333333333333333,0.6666666666666666,flatten,20260825
development_2024,2024-07-01,423,0.32025338612369453,0.0237616182363977,0.028989389593758463,0.02480847819183637,0.0012733460330050996,0.4666666666666667,0.5333333333333333,flatten,20260825
development_2024,2024-07-08,423,-0.15548058318001678,0.008455700614525205,0.001602190513863684,0.03819466402925119,0.0024005258149120256,0.4666666666666667,0.5333333333333333,flatten,20260825
development_2024,2024-07-15,423,-0.22859593113407317,-0.024770551480432983,-0.024487440409129126,0.04024419636636827,0.003126312730660826,0.4,0.6,flatten,20260825
development_2024,2024-07-22,423,-0.09467701418629974,-0.019219775168660445,-0.007795714748479215,0.038265477088143304,0.003059614890642439,0.4,0.6,flatten,20260825
development_2024,2024-07-29,423,0.10659464118218953,-0.03203297799638946,-0.020670040967996586,0.048927896002019425,0.004271553606483529,0.3333333333333333,0.6666666666666666,flatten,20260825
development_2024,2024-08-05,423,-0.1885010365911277,0.0007639694241829437,-0.010009645091787332,0.03721172128298918,0.002895105379188233,0.3333333333333333,0.6666666666666666,flatten,20260825
development_2024,2024-08-12,423,-0.07543285369193235,0.028349868246748122,0.016117386849970085,0.03725820522168692,0.0027159882386351025,0.4,0.6,flatten,20260825
development_2024,2024-08-19,423,0.04625086329744426,0.004733179389368028,0.01322853030159532,0.032722204923649974,0.0018669042769986896,0.26666666666666666,0.7333333333333333,flatten,20260825
development_2024,2024-08-26,423,0.011859439638306114,-0.015586949448850208,-0.005594552114236363,0.024546345393880592,0.0015958722642598765,0.2,0.8,flatten,20260825
development_2024,2024-09-02,423,0.14912325762951997,-0.00537944939053657,0.00998995493212343,0.05309185172758479,0.004187266819529523,0.5333333333333333,0.4666666666666667,flatten,20260825
development_2024,2024-09-09,423,-0.08179715538339284,0.00024429727229269976,-0.03745285048332786,0.04276880026716851,0.003656177026660769,0.2,0.8,flatten,20260825
development_2024,2024-09-16,423,-0.19785873695065265,-0.010327353075215076,-0.01753475003816301,0.03502786473693578,0.002430049640431285,0.4,0.6,flatten,20260825
development_2024,2024-09-23,423,-0.2832308474806301,-0.03174183339751488,-0.05942600809015981,0.04143872463593662,0.004641765943046976,0.26666666666666666,0.7333333333333333,flatten,20260825
development_2024,2024-09-30,423,0.02999930872784996,0.03348423404541819,0.045595257969132344,0.03554883379283968,0.001965375596536549,0.3333333333333333,0.6666666666666666,flatten,20260825
development_2024,2024-10-07,423,-0.05523216914224542,-0.004824728936367062,-0.032342839927009426,0.02587937214995446,0.0014461163257678835,0.4,0.6,flatten,20260825
development_2024,2024-10-14,423,0.1076057059759526,-0.029179349836555648,-0.0005861587670354003,0.029111832700758854,0.0017370143203127653,0.4666666666666667,0.5333333333333333,flatten,20260825
development_2024,2024-10-21,423,0.04618538270158035,0.009049545519653248,0.006060434493120418,0.03680398464704795,0.0023020689312211063,0.3333333333333333,0.6666666666666666,flatten,20260825
development_2024,2024-10-28,423,0.03178694484980051,-0.009085675514643815,0.017305433924304135,0.03590372136469881,0.00293692793327911,0.4,0.6,flatten,20260825
development_2024,2024-11-04,423,0.2750215150529267,0.06937148737069629,0.13086253776086265,0.04721877564750843,0.0041453573085603315,0.4,0.6,flatten,20260825
development_2024,2024-11-11,424,0.02110326587479632,0.0210400664399061,0.03629872181394063,0.0457108747420963,0.003481037637985387,0.6,0.4,flatten,20260825
development_2024,2024-11-18,424,0.2699106587637061,0.06203746954956134,0.02399825559316919,0.034066512934154095,0.004088691922284531,0.6,0.4,flatten,20260825
development_2024,2024-11-25,424,-0.2707655009012838,-0.025102272795128916,-0.043974487557705506,0.032868165002611624,0.0021286928128785173,0.6,0.4,flatten,20260825
development_2024,2024-12-02,424,0.121688273864343,0.022501704615347434,0.038908019239141174,0.03602494820387351,0.0026811863310907884,0.6,0.4,flatten,20260825
development_2024,2024-12-09,424,0.00935304350563991,-0.006604799273411517,0.0057168024281615305,0.03120900519765943,0.0019528585349603443,0.4666666666666667,0.5333333333333333,flatten,20260825
development_2024,2024-12-16,424,0.10570729134688799,-0.011423560831353811,-0.0025850684680117295,0.04001997329723108,0.0025700364385926695,0.4666666666666667,0.5333333333333333,flatten,20260825
development_2024,2024-12-23,424,-0.14433608047795593,-0.02481264248415086,-0.030824958489363032,0.021029106704821002,0.0008720644544447072,0.6,0.4,flatten,20260825
development_2024,2024-01-08,420,0.12234957600180758,-0.01491389844710268,0.016548307319887226,0.03052158489669792,0.001796853267701586,,,mean,ensemble
development_2024,2024-01-15,420,0.186849779679671,0.01008019608355153,0.038640042909501765,0.03296289110174091,0.0022067337296055936,0.8,0.2,mean,ensemble
development_2024,2024-01-22,420,-0.16815871162210994,-0.02755868002686737,-0.05237629742499711,0.030759764099966416,0.001821999326231048,0.5333333333333333,0.4666666666666667,mean,ensemble
development_2024,2024-01-29,420,0.23143215097591252,0.02246130785458568,0.06026497216814254,0.03318390523499693,0.0021714929838076626,0.6,0.4,mean,ensemble
development_2024,2024-02-05,420,0.1435322357674525,0.032802739745284595,0.05066032198519837,0.03574121471528657,0.0034163989697463776,0.6666666666666666,0.3333333333333333,mean,ensemble
development_2024,2024-02-12,420,-0.04741329113462743,0.01832166765045882,-0.008320111825141748,0.031410856617893876,0.0018115228223106689,0.6,0.4,mean,ensemble
development_2024,2024-02-19,420,0.12029190804822794,0.03833576825301619,0.04423144726835448,0.026378457021912414,0.0015637257778586403,0.7333333333333333,0.26666666666666666,mean,ensemble
development_2024,2024-02-26,420,0.1601363143458053,0.024090280685463008,0.03154202493425366,0.03347214108476575,0.003360459810273889,0.7333333333333333,0.26666666666666666,mean,ensemble
development_2024,2024-03-04,421,-0.1895718515254488,0.01681095380828288,0.029728276909819572,0.030731676989984323,0.0019105854084919911,0.6,0.4,mean,ensemble
development_2024,2024-03-11,421,-0.18694439039138525,-0.01636869403240954,-0.0240660735525939,0.0376490121702043,0.002760519196490106,0.8666666666666667,0.13333333333333333,mean,ensemble
development_2024,2024-03-18,421,0.21512294674811683,0.01774820441100872,0.03526469854773508,0.027111583270624892,0.00155567611997212,0.7333333333333333,0.26666666666666666,mean,ensemble
development_2024,2024-03-25,422,-0.14988513929270908,0.005259136914148115,-0.00851374130085274,0.026215878636373702,0.001254351897827642,0.7333333333333333,0.26666666666666666,mean,ensemble
development_2024,2024-04-01,422,0.18131225513807359,0.006901946249696155,0.003811589335249367,0.03489581737823086,0.0020530658461103152,0.8,0.2,mean,ensemble
development_2024,2024-04-08,422,-0.13800027161305822,-0.013131963322860044,-0.03643460406478654,0.037128467973666854,0.001997842574406067,0.8,0.2,mean,ensemble
development_2024,2024-04-15,422,-0.23206733065760143,-0.07161726158383515,-0.07509079987229425,0.046317866058330416,0.0040083884982783004,0.9333333333333333,0.06666666666666667,mean,ensemble
development_2024,2024-04-22,422,0.0577056393082378,0.06019791638868227,0.06046782140218967,0.03949165052031595,0.003010055752016741,0.7333333333333333,0.26666666666666666,mean,ensemble
development_2024,2024-04-29,422,-0.21521901776830038,0.016678331263158527,-0.013371832734666519,0.03519669731923642,0.002677178098269004,0.6666666666666666,0.3333333333333333,mean,ensemble
development_2024,2024-05-06,422,0.1083824723830118,0.025075562396558584,0.046475809173531175,0.029593508556292752,0.0017924822118035738,0.7333333333333333,0.26666666666666666,mean,ensemble
development_2024,2024-05-13,422,-0.006487416678279954,0.06065366845421928,0.0542469961389791,0.02909882074484694,0.0017374001081899588,0.8666666666666667,0.13333333333333333,mean,ensemble
development_2024,2024-05-20,422,0.06420886389495202,-0.005111611126291803,0.01408183631635503,0.03348703857181043,0.0022129690097038844,0.8666666666666667,0.13333333333333333,mean,ensemble
development_2024,2024-05-27,422,-0.021898223984327243,-0.026597831159371796,-0.05213268243292227,0.03304593833540145,0.0022391035468098818,0.8,0.2,mean,ensemble
development_2024,2024-06-03,422,-0.11089821092654994,-0.03364642308560166,-0.03159609536168042,0.031825330761455765,0.0017747179988972697,0.5333333333333333,0.4666666666666667,mean,ensemble
development_2024,2024-06-10,422,0.029688298454699707,0.015794288551854534,0.007727091862254132,0.030052711831866103,0.0017883322471647853,0.4,0.6,mean,ensemble
development_2024,2024-06-17,422,-0.17637595526639918,-0.0327079544404165,-0.024284202279231986,0.02995382200103021,0.0015274353266976673,0.5333333333333333,0.4666666666666667,mean,ensemble
development_2024,2024-06-24,422,-0.1931615222323722,-0.0182610289603795,-0.02763548242698735,0.028215186072007476,0.0015517050649512514,0.4666666666666667,0.5333333333333333,mean,ensemble
development_2024,2024-07-01,423,0.3172934412225243,0.03332962160543488,0.0470405692454326,0.024539154384083568,0.001177974828297638,0.8,0.2,mean,ensemble
development_2024,2024-07-08,423,-0.168636475196965,-0.0007948111962236583,-0.016593576838019247,0.03590204182987045,0.002127446025558418,0.6,0.4,mean,ensemble
development_2024,2024-07-15,423,-0.2658107892996145,-0.04130817269687498,-0.058156561311061374,0.03982585361610434,0.003074432574550416,0.7333333333333333,0.26666666666666666,mean,ensemble
development_2024,2024-07-22,423,-0.15719972628159634,-0.01862515537082503,0.01615911061979873,0.03883340232769976,0.00315394265427096,0.6666666666666666,0.3333333333333333,mean,ensemble
development_2024,2024-07-29,423,0.0066409691001348935,-0.022720635021302057,-0.02878817869938692,0.05194406009453952,0.004694008208739757,0.6,0.4,mean,ensemble
development_2024,2024-08-05,423,-0.17976611536127216,0.007623406751940352,-0.026475014627574487,0.036580290960174636,0.0028358095154634357,0.5333333333333333,0.4666666666666667,mean,ensemble
development_2024,2024-08-12,423,-0.18913443848090092,0.005821694454326516,-0.021268997811846796,0.039619445726700585,0.0030355301567104916,0.7333333333333333,0.26666666666666666,mean,ensemble
development_2024,2024-08-19,423,0.1238020856124703,0.019687081008106604,0.02991705649497419,0.028981873666259265,0.0015365117942836189,0.7333333333333333,0.26666666666666666,mean,ensemble
development_2024,2024-08-26,423,0.08175323740505314,-0.008257601502877984,0.016899367784608547,0.023541385268344147,0.0014833298869467513,0.7333333333333333,0.26666666666666666,mean,ensemble
development_2024,2024-09-02,423,0.24363014910550015,-0.013001886073845031,0.024486828351596344,0.05068871401882758,0.0038479570081417333,0.8,0.2,mean,ensemble
development_2024,2024-09-09,423,-0.06017349662576745,0.007182952705621054,-0.014151532575199202,0.041463843882616265,0.003410704299502429,0.4666666666666667,0.5333333333333333,mean,ensemble
development_2024,2024-09-16,423,-0.22430655573334143,-0.010410186134755443,-0.03858597282550958,0.03348206589047677,0.0021966815558191488,0.8,0.2,mean,ensemble
development_2024,2024-09-23,423,-0.2703455980233422,-0.025412335794696463,-0.09921693017033005,0.03888761557881255,0.004328715705046335,0.6,0.4,mean,ensemble
development_2024,2024-09-30,423,0.032355500338342835,0.022675073687417044,0.01339803921870315,0.034300444947322734,0.0018947122075605922,0.5333333333333333,0.4666666666666667,mean,ensemble
development_2024,2024-10-07,423,0.00447852395004322,-0.0098896184461843,-0.040818198451545155,0.025399736857223416,0.0014002004644147281,0.6666666666666666,0.3333333333333333,mean,ensemble
development_2024,2024-10-14,423,0.03688285727513202,-0.020427462776004643,-0.012466939925774264,0.029974994424585715,0.0018087964245908292,0.5333333333333333,0.4666666666666667,mean,ensemble
development_2024,2024-10-21,423,0.023014764685252372,0.027885375235275737,0.019292823402107914,0.037645059895204454,0.002376646781052263,0.7333333333333333,0.26666666666666666,mean,ensemble
development_2024,2024-10-28,423,0.07647483547405731,0.019562234086107952,0.0447847699830511,0.03653223018834116,0.002915293175070926,0.8,0.2,mean,ensemble
development_2024,2024-11-04,423,0.28568169264010784,0.06128570802528183,0.13185916773318623,0.046436790209779345,0.0040293824720404915,0.7333333333333333,0.26666666666666666,mean,ensemble
development_2024,2024-11-11,424,0.07921206539621067,0.037691620672599194,0.07325666779173792,0.04561491738212563,0.0033922705123745353,0.8666666666666667,0.13333333333333333,mean,ensemble
development_2024,2024-11-18,424,0.2420757078423501,0.06369268182580651,0.0172686724868715,0.03516842784309915,0.004220734246123657,0.7333333333333333,0.26666666666666666,mean,ensemble
development_2024,2024-11-25,424,-0.32381593343881104,-0.03645562049861292,-0.07567176513094412,0.03284300404970332,0.0021663743872041554,0.9333333333333333,0.06666666666666667,mean,ensemble
development_2024,2024-12-02,424,0.03091946694374257,0.020719307046897797,0.010927976356139171,0.03681028325095619,0.0027579552421291686,0.9333333333333333,0.06666666666666667,mean,ensemble
development_2024,2024-12-09,424,0.006240347604316717,-0.00694207228057999,0.012599219931802193,0.03294816670987382,0.002156097760863897,0.8666666666666667,0.13333333333333333,mean,ensemble
development_2024,2024-12-16,424,0.0691154824033186,0.0018168095079976777,-0.0048662554654868885,0.03919250342579432,0.0024445786561948604,0.8,0.2,mean,ensemble
development_2024,2024-12-23,424,-0.17682055399437974,-0.016572518111318647,-0.029450826694573135,0.020618177889767976,0.0008778988839241277,0.8,0.2,mean,ensemble
development_2024,2024-01-08,420,0.0511799143662136,-0.007811211702183875,0.015368546849263691,0.030948739407317218,0.0018381047376915308,,,flatten,ensemble
development_2024,2024-01-15,420,0.15608251747458884,0.01206288389699057,0.025856622705707863,0.033366408769160735,0.002229534427693565,0.5333333333333333,0.4666666666666667,flatten,ensemble
development_2024,2024-01-22,420,-0.17074100679223156,-0.025205522542090134,-0.05274178707606261,0.031264893342960336,0.0018729045703766614,0.2,0.8,flatten,ensemble
development_2024,2024-01-29,420,0.18568181063546682,0.020001811056391275,0.04389841490340522,0.032940927126625656,0.0021845455221640693,0.4666666666666667,0.5333333333333333,flatten,ensemble
development_2024,2024-02-05,420,0.13572201980412912,0.025567170485937197,0.03406958568098305,0.035938171305855526,0.0034669030828531513,0.5333333333333333,0.4666666666666667,flatten,ensemble
development_2024,2024-02-12,420,-0.012506711651264624,0.02287209055083994,0.005902573187081223,0.03068877119313211,0.0017758536414150304,0.5333333333333333,0.4666666666666667,flatten,ensemble
development_2024,2024-02-19,420,0.08761428383600674,-0.00725018452287093,-0.008380932303215101,0.026956613087293187,0.0016533239229910366,0.4666666666666667,0.5333333333333333,flatten,ensemble
development_2024,2024-02-26,420,0.1221126132072339,0.0361976128330596,0.008656341052711687,0.03441743077463418,0.0035622003662406612,0.6,0.4,flatten,ensemble
development_2024,2024-03-04,421,-0.18042526981410928,0.015839182580508364,0.01642575301212231,0.030755546485714397,0.001959445119522218,0.7333333333333333,0.26666666666666666,flatten,ensemble
development_2024,2024-03-11,421,-0.1901657561629869,0.0031006924516459805,-0.024362054636235433,0.036605417344165156,0.002703709881441396,0.5333333333333333,0.4666666666666667,flatten,ensemble
development_2024,2024-03-18,421,0.2647664933881873,0.020452237335638782,0.025643654645004142,0.026820821718010562,0.001535166227139563,0.6666666666666666,0.3333333333333333,flatten,ensemble
development_2024,2024-03-25,422,-0.020151181967894893,0.005513698022615503,0.0009941421330241333,0.02512249810083483,0.0012450844220511562,0.4666666666666667,0.5333333333333333,flatten,ensemble
development_2024,2024-04-01,422,0.1590747942682779,0.007377855882239202,0.011662767502990161,0.034294951283701844,0.0019706293777023132,0.6,0.4,flatten,ensemble
development_2024,2024-04-08,422,-0.10975746359071667,-0.00998172905700551,-0.03225930090599704,0.0354291562036005,0.0018812771769713154,0.7333333333333333,0.26666666666666666,flatten,ensemble
development_2024,2024-04-15,422,-0.14418238281936435,-0.07352095158339178,-0.06398505849898828,0.04477645952552403,0.0038199379835138804,0.8,0.2,flatten,ensemble
development_2024,2024-04-22,422,0.032666140845502234,0.05416022595586498,0.04928661150892145,0.04173677032242924,0.003302044160711725,0.6666666666666666,0.3333333333333333,flatten,ensemble
development_2024,2024-04-29,422,-0.15601918728295208,0.01998202111755667,0.009943600582443823,0.034491081603777764,0.0026068920290298623,0.5333333333333333,0.4666666666666667,flatten,ensemble
development_2024,2024-05-06,422,0.06445428968594522,0.0030593540429622625,0.02836305665299125,0.03145640390491041,0.0019237358924161282,0.6,0.4,flatten,ensemble
development_2024,2024-05-13,422,-0.009745017043879771,0.04817106714455932,0.02472769563201631,0.029127077954747033,0.001701929091051028,0.6666666666666666,0.3333333333333333,flatten,ensemble
development_2024,2024-05-20,422,0.0988276327724388,0.006890755346040905,0.022450357479127526,0.032005479436970914,0.0020627687460758846,0.6,0.4,flatten,ensemble
development_2024,2024-05-27,422,-0.032894481041416526,-0.01860168221135352,-0.03587054685612447,0.03396130602836791,0.0022809037656500173,0.7333333333333333,0.26666666666666666,flatten,ensemble
development_2024,2024-06-03,422,-0.06512398374137907,-0.008119721929381282,-0.008080453007216487,0.031554845417448095,0.0017362114945085453,0.4,0.6,flatten,ensemble
development_2024,2024-06-10,422,0.03347235871958792,0.009493796653386455,0.01221706994002092,0.030178280645463008,0.00178673029102149,0.2,0.8,flatten,ensemble
development_2024,2024-06-17,422,-0.17800898686333308,-0.021826878253328796,0.0043424837345671895,0.030144440229023392,0.001549813621895999,0.3333333333333333,0.6666666666666666,flatten,ensemble
development_2024,2024-06-24,422,-0.10935811213108845,-0.000681653345180108,0.008279116875023064,0.0282470860992052,0.0015207693927608273,0.3333333333333333,0.6666666666666666,flatten,ensemble
development_2024,2024-07-01,423,0.31939056432541035,0.029263553770011372,0.037207303412074406,0.024873154171856954,0.0012688397644715895,0.5333333333333333,0.4666666666666667,flatten,ensemble
development_2024,2024-07-08,423,-0.13485593951812624,0.01646355738696479,0.00981605901024777,0.03776368345713429,0.002348199892587583,0.4666666666666667,0.5333333333333333,flatten,ensemble
development_2024,2024-07-15,423,-0.20387534143453556,-0.016310665247135158,-0.015873849810308698,0.04007102961023543,0.0030812927643797845,0.4666666666666667,0.5333333333333333,flatten,ensemble
development_2024,2024-07-22,423,-0.11905498023532425,-0.012225144197669471,0.016012867871858922,0.038502539457357474,0.003081962264212901,0.4666666666666667,0.5333333333333333,flatten,ensemble
development_2024,2024-07-29,423,0.06310759809564036,-0.03615309106623103,-0.024647483713877143,0.04993218566933835,0.004411758963047791,0.26666666666666666,0.7333333333333333,flatten,ensemble
development_2024,2024-08-05,423,-0.179654021459878,-0.0006302909784205437,-0.017112412132389725,0.03717377135864706,0.002891247419219823,0.26666666666666666,0.7333333333333333,flatten,ensemble
development_2024,2024-08-12,423,-0.061668927570533535,0.013001104897304723,-0.002442633256611891,0.03699767304600537,0.0026976973042657265,0.4666666666666667,0.5333333333333333,flatten,ensemble
development_2024,2024-08-19,423,0.0600319126739358,0.003763945853310059,0.014913649602320474,0.03213823167438991,0.0018217248481656068,0.3333333333333333,0.6666666666666666,flatten,ensemble
development_2024,2024-08-26,423,0.04667196853379908,-0.015193456540394048,-0.007920480858660612,0.024129545074165107,0.0015475787883235043,0.2,0.8,flatten,ensemble
development_2024,2024-09-02,423,0.15175104309162274,-0.010800845703858454,0.007664038977064573,0.052764023453229315,0.004151181841730111,0.5333333333333333,0.4666666666666667,flatten,ensemble
development_2024,2024-09-09,423,-0.03437858121781859,0.004529135278631857,-0.02436283557684841,0.04151369795869761,0.003468102090009102,0.3333333333333333,0.6666666666666666,flatten,ensemble
development_2024,2024-09-16,423,-0.1935799843100248,-0.0029678776303896526,-0.009408341631724102,0.03370965342222163,0.002296127516704465,0.4,0.6,flatten,ensemble
development_2024,2024-09-23,423,-0.292932281331276,-0.032503858227795925,-0.06259901876243955,0.041263432590353054,0.004619158368059443,0.4666666666666667,0.5333333333333333,flatten,ensemble
development_2024,2024-09-30,423,0.01634509827797131,0.03348423404541819,0.039627735234251234,0.035812604209743436,0.001998154656167666,0.4,0.6,flatten,ensemble
development_2024,2024-10-07,423,-0.03152185149317955,-0.0029996540096690867,-0.03265911454437575,0.025563616579597496,0.0014268442650147949,0.4,0.6,flatten,ensemble
development_2024,2024-10-14,423,0.07400480592692935,-0.031257651527086996,-0.013653185996577385,0.029361817513569914,0.001750878998007752,0.6,0.4,flatten,ensemble
development_2024,2024-10-21,423,0.03497726095143147,0.009049545519653247,0.002618837215327078,0.03741049924275592,0.002356055782532405,0.3333333333333333,0.6666666666666666,flatten,ensemble
development_2024,2024-10-28,423,0.04724036547368314,0.002929262859442961,0.027653372994891217,0.03568237604777024,0.002910979155567867,0.3333333333333333,0.6666666666666666,flatten,ensemble
development_2024,2024-11-04,423,0.2848174439038992,0.06937148737069629,0.1380084175652856,0.0469032846059837,0.0041156866175243575,0.4666666666666667,0.5333333333333333,flatten,ensemble
development_2024,2024-11-11,424,0.054587416660763055,0.03647034628095672,0.05466680520617,0.04506374905160766,0.0033918195732084012,0.6666666666666666,0.3333333333333333,flatten,ensemble
development_2024,2024-11-18,424,0.26212860415141565,0.060344043177379125,0.01562335153551965,0.03454387915727212,0.004155610819519062,0.8,0.2,flatten,ensemble
development_2024,2024-11-25,424,-0.27277619036374084,-0.030940796693321275,-0.051454777688531204,0.032542465986888244,0.0020860491837746222,0.6,0.4,flatten,ensemble
development_2024,2024-12-02,424,0.0949354932659535,0.024594866186527474,0.036117843323202614,0.03638866759578364,0.002726635473056322,0.8,0.2,flatten,ensemble
development_2024,2024-12-09,424,0.020261018096520016,-0.0018770761301539277,0.01901256552935745,0.031858864983625834,0.0020149652928674955,0.6666666666666666,0.3333333333333333,flatten,ensemble
development_2024,2024-12-16,424,0.08393904330098156,1.438700227257561e-06,0.0054761977774252235,0.04106314531406516,0.002685381615622293,0.6,0.4,flatten,ensemble
development_2024,2024-12-23,424,-0.15185900614762163,-0.018845223125718038,-0.02310912202685643,0.020305042906413773,0.0008314693739538923,0.6,0.4,flatten,ensemble
development_2024,2024-01-08,420,0.19765482959491995,0.0176238056752478,0.021614035944557228,0.031406916440879576,0.0018549402708858752,,,causal_historical_mean,control
development_2024,2024-01-15,420,0.4011985814626419,0.041851266196349934,0.06133707964052441,0.032783411321084296,0.002181546866218632,0.9333333333333333,0.06666666666666667,causal_historical_mean,control
development_2024,2024-01-22,420,-0.16623174896521117,-0.009605509546636765,-0.04575442530735145,0.028284653115662643,0.001716360924540453,0.8666666666666667,0.13333333333333333,causal_historical_mean,control
development_2024,2024-01-29,420,0.24690567568815178,0.0367109137630776,0.051312706193253524,0.03205688331177739,0.0021241537485532113,1.0,0.0,causal_historical_mean,control
development_2024,2024-02-05,420,0.2540197425803353,0.0681697045340723,0.05082019833016004,0.03610833674436262,0.003625404716063678,0.9333333333333333,0.06666666666666667,causal_historical_mean,control
development_2024,2024-02-12,420,-0.1396133602960172,0.018509386201441606,0.01920344632585195,0.02796930953066926,0.0016188177864861306,0.9333333333333333,0.06666666666666667,causal_historical_mean,control
development_2024,2024-02-19,420,0.12598913850293697,0.00803930462223716,0.002525358979176308,0.028150224286608457,0.001668453048351758,0.9333333333333333,0.06666666666666667,causal_historical_mean,control
development_2024,2024-02-26,420,0.274315937975029,0.044127264970714467,0.014971660626544231,0.034717859787526825,0.0036943092370668967,0.9333333333333333,0.06666666666666667,causal_historical_mean,control
development_2024,2024-03-04,421,-0.18583377424547737,-0.002979577095676615,0.012081079104235693,0.027819668381280367,0.0018041524690354711,1.0,0.0,causal_historical_mean,control
development_2024,2024-03-11,421,-0.14323940966554466,-0.024657451812386797,-0.03293733766631171,0.03214353414660077,0.002224679122799243,0.9333333333333333,0.06666666666666667,causal_historical_mean,control
development_2024,2024-03-18,421,0.25184106625587077,0.03163671645821099,0.04536325590082154,0.028432666824409366,0.001563862523530228,0.9333333333333333,0.06666666666666667,causal_historical_mean,control
development_2024,2024-03-25,422,-0.1422820494825979,-0.006107451008819658,-0.011524843564374394,0.023008630813169614,0.0010573520744957257,1.0,0.0,causal_historical_mean,control
development_2024,2024-04-01,422,0.010179900937081019,-0.0021921057800477293,-0.0051312185475167055,0.03166944195709502,0.0016851221527422048,0.9333333333333333,0.06666666666666667,causal_historical_mean,control
development_2024,2024-04-08,422,0.02987703720771557,0.0060491368637967235,0.009668507382265655,0.031152286683723534,0.0014149310868159547,0.9333333333333333,0.06666666666666667,causal_historical_mean,control
development_2024,2024-04-15,422,-0.3775034288953022,-0.07786972905718403,-0.10253013092632218,0.04062504425004942,0.003112228150401726,0.9333333333333333,0.06666666666666667,causal_historical_mean,control
development_2024,2024-04-22,422,0.18685772832961722,0.07660682242608777,0.07288442002733199,0.04055710478962529,0.0031229063668236265,0.9333333333333333,0.06666666666666667,causal_historical_mean,control
development_2024,2024-04-29,422,-0.12237876832180576,-0.003489123896437853,-0.039284968047557094,0.03308859969908479,0.0025046148622911626,0.9333333333333333,0.06666666666666667,causal_historical_mean,control
development_2024,2024-05-06,422,0.058145234104987474,-0.003458825762853805,0.0019300222374094757,0.030085235142878232,0.0018129015077886297,0.9333333333333333,0.06666666666666667,causal_historical_mean,control
development_2024,2024-05-13,422,0.0020106712319804365,0.022320643854820948,0.004963165048380382,0.028800377248549024,0.001791033600980791,0.9333333333333333,0.06666666666666667,causal_historical_mean,control
development_2024,2024-05-20,422,0.26751371298643356,0.03059571336098336,0.04826604220404941,0.031662083285029625,0.0020211108719672354,0.9333333333333333,0.06666666666666667,causal_historical_mean,control
development_2024,2024-05-27,422,-0.3055583831949281,-0.030477659586890367,-0.07015097311458848,0.03148143677559801,0.0019818075098425327,1.0,0.0,causal_historical_mean,control
development_2024,2024-06-03,422,0.06895722497350443,0.012411131015459896,0.01142272555222346,0.029393493058808083,0.001463781098080727,0.9333333333333333,0.06666666666666667,causal_historical_mean,control
development_2024,2024-06-10,422,0.3932807940618457,0.044781937027141956,0.0626066176105635,0.028758190621642792,0.0016297087147859675,1.0,0.0,causal_historical_mean,control
development_2024,2024-06-17,422,-0.19500196843619944,-0.029972416133639233,-0.019812638741012405,0.02664739819903739,0.0012909055766128351,0.8666666666666667,0.13333333333333333,causal_historical_mean,control
development_2024,2024-06-24,422,-0.08747577527986553,0.0019242569974827575,0.005813649597598574,0.024945595334444494,0.0012674683880914196,0.9333333333333333,0.06666666666666667,causal_historical_mean,control
development_2024,2024-07-01,423,0.17801764075791332,0.05525483954600021,0.04751323524000706,0.02555806381855657,0.00124138734445636,1.0,0.0,causal_historical_mean,control
development_2024,2024-07-08,423,-0.12368888187046828,-0.013116236103046587,-0.017110510297376383,0.03392461329708354,0.0018599169206695724,0.8666666666666667,0.13333333333333333,causal_historical_mean,control
development_2024,2024-07-15,423,-0.26439526687861453,-0.06335541675890921,-0.06141378969226904,0.03584924484037764,0.0026134331121410973,0.9333333333333333,0.06666666666666667,causal_historical_mean,control
development_2024,2024-07-22,423,-0.16132214994517385,-0.048903723310037235,-0.05322189514681858,0.03622411449013565,0.0028946577434195955,0.8666666666666667,0.13333333333333333,causal_historical_mean,control
development_2024,2024-07-29,423,-0.09319997488589253,-0.03975678278048321,-0.036402458602650255,0.04899561964650551,0.004220920314184251,0.9333333333333333,0.06666666666666667,causal_historical_mean,control
development_2024,2024-08-05,423,0.1216177607475379,0.02598191246173532,0.013266338608904232,0.033194633777961405,0.0024314110514992997,0.9333333333333333,0.06666666666666667,causal_historical_mean,control
development_2024,2024-08-12,423,0.11400885208868831,0.051527214542322966,0.05516745107983084,0.037097913477601496,0.002567474062513458,1.0,0.0,causal_historical_mean,control
development_2024,2024-08-19,423,-0.08834791029697432,-0.005433945211913274,-0.0055459191250871,0.029496116909923834,0.001563435981390899,0.9333333333333333,0.06666666666666667,causal_historical_mean,control
development_2024,2024-08-26,423,-0.09322185460073325,-0.02511345924718239,-0.010147668320867309,0.022899235310373717,0.0014722067748538159,1.0,0.0,causal_historical_mean,control
development_2024,2024-09-02,423,-0.200278348024452,-0.033575890844738866,-0.05262224184099337,0.04763077333657022,0.0035977592208740893,0.9333333333333333,0.06666666666666667,causal_historical_mean,control
development_2024,2024-09-09,423,0.38092615247434203,0.07942178954919071,0.07427412018850774,0.040265138251338546,0.0030211719245398965,0.9333333333333333,0.06666666666666667,causal_historical_mean,control
development_2024,2024-09-16,423,-0.003306690816798294,0.048223731828104376,0.04289592051214246,0.029784675687576635,0.0018355948424534268,1.0,0.0,causal_historical_mean,control
development_2024,2024-09-23,423,-0.07708730894093935,-0.009421553627519529,-0.05075714497399644,0.03732218747660993,0.003993193424636919,1.0,0.0,causal_historical_mean,control
development_2024,2024-09-30,423,0.11439301548766713,0.037418939062220026,0.0027382689695176453,0.031072571130121726,0.0017088315004920222,1.0,0.0,causal_historical_mean,control
development_2024,2024-10-07,423,0.25859048340217516,0.014067915838113424,0.033864011744624355,0.02381019290058023,0.0011867335109153596,1.0,0.0,causal_historical_mean,control
development_2024,2024-10-14,423,0.021645697021124392,-0.0033162569031849466,0.03681211872261472,0.027847479739131372,0.0015954727506543235,1.0,0.0,causal_historical_mean,control
development_2024,2024-10-21,423,0.07091786355048792,0.02218082450789406,0.023259659745003356,0.03312314073196373,0.0019750653272721857,0.9333333333333333,0.06666666666666667,causal_historical_mean,control
development_2024,2024-10-28,423,-0.06227379070181881,-0.012061483241171228,-0.000634375084679839,0.03421599243416576,0.002844308326602042,0.9333333333333333,0.06666666666666667,causal_historical_mean,control
development_2024,2024-11-04,423,0.2991058489868424,0.06449667998882833,0.08610670488486502,0.04905421787143477,0.004564990933085983,0.9333333333333333,0.06666666666666667,causal_historical_mean,control
development_2024,2024-11-11,424,-0.08717909966073945,-0.01241168002764241,-0.011590067334416677,0.04327228957610952,0.0032420414440647786,1.0,0.0,causal_historical_mean,control
development_2024,2024-11-18,424,0.26333892208027326,0.07042510452017048,0.0785248432418975,0.03679698097811714,0.0042602580178341485,0.9333333333333333,0.06666666666666667,causal_historical_mean,control
development_2024,2024-11-25,424,-0.08646153603954629,-0.033569244386232225,-0.05854276625354332,0.027403605270691876,0.0015571544179256605,0.9333333333333333,0.06666666666666667,causal_historical_mean,control
development_2024,2024-12-02,424,0.10112436142662605,0.01461525105919095,-0.0014694235489595767,0.03447252663050073,0.0026106893583716087,0.9333333333333333,0.06666666666666667,causal_historical_mean,control
development_2024,2024-12-09,424,-0.00575137160444266,-0.008151592397552216,-0.00929381079108984,0.029767364011584665,0.0018172009253608792,1.0,0.0,causal_historical_mean,control
development_2024,2024-12-16,424,-0.1269054872049181,-0.00728922148017578,8.780403190059016e-05,0.038489253603841055,0.0022725321316093288,0.8666666666666667,0.13333333333333333,causal_historical_mean,control
development_2024,2024-12-23,424,-0.24974724695177147,-0.0025515371865242244,-0.016691392883670417,0.017085993497422392,0.0005825196912148225,0.9333333333333333,0.06666666666666667,causal_historical_mean,control
development_2024,2024-01-08,420,-0.01499474000905415,-0.015791081826083853,0.0020292537221366326,0.03173695429469695,0.0018709182028600936,,,ridge,control
development_2024,2024-01-15,420,-0.26936126136121596,-0.02849123997497188,-0.04315906955943373,0.03411599636474537,0.0023304379329166882,0.3333333333333333,0.6666666666666666,ridge,control
development_2024,2024-01-22,420,0.2435899782392676,0.02351221123074433,0.045288763493680925,0.027857603702842012,0.0016495483962522502,0.3333333333333333,0.6666666666666666,ridge,control
development_2024,2024-01-29,420,0.06182040228605118,0.011344691093410455,0.027347949666624564,0.032462014101652475,0.00215805273099438,0.06666666666666667,0.9333333333333333,ridge,control
development_2024,2024-02-05,420,-0.0027136532196084685,-0.0019928245813599695,0.009382802167258043,0.036557865419474346,0.0037224625203024185,0.06666666666666667,0.9333333333333333,ridge,control
development_2024,2024-02-12,420,0.06959449883502741,0.00686617225320998,0.0007350202196307731,0.027919527434237416,0.0016570779541025624,0.0,1.0,ridge,control
development_2024,2024-02-19,420,0.019036875777432984,-0.007383538475128123,0.005595965816178003,0.028746369060570248,0.001715875707881744,0.13333333333333333,0.8666666666666667,ridge,control
development_2024,2024-02-26,420,0.1757178733601502,0.07794069309208584,0.07397640538246361,0.034972950399778324,0.0036886430390207603,0.4666666666666667,0.5333333333333333,ridge,control
development_2024,2024-03-04,421,0.09417031055760779,-0.016853266478400276,-0.004054389644137087,0.02740097235565425,0.0017555968169048251,0.2,0.8,ridge,control
development_2024,2024-03-11,421,-0.011541498543783783,-0.021893237224153077,-0.01617666166577693,0.03152632227693539,0.002164488724320519,0.26666666666666666,0.7333333333333333,ridge,control
development_2024,2024-03-18,421,-0.012542356213417954,0.005101194919119888,-0.006560593193038457,0.029111208570350416,0.0016006434354830011,0.3333333333333333,0.6666666666666666,ridge,control
development_2024,2024-03-25,422,0.23236816487375705,0.024168416254818782,0.0412309292734136,0.022220298491164036,0.000993405171701523,0.13333333333333333,0.8666666666666667,ridge,control
development_2024,2024-04-01,422,-0.04966008048912068,0.012892431639511717,0.0022709215835444376,0.031288506600670174,0.0016640331590606747,0.4,0.6,ridge,control
development_2024,2024-04-08,422,0.048445885489307894,0.0070371856728722836,0.011958273397521871,0.030531854049082652,0.0013655748431290037,0.26666666666666666,0.7333333333333333,ridge,control
development_2024,2024-04-15,422,0.0770518023266908,-0.012921410951909778,0.04634987067580754,0.03997146689454482,0.0029476095695892698,0.26666666666666666,0.7333333333333333,ridge,control
development_2024,2024-04-22,422,0.24348657595173756,0.017526025098967002,0.013848112951440228,0.04040590582311027,0.003094007397350351,0.13333333333333333,0.8666666666666667,ridge,control
development_2024,2024-04-29,422,0.07612662533709122,-0.00234682807159969,-0.03188345080959495,0.03291970145776544,0.002500234485755429,0.2,0.8,ridge,control
development_2024,2024-05-06,422,0.005701878241822008,-0.006678467733135853,-0.008545910424696717,0.03053995513138018,0.001852055732282374,0.0,1.0,ridge,control
development_2024,2024-05-13,422,0.2022175266995369,0.025992214411418305,0.03407143911693958,0.028683734466339973,0.0017675332113034166,0.13333333333333333,0.8666666666666667,ridge,control
development_2024,2024-05-20,422,0.024128772373646638,-0.0012492332443440777,0.010694072273380135,0.032147243102061344,0.0020761933684836724,0.3333333333333333,0.6666666666666666,ridge,control
development_2024,2024-05-27,422,0.02910195796927643,0.01425016307145054,0.010610514175907065,0.030959489278319485,0.001926360674200841,0.26666666666666666,0.7333333333333333,ridge,control
development_2024,2024-06-03,422,0.1662411701301792,0.01164274010923201,0.0359205539903122,0.02935141190010348,0.001473495704266138,0.06666666666666667,0.9333333333333333,ridge,control
development_2024,2024-06-10,422,-0.09342180212237439,0.007360427775520546,0.0038345254703268596,0.029534324600073908,0.0017202828771279003,0.26666666666666666,0.7333333333333333,ridge,control
development_2024,2024-06-17,422,0.17316881342378485,-0.007973857054105497,0.008443426734869468,0.025922598935854115,0.0012361128810641994,0.3333333333333333,0.6666666666666666,ridge,control
development_2024,2024-06-24,422,0.014110227082337933,0.002518782117795634,-0.002500636585060882,0.024624012322378125,0.0012550409765422366,0.26666666666666666,0.7333333333333333,ridge,control
development_2024,2024-07-01,423,-0.09437117382450437,0.004366259015406569,-0.023054690155929473,0.026008045742921773,0.0012937407988932346,0.4,0.6,ridge,control
development_2024,2024-07-08,423,0.15591278682245022,0.007203186612742239,0.012340832717857127,0.03381836276472932,0.0018410272559238104,0.4666666666666667,0.5333333333333333,ridge,control
development_2024,2024-07-15,423,-0.10070471707626126,0.0006844927048746813,-0.011834611981994803,0.03501437639587301,0.0024918864116666036,0.2,0.8,ridge,control
development_2024,2024-07-22,423,-0.22740856023231815,-0.04913154944860439,-0.053214635403851115,0.036256009225199955,0.002885062687770916,0.13333333333333333,0.8666666666666667,ridge,control
development_2024,2024-07-29,423,-0.28235803711687507,-0.011124721435368624,-0.03840167694342118,0.049128297313211604,0.004225678300528555,0.2,0.8,ridge,control
development_2024,2024-08-05,423,0.17134179095295987,0.020919147968160447,0.0501019351456099,0.03314856362189525,0.002425245365491355,0.13333333333333333,0.8666666666666667,ridge,control
development_2024,2024-08-12,423,0.029430119044674574,0.015070700191127329,0.02167816561468724,0.03693845087405375,0.0025535344781596205,0.13333333333333333,0.8666666666666667,ridge,control
development_2024,2024-08-19,423,-0.12134315447142098,0.012595792282481474,0.00040466913378279373,0.03007198256549976,0.0015925233327813216,0.26666666666666666,0.7333333333333333,ridge,control
development_2024,2024-08-26,423,-0.07180890700994354,-0.060945380229276674,-0.05358945229416178,0.023021139247788446,0.0014879480257192314,0.2,0.8,ridge,control
development_2024,2024-09-02,423,-0.39872831292177907,-0.030669877082692996,-0.05801708393658271,0.04792557832620111,0.003670007523812808,0.6,0.4,ridge,control
development_2024,2024-09-09,423,0.24224792190273606,0.07453593693704036,0.09442802095691119,0.03946302607459981,0.002900052778999071,0.4666666666666667,0.5333333333333333,ridge,control
development_2024,2024-09-16,423,0.04616160040284043,0.03087739085530803,-0.005807274572890819,0.030099963111682,0.001886316332070928,0.13333333333333333,0.8666666666666667,ridge,control
development_2024,2024-09-23,423,0.18594840319304315,0.06573343576712504,0.08762316115584244,0.03752018317373705,0.003929654363096911,0.26666666666666666,0.7333333333333333,ridge,control
development_2024,2024-09-30,423,0.16846080328360613,0.014926590434153456,-0.03340403185381187,0.030661545686485474,0.0016762199273934815,0.26666666666666666,0.7333333333333333,ridge,control
development_2024,2024-10-07,423,-0.04432069193171246,0.01410508553148286,0.013832982076076248,0.024207182117076825,0.0012201911456756844,0.2,0.8,ridge,control
development_2024,2024-10-14,423,-0.3737868649412767,-0.05981791313114317,-0.05751332006781426,0.028698027167066674,0.0016857377877341042,0.2,0.8,ridge,control
development_2024,2024-10-21,423,0.05164231042178383,0.003062468588021755,0.004379997213625714,0.033158744019839974,0.001963372773905965,0.6,0.4,ridge,control
development_2024,2024-10-28,423,-0.06754664342977532,-0.03950302866216607,-0.05947264452222596,0.0342160041606555,0.002860461427935749,0.26666666666666666,0.7333333333333333,ridge,control
development_2024,2024-11-04,423,-0.11466999999365804,0.008991173333742858,-0.01243076443694395,0.050130200055578104,0.004727771112420148,0.26666666666666666,0.7333333333333333,ridge,control
development_2024,2024-11-11,424,-0.20270904668571563,-0.006006839657294524,-0.022471510871846366,0.042240729158604,0.0031688144931308277,0.3333333333333333,0.6666666666666666,ridge,control
development_2024,2024-11-18,424,0.1140956069300462,0.06886737377270237,0.07320201894719063,0.036457882575470474,0.004164608693579196,0.2,0.8,ridge,control
development_2024,2024-11-25,424,0.33689265670137986,0.02382161596450308,0.040516581870146604,0.026960947953719696,0.0014978739908288769,0.2,0.8,ridge,control
development_2024,2024-12-02,424,0.07612487307247266,0.061582455553938195,0.06130688583939821,0.03451869208810774,0.002605485518742661,0.13333333333333333,0.8666666666666667,ridge,control
development_2024,2024-12-09,424,-0.07532402925039948,-0.029972076567865165,-0.049003227165797365,0.029619570661798485,0.0018245893562167858,0.13333333333333333,0.8666666666666667,ridge,control
development_2024,2024-12-16,424,-0.12366763485803793,0.0012783072610951934,-0.01152110947355835,0.03907818936645137,0.002326163733401935,0.26666666666666666,0.7333333333333333,ridge,control
development_2024,2024-12-23,424,0.09468392093890947,0.008398809183325615,0.013693970308541909,0.017199946257461185,0.0005674527409478905,0.13333333333333333,0.8666666666666667,ridge,control
development_2025,2025-01-06,424,-0.09264442187955069,-0.009697365034699559,-0.0058711359821263555,0.03145633579694364,0.001776641515588543,,,mean,20260823
development_2025,2025-01-13,424,-0.11720987712628204,0.022697550542418413,0.006880312765181709,0.047204309220965024,0.003638531436111379,0.8666666666666667,0.13333333333333333,mean,20260823
development_2025,2025-01-20,424,-0.20761754079391692,-0.04912582674645928,-0.06004050645243654,0.04687332151216028,0.003790198060742398,0.8,0.2,mean,20260823
development_2025,2025-01-27,424,-0.06564463440936391,-0.01202780626887538,-0.004563734675408621,0.03478525147296484,0.0023998712742496708,0.6666666666666666,0.3333333333333333,mean,20260823
development_2025,2025-02-03,424,0.163612698404952,0.01753751983681593,0.03967502720582828,0.03452103252844757,0.002669325962433932,0.5333333333333333,0.4666666666666667,mean,20260823
development_2025,2025-02-10,424,-0.023101518407443265,-0.000616094022122279,-0.012043517077558246,0.03956225655090962,0.0032765310924620953,0.5333333333333333,0.4666666666666667,mean,20260823
development_2025,2025-02-17,424,-0.17068120412627447,-0.016308538337087456,0.012757372977285429,0.04392504065510783,0.00401090504094228,0.5333333333333333,0.4666666666666667,mean,20260823
development_2025,2025-02-24,424,-0.12278949315575285,-0.03313751697014414,-0.02602308833731293,0.03476726474769678,0.002474451251317841,0.6666666666666666,0.3333333333333333,mean,20260823
development_2025,2025-03-03,424,-0.024536330790847046,-0.011012868317385627,-0.03382317034999778,0.04562239442861474,0.0038213503820165493,0.5333333333333333,0.4666666666666667,mean,20260823
development_2025,2025-03-10,424,-0.018108012373958014,0.01778788102391879,0.002023602396375683,0.03751970294123069,0.002335009576374464,0.7333333333333333,0.26666666666666666,mean,20260823
development_2025,2025-03-17,424,-0.19580292976283245,0.002981047015361706,-0.01616411884270942,0.025710157067275367,0.0011369641700750882,0.6,0.4,mean,20260823
development_2025,2025-03-24,424,0.17773584905660375,-0.00048389508527177036,0.020131389844671707,0.028966268322209908,0.0015126783787674765,0.6666666666666666,0.3333333333333333,mean,20260823
development_2025,2025-03-31,424,0.10332727229791956,-0.031042647385292194,0.011543676199304298,0.09529882837033363,0.012336588436994186,0.7333333333333333,0.26666666666666666,mean,20260823
development_2025,2025-04-07,424,-0.17311482119945526,0.01658914153302426,-0.009093111682011525,0.06083222880702723,0.006501522635120603,0.8,0.2,mean,20260823
development_2025,2025-04-14,424,0.2863280358309521,0.02222894039770583,0.060067810635131606,0.03005340342814053,0.001787332113199899,0.6666666666666666,0.3333333333333333,mean,20260823
development_2025,2025-04-21,424,-0.347260962996198,-0.0385683258326337,-0.08403772384528417,0.0626023064708981,0.0059742904895733135,0.4,0.6,mean,20260823
development_2025,2025-04-28,424,-0.15664218638077473,-0.03240911322432542,-0.034527787749336326,0.0474588063122416,0.0035452125657840098,0.6,0.4,mean,20260823
development_2025,2025-05-05,424,-0.21677946489715916,-0.0011685249983499654,-0.033172328949850234,0.03742387536449971,0.002818794048031209,0.5333333333333333,0.4666666666666667,mean,20260823
development_2025,2025-05-12,424,-0.5141752662526271,-0.04683596374422786,-0.06819851668634214,0.0660010760210088,0.006789805858068376,0.8,0.2,mean,20260823
development_2025,2025-05-19,425,0.46516812305575966,0.06139393775427422,0.10315377188188775,0.028837558467842996,0.0017510416495089495,0.4666666666666667,0.5333333333333333,mean,20260823
development_2025,2025-05-26,425,0.06518281976140834,0.019594989138911556,0.017244211000197338,0.02725168833706011,0.0015342043901629028,0.6,0.4,mean,20260823
development_2025,2025-06-02,425,0.04001211642822987,0.006647559011300923,-0.015460374421560417,0.029847479002523165,0.0018530126756015398,0.4666666666666667,0.5333333333333333,mean,20260823
development_2025,2025-06-09,425,-0.15387254200624287,-0.022335508724232855,-0.04463129748974397,0.032709289613571585,0.001899842898689959,0.8,0.2,mean,20260823
development_2025,2025-06-16,425,0.266197271662053,0.03815429807198161,0.05284646301560615,0.025995362816747546,0.001371821979438166,0.6666666666666666,0.3333333333333333,mean,20260823
development_2025,2025-06-23,425,0.09458489002829408,0.00913895154930935,0.015248416653625186,0.037708269697498825,0.0023552371616064626,0.6,0.4,mean,20260823
development_2025,2025-06-30,425,0.08213331040627785,0.002575288657938662,0.014280829075737127,0.0269786812696542,0.0013559136982907744,0.6,0.4,mean,20260823
development_2025,2025-07-07,426,0.04373403390448768,0.013366579479703097,0.007125222427156571,0.03077181957567816,0.0016361020818916477,0.7333333333333333,0.26666666666666666,mean,20260823
development_2025,2025-07-14,426,0.13009598575056897,0.037853828470761554,0.038450640284166795,0.03194465548204443,0.0018082668790409097,0.7333333333333333,0.26666666666666666,mean,20260823
development_2025,2025-07-21,426,-0.11220503347956592,-0.006062866011323914,-0.0054630460950115985,0.039694495603340485,0.002938075497569763,0.8666666666666667,0.13333333333333333,mean,20260823
development_2025,2025-07-28,426,0.0622264735956724,0.02927141982744305,0.03118606383456076,0.05595336023938691,0.0053173014996257045,0.8666666666666667,0.13333333333333333,mean,20260823
development_2025,2025-08-04,426,0.04897745198287119,-0.020831628376362033,-0.010845436254372884,0.04188015895944569,0.003931781066720286,0.4666666666666667,0.5333333333333333,mean,20260823
development_2025,2025-08-11,426,-0.1461208524046885,-0.02075466007061072,-0.032008194292830264,0.03321523354074264,0.002149179317535948,0.4,0.6,mean,20260823
development_2025,2025-08-18,426,-0.21192404184024108,-0.008479469363174333,-0.013098931079479329,0.028904575651745267,0.0016027810517351682,0.5333333333333333,0.4666666666666667,mean,20260823
development_2025,2025-08-25,426,0.03644726604564707,0.021568570984179723,0.01949053850067919,0.02795517812703587,0.0013605445205857477,0.8,0.2,mean,20260823
development_2025,2025-09-01,426,0.14073385345826164,0.03631234724065941,0.060900478091166166,0.030709296070705865,0.0020299372484838918,0.7333333333333333,0.26666666666666666,mean,20260823
development_2025,2025-09-08,426,0.084102609873319,0.024555502045370204,0.012646325383976448,0.030753596149104938,0.0020812031824586864,0.5333333333333333,0.4666666666666667,mean,20260823
development_2025,2025-09-15,426,0.07336074305039496,0.025113820223834005,0.012411726993771108,0.030509420125905736,0.0018134208121775015,0.6,0.4,mean,20260823
development_2025,2025-09-22,426,-0.0322533076957405,-0.021628505236453908,-0.0216410917258237,0.03313906144930195,0.0019548983388983313,0.6,0.4,mean,20260823
development_2025,2025-09-29,426,0.13111378007679636,0.05120495766826938,0.04781531991359654,0.0387824155991378,0.003188227978538282,0.6666666666666666,0.3333333333333333,mean,20260823
development_2025,2025-10-06,426,-0.059641397080651706,-0.01648531450543978,-0.004087451877156784,0.04785379912250646,0.0035735393032261015,0.6666666666666666,0.3333333333333333,mean,20260823
development_2025,2025-10-13,426,0.14890647646728974,0.04595805311955127,0.06849928686964438,0.03389089227858698,0.002250232406985417,0.7333333333333333,0.26666666666666666,mean,20260823
development_2025,2025-10-20,426,-0.049182656207253164,0.01863198201773165,0.013261921958971887,0.03459666471881025,0.0022226933997049722,0.7333333333333333,0.26666666666666666,mean,20260823
development_2025,2025-10-27,426,0.21480869789615226,0.06266976222599911,0.09358510207031932,0.04440775043825572,0.004915683147305755,0.6666666666666666,0.3333333333333333,mean,20260823
development_2025,2025-11-03,426,-0.020214556383624797,0.036852129340702415,0.05394846646812447,0.041890448514526134,0.003703018345905657,0.8,0.2,mean,20260823
development_2025,2025-11-10,426,-0.09773409987407569,-0.03878419517208523,-0.02239462074362308,0.0346124773404811,0.0020991412263378028,0.6666666666666666,0.3333333333333333,mean,20260823
development_2025,2025-11-17,426,-0.17541150470809427,-0.03902610375801998,-0.019819167540084733,0.039490320641720165,0.0031453238905580706,0.8,0.2,mean,20260823
development_2025,2025-11-24,426,0.16845908624359465,0.07830302296601899,0.08797192169928458,0.038674239214384655,0.0026990709455295635,0.9333333333333333,0.06666666666666667,mean,20260823
development_2025,2025-12-01,426,-0.0777099239603484,0.026349323717417484,-0.0027305916155787383,0.03469406449192308,0.002312512005709693,0.8,0.2,mean,20260823
development_2025,2025-12-08,426,-0.015836659300062672,-0.0247302223869847,-0.03910896776615973,0.030774561106249577,0.001850604863803439,0.8,0.2,mean,20260823
development_2025,2025-12-15,426,0.15616561471044202,0.04022692164139423,0.044543037276912445,0.024817920294504834,0.001118899905616852,0.7333333333333333,0.26666666666666666,mean,20260823
development_2025,2025-12-22,426,0.09979452413613794,0.004090621948522517,0.01796255128106998,0.017421424646353312,0.0005266372140475609,0.6,0.4,mean,20260823
development_2025,2025-01-06,424,-0.07305861887107311,-0.00841375717806079,0.01775938009887858,0.03142998214560996,0.0017822234260950354,,,mean,20260824
development_2025,2025-01-13,424,-0.05312867499468675,0.016718834816415576,-0.011755119004929301,0.045083903675618764,0.0033734706480337807,0.7333333333333333,0.26666666666666666,mean,20260824
development_2025,2025-01-20,424,-0.18691682212828928,-0.05347880749028326,-0.0604085506200773,0.04565577391106913,0.0037597579274666663,0.7333333333333333,0.26666666666666666,mean,20260824
development_2025,2025-01-27,424,-0.0350316826851174,-0.027176454394815426,-0.030301049764933138,0.034725556684704936,0.0024425119309693156,0.4,0.6,mean,20260824
development_2025,2025-02-03,424,0.12511071721376246,0.000495508231962063,-0.010173613140213074,0.035200672819768984,0.0027562772669729118,0.5333333333333333,0.4666666666666667,mean,20260824
development_2025,2025-02-10,424,-0.10856400689541171,-0.016551191381638637,-0.049580896189455256,0.040145672838075463,0.0034006393467005715,0.5333333333333333,0.4666666666666667,mean,20260824
development_2025,2025-02-17,424,-0.1883119696913584,-0.017156871895762062,0.00258309331372171,0.04445362219484882,0.004083828241912866,0.5333333333333333,0.4666666666666667,mean,20260824
development_2025,2025-02-24,424,-0.1374128037405247,-0.030849785303785578,-0.03929096251125647,0.034859373912859835,0.0024690519029176906,0.26666666666666666,0.7333333333333333,mean,20260824
development_2025,2025-03-03,424,0.023508631071858688,-0.007926177978475822,-0.015215637974371159,0.04542704289386816,0.003756357690881315,0.5333333333333333,0.4666666666666667,mean,20260824
development_2025,2025-03-10,424,-0.000792185200053526,0.015407628644625703,-0.004154362446205487,0.03747986317196858,0.0023231771216085657,0.5333333333333333,0.4666666666666667,mean,20260824
development_2025,2025-03-17,424,-0.16853393786257978,0.004633330791629215,-0.019363945512901267,0.02516045437520596,0.001094231967033671,0.6,0.4,mean,20260824
development_2025,2025-03-24,424,0.1276165962169693,-0.004720134543901258,0.011781871652662344,0.029473470635524426,0.0016100431590681935,0.4666666666666667,0.5333333333333333,mean,20260824
development_2025,2025-03-31,424,0.0958899882715029,-0.019581933388331155,0.040086973908014925,0.09617266763129811,0.012499267011941144,0.7333333333333333,0.26666666666666666,mean,20260824
development_2025,2025-04-07,424,-0.17507175538100925,0.012141077484930603,-0.035547546274896584,0.06121523059799542,0.006561200305356496,0.8,0.2,mean,20260824
development_2025,2025-04-14,424,0.303305704457616,0.013029148337718514,0.02682259177487201,0.030879253276970667,0.001953355510461678,0.8,0.2,mean,20260824
development_2025,2025-04-21,424,-0.4050898528821404,-0.0323962832724817,-0.08299909287434883,0.0631804627744069,0.0061080757926631375,0.4666666666666667,0.5333333333333333,mean,20260824
development_2025,2025-04-28,424,-0.1312086649191993,-0.02809542397865376,-0.030700932171598822,0.04426420128186297,0.0031012174345285345,0.6,0.4,mean,20260824
development_2025,2025-05-05,424,-0.06419360678835966,-0.01020614986362754,-0.041428578403267705,0.032837463063147825,0.0023256726722123656,0.4,0.6,mean,20260824
development_2025,2025-05-12,424,-0.4339525035224848,-0.02693612527927716,-0.03611747186505672,0.05949160888109741,0.005723419995648547,0.6,0.4,mean,20260824
development_2025,2025-05-19,425,0.4561423144862516,0.013598230156371656,0.0420313938679377,0.030232733203930107,0.0018728007369161915,0.4,0.6,mean,20260824
development_2025,2025-05-26,425,0.10737709694146953,0.029396916611224386,0.020795307921456434,0.027010101818898593,0.0015167235283342507,0.6,0.4,mean,20260824
development_2025,2025-06-02,425,-0.008915915372431084,0.02087882200934882,-0.005265193279884332,0.03000556753355705,0.0018646376134085036,0.5333333333333333,0.4666666666666667,mean,20260824
development_2025,2025-06-09,425,-0.14762635208244185,-0.0071523778394647665,-0.017370663057358245,0.03339902559588326,0.0019023291198122301,0.6666666666666666,0.3333333333333333,mean,20260824
development_2025,2025-06-16,425,0.3107617635632462,0.02780591537010082,0.04947806126190622,0.026058969578147403,0.0013755987947873442,0.7333333333333333,0.26666666666666666,mean,20260824
development_2025,2025-06-23,425,0.14702208813368559,0.015110794755551962,0.02196284643636783,0.035593278100985996,0.002172966836222736,0.4666666666666667,0.5333333333333333,mean,20260824
development_2025,2025-06-30,425,0.03629425833580842,0.0009332278640769263,-0.009034151155937755,0.027276916605666713,0.0013923461455067124,0.7333333333333333,0.26666666666666666,mean,20260824
development_2025,2025-07-07,426,0.08532607409160849,0.014929111440594015,0.012227143787059334,0.030253238670842994,0.0016016377218482408,0.6,0.4,mean,20260824
development_2025,2025-07-14,426,0.17161817578566868,0.03770842267730236,0.0502624632659668,0.03175903508867051,0.0017986772727685973,0.7333333333333333,0.26666666666666666,mean,20260824
development_2025,2025-07-21,426,-0.12774653708169947,-0.010738933485899176,-0.0097445147469772,0.03950147108110118,0.0029323964234134743,0.8,0.2,mean,20260824
development_2025,2025-07-28,426,0.035967938780222315,0.022628603656405254,0.026613119076766313,0.05750452958516234,0.005566039905499136,0.8,0.2,mean,20260824
development_2025,2025-08-04,426,0.02039694289167988,-0.03142219497054055,-0.019532429731367096,0.04202726604354881,0.003929143399630531,0.6,0.4,mean,20260824
development_2025,2025-08-11,426,-0.12712844084759278,-0.01752047229299244,-0.03475378769169424,0.032105118528291475,0.0020576564750616824,0.4666666666666667,0.5333333333333333,mean,20260824
development_2025,2025-08-18,426,-0.13163951888767514,-0.013894418320666516,-0.014710323870603108,0.028048819303274103,0.0015323068905531713,0.6666666666666666,0.3333333333333333,mean,20260824
development_2025,2025-08-25,426,0.07852717073899522,0.01669244930424893,0.019192649936389916,0.028372209321179044,0.001370118453982187,0.4666666666666667,0.5333333333333333,mean,20260824
development_2025,2025-09-01,426,0.14935506966582524,0.020381642113157426,0.041200928848629345,0.030758349937870563,0.0020175501288937038,0.5333333333333333,0.4666666666666667,mean,20260824
development_2025,2025-09-08,426,0.08076190993599008,0.04816865125906197,0.04461498593848182,0.03080858071695702,0.0020783751888351814,0.4666666666666667,0.5333333333333333,mean,20260824
development_2025,2025-09-15,426,0.06962189724654581,0.035121076031418355,0.021976322832891797,0.0306112500595859,0.0018096495879718541,0.6666666666666666,0.3333333333333333,mean,20260824
development_2025,2025-09-22,426,-0.04606128574727051,-0.011263320907346334,-0.014503156336297666,0.0333279468610429,0.0019584688685741923,0.7333333333333333,0.26666666666666666,mean,20260824
development_2025,2025-09-29,426,0.13241811524887026,0.05101530426898099,0.037057773734710815,0.038798230323875534,0.003210348774234618,0.8,0.2,mean,20260824
development_2025,2025-10-06,426,-0.10233955323066656,-0.01316626713178723,-0.015571295991996782,0.04839623743299679,0.003622497723843377,0.7333333333333333,0.26666666666666666,mean,20260824
development_2025,2025-10-13,426,0.19033289418284055,0.043751859682635494,0.06569448079252536,0.03337965803486471,0.002210008685492774,0.8666666666666667,0.13333333333333333,mean,20260824
development_2025,2025-10-20,426,-0.017127490109412502,0.03291929266643519,0.03338007741514093,0.034108576359041666,0.002222838693944334,0.7333333333333333,0.26666666666666666,mean,20260824
development_2025,2025-10-27,426,0.19157374332785526,0.0632024141214908,0.08278531206644706,0.04478382348786383,0.004934451638533355,0.7333333333333333,0.26666666666666666,mean,20260824
development_2025,2025-11-03,426,-0.015784814965007016,0.04792867446489667,0.09396871786390174,0.0418857426477465,0.0036801162695682048,0.7333333333333333,0.26666666666666666,mean,20260824
development_2025,2025-11-10,426,-0.08018727601869657,-0.03966620548124196,-0.02916916810643285,0.034370974800749285,0.0020614061812011236,0.8,0.2,mean,20260824
development_2025,2025-11-17,426,-0.18392033978218394,-0.03757525000720562,-0.020202459959921086,0.038924127494536304,0.0029862764065930227,0.6,0.4,mean,20260824
development_2025,2025-11-24,426,0.11224026900069657,0.07130863965790166,0.07066263295558217,0.03938516909299089,0.002875356367234457,0.6666666666666666,0.3333333333333333,mean,20260824
development_2025,2025-12-01,426,-0.03644943916148773,0.025499543732505844,0.01186833385784725,0.03405245666134688,0.002202809221725892,0.5333333333333333,0.4666666666666667,mean,20260824
development_2025,2025-12-08,426,-0.05296868966935655,-0.026422340522350554,-0.043965940735298706,0.031195023714214447,0.0018833861315113469,0.8,0.2,mean,20260824
development_2025,2025-12-15,426,0.1658615919237702,0.04853186926333214,0.06445075409294025,0.025012214664820467,0.001132955944560205,0.8,0.2,mean,20260824
development_2025,2025-12-22,426,0.07796014272714397,0.009530884053121549,0.029851378680700445,0.017296131654490444,0.0005246572996891292,0.5333333333333333,0.4666666666666667,mean,20260824
development_2025,2025-01-06,424,-0.06323769491738887,-0.007698521457461177,0.008622630870805503,0.03146449743705748,0.0017717158093489963,,,mean,20260825
development_2025,2025-01-13,424,-0.09404160861454175,0.016681701662964607,-0.0019388064014239786,0.047074733840323,0.003605984529134263,0.6666666666666666,0.3333333333333333,mean,20260825
development_2025,2025-01-20,424,-0.19988554875984915,-0.02924017077605448,-0.036795600456926994,0.04603906088700199,0.0037010341097609067,0.7333333333333333,0.26666666666666666,mean,20260825
development_2025,2025-01-27,424,-0.06102155996882896,-0.013180613080727233,0.001733305229370246,0.03495786308451861,0.00242186250907705,0.4,0.6,mean,20260825
development_2025,2025-02-03,424,0.14066845115625878,0.00696687186893102,-0.013220450970429707,0.03553111619015487,0.002786495443545367,0.5333333333333333,0.4666666666666667,mean,20260825
development_2025,2025-02-10,424,-0.07705606851331459,-0.019278715900633306,-0.05469811079345571,0.04007368491269689,0.003444064716129924,0.6,0.4,mean,20260825
development_2025,2025-02-17,424,-0.18437442181557237,-0.0203968302168523,-0.0011221220028615544,0.045005993920732436,0.004164150728558629,0.5333333333333333,0.4666666666666667,mean,20260825
development_2025,2025-02-24,424,-0.055264678332191966,0.005984000134599658,0.01181736365866658,0.0344281236480724,0.002360995896880261,0.3333333333333333,0.6666666666666666,mean,20260825
development_2025,2025-03-03,424,-0.05559197424453523,-0.029197019168688283,-0.05083308945412412,0.04602489141430107,0.003896848465005803,0.4,0.6,mean,20260825
development_2025,2025-03-10,424,-0.0012721877189253862,0.021787852099505855,0.02281297442776724,0.03825729187282633,0.002402601411453331,0.6,0.4,mean,20260825
development_2025,2025-03-17,424,-0.15233208176887775,0.004224646716867909,-0.008933003087003342,0.02417793590971958,0.0010293873145953711,0.6666666666666666,0.3333333333333333,mean,20260825
development_2025,2025-03-24,424,0.27912122857974986,0.0068782505211569134,0.025922747302487503,0.028510705618445882,0.0014277944945340956,0.6,0.4,mean,20260825
development_2025,2025-03-31,424,0.17733393156540014,0.011434496522829699,0.07063305097670126,0.09491997441581293,0.012141694572723164,0.6,0.4,mean,20260825
development_2025,2025-04-07,424,-0.021684652986043874,0.031846378370528255,0.009592273486911357,0.057763507637169344,0.006019869432131793,0.6,0.4,mean,20260825
development_2025,2025-04-14,424,0.31957431065561515,0.012957048071111914,0.04063837502468721,0.03126375453424185,0.0018798529526399847,0.5333333333333333,0.4666666666666667,mean,20260825
development_2025,2025-04-21,424,-0.324277674136696,-0.01898937124262977,-0.0862106619757338,0.05916476468610012,0.005511596610997332,0.3333333333333333,0.6666666666666666,mean,20260825
development_2025,2025-04-28,424,-0.17918010720948355,-0.015422624431149548,-0.03281857785497028,0.044068990225569434,0.003165981988277795,0.3333333333333333,0.6666666666666666,mean,20260825
development_2025,2025-05-05,424,-0.16200470714178886,0.000657891743778339,-0.04716578512406442,0.03484614121086605,0.0025701291238298452,0.6,0.4,mean,20260825
development_2025,2025-05-12,424,-0.5207835265780338,-0.03399216400230227,-0.08474101709415766,0.06142466732953618,0.00615358526985034,0.4666666666666667,0.5333333333333333,mean,20260825
development_2025,2025-05-19,425,0.4534545340857576,0.062428670632627956,0.10052971737530836,0.028961022347273938,0.0017383571802089795,0.4666666666666667,0.5333333333333333,mean,20260825
development_2025,2025-05-26,425,0.052961734729867274,0.015005302495567231,0.004496989140421601,0.027855611758118997,0.0015799598461328664,0.6,0.4,mean,20260825
development_2025,2025-06-02,425,0.06450079194091046,0.0058954300754091166,-0.025670943740874808,0.029064060966252376,0.0017973019306306264,0.4,0.6,mean,20260825
development_2025,2025-06-09,425,-0.12205085593670799,-0.004342878513598932,-0.012453037727498091,0.03259205787953342,0.001863969018310209,0.6,0.4,mean,20260825
development_2025,2025-06-16,425,0.2314015816308009,0.02574666873547657,0.04176567589144248,0.02663206733754027,0.00142110179372407,0.6666666666666666,0.3333333333333333,mean,20260825
development_2025,2025-06-23,425,0.2054845164215035,0.024293743175331024,0.04105547300525191,0.033830568805196415,0.002041665946378692,0.4666666666666667,0.5333333333333333,mean,20260825
development_2025,2025-06-30,425,0.061336855762767505,-0.007459085751740953,-0.020489973735762577,0.02744746887636506,0.0014457368715212221,0.7333333333333333,0.26666666666666666,mean,20260825
development_2025,2025-07-07,426,0.09343334840285689,0.0056554792917404735,0.0077216994263775195,0.02930672673571858,0.00153892338276481,0.5333333333333333,0.4666666666666667,mean,20260825
development_2025,2025-07-14,426,0.17180056229372379,0.037273452025802074,0.034760749239963404,0.03183055886306791,0.0018073089366439168,0.6666666666666666,0.3333333333333333,mean,20260825
development_2025,2025-07-21,426,-0.16027652899072353,-0.009565961443773262,-0.022010398268305673,0.040024811680699844,0.002990294576487549,0.7333333333333333,0.26666666666666666,mean,20260825
development_2025,2025-07-28,426,0.04005324133809608,0.019208612621605527,0.016696769387611412,0.0573192920194443,0.0055262154248443985,0.6666666666666666,0.3333333333333333,mean,20260825
development_2025,2025-08-04,426,0.03984151776619214,-0.019449123878108897,-0.005797420629696881,0.04131783993552112,0.0038897178932437012,0.5333333333333333,0.4666666666666667,mean,20260825
development_2025,2025-08-11,426,-0.09237705888173788,-0.01522845030806958,-0.014606497881502346,0.03151930266132513,0.001972108462930786,0.4,0.6,mean,20260825
development_2025,2025-08-18,426,-0.19803534805748665,-0.006282719917234005,-0.008996983573504027,0.02824359148437148,0.00155991988740635,0.4666666666666667,0.5333333333333333,mean,20260825
development_2025,2025-08-25,426,0.04457114917082049,0.007255294120201235,0.00665071248487039,0.028917784979175767,0.0014458637035917662,0.5333333333333333,0.4666666666666667,mean,20260825
development_2025,2025-09-01,426,0.1471569629930014,0.03594305992859357,0.061553648522236624,0.03069245718415908,0.002007153556193985,0.8,0.2,mean,20260825
development_2025,2025-09-08,426,0.06514791739831467,0.02412427150853113,0.016144273767149643,0.03097083073102811,0.0021152093126979754,0.4666666666666667,0.5333333333333333,mean,20260825
development_2025,2025-09-15,426,0.07524064347512269,0.0406861242802523,0.02633059771149352,0.030311372349486835,0.0017981015532553201,0.6666666666666666,0.3333333333333333,mean,20260825
development_2025,2025-09-22,426,-0.01710436194796552,-0.016628037305267556,-0.02144498478965067,0.03356913778344994,0.0019646697758112456,0.6666666666666666,0.3333333333333333,mean,20260825
development_2025,2025-09-29,426,0.20799411706497423,0.03871053829136948,0.02704235361096923,0.03776249815586884,0.0030376241802484156,0.6666666666666666,0.3333333333333333,mean,20260825
development_2025,2025-10-06,426,-0.07437248369678048,-0.017844513448493388,-0.015605423757133655,0.04800160278499127,0.0035793252543016396,0.7333333333333333,0.26666666666666666,mean,20260825
development_2025,2025-10-13,426,0.13679554666475224,0.038500114607752545,0.05524081064277206,0.03472512682709002,0.0023684694151933114,0.7333333333333333,0.26666666666666666,mean,20260825
development_2025,2025-10-20,426,-0.029972622620971733,0.04243390564898017,0.044679911079035586,0.034390914926771605,0.002271317072807181,0.6666666666666666,0.3333333333333333,mean,20260825
development_2025,2025-10-27,426,0.19900207416145865,0.08243537538449155,0.10436806501019656,0.04437245989936863,0.004884628705935965,0.8,0.2,mean,20260825
development_2025,2025-11-03,426,-0.020317003273255734,0.01534728247061935,0.03446362653111444,0.04208642257380054,0.003765692898320677,0.7333333333333333,0.26666666666666666,mean,20260825
development_2025,2025-11-10,426,-0.12599919672325177,-0.03305223552635697,-0.032816185559342854,0.03477508560023912,0.0021369851879216996,0.8,0.2,mean,20260825
development_2025,2025-11-17,426,-0.236420490154039,-0.04196687321410153,-0.029992989507223504,0.04013220643174227,0.003241370651915341,0.8,0.2,mean,20260825
development_2025,2025-11-24,426,0.18177888934377723,0.08184264757201641,0.08034226510367376,0.03740051963032758,0.002569342102079917,0.7333333333333333,0.26666666666666666,mean,20260825
development_2025,2025-12-01,426,0.023064287363525414,0.019085913339503793,0.010185794795814586,0.033446204890738934,0.0021673173776490607,0.7333333333333333,0.26666666666666666,mean,20260825
development_2025,2025-12-08,426,-0.06660980346883616,-0.02534704384318869,-0.04181731561305166,0.031476375274106135,0.0019466111855877208,0.8,0.2,mean,20260825
development_2025,2025-12-15,426,0.10349145984877442,0.03762274268606854,0.04644322528687218,0.025470428119807813,0.0011700258131168598,0.6666666666666666,0.3333333333333333,mean,20260825
development_2025,2025-12-22,426,0.10093618606528273,0.01189545022322136,0.026298507616571536,0.017071256724616315,0.0005105295194579986,0.6666666666666666,0.3333333333333333,mean,20260825
development_2025,2025-01-06,424,-0.0042498091167418395,-0.004639484328244073,0.02140028430609496,0.030803434249610188,0.001723408333146809,,,flatten,20260823
development_2025,2025-01-13,424,-0.1338230964806637,0.011897554561556174,-0.011161692371617099,0.04869606902595027,0.0038600553451109336,0.7333333333333333,0.26666666666666666,flatten,20260823
development_2025,2025-01-20,424,-0.1559819270944026,-0.029318086377200292,-0.03306300552109173,0.04527840176986713,0.0036390324771055156,0.8,0.2,flatten,20260823
development_2025,2025-01-27,424,-0.06933808770396957,-0.006744821062564655,-0.004497603821302534,0.03559013725809252,0.002518224228239837,0.6,0.4,flatten,20260823
development_2025,2025-02-03,424,0.0937209284294413,0.011346468810263983,0.011515131873456081,0.03541464214287291,0.0027452358050242035,0.4666666666666667,0.5333333333333333,flatten,20260823
development_2025,2025-02-10,424,0.011236687368644766,0.00196640977834207,-0.012605910618990634,0.03950485400549274,0.003260204922322984,0.5333333333333333,0.4666666666666667,flatten,20260823
development_2025,2025-02-17,424,-0.12469360776023529,-0.024778138931054104,0.006078166868172891,0.043489471008870524,0.0039758065091193544,0.4,0.6,flatten,20260823
development_2025,2025-02-24,424,-0.09276375343393077,-0.02883947100417121,-0.03211691090765483,0.034662568392972486,0.0024160018622319643,0.6,0.4,flatten,20260823
development_2025,2025-03-03,424,-0.026842515408411455,-0.013719166729127673,-0.02892964051602437,0.045791220364988804,0.0038525393921199714,0.4666666666666667,0.5333333333333333,flatten,20260823
development_2025,2025-03-10,424,-0.0002443305704457616,0.02916765777945888,0.0274982735917551,0.037351270801360734,0.00227372136905545,0.4,0.6,flatten,20260823
development_2025,2025-03-17,424,-0.17989688368322035,-0.0017859586660895286,-0.01912633238771592,0.026393945026521544,0.001201751834970749,0.5333333333333333,0.4666666666666667,flatten,20260823
development_2025,2025-03-24,424,0.20759833439598238,0.005559495953192432,0.023843375256209418,0.028001224103498815,0.0014319812013271036,0.5333333333333333,0.4666666666666667,flatten,20260823
development_2025,2025-03-31,424,0.15119512598295037,-0.0291390427025692,0.030620326760879474,0.09166882115872048,0.011587642802753659,0.5333333333333333,0.4666666666666667,flatten,20260823
development_2025,2025-04-07,424,-0.21521461575396916,0.006019927035033262,-0.04469547183038575,0.06563295185425153,0.007499147322313693,0.4666666666666667,0.5333333333333333,flatten,20260823
development_2025,2025-04-14,424,0.2664169834935178,0.017330248727372682,0.029134857901484776,0.0334068869319839,0.002277708715857216,0.6,0.4,flatten,20260823
development_2025,2025-04-21,424,-0.508531104131737,-0.039928128248673776,-0.10274719852009476,0.0664430388533167,0.006831632108842016,0.5333333333333333,0.4666666666666667,flatten,20260823
development_2025,2025-04-28,424,-0.1744438409647279,-0.008470568160299907,-0.01785498097013748,0.04255243412103751,0.002943537320598297,0.26666666666666666,0.7333333333333333,flatten,20260823
development_2025,2025-05-05,424,-0.048801253138750486,0.015215903997810401,-0.01911195335458662,0.032944942303806346,0.002365463439101454,0.5333333333333333,0.4666666666666667,flatten,20260823
development_2025,2025-05-12,424,-0.46736171787060865,-0.0511006820053126,-0.08295589445313752,0.06910554322326011,0.007328161707200279,0.3333333333333333,0.6666666666666666,flatten,20260823
development_2025,2025-05-19,425,0.18311172249925747,0.05066855307770247,0.06147882210747248,0.03478040538158523,0.002220953495946617,0.2,0.8,flatten,20260823
development_2025,2025-05-26,425,0.08619062099195818,0.014504857298569374,0.011931574365167966,0.028167377912609214,0.0016171774515728226,0.26666666666666666,0.7333333333333333,flatten,20260823
development_2025,2025-06-02,425,0.08766058400136725,0.008081581157286365,-0.010759143326110696,0.028274541587167284,0.0017432836674893823,0.2,0.8,flatten,20260823
development_2025,2025-06-09,425,-0.13886034839459876,-0.002053110570271888,-0.02796075023143471,0.0307578410478943,0.0017715190315893735,0.4,0.6,flatten,20260823
development_2025,2025-06-16,425,0.20961616238671296,0.009947089743477624,0.016779155649151105,0.0270762750573527,0.0014702768563762093,0.4666666666666667,0.5333333333333333,flatten,20260823
development_2025,2025-06-23,425,0.12995873130012037,-0.004785786851233369,0.02767258800379798,0.037320291636950206,0.0023542628168428106,0.5333333333333333,0.4666666666666667,flatten,20260823
development_2025,2025-06-30,425,-0.08259617639242783,0.013745542962016041,-0.004767800461898616,0.028805413674937108,0.0014944612027147691,0.26666666666666666,0.7333333333333333,flatten,20260823
development_2025,2025-07-07,426,0.013761799339916064,0.005639867607918135,0.005601233650840308,0.03035700985076393,0.0016231943991156135,0.8,0.2,flatten,20260823
development_2025,2025-07-14,426,0.11398528102074357,0.016623178839889223,0.019416957638782144,0.03232683135588339,0.0018793223704375308,0.5333333333333333,0.4666666666666667,flatten,20260823
development_2025,2025-07-21,426,-0.16649132984988038,-0.013492095109661453,-0.0343016928150328,0.04030682840942376,0.003056335135171079,0.4,0.6,flatten,20260823
development_2025,2025-07-28,426,0.04380714373026976,0.032472964998591744,0.03496867007633839,0.055946800177344214,0.005341221725057069,0.4666666666666667,0.5333333333333333,flatten,20260823
development_2025,2025-08-04,426,0.06402224339285471,-0.008260358615352952,0.03001149057300549,0.04179557842255657,0.003911661257434208,0.6666666666666666,0.3333333333333333,flatten,20260823
development_2025,2025-08-11,426,-0.09995502426322642,-0.0021093859223719723,-0.02556508522286174,0.03283658652216807,0.0021508088824764714,0.4,0.6,flatten,20260823
development_2025,2025-08-18,426,-0.19160649528802517,-0.0012114673457457176,-0.009363835401739688,0.029501474994374978,0.001717268279642901,0.6,0.4,flatten,20260823
development_2025,2025-08-25,426,-0.0038270898292357817,0.011172989133736816,0.002185888315510265,0.030613341356250743,0.0015839428364404736,0.4,0.6,flatten,20260823
development_2025,2025-09-01,426,0.14708447405745953,0.024609336237045108,0.05503543148559076,0.031209311824390535,0.0020511618532619608,0.6666666666666666,0.3333333333333333,flatten,20260823
development_2025,2025-09-08,426,0.09536912894920148,0.055441063031593664,0.06270264313848292,0.030585963758832845,0.002071922645133652,0.4666666666666667,0.5333333333333333,flatten,20260823
development_2025,2025-09-15,426,0.06711303500850814,0.03380345509272964,0.013680699981540298,0.031056992112035543,0.001833443925442867,0.6,0.4,flatten,20260823
development_2025,2025-09-22,426,-0.04714582577431804,-0.02876613939780235,-0.03842444818530541,0.033660179605484127,0.0020258159730144666,0.4666666666666667,0.5333333333333333,flatten,20260823
development_2025,2025-09-29,426,0.05936479047864816,0.036801900061797115,0.030995883142940953,0.03960676141440338,0.003343512451544772,0.5333333333333333,0.4666666666666667,flatten,20260823
development_2025,2025-10-06,426,-0.12637343831552478,-0.005650922826736869,-0.0012268232240570387,0.04871405747381823,0.003667519358497237,0.5333333333333333,0.4666666666666667,flatten,20260823
development_2025,2025-10-13,426,0.12031991369625662,0.06755667051869091,0.06797976267116032,0.035797670618109144,0.002439234026596095,0.4666666666666667,0.5333333333333333,flatten,20260823
development_2025,2025-10-20,426,-0.08314690457111037,0.034760798830050996,0.02401852060763317,0.035466740313426295,0.0023960972059687276,0.8,0.2,flatten,20260823
development_2025,2025-10-27,426,0.17413712749010943,0.08130303587862935,0.11032269256784354,0.04368031266340495,0.0047799559039391,0.6,0.4,flatten,20260823
development_2025,2025-11-03,426,-0.03583724138466285,-0.009252931940267344,0.009439624517706316,0.04212653490174583,0.00380095066943655,0.6666666666666666,0.3333333333333333,flatten,20260823
development_2025,2025-11-10,426,-0.09364693464548138,-0.02959793907748466,-0.016415801092244473,0.03493921317005877,0.002172354668466707,0.7333333333333333,0.26666666666666666,flatten,20260823
development_2025,2025-11-17,426,-0.12602853378710063,-0.042984815194872954,-0.027802071677903724,0.03763912530002535,0.002814377091185953,0.6666666666666666,0.3333333333333333,flatten,20260823
development_2025,2025-11-24,426,0.06901420092396228,0.05847993381905861,0.05159277624432319,0.03988873620470103,0.0029325533903959023,0.6,0.4,flatten,20260823
development_2025,2025-12-01,426,-0.014065414667367755,0.020760528999050527,-0.001136054944116227,0.034705553736923,0.00227670579386951,0.6,0.4,flatten,20260823
development_2025,2025-12-08,426,-0.012377990217098156,-0.01812097134361962,-0.020118414799500967,0.030912109676331657,0.0018370590390142272,0.7333333333333333,0.26666666666666666,flatten,20260823
development_2025,2025-12-15,426,0.08103789564775345,0.02594015691839302,0.03330132880781945,0.02646587530309365,0.001221759814763392,0.6666666666666666,0.3333333333333333,flatten,20260823
development_2025,2025-12-22,426,0.030538098407222505,0.011195482217434698,0.02402518651063561,0.018368160063220656,0.0005663881139047922,0.5333333333333333,0.4666666666666667,flatten,20260823
development_2025,2025-01-06,424,-0.0906855267197204,0.0017656045544474025,0.006610901129824282,0.032235726663037416,0.0018719329356830172,,,flatten,20260824
development_2025,2025-01-13,424,-0.06461362867105895,0.021027265382074195,-0.007188269630835339,0.0460469739741522,0.0034974741712964436,0.5333333333333333,0.4666666666666667,flatten,20260824
development_2025,2025-01-20,424,-0.11455530104454466,-0.04144925470994021,-0.038164053590825225,0.043846412816105095,0.0035138281219295937,0.4,0.6,flatten,20260824
development_2025,2025-01-27,424,-0.13478546296077645,-0.02854924705008942,-0.02926122212499565,0.037156677487335726,0.0028491544228775945,0.3333333333333333,0.6666666666666666,flatten,20260824
development_2025,2025-02-03,424,0.13548689539152314,0.005868217892754211,0.02415905668293172,0.03556308827517718,0.0027371289413401327,0.6,0.4,flatten,20260824
development_2025,2025-02-10,424,-0.006915247833376626,-0.02443110210630178,-0.03010287238840748,0.03948712301243787,0.0032935609901193113,0.6666666666666666,0.3333333333333333,flatten,20260824
development_2025,2025-02-17,424,-0.17100897233999163,-0.024785333097575,-0.02161512190811231,0.04554055684646839,0.004277169120100721,0.4666666666666667,0.5333333333333333,flatten,20260824
development_2025,2025-02-24,424,-0.03870561472280602,-0.028177406370326577,-0.023023184206848256,0.034712694648677496,0.0024552177969602174,0.5333333333333333,0.4666666666666667,flatten,20260824
development_2025,2025-03-03,424,-0.10312654969655466,-0.03366615875969849,-0.05510839609860993,0.04707102575745223,0.004087793609243942,0.4666666666666667,0.5333333333333333,flatten,20260824
development_2025,2025-03-10,424,0.07622735967128721,0.04564349769711391,0.04362558771029698,0.03886695674803899,0.0024019771244793387,0.4,0.6,flatten,20260824
development_2025,2025-03-17,424,-0.04081249360442692,0.0031893020573215834,-0.01039360677235715,0.02451378559227887,0.001022065058110412,0.4666666666666667,0.5333333333333333,flatten,20260824
development_2025,2025-03-24,424,0.10454530427184923,-0.009901449583364502,-0.0083541580554693,0.030780717005434936,0.0017131341067081007,0.4,0.6,flatten,20260824
development_2025,2025-03-31,424,0.1251907651860423,-0.04279063253400198,-0.017868460186350785,0.09634243918466652,0.012645045864640296,0.4,0.6,flatten,20260824
development_2025,2025-04-07,424,-0.06754417865098668,0.01600521993001075,0.00844719634718908,0.0585171948637113,0.006020255851924073,0.4,0.6,flatten,20260824
development_2025,2025-04-14,424,0.12153478011035808,0.014054896998372349,0.016209888989470574,0.03906221258501881,0.0026416918016271837,0.3333333333333333,0.6666666666666666,flatten,20260824
development_2025,2025-04-21,424,-0.364761297533867,-0.027802353144472606,-0.0816382460935564,0.05827495926567746,0.005426605442733677,0.3333333333333333,0.6666666666666666,flatten,20260824
development_2025,2025-04-28,424,-0.16866019631457557,-0.025611844145202976,-0.05653176656944765,0.04491224618671016,0.00334815574791381,0.4,0.6,flatten,20260824
development_2025,2025-05-05,424,0.0262729355090089,-0.0034083711205967035,-0.019107274460694754,0.034043927820138674,0.002383846213145034,0.4,0.6,flatten,20260824
development_2025,2025-05-12,424,-0.44608653899134926,-0.04988381448770001,-0.10560627267171767,0.06669744994210484,0.007037274931775602,0.06666666666666667,0.9333333333333333,flatten,20260824
development_2025,2025-05-19,425,0.024283503462506444,0.045476381323251304,0.058714488626159786,0.040538896502918545,0.0028250613694289386,0.06666666666666667,0.9333333333333333,flatten,20260824
development_2025,2025-05-26,425,0.15496991429592777,0.023972679994007588,0.027944568630474093,0.02663311097393825,0.0015093802162389725,0.13333333333333333,0.8666666666666667,flatten,20260824
development_2025,2025-06-02,425,0.2615348463184432,0.008863587861422412,0.008115608851989791,0.027463591507681198,0.0017179155132116763,0.13333333333333333,0.8666666666666667,flatten,20260824
development_2025,2025-06-09,425,-0.02884760394739822,-0.0011979361211697762,-0.013774526797373414,0.030409776963175993,0.001738406116635916,0.13333333333333333,0.8666666666666667,flatten,20260824
development_2025,2025-06-16,425,0.1445022019548782,0.027383657603454722,0.036943294158635724,0.02762282150838815,0.001502308666217369,0.4,0.6,flatten,20260824
development_2025,2025-06-23,425,0.09498257022713417,-0.006933291496784226,0.04090223179335179,0.037803002560651416,0.0023782284913609997,0.26666666666666666,0.7333333333333333,flatten,20260824
development_2025,2025-06-30,425,-0.15260571196323336,-0.016447108756825504,-0.019735874457025352,0.03004991695306221,0.0016002440767469382,0.2,0.8,flatten,20260824
development_2025,2025-07-07,426,-0.08932476246097609,-0.020989334920585908,-0.03642867706019707,0.032120867979972496,0.0018094906016699673,0.4,0.6,flatten,20260824
development_2025,2025-07-14,426,0.041041388155354505,0.000649806960042153,-0.009740979791087746,0.03459650669318419,0.0020567978494211,0.26666666666666666,0.7333333333333333,flatten,20260824
development_2025,2025-07-21,426,-0.09664598972814709,-0.008200545415217145,-0.03715671305952077,0.03935422556312557,0.002975916856970361,0.2,0.8,flatten,20260824
development_2025,2025-07-28,426,0.005506287483822899,0.01574265987036402,0.015348813224766358,0.05918492094448909,0.005832908533796973,0.4666666666666667,0.5333333333333333,flatten,20260824
development_2025,2025-08-04,426,0.07046103040615924,-0.05331022597400077,-0.03736882426770309,0.041845933165351526,0.003897598017883289,0.3333333333333333,0.6666666666666666,flatten,20260824
development_2025,2025-08-11,426,-0.02755549691592176,-0.000724736572213603,-0.013249014914906307,0.030605677051933233,0.001899292437921563,0.26666666666666666,0.7333333333333333,flatten,20260824
development_2025,2025-08-18,426,-0.2379357727852166,-0.01838885022099243,-0.030871529534222782,0.029242728606796737,0.0016745227484440443,0.3333333333333333,0.6666666666666666,flatten,20260824
development_2025,2025-08-25,426,-0.02454029868701117,-0.004652087627313893,-0.016157420727271235,0.03303915580219923,0.0017601429995349684,0.3333333333333333,0.6666666666666666,flatten,20260824
development_2025,2025-09-01,426,0.07103147331433152,0.00967268181922446,0.02999800747178045,0.03195849100417927,0.002109680043534899,0.4,0.6,flatten,20260824
development_2025,2025-09-08,426,0.00839358232325486,0.002853808197554641,0.00820291006355861,0.03202236285358547,0.0022268079025530283,0.4,0.6,flatten,20260824
development_2025,2025-09-15,426,0.20903131421120746,0.007524840193951315,0.0239656265024634,0.029815009502948037,0.0017056083194224667,0.3333333333333333,0.6666666666666666,flatten,20260824
development_2025,2025-09-22,426,-0.02491857606584541,-0.015120111060791672,-0.003619072538854854,0.034831521290862054,0.0021172014357292673,0.4,0.6,flatten,20260824
development_2025,2025-09-29,426,0.05509617007735905,0.029344664937657944,0.016567960023213306,0.03894946181613683,0.003279084786393694,0.5333333333333333,0.4666666666666667,flatten,20260824
development_2025,2025-10-06,426,-0.0715817372896977,-0.006917447934721176,0.011347128309801058,0.04988480613505294,0.003784115971021235,0.4666666666666667,0.5333333333333333,flatten,20260824
development_2025,2025-10-13,426,0.10640452163317417,0.059190218784169565,0.038812479283950256,0.035105956607973214,0.002386577196119775,0.3333333333333333,0.6666666666666666,flatten,20260824
development_2025,2025-10-20,426,-0.05657932163860696,0.022068948292325228,0.013534837669431594,0.03427000249090605,0.0022611515542341116,0.6,0.4,flatten,20260824
development_2025,2025-10-27,426,0.23619184732308995,0.04336257935890752,0.0744476394275245,0.04453693259114849,0.004858015117493597,0.3333333333333333,0.6666666666666666,flatten,20260824
development_2025,2025-11-03,426,-0.051977127955777094,-0.0004051922001831413,0.01169726932215484,0.043715075694324944,0.004023548606013897,0.3333333333333333,0.6666666666666666,flatten,20260824
development_2025,2025-11-10,426,-0.06069054636400855,-0.04420931135370214,-0.02965088348905694,0.03519442550164207,0.0023217804822476774,0.5333333333333333,0.4666666666666667,flatten,20260824
development_2025,2025-11-17,426,-0.19819833174553592,-0.050649871174604594,-0.03539093034643546,0.0408603184739622,0.00328477947623208,0.4666666666666667,0.5333333333333333,flatten,20260824
development_2025,2025-11-24,426,0.14153200786202266,0.07206615748133606,0.05184748730057421,0.03780545773632627,0.002656463391907116,0.4666666666666667,0.5333333333333333,flatten,20260824
development_2025,2025-12-01,426,0.0646642439012086,0.018028944868269878,0.01790592526718525,0.033598207069069505,0.0021020700063569997,0.6666666666666666,0.3333333333333333,flatten,20260824
development_2025,2025-12-08,426,-0.0290546364008545,-0.021746350051621257,-0.04390336389753202,0.03088768973726936,0.0018538782539716618,0.6,0.4,flatten,20260824
development_2025,2025-12-15,426,0.016025875600759815,0.033339692970511425,0.02740578829305588,0.028986672068893733,0.0014021074251983122,0.4666666666666667,0.5333333333333333,flatten,20260824
development_2025,2025-12-22,426,0.0681086325086488,0.011225748803843853,0.022664997140246827,0.017891057199329145,0.0005529701267132126,0.3333333333333333,0.6666666666666666,flatten,20260824
development_2025,2025-01-06,424,-0.03476735856928078,-0.0027379431536672045,0.029390104105739032,0.031723641939545376,0.0017918037950126959,,,flatten,20260825
development_2025,2025-01-13,424,-0.06239418770318243,0.021342892806903442,-0.0033927756594136285,0.0454648963882685,0.003480394088671542,0.6,0.4,flatten,20260825
development_2025,2025-01-20,424,-0.14608874300422697,-0.03940122489730073,-0.03439961161340078,0.043538433408403854,0.003537358647341015,0.5333333333333333,0.4666666666666667,flatten,20260825
development_2025,2025-01-27,424,-0.08972237309215135,-0.021393011667166062,-0.029701431498140172,0.03699092793326698,0.002852199462116547,0.4666666666666667,0.5333333333333333,flatten,20260825
development_2025,2025-02-03,424,0.13897639891753064,0.009010967654280524,0.01658490924855698,0.03596740935759486,0.0027440819160466463,0.5333333333333333,0.4666666666666667,flatten,20260825
development_2025,2025-02-10,424,-0.003066411630890814,-0.015878872095207306,-0.012431921861544362,0.03921942058133728,0.0033099347873733727,0.7333333333333333,0.26666666666666666,flatten,20260825
development_2025,2025-02-17,424,-0.17959816829205422,-0.043263995588918094,-0.038048332404334494,0.045297169508652334,0.0042653651907394044,0.4,0.6,flatten,20260825
development_2025,2025-02-24,424,-0.042975417384938715,-0.00475031421545939,0.011171996839702304,0.0349542432472406,0.0025398354351694004,0.3333333333333333,0.6666666666666666,flatten,20260825
development_2025,2025-03-03,424,-0.08261616328586835,-0.029780170238614866,-0.045918917872455965,0.04654141669396381,0.004036530372758948,0.4,0.6,flatten,20260825
development_2025,2025-03-10,424,0.08985933674955328,0.04898520459082266,0.03503078526351227,0.039577456334344015,0.0024803198577651696,0.4,0.6,flatten,20260825
development_2025,2025-03-17,424,-0.07487126203351674,0.005402845320526208,0.004973657724630922,0.024111552195806626,0.0009857879865870977,0.4,0.6,flatten,20260825
development_2025,2025-03-24,424,0.11133665509559905,-0.021463166633703675,-0.008136611800734245,0.030614174055648556,0.001714735563458877,0.4666666666666667,0.5333333333333333,flatten,20260825
development_2025,2025-03-31,424,0.14298171456458936,-0.046076077684516326,-0.019422189967510398,0.09551331718716677,0.012440171045115297,0.4,0.6,flatten,20260825
development_2025,2025-04-07,424,-0.22662730929385003,0.014585623353749064,-0.04387669909733451,0.05988600155000563,0.00638928334549171,0.4,0.6,flatten,20260825
development_2025,2025-04-14,424,0.05943939358159964,-0.0037573254662079496,-0.002537900619206576,0.039379215692377276,0.0026368111665808595,0.3333333333333333,0.6666666666666666,flatten,20260825
development_2025,2025-04-21,424,-0.39718327154225797,-0.015240799347866995,-0.0694170480897259,0.05945023703266823,0.005652999193857931,0.4,0.6,flatten,20260825
development_2025,2025-04-28,424,-0.1272541935280736,-0.003465402218975344,-0.033557046799239314,0.03892073653617736,0.0026222599896034695,0.3333333333333333,0.6666666666666666,flatten,20260825
development_2025,2025-05-05,424,0.015573869853039568,0.007063674495285382,-0.026460362909358204,0.03411496879998981,0.002419474871765851,0.5333333333333333,0.4666666666666667,flatten,20260825
development_2025,2025-05-12,424,-0.4481949921678827,-0.034155372760747316,-0.0908102150041323,0.06433886763296674,0.006675981539982401,0.26666666666666666,0.7333333333333333,flatten,20260825
development_2025,2025-05-19,425,0.15596957996592206,0.04750680256265242,0.06731865253838093,0.03585155455994654,0.0023281142135077584,0.2,0.8,flatten,20260825
development_2025,2025-05-26,425,0.11018821458896283,0.025977673091960175,0.02577471390798823,0.026694418552601896,0.001533138235520793,0.26666666666666666,0.7333333333333333,flatten,20260825
development_2025,2025-06-02,425,0.2639632123916782,0.006307702945501117,0.0037237726956150276,0.026659218117996455,0.0016524622324048314,0.2,0.8,flatten,20260825
development_2025,2025-06-09,425,-0.1665510218126583,-0.01736266890255925,-0.02016094175972015,0.035150524593234665,0.0020687212927015335,0.4666666666666667,0.5333333333333333,flatten,20260825
development_2025,2025-06-16,425,-0.07340037178566745,-0.001129958306984327,0.0010411062247051449,0.029844102400550396,0.0017117590230901728,0.26666666666666666,0.7333333333333333,flatten,20260825
development_2025,2025-06-23,425,0.17663488143064826,0.015559119080682023,0.040822296982932264,0.03451305872561051,0.0020778896072088902,0.26666666666666666,0.7333333333333333,flatten,20260825
development_2025,2025-06-30,425,-0.04258445232996202,0.003028706615462966,0.004517745160067683,0.027954395663978525,0.0014249892576322551,0.4666666666666667,0.5333333333333333,flatten,20260825
development_2025,2025-07-07,426,-0.02607079312907338,-0.0030430824842028895,-0.012807376281079294,0.033641703213798835,0.0019491745390595907,0.6666666666666666,0.3333333333333333,flatten,20260825
development_2025,2025-07-14,426,0.1081804229426705,0.012367760163033087,0.016509151947181333,0.03376554197050046,0.001984736651788577,0.26666666666666666,0.7333333333333333,flatten,20260825
development_2025,2025-07-21,426,-0.13241407946230904,-0.010677398580813412,-0.04635451236307274,0.0391960368783443,0.0029646686556011547,0.3333333333333333,0.6666666666666666,flatten,20260825
development_2025,2025-07-28,426,0.016289288285159367,0.023793242199344276,0.02637700944209459,0.058936908080365454,0.0058099722377956235,0.4666666666666667,0.5333333333333333,flatten,20260825
development_2025,2025-08-04,426,0.07093368310150198,-0.06085278491117048,-0.03193780022034418,0.04115747092174017,0.0038985392518283033,0.6,0.4,flatten,20260825
development_2025,2025-08-11,426,-0.035703439537902434,-0.0072704616456732984,-0.016715785175601412,0.030725205355440748,0.0019222428212987298,0.4666666666666667,0.5333333333333333,flatten,20260825
development_2025,2025-08-18,426,-0.21237962005397865,-0.01890170254602007,-0.013241387367278415,0.029187257791212465,0.0016836388932485815,0.4,0.6,flatten,20260825
development_2025,2025-08-25,426,0.022812826816249476,-0.009764352516570218,-0.0148864383059864,0.03329310172428781,0.001806217654525506,0.2,0.8,flatten,20260825
development_2025,2025-09-01,426,0.11173827924150495,0.04574226476838702,0.07739533711220917,0.03107719036475156,0.0020186197074872052,0.26666666666666666,0.7333333333333333,flatten,20260825
development_2025,2025-09-08,426,0.033790011040204584,0.019146691311024693,0.012162927554167315,0.03174611338756399,0.0022048485292793544,0.3333333333333333,0.6666666666666666,flatten,20260825
development_2025,2025-09-15,426,0.22528296102555545,0.04084801304649795,0.04600824953967425,0.029935486971358772,0.001669107426026664,0.6,0.4,flatten,20260825
development_2025,2025-09-22,426,-0.05283519826771624,-0.01805812186566194,-0.020019835530665952,0.03448219507370565,0.0020733143507031906,0.6,0.4,flatten,20260825
development_2025,2025-09-29,426,0.020664857030320786,0.04979243219952999,0.05268784976566594,0.03914303785965764,0.0032556497327278287,0.4666666666666667,0.5333333333333333,flatten,20260825
development_2025,2025-10-06,426,-0.08123332085085246,-0.012489769293628827,-0.00021414237100546296,0.05006656207909422,0.0038389020277103626,0.4,0.6,flatten,20260825
development_2025,2025-10-13,426,0.1303764729165737,0.0563168064383405,0.04452276491669215,0.03416714763422115,0.0022575571582635697,0.3333333333333333,0.6666666666666666,flatten,20260825
development_2025,2025-10-20,426,-0.10442341609929588,0.022246888870732288,0.022897988885309792,0.033974088416644,0.0022929818187752433,0.4,0.6,flatten,20260825
development_2025,2025-10-27,426,0.22185797523812112,0.061136070268248466,0.07665166071012355,0.04419198472771946,0.004814526334572508,0.4666666666666667,0.5333333333333333,flatten,20260825
development_2025,2025-11-03,426,-0.038632799691107104,-0.003556543759098226,0.0004910079520087287,0.0438212484519002,0.004038886786644036,0.5333333333333333,0.4666666666666667,flatten,20260825
development_2025,2025-11-10,426,-0.09721037895647754,-0.03304583222236075,-0.01978971352369083,0.03518777001805026,0.002265915784378295,0.5333333333333333,0.4666666666666667,flatten,20260825
development_2025,2025-11-17,426,-0.2433400014358087,-0.03868875277938599,-0.028262623744540888,0.041196149853996375,0.003333549885381487,0.6,0.4,flatten,20260825
development_2025,2025-11-24,426,0.15218539782572,0.06787129670786582,0.06158716865068779,0.037706635620044136,0.002595562104584812,0.5333333333333333,0.4666666666666667,flatten,20260825
development_2025,2025-12-01,426,0.05052176123277757,0.018326021937550143,0.004976785458835772,0.03389792338126515,0.0021676882771628735,0.6666666666666666,0.3333333333333333,flatten,20260825
development_2025,2025-12-08,426,-0.03405156105388357,-0.01916912847006305,-0.02766070416188767,0.03128050139516421,0.0018892354273655212,0.4666666666666667,0.5333333333333333,flatten,20260825
development_2025,2025-12-15,426,0.07190708377555595,0.03064531528814095,0.04449464382356772,0.028433410421532454,0.0013437477938692325,0.5333333333333333,0.4666666666666667,flatten,20260825
development_2025,2025-12-22,426,0.06710139331650462,0.01574996399702545,0.03106918142780614,0.017627425631204497,0.0005395422449040056,0.26666666666666666,0.7333333333333333,flatten,20260825
development_2025,2025-01-06,424,-0.0795466030651522,-0.003912577223954398,0.020512590944839534,0.031400667069867085,0.0017707703418326905,,,mean,ensemble
development_2025,2025-01-13,424,-0.0888256547098968,0.016718834816415576,-0.002297226146959222,0.04641049484358661,0.0035309899701450325,0.7333333333333333,0.26666666666666666,mean,ensemble
development_2025,2025-01-20,424,-0.20780629875394557,-0.0560058641938837,-0.05728171380000966,0.0461474711922501,0.0037417459550583027,0.7333333333333333,0.26666666666666666,mean,ensemble
development_2025,2025-01-27,424,-0.05602081217874544,-0.01857031639562487,-0.012873476072409044,0.034752228374964264,0.0024129056103864236,0.6,0.4,mean,ensemble
development_2025,2025-02-03,424,0.14618131729840445,0.01142725258272458,0.005391793922097918,0.034976941513567825,0.0027249611877331902,0.6666666666666666,0.3333333333333333,mean,ensemble
development_2025,2025-02-10,424,-0.07867900913878197,-0.00783253764319547,-0.05121147178211626,0.039785495331345525,0.003358317875558269,0.5333333333333333,0.4666666666666667,mean,ensemble
development_2025,2025-02-17,424,-0.18838950371885876,-0.02767972934457372,0.008230615068892923,0.04435339908449145,0.004069831962515738,0.6,0.4,mean,ensemble
development_2025,2025-02-24,424,-0.11035712880093826,-0.03333729278105408,-0.031668916376916545,0.03456291369307091,0.002421623554628806,0.4666666666666667,0.5333333333333333,mean,ensemble
development_2025,2025-03-03,424,-0.01636400846970663,-0.01069464321926122,-0.029567011848169806,0.04561842117684755,0.0038146469694449302,0.6,0.4,mean,ensemble
development_2025,2025-03-10,424,-0.004222731244243984,0.018287613255844687,0.004043321369293157,0.03761220445084731,0.0023383439202615407,0.6,0.4,mean,ensemble
development_2025,2025-03-17,424,-0.18070370982596168,0.0012938714616817855,-0.022335892087960253,0.0247948326606533,0.0010664076480940163,0.6666666666666666,0.3333333333333333,mean,ensemble
development_2025,2025-03-24,424,0.19808691682212828,0.01662599325810488,0.04137889482609795,0.02888656592300773,0.0015024298950302626,0.6,0.4,mean,ensemble
development_2025,2025-03-31,424,0.13416015302146553,-0.024975642274261994,0.010955968378583786,0.09543913670681467,0.01231475406600482,0.8666666666666667,0.13333333333333333,mean,ensemble
development_2025,2025-04-07,424,-0.12638297872340423,0.009094010061402417,-0.021387915417491528,0.059790821156176684,0.0063308439697799335,0.7333333333333333,0.26666666666666666,mean,ensemble
development_2025,2025-04-14,424,0.32227391157185475,0.01081588940734081,0.0373703978123902,0.030270598834906053,0.0018074588308563827,0.7333333333333333,0.26666666666666666,mean,ensemble
development_2025,2025-04-21,424,-0.38693319479538096,-0.034176405387391834,-0.08159220284805178,0.061581923449381494,0.005831745011007155,0.4666666666666667,0.5333333333333333,mean,ensemble
development_2025,2025-04-28,424,-0.16526349761100745,-0.03611651253708849,-0.04266393314440416,0.045097033873657585,0.003248691244053687,0.6,0.4,mean,ensemble
development_2025,2025-05-05,424,-0.16567580544863467,0.005925357624430349,-0.03450626504388313,0.0347324522383074,0.0025324970842553734,0.4666666666666667,0.5333333333333333,mean,ensemble
development_2025,2025-05-12,424,-0.521998882250612,-0.0409324536766531,-0.060417715086247034,0.062224982294432685,0.0061950943699280074,0.7333333333333333,0.26666666666666666,mean,ensemble
development_2025,2025-05-19,425,0.476461834268653,0.061203152787109805,0.0932692642853005,0.02919826361015446,0.0017737143663326392,0.4666666666666667,0.5333333333333333,mean,ensemble
development_2025,2025-05-26,425,0.07921058288953528,0.022252255220241667,0.013137815634139544,0.027275899079465264,0.0015332453395568743,0.7333333333333333,0.26666666666666666,mean,ensemble
development_2025,2025-06-02,425,0.034070361338354956,0.014723544325928154,-0.00726454490404797,0.02952627039938703,0.001826502834072873,0.5333333333333333,0.4666666666666667,mean,ensemble
development_2025,2025-06-09,425,-0.14210908623083462,-0.016121628947495716,-0.0305787995646899,0.03279288918258437,0.0018776369048256877,0.6666666666666666,0.3333333333333333,mean,ensemble
development_2025,2025-06-16,425,0.2770360896748564,0.027872661234945896,0.04224713556306181,0.02605147231658639,0.001379523943334674,0.7333333333333333,0.26666666666666666,mean,ensemble
development_2025,2025-06-23,425,0.1562035922527395,0.010883030221307096,0.017289553587910397,0.0355630053566727,0.0021708822954353327,0.6,0.4,mean,ensemble
development_2025,2025-06-30,425,0.05830532585077614,-0.0007931251079577283,0.002759512669226776,0.027024934160135152,0.0013805227406786143,0.6,0.4,mean,ensemble
development_2025,2025-07-07,426,0.07629848522184214,0.008308291618151827,0.006781389805016827,0.02999774141518258,0.0015827071693993882,0.7333333333333333,0.26666666666666666,mean,ensemble
development_2025,2025-07-14,426,0.1607473190153457,0.034576672368238796,0.041329858690528895,0.031769006198278334,0.0017983799569240813,0.7333333333333333,0.26666666666666666,mean,ensemble
development_2025,2025-07-21,426,-0.13600763694995432,-0.006062866011323918,-0.006919102708308731,0.03970285920048928,0.0029447048641989657,0.8,0.2,mean,ensemble
development_2025,2025-07-28,426,0.04626742130701276,0.02377572555738026,0.02478100586964257,0.05689361485871553,0.005459874013889556,0.7333333333333333,0.26666666666666666,mean,ensemble
development_2025,2025-08-04,426,0.03338751894200303,-0.02378366511823731,0.010502898325768424,0.04163996327497038,0.0038972093007519143,0.6666666666666666,0.3333333333333333,mean,ensemble
development_2025,2025-08-11,426,-0.1337873334510438,-0.03301614447068485,-0.03341842275817136,0.032198529306854774,0.002039999827318641,0.5333333333333333,0.4666666666666667,mean,ensemble
development_2025,2025-08-18,426,-0.19281272980214945,-0.012124048253692763,-0.01784841748492702,0.028156454319991454,0.0015488630048890281,0.5333333333333333,0.4666666666666667,mean,ensemble
development_2025,2025-08-25,426,0.0549890665109267,0.011330744095536305,0.010668683938560193,0.028251496962925907,0.001378585321707531,0.6,0.4,mean,ensemble
development_2025,2025-09-01,426,0.14891516893065238,0.027851091422492334,0.04823694571045835,0.030637123492459548,0.0020099822623176325,0.5333333333333333,0.4666666666666667,mean,ensemble
development_2025,2025-09-08,426,0.07955738287002632,0.027149278655983405,0.01877976191286491,0.030749034706838714,0.0020835037116790516,0.4,0.6,mean,ensemble
development_2025,2025-09-15,426,0.07417022870103941,0.04696354649542096,0.037404008538379926,0.03041467604003232,0.0017988247612271673,0.6666666666666666,0.3333333333333333,mean,ensemble
development_2025,2025-09-22,426,-0.03283275351239549,-0.01665227603721486,-0.008434889207888013,0.03328057784092421,0.0019504953125752682,0.6666666666666666,0.3333333333333333,mean,ensemble
development_2025,2025-09-29,426,0.1628268356522937,0.04117905686391783,0.025438892528692053,0.03838851094005743,0.0031368946483029867,0.7333333333333333,0.26666666666666666,mean,ensemble
development_2025,2025-10-06,426,-0.08618103995234667,-0.016485314505439788,-0.007093304177398237,0.04806437558513155,0.003584054426342392,0.7333333333333333,0.26666666666666666,mean,ensemble
development_2025,2025-10-13,426,0.16009709171130931,0.043515729960257016,0.060127632601292044,0.03389448320256296,0.0022671417978085947,0.8,0.2,mean,ensemble
development_2025,2025-10-20,426,-0.03638315912834771,0.02633792260803568,0.02974122635917851,0.034297006429983054,0.002228611196520979,0.8,0.2,mean,ensemble
development_2025,2025-10-27,426,0.20513972940827221,0.0632024141214908,0.0815265978888233,0.04442676744294202,0.004902484511818004,0.7333333333333333,0.26666666666666666,mean,ensemble
development_2025,2025-11-03,426,-0.01127265036700434,0.035564185342869155,0.05590078660920121,0.041851301186290324,0.0037062969264900275,0.7333333333333333,0.26666666666666666,mean,ensemble
development_2025,2025-11-10,426,-0.10447169031547046,-0.03570758549152892,-0.023326129294816096,0.034523339964298703,0.002089419914026103,0.8,0.2,mean,ensemble
development_2025,2025-11-17,426,-0.2002373352943117,-0.038034874964987475,-0.02216158950116197,0.03944941122255734,0.00311185254819019,0.8,0.2,mean,ensemble
development_2025,2025-11-24,426,0.15939859019109837,0.07869479096632542,0.08014966144164012,0.038436471979315476,0.0026960627633624535,0.8,0.2,mean,ensemble
development_2025,2025-12-01,426,-0.028642054836249903,0.02082649275685283,0.007623949783001623,0.03396846287113022,0.0022159713732547584,0.7333333333333333,0.26666666666666666,mean,ensemble
development_2025,2025-12-08,426,-0.04531404434320485,-0.03785709745341246,-0.049380359179231614,0.031079732750125138,0.0018835217072618068,0.8666666666666667,0.13333333333333333,mean,ensemble
development_2025,2025-12-15,426,0.14607102596291344,0.04392554360767491,0.05024624902251764,0.025034871578437642,0.0011323670921331267,0.7333333333333333,0.26666666666666666,mean,ensemble
development_2025,2025-12-22,426,0.09708030245115826,0.00784512313780581,0.024277710842454066,0.01714445820491949,0.0005125253697175333,0.6666666666666666,0.3333333333333333,mean,ensemble
development_2025,2025-01-06,424,-0.042396234286568905,-0.005631766371659232,0.020408002262679803,0.03141872872869937,0.001774960629088504,,,flatten,ensemble
development_2025,2025-01-13,424,-0.08471454097496083,0.018352200270656413,-0.007451486973075627,0.046579941379505115,0.0035816563113084876,0.5333333333333333,0.4666666666666667,flatten,ensemble
development_2025,2025-01-20,424,-0.1435923835612125,-0.02927888744407775,-0.036140859515591595,0.04411164115122252,0.0035459875997787037,0.6666666666666666,0.3333333333333333,flatten,ensemble
development_2025,2025-01-27,424,-0.0981952283121197,-0.02805634670278119,-0.03272380662188566,0.03648261325027778,0.0027212507393439196,0.5333333333333333,0.4666666666666667,flatten,ensemble
development_2025,2025-02-03,424,0.12667595999228448,0.01477662498543474,0.0271369837462886,0.03542788562112911,0.0027209722630489575,0.5333333333333333,0.4666666666666667,flatten,ensemble
development_2025,2025-02-10,424,-0.0013600333750521485,-0.025564305589165275,-0.040612565110881425,0.03925380386408983,0.0032598022595309683,0.7333333333333333,0.26666666666666666,flatten,ensemble
development_2025,2025-02-17,424,-0.17069466434830752,-0.03719788865466189,-0.01600508577757275,0.044662332692644746,0.004146003558546127,0.4666666666666667,0.5333333333333333,flatten,ensemble
development_2025,2025-02-24,424,-0.05775914862131123,-0.015763057557180167,-0.010249625872606114,0.03462298607156848,0.0024435632920904427,0.4666666666666667,0.5333333333333333,flatten,ensemble
development_2025,2025-03-03,424,-0.06811879629410977,-0.027908159918853828,-0.04201234829244377,0.04640797885767881,0.0039710055882554475,0.4,0.6,flatten,ensemble
development_2025,2025-03-10,424,0.06634330649160507,0.04898520459082266,0.03877026904604139,0.03839192788747796,0.0023499011861111817,0.4,0.6,flatten,ensemble
development_2025,2025-03-17,424,-0.10647255610393494,0.001040715400456466,-0.0028004089903245865,0.0246147644855032,0.001032833489213772,0.4,0.6,flatten,ensemble
development_2025,2025-03-24,424,0.14863485016648167,-0.006995334716768584,0.0007722427044573113,0.029443552150666696,0.0015833498331544406,0.4666666666666667,0.5333333333333333,flatten,ensemble
development_2025,2025-03-31,424,0.14983178658858162,-0.05007852051473677,-0.010130116262421052,0.09443751462533505,0.012196890622998958,0.4,0.6,flatten,ensemble
development_2025,2025-04-07,424,-0.1905416361647027,0.019245934736180942,-0.01717777896734969,0.06111074936174802,0.006584839391828064,0.4666666666666667,0.5333333333333333,flatten,ensemble
development_2025,2025-04-14,424,0.18207775442573654,0.002003580713350853,0.006963200039393903,0.034725054775238004,0.002200688808160201,0.4666666666666667,0.5333333333333333,flatten,ensemble
development_2025,2025-04-21,424,-0.4332749269920734,-0.020492320630658704,-0.07794592347521348,0.06121616429826365,0.005915276265362283,0.6,0.4,flatten,ensemble
development_2025,2025-04-28,424,-0.1671584763973835,-0.02256089866948843,-0.04406624293277026,0.04178437669711703,0.0029249701110800473,0.5333333333333333,0.4666666666666667,flatten,ensemble
development_2025,2025-05-05,424,0.004021221495422737,-0.0032556289595857923,-0.035567772722787806,0.03336604033124919,0.0023524385728624156,0.4666666666666667,0.5333333333333333,flatten,ensemble
development_2025,2025-05-12,424,-0.47315606772616703,-0.05268389499299822,-0.0868613354081993,0.06665004831171947,0.006986587729048619,0.2,0.8,flatten,ensemble
development_2025,2025-05-19,425,0.1257404136249238,0.04931262793157671,0.05973412351080061,0.03679076712220397,0.0024157300547096527,0.2,0.8,flatten,ensemble
development_2025,2025-05-26,425,0.1230819481906626,0.029373526206806513,0.03125097862017569,0.026760679602385814,0.0015199410089447962,0.26666666666666666,0.7333333333333333,flatten,ensemble
development_2025,2025-06-02,425,0.22920120950122766,0.00852332925174356,0.0004099776504058253,0.02648218790083678,0.0016337818444064265,0.13333333333333333,0.8666666666666667,flatten,ensemble
development_2025,2025-06-09,425,-0.12383221005737804,-0.013258195921043188,-0.030979742877037433,0.031690685024072296,0.001811121079320385,0.3333333333333333,0.6666666666666666,flatten,ensemble
development_2025,2025-06-16,425,0.09501094617134904,0.0043318067874637935,0.01605605312458398,0.027725253698133147,0.0015172950815239,0.4,0.6,flatten,ensemble
development_2025,2025-06-23,425,0.1470372512544747,-0.004288936304498815,0.030839238349281185,0.036357312284251285,0.0022452402949229545,0.4666666666666667,0.5333333333333333,flatten,ensemble
development_2025,2025-06-30,425,-0.10584890028294072,0.004237067038845632,-0.014639493511757222,0.028531188505198694,0.0014695475108954057,0.4,0.6,flatten,ensemble
development_2025,2025-07-07,426,-0.03301684746861109,0.0031865055753980912,-0.007979986717673998,0.03186171842325588,0.0017706730839105696,0.6666666666666666,0.3333333333333333,flatten,ensemble
development_2025,2025-07-14,426,0.09267027429766643,0.015033583911925564,0.011181649555280365,0.03346300690281373,0.0019579821899544415,0.3333333333333333,0.6666666666666666,flatten,ensemble
development_2025,2025-07-21,426,-0.13405648937016507,-0.016114157048791697,-0.05257395006261297,0.03949632211751435,0.002983264768698401,0.4666666666666667,0.5333333333333333,flatten,ensemble
development_2025,2025-07-28,426,0.01770010613342543,0.023793242199344276,0.036755907616628065,0.05798139945659708,0.005645503288048036,0.5333333333333333,0.4666666666666667,flatten,ensemble
development_2025,2025-08-04,426,0.07478987716074655,-0.05223461904845993,-0.022491920641750568,0.041478551926716616,0.0038834189283273495,0.6,0.4,flatten,ensemble
development_2025,2025-08-11,426,-0.06418258829738314,-0.013130980822025094,-0.032041363524087006,0.031237457134113734,0.00196469546287606,0.4666666666666667,0.5333333333333333,flatten,ensemble
development_2025,2025-08-18,426,-0.22227909404352827,-0.01838885022099243,-0.022672175927896956,0.029049654000797835,0.0016616323948808068,0.4666666666666667,0.5333333333333333,flatten,ensemble
development_2025,2025-08-25,426,-0.003952354435193611,-0.001598735158173964,-0.011646522893288411,0.03216366672990533,0.0016926492840632539,0.3333333333333333,0.6666666666666666,flatten,ensemble
development_2025,2025-09-01,426,0.11577499713808405,0.038132897569200706,0.06876866934240533,0.03120396230269595,0.0020354298434193414,0.5333333333333333,0.4666666666666667,flatten,ensemble
development_2025,2025-09-08,426,0.04131504552871715,0.013047779121181996,0.010059642149953479,0.03131382384323523,0.0021476225424881465,0.4666666666666667,0.5333333333333333,flatten,ensemble
development_2025,2025-09-15,426,0.17335558190027336,0.03588274408526426,0.043335641501030565,0.029954264817036533,0.001704079195796181,0.5333333333333333,0.4666666666666667,flatten,ensemble
development_2025,2025-09-22,426,-0.046944191668817144,-0.012065387097228042,-0.01051800891032835,0.03421646358537457,0.002054106076549154,0.6,0.4,flatten,ensemble
development_2025,2025-09-29,426,0.04779620830091446,0.03355777916852127,0.03563326361678795,0.03898741804773706,0.003272065519646004,0.6,0.4,flatten,ensemble
development_2025,2025-10-06,426,-0.10158781037235952,-0.010616143957911849,0.002647324904394434,0.04947912755863295,0.0037442099724928324,0.4666666666666667,0.5333333333333333,flatten,ensemble
development_2025,2025-10-13,426,0.12459722656090837,0.06433660924051025,0.05172806465187437,0.03483257289976546,0.002343677802309454,0.5333333333333333,0.4666666666666667,flatten,ensemble
development_2025,2025-10-20,426,-0.07933913995060042,0.016808437704173795,0.012121705732476104,0.03442165816351549,0.00229212713292806,0.5333333333333333,0.4666666666666667,flatten,ensemble
development_2025,2025-10-27,426,0.21703101928834337,0.061136070268248466,0.08175852404539358,0.04397428038522761,0.004797934882523339,0.5333333333333333,0.4666666666666667,flatten,ensemble
development_2025,2025-11-03,426,-0.040080870953784424,-0.002639395237953965,0.010151954847830052,0.04303593252232205,0.003933650538571509,0.4666666666666667,0.5333333333333333,flatten,ensemble
development_2025,2025-11-10,426,-0.08500942006911284,-0.041525133388939754,-0.03177194844870714,0.03496393712158579,0.002230447118590154,0.6666666666666666,0.3333333333333333,flatten,ensemble
development_2025,2025-11-17,426,-0.19849915306690674,-0.04758654089028756,-0.028431427745253195,0.039757294552877936,0.003118394093388251,0.6,0.4,flatten,ensemble
development_2025,2025-11-24,426,0.1252046124383718,0.06752126794809475,0.05888379807695026,0.03839169170353542,0.0027101593500108608,0.4666666666666667,0.5333333333333333,flatten,ensemble
development_2025,2025-12-01,426,0.029826713414527667,0.020760528999050527,0.00905967426598299,0.03392553902888146,0.0021554359640130714,0.6666666666666666,0.3333333333333333,flatten,ensemble
development_2025,2025-12-08,426,-0.028437161056988024,-0.017140566833891976,-0.026593171075258912,0.030918486323689934,0.001845416400872878,0.6,0.4,flatten,ensemble
development_2025,2025-12-15,426,0.057788194936252035,0.03213732176354144,0.03306004595913098,0.027739634101962892,0.0012991937171382866,0.6,0.4,flatten,ensemble
development_2025,2025-12-22,426,0.05636185483198128,0.015749963997025447,0.026509927367265432,0.01774801298552852,0.000539537153908906,0.3333333333333333,0.6666666666666666,flatten,ensemble
development_2025,2025-01-06,424,-0.004292472508875087,-0.005621601033568977,0.03076453212828257,0.030022749405587374,0.0016266068446726472,,,causal_historical_mean,control
development_2025,2025-01-13,424,0.19556269235915963,0.03690504674650301,0.039545840140786916,0.04054489742004291,0.0027671920721420683,0.9333333333333333,0.06666666666666667,causal_historical_mean,control
development_2025,2025-01-20,424,-0.27792429215764985,-0.09768611696344653,-0.10069449141979364,0.042137124316621984,0.0032571285476708386,0.9333333333333333,0.06666666666666667,causal_historical_mean,control
development_2025,2025-01-27,424,-0.17037365889752126,-0.05958182607470297,-0.054300593386628855,0.033755447669510524,0.0023067415480441836,0.9333333333333333,0.06666666666666667,causal_historical_mean,control
development_2025,2025-02-03,424,0.09375855407933485,0.015794901118861854,-0.007171441699245877,0.03488481581336543,0.0026473794879082724,0.8666666666666667,0.13333333333333333,causal_historical_mean,control
development_2025,2025-02-10,424,-0.11620028179878936,-0.023160362668154025,-0.02162376374514371,0.037674820603066414,0.0030767596596361414,0.9333333333333333,0.06666666666666667,causal_historical_mean,control
development_2025,2025-02-17,424,-0.27931904972879057,-0.09706000110491599,-0.07581591519726441,0.04271622827838502,0.0037861507182814914,1.0,0.0,causal_historical_mean,control
development_2025,2025-02-24,424,-0.15467935548366274,-0.049001367179686964,-0.038690462736594086,0.03271762295634909,0.002224324091072312,0.9333333333333333,0.06666666666666667,causal_historical_mean,control
development_2025,2025-03-03,424,-0.3332809093127415,-0.07162965108280282,-0.10197075724354476,0.04535469348017253,0.0037460062660693277,0.8666666666666667,0.13333333333333333,causal_historical_mean,control
development_2025,2025-03-10,424,-0.03331475665336387,0.013482331858514933,-0.003230700123147072,0.0387558431250188,0.0024130503054527186,0.8666666666666667,0.13333333333333333,causal_historical_mean,control
development_2025,2025-03-17,424,0.07706519942380805,0.011858047170834937,0.002623150200869149,0.02064448372174537,0.0007346795927846058,0.9333333333333333,0.06666666666666667,causal_historical_mean,control
development_2025,2025-03-24,424,-0.033138435623145286,-0.01826333291457632,-0.0018367693319783149,0.030727377845468074,0.0016499515822429207,0.9333333333333333,0.06666666666666667,causal_historical_mean,control
development_2025,2025-03-31,424,0.0030111538794562382,-0.03686386776554376,-0.038227419953441144,0.09827780950167217,0.012989386903580766,0.9333333333333333,0.06666666666666667,causal_historical_mean,control
development_2025,2025-04-07,424,0.31925992396155567,0.09522946439544176,0.09374295689329097,0.0548894812948755,0.005353634332454164,0.8666666666666667,0.13333333333333333,causal_historical_mean,control
development_2025,2025-04-14,424,-0.359815807495218,-0.038100575679234985,-0.0397323404600707,0.03420012817951748,0.0020976508342836183,0.8666666666666667,0.13333333333333333,causal_historical_mean,control
development_2025,2025-04-21,424,0.1800584063412599,0.04891379459414908,0.027980591822434744,0.051914932947701886,0.0042279827459396555,1.0,0.0,causal_historical_mean,control
development_2025,2025-04-28,424,0.12058941601530213,0.014250685922567043,0.01379646640699693,0.037596188134417126,0.002346343590365283,1.0,0.0,causal_historical_mean,control
development_2025,2025-05-05,424,0.10186538204201792,0.02352159341483443,0.019999817982598478,0.03023569411384117,0.0020357032135957928,0.8666666666666667,0.13333333333333333,causal_historical_mean,control
development_2025,2025-05-12,424,0.21538385245708075,0.030651883350609282,0.028337867950408213,0.05174295490107083,0.004497632967970574,0.8666666666666667,0.13333333333333333,causal_historical_mean,control
development_2025,2025-05-19,425,-0.10033280705319599,-0.009365197026197272,0.003265251243376146,0.03696899427332534,0.002464987614832703,0.9333333333333333,0.06666666666666667,causal_historical_mean,control
development_2025,2025-05-26,425,0.05686233046467664,0.031073121389085814,0.03598461130592991,0.02558593839427643,0.0014154570197834773,0.8666666666666667,0.13333333333333333,causal_historical_mean,control
development_2025,2025-06-02,425,0.12344054819529748,0.0038056266258441364,0.016674676423348113,0.028925007927141037,0.0017457378162150023,1.0,0.0,causal_historical_mean,control
development_2025,2025-06-09,425,-0.13880157175913985,-0.0006117515874231962,3.0784691539839995e-06,0.028118544272477498,0.0015012640289147623,1.0,0.0,causal_historical_mean,control
development_2025,2025-06-16,425,0.23485228599100727,0.04185878697544744,0.0625681712728848,0.026805674196661296,0.0014298282698498946,0.9333333333333333,0.06666666666666667,causal_historical_mean,control
development_2025,2025-06-23,425,0.15497240937299714,0.03172894623858721,0.05586528846977237,0.03706944581935268,0.0023208652589149807,0.9333333333333333,0.06666666666666667,causal_historical_mean,control
development_2025,2025-06-30,425,0.025817948758030985,-0.017241103520503148,-0.022358006962871622,0.026664311937874257,0.0013048683469563348,1.0,0.0,causal_historical_mean,control
development_2025,2025-07-07,426,-0.021715713761838146,0.00336694535729419,-0.00863647333194815,0.02572260236357479,0.001236049223128569,1.0,0.0,causal_historical_mean,control
development_2025,2025-07-14,426,0.19050720911777316,0.025201760933593706,0.035526003333855395,0.029576073425336004,0.0016428196352962436,1.0,0.0,causal_historical_mean,control
development_2025,2025-07-21,426,-0.08579577755831033,-0.008391373694275128,-0.009512123302811572,0.039803527800764196,0.0030040872880137304,0.9333333333333333,0.06666666666666667,causal_historical_mean,control
development_2025,2025-07-28,426,0.14238976772884168,0.027822848594508356,0.036621621787878,0.05181924559226788,0.004783501613065381,0.9333333333333333,0.06666666666666667,causal_historical_mean,control
development_2025,2025-08-04,426,-0.05798486191983143,0.007606302217029605,-0.007554890905483884,0.041273715951964926,0.0038560800293032005,0.9333333333333333,0.06666666666666667,causal_historical_mean,control
development_2025,2025-08-11,426,-0.18964417168391257,-0.031053304445493743,-0.0374573965440543,0.02973529144270201,0.0018340784648100497,0.9333333333333333,0.06666666666666667,causal_historical_mean,control
development_2025,2025-08-18,426,-0.1859245734775092,-0.026063197863447535,-0.03963366249116081,0.02709214219897762,0.0014031556787726268,1.0,0.0,causal_historical_mean,control
development_2025,2025-08-25,426,0.15338185331856133,0.021039316308285986,0.024758263093561238,0.02497588684105073,0.0011341143026010467,0.9333333333333333,0.06666666666666667,causal_historical_mean,control
development_2025,2025-09-01,426,0.09527211484917218,0.018214652589571487,0.021203826640742968,0.03137926770642374,0.0021977754410381057,1.0,0.0,causal_historical_mean,control
development_2025,2025-09-08,426,0.1480820894508808,0.05052848495748571,0.04136024672033871,0.02983507906827707,0.002029835701020924,1.0,0.0,causal_historical_mean,control
development_2025,2025-09-15,426,0.17451742276222423,0.027568681567968826,0.024322439082538054,0.029851682419953902,0.0017599852244245039,0.9333333333333333,0.06666666666666667,causal_historical_mean,control
development_2025,2025-09-22,426,0.0044413054993412745,-0.017078053520276797,-0.01998394470272719,0.030251445352950733,0.0016883364869329023,1.0,0.0,causal_historical_mean,control
development_2025,2025-09-29,426,0.04257064081693633,0.030881899985652085,0.033526688360333706,0.03913875030555908,0.0032724498760109987,0.9333333333333333,0.06666666666666667,causal_historical_mean,control
development_2025,2025-10-06,426,0.055677168119614505,0.03172863675403352,0.061981315597541886,0.044356404923524724,0.003085219237045112,1.0,0.0,causal_historical_mean,control
development_2025,2025-10-13,426,-0.012423315204631843,0.007387223996372368,0.008798149680598374,0.034890647778727656,0.0023615480509388337,0.9333333333333333,0.06666666666666667,causal_historical_mean,control
development_2025,2025-10-20,426,-0.016831015019722968,0.03178315364543456,-0.008658067657069342,0.03234342297421146,0.0020478311003373647,0.9333333333333333,0.06666666666666667,causal_historical_mean,control
development_2025,2025-10-27,426,0.12258616307294103,0.008673213946182552,-0.030280544040320764,0.04421484720448153,0.005109249752793219,1.0,0.0,causal_historical_mean,control
development_2025,2025-11-03,426,-0.17126287134572138,-0.03220608540505968,-0.04686027016888028,0.04021478185745431,0.0035303861043056296,0.9333333333333333,0.06666666666666667,causal_historical_mean,control
development_2025,2025-11-10,426,-0.19620216962333306,-0.00505481020576144,-0.0027464844265206395,0.030832663379423725,0.0016554561820906809,0.8666666666666667,0.13333333333333333,causal_historical_mean,control
development_2025,2025-11-17,426,-0.1298330387338496,-0.046134410717073485,-0.040776648248885425,0.03571969128866398,0.00245856506173882,1.0,0.0,causal_historical_mean,control
development_2025,2025-11-24,426,0.14785406751017194,0.04957515068882608,0.03535111157822566,0.03726109991686261,0.002722959078557278,0.8,0.2,causal_historical_mean,control
development_2025,2025-12-01,426,0.0920874135846904,0.010080243733360365,0.01208815491402778,0.031537870345372886,0.0019368942469583448,1.0,0.0,causal_historical_mean,control
development_2025,2025-12-08,426,-0.25032206740927726,-0.022664388148705392,-0.04745667598076553,0.029055082622745983,0.0016127789474858966,1.0,0.0,causal_historical_mean,control
development_2025,2025-12-15,426,0.10749340789190301,0.01195338500400744,0.02600943661255075,0.025057055947357174,0.001168732009505919,1.0,0.0,causal_historical_mean,control
development_2025,2025-12-22,426,0.05124121779859484,0.0016153290142017713,0.010302250585632979,0.015561503442927966,0.00044636537538622417,0.9333333333333333,0.06666666666666667,causal_historical_mean,control
development_2025,2025-01-06,424,-0.05998551648680347,-0.015083653495824231,-0.02519644246727889,0.030121668781253982,0.001636879785899575,,,ridge,control
development_2025,2025-01-13,424,0.04655347486244598,0.00856846049104714,0.010128164921919515,0.04083136578478124,0.0027883841499706753,0.26666666666666666,0.7333333333333333,ridge,control
development_2025,2025-01-20,424,0.08272919766059776,-0.006453037385602651,0.03977704718318975,0.041977487913233476,0.003163315822795094,0.13333333333333333,0.8666666666666667,ridge,control
development_2025,2025-01-27,424,0.0008209947969553135,-0.017210043911974768,0.008514342996439241,0.03344046573593682,0.002225410754528319,0.13333333333333333,0.8666666666666667,ridge,control
development_2025,2025-02-03,424,0.054515867102583736,0.04189726558249513,0.03353389391227188,0.03497908171979584,0.0026357225238207295,0.13333333333333333,0.8666666666666667,ridge,control
development_2025,2025-02-10,424,-0.12170118308262687,-0.029103543447030235,-0.06280113747479538,0.037732764306213286,0.003078386948201733,0.2,0.8,ridge,control
development_2025,2025-02-17,424,-0.12888359383520265,-0.04728845798649092,-0.052823604159142695,0.042616420432381535,0.0037811282981634682,0.13333333333333333,0.8666666666666667,ridge,control
development_2025,2025-02-24,424,-0.09115860234097653,0.0057922175994177235,0.026135248774765366,0.03289377613279046,0.002259934096157556,0.6,0.4,ridge,control
development_2025,2025-03-03,424,-0.052405916200281795,-0.007898140171568778,0.000992847030894639,0.04513725124410989,0.0037207762991560366,0.26666666666666666,0.7333333333333333,ridge,control
development_2025,2025-03-10,424,0.08445163372454562,0.025803177898077508,0.028143049679083574,0.038817392722338154,0.002432993356991222,0.4,0.6,ridge,control
development_2025,2025-03-17,424,-0.023688887839358946,0.00554190435093113,-0.006996049638381066,0.02078498745797059,0.0007382239636150677,0.26666666666666666,0.7333333333333333,ridge,control
development_2025,2025-03-24,424,-0.34032650876488696,-0.028174101185488857,-0.04381789853228097,0.031191158531206103,0.0016886373510570432,0.4,0.6,ridge,control
development_2025,2025-03-31,424,-0.4455520658684991,-0.04846723772939793,-0.10437386644428115,0.09942582062221403,0.013344745723787028,0.3333333333333333,0.6666666666666666,ridge,control
development_2025,2025-04-07,424,0.32767358569280786,0.08697398744384617,0.12966171311642752,0.05244548037438054,0.004886857264550027,0.3333333333333333,0.6666666666666666,ridge,control
development_2025,2025-04-14,424,-0.05658488204595367,-0.006552327190288521,-0.03273619317749185,0.03404225257646311,0.0020835934309176743,0.3333333333333333,0.6666666666666666,ridge,control
development_2025,2025-04-21,424,0.5787648082115222,0.07885785611421756,0.11206143921409817,0.04988255262536838,0.003929364493509736,0.4666666666666667,0.5333333333333333,ridge,control
development_2025,2025-04-28,424,0.04205807573932825,0.014385318560290135,0.012418223455145025,0.03690483813774309,0.0022813807053623115,0.26666666666666666,0.7333333333333333,ridge,control
development_2025,2025-05-05,424,0.29069780622003916,0.05171514701972944,0.0678015847065864,0.03001457195375516,0.0020022552671012037,0.2,0.8,ridge,control
development_2025,2025-05-12,424,0.2613765634716351,0.052808770753804773,0.11049396372703914,0.05058917925193235,0.004346346984138742,0.2,0.8,ridge,control
development_2025,2025-05-19,425,-0.020369542448922168,0.010121549419785636,0.0269603925801254,0.036805765997699975,0.002437489997467026,0.13333333333333333,0.8666666666666667,ridge,control
development_2025,2025-05-26,425,-0.09521986897265444,-0.0012443787432958762,-0.01808070993435413,0.025227196954471308,0.0013920510476021926,0.13333333333333333,0.8666666666666667,ridge,control
development_2025,2025-06-02,425,0.27673790767448975,0.02018868675499299,0.018687875217471984,0.028326844544782705,0.0016924156245823143,0.4,0.6,ridge,control
development_2025,2025-06-09,425,0.04801550890307756,-0.011240718683754434,-0.0010492810767445127,0.027853292302419796,0.0014907628845771605,0.2,0.8,ridge,control
development_2025,2025-06-16,425,0.06245736593367959,-0.015167820943827353,0.011327546279974118,0.027362775117619614,0.001468881793068373,0.4,0.6,ridge,control
development_2025,2025-06-23,425,0.11294539713307593,0.0007810932676621321,0.004914952542941713,0.03675310117324134,0.002312915602534749,0.4,0.6,ridge,control
development_2025,2025-06-30,425,0.1908117740851323,0.02041964776570364,0.036867517110218136,0.026654581242862244,0.0012771915365392035,0.2,0.8,ridge,control
development_2025,2025-07-07,426,-0.01733797190083607,-0.010872725512884544,-0.006060894754180498,0.025438589294672544,0.0012071005163916898,0.06666666666666667,0.9333333333333333,ridge,control
development_2025,2025-07-14,426,-0.009989891130776946,0.033042193513918065,0.019725470690440262,0.029711906244468546,0.0016513019593807623,0.13333333333333333,0.8666666666666667,ridge,control
development_2025,2025-07-21,426,0.20076198754727012,-0.0036194216323040054,0.007755723423221207,0.039684442488380316,0.0029880214487464675,0.13333333333333333,0.8666666666666667,ridge,control
development_2025,2025-07-28,426,-0.07176039845631166,-0.023030245528124424,0.0035717051281131187,0.05127376159206866,0.004718853551412192,0.06666666666666667,0.9333333333333333,ridge,control
development_2025,2025-08-04,426,-0.07315926416745411,-0.004571105779952645,-0.005449449639713966,0.0408899143356692,0.003811057495423819,0.06666666666666667,0.9333333333333333,ridge,control
development_2025,2025-08-11,426,0.25724390702944766,0.033271201026743975,0.06716063023278088,0.028933986421430507,0.001756806092051237,0.13333333333333333,0.8666666666666667,ridge,control
development_2025,2025-08-18,426,-0.07322166363659294,0.013000896913504683,0.02256076642170235,0.02690494867045577,0.0013780133534753976,0.26666666666666666,0.7333333333333333,ridge,control
development_2025,2025-08-25,426,-0.0814231580417898,-0.004560687857259769,-0.003528035237078458,0.0249849300137698,0.0011482045416009539,0.4666666666666667,0.5333333333333333,ridge,control
development_2025,2025-09-01,426,0.055699209723141165,-0.018815690079042255,-0.06763436400453454,0.03140687082194463,0.002230948792464853,0.4,0.6,ridge,control
development_2025,2025-09-08,426,-0.027090450126021317,-0.008495531363878445,-0.0453179079329759,0.030231948026863922,0.002095075778510195,0.5333333333333333,0.4666666666666667,ridge,control
development_2025,2025-09-15,426,0.006539293620934866,0.009153403320489487,-0.031709901444588656,0.030110251526656293,0.0017992664794903054,0.3333333333333333,0.6666666666666666,ridge,control
development_2025,2025-09-22,426,-0.03750246900884575,0.0006261303088807022,-0.020901842892614916,0.030122871239351263,0.0016641677364202046,0.4666666666666667,0.5333333333333333,ridge,control
development_2025,2025-09-29,426,0.19200013970030405,0.06064811287571219,0.09114484532888488,0.03924882070136558,0.0032938978353218473,0.2,0.8,ridge,control
development_2025,2025-10-06,426,0.04871528107895202,0.007080284109998922,0.02793598052572455,0.043722354747313084,0.003000058220909554,0.2,0.8,ridge,control
development_2025,2025-10-13,426,0.09196013108545195,0.02431295344742276,0.020419661570437193,0.03440452956166132,0.0023100258191644757,0.13333333333333333,0.8666666666666667,ridge,control
development_2025,2025-10-20,426,0.0816244817021706,-0.011593878965045165,-0.04799296638096822,0.0326156172453247,0.0021404538892770392,0.26666666666666666,0.7333333333333333,ridge,control
development_2025,2025-10-27,426,-0.06211797302619963,-0.0036993353905637114,-0.004044444896933002,0.04455111863487203,0.005066030194677805,0.4,0.6,ridge,control
development_2025,2025-11-03,426,-0.12846087130303518,0.008450846359849771,0.02914379711764489,0.04045310207819697,0.0035895227435884217,0.13333333333333333,0.8666666666666667,ridge,control
development_2025,2025-11-10,426,-0.20669024756058046,-0.048324143991900416,-0.06358580507679429,0.03123090860164601,0.0017465556194136104,0.13333333333333333,0.8666666666666667,ridge,control
development_2025,2025-11-17,426,-0.1336006007113074,-0.02637636351972658,-0.038330541591759776,0.03584697091699872,0.0023962652425740796,0.4,0.6,ridge,control
development_2025,2025-11-24,426,0.3497245769700168,0.01670119220629039,0.03806823342579998,0.03639655327501856,0.0026241630948091897,0.3333333333333333,0.6666666666666666,ridge,control
development_2025,2025-12-01,426,-0.05709450531540254,0.009997426530284289,-0.016467632228614963,0.03206550874106692,0.001991480307249563,0.4,0.6,ridge,control
development_2025,2025-12-08,426,0.011044162758615337,0.017539960919048483,0.023968865817665136,0.028638132977240386,0.0015391881320546887,0.3333333333333333,0.6666666666666666,ridge,control
development_2025,2025-12-15,426,-0.14308454390761152,0.005274710922068336,-0.008192068846499524,0.02553192185378548,0.0012313889788560556,0.13333333333333333,0.8666666666666667,ridge,control
development_2025,2025-12-22,426,-0.034306126052360456,-0.019806967998454536,-0.006929811165814593,0.015813932188863775,0.00045469707147360937,0.3333333333333333,0.6666666666666666,ridge,control
confirmatory_2026,2026-01-12,426,0.20119862860868198,0.0335218965520702,0.03482948697960699,0.035452670027064925,0.002403089497838785,,,mean,20260823
confirmatory_2026,2026-01-19,426,0.06588258577501654,0.04409154678374415,0.05808011354786752,0.03386006256059262,0.0021610122664441865,0.6,0.4,mean,20260823
confirmatory_2026,2026-01-26,427,0.1992355542786364,0.017605570298008535,0.07390387755281529,0.03678266945063651,0.0026510209467761566,0.6666666666666666,0.3333333333333333,mean,20260823
confirmatory_2026,2026-02-02,427,0.22653031718732802,0.033591781896053524,0.10041925381626265,0.057653171442895286,0.005668234303329364,0.8,0.2,mean,20260823
confirmatory_2026,2026-02-09,427,0.14398309575547355,0.0029354854428031447,0.019550193347538075,0.045205104343889115,0.003951051878575488,0.7333333333333333,0.26666666666666666,mean,20260823
confirmatory_2026,2026-02-16,427,0.17615683375571337,0.0338696306868718,0.054908968560387864,0.03771600169295824,0.0027245188739516953,0.6666666666666666,0.3333333333333333,mean,20260823
confirmatory_2026,2026-02-23,427,0.00679779612252957,-0.0005225134260417328,0.010888597487472142,0.034834548575600824,0.002483796217820941,0.6,0.4,mean,20260823
confirmatory_2026,2026-03-02,427,-0.5227792370894587,-0.07256908959076794,-0.19614226949708718,0.07981490273513347,0.009201903820334483,0.8,0.2,mean,20260823
confirmatory_2026,2026-03-09,427,0.23596982538713204,0.07573309309708254,0.09708364068566289,0.0448620221629245,0.0029991231737484816,0.8,0.2,mean,20260823
confirmatory_2026,2026-03-16,427,0.05496222316278551,0.03502580226193851,0.038515470963232185,0.03705525490751602,0.0024263878732730076,0.6,0.4,mean,20260823
confirmatory_2026,2026-03-23,428,0.2659369994926555,0.009142418350556862,0.062084377227649874,0.03442489595602475,0.002181878118713204,0.8666666666666667,0.13333333333333333,mean,20260823
confirmatory_2026,2026-03-30,428,-0.09500810205575029,-0.010946309127304543,-0.04569868592936156,0.050271517975773145,0.003805999823129061,0.8666666666666667,0.13333333333333333,mean,20260823
confirmatory_2026,2026-04-06,428,0.20873916951747504,0.025759465019168315,0.08685074060881126,0.05268684770179098,0.004681108083805276,0.6666666666666666,0.3333333333333333,mean,20260823
confirmatory_2026,2026-04-13,428,-0.3360942718993892,-0.02086916093289817,-0.07696805952060441,0.056678559923151815,0.005705585637339056,0.5333333333333333,0.4666666666666667,mean,20260823
confirmatory_2026,2026-04-20,428,0.373902640947225,0.05936316719671716,0.0775772102600917,0.04532654197232439,0.0037153424297807925,0.7333333333333333,0.26666666666666666,mean,20260823
confirmatory_2026,2026-04-27,428,0.14402481232571626,0.0063585625357462615,0.011628299892367754,0.03934814411371767,0.00341781794550847,0.7333333333333333,0.26666666666666666,mean,20260823
confirmatory_2026,2026-05-04,428,0.13980733530296882,0.0826748115773091,0.09144770332158715,0.04975368817338221,0.005706449513113898,0.7333333333333333,0.26666666666666666,mean,20260823
confirmatory_2026,2026-05-11,428,0.2418802599884814,0.013157600526115332,0.040965691610309,0.045894094180245426,0.003711751799330927,0.6,0.4,mean,20260823
confirmatory_2026,2026-05-18,428,-0.12521230875758224,0.06391212240589389,0.03837688490666278,0.0462603953023999,0.003923331744988644,0.8,0.2,mean,20260823
confirmatory_2026,2026-05-25,428,0.17979370101325057,0.14031105049693224,0.14818986630248632,0.056067451251946225,0.007481005858778611,0.8666666666666667,0.13333333333333333,mean,20260823
confirmatory_2026,2026-06-01,428,-0.2279883438149104,-0.032702196957192196,-0.03187724318335408,0.04619275849842551,0.003959332421321773,0.7333333333333333,0.26666666666666666,mean,20260823
confirmatory_2026,2026-06-08,428,0.14968821587482534,0.06742254631906577,0.05979029943049265,0.0379863291987047,0.003125316770107153,0.8,0.2,mean,20260823
confirmatory_2026,2026-06-15,428,0.34462237412588875,0.14974871454575914,0.17946988881613934,0.04745936736481688,0.00414982963062214,0.9333333333333333,0.06666666666666667,mean,20260823
confirmatory_2026,2026-06-22,428,-0.2654815691432821,-0.08694728645085817,-0.09935860597206088,0.06065174238229495,0.0064382447181331095,0.8666666666666667,0.13333333333333333,mean,20260823
confirmatory_2026,2026-06-29,429,-0.14018844110312154,-0.04809477029211022,-0.048675310567020166,0.04760301174702522,0.004524316562377233,0.9333333333333333,0.06666666666666667,mean,20260823
confirmatory_2026,2026-07-06,429,0.01371213007813747,0.020820200637487532,0.010078182592748881,0.037089905616905366,0.0023993109999203978,0.7333333333333333,0.26666666666666666,mean,20260823
confirmatory_2026,2026-07-13,429,-0.2294064987392525,-0.0759944176993839,-0.07847769166038017,0.04687463549005063,0.004927922838780067,0.6,0.4,mean,20260823
confirmatory_2026,2026-07-20,429,-0.053422560920930846,-0.0012489214811905146,-0.010081237111000618,0.03632573785369603,0.002562087189802816,0.9333333333333333,0.06666666666666667,mean,20260823
confirmatory_2026,2026-07-27,429,-0.15676889943353756,-0.05558665871846022,-0.06752160556432935,0.05055477464738215,0.005427786346011545,0.6666666666666666,0.3333333333333333,mean,20260823
confirmatory_2026,2026-08-03,429,-0.036143556508694524,0.04424557716739507,0.034313739645975824,0.05679651062483383,0.007821074861385474,0.8666666666666667,0.13333333333333333,mean,20260823
confirmatory_2026,2026-08-10,427,0.02553855382948834,0.03958497241072032,0.028898300698615303,0.035575717917097106,0.002512680278446903,0.4666666666666667,0.5333333333333333,mean,20260823
confirmatory_2026,2026-08-17,427,-0.09615745645930122,-0.035655860108615094,-0.056462525658879846,0.046032283147352894,0.003774262684111583,0.6666666666666666,0.3333333333333333,mean,20260823
confirmatory_2026,2026-01-12,426,0.21732656304267262,0.03484646743189764,0.047346546441583856,0.03488202199180568,0.002343513354444071,,,mean,20260824
confirmatory_2026,2026-01-19,426,0.08863603996204808,0.05029532190149,0.07420929148166529,0.03308522656054186,0.0020796823373998275,0.8,0.2,mean,20260824
confirmatory_2026,2026-01-26,427,0.16975994160150115,0.03966181722396663,0.08541694193224211,0.036841822154836994,0.0026412937747511247,0.8,0.2,mean,20260824
confirmatory_2026,2026-02-02,427,0.23119643246332597,0.04236806157716072,0.07757864033918473,0.05757490125710471,0.005637299267158684,0.7333333333333333,0.26666666666666666,mean,20260824
confirmatory_2026,2026-02-09,427,0.1527761636465029,-0.0117854670502837,0.012793239628320494,0.04520068194270349,0.003967933601279183,0.8,0.2,mean,20260824
confirmatory_2026,2026-02-16,427,0.18767792907282824,0.044323463787664844,0.06864010092151629,0.03691340867160084,0.0026723424636929255,0.6666666666666666,0.3333333333333333,mean,20260824
confirmatory_2026,2026-02-23,427,0.025034071442597675,0.0029385587537715816,-0.011011735280953358,0.03382050002601698,0.002350344049391622,0.6666666666666666,0.3333333333333333,mean,20260824
confirmatory_2026,2026-03-02,427,-0.47879971725557885,-0.08180434662899053,-0.2175811062854675,0.07785988088053734,0.008742843197845022,0.6,0.4,mean,20260824
confirmatory_2026,2026-03-09,427,0.2154190656425145,0.10013912123190497,0.12508345553487504,0.04391702401780302,0.0029203457231036485,0.6666666666666666,0.3333333333333333,mean,20260824
confirmatory_2026,2026-03-16,427,0.08282188920253557,0.03800991256393535,0.041831417942328794,0.03675139383596482,0.0024008506918661633,0.8,0.2,mean,20260824
confirmatory_2026,2026-03-23,428,0.26449436362987283,-0.003001895824511496,0.04304253608422711,0.03466794538141164,0.002210530045382541,0.8666666666666667,0.13333333333333333,mean,20260824
confirmatory_2026,2026-03-30,428,-0.05454940340799082,0.0008723267679546232,-0.03491556301235704,0.049160874837702415,0.00365647448111083,0.8,0.2,mean,20260824
confirmatory_2026,2026-04-06,428,0.2579522515174423,0.05035060854055276,0.1332591085242842,0.05191315970128854,0.0045445483819036995,0.6666666666666666,0.3333333333333333,mean,20260824
confirmatory_2026,2026-04-13,428,-0.35045542782634864,-0.02856018249234888,-0.11408574757734455,0.05742487036005359,0.005898553750575585,0.8,0.2,mean,20260824
confirmatory_2026,2026-04-20,428,0.4139421173280527,0.06943919601369733,0.09114303051006575,0.04395122825020724,0.0036497527980393577,0.7333333333333333,0.26666666666666666,mean,20260824
confirmatory_2026,2026-04-27,428,0.19186864919973545,0.009610106215957467,0.019231901808062224,0.03818484907657334,0.0033092573031366004,0.7333333333333333,0.26666666666666666,mean,20260824
confirmatory_2026,2026-05-04,428,0.13204751430582595,0.05664716879875225,0.07269563411337288,0.04976735128014713,0.005706501108338443,0.8,0.2,mean,20260824
confirmatory_2026,2026-05-11,428,0.24831063551947558,0.0021198821405367593,0.02889919719648717,0.04542885223365043,0.0035995336045623245,0.6666666666666666,0.3333333333333333,mean,20260824
confirmatory_2026,2026-05-18,428,-0.11353561407184819,0.06685859452862325,0.05054549386891157,0.04615769933081462,0.003949707169153892,0.9333333333333333,0.06666666666666667,mean,20260824
confirmatory_2026,2026-05-25,428,0.16361683360304471,0.1645341954171943,0.16785634097789479,0.056361168519300536,0.007632691442055716,0.8666666666666667,0.13333333333333333,mean,20260824
confirmatory_2026,2026-06-01,428,-0.2650582143457891,-0.018275580270783638,-0.041541765814656004,0.0462931781740415,0.00394628685440162,0.8,0.2,mean,20260824
confirmatory_2026,2026-06-08,428,0.17680771809774415,0.0674225463190658,0.062093205896939806,0.037707410827229525,0.0029871348198555023,1.0,0.0,mean,20260824
confirmatory_2026,2026-06-15,428,0.43841888303281257,0.13594837298696147,0.17455184150893227,0.04617611161482642,0.003985388681524971,0.9333333333333333,0.06666666666666667,mean,20260824
confirmatory_2026,2026-06-22,428,-0.2648255681808616,-0.06947479732530329,-0.06953014407402312,0.06256182293263184,0.006915353562418979,0.7333333333333333,0.26666666666666666,mean,20260824
confirmatory_2026,2026-06-29,429,-0.13158222412816256,-0.0660811947474231,-0.07780468929141225,0.04961348034938924,0.0051407692871434695,0.8,0.2,mean,20260824
confirmatory_2026,2026-07-06,429,-0.018919420071343566,0.017813381784338337,-0.016022793434721735,0.03569675408228083,0.0022750122994956157,0.6666666666666666,0.3333333333333333,mean,20260824
confirmatory_2026,2026-07-13,429,-0.27391552155733856,-0.07466697033638232,-0.07683615063012486,0.04694228928644104,0.004922275009159242,0.6,0.4,mean,20260824
confirmatory_2026,2026-07-20,429,-0.04501149795650992,0.0022141503465017273,0.001154929054084321,0.03572799414393532,0.002409521879738778,0.8,0.2,mean,20260824
confirmatory_2026,2026-07-27,429,-0.2067759669150671,-0.05657601522342534,-0.07669008680529704,0.05080569088805925,0.005398623491724867,0.8,0.2,mean,20260824
confirmatory_2026,2026-08-03,429,-0.011610276270132823,0.0838551550088936,0.06538516805947578,0.05662607486268412,0.007607779081914914,0.6666666666666666,0.3333333333333333,mean,20260824
confirmatory_2026,2026-08-10,427,-0.03637560000727515,0.03118680460312938,0.023254493275622887,0.03591728191034662,0.0025539817773548917,0.6666666666666666,0.3333333333333333,mean,20260824
confirmatory_2026,2026-08-17,427,-0.09037833558729426,-0.027233562108280575,-0.05274654588006124,0.045800912755043506,0.003730818485625911,0.8,0.2,mean,20260824
confirmatory_2026,2026-01-12,426,0.18253265009536485,0.025530333016334898,0.010478996272743103,0.03499719614228709,0.0023788832886624963,,,mean,20260825
confirmatory_2026,2026-01-19,426,0.058277146000399696,0.04636191108817962,0.0757732025115172,0.03321593982010545,0.00209021818887275,0.7333333333333333,0.26666666666666666,mean,20260825
confirmatory_2026,2026-01-26,427,0.19507145523670597,0.03367385750764165,0.09986436221206682,0.036372508511020266,0.0025700109385596824,0.6666666666666666,0.3333333333333333,mean,20260825
confirmatory_2026,2026-02-02,427,0.23786444729353598,0.0439568692278839,0.09871514630374194,0.057378687501695225,0.005592323768467905,0.8666666666666667,0.13333333333333333,mean,20260825
confirmatory_2026,2026-02-09,427,0.16232325776321788,0.01736866907723507,0.013484949835193319,0.045124884292609115,0.003960131855222491,0.8666666666666667,0.13333333333333333,mean,20260825
confirmatory_2026,2026-02-16,427,0.19459240505080427,0.04615094318987823,0.07706478425276198,0.03732960816008329,0.0027431007352680635,0.7333333333333333,0.26666666666666666,mean,20260825
confirmatory_2026,2026-02-23,427,0.011489343599516512,0.0343510458313988,0.01787496423898414,0.03369078664000298,0.002311689251866046,0.6,0.4,mean,20260825
confirmatory_2026,2026-03-02,427,-0.44857639786936726,-0.08916333515790986,-0.19457369111744555,0.0776386276591897,0.008805520840023657,0.8,0.2,mean,20260825
confirmatory_2026,2026-03-09,427,0.23341766548424914,0.06708783372487921,0.10427523868501479,0.044612176973305766,0.0029816514280149972,0.8,0.2,mean,20260825
confirmatory_2026,2026-03-16,427,0.06809880271363125,0.013054184796889242,0.020842555604939868,0.038777910791910335,0.0026698475883995595,0.6,0.4,mean,20260825
confirmatory_2026,2026-03-23,428,0.30669041035149985,0.015027089822130957,0.08103955036916861,0.033788510898588774,0.002106386043579137,0.6666666666666666,0.3333333333333333,mean,20260825
confirmatory_2026,2026-03-30,428,-0.01221070946825505,0.035554948113120294,0.020364657538326274,0.04731314791040627,0.0034641467191499765,0.8,0.2,mean,20260825
confirmatory_2026,2026-04-06,428,0.14686248331108148,-0.007509937380383656,0.035649415725646734,0.054112585973857985,0.004938458225617575,0.4666666666666667,0.5333333333333333,mean,20260825
confirmatory_2026,2026-04-13,428,-0.38702832329306974,-0.05766889305196686,-0.1514194522856893,0.05883699292067377,0.006088245300733177,0.8666666666666667,0.13333333333333333,mean,20260825
confirmatory_2026,2026-04-20,428,0.44063367305285495,0.05721481496965196,0.09517217954850003,0.04343894772791252,0.00357369587120527,0.6,0.4,mean,20260825
confirmatory_2026,2026-04-27,428,0.1906951635770389,-0.006923788390098695,-0.006684790648074753,0.03822979071918197,0.0033039653551643366,0.7333333333333333,0.26666666666666666,mean,20260825
confirmatory_2026,2026-05-04,428,0.08846997953785146,0.03905790812566934,0.06784779316971588,0.05065700920277418,0.005832193697291201,0.7333333333333333,0.26666666666666666,mean,20260825
confirmatory_2026,2026-05-11,428,0.2550018198454812,-0.005014503494634667,0.026848590858878005,0.045533153524979976,0.0036412297137616576,0.6666666666666666,0.3333333333333333,mean,20260825
confirmatory_2026,2026-05-18,428,-0.1013063847444114,0.06405910516788693,0.056580196323686625,0.04674830486080968,0.003969040733734458,0.8666666666666667,0.13333333333333333,mean,20260825
confirmatory_2026,2026-05-25,428,0.16875035490019405,0.13194002571797223,0.14207846255403492,0.05641255372468429,0.007515077258199863,0.8,0.2,mean,20260825
confirmatory_2026,2026-06-01,428,-0.2434175293069119,-0.03748366755652714,-0.044637365807468146,0.04563692117919786,0.0038237424212083657,0.8,0.2,mean,20260825
confirmatory_2026,2026-06-08,428,0.1534374924906563,0.07417811923791363,0.07934201229632656,0.037582226044565854,0.002988339570905046,0.8,0.2,mean,20260825
confirmatory_2026,2026-06-15,428,0.32084761878414314,0.15954244371847606,0.18445438291236843,0.046943593948211196,0.004135338231755814,0.8666666666666667,0.13333333333333333,mean,20260825
confirmatory_2026,2026-06-22,428,-0.18448993935434876,-0.07301642520105281,-0.09077490902429972,0.058188590263913556,0.005900612933472612,0.8666666666666667,0.13333333333333333,mean,20260825
confirmatory_2026,2026-06-29,429,-0.10594770770217596,-0.05873135366353584,-0.05435238304600311,0.0460997022097573,0.004200377016345278,0.9333333333333333,0.06666666666666667,mean,20260825
confirmatory_2026,2026-07-06,429,0.012754296344820145,0.006530741794048762,-0.024992334958525025,0.0368088722455996,0.0024082868589077543,0.8,0.2,mean,20260825
confirmatory_2026,2026-07-13,429,-0.23954932266168955,-0.07787350075665171,-0.07364461508591501,0.046977406244543315,0.005050879180337433,0.7333333333333333,0.26666666666666666,mean,20260825
confirmatory_2026,2026-07-20,429,-0.175868122314547,0.001678673341097536,-0.013473591730340198,0.03680768451490144,0.0026480001142384153,0.8,0.2,mean,20260825
confirmatory_2026,2026-07-27,429,-0.06876948307072193,-0.055563573558366885,-0.06177825207559683,0.050094759173600394,0.005163763064065618,0.7333333333333333,0.26666666666666666,mean,20260825
confirmatory_2026,2026-08-03,429,-0.043490545533579665,0.027161794943876695,0.03118027815958674,0.058675036256640126,0.0081993236371907,0.7333333333333333,0.26666666666666666,mean,20260825
confirmatory_2026,2026-08-10,427,-0.013446852402911416,0.05358762943061621,0.043571640280665264,0.03557605539403498,0.0025194898776765206,0.6,0.4,mean,20260825
confirmatory_2026,2026-08-17,427,-0.0741344034792484,-0.03777299836181223,-0.05549998465616762,0.04435225781256036,0.0035782809492230358,0.7333333333333333,0.26666666666666666,mean,20260825
confirmatory_2026,2026-01-12,426,0.18436862253559932,0.01990417513085728,0.022085206661487687,0.035303115097518004,0.002377089605605325,,,flatten,20260823
confirmatory_2026,2026-01-19,426,0.047942117507358516,0.015942039927166095,0.026502934091572186,0.033343973826110034,0.0021440463043139522,0.6,0.4,flatten,20260823
confirmatory_2026,2026-01-26,427,0.2023052980052831,0.021292641840888183,0.082688497182556,0.036248625590154966,0.002582641831967302,0.4,0.6,flatten,20260823
confirmatory_2026,2026-02-02,427,0.24031780694894045,0.04136291283861031,0.1052308467913138,0.05747272329128726,0.005591710505451581,0.6,0.4,flatten,20260823
confirmatory_2026,2026-02-09,427,0.17848565269354752,0.02365991922928825,0.05993047210737956,0.04512400029870458,0.00392134867618111,0.6666666666666666,0.3333333333333333,flatten,20260823
confirmatory_2026,2026-02-16,427,0.15863173525602825,0.020531456388051848,0.038472837936203805,0.037962938548377886,0.002802757901801089,0.6,0.4,flatten,20260823
confirmatory_2026,2026-02-23,427,0.008200112271607276,0.0022805302099590556,0.006994557153517381,0.03458352260738185,0.002476550732311672,0.6,0.4,flatten,20260823
confirmatory_2026,2026-03-02,427,-0.46164407927571555,-0.09295583968379495,-0.2190308515576094,0.07876659186031792,0.00902045434969034,0.6666666666666666,0.3333333333333333,flatten,20260823
confirmatory_2026,2026-03-09,427,0.2622466837180583,0.07456394547321955,0.11524541542159066,0.042573495712371526,0.0027702245632599347,0.2,0.8,flatten,20260823
confirmatory_2026,2026-03-16,427,0.0569356078249796,0.03916887690572214,0.04407168342328517,0.03577533394924879,0.002300675608883263,0.5333333333333333,0.4666666666666667,flatten,20260823
confirmatory_2026,2026-03-23,428,0.24579665186187555,0.0135995249076881,0.06725978291237784,0.034279416319172355,0.0021643022330902918,0.6666666666666666,0.3333333333333333,flatten,20260823
confirmatory_2026,2026-03-30,428,0.02152987199716172,0.012706868095908867,-0.007690126991617863,0.048568720784567136,0.0035802518004734735,0.6666666666666666,0.3333333333333333,flatten,20260823
confirmatory_2026,2026-04-06,428,0.19777082118127012,0.055659689011994334,0.13556854634159873,0.05268106761401332,0.004667072935676296,0.7333333333333333,0.26666666666666666,flatten,20260823
confirmatory_2026,2026-04-13,428,-0.3989828158665297,-0.027057315445959136,-0.10982917253640423,0.060061992882677044,0.0063431228750505456,0.6,0.4,flatten,20260823
confirmatory_2026,2026-04-20,428,0.39257295485271587,0.04966066067758919,0.0666478921485055,0.04389900564908051,0.0036694444632430893,0.6666666666666666,0.3333333333333333,flatten,20260823
confirmatory_2026,2026-04-27,428,0.19567823015042263,-0.004249256730406892,-0.01567549084687745,0.0384773989700253,0.0033723619503597526,0.6,0.4,flatten,20260823
confirmatory_2026,2026-05-04,428,0.10178055436213856,0.06881388784870851,0.05503757689274906,0.050442600562564416,0.005922234914748721,0.6,0.4,flatten,20260823
confirmatory_2026,2026-05-11,428,0.20680974212689507,0.009637759052458571,0.03277163230335321,0.04636445758510514,0.0037291378550897247,0.6,0.4,flatten,20260823
confirmatory_2026,2026-05-18,428,-0.1377263765803677,0.04383579304437115,0.04359649705951603,0.04763351742371154,0.004120580044210302,0.6,0.4,flatten,20260823
confirmatory_2026,2026-05-25,428,0.1560068551029176,0.12141692160908937,0.14464819487998062,0.05671258998063571,0.007487891593238787,0.6666666666666666,0.3333333333333333,flatten,20260823
confirmatory_2026,2026-06-01,428,-0.2491175134043221,-0.040534983278321356,-0.05824659476028688,0.0473569706916188,0.004168469579816292,0.6666666666666666,0.3333333333333333,flatten,20260823
confirmatory_2026,2026-06-08,428,0.1627222172648862,0.06260598317013429,0.05958729874411582,0.03823531943861311,0.003108765536759676,0.8,0.2,flatten,20260823
confirmatory_2026,2026-06-15,428,0.373619576900026,0.1258563273337685,0.15720518890060564,0.046174265499938444,0.003996848644239964,0.8666666666666667,0.13333333333333333,flatten,20260823
confirmatory_2026,2026-06-22,428,-0.23248484317888338,-0.08977800310474479,-0.10963423454986844,0.06070888754248246,0.006269426938947023,0.8,0.2,flatten,20260823
confirmatory_2026,2026-06-29,429,-0.14818510677160138,-0.03268762251197542,-0.042880549009129645,0.046350308062548605,0.004053677897210319,0.8,0.2,flatten,20260823
confirmatory_2026,2026-07-06,429,-0.009115075318074666,0.023367137695026876,-0.006122961223798174,0.037985476897523164,0.0025421332218950395,0.6666666666666666,0.3333333333333333,flatten,20260823
confirmatory_2026,2026-07-13,429,-0.3360345805031743,-0.08733160864427197,-0.10084888690271329,0.04820861573445707,0.005130041853930909,0.6,0.4,flatten,20260823
confirmatory_2026,2026-07-20,429,-0.1299416514804474,-0.007291148664850924,-0.01576327953432678,0.03685628660715035,0.0025998841472457883,0.6,0.4,flatten,20260823
confirmatory_2026,2026-07-27,429,-0.09349290136075619,-0.057730283280164205,-0.07519255647776632,0.0503330814857155,0.005305949875550891,0.7333333333333333,0.26666666666666666,flatten,20260823
confirmatory_2026,2026-08-03,429,-0.027487639506765787,0.016509494321451657,-0.056129205088301916,0.05878489850528985,0.008516968320336599,0.6,0.4,flatten,20260823
confirmatory_2026,2026-08-10,427,-0.04943095064950758,0.028638034627096763,-0.013452943047090063,0.036085157494081414,0.002761658787051687,0.3333333333333333,0.6666666666666666,flatten,20260823
confirmatory_2026,2026-08-17,427,-0.13979233143614253,-0.02421936201868138,-0.03533222705872931,0.0459990228864331,0.0037750750928188075,0.5333333333333333,0.4666666666666667,flatten,20260823
confirmatory_2026,2026-01-12,426,0.15247302522948686,0.030877937317723623,0.01911400212406602,0.03563370732084865,0.0024147824586816524,,,flatten,20260824
confirmatory_2026,2026-01-19,426,0.07000684919546206,0.029410691485734008,0.04630971794991221,0.03308104700127492,0.0021011127688220655,0.5333333333333333,0.4666666666666667,flatten,20260824
confirmatory_2026,2026-01-26,427,0.22001551210125775,0.00868516830118596,0.05585715494717891,0.036322016015337064,0.002560367641463798,0.4666666666666667,0.5333333333333333,flatten,20260824
confirmatory_2026,2026-02-02,427,0.2237213691217321,0.02828226258513834,0.08790912086076005,0.0576907484526991,0.005641015097630041,0.4666666666666667,0.5333333333333333,flatten,20260824
confirmatory_2026,2026-02-09,427,0.14507205636145662,0.020006036391819366,0.03604978498638346,0.045239120453562556,0.003969166429801901,0.6,0.4,flatten,20260824
confirmatory_2026,2026-02-16,427,0.14986749052611978,0.03903789207219565,0.052314317249583006,0.038828628260945026,0.0029020538478291415,0.5333333333333333,0.4666666666666667,flatten,20260824
confirmatory_2026,2026-02-23,427,-0.022938612215656434,0.0022805302099590556,-0.010727057830904208,0.035540385490977246,0.002545652093367725,0.6666666666666666,0.3333333333333333,flatten,20260824
confirmatory_2026,2026-03-02,427,-0.43940230936715746,-0.09814348092105343,-0.204167500626119,0.07914217428674486,0.009124017352990647,0.6666666666666666,0.3333333333333333,flatten,20260824
confirmatory_2026,2026-03-09,427,0.22716211471371509,0.0535083863847383,0.08174184609531915,0.04444064806608707,0.002971659761754389,0.5333333333333333,0.4666666666666667,flatten,20260824
confirmatory_2026,2026-03-16,427,0.017465602562826015,0.038235014574752604,0.033629539733287764,0.03706740253483239,0.0024757190596216656,0.4,0.6,flatten,20260824
confirmatory_2026,2026-03-23,428,0.26769638618224084,0.03406447004650914,0.07946215636435452,0.03361104040565146,0.00206228488307345,0.3333333333333333,0.6666666666666666,flatten,20260824
confirmatory_2026,2026-03-30,428,0.026249834124814974,0.03210229519723365,0.011477576675036565,0.046235982339730926,0.0032779020414180366,0.3333333333333333,0.6666666666666666,flatten,20260824
confirmatory_2026,2026-04-06,428,0.2866486967911819,0.08368440772188974,0.15409000163245395,0.050447418221500694,0.0043014711562370505,0.8,0.2,flatten,20260824
confirmatory_2026,2026-04-13,428,-0.314623479783584,-0.030867260332713062,-0.10158385187651107,0.05889174337680051,0.006038828063146088,0.4666666666666667,0.5333333333333333,flatten,20260824
confirmatory_2026,2026-04-20,428,0.3630521462603583,0.04651714431421281,0.06615121506561784,0.045249616748934816,0.003851157573949823,0.6,0.4,flatten,20260824
confirmatory_2026,2026-04-27,428,0.22783589935420795,0.02013899784113669,0.024068998728367978,0.038203682366126784,0.0032956717359839765,0.4,0.6,flatten,20260824
confirmatory_2026,2026-05-04,428,0.07472839708169876,0.03047247925481021,0.035954919658694975,0.0511557284061642,0.005871703860407355,0.6666666666666666,0.3333333333333333,flatten,20260824
confirmatory_2026,2026-05-11,428,0.20337239240954408,0.021569775240856157,0.04033609957565891,0.04855483329274728,0.004078603606162498,0.5333333333333333,0.4666666666666667,flatten,20260824
confirmatory_2026,2026-05-18,428,-0.0713095698540773,0.0340938732193755,0.014943057832890079,0.046183243256355005,0.003960854079252756,0.6,0.4,flatten,20260824
confirmatory_2026,2026-05-25,428,0.15992311656475902,0.11536468984698861,0.1265414717095809,0.056424855802511546,0.007366387029394701,0.4666666666666667,0.5333333333333333,flatten,20260824
confirmatory_2026,2026-06-01,428,-0.2813417622671491,-0.0415015355023117,-0.05592776894061186,0.048390970916301665,0.004356486654058817,0.6,0.4,flatten,20260824
confirmatory_2026,2026-06-08,428,0.10434379470690182,0.05312158185127068,0.05706174076485054,0.03822459511436771,0.003238652497409821,0.7333333333333333,0.26666666666666666,flatten,20260824
confirmatory_2026,2026-06-15,428,0.3654065547370724,0.11595680765444671,0.141760963183101,0.04723327219745535,0.004135284807153736,0.7333333333333333,0.26666666666666666,flatten,20260824
confirmatory_2026,2026-06-22,428,-0.24155391108049298,-0.09117656952819034,-0.10840056277526192,0.061508979632686235,0.006597242993912788,0.7333333333333333,0.26666666666666666,flatten,20260824
confirmatory_2026,2026-06-29,429,-0.09763908490701653,-0.040486150091638265,-0.05335793162363239,0.045556472234941865,0.0040700905908953745,0.7333333333333333,0.26666666666666666,flatten,20260824
confirmatory_2026,2026-07-06,429,0.01270110024728586,0.025845332828475613,0.004702883297053789,0.036978955178740294,0.002398986722630294,0.6,0.4,flatten,20260824
confirmatory_2026,2026-07-13,429,-0.32364718524249064,-0.08584330537402386,-0.08682517359055739,0.04901956592310119,0.005517433547161743,0.5333333333333333,0.4666666666666667,flatten,20260824
confirmatory_2026,2026-07-20,429,-0.15417946539441868,-0.007859493484347876,-0.049793649717383814,0.03781560616695838,0.002799938356382402,0.4666666666666667,0.5333333333333333,flatten,20260824
confirmatory_2026,2026-07-27,429,-0.13056845349825136,-0.05186899686811912,-0.051284777778738036,0.05075750521105595,0.0056520642796007905,0.7333333333333333,0.26666666666666666,flatten,20260824
confirmatory_2026,2026-08-03,429,-0.06749870429505292,0.024135602675775088,0.006069741990176,0.0587186064431656,0.008273867749165146,0.6666666666666666,0.3333333333333333,flatten,20260824
confirmatory_2026,2026-08-10,427,0.02281700005456363,0.03496104077888757,0.024749105491114847,0.035576408806722,0.0025567887576485922,0.3333333333333333,0.6666666666666666,flatten,20260824
confirmatory_2026,2026-08-17,427,-0.0596141580600502,-0.03591023129509686,-0.050152815028908865,0.045181266716783276,0.003757429385669033,0.5333333333333333,0.4666666666666667,flatten,20260824
confirmatory_2026,2026-01-12,426,0.14694089318941614,0.025817583076057044,0.029004195768266617,0.03571670567719287,0.0024050405100386426,,,flatten,20260825
confirmatory_2026,2026-01-19,426,0.07696640789772385,0.04744747915251113,0.06987797063288897,0.03292656757743435,0.0020654561100722432,0.4666666666666667,0.5333333333333333,flatten,20260825
confirmatory_2026,2026-01-26,427,0.20097819951731222,0.015603001605244988,0.06770368882986598,0.03647361070461678,0.0026137879647249486,0.5333333333333333,0.4666666666666667,flatten,20260825
confirmatory_2026,2026-02-02,427,0.24842435954781855,0.028358858983353465,0.07234113641643064,0.057296524906584635,0.005604817863633516,0.4,0.6,flatten,20260825
confirmatory_2026,2026-02-09,427,0.1567408125788591,0.004448338412169935,0.03723361265779439,0.045199383393631484,0.003959355271557793,0.6,0.4,flatten,20260825
confirmatory_2026,2026-02-16,427,0.15043825077013329,0.02772633266145923,0.03605027781573232,0.03834257509998855,0.002840175084498309,0.6,0.4,flatten,20260825
confirmatory_2026,2026-02-23,427,0.013520066314849415,0.028575025066627138,0.041119577496234086,0.03419266800807242,0.002401878056926941,0.6,0.4,flatten,20260825
confirmatory_2026,2026-03-02,427,-0.44352694996391706,-0.0915154169569605,-0.1944050454606067,0.0789679168398178,0.00906734302125915,0.6,0.4,flatten,20260825
confirmatory_2026,2026-03-09,427,0.24613546145880955,0.08538382862110214,0.13467584678871086,0.04347143606311329,0.0028253581209652773,0.4,0.6,flatten,20260825
confirmatory_2026,2026-03-16,427,0.013061516024290372,0.0440488198716826,0.0490890212102158,0.03672037165501768,0.0024362746202158075,0.6,0.4,flatten,20260825
confirmatory_2026,2026-03-23,428,0.2645896414214576,0.015880840719411204,0.07343834692215145,0.033709772879921496,0.0021108982065990755,0.6,0.4,flatten,20260825
confirmatory_2026,2026-03-30,428,0.027143226009473904,0.018940538876874018,-0.0010801814869548856,0.04750432040931141,0.0034150980588211824,0.6,0.4,flatten,20260825
confirmatory_2026,2026-04-06,428,0.22605508479570072,0.08172843116902893,0.144152755427499,0.051501373391669596,0.004485284464379565,0.6666666666666666,0.3333333333333333,flatten,20260825
confirmatory_2026,2026-04-13,428,-0.33900862428516787,-0.03281196780883289,-0.1200014817141948,0.058280179560481954,0.006018588562185553,0.3333333333333333,0.6666666666666666,flatten,20260825
confirmatory_2026,2026-04-20,428,0.3773151928506609,0.04362755783574181,0.06716217629090779,0.04437694465150561,0.003743495168876104,0.4666666666666667,0.5333333333333333,flatten,20260825
confirmatory_2026,2026-04-27,428,0.21573600292766834,-0.0005197959718144407,0.009748782580952565,0.03830939619508811,0.003328073927640941,0.4666666666666667,0.5333333333333333,flatten,20260825
confirmatory_2026,2026-05-04,428,0.10111506388509607,0.040753909841754817,0.03227045806340919,0.05072763664399527,0.00583710671493616,0.8,0.2,flatten,20260825
confirmatory_2026,2026-05-11,428,0.19050567213217687,0.014566451530768536,0.04347991150960107,0.04809833626579719,0.003996549413275135,0.4666666666666667,0.5333333333333333,flatten,20260825
confirmatory_2026,2026-05-18,428,-0.09846825458898387,0.0765924898500428,0.060638183966154,0.045831186886493236,0.003922781255297935,0.6666666666666666,0.3333333333333333,flatten,20260825
confirmatory_2026,2026-05-25,428,0.15246772531895866,0.11932809655766807,0.12837819492659783,0.056236001905545285,0.0073705816181959104,0.6,0.4,flatten,20260825
confirmatory_2026,2026-06-01,428,-0.30107245290330936,-0.0415015355023117,-0.062341167121741335,0.04850325323957054,0.004405350983426668,0.7333333333333333,0.26666666666666666,flatten,20260825
confirmatory_2026,2026-06-08,428,0.12815972138785073,0.05428751669332242,0.04711093903308225,0.03804954202891334,0.003145577442068718,0.8,0.2,flatten,20260825
confirmatory_2026,2026-06-15,428,0.4041429844914926,0.12261016605618111,0.1465807904121229,0.04649809797213114,0.0040205197121686385,0.8666666666666667,0.13333333333333333,flatten,20260825
confirmatory_2026,2026-06-22,428,-0.2209177370813651,-0.07286686223884037,-0.07239160689305116,0.0606140901728382,0.00633912777516721,0.7333333333333333,0.26666666666666666,flatten,20260825
confirmatory_2026,2026-06-29,429,-0.12163812524938057,-0.03689619195045722,-0.05984252455109155,0.04602743062200476,0.004073902028762346,0.7333333333333333,0.26666666666666666,flatten,20260825
confirmatory_2026,2026-07-06,429,0.030925019340581176,0.03371087568052077,0.01028787513001432,0.036583406749748776,0.002366504651088886,0.5333333333333333,0.4666666666666667,flatten,20260825
confirmatory_2026,2026-07-13,429,-0.30461027779002137,-0.08312780117130128,-0.07561840743510519,0.04829739353896704,0.005204402315151724,0.6,0.4,flatten,20260825
confirmatory_2026,2026-07-20,429,-0.11964030318735817,-0.010206986989094415,-0.03129263186122471,0.03722601868764007,0.0026570199980125667,0.6666666666666666,0.3333333333333333,flatten,20260825
confirmatory_2026,2026-07-27,429,-0.1789255300231175,-0.052439253424644616,-0.06143137643981944,0.05163527035338026,0.0057874302178667816,0.6666666666666666,0.3333333333333333,flatten,20260825
confirmatory_2026,2026-08-03,429,-0.05484365666934674,0.07303255589177143,0.06439981707727535,0.058897968466848916,0.008126434421820782,0.6,0.4,flatten,20260825
confirmatory_2026,2026-08-10,427,0.03687391701210788,0.053300495208411146,0.05416883777235284,0.035123828598249536,0.002531392425526668,0.4,0.6,flatten,20260825
confirmatory_2026,2026-08-17,427,-0.026754058902210567,-0.023115153648416202,-0.042233875724834814,0.044988554689873624,0.0036791256615571876,0.6,0.4,flatten,20260825
confirmatory_2026,2026-01-12,426,0.20835609607500352,0.03459205943255836,0.03701525322971486,0.03496756345881656,0.002361944242496424,,,mean,ensemble
confirmatory_2026,2026-01-19,426,0.06824740147733072,0.04249273825635662,0.07601271995372,0.03324845302719295,0.002091795099540329,0.6666666666666666,0.3333333333333333,mean,ensemble
confirmatory_2026,2026-01-26,427,0.19411612928682867,0.03326014974979973,0.08800924016645242,0.0365906700907646,0.002607509989274167,0.7333333333333333,0.26666666666666666,mean,ensemble
confirmatory_2026,2026-02-02,427,0.2336665927848383,0.04302858392978247,0.08897903491577515,0.05749801556021796,0.005622315489766083,0.7333333333333333,0.26666666666666666,mean,ensemble
confirmatory_2026,2026-02-09,427,0.1564091150241421,-0.001339361297156401,0.011851134595939056,0.0451211322029757,0.003946644626301327,0.9333333333333333,0.06666666666666667,mean,ensemble
confirmatory_2026,2026-02-16,427,0.1893140673364532,0.04972815129852821,0.08271023874979821,0.03717558218155839,0.0026908233225101043,0.8,0.2,mean,ensemble
confirmatory_2026,2026-02-23,427,0.010950951611307188,0.001987398878318363,0.007804128206609415,0.034035975820939146,0.002365425072442735,0.6666666666666666,0.3333333333333333,mean,ensemble
confirmatory_2026,2026-03-02,427,-0.49638646957584326,-0.08058382481572998,-0.2026099491872696,0.07840290306843534,0.00890189206258259,0.7333333333333333,0.26666666666666666,mean,ensemble
confirmatory_2026,2026-03-09,427,0.2394447888495366,0.09642082857406974,0.1221776655598575,0.04438051488930963,0.0029476978622830505,0.8,0.2,mean,ensemble
confirmatory_2026,2026-03-16,427,0.06444781759347258,0.03519352450474818,0.038758519838689734,0.03740710111226853,0.0024707632741827966,0.8666666666666667,0.13333333333333333,mean,ensemble
confirmatory_2026,2026-03-23,428,0.28848232694539766,0.009518418935675453,0.07177493244979492,0.03413155095934189,0.002141253600883943,0.8,0.2,mean,ensemble
confirmatory_2026,2026-03-30,428,-0.05013892190236607,-0.005807077657425625,-0.03401291456635441,0.048812798596165,0.0036234382252120748,0.7333333333333333,0.26666666666666666,mean,ensemble
confirmatory_2026,2026-04-06,428,0.2143737984093431,0.004786407746774357,0.0647583967150887,0.052864412625510226,0.0047047802251500405,0.7333333333333333,0.26666666666666666,mean,ensemble
confirmatory_2026,2026-04-13,428,-0.3652694784914794,-0.03580998784209406,-0.10771120925551377,0.057534751265754164,0.005880529203048063,0.7333333333333333,0.26666666666666666,mean,ensemble
confirmatory_2026,2026-04-20,428,0.42291062698600623,0.06943919601369733,0.08990898108617672,0.044099973134083134,0.0036247065667344863,0.7333333333333333,0.26666666666666666,mean,ensemble
confirmatory_2026,2026-04-27,428,0.18133482879920754,-0.003185632436058677,0.0012106693889409425,0.03842453672374407,0.0033238499439232193,0.7333333333333333,0.26666666666666666,mean,ensemble
confirmatory_2026,2026-05-04,428,0.12559479741952548,0.0576767595493398,0.06702366116280098,0.04994470562729503,0.0057301564004518255,0.7333333333333333,0.26666666666666666,mean,ensemble
confirmatory_2026,2026-05-11,428,0.2524456181521212,0.009170991379542474,0.034891986777810496,0.04556005658656133,0.0036357816449960113,0.6666666666666666,0.3333333333333333,mean,ensemble
confirmatory_2026,2026-05-18,428,-0.11644261973662925,0.07330706822514652,0.056564063469983994,0.046229925913439676,0.003928663925875411,0.8666666666666667,0.13333333333333333,mean,ensemble
confirmatory_2026,2026-05-25,428,0.1744289110613609,0.13709910569484463,0.14590259657949373,0.056193253618160834,0.007528097650796084,0.8,0.2,mean,ensemble
confirmatory_2026,2026-06-01,428,-0.2510871999151454,-0.03607273783237769,-0.06630198509269553,0.04591802629061197,0.003893139079226657,0.8,0.2,mean,ensemble
confirmatory_2026,2026-06-08,428,0.16215131582068923,0.07417811923791362,0.07182325067568268,0.03767898710729339,0.003017626639779395,0.8666666666666667,0.13333333333333333,mean,ensemble
confirmatory_2026,2026-06-15,428,0.38111262037765464,0.13644385966983252,0.16780820591099485,0.04669594651185882,0.00406843282106015,0.8666666666666667,0.13333333333333333,mean,ensemble
confirmatory_2026,2026-06-22,428,-0.2449370760999381,-0.07003614558495377,-0.0775986853663806,0.06031494601198021,0.006373309389619215,0.8,0.2,mean,ensemble
confirmatory_2026,2026-06-29,429,-0.12698159745531148,-0.0684659948058707,-0.07274274243599674,0.04762228924088743,0.004569919768589404,0.8666666666666667,0.13333333333333333,mean,ensemble
confirmatory_2026,2026-07-06,429,0.004168142225086368,0.02514171048782126,-0.0033427120804304933,0.03625571267526798,0.0023349033384957984,0.8,0.2,mean,ensemble
confirmatory_2026,2026-07-13,429,-0.2555274545059375,-0.08601276682786473,-0.08356681055106083,0.04683638659371095,0.004948716955522782,0.6666666666666666,0.3333333333333333,mean,ensemble
confirmatory_2026,2026-07-20,429,-0.09502905266869623,0.0056898243568315,-0.0016792131352457121,0.036020884803756495,0.0025155441080346105,0.8,0.2,mean,ensemble
confirmatory_2026,2026-07-27,429,-0.14837820297502974,-0.05657601522342534,-0.07013495312333456,0.050339710332665995,0.005308285505355647,0.8666666666666667,0.13333333333333333,mean,ensemble
confirmatory_2026,2026-08-03,429,-0.02757852883912436,0.07021775190498708,0.06369287256626077,0.057228345466070585,0.007850256387005736,0.7333333333333333,0.26666666666666666,mean,ensemble
confirmatory_2026,2026-08-10,427,-0.00847354696587677,0.04268221645269498,0.03130410320710049,0.035557597595825226,0.00251271377486103,0.5333333333333333,0.4666666666666667,mean,ensemble
confirmatory_2026,2026-08-17,427,-0.08845689426893828,-0.03802829168993983,-0.054319486161684,0.04527566337630117,0.003676317745104759,0.7333333333333333,0.26666666666666666,mean,ensemble
confirmatory_2026,2026-01-12,426,0.16690344574680488,0.019951752392539098,0.019143680674260553,0.03545822075822742,0.0023912097105514953,,,flatten,ensemble
confirmatory_2026,2026-01-19,426,0.0656811068920757,0.03277646433499688,0.05226741177907899,0.033070260896054485,0.0020950661675495606,0.5333333333333333,0.4666666666666667,flatten,ensemble
confirmatory_2026,2026-01-26,427,0.21099447920863623,0.006308917734030911,0.059455602217747,0.036319151316684686,0.002577826777678386,0.5333333333333333,0.4666666666666667,flatten,ensemble
confirmatory_2026,2026-02-02,427,0.23991135413677098,0.026426047386279888,0.0825567746999678,0.057461197089100385,0.005603371455273741,0.4666666666666667,0.5333333333333333,flatten,ensemble
confirmatory_2026,2026-02-09,427,0.16165739650096073,0.011806155040292877,0.03594639037776537,0.0450900215466774,0.003937048798162225,0.6666666666666666,0.3333333333333333,flatten,ensemble
confirmatory_2026,2026-02-16,427,0.1514670989010515,0.028041090037822115,0.047067953885738464,0.03824391592907779,0.0028320526630106436,0.6,0.4,flatten,ensemble
confirmatory_2026,2026-02-23,427,-0.003352426494003087,0.0026675327960783866,-0.008607264771783224,0.0346742386509877,0.0024583092919754,0.6,0.4,flatten,ensemble
confirmatory_2026,2026-03-02,427,-0.4533992679841882,-0.09814348092105343,-0.2161142807479535,0.07893409718581058,0.009060177676135726,0.6,0.4,flatten,ensemble
confirmatory_2026,2026-03-09,427,0.24633275368466354,0.0895255507553439,0.12159681040052989,0.043446301031495604,0.0028433503788385874,0.4,0.6,flatten,ensemble
confirmatory_2026,2026-03-16,427,0.029159482712114573,0.0449581356406101,0.05192504445438853,0.03637705086333171,0.0023928442521553126,0.6,0.4,flatten,ensemble
confirmatory_2026,2026-03-23,428,0.26002380720336093,0.02831931936552712,0.0900764639083215,0.03376871266835699,0.0021005930786813344,0.5333333333333333,0.4666666666666667,flatten,ensemble
confirmatory_2026,2026-03-30,428,0.028097687512426296,0.020406043005888296,-0.0013851997097206192,0.04738142982746503,0.0034126499054829913,0.5333333333333333,0.4666666666666667,flatten,ensemble
confirmatory_2026,2026-04-06,428,0.24213965902337284,0.09206245259057612,0.176969142568439,0.05149252358205056,0.004470308914914871,0.8,0.2,flatten,ensemble
confirmatory_2026,2026-04-13,428,-0.35674529239719993,-0.03717773165281657,-0.11037886033418541,0.058994793185471524,0.0061216095411457646,0.4666666666666667,0.5333333333333333,flatten,ensemble
confirmatory_2026,2026-04-20,428,0.38509965597448365,0.04362755783574181,0.06259270755386795,0.044416525835201004,0.0037399378198063535,0.6,0.4,flatten,ensemble
confirmatory_2026,2026-04-27,428,0.21493995509622907,0.01147982592320294,0.013102796895388404,0.03827927733036025,0.0033217284432111452,0.5333333333333333,0.4666666666666667,flatten,ensemble
confirmatory_2026,2026-05-04,428,0.09112612529189823,0.03047247925481021,0.029756120656595983,0.050733471606824024,0.005865163170427556,0.7333333333333333,0.26666666666666666,flatten,ensemble
confirmatory_2026,2026-05-11,428,0.20388360213685516,0.014566451530768534,0.04327907284140345,0.04759810543967569,0.003918534582592627,0.4666666666666667,0.5333333333333333,flatten,ensemble
confirmatory_2026,2026-05-18,428,-0.10559090059626294,0.07083351722072814,0.05532631518072849,0.04644136094285478,0.003988883693599821,0.6666666666666666,0.3333333333333333,flatten,ensemble
confirmatory_2026,2026-05-25,428,0.1565791340573017,0.12460961248523186,0.14102456065421828,0.056378739195778696,0.007394857608921225,0.6666666666666666,0.3333333333333333,flatten,ensemble
confirmatory_2026,2026-06-01,428,-0.28111003444234645,-0.0415015355023117,-0.062341167121741335,0.0480125279066948,0.004298842923874495,0.6666666666666666,0.3333333333333333,flatten,ensemble
confirmatory_2026,2026-06-08,428,0.13331390533780607,0.05428751669332242,0.04992150116649701,0.03807158208813302,0.0031542260130177353,0.8,0.2,flatten,ensemble
confirmatory_2026,2026-06-15,428,0.38663819659114457,0.12310565273905215,0.14299539629352617,0.04657386488056843,0.004038244086115109,0.8,0.2,flatten,ensemble
confirmatory_2026,2026-06-22,428,-0.23219801494659778,-0.07286686223884037,-0.08191612052942242,0.06082986067307775,0.0063818855883621,0.8,0.2,flatten,ensemble
confirmatory_2026,2026-06-29,429,-0.12222183845036125,-0.022663981349760196,-0.0335552500080172,0.04588521645972287,0.004053395848513346,0.7333333333333333,0.26666666666666666,flatten,ensemble
confirmatory_2026,2026-07-06,429,0.01146695078449045,0.019184266741934818,-0.0019581827894870063,0.03708385471760926,0.0024212965209276733,0.7333333333333333,0.26666666666666666,flatten,ensemble
confirmatory_2026,2026-07-13,429,-0.3271204344449291,-0.07637103197531064,-0.07622100003730788,0.048427800340282406,0.0052698743768898205,0.6,0.4,flatten,ensemble
confirmatory_2026,2026-07-20,429,-0.13738500143629462,-0.010621542911300928,-0.03159921971878188,0.03716131989811642,0.0026716484106267596,0.6,0.4,flatten,ensemble
confirmatory_2026,2026-07-27,429,-0.13772667237131486,-0.0551945145988154,-0.06476519210027223,0.05082746526582125,0.005566556854555845,0.6666666666666666,0.3333333333333333,flatten,ensemble
confirmatory_2026,2026-08-03,429,-0.05789741664551489,0.013451738067119488,-0.00200750111741186,0.058737130290548306,0.008283987377466748,0.6666666666666666,0.3333333333333333,flatten,ensemble
confirmatory_2026,2026-08-10,427,0.005203582456898585,0.03629870805494417,0.03735644536412424,0.03547080182198549,0.002599588110690598,0.4,0.6,flatten,ensemble
confirmatory_2026,2026-08-17,427,-0.07448274756552183,-0.03873423924936723,-0.053246101312208284,0.045345598605762864,0.003728290870837693,0.5333333333333333,0.4666666666666667,flatten,ensemble
confirmatory_2026,2026-01-12,426,0.07144110565029521,0.04340373541252859,0.056294204820798846,0.03556769907367362,0.002333312620051842,,,causal_historical_mean,control
confirmatory_2026,2026-01-19,426,-0.0273175407313699,0.018835055052055016,0.01330197796633816,0.03259655904174737,0.002096527664655221,1.0,0.0,causal_historical_mean,control
confirmatory_2026,2026-01-26,427,-0.04551007592976273,0.024130639264249226,0.03885079438969878,0.03706444512045472,0.0026734052904172105,0.9333333333333333,0.06666666666666667,causal_historical_mean,control
confirmatory_2026,2026-02-02,427,-0.1270766933453024,-0.011165153045268116,-0.023494182971814305,0.06045298334113813,0.006168606924659053,1.0,0.0,causal_historical_mean,control
confirmatory_2026,2026-02-09,427,0.017991509652368017,0.027179687761057683,0.011036117112171867,0.045407012336420804,0.003996106629778471,0.8,0.2,causal_historical_mean,control
confirmatory_2026,2026-02-16,427,0.12383955949578272,0.005755568370132824,0.01733213624233205,0.0360762228727185,0.0026814696797493034,0.9333333333333333,0.06666666666666667,causal_historical_mean,control
confirmatory_2026,2026-02-23,427,-0.0016327473034930897,0.0069030732339596225,0.021964372219575465,0.03151106097833538,0.0021037119491450246,0.9333333333333333,0.06666666666666667,causal_historical_mean,control
confirmatory_2026,2026-03-02,427,-0.07739265376231651,-0.052019541579148586,-0.08271342290882928,0.06942054919546273,0.006800875195080614,1.0,0.0,causal_historical_mean,control
confirmatory_2026,2026-03-09,427,0.1412613878459974,0.04926926596133212,0.04128849441295012,0.04472954500330584,0.0030636213474359328,0.8,0.2,causal_historical_mean,control
confirmatory_2026,2026-03-16,427,0.02738585642859763,0.022956237646596187,0.01940959895163315,0.03642342528318496,0.0023541297954259937,0.9333333333333333,0.06666666666666667,causal_historical_mean,control
confirmatory_2026,2026-03-23,428,-0.11072075276955139,-0.012765549059241005,-0.011691468552001887,0.03578905704922667,0.0023248477382498056,1.0,0.0,causal_historical_mean,control
confirmatory_2026,2026-03-30,428,0.2289858142470369,0.03087460274823442,0.04091859608713158,0.0434388782101628,0.0030048777295286233,1.0,0.0,causal_historical_mean,control
confirmatory_2026,2026-04-06,428,0.2555275274748233,0.08074310951225494,0.11004706600157271,0.05176026206132145,0.0047836003762616285,0.9333333333333333,0.06666666666666667,causal_historical_mean,control
confirmatory_2026,2026-04-13,428,0.09679366137156853,0.021659847323455717,0.009076597285979537,0.050844065040286865,0.00465348012813906,1.0,0.0,causal_historical_mean,control
confirmatory_2026,2026-04-20,428,0.3032640716109385,0.07127943697245569,0.09100346803873793,0.04694809757199491,0.004066954689291524,0.9333333333333333,0.06666666666666667,causal_historical_mean,control
confirmatory_2026,2026-04-27,428,-0.11004485020112414,-0.0030027328944866568,0.0042761659060791615,0.03816001094759743,0.003335105092566501,0.8666666666666667,0.13333333333333333,causal_historical_mean,control
confirmatory_2026,2026-05-04,428,0.11671398924348213,0.037068013552010094,0.04653517775077462,0.049659156953970135,0.005930161014256348,0.9333333333333333,0.06666666666666667,causal_historical_mean,control
confirmatory_2026,2026-05-11,428,0.03059023907779886,0.0020766456678794273,-0.0014655793211156044,0.04646286661944314,0.0036636305849208177,0.9333333333333333,0.06666666666666667,causal_historical_mean,control
confirmatory_2026,2026-05-18,428,-0.02619764179439375,0.003661587897448245,0.008416600081547886,0.043562209551293966,0.0037730811876473245,0.9333333333333333,0.06666666666666667,causal_historical_mean,control
confirmatory_2026,2026-05-25,428,0.07506818292784281,0.02694886450261024,0.010340023302626608,0.057293534250964874,0.008307514831283506,0.9333333333333333,0.06666666666666667,causal_historical_mean,control
confirmatory_2026,2026-06-01,428,-0.15208355303345347,-0.038923824202627036,-0.03806795357653228,0.040134899412144334,0.0030158859009615166,0.8666666666666667,0.13333333333333333,causal_historical_mean,control
confirmatory_2026,2026-06-08,428,0.03283387364894949,0.06784623464901605,0.07000225310831046,0.03841389312558213,0.0032020013804765087,0.9333333333333333,0.06666666666666667,causal_historical_mean,control
confirmatory_2026,2026-06-15,428,0.27608902037479244,0.08608037502034432,0.12945728461206527,0.04907599108847777,0.0047098859100606245,1.0,0.0,causal_historical_mean,control
confirmatory_2026,2026-06-22,428,-0.2568750385511532,-0.06909046939721962,-0.045715872532538226,0.05259550704321898,0.004628061002326819,1.0,0.0,causal_historical_mean,control
confirmatory_2026,2026-06-29,429,-0.09235519233258786,-0.023275930387055256,-0.04603273516930127,0.04178529068975751,0.0033590917310045037,0.9333333333333333,0.06666666666666667,causal_historical_mean,control
confirmatory_2026,2026-07-06,429,0.04278668516877602,0.031179445385907487,0.015110529766031021,0.03198958257948164,0.001848375781591867,0.8,0.2,causal_historical_mean,control
confirmatory_2026,2026-07-13,429,-0.3144928968010907,-0.07596375861630075,-0.10520193493988401,0.042038625850567085,0.0037078924269860146,0.9333333333333333,0.06666666666666667,causal_historical_mean,control
confirmatory_2026,2026-07-20,429,0.07859252245255288,-0.010421749055510268,0.00445964506647124,0.033017162079043746,0.0020807796315409043,0.9333333333333333,0.06666666666666667,causal_historical_mean,control
confirmatory_2026,2026-07-27,429,-0.27875454256675725,-0.06561064295733716,-0.09086053600792535,0.04797610839729566,0.004742940983829451,0.9333333333333333,0.06666666666666667,causal_historical_mean,control
confirmatory_2026,2026-08-03,429,0.13064004024664752,0.02749102353559133,0.047051773233912284,0.05797041961788656,0.008067689415580706,0.8666666666666667,0.13333333333333333,causal_historical_mean,control
confirmatory_2026,2026-08-10,427,0.08063086655369632,0.05834480312075517,0.07400137873097773,0.03343078759084404,0.0023460636264993574,0.9333333333333333,0.06666666666666667,causal_historical_mean,control
confirmatory_2026,2026-08-17,427,-0.2679229968442492,-0.06221161591530565,-0.0776916187611491,0.04310606674922473,0.0033012648368948728,1.0,0.0,causal_historical_mean,control
confirmatory_2026,2026-01-12,426,-0.03244593889275867,0.046733065403626366,0.04892776870209868,0.03584376247573266,0.002375000788382087,,,ridge,control
confirmatory_2026,2026-01-19,426,-0.08774816691857995,0.002830219114629771,0.006495750667366716,0.03273679496237286,0.0021409703649264413,0.06666666666666667,0.9333333333333333,ridge,control
confirmatory_2026,2026-01-26,427,-0.25784999563799216,-0.03279932563543735,-0.01057381168847734,0.03779978581552981,0.0027768913475050253,0.2,0.8,ridge,control
confirmatory_2026,2026-02-02,427,-0.2270153786207362,-0.03784396190713063,-0.09032852225304895,0.06050822213962549,0.006223460774037339,0.2,0.8,ridge,control
confirmatory_2026,2026-02-09,427,-0.10696876216699616,0.004658124771436055,0.018638523278007343,0.04604698993040626,0.004083624334211682,0.26666666666666666,0.7333333333333333,ridge,control
confirmatory_2026,2026-02-16,427,-0.07816825882520494,-0.0031183572376491447,0.00240084954784053,0.036431931339821894,0.0027258343525407517,0.2,0.8,ridge,control
confirmatory_2026,2026-02-23,427,-0.015583465555089384,0.006677328443637676,-0.010917342566536306,0.03149050013517308,0.00212871312968402,0.26666666666666666,0.7333333333333333,ridge,control
confirmatory_2026,2026-03-02,427,0.22013034234208684,0.10757092800591386,0.14070466366119908,0.06871851993945766,0.006612034229234392,0.26666666666666666,0.7333333333333333,ridge,control
confirmatory_2026,2026-03-09,427,-0.11405509816983717,0.003000910601714573,-0.05646915875328067,0.046738296731831525,0.003313156524288102,0.13333333333333333,0.8666666666666667,ridge,control
confirmatory_2026,2026-03-16,427,-0.03562912637461046,0.0070874508924982215,-0.03017307667894585,0.03749508371521796,0.00247621460662528,0.2,0.8,ridge,control
confirmatory_2026,2026-03-23,428,-0.12211911430530235,0.0006486912303122288,-0.033404827781700897,0.03581912233448825,0.0023126183450684805,0.26666666666666666,0.7333333333333333,ridge,control
confirmatory_2026,2026-03-30,428,0.2768144985089983,0.02343018716533017,0.07735914823826609,0.042936744389782656,0.002959758791852011,0.3333333333333333,0.6666666666666666,ridge,control
confirmatory_2026,2026-04-06,428,-0.08504028528542089,-0.028525718299313118,-0.04643533132585263,0.05253886161153102,0.004946004197257549,0.26666666666666666,0.7333333333333333,ridge,control
confirmatory_2026,2026-04-13,428,0.2866791550719848,0.0645651641397434,0.049470739072661835,0.05064773101450397,0.004550687841581095,0.13333333333333333,0.8666666666666667,ridge,control
confirmatory_2026,2026-04-20,428,-0.08894965919632689,0.013333799150460731,-0.013635855350997966,0.047656246908576394,0.004177956492622476,0.06666666666666667,0.9333333333333333,ridge,control
confirmatory_2026,2026-04-27,428,-0.1964745840952368,0.007566740736252976,0.004930410128929779,0.03860693941730986,0.003396991174075427,0.0,1.0,ridge,control
confirmatory_2026,2026-05-04,428,0.07571821467945263,0.012129429844615392,-0.03818163476301545,0.04994137708836282,0.0060205975209239385,0.2,0.8,ridge,control
confirmatory_2026,2026-05-11,428,-0.05836117181515753,-0.025424510524743246,-0.03385840234791877,0.046970555744582754,0.003706274950697705,0.2,0.8,ridge,control
confirmatory_2026,2026-05-18,428,0.2116590319440021,0.0005266952111927445,0.0103494236067409,0.04227881546023039,0.0036471382057873653,0.2,0.8,ridge,control
confirmatory_2026,2026-05-25,428,-0.016311710351851305,0.018362878598698014,-0.13427549627930008,0.057521469738398466,0.008423386757615144,0.3333333333333333,0.6666666666666666,ridge,control
confirmatory_2026,2026-06-01,428,0.17279227590243376,0.004231305890932836,0.026673302020502283,0.03938168124670873,0.0029064981534821705,0.2,0.8,ridge,control
confirmatory_2026,2026-06-08,428,0.08246036176172533,-0.01979191220678276,-0.005289662996536435,0.038260093118277425,0.003241577046556115,0.2,0.8,ridge,control
confirmatory_2026,2026-06-15,428,-0.28570006237442913,-0.05165349607119787,-0.12103180903779517,0.05047089024758824,0.0049713451456138615,0.2,0.8,ridge,control
confirmatory_2026,2026-06-22,428,0.1494283256195314,0.014373921775652908,0.0935853369175867,0.05153043361321611,0.0044458136156463055,0.4666666666666667,0.5333333333333333,ridge,control
confirmatory_2026,2026-06-29,429,0.03795230126136694,0.012027576966639485,0.02218252015540916,0.04146141986585813,0.003254759820476768,0.0,1.0,ridge,control
confirmatory_2026,2026-07-06,429,0.12441199313618354,0.027001288544649605,0.04165534816441473,0.03207734280136614,0.0018458665393582816,0.2,0.8,ridge,control
confirmatory_2026,2026-07-13,429,-0.19487858370709926,-0.027160344882281928,-0.01038622584558652,0.04176528926846739,0.00358262442780018,0.26666666666666666,0.7333333333333333,ridge,control
confirmatory_2026,2026-07-20,429,-0.0009976548120429886,0.03541154004387845,0.07894519966693993,0.033445890507655535,0.002108190094334291,0.13333333333333333,0.8666666666666667,ridge,control
confirmatory_2026,2026-07-27,429,0.29140001489490736,-0.057856012516255134,-0.017758262656697655,0.04672780702252615,0.004592642165487476,0.06666666666666667,0.9333333333333333,ridge,control
confirmatory_2026,2026-08-03,429,0.07488399451016274,0.11916965618587202,0.09601765725026998,0.05765201743639154,0.007805498976537273,0.2,0.8,ridge,control
confirmatory_2026,2026-08-10,427,0.24539515320820277,0.0667109428618271,0.07798518058325024,0.03315258865119526,0.00237430640358373,0.06666666666666667,0.9333333333333333,ridge,control
confirmatory_2026,2026-08-17,427,-0.04325323782745501,-0.012698715328456315,0.00219536060462501,0.0426319424797397,0.0032319591718315555,0.06666666666666667,0.9333333333333333,ridge,control
