account,symbol,side,qty,filled_qty,filled_avg_price,status,created_at,filled_at,client_order_id,type,limit_price,notional,filled_notional_usd
hrp,XOM,buy,129.9392,129.9392,130.26,filled,2026-01-19T04:38:20.931445Z,2026-01-20T14:35:29.387632Z,paper:2026-01-19:attempt-1:XOM:BUY,limit,131.19,,16925.880192
hrp,TSLA,buy,2.6016,2.6016,426.101778,filled,2026-01-19T04:38:20.925093Z,2026-01-20T14:34:21.364765Z,paper:2026-01-19:attempt-1:TSLA:BUY,limit,441.88,,1108.5463856448
hrp,AMD,buy,8.5334,8.5334,231.009459,filled,2026-01-19T04:38:19.819099Z,2026-01-20T14:36:04.67868Z,paper:2026-01-19:attempt-1:AMD:BUY,limit,234.15,,1971.2961174306
hrp,MSFT,buy,15.2753,15.2753,450.45,filled,2026-01-19T04:38:19.835492Z,2026-01-20T14:30:58.764683Z,paper:2026-01-19:attempt-1:MSFT:BUY,limit,464.46,,6880.758884999999
hrp,GOOGL,buy,13.0236,13.0236,323.645654,filled,2026-01-19T04:38:19.825167Z,2026-01-20T14:36:14.502228Z,paper:2026-01-19:attempt-1:GOOGL:BUY,limit,333.3,,4215.0315394344
hrp,ABBV,buy,53.5563,53.5563,211.67,filled,2026-01-19T04:38:19.82333Z,2026-01-20T14:33:05.835301Z,paper:2026-01-19:attempt-1:ABBV:BUY,limit,216.49,,11336.262020999999
hrp,AVGO,buy,3.5526,3.5526,342.876508,filled,2026-01-19T04:38:19.821171Z,2026-01-20T14:34:26.724645Z,paper:2026-01-19:attempt-1:AVGO:BUY,limit,355.23,,1218.1030823208
hrp,TOELY,buy,23.6549,23.6549,128.862042,filled,2026-01-19T04:38:20.929036Z,2026-01-20T14:36:07.799338Z,paper:2026-01-19:attempt-1:TOELY:BUY,limit,134.86,,3048.2187173058
hrp,LLY,buy,7.015,7.015,1025.131597,filled,2026-01-19T04:38:19.833784Z,2026-01-20T14:34:54.327295Z,paper:2026-01-19:attempt-1:LLY:BUY,limit,1048.78,,7191.298152955
hrp,SAP,buy,54.9223,54.9223,225.590735,filled,2026-01-19T04:38:20.935575Z,2026-01-20T14:35:23.594919Z,paper:2026-01-19:attempt-1:SAP:BUY,limit,235.93,,12389.9620248905
hrp,TSM,buy,7.3338,7.3338,341.220952,filled,2026-01-19T04:38:20.933514Z,2026-01-20T14:34:16.32857Z,paper:2026-01-19:attempt-1:TSM:BUY,limit,345.82,,2502.4462177776
hrp,META,buy,4.9267,4.9267,605.23968,filled,2026-01-19T04:38:19.827303Z,2026-01-20T14:35:42.857871Z,paper:2026-01-19:attempt-1:META:BUY,limit,626.45,,2981.834331456
hrp,AAPL,buy,16.3233,16.3233,254.37,filled,2026-01-19T04:38:19.829437Z,2026-01-20T14:32:58.724899Z,paper:2026-01-19:attempt-1:AAPL:BUY,limit,258.09,,4152.157821
hrp,NVDA,buy,8.0164,8.0164,181.687853,filled,2026-01-19T04:38:19.831664Z,2026-01-20T14:34:48.66189Z,paper:2026-01-19:attempt-1:NVDA:BUY,limit,188.09,,1456.4825047892
hrp,JNJ,buy,98.103,98.103,215.093157,filled,2026-01-19T04:38:19.842933Z,2026-01-20T14:35:31.610773Z,paper:2026-01-19:attempt-1:JNJ:BUY,limit,220.85,,21101.283981170996
hrp,XOM,sell,15.4779,15.4779,136.467364,filled,2026-01-25T07:33:41.710317Z,2026-01-26T14:31:48.587142Z,paper:2026-01-25:attempt-1:XOM:SELL,limit,133.62,,2112.2282132556
hrp,AMD,sell,3.4437,0,,expired,2026-01-25T07:33:40.686834Z,,paper:2026-01-25:attempt-1:AMD:SELL,limit,257.08,,0.0
hrp,JNJ,buy,2.4926,2.4926,220.87,filled,2026-01-25T07:33:40.691182Z,2026-01-26T14:30:50.479615Z,paper:2026-01-25:attempt-1:JNJ:BUY,limit,222.34,,550.540562
hrp,SAP,sell,3.4247,3.4247,235.789165,filled,2026-01-25T07:33:41.707047Z,2026-01-26T14:32:35.846094Z,paper:2026-01-25:attempt-1:SAP:SELL,limit,228.76,,807.5071533755
hrp,AVGO,buy,1.8061,1.8061,319.08,filled,2026-01-25T07:33:40.681855Z,2026-01-26T14:30:37.313789Z,paper:2026-01-25:attempt-1:AVGO:BUY,limit,323.25,,576.290388
hrp,MSFT,buy,1.2205,1.2205,463.19,filled,2026-01-25T07:33:40.697677Z,2026-01-26T14:31:15.234614Z,paper:2026-01-25:attempt-1:MSFT:BUY,limit,470.61,,565.323395
hrp,AAPL,buy,13.4451,13.4451,250.331823,filled,2026-01-25T07:33:40.676478Z,2026-01-26T14:31:45.534078Z,paper:2026-01-25:attempt-1:AAPL:BUY,limit,250.52,,3365.7363934173004
hrp,ABBV,buy,0.3708,0.3708,219.274,filled,2026-01-25T07:33:40.679324Z,2026-01-26T14:30:01.389985Z,paper:2026-01-25:attempt-1:ABBV:BUY,limit,221.45,,81.3067992
hrp,TSLA,buy,0.0471,0.0471,445.04,filled,2026-01-25T07:33:41.713574Z,2026-01-26T14:30:00.000968Z,paper:2026-01-25:attempt-1:TSLA:BUY,limit,453.55,,20.961384000000002
hrp,META,sell,0.1052,0.1052,665.12,filled,2026-01-25T07:33:40.693656Z,2026-01-26T14:30:00.346867Z,paper:2026-01-25:attempt-1:META:SELL,limit,652.17,,69.970624
hrp,LLY,buy,0.0333,0.0333,1065.7,filled,2026-01-25T07:33:40.688351Z,2026-01-26T14:30:00.35983Z,paper:2026-01-25:attempt-1:LLY:BUY,limit,1074.93,,35.48781
hrp,TSM,sell,0.5339,0.5339,332.494,filled,2026-01-25T07:33:41.702511Z,2026-01-26T14:30:00.624611Z,paper:2026-01-25:attempt-1:TSM:SELL,limit,331.52,,177.51854660000004
hrp,GOOGL,buy,0.55,0.55,327.996,filled,2026-01-25T07:33:40.684438Z,2026-01-26T14:30:00.219301Z,paper:2026-01-25:attempt-1:GOOGL:BUY,limit,331.21,,180.39780000000002
hrp,NVDA,buy,0.4669,0.4669,187.2,filled,2026-01-25T07:33:40.69524Z,2026-01-26T14:30:00.003039Z,paper:2026-01-25:attempt-1:NVDA:BUY,limit,189.55,,87.40368
hrp,TOELY,buy,0.8046,0,,expired,2026-01-25T07:33:41.704395Z,,paper:2026-01-25:attempt-1:TOELY:BUY,limit,134.13,,0.0
hrp,TOELY,sell,6.5489,6.5489,130.34,filled,2026-02-01T10:32:38.951296Z,2026-02-02T14:39:52.536433Z,paper:2026-02-01:attempt-1:TOELY:SELL,limit,130.32,,853.583626
hrp,GOOGL,buy,5.2261,5.2261,337.583162,filled,2026-02-01T10:32:37.886651Z,2026-02-02T14:33:06.443903Z,paper:2026-02-01:attempt-1:GOOGL:BUY,limit,344.76,,1764.2433629282
hrp,AVGO,sell,1.4054,1.4054,332.19,filled,2026-02-01T10:32:37.891816Z,2026-02-02T14:31:19.419146Z,paper:2026-02-01:attempt-1:AVGO:SELL,limit,324.67,,466.859826
hrp,ABBV,buy,1.0523,1.0523,226.41,filled,2026-02-01T10:32:37.869095Z,2026-02-02T14:31:36.159536Z,paper:2026-02-01:attempt-1:ABBV:BUY,limit,227.47,,238.251243
hrp,NVDA,buy,1.1363,1.1363,187.49,filled,2026-02-01T10:32:37.897134Z,2026-02-02T14:31:39.244076Z,paper:2026-02-01:attempt-1:NVDA:BUY,limit,194.95,,213.04488700000002
hrp,JNJ,buy,4.3821,4.3821,229.8,filled,2026-02-01T10:32:37.876361Z,2026-02-02T14:31:03.249231Z,paper:2026-02-01:attempt-1:JNJ:BUY,limit,231.8,,1007.0065800000001
hrp,AMD,sell,4.3639,4.3639,236.29,filled,2026-02-01T10:32:37.893244Z,2026-02-02T14:30:09.013625Z,paper:2026-02-01:attempt-1:AMD:SELL,limit,232,,1031.145931
hrp,SAP,sell,4.4844,4.4844,204.238568,filled,2026-02-01T10:32:38.969929Z,2026-02-02T14:32:48.494436Z,paper:2026-02-01:attempt-1:SAP:SELL,limit,197.02,,915.8874343391999
hrp,XOM,buy,2.0183,2.0183,140.3,filled,2026-02-01T10:32:38.953288Z,2026-02-02T14:31:37.933675Z,paper:2026-02-01:attempt-1:XOM:BUY,limit,144.23,,283.16749000000004
hrp,AAPL,sell,5.1494,5.1494,262.181264,filled,2026-02-01T10:32:37.872235Z,2026-02-02T14:32:57.406955Z,paper:2026-02-01:attempt-1:AAPL:SELL,limit,254.29,,1350.0762008416
hrp,LLY,buy,0.1781,0.1781,1040.792,filled,2026-02-01T10:32:37.894564Z,2026-02-02T14:30:01.518306Z,paper:2026-02-01:attempt-1:LLY:BUY,limit,1057.89,,185.3650552
hrp,TSM,buy,0.1594,0.1594,330.824,filled,2026-02-01T10:32:38.965001Z,2026-02-02T14:30:01.146389Z,paper:2026-02-01:attempt-1:TSM:BUY,limit,337.17,,52.7333456
hrp,MSFT,buy,0.2959,0.2959,430.37,filled,2026-02-01T10:32:37.884152Z,2026-02-02T14:30:00.140089Z,paper:2026-02-01:attempt-1:MSFT:BUY,limit,438.9,,127.346483
hrp,TSLA,buy,0.5153,0.5153,421.232,filled,2026-02-01T10:32:38.967278Z,2026-02-02T14:30:00.24238Z,paper:2026-02-01:attempt-1:TSLA:BUY,limit,439.02,,217.0608496
hrp,META,sell,0.3552,0.3552,714.232,filled,2026-02-01T10:32:37.890322Z,2026-02-02T14:30:00.279998Z,paper:2026-02-01:attempt-1:META:SELL,limit,702.17,,253.6952064
hrp,AAPL,sell,2.8225,2.8225,273.86,filled,2026-02-10T13:25:28.749501Z,2026-02-10T14:31:41.583357Z,paper:2026-02-10:attempt-1:AAPL:SELL,limit,269.13,,772.96985
hrp,ABBV,sell,54.8169,54.8169,223.21,filled,2026-02-10T13:25:28.996148Z,2026-02-10T14:31:28.043697Z,paper:2026-02-10:attempt-1:ABBV:SELL,limit,218.79,,12235.680249
hrp,AVGO,buy,5.2708,5.2708,346.544868,filled,2026-02-10T13:25:29.483967Z,2026-02-10T14:32:25.885136Z,paper:2026-02-10:attempt-1:AVGO:BUY,limit,350.82,,1826.5686902544003
hrp,JNJ,buy,29.2316,29.2316,239.44,filled,2026-02-10T13:25:29.995748Z,2026-02-10T14:31:15.248314Z,paper:2026-02-10:attempt-1:JNJ:BUY,limit,243.41,,6999.214304
hrp,LLY,sell,1.0439,1.0439,1043.83,filled,2026-02-10T13:25:30.240872Z,2026-02-10T14:31:34.136026Z,paper:2026-02-10:attempt-1:LLY:SELL,limit,1023.78,,1089.654137
hrp,META,buy,1.1758,1.1758,676,filled,2026-02-10T13:25:30.494713Z,2026-02-10T14:31:22.176079Z,paper:2026-02-10:attempt-1:META:BUY,limit,690.76,,794.8408
hrp,MSFT,buy,12.2491,12.2491,418.54043,filled,2026-02-10T13:25:30.74884Z,2026-02-10T14:32:11.432292Z,paper:2026-02-10:attempt-1:MSFT:BUY,limit,421.87,,5126.743581113
hrp,MU,buy,3.3335,3.3335,378.99,filled,2026-02-10T13:25:30.995244Z,2026-02-10T14:30:48.870963Z,paper:2026-02-10:attempt-1:MU:BUY,limit,391.17,,1263.363165
hrp,NVDA,buy,4.1027,4.1027,191.819815,filled,2026-02-10T13:25:31.2489Z,2026-02-10T14:31:51.70582Z,paper:2026-02-10:attempt-1:NVDA:BUY,limit,193.84,,786.9791550005
hrp,SAP,sell,16.893,16.893,210.63,filled,2026-02-10T13:25:31.499613Z,2026-02-10T14:30:13.990875Z,paper:2026-02-10:attempt-1:SAP:SELL,limit,206.2,,3558.17259
hrp,TOELY,buy,4.6769,4.6769,135.02,filled,2026-02-10T13:25:31.747594Z,2026-02-10T14:41:34.384737Z,paper:2026-02-10:attempt-1:TOELY:BUY,limit,135.66,,631.475038
hrp,TSM,buy,8.5708,8.5708,360.64,filled,2026-02-10T13:25:32.262966Z,2026-02-10T14:31:39.560388Z,paper:2026-02-10:attempt-1:TSM:BUY,limit,362.52,,3090.973312
hrp,XOM,sell,15.0673,15.0673,151.09,filled,2026-02-10T13:25:32.514942Z,2026-02-10T14:30:21.017587Z,paper:2026-02-10:attempt-1:XOM:SELL,limit,148.19,,2276.518357
hrp,TSLA,buy,0.5309,0.5309,418.328,filled,2026-02-10T13:25:32.009024Z,2026-02-10T14:30:00.002463Z,paper:2026-02-10:attempt-1:TSLA:BUY,limit,425.67,,222.0903352
hrp,GOOGL,buy,0.7681,0.7681,321.03,filled,2026-02-10T13:25:29.738868Z,2026-02-10T14:30:00.011347Z,paper:2026-02-10:attempt-1:GOOGL:BUY,limit,330.81,,246.58314299999998
hrp,XOM,buy,5.8569,5.8569,148.95,filled,2026-02-15T00:29:45.26085Z,2026-02-17T14:31:39.182606Z,paper:2026-02-15:attempt-1:XOM:BUY,limit,151.42,,872.385255
hrp,TSLA,buy,1.9967,1.9967,409.49,filled,2026-02-15T00:29:44.792576Z,2026-02-17T14:30:44.790181Z,paper:2026-02-15:attempt-1:TSLA:BUY,limit,425.79,,817.628683
hrp,JNJ,sell,1.9771,1.9771,242.97,filled,2026-02-15T00:29:43.143769Z,2026-02-17T14:31:58.475393Z,paper:2026-02-15:attempt-1:JNJ:SELL,limit,238.58,,480.375987
hrp,GOOGL,buy,2.0092,2.0092,300.15,filled,2026-02-15T00:29:42.898925Z,2026-02-17T14:30:06.525962Z,paper:2026-02-15:attempt-1:GOOGL:BUY,limit,311.83,,603.0613799999999
hrp,AMD,sell,4.1695,4.1695,204.6,filled,2026-02-15T00:29:42.430911Z,2026-02-17T14:35:45.179332Z,paper:2026-02-15:attempt-1:AMD:SELL,limit,203.17,,853.0797
hrp,AAPL,buy,2.0725,2.0725,259.100205,filled,2026-02-15T00:29:41.882862Z,2026-02-17T14:35:34.915629Z,paper:2026-02-15:attempt-1:AAPL:BUY,limit,260.9,,536.9851748625
hrp,NVDA,buy,1.9015,1.9015,182.17,filled,2026-02-15T00:29:44.088532Z,2026-02-17T14:31:22.562053Z,paper:2026-02-15:attempt-1:NVDA:BUY,limit,186.47,,346.396255
hrp,MSFT,sell,7.9672,7.9672,398.550472,filled,2026-02-15T00:29:43.855828Z,2026-02-17T14:36:16.080173Z,paper:2026-02-15:attempt-1:MSFT:SELL,limit,393.29,,3175.3313205184
hrp,META,buy,0.1608,0.1608,639.792,filled,2026-02-15T00:29:43.61633Z,2026-02-17T14:30:00.444406Z,paper:2026-02-15:attempt-1:META:BUY,limit,652.57,,102.8785536
hrp,SAP,buy,0.2107,0.2107,202.082,filled,2026-02-15T00:29:44.325561Z,2026-02-17T14:30:00.416902Z,paper:2026-02-15:attempt-1:SAP:BUY,limit,208.62,,42.5786774
hrp,ABBV,sell,0.1625,0.1625,232.028,filled,2026-02-15T00:29:42.197868Z,2026-02-17T14:30:00.524644Z,paper:2026-02-15:attempt-1:ABBV:SELL,limit,226.87,,37.70455
hrp,TSM,sell,0.1944,0.1944,361.204,filled,2026-02-15T00:29:45.024349Z,2026-02-17T14:30:00.463313Z,paper:2026-02-15:attempt-1:TSM:SELL,limit,359.03,,70.2180576
hrp,TOELY,sell,0.6961,0,,expired,2026-02-15T00:29:44.554958Z,,paper:2026-02-15:attempt-1:TOELY:SELL,limit,135.49,,0.0
hrp,AVGO,buy,0.7261,0.7261,319.874,filled,2026-02-15T00:29:42.664584Z,2026-02-17T14:30:00.203217Z,paper:2026-02-15:attempt-1:AVGO:BUY,limit,331.67,,232.2605114
hrp,LLY,buy,0.1159,0.1159,1048.602,filled,2026-02-15T00:29:43.381115Z,2026-02-17T14:30:00.736207Z,paper:2026-02-15:attempt-1:LLY:BUY,limit,1060.8,,121.53297180000001
hrp,AAPL,sell,23.869,0,,canceled,2026-02-22T10:37:34.021362Z,,paper:2026-02-22:attempt-1:AAPL:SELL,limit,259.29,,0.0
hrp,AEM,buy,20.5525,0,,canceled,2026-02-22T10:37:34.540425Z,,paper:2026-02-22:attempt-1:AEM:BUY,limit,232.83,,0.0
hrp,ALPMY,buy,1032.6933,0,,canceled,2026-02-22T10:37:34.771139Z,,paper:2026-02-22:attempt-1:ALPMY:BUY,limit,16.25,,0.0
hrp,AVGO,sell,9.9502,0,,canceled,2026-02-22T10:37:35.011568Z,,paper:2026-02-22:attempt-1:AVGO:SELL,limit,326,,0.0
hrp,BHP,buy,65.6161,0,,canceled,2026-02-22T10:37:35.253922Z,,paper:2026-02-22:attempt-1:BHP:BUY,limit,78.36,,0.0
hrp,CFR,buy,45.6866,0,,canceled,2026-02-22T10:37:35.528586Z,,paper:2026-02-22:attempt-1:CFR:BUY,limit,148.35,,0.0
hrp,CSUAY,buy,463.7274,0,,canceled,2026-02-22T10:37:35.757824Z,,paper:2026-02-22:attempt-1:CSUAY:BUY,limit,22.8,,0.0
hrp,GFI,buy,43.553,0,,canceled,2026-02-22T10:37:36.050566Z,,paper:2026-02-22:attempt-1:GFI:BUY,limit,55.17,,0.0
hrp,GOOGL,sell,21.577,0,,canceled,2026-02-22T10:37:36.28736Z,,paper:2026-02-22:attempt-1:GOOGL:SELL,limit,308.68,,0.0
hrp,HAL,buy,83.2115,0,,canceled,2026-02-22T10:37:36.582659Z,,paper:2026-02-22:attempt-1:HAL:BUY,limit,35.81,,0.0
hrp,JNJ,sell,132.2322,0,,canceled,2026-02-22T10:37:36.889735Z,,paper:2026-02-22:attempt-1:JNJ:SELL,limit,237.64,,0.0
hrp,KOF,buy,200.1136,0,,canceled,2026-02-22T10:37:37.127243Z,,paper:2026-02-22:attempt-1:KOF:BUY,limit,115.33,,0.0
hrp,LLY,sell,6.2984,0,,canceled,2026-02-22T10:37:37.409332Z,,paper:2026-02-22:attempt-1:LLY:SELL,limit,989.33,,0.0
hrp,META,sell,5.8029,0,,canceled,2026-02-22T10:37:37.645821Z,,paper:2026-02-22:attempt-1:META:SELL,limit,642.55,,0.0
hrp,MSFT,sell,21.0736,0,,canceled,2026-02-22T10:37:37.882377Z,,paper:2026-02-22:attempt-1:MSFT:SELL,limit,389.29,,0.0
hrp,MU,sell,3.3335,0,,canceled,2026-02-22T10:37:38.151594Z,,paper:2026-02-22:attempt-1:MU:SELL,limit,419.61,,0.0
hrp,NVDA,sell,15.6238,0,,canceled,2026-02-22T10:37:38.38749Z,,paper:2026-02-22:attempt-1:NVDA:SELL,limit,186.02,,0.0
hrp,SAP,sell,30.3309,0,,canceled,2026-02-22T10:37:39.438644Z,,paper:2026-02-22:attempt-1:SAP:SELL,limit,198.54,,0.0
hrp,TOELY,sell,21.5837,0,,canceled,2026-02-22T10:37:39.959469Z,,paper:2026-02-22:attempt-1:TOELY:SELL,limit,140.38,,0.0
hrp,TSLA,sell,5.6916,0,,canceled,2026-02-22T10:37:40.48554Z,,paper:2026-02-22:attempt-1:TSLA:SELL,limit,403.58,,0.0
hrp,TSM,sell,5.8639,0,,canceled,2026-02-22T10:37:40.766084Z,,paper:2026-02-22:attempt-1:TSM:SELL,limit,363.13,,0.0
hrp,XOM,sell,107.2692,0,,canceled,2026-02-22T10:37:41.296702Z,,paper:2026-02-22:attempt-1:XOM:SELL,limit,144.33,,0.0
hrp,OMRNY,buy,232.8472,0,,canceled,2026-02-22T12:04:52.59766Z,,paper:2026-02-22:attempt-1:OMRNY:BUY,limit,34.02,,0.0
hrp,RL,buy,9.0812,0,,canceled,2026-02-22T12:04:52.881847Z,,paper:2026-02-22:attempt-1:RL:BUY,limit,392.73,,0.0
hrp,SAN,buy,435.2979,0,,canceled,2026-02-22T12:04:53.188028Z,,paper:2026-02-22:attempt-1:SAN:BUY,limit,13.01,,0.0
hrp,SCCO,buy,11.3827,0,,canceled,2026-02-22T12:04:53.964053Z,,paper:2026-02-22:attempt-1:SCCO:BUY,limit,205.03,,0.0
hrp,TPR,buy,18.1974,0,,canceled,2026-02-22T12:04:54.433512Z,,paper:2026-02-22:attempt-1:TPR:BUY,limit,160.23,,0.0
hrp,UMC,buy,750.2911,0,,canceled,2026-02-22T12:04:55.264619Z,,paper:2026-02-22:attempt-1:UMC:BUY,limit,10.61,,0.0
hrp,META,sell,5.8029,5.8029,654.429236,filled,2026-02-22T12:13:53.360133Z,2026-02-23T14:34:27.159787Z,paper:2026-02-22:attempt-3:META:SELL,limit,642.55,,3797.5874135843997
hrp,TSM,sell,5.8639,5.8639,367.956731,filled,2026-02-22T12:13:56.528915Z,2026-02-23T14:33:24.209787Z,paper:2026-02-22:attempt-3:TSM:SELL,limit,363.13,,2157.6614749109
hrp,SAP,sell,30.3309,30.3309,198.586265,filled,2026-02-22T12:13:55.215403Z,2026-02-23T14:38:05.196091Z,paper:2026-02-22:attempt-3:SAP:SELL,limit,198.54,,6023.300145088499
hrp,GFI,buy,43.553,0,,expired,2026-02-22T12:13:51.79444Z,,paper:2026-02-22:attempt-3:GFI:BUY,limit,55.17,,0.0
hrp,HAL,buy,83.2115,83.2115,35.196605,filled,2026-02-22T12:13:52.337168Z,2026-02-23T14:31:33.044103Z,paper:2026-02-22:attempt-3:HAL:BUY,limit,35.81,,2928.7622969575
hrp,GOOGL,sell,21.577,21.577,317,filled,2026-02-22T12:13:52.073843Z,2026-02-23T14:31:19.074258Z,paper:2026-02-22:attempt-3:GOOGL:SELL,limit,308.68,,6839.909000000001
hrp,AAPL,sell,23.869,23.869,265.790837,filled,2026-02-22T12:13:50.004182Z,2026-02-23T14:34:37.411302Z,paper:2026-02-22:attempt-3:AAPL:SELL,limit,259.29,,6344.161488353
hrp,TSLA,sell,5.6916,5.6916,405.657178,filled,2026-02-22T12:13:56.259508Z,2026-02-23T14:34:43.010413Z,paper:2026-02-22:attempt-3:TSLA:SELL,limit,403.58,,2308.8383943048
hrp,LLY,sell,6.2984,6.2984,1041.15277,filled,2026-02-22T12:13:53.117709Z,2026-02-23T14:34:00.967087Z,paper:2026-02-22:attempt-3:LLY:SELL,limit,989.33,,6557.5966065679995
hrp,MU,sell,3.3335,3.3335,422.81792,filled,2026-02-22T12:13:54.005975Z,2026-02-23T14:34:10.485074Z,paper:2026-02-22:attempt-3:MU:SELL,limit,419.61,,1409.46353632
hrp,JNJ,sell,132.2322,132.2322,244.035603,filled,2026-02-22T12:13:52.643248Z,2026-02-23T14:33:09.09708Z,paper:2026-02-22:attempt-3:JNJ:SELL,limit,237.64,,32269.364663016604
hrp,MSFT,sell,21.0736,21.0736,392.07,filled,2026-02-22T12:13:53.780624Z,2026-02-23T14:30:27.124647Z,paper:2026-02-22:attempt-3:MSFT:SELL,limit,389.29,,8262.326352
hrp,TOELY,sell,21.5837,21.5837,143.247684,filled,2026-02-22T12:13:55.742194Z,2026-02-23T14:34:32.811338Z,paper:2026-02-22:attempt-3:TOELY:SELL,limit,140.38,,3091.8150371508
hrp,ALPMY,buy,1032.6933,1032.6933,16.07,filled,2026-02-22T12:13:50.499644Z,2026-02-23T14:32:13.125271Z,paper:2026-02-22:attempt-3:ALPMY:BUY,limit,16.25,,16595.381331
hrp,KOF,buy,200.1136,200.1136,114.25,filled,2026-02-22T12:13:52.875304Z,2026-02-23T14:30:57.294706Z,paper:2026-02-22:attempt-3:KOF:BUY,limit,115.33,,22862.9788
hrp,NVDA,sell,15.6238,15.6238,192.924919,filled,2026-02-22T12:13:54.2368Z,2026-02-23T14:33:23.286991Z,paper:2026-02-22:attempt-3:NVDA:SELL,limit,186.02,,3014.2203494722
hrp,AVGO,sell,9.9502,9.9502,333.142242,filled,2026-02-22T12:13:50.730766Z,2026-02-23T14:33:24.933857Z,paper:2026-02-22:attempt-3:AVGO:SELL,limit,326,,3314.8319363484
hrp,AEM,buy,20.5525,0,,expired,2026-02-22T12:13:50.233271Z,,paper:2026-02-22:attempt-3:AEM:BUY,limit,232.83,,0.0
hrp,CSUAY,buy,463.7274,463.7274,22.61,filled,2026-02-22T12:13:51.552913Z,2026-02-23T14:33:50.238171Z,paper:2026-02-22:attempt-3:CSUAY:BUY,limit,22.8,,10484.876514
hrp,XOM,sell,107.2692,107.2692,148.15,filled,2026-02-22T12:13:57.048642Z,2026-02-23T14:31:41.293099Z,paper:2026-02-22:attempt-3:XOM:SELL,limit,144.33,,15891.931980000001
hrp,BHP,buy,65.6161,65.6161,77.25,filled,2026-02-22T12:13:51.023543Z,2026-02-23T14:30:21.681642Z,paper:2026-02-22:attempt-3:BHP:BUY,limit,78.36,,5068.843725000001
hrp,CFR,buy,45.6866,45.6866,147.438186,filled,2026-02-22T12:13:51.249318Z,2026-02-23T14:34:19.189849Z,paper:2026-02-22:attempt-3:CFR:BUY,limit,148.35,,6735.9494285076
hrp,HAL,buy,49.5387,49.5387,36.71,filled,2026-03-01T10:04:54.438648Z,2026-03-02T14:30:07.874448Z,paper:2026-03-01:attempt-1:HAL:BUY,limit,36.72,,1818.565677
hrp,UMC,buy,576.188,576.188,10.317365,filled,2026-03-01T10:04:56.301041Z,2026-03-02T14:36:12.592735Z,paper:2026-03-01:attempt-1:UMC:BUY,limit,10.65,,5944.74190462
hrp,RIO,buy,64.6934,64.6934,97.656854,filled,2026-03-01T10:04:55.36963Z,2026-03-02T14:33:37.091274Z,paper:2026-03-01:attempt-1:RIO:BUY,limit,101.33,,6317.7539185636
hrp,CSUAY,sell,4.5223,4.5223,22.9,filled,2026-03-01T10:04:53.281352Z,2026-03-02T14:33:46.308665Z,paper:2026-03-01:attempt-1:CSUAY:SELL,limit,22.39,,103.56067
hrp,TPR,buy,27.4295,27.4295,152.19627,filled,2026-03-01T10:04:55.83044Z,2026-03-02T14:35:43.825384Z,paper:2026-03-01:attempt-1:TPR:BUY,limit,158.58,,4174.667587965
hrp,ALPMY,sell,88.359,0,,expired,2026-03-01T10:04:52.57381Z,,paper:2026-03-01:attempt-1:ALPMY:SELL,limit,16.18,,0.0
hrp,AEM,buy,10.4767,10.4767,251.417773,filled,2026-03-01T10:04:53.975112Z,2026-03-02T14:33:45.595936Z,paper:2026-03-01:attempt-1:AEM:BUY,limit,256.63,,2634.0285823891
hrp,NEM,buy,17.7168,17.7168,130.236913,filled,2026-03-01T10:04:54.908566Z,2026-03-02T14:33:33.000705Z,paper:2026-03-01:attempt-1:NEM:BUY,limit,132.6,,2307.3813402384
hrp,SCCO,buy,12.876,12.876,219.6,filled,2026-03-01T10:04:55.600596Z,2026-03-02T14:30:44.314972Z,paper:2026-03-01:attempt-1:SCCO:BUY,limit,222.67,,2827.5696
hrp,KOF,sell,21.0904,21.0904,109.29,filled,2026-03-01T10:04:53.513302Z,2026-03-02T14:34:20.906105Z,paper:2026-03-01:attempt-1:KOF:SELL,limit,108.93,,2304.969816
hrp,INCY,buy,106.0357,106.0357,101,filled,2026-03-01T10:04:54.671065Z,2026-03-02T14:32:36.229265Z,paper:2026-03-01:attempt-1:INCY:BUY,limit,103.3,,10709.6057
hrp,GFI,buy,39.7892,39.7892,57.7363,filled,2026-03-01T10:04:54.204438Z,2026-03-02T14:33:40.42068Z,paper:2026-03-01:attempt-1:GFI:BUY,limit,60.02,,2297.28118796
hrp,BHP,sell,4.0078,4.0078,81.11,filled,2026-03-01T10:04:52.812088Z,2026-03-02T14:31:41.957888Z,paper:2026-03-01:attempt-1:BHP:SELL,limit,79.94,,325.072658
hrp,OMRNY,buy,181.1827,181.1827,34.16,filled,2026-03-01T10:04:55.138901Z,2026-03-02T14:31:34.312892Z,paper:2026-03-01:attempt-1:OMRNY:BUY,limit,36.03,,6189.201032
hrp,TSM,buy,0.9279,0.9279,365.096,filled,2026-03-01T10:04:56.062252Z,2026-03-02T14:30:00.327809Z,paper:2026-03-01:attempt-1:TSM:BUY,limit,382.07,,338.7725784
hrp,FCX,buy,92.2889,92.2889,64.15,filled,2026-03-04T21:50:27.388101Z,2026-03-05T14:30:18.099051Z,paper:2026-03-05:attempt-1:FCX:BUY,limit,67.25,,5920.332935
hrp,GNRC,buy,32.6066,32.6066,217.78,filled,2026-03-04T21:50:27.856687Z,2026-03-05T14:32:44.025386Z,paper:2026-03-05:attempt-1:GNRC:BUY,limit,225.31,,7101.065348
hrp,TER,buy,13.2488,13.2488,300.673774,filled,2026-03-04T21:50:29.480271Z,2026-03-05T14:33:05.098413Z,paper:2026-03-05:attempt-1:TER:BUY,limit,311.3,,3983.5666969711997
hrp,STX,buy,8.1548,8.1548,372.85,filled,2026-03-04T21:50:29.24489Z,2026-03-05T14:31:41.332043Z,paper:2026-03-05:attempt-1:STX:BUY,limit,382.51,,3040.5171800000003
hrp,MU,buy,7.4689,7.4689,402.187271,filled,2026-03-04T21:50:28.546226Z,2026-03-05T14:33:22.509898Z,paper:2026-03-05:attempt-1:MU:BUY,limit,408.79,,3003.8965083719
hrp,CIEN,buy,11.0132,11.0132,306.731195,filled,2026-03-04T21:50:27.146355Z,2026-03-05T14:33:17.018491Z,paper:2026-03-05:attempt-1:CIEN:BUY,limit,350.42,,3378.091996774
hrp,LRCX,buy,20.3999,20.3999,219.74,filled,2026-03-04T21:50:28.085606Z,2026-03-05T14:32:40.80849Z,paper:2026-03-05:attempt-1:LRCX:BUY,limit,227.45,,4482.674026
hrp,TPL,buy,22.4756,22.4756,539.295079,filled,2026-03-04T21:50:29.713005Z,2026-03-05T14:32:42.250728Z,paper:2026-03-05:attempt-1:TPL:BUY,limit,546.83,,12120.9804775724
hrp,ATEYY,buy,24.5769,24.5769,167.120767,filled,2026-03-04T21:50:26.912362Z,2026-03-05T14:33:21.803831Z,paper:2026-03-05:attempt-1:ATEYY:BUY,limit,168.53,,4107.3103784823
hrp,GLW,buy,52.1695,52.1695,136.734328,filled,2026-03-04T21:50:27.622699Z,2026-03-05T14:32:38.110913Z,paper:2026-03-05:attempt-1:GLW:BUY,limit,147.74,,7133.361524596
hrp,ATEYY,sell,0.6728,0,,canceled,2026-03-08T14:44:04.108134Z,,paper:2026-03-08:attempt-1:ATEYY:SELL,limit,150.32,,0.0
hrp,TPL,sell,0.2582,0,,canceled,2026-03-08T14:44:06.917961Z,,paper:2026-03-08:attempt-1:TPL:SELL,limit,514.53,,0.0
hrp,TPL,sell,0.2582,0.2582,527,filled,2026-03-08T15:09:29.995084Z,2026-03-09T13:30:00.783141Z,paper:2026-03-08:attempt-2:TPL:SELL,limit,514.53,,136.07139999999998
hrp,ATEYY,sell,0.6728,0,,canceled,2026-03-08T15:09:27.230809Z,,paper:2026-03-08:attempt-2:ATEYY:SELL,limit,150.32,,0.0
hrp,TER,sell,0.2303,0.2303,284.814,filled,2026-03-09T15:21:09.47969Z,2026-03-09T15:21:09.488005Z,paper:2026-03-09:attempt-1:TER:SELL,limit,279.15,,65.5926642
hrp,TPL,sell,0.7441,0.7441,535.128,filled,2026-03-09T15:21:09.962668Z,2026-03-09T15:21:09.966998Z,paper:2026-03-09:attempt-1:TPL:SELL,limit,524.85,,398.1887448
hrp,AEM,sell,10.4767,10.4767,219.24,filled,2026-03-09T15:28:15.125056Z,2026-03-09T15:28:16.82782Z,545a29ac-62ee-48d6-923d-47ed78ea091c,market,,,2296.911708
hrp,ALPMY,sell,1032.6933,1032.6933,14.86,filled,2026-03-09T15:28:15.380571Z,2026-03-09T15:28:24.202115Z,6bfcbaca-e4af-42e4-b631-958e5dd7af50,market,,,15345.822437999997
hrp,ATEYY,sell,24.5769,24.5769,149.46,filled,2026-03-09T15:28:15.623118Z,2026-03-09T15:28:17.970755Z,2f5c0794-7c3c-46ba-8b0f-5bd45d71dc9f,market,,,3673.263474
hrp,BHP,sell,61.6083,61.6083,70.85,filled,2026-03-09T15:28:15.876536Z,2026-03-09T15:28:17.44477Z,cfad1650-14e1-4423-bb90-03222923f75b,market,,,4364.948055
hrp,CFR,sell,45.6866,45.6866,133.57,filled,2026-03-09T15:28:16.109009Z,2026-03-09T15:28:18.908993Z,6b07d6e5-66a2-45ba-941d-c5d62c82d495,market,,,6102.359162
hrp,CIEN,sell,11.0132,11.0132,309.973632,filled,2026-03-09T15:28:16.346739Z,2026-03-09T15:28:18.65448Z,64363496-916d-42c4-9681-53b6fe0b2d6c,market,,,3413.8016039424
hrp,CSUAY,sell,459.2051,459.2051,23.76,filled,2026-03-09T15:28:16.694583Z,2026-03-09T15:28:18.432457Z,0ba75cb5-b225-4247-a9a6-87289c3a0969,market,,,10910.713176000001
hrp,FCX,sell,92.2889,92.2889,57.499581,filled,2026-03-09T15:28:16.931438Z,2026-03-09T15:28:20.161396Z,e93544da-0c7a-4772-b77c-4d97cbcd4aea,market,,,5306.5730809509
hrp,GFI,sell,39.7892,39.7892,50.889551,filled,2026-03-09T15:28:17.163948Z,2026-03-09T15:28:21.155102Z,343df3bc-053e-433f-90bf-c9f958c91945,market,,,2024.8545226492
hrp,GLW,sell,52.1695,52.1695,125.690958,filled,2026-03-09T15:28:17.402908Z,2026-03-09T15:28:18.99104Z,0aa0ce58-66a2-4941-9d65-52653e02e4ea,market,,,6557.234433381
hrp,GNRC,sell,32.6066,32.6066,199.31,filled,2026-03-09T15:28:17.660777Z,2026-03-09T15:28:18.820893Z,24dcf9fe-1894-4ed5-b96a-9cf2df92544e,market,,,6498.821446
hrp,HAL,sell,132.7502,132.7502,34.2,filled,2026-03-09T15:28:17.914853Z,2026-03-09T15:28:18.70459Z,7ad3bedd-0502-4f48-9d1f-9fc3486a4e13,market,,,4540.05684
hrp,INCY,sell,106.0357,106.0357,95.56,filled,2026-03-09T15:28:18.172895Z,2026-03-09T15:28:19.114561Z,76e9178f-bbac-4e01-88c6-1ef10b8f0a85,market,,,10132.771492000002
hrp,KOF,sell,179.0232,179.0232,101.499889,filled,2026-03-09T15:28:18.412752Z,2026-03-09T15:28:22.223697Z,8c822809-ade1-4df7-976a-379a3cd1f33b,market,,,18170.8349284248
hrp,LRCX,sell,20.3999,20.3999,202.51,filled,2026-03-09T15:28:18.742575Z,2026-03-09T15:28:19.839117Z,3515e36b-4e08-45b7-862e-77aa1a63d0db,market,,,4131.183749
hrp,MU,sell,7.4689,7.4689,378.260333,filled,2026-03-09T15:28:18.980552Z,2026-03-09T15:28:20.11542Z,c355dc6b-d1f6-4665-94c2-405269a4dd59,market,,,2825.1886011437
hrp,NEM,sell,17.7168,17.7168,112.142493,filled,2026-03-09T15:28:19.2093Z,2026-03-09T15:28:23.206552Z,c3e07775-4c5e-4276-9047-e35a0a4dd645,market,,,1986.8061199823999
hrp,OMRNY,sell,181.1827,181.1827,29.1,filled,2026-03-09T15:28:19.438964Z,2026-03-09T15:28:20.376317Z,7d8da3cb-81c9-4963-9c4c-5b2e472af98e,market,,,5272.41657
hrp,RIO,sell,64.6934,64.6934,88.51,filled,2026-03-09T15:28:19.667267Z,2026-03-09T15:28:23.05274Z,fae7b305-0f72-475f-92d8-b5db9db75068,market,,,5726.012834
hrp,SCCO,sell,12.876,12.876,181.07,filled,2026-03-09T15:28:19.90572Z,2026-03-09T15:28:21.649514Z,95f77070-5e16-4a43-9363-74b972e5cbbe,market,,,2331.45732
hrp,STX,sell,8.1548,8.1548,357.82,filled,2026-03-09T15:28:20.151702Z,2026-03-09T15:28:21.040222Z,e72efc4b-f00e-4fe1-a3e1-744bd9f367c7,market,,,2917.950536
hrp,TER,sell,13.0185,13.0185,285.1,filled,2026-03-09T15:28:20.381727Z,2026-03-09T15:28:21.192015Z,d3800b3b-a62f-4fd1-9a4f-942d8340333c,market,,,3711.5743500000003
hrp,TOELY,sell,0.1992,0.1992,125.6402,filled,2026-03-09T15:28:20.613162Z,2026-03-09T15:28:20.618112Z,93c84a79-5532-461b-92af-09feaeae91ff,market,,,25.027527839999998
hrp,TPL,sell,21.4733,21.4733,536.58,filled,2026-03-09T15:28:20.847739Z,2026-03-09T15:28:23.886218Z,b210d034-a71c-4e43-b5d1-21540f975ffe,market,,,11522.143314
hrp,TPR,sell,27.4295,27.4295,140.84,filled,2026-03-09T15:28:21.089736Z,2026-03-09T15:28:21.891954Z,eef956f1-d231-446c-82a3-91d66058d173,market,,,3863.1707800000004
hrp,TSM,sell,10.3997,10.3997,337.9,filled,2026-03-09T15:28:21.338043Z,2026-03-09T15:28:24.245244Z,147b0ab8-d9da-4e12-a53d-169b72b61819,market,,,3514.0586299999995
hrp,UMC,sell,576.188,576.188,9.57,filled,2026-03-09T15:28:21.574077Z,2026-03-09T15:28:26.45413Z,3d25f709-785d-4120-a4b6-913c3870eb4d,market,,,5514.11916
hrp,ATEYY,buy,25.6855,25.6855,150.97,filled,2026-03-09T15:44:42.634186Z,2026-03-09T15:44:44.691617Z,paper:2026-03-09:attempt-2:ATEYY:BUY,market,,,3877.739935
hrp,CIEN,buy,11.1044,11.1044,308.2,filled,2026-03-09T15:44:42.86577Z,2026-03-09T15:44:43.633554Z,paper:2026-03-09:attempt-2:CIEN:BUY,market,,,3422.37608
hrp,FCX,buy,101.4654,101.4654,57.35,filled,2026-03-09T15:44:43.100477Z,2026-03-09T15:44:45.213017Z,paper:2026-03-09:attempt-2:FCX:BUY,market,,,5819.040690000001
hrp,GLW,buy,54.1793,54.1793,124.45,filled,2026-03-09T15:44:43.367235Z,2026-03-09T15:44:45.376536Z,paper:2026-03-09:attempt-2:GLW:BUY,market,,,6742.613885
hrp,GNRC,buy,34.1135,34.1135,198.67,filled,2026-03-09T15:44:43.74353Z,2026-03-09T15:44:46.319251Z,paper:2026-03-09:attempt-2:GNRC:BUY,market,,,6777.329045
hrp,LRCX,buy,20.9579,20.9579,202.21,filled,2026-03-09T15:44:43.973968Z,2026-03-09T15:44:44.572739Z,paper:2026-03-09:attempt-2:LRCX:BUY,market,,,4237.896959
hrp,MRAAY,buy,1020.8606,1020.8606,11.12,filled,2026-03-09T15:44:44.211244Z,2026-03-09T15:44:45.572874Z,paper:2026-03-09:attempt-2:MRAAY:BUY,market,,,11351.969872
hrp,MU,buy,7.5237,7.5237,374.82,filled,2026-03-09T15:44:44.466991Z,2026-03-09T15:44:46.039891Z,paper:2026-03-09:attempt-2:MU:BUY,market,,,2820.033234
hrp,OMRNY,buy,537.33,537.33,29.47,filled,2026-03-09T15:44:44.715548Z,2026-03-09T15:44:46.609732Z,paper:2026-03-09:attempt-2:OMRNY:BUY,market,,,15835.1151
hrp,STX,buy,8.1992,8.1992,356.88,filled,2026-03-09T15:44:45.170933Z,2026-03-09T15:44:47.514045Z,paper:2026-03-09:attempt-2:STX:BUY,market,,,2926.1304959999998
hrp,TER,buy,12.9768,12.9768,286.09,filled,2026-03-09T15:44:45.399977Z,2026-03-09T15:44:46.569521Z,paper:2026-03-09:attempt-2:TER:BUY,market,,,3712.5327119999997
hrp,TPL,buy,21.312,21.312,541,filled,2026-03-09T15:44:45.630362Z,2026-03-09T15:44:46.005429Z,paper:2026-03-09:attempt-2:TPL:BUY,market,,,11529.792000000001
hrp,UI,buy,8.1827,8.1827,740.782315,filled,2026-03-09T15:44:45.859129Z,2026-03-09T15:44:49.150583Z,paper:2026-03-09:attempt-2:UI:BUY,market,,,6061.599448950501
hrp,WDC,buy,11.0853,11.0853,252.5,filled,2026-03-09T15:44:46.095648Z,2026-03-09T15:44:48.996469Z,paper:2026-03-09:attempt-2:WDC:BUY,market,,,2799.03825
hrp,ATEYY,sell,4.9523,4.9523,153.25548,filled,2026-03-16T12:10:56.497029Z,2026-03-16T13:33:03.944029Z,paper:2026-03-16:attempt-1:ATEYY:SELL,market,,,758.967113604
hrp,CIEN,sell,3.9717,3.9717,351.826224,filled,2026-03-16T12:10:56.77209Z,2026-03-16T13:33:15.419096Z,paper:2026-03-16:attempt-1:CIEN:SELL,market,,,1397.3482138608001
hrp,FCX,sell,41.0088,41.0088,57.27,filled,2026-03-16T12:10:57.007326Z,2026-03-16T13:30:25.364887Z,paper:2026-03-16:attempt-1:FCX:SELL,market,,,2348.573976
hrp,GLW,sell,54.1793,54.1793,133.749535,filled,2026-03-16T12:10:57.308677Z,2026-03-16T13:34:00.065105Z,paper:2026-03-16:attempt-1:GLW:SELL,market,,,7246.4561816255
hrp,GNRC,sell,34.1135,34.1135,200.744578,filled,2026-03-16T12:10:57.546346Z,2026-03-16T13:34:51.677983Z,paper:2026-03-16:attempt-1:GNRC:SELL,market,,,6848.100161603
hrp,LRCX,sell,20.9579,20.9579,218.985138,filled,2026-03-16T12:10:57.825316Z,2026-03-16T13:32:32.739573Z,paper:2026-03-16:attempt-1:LRCX:SELL,market,,,4589.4686236902
hrp,MRAAY,sell,1020.8606,1020.8606,11.4,filled,2026-03-16T12:10:58.140159Z,2026-03-16T13:34:45.26429Z,paper:2026-03-16:attempt-1:MRAAY:SELL,market,,,11637.81084
hrp,MU,sell,2.4254,2.4254,452.42,filled,2026-03-16T12:10:58.379098Z,2026-03-16T13:31:45.439414Z,paper:2026-03-16:attempt-1:MU:SELL,market,,,1097.299468
hrp,OMRNY,sell,537.33,537.33,28.717122,filled,2026-03-16T12:10:58.749252Z,2026-03-16T13:32:49.290428Z,paper:2026-03-16:attempt-1:OMRNY:SELL,market,,,15430.571164260002
hrp,STX,sell,8.1992,8.1992,403.877536,filled,2026-03-16T12:10:58.991019Z,2026-03-16T13:33:26.10801Z,paper:2026-03-16:attempt-1:STX:SELL,market,,,3311.4726931712
hrp,TER,sell,4.5751,4.5751,295.94,filled,2026-03-16T12:10:59.233401Z,2026-03-16T13:31:39.399778Z,paper:2026-03-16:attempt-1:TER:SELL,market,,,1353.955094
hrp,TPL,sell,11.388,11.388,522,filled,2026-03-16T12:10:59.466347Z,2026-03-16T13:32:50.974181Z,paper:2026-03-16:attempt-1:TPL:SELL,market,,,5944.536
hrp,UI,sell,8.1683,8.1683,745,filled,2026-03-16T12:10:59.700427Z,2026-03-16T13:30:49.20335Z,paper:2026-03-16:attempt-1:UI:SELL,market,,,6085.3835
hrp,WDC,sell,3.2923,3.2923,287.451309,filled,2026-03-16T12:10:59.940291Z,2026-03-16T13:32:51.135706Z,paper:2026-03-16:attempt-1:WDC:SELL,market,,,946.3759446206999
hrp,CF,buy,131.4598,131.4598,125.649357,filled,2026-03-16T13:41:07.192181Z,2026-03-16T13:41:09.68914Z,paper:2026-03-16:attempt-1:CF:BUY,market,,,16517.8393413486
hrp,FIX,buy,2.6417,2.6417,1408,filled,2026-03-16T13:41:07.43785Z,2026-03-16T13:41:08.234466Z,paper:2026-03-16:attempt-1:FIX:BUY,market,,,3719.5136
hrp,GFI,buy,151.3884,151.3884,47.19,filled,2026-03-16T13:41:07.719042Z,2026-03-16T13:41:08.613009Z,paper:2026-03-16:attempt-1:GFI:BUY,market,,,7144.018595999999
hrp,ODFL,buy,73.3616,73.3616,183.27,filled,2026-03-16T13:41:07.961006Z,2026-03-16T13:41:08.573736Z,paper:2026-03-16:attempt-1:ODFL:BUY,market,,,13444.980432
hrp,PWR,buy,15.3679,15.3679,570.85,filled,2026-03-16T13:41:08.210903Z,2026-03-16T13:41:08.976193Z,paper:2026-03-16:attempt-1:PWR:BUY,market,,,8772.765715000001
hrp,SCCO,buy,23.5669,23.5669,175.8,filled,2026-03-16T13:41:08.455641Z,2026-03-16T13:41:08.615763Z,paper:2026-03-16:attempt-1:SCCO:BUY,market,,,4143.06102
hrp,TS,buy,241.5757,241.5757,53.17,filled,2026-03-16T13:41:08.713987Z,2026-03-16T13:41:09.388567Z,paper:2026-03-16:attempt-1:TS:BUY,market,,,12844.579969
hrp,WPM,buy,50.1558,50.1558,141.71,filled,2026-03-16T13:41:08.963186Z,2026-03-16T13:41:09.22031Z,paper:2026-03-16:attempt-1:WPM:BUY,market,,,7107.578418
hrp,CF,sell,3.1171,3.1171,137.754103,filled,2026-03-30T13:13:01.446042Z,2026-03-30T13:34:44.594894Z,paper:2026-03-30:attempt-1:CF:SELL,market,,,429.3933144613
hrp,CIEN,sell,1.3569,1.3569,409,filled,2026-03-30T13:13:01.724658Z,2026-03-30T13:31:37.715882Z,paper:2026-03-30:attempt-1:CIEN:SELL,market,,,554.9721
hrp,GFI,sell,48.7769,48.7769,43.098436,filled,2026-03-30T13:13:02.257967Z,2026-03-30T13:36:38.732261Z,paper:2026-03-30:attempt-1:GFI:SELL,market,,,2102.2081029284
hrp,ODFL,sell,18.3278,18.3278,190.404293,filled,2026-03-30T13:13:02.641199Z,2026-03-30T13:35:18.729867Z,paper:2026-03-30:attempt-1:ODFL:SELL,market,,,3489.6918012454
hrp,PWR,sell,2.4322,2.4322,551.198154,filled,2026-03-30T13:13:02.869976Z,2026-03-30T13:34:11.332969Z,paper:2026-03-30:attempt-1:PWR:SELL,market,,,1340.6241501588001
hrp,UI,sell,0.0144,0.0144,792.31,filled,2026-03-30T13:13:03.097622Z,2026-03-30T13:30:01.187356Z,paper:2026-03-30:attempt-1:UI:SELL,market,,,11.409263999999999
hrp,FIX,sell,0.5085,0.5085,1387.07,filled,2026-03-30T13:13:02.027317Z,2026-03-30T13:30:00.97609Z,paper:2026-03-30:attempt-1:FIX:SELL,market,,,705.3250949999999
hrp,ATEYY,buy,6.6594,6.6594,134.09,filled,2026-03-30T13:43:06.249532Z,2026-03-30T13:43:06.87936Z,paper:2026-03-30:attempt-1:ATEYY:BUY,market,,,892.958946
hrp,FCX,buy,0.8248,0.8248,56.484,filled,2026-03-30T13:43:06.488233Z,2026-03-30T13:43:06.497913Z,paper:2026-03-30:attempt-1:FCX:BUY,market,,,46.5880032
hrp,MU,buy,1.3944,1.3944,345.94,filled,2026-03-30T13:43:06.757112Z,2026-03-30T13:43:07.241219Z,paper:2026-03-30:attempt-1:MU:BUY,market,,,482.378736
hrp,SCCO,buy,0.4251,0.4251,163.328,filled,2026-03-30T13:43:06.990308Z,2026-03-30T13:43:06.995962Z,paper:2026-03-30:attempt-1:SCCO:BUY,market,,,69.4307328
hrp,TPL,buy,6.0958,6.0958,513,filled,2026-03-30T13:43:07.293588Z,2026-03-30T13:43:08.608997Z,paper:2026-03-30:attempt-1:TPL:BUY,market,,,3127.1454
hrp,TS,buy,36.9887,36.9887,58.342704,filled,2026-03-30T13:43:07.521796Z,2026-03-30T13:43:10.587444Z,paper:2026-03-30:attempt-1:TS:BUY,market,,,2158.0207754448
hrp,WDC,buy,0.1401,0.1401,270.826,filled,2026-03-30T13:43:07.816144Z,2026-03-30T13:43:07.822198Z,paper:2026-03-30:attempt-1:WDC:BUY,market,,,37.9427226
hrp,WPM,buy,14.3262,14.3262,127.09,filled,2026-03-30T13:43:08.103991Z,2026-03-30T13:43:09.831685Z,paper:2026-03-30:attempt-1:WPM:BUY,market,,,1820.716758
hrp,PWR,sell,12.9357,12.9357,558.216455,filled,2026-04-05T16:20:58.138758Z,2026-04-06T13:38:55.238579Z,paper:2026-04-06:attempt-1:PWR:SELL,market,,,7220.920596943501
hrp,MU,sell,6.4927,6.4927,372.373806,filled,2026-04-05T16:20:57.629792Z,2026-04-06T13:36:41.641512Z,paper:2026-04-06:attempt-1:MU:SELL,market,,,2417.7114102162
hrp,WPM,sell,64.482,64.482,135.16,filled,2026-04-05T16:20:59.763403Z,2026-04-06T13:30:14.711837Z,paper:2026-04-06:attempt-1:WPM:SELL,market,,,8715.38712
hrp,WDC,sell,7.9331,7.9331,303.738549,filled,2026-04-05T16:20:59.530427Z,2026-04-06T13:35:25.036977Z,paper:2026-04-06:attempt-1:WDC:SELL,market,,,2409.5882830718997
hrp,CF,sell,27.9627,27.9627,131.854815,filled,2026-04-05T16:20:56.635442Z,2026-04-06T13:35:06.692682Z,paper:2026-04-06:attempt-1:CF:SELL,market,,,3687.0166354005005
hrp,FCX,sell,61.2814,61.2814,61.435609,filled,2026-04-05T16:20:56.87031Z,2026-04-06T13:37:06.111688Z,paper:2026-04-06:attempt-1:FCX:SELL,market,,,3764.8601293725997
hrp,ATEYY,sell,26.77,26.77,137.134348,filled,2026-04-05T16:20:56.359089Z,2026-04-06T13:39:03.785103Z,paper:2026-04-06:attempt-1:ATEYY:SELL,market,,,3671.0864959599994
hrp,FIX,sell,2.1332,2.1332,1412.16,filled,2026-04-05T16:20:57.103149Z,2026-04-06T13:36:22.531537Z,paper:2026-04-06:attempt-1:FIX:SELL,market,,,3012.4197120000003
hrp,TER,sell,8.4017,8.4017,313.34,filled,2026-04-05T16:20:58.681193Z,2026-04-06T13:34:23.820097Z,paper:2026-04-06:attempt-1:TER:SELL,market,,,2632.5886779999996
hrp,SCCO,sell,23.992,23.992,178.36,filled,2026-04-05T16:20:58.42733Z,2026-04-06T13:31:45.601449Z,paper:2026-04-06:attempt-1:SCCO:SELL,market,,,4279.21312
hrp,ODFL,sell,55.0338,55.0338,196.02237,filled,2026-04-05T16:20:57.904533Z,2026-04-06T13:34:22.186345Z,paper:2026-04-06:attempt-1:ODFL:SELL,market,,,10787.855906106
hrp,TPL,sell,16.0198,16.0198,437.872218,filled,2026-04-05T16:20:58.957536Z,2026-04-06T13:37:11.943922Z,paper:2026-04-06:attempt-1:TPL:SELL,market,,,7014.6253579163995
hrp,TS,sell,129.4361,129.4361,57.664502,filled,2026-04-05T16:20:59.296894Z,2026-04-06T13:36:30.109425Z,paper:2026-04-06:attempt-1:TS:SELL,market,,,7463.868247322201
hrp,GFI,sell,102.6115,102.6115,47.400547,filled,2026-04-05T16:20:57.379925Z,2026-04-06T13:36:41.243447Z,paper:2026-04-06:attempt-1:GFI:SELL,market,,,4863.841228490501
hrp,CIEN,buy,4.2708,4.2708,447.599366,filled,2026-04-06T13:48:04.933594Z,2026-04-06T13:48:06.924099Z,paper:2026-04-06:attempt-1:CIEN:BUY,market,,,1911.6073723128
hrp,CNQ,buy,114.2776,114.2776,47.54,filled,2026-04-06T13:48:05.230637Z,2026-04-06T13:48:06.296534Z,paper:2026-04-06:attempt-1:CNQ:BUY,market,,,5432.757104
hrp,COP,buy,32.8553,32.8553,130.48,filled,2026-04-06T13:48:05.465482Z,2026-04-06T13:48:06.356209Z,paper:2026-04-06:attempt-1:COP:BUY,market,,,4286.959543999999
hrp,CSUAY,buy,509.9997,509.9997,24.5,filled,2026-04-06T13:48:05.699709Z,2026-04-06T13:48:07.049017Z,paper:2026-04-06:attempt-1:CSUAY:BUY,market,,,12494.99265
hrp,CVX,buy,40.1218,40.1218,198.64,filled,2026-04-06T13:48:05.934864Z,2026-04-06T13:48:07.270803Z,paper:2026-04-06:attempt-1:CVX:BUY,market,,,7969.794352
hrp,DVN,buy,60.8818,60.8818,49.64,filled,2026-04-06T13:48:06.168182Z,2026-04-06T13:48:07.036305Z,paper:2026-04-06:attempt-1:DVN:BUY,market,,,3022.172552
hrp,EOG,buy,40.0028,40.0028,142.93,filled,2026-04-06T13:48:06.449035Z,2026-04-06T13:48:06.908904Z,paper:2026-04-06:attempt-1:EOG:BUY,market,,,5717.600204
hrp,LYB,buy,46.2956,46.2956,78.11,filled,2026-04-06T13:48:06.688134Z,2026-04-06T13:48:07.786302Z,paper:2026-04-06:attempt-1:LYB:BUY,market,,,3616.149316
hrp,OXY,buy,54.7571,54.7571,62.85,filled,2026-04-06T13:48:06.962803Z,2026-04-06T13:48:07.769858Z,paper:2026-04-06:attempt-1:OXY:BUY,market,,,3441.4837350000003
hrp,PSX,buy,27.0198,27.0198,175.02,filled,2026-04-06T13:48:07.267541Z,2026-04-06T13:48:07.872151Z,paper:2026-04-06:attempt-1:PSX:BUY,market,,,4729.0053960000005
hrp,SU,buy,113.7315,113.7315,65.79,filled,2026-04-06T13:48:07.578469Z,2026-04-06T13:48:08.186011Z,paper:2026-04-06:attempt-1:SU:BUY,market,,,7482.395385000001
hrp,VLO,buy,17.2063,17.2063,241.666393,filled,2026-04-06T13:48:07.883166Z,2026-04-06T13:48:10.311854Z,paper:2026-04-06:attempt-1:VLO:BUY,market,,,4158.1844578759
hrp,XOM,buy,49.726,49.726,161.19,filled,2026-04-06T13:48:08.195258Z,2026-04-06T13:48:09.082429Z,paper:2026-04-06:attempt-1:XOM:BUY,market,,,8015.3339399999995
hrp,CIEN,sell,3.0832,3.0832,503.358485,filled,2026-04-19T09:17:25.268223Z,2026-04-20T13:34:42.182475Z,paper:2026-04-19:attempt-1:CIEN:SELL,market,,,1551.954880952
hrp,CF,sell,63.7658,63.7658,113.848529,filled,2026-04-19T09:17:25.041748Z,2026-04-20T13:35:41.085044Z,paper:2026-04-19:attempt-1:CF:SELL,market,,,7259.6425305082
hrp,CSUAY,sell,111.9013,111.9013,23,filled,2026-04-19T09:17:25.50848Z,2026-04-20T13:36:05.505632Z,paper:2026-04-19:attempt-1:CSUAY:SELL,market,,,2573.7299000000003
hrp,ATEYY,sell,0.6044,0.6044,172.532,filled,2026-04-19T09:17:24.812159Z,2026-04-20T13:31:01.329074Z,paper:2026-04-19:attempt-1:ATEYY:SELL,market,,,104.27834080000001
hrp,TS,buy,131.6185,131.6185,60.369218,filled,2026-04-21T02:48:51.645822Z,2026-04-21T13:32:26.813335Z,paper:2026-04-19:attempt-1:TS:BUY,market,,,7945.705919333001
hrp,SU,buy,16.5625,16.5625,61.99,filled,2026-04-21T02:48:51.403173Z,2026-04-21T13:30:13.602409Z,paper:2026-04-19:attempt-1:SU:BUY,market,,,1026.7093750000001
hrp,PSX,buy,7.2192,7.2192,157.325731,filled,2026-04-21T02:48:51.163671Z,2026-04-21T13:31:48.706274Z,paper:2026-04-19:attempt-1:PSX:BUY,market,,,1135.7659172351998
hrp,CVX,buy,6.0104,6.0104,184.85,filled,2026-04-27T15:50:49.268742Z,2026-04-27T15:50:50.125457Z,paper:2026-04-27:attempt-1:CVX:BUY,market,,,1111.02244
hrp,CIEN,sell,3.7729,3.7729,543.07,filled,2026-05-04T12:00:53.252758Z,2026-05-04T13:30:49.049228Z,paper:2026-05-04:attempt-1:CIEN:SELL,market,,,2048.948803
hrp,CNQ,sell,114.2776,114.2776,47.12,filled,2026-05-04T12:00:53.483898Z,2026-05-04T13:30:39.593497Z,paper:2026-05-04:attempt-1:CNQ:SELL,market,,,5384.760512
hrp,COP,sell,32.8553,32.8553,123.281685,filled,2026-05-04T12:00:53.717432Z,2026-05-04T13:35:41.161397Z,paper:2026-05-04:attempt-1:COP:SELL,market,,,4050.4567451804996
hrp,CSUAY,sell,398.0984,398.0984,24.32,filled,2026-05-04T12:00:53.95088Z,2026-05-04T13:32:15.506473Z,paper:2026-05-04:attempt-1:CSUAY:SELL,market,,,9681.753088000001
hrp,CVX,sell,46.1322,46.1322,188.582012,filled,2026-05-04T12:00:54.184389Z,2026-05-04T13:35:51.258664Z,paper:2026-05-04:attempt-1:CVX:SELL,market,,,8699.7030939864
hrp,DVN,sell,60.8818,60.8818,50.883539,filled,2026-05-04T12:00:54.42844Z,2026-05-04T13:34:00.689532Z,paper:2026-05-04:attempt-1:DVN:SELL,market,,,3097.8814446901997
hrp,EOG,sell,40.0028,40.0028,139.52,filled,2026-05-04T12:00:54.673207Z,2026-05-04T13:32:29.195279Z,paper:2026-05-04:attempt-1:EOG:SELL,market,,,5581.190656000001
hrp,LYB,sell,46.2956,46.2956,75.4,filled,2026-05-04T12:00:54.903481Z,2026-05-04T13:30:41.165619Z,paper:2026-05-04:attempt-1:LYB:SELL,market,,,3490.6882400000004
hrp,OXY,sell,54.7571,54.7571,59.38,filled,2026-05-04T12:00:55.14686Z,2026-05-04T13:31:09.886867Z,paper:2026-05-04:attempt-1:OXY:SELL,market,,,3251.476598
hrp,PSX,sell,34.239,34.239,176.646345,filled,2026-05-04T12:00:55.374562Z,2026-05-04T13:32:56.762397Z,paper:2026-05-04:attempt-1:PSX:SELL,market,,,6048.194206454999
hrp,SU,sell,130.294,130.294,67.500352,filled,2026-05-04T12:00:55.603753Z,2026-05-04T13:35:17.004896Z,paper:2026-05-04:attempt-1:SU:SELL,market,,,8794.890863488
hrp,TS,sell,278.0143,278.0143,62.95,filled,2026-05-04T12:00:55.83516Z,2026-05-04T13:32:10.712521Z,paper:2026-05-04:attempt-1:TS:SELL,market,,,17501.000185
hrp,VLO,sell,17.2063,17.2063,246.142888,filled,2026-05-04T12:00:56.067266Z,2026-05-04T13:33:28.735492Z,paper:2026-05-04:attempt-1:VLO:SELL,market,,,4235.208373794399
hrp,XOM,sell,49.726,49.726,150.312314,filled,2026-05-04T12:00:56.295866Z,2026-05-04T13:34:22.076538Z,paper:2026-05-04:attempt-1:XOM:SELL,market,,,7474.430125963999
hrp,ARM,buy,10.9316,10.9316,204.3,filled,2026-05-04T13:46:07.164296Z,2026-05-04T13:46:08.477111Z,paper:2026-05-04:attempt-1:ARM:BUY,market,,,2233.32588
hrp,CF,buy,68.2685,68.2685,122.42,filled,2026-05-04T13:46:07.401327Z,2026-05-04T13:46:11.82779Z,paper:2026-05-04:attempt-1:CF:BUY,market,,,8357.42977
hrp,DELL,buy,22.3711,22.3711,206.93,filled,2026-05-04T13:46:07.638638Z,2026-05-04T13:46:09.32416Z,paper:2026-05-04:attempt-1:DELL:BUY,market,,,4629.251722999999
hrp,EXPE,buy,24.1534,24.1534,253.45,filled,2026-05-04T13:46:07.883305Z,2026-05-04T13:46:08.024447Z,paper:2026-05-04:attempt-1:EXPE:BUY,market,,,6121.67923
hrp,GEV,buy,2.5243,2.5243,1085.959574,filled,2026-05-04T13:46:08.120777Z,2026-05-04T13:46:10.443061Z,paper:2026-05-04:attempt-1:GEV:BUY,market,,,2741.2877526482002
hrp,GRMN,buy,55.7945,55.7945,239.925298,filled,2026-05-04T13:46:08.367424Z,2026-05-04T13:46:10.387726Z,paper:2026-05-04:attempt-1:GRMN:BUY,market,,,13386.512039261
hrp,KLAC,buy,1.9454,1.9454,1747,filled,2026-05-04T13:46:08.607278Z,2026-05-04T13:46:09.095235Z,paper:2026-05-04:attempt-1:KLAC:BUY,market,,,3398.6138
hrp,LSRCY,buy,43.2404,43.2404,55.86,filled,2026-05-04T13:46:08.847393Z,2026-05-04T13:46:12.760289Z,paper:2026-05-04:attempt-1:LSRCY:BUY,market,,,2415.408744
hrp,MRVL,buy,13.2732,13.2732,164.735207,filled,2026-05-04T13:46:09.083658Z,2026-05-04T13:46:13.271328Z,paper:2026-05-04:attempt-1:MRVL:BUY,market,,,2186.5633495524
hrp,RBLX,buy,87.5494,87.5494,46.63,filled,2026-05-04T13:46:09.318324Z,2026-05-04T13:46:10.283757Z,paper:2026-05-04:attempt-1:RBLX:BUY,market,,,4082.4285220000006
hrp,UI,buy,2.2738,2.2738,1025.07,filled,2026-05-04T13:46:09.555518Z,2026-05-04T13:46:10.868451Z,paper:2026-05-04:attempt-1:UI:BUY,market,,,2330.804166
hrp,VRSN,buy,103.3217,103.3217,273.51,filled,2026-05-04T13:46:09.796118Z,2026-05-04T13:46:11.146229Z,paper:2026-05-04:attempt-1:VRSN:BUY,market,,,28259.518167000002
hrp,VRT,buy,5.7996,5.7996,329.79,filled,2026-05-04T13:46:10.052526Z,2026-05-04T13:46:11.835697Z,paper:2026-05-04:attempt-1:VRT:BUY,market,,,1912.650084
hrp,CF,sell,104.8827,104.8827,116.835996,filled,2026-05-11T12:00:49.759871Z,2026-05-11T13:33:59.778012Z,paper:2026-05-11:attempt-1:CF:SELL,market,,,12254.0747176692
hrp,EXPE,sell,24.1534,24.1534,225.21,filled,2026-05-11T12:00:50.003585Z,2026-05-11T13:31:55.327539Z,paper:2026-05-11:attempt-1:EXPE:SELL,market,,,5439.587214
hrp,GEV,sell,2.5239,2.5239,1036.951084,filled,2026-05-11T12:00:50.24629Z,2026-05-11T13:33:36.2248Z,paper:2026-05-11:attempt-1:GEV:SELL,market,,,2617.1608409076
hrp,GRMN,sell,55.7945,55.7945,241.176082,filled,2026-05-11T12:00:50.490951Z,2026-05-11T13:36:23.295055Z,paper:2026-05-11:attempt-1:GRMN:SELL,market,,,13456.298907149001
hrp,KLAC,sell,1.9348,1.9348,1858.12,filled,2026-05-11T12:00:50.734089Z,2026-05-11T13:30:35.230024Z,paper:2026-05-11:attempt-1:KLAC:SELL,market,,,3595.090576
hrp,RBLX,sell,86.7347,86.7347,41,filled,2026-05-11T12:00:50.977994Z,2026-05-11T13:31:05.040796Z,paper:2026-05-11:attempt-1:RBLX:SELL,market,,,3556.1227000000003
hrp,TS,sell,2.7325,2.7325,60.749021,filled,2026-05-11T12:00:51.22442Z,2026-05-11T13:34:11.75274Z,paper:2026-05-11:attempt-1:TS:SELL,market,,,165.9966998825
hrp,UI,sell,2.2738,2.2738,781.193773,filled,2026-05-11T12:00:51.472115Z,2026-05-11T13:33:43.712321Z,paper:2026-05-11:attempt-1:UI:SELL,market,,,1776.2784010474
hrp,AMD,buy,5.5291,5.5291,462.54,filled,2026-05-11T13:37:11.285323Z,2026-05-11T13:37:12.794486Z,paper:2026-05-11:attempt-1:AMD:BUY,market,,,2557.429914
hrp,ARM,buy,5.8584,5.8584,211,filled,2026-05-11T13:37:11.524634Z,2026-05-11T13:37:17.936855Z,paper:2026-05-11:attempt-1:ARM:BUY,market,,,1236.1224
hrp,CIEN,buy,4.0125,4.0125,568.99,filled,2026-05-11T13:37:11.759904Z,2026-05-11T13:37:19.293891Z,paper:2026-05-11:attempt-1:CIEN:BUY,market,,,2283.072375
hrp,FLEX,buy,21.0752,21.0752,143.683025,filled,2026-05-11T13:37:11.996371Z,2026-05-11T13:37:16.627851Z,paper:2026-05-11:attempt-1:FLEX:BUY,market,,,3028.1484884799997
hrp,INTC,buy,28.0135,28.0135,128.45,filled,2026-05-11T13:37:12.232912Z,2026-05-11T13:37:13.628314Z,paper:2026-05-11:attempt-1:INTC:BUY,market,,,3598.3340749999998
hrp,LSRCY,buy,75.0252,75.0252,57,filled,2026-05-11T13:37:12.468932Z,2026-05-11T13:37:16.209144Z,paper:2026-05-11:attempt-1:LSRCY:BUY,market,,,4276.4364
hrp,MRVL,buy,15.1906,15.1906,164.3,filled,2026-05-11T13:37:12.706819Z,2026-05-11T13:37:16.612054Z,paper:2026-05-11:attempt-1:MRVL:BUY,market,,,2495.81558
hrp,MU,buy,4.1823,4.1823,798.746961,filled,2026-05-11T13:37:12.942715Z,2026-05-11T13:37:21.085315Z,paper:2026-05-11:attempt-1:MU:BUY,market,,,3340.5994149903
hrp,SNDK,buy,0.6399,0.6399,1547.836,filled,2026-05-11T13:37:13.185993Z,2026-05-11T13:37:13.193713Z,paper:2026-05-11:attempt-1:SNDK:BUY,market,,,990.4602564
hrp,STX,buy,3.3941,3.3941,818.12,filled,2026-05-11T13:37:13.429011Z,2026-05-11T13:37:17.782075Z,paper:2026-05-11:attempt-1:STX:BUY,market,,,2776.7810919999997
hrp,TWLO,buy,39.381,39.381,201.78,filled,2026-05-11T13:37:13.663945Z,2026-05-11T13:37:20.247777Z,paper:2026-05-11:attempt-1:TWLO:BUY,market,,,7946.29818
hrp,VRSN,buy,42.5117,42.5117,287.61,filled,2026-05-11T13:37:13.907296Z,2026-05-11T13:37:17.154371Z,paper:2026-05-11:attempt-1:VRSN:BUY,market,,,12226.790037
hrp,VRT,buy,3.4378,3.4378,349.744182,filled,2026-05-11T13:37:14.146429Z,2026-05-11T13:37:22.267053Z,paper:2026-05-11:attempt-1:VRT:BUY,market,,,1202.3505488796002
hrp,WDC,buy,5.1081,5.1081,503.21,filled,2026-05-11T13:37:14.39649Z,2026-05-11T13:37:16.900118Z,paper:2026-05-11:attempt-1:WDC:BUY,market,,,2570.447001
hrp,LSRCY,sell,118.2656,118.2656,48.532011,filled,2026-05-18T12:00:45.65421Z,2026-05-18T13:37:08.79164Z,paper:2026-05-18:attempt-1:LSRCY:SELL,market,,,5739.6674001216
hrp,VRSN,sell,145.5442,145.5442,298.760697,filled,2026-05-18T12:00:46.115788Z,2026-05-18T13:38:35.058049Z,paper:2026-05-18:attempt-1:VRSN:SELL,market,,,43482.8866363074
hrp,KLAC,sell,0.0106,0.0106,1822.81,filled,2026-05-18T12:00:45.423924Z,2026-05-18T13:30:01.792122Z,paper:2026-05-18:attempt-1:KLAC:SELL,market,,,19.321786
hrp,RBLX,sell,0.8147,0.8147,42.82,filled,2026-05-18T12:00:45.885133Z,2026-05-18T13:30:01.522218Z,paper:2026-05-18:attempt-1:RBLX:SELL,market,,,34.885454
hrp,AMD,buy,3.1721,3.1721,433.243695,filled,2026-05-18T13:39:15.65424Z,2026-05-18T13:39:20.53543Z,paper:2026-05-18:attempt-1:AMD:BUY,market,,,1374.2923249095
hrp,ARM,buy,7.7132,7.7132,206.65,filled,2026-05-18T13:39:15.891835Z,2026-05-18T13:39:18.841566Z,paper:2026-05-18:attempt-1:ARM:BUY,market,,,1593.9327799999999
hrp,DELL,buy,10.638,10.638,240,filled,2026-05-18T13:39:16.126804Z,2026-05-18T13:39:21.964917Z,paper:2026-05-18:attempt-1:DELL:BUY,market,,,2553.12
hrp,FLEX,buy,10.7493,10.7493,136.17,filled,2026-05-18T13:39:16.366565Z,2026-05-18T13:39:19.570596Z,paper:2026-05-18:attempt-1:FLEX:BUY,market,,,1463.7321809999999
hrp,INTC,buy,11.6182,11.6182,111.66,filled,2026-05-18T13:39:16.781168Z,2026-05-18T13:39:17.511249Z,paper:2026-05-18:attempt-1:INTC:BUY,market,,,1297.288212
hrp,MU,buy,1.9149,1.9149,744.77,filled,2026-05-18T13:39:17.026592Z,2026-05-18T13:39:17.804063Z,paper:2026-05-18:attempt-1:MU:BUY,market,,,1426.160073
hrp,NOK,buy,1000.905,1000.905,14.230059,filled,2026-05-18T13:39:17.278261Z,2026-05-18T13:39:22.126491Z,paper:2026-05-18:attempt-1:NOK:BUY,market,,,14242.937203395
hrp,STX,buy,1.5098,1.5098,778.06,filled,2026-05-18T13:39:17.603178Z,2026-05-18T13:39:19.219397Z,paper:2026-05-18:attempt-1:STX:BUY,market,,,1174.714988
hrp,TWLO,buy,18.5873,18.5873,195.29,filled,2026-05-18T13:39:17.909639Z,2026-05-18T13:39:20.587365Z,paper:2026-05-18:attempt-1:TWLO:BUY,market,,,3629.9138169999997
hrp,UMC,buy,902.2371,902.2371,17.52,filled,2026-05-18T13:39:18.232321Z,2026-05-18T13:39:18.929389Z,paper:2026-05-18:attempt-1:UMC:BUY,market,,,15807.193992
hrp,VRT,buy,3.3269,3.3269,351.95,filled,2026-05-18T13:39:18.568336Z,2026-05-18T13:39:20.279842Z,paper:2026-05-18:attempt-1:VRT:BUY,market,,,1170.902455
hrp,WDC,buy,2.315,2.315,475,filled,2026-05-18T13:39:18.82522Z,2026-05-18T13:39:20.036374Z,paper:2026-05-18:attempt-1:WDC:BUY,market,,,1099.625
hrp,NOK,sell,79.2901,79.2901,16.04,filled,2026-05-25T12:00:46.751219Z,2026-05-26T13:39:31.817334Z,paper:2026-05-25:attempt-1:NOK:SELL,market,,,1271.8132039999998
hrp,DELL,sell,7.1056,7.1056,300.21,filled,2026-05-25T12:00:46.508799Z,2026-05-26T13:34:35.412169Z,paper:2026-05-25:attempt-1:DELL:SELL,market,,,2133.172176
hrp,ARM,sell,7.9726,7.9726,308.8,filled,2026-05-25T12:00:46.268931Z,2026-05-26T13:34:00.181686Z,paper:2026-05-25:attempt-1:ARM:SELL,market,,,2461.93888
hrp,VRT,sell,12.5643,12.5643,341.62,filled,2026-05-25T12:00:47.231119Z,2026-05-26T13:36:01.582117Z,paper:2026-05-25:attempt-1:VRT:SELL,market,,,4292.216166
hrp,VRSN,sell,0.2892,0.2892,310.12,filled,2026-05-25T12:00:46.987294Z,2026-05-26T13:30:01.043482Z,paper:2026-05-25:attempt-1:VRSN:SELL,market,,,89.686704
hrp,GFS,buy,103.6553,103.6553,86.277245,filled,2026-05-26T13:40:14.8968Z,2026-05-26T13:43:56.904042Z,paper:2026-05-25:attempt-1:GFS:BUY,market,,,8943.093713648499
hrp,TWLO,buy,6.0729,6.0729,183.799844,filled,2026-05-26T13:40:15.140049Z,2026-05-26T13:45:25.545647Z,paper:2026-05-25:attempt-1:TWLO:BUY,market,,,1116.1980726276
hrp,DELL,sell,2.9457,2.9457,431.49,filled,2026-06-01T12:00:46.645796Z,2026-06-01T13:31:33.376757Z,paper:2026-06-01:attempt-1:DELL:SELL,market,,,1271.040093
hrp,UMC,sell,424.3849,424.3849,22.636999,filled,2026-06-01T12:00:46.881023Z,2026-06-01T13:36:50.304624Z,paper:2026-06-01:attempt-1:UMC:SELL,market,,,9606.800556915101
hrp,GFS,buy,23.6024,23.6024,78.702532,filled,2026-06-01T13:37:11.671851Z,2026-06-01T13:40:06.997147Z,paper:2026-06-01:attempt-1:GFS:BUY,market,,,1857.5686412768
hrp,INTC,buy,13.6919,13.6919,110.663364,filled,2026-06-01T13:37:12.013308Z,2026-06-01T13:41:08.766229Z,paper:2026-06-01:attempt-1:INTC:BUY,market,,,1515.1917135516
hrp,MRVL,buy,15.0883,15.0883,209.440345,filled,2026-06-01T13:37:12.364085Z,2026-06-01T13:41:18.129725Z,paper:2026-06-01:attempt-1:MRVL:BUY,market,,,3160.0987574635
hrp,NOK,buy,154.3993,154.3993,15.38,filled,2026-06-01T13:37:12.707069Z,2026-06-01T13:39:03.354978Z,paper:2026-06-01:attempt-1:NOK:BUY,market,,,2374.661234
hrp,TWLO,buy,14.052,14.052,197.936815,filled,2026-06-01T13:37:13.07308Z,2026-06-01T13:40:50.990367Z,paper:2026-06-01:attempt-1:TWLO:BUY,market,,,2781.4081243799997
hrp,CIEN,sell,7.1704,7.1704,461.158574,filled,2026-06-08T12:01:18.139199Z,2026-06-08T13:36:11.817223Z,paper:2026-06-08:attempt-1:CIEN:SELL,market,,,3306.6914390096
hrp,MRVL,sell,21.4807,21.4807,286.873988,filled,2026-06-08T12:01:18.373592Z,2026-06-08T13:37:41.088862Z,paper:2026-06-08:attempt-1:MRVL:SELL,market,,,6162.2540740316
hrp,MU,sell,1.4352,1.4352,942,filled,2026-06-08T12:01:18.606027Z,2026-06-08T13:31:55.369617Z,paper:2026-06-08:attempt-1:MU:SELL,market,,,1351.9584
hrp,NOK,sell,120.8009,120.8009,14.83,filled,2026-06-08T12:01:18.858515Z,2026-06-08T13:30:20.6402Z,paper:2026-06-08:attempt-1:NOK:SELL,market,,,1791.477347
hrp,TWLO,sell,18.1863,18.1863,221.005657,filled,2026-06-08T12:01:19.093386Z,2026-06-08T13:34:53.506301Z,paper:2026-06-08:attempt-1:TWLO:SELL,market,,,4019.2751798991003
hrp,AMD,buy,2.7124,2.7124,489,filled,2026-06-08T13:38:13.661412Z,2026-06-08T13:38:21.085459Z,paper:2026-06-08:attempt-1:AMD:BUY,market,,,1326.3636000000001
hrp,FLEX,buy,9.5085,9.5085,153.234207,filled,2026-06-08T13:38:13.894999Z,2026-06-08T13:39:05.978009Z,paper:2026-06-08:attempt-1:FLEX:BUY,market,,,1457.0274572595
hrp,MRAAY,buy,368.5019,368.5019,28.81,filled,2026-06-08T13:38:14.133094Z,2026-06-08T13:39:22.295621Z,paper:2026-06-08:attempt-1:MRAAY:BUY,market,,,10616.539738999998
hrp,UMC,buy,111.7604,111.7604,20.24,filled,2026-06-08T13:38:14.364877Z,2026-06-08T13:38:37.86428Z,paper:2026-06-08:attempt-1:UMC:BUY,market,,,2262.030496
hrp,CIEN,sell,0.0326,0.0326,430.61,filled,2026-06-09T17:29:03.655413Z,2026-06-09T17:29:03.660228Z,d336742e-b970-44ee-83e5-56f8364fd23d,market,,,14.037885999999999
hrp,ATEYY,sell,0.0182,0.0182,157.1687,filled,2026-06-09T17:29:41.072441Z,2026-06-09T17:29:41.07685Z,9abf9b1a-b972-4137-8a17-baffe514b1ae,market,,,2.86047034
hrp,GEV,sell,0.0004,0.0004,903.338,filled,2026-06-09T17:30:04.970407Z,2026-06-09T17:30:04.978505Z,9c612897-8488-4eef-9e9e-6524810d7afd,market,,,0.3613352
hrp,INTC,sell,19.0025,19.0025,128.929035,filled,2026-06-15T12:01:04.088403Z,2026-06-15T13:35:25.408816Z,paper:2026-06-15:attempt-1:INTC:SELL,market,,,2449.9739875875002
hrp,TWLO,buy,11.6475,11.6475,206.27,filled,2026-06-15T13:36:09.741552Z,2026-06-15T13:37:27.888407Z,paper:2026-06-15:attempt-1:TWLO:BUY,market,,,2402.529825
hrp,TWLO,sell,70.7204,70.7204,184.03,filled,2026-06-22T12:00:50.388501Z,2026-06-22T13:31:36.900121Z,paper:2026-06-22:attempt-1:TWLO:SELL,market,,,13014.675212
hrp,UMC,sell,203.3515,203.3515,27.083414,filled,2026-06-22T12:00:50.634268Z,2026-06-22T13:40:25.981221Z,paper:2026-06-22:attempt-1:UMC:SELL,market,,,5507.452862021
hrp,FLEX,buy,13.7756,13.7756,151.3,filled,2026-06-22T13:41:17.270596Z,2026-06-22T13:41:23.842145Z,paper:2026-06-22:attempt-1:FLEX:BUY,market,,,2084.2482800000002
hrp,IFNNY,buy,136.4985,136.4985,100.512967,filled,2026-06-22T13:41:17.569881Z,2026-06-22T13:41:29.860478Z,paper:2026-06-22:attempt-1:IFNNY:BUY,market,,,13719.8692260495
hrp,NOK,buy,407.8764,407.8764,14.08,filled,2026-06-22T13:41:17.824336Z,2026-06-22T13:41:27.177192Z,paper:2026-06-22:attempt-1:NOK:BUY,market,,,5742.899711999999
hrp,TWLO,sell,0.834,0.834,194.54,filled,2026-06-29T12:01:28.255109Z,2026-06-29T13:30:01.293841Z,paper:2026-06-29:attempt-1:TWLO:SELL,market,,,162.24635999999998
hrp,DELL,sell,4.5559,4.5559,406.01,filled,2026-07-06T12:01:09.327589Z,2026-07-06T13:35:38.679693Z,paper:2026-07-06:attempt-1:DELL:SELL,market,,,1849.740959
hrp,FLEX,sell,14.0083,14.0083,138.78,filled,2026-07-06T12:01:09.560937Z,2026-07-06T13:30:21.302198Z,paper:2026-07-06:attempt-1:FLEX:SELL,market,,,1944.071874
hrp,GFS,sell,22.3266,22.3266,71.14,filled,2026-07-06T12:01:09.793524Z,2026-07-06T13:31:01.914646Z,paper:2026-07-06:attempt-1:GFS:SELL,market,,,1588.314324
hrp,IFNNY,sell,13.65,13.65,86.77,filled,2026-07-06T12:01:10.029765Z,2026-07-06T13:33:33.95142Z,paper:2026-07-06:attempt-1:IFNNY:SELL,market,,,1184.4105
hrp,MRAAY,sell,55.2216,55.2216,31.5,filled,2026-07-06T12:01:10.264738Z,2026-07-06T13:30:42.196087Z,paper:2026-07-06:attempt-1:MRAAY:SELL,market,,,1739.4804000000001
hrp,NOK,sell,1363.0897,1363.0897,12.38,filled,2026-07-06T12:01:10.494638Z,2026-07-06T13:31:39.762796Z,paper:2026-07-06:attempt-1:NOK:SELL,market,,,16875.050486
hrp,UMC,sell,84.8082,84.8082,25.928803,filled,2026-07-06T12:01:10.735404Z,2026-07-06T13:40:45.616007Z,paper:2026-07-06:attempt-1:UMC:SELL,market,,,2198.9751105846
hrp,PANW,buy,77.6021,77.6021,356.97,filled,2026-07-06T13:41:15.943507Z,2026-07-06T13:41:51.94531Z,paper:2026-07-06:attempt-1:PANW:BUY,market,,,27701.621637
hrp,GFS,sell,103.1511,103.1511,66.53,filled,2026-07-13T12:00:56.514872Z,2026-07-13T13:33:21.075018Z,paper:2026-07-13:attempt-1:GFS:SELL,market,,,6862.642683
hrp,PANW,sell,20.8862,20.8862,323.474246,filled,2026-07-13T12:00:56.744992Z,2026-07-13T13:34:18.273241Z,paper:2026-07-13:attempt-1:PANW:SELL,market,,,6756.1477968051995
hrp,DELL,buy,6.335,6.335,427.886282,filled,2026-07-13T13:35:09.104488Z,2026-07-13T13:36:33.067132Z,paper:2026-07-13:attempt-1:DELL:BUY,market,,,2710.65959647
hrp,OKTA,buy,59.3135,59.3135,136.154167,filled,2026-07-13T13:35:09.558492Z,2026-07-13T13:36:36.974807Z,paper:2026-07-13:attempt-1:OKTA:BUY,market,,,8075.780184354499
hrp,UMC,buy,91.6333,91.6333,23.348006,filled,2026-07-13T13:35:09.869521Z,2026-07-13T13:37:16.927794Z,paper:2026-07-13:attempt-1:UMC:BUY,market,,,2139.4548381998
hrp,IFNNY,sell,122.8485,122.8485,72.829512,filled,2026-07-16T13:49:20.338108Z,2026-07-16T13:49:21.955721Z,055bfb99-d875-4330-becd-6bf185ddcf19,market,,,8946.996304932
hrp,GFS,sell,1.78,1.78,57.88,filled,2026-07-16T13:49:41.928157Z,2026-07-16T13:49:42.466255Z,e27ea867-720c-459f-85a2-1cf804d4f6c2,market,,,103.02640000000001
hrp,AMD,sell,2.6837,2.6837,531.56,filled,2026-07-21T15:57:23.453933Z,2026-07-21T15:57:24.145544Z,paper:2026-07-21:attempt-1:AMD:SELL,market,,,1426.547572
hrp,DELL,sell,15.9948,15.9948,402.93,filled,2026-07-21T15:57:23.779711Z,2026-07-21T15:57:24.119944Z,paper:2026-07-21:attempt-1:DELL:SELL,market,,,6444.784764
hrp,FLEX,sell,41.1003,41.1003,125.72,filled,2026-07-21T15:57:24.069087Z,2026-07-21T15:57:25.164842Z,paper:2026-07-21:attempt-1:FLEX:SELL,market,,,5167.1297159999995
hrp,INTC,sell,34.3135,34.3135,103.756503,filled,2026-07-21T15:57:24.380063Z,2026-07-21T15:57:26.829758Z,paper:2026-07-21:attempt-1:INTC:SELL,market,,,3560.2487656904996
hrp,MRAAY,sell,59.0117,59.0117,24.97,filled,2026-07-21T15:57:24.776475Z,2026-07-21T15:57:27.39817Z,paper:2026-07-21:attempt-1:MRAAY:SELL,market,,,1473.522149
hrp,MRVL,sell,22.0682,22.0682,208.8,filled,2026-07-21T15:57:25.069983Z,2026-07-21T15:57:27.729185Z,paper:2026-07-21:attempt-1:MRVL:SELL,market,,,4607.840160000001
hrp,MU,sell,1.4787,1.4787,953.69,filled,2026-07-21T15:57:25.347065Z,2026-07-21T15:57:26.272208Z,paper:2026-07-21:attempt-1:MU:SELL,market,,,1410.221403
hrp,OKTA,sell,14.0914,14.0914,141.400644,filled,2026-07-21T15:57:25.656457Z,2026-07-21T15:57:28.058716Z,paper:2026-07-21:attempt-1:OKTA:SELL,market,,,1992.5330348616
hrp,PANW,sell,31.0195,31.0195,341.06,filled,2026-07-21T15:57:26.000291Z,2026-07-21T15:57:27.634351Z,paper:2026-07-21:attempt-1:PANW:SELL,market,,,10579.51067
hrp,STX,sell,4.9039,4.9039,888.36,filled,2026-07-21T15:57:26.31685Z,2026-07-21T15:57:27.6214Z,paper:2026-07-21:attempt-1:STX:SELL,market,,,4356.428604000001
hrp,WDC,sell,7.4231,7.4231,544.39,filled,2026-07-21T15:57:26.59145Z,2026-07-21T15:57:27.493183Z,paper:2026-07-21:attempt-1:WDC:SELL,market,,,4041.061409
hrp,CRWD,buy,34.6426,34.6426,192.98,filled,2026-07-21T15:58:30.229164Z,2026-07-21T15:58:30.707197Z,paper:2026-07-21:attempt-1:CRWD:BUY,market,,,6685.328948
hrp,FTNT,buy,63.6802,63.6802,158.41,filled,2026-07-21T15:58:30.594359Z,2026-07-21T15:58:31.09651Z,paper:2026-07-21:attempt-1:FTNT:BUY,market,,,10087.580482
hrp,HPE,buy,137.0721,137.0721,46.79,filled,2026-07-21T15:58:30.907041Z,2026-07-21T15:58:31.575654Z,paper:2026-07-21:attempt-1:HPE:BUY,market,,,6413.603559
hrp,ICLR,buy,31.5912,31.5912,165.62,filled,2026-07-21T15:58:31.218307Z,2026-07-21T15:58:31.78871Z,paper:2026-07-21:attempt-1:ICLR:BUY,market,,,5232.1345440000005
hrp,NTAP,buy,77.8026,77.8026,165.37,filled,2026-07-21T15:58:31.499832Z,2026-07-21T15:58:33.300526Z,paper:2026-07-21:attempt-1:NTAP:BUY,market,,,12866.215962
hrp,RCRUY,buy,757.0568,757.0568,15.92,filled,2026-07-21T15:58:31.800092Z,2026-07-21T15:58:32.909838Z,paper:2026-07-21:attempt-1:RCRUY:BUY,market,,,12052.344255999998
hrp,NTAP,sell,77.8026,77.8026,166.886299,filled,2026-07-22T23:13:54.729925Z,2026-07-23T13:33:00.646749Z,paper:2026-07-22:attempt-1:NTAP:SELL,market,,,12984.1879665774
hrp,HPE,sell,137.0721,137.0721,48.440011,filled,2026-07-22T23:13:54.247006Z,2026-07-23T13:32:44.948583Z,paper:2026-07-22:attempt-1:HPE:SELL,market,,,6639.7740317931
hrp,ICLR,sell,31.5912,31.5912,177.145107,filled,2026-07-22T23:13:54.48856Z,2026-07-23T13:33:34.983005Z,paper:2026-07-22:attempt-1:ICLR:SELL,market,,,5596.2265042584
hrp,CRWD,buy,8.5869,8.5869,186.876759,filled,2026-07-23T13:34:06.672504Z,2026-07-23T13:34:19.716486Z,paper:2026-07-22:attempt-1:CRWD:BUY,market,,,1604.6920418570999
hrp,DELL,buy,3.5187,3.5187,441.612828,filled,2026-07-23T13:34:06.968001Z,2026-07-23T13:34:17.218946Z,paper:2026-07-22:attempt-1:DELL:BUY,market,,,1553.9030578835998
hrp,FLEX,buy,46.4586,46.4586,127.09,filled,2026-07-23T13:34:07.258224Z,2026-07-23T13:34:10.746093Z,paper:2026-07-22:attempt-1:FLEX:BUY,market,,,5904.423474
hrp,INTC,buy,31.0069,31.0069,101.2,filled,2026-07-23T13:34:07.506421Z,2026-07-23T13:34:12.195871Z,paper:2026-07-22:attempt-1:INTC:BUY,market,,,3137.8982800000003
hrp,MRAAY,buy,40.7038,40.7038,25.76,filled,2026-07-23T13:34:07.815208Z,2026-07-23T13:34:12.739028Z,paper:2026-07-22:attempt-1:MRAAY:BUY,market,,,1048.529888
hrp,PANW,buy,6.2936,6.2936,327.7,filled,2026-07-23T13:34:08.08046Z,2026-07-23T13:34:14.159858Z,paper:2026-07-22:attempt-1:PANW:BUY,market,,,2062.41272
hrp,RCRUY,buy,417.8961,417.8961,14.96,filled,2026-07-23T13:34:08.3295Z,2026-07-23T13:34:18.832403Z,paper:2026-07-22:attempt-1:RCRUY:BUY,market,,,6251.7256560000005
hrp,STX,buy,4.2305,4.2305,926.95,filled,2026-07-23T13:34:08.585282Z,2026-07-23T13:34:14.804755Z,paper:2026-07-22:attempt-1:STX:BUY,market,,,3921.461975
hrp,AMD,sell,3.4628,3.4628,522.567691,filled,2026-07-27T12:01:30.650674Z,2026-07-27T13:34:03.67347Z,paper:2026-07-27:attempt-1:AMD:SELL,market,,,1809.5474003948
hrp,ARM,sell,16.5306,16.5306,260.423778,filled,2026-07-27T12:01:30.882159Z,2026-07-27T13:34:05.338602Z,paper:2026-07-27:attempt-1:ARM:SELL,market,,,4304.961304606801
hrp,CRWD,sell,14.7081,14.7081,184.845083,filled,2026-07-27T12:01:31.121246Z,2026-07-27T13:34:51.998737Z,paper:2026-07-27:attempt-1:CRWD:SELL,market,,,2718.7199652722998
hrp,DELL,sell,4.5914,4.5914,437.069862,filled,2026-07-27T12:01:31.352588Z,2026-07-27T13:35:12.051152Z,paper:2026-07-27:attempt-1:DELL:SELL,market,,,2006.7625643868
hrp,FLEX,sell,16.1123,16.1123,118.59,filled,2026-07-27T12:01:31.583359Z,2026-07-27T13:31:56.309951Z,paper:2026-07-27:attempt-1:FLEX:SELL,market,,,1910.757657
hrp,FTNT,sell,16.5647,16.5647,154.644318,filled,2026-07-27T12:01:31.817566Z,2026-07-27T13:33:22.515205Z,paper:2026-07-27:attempt-1:FTNT:SELL,market,,,2561.6367343745997
hrp,INTC,sell,31.0145,31.0145,92.69,filled,2026-07-27T12:01:32.047828Z,2026-07-27T13:31:50.717408Z,paper:2026-07-27:attempt-1:INTC:SELL,market,,,2874.7340050000003
hrp,MRAAY,sell,294.9724,294.9724,24.595083,filled,2026-07-27T12:01:32.277809Z,2026-07-27T13:35:20.825968Z,paper:2026-07-27:attempt-1:MRAAY:SELL,market,,,7254.8706607092
hrp,MU,sell,1.1435,1.1435,924,filled,2026-07-27T12:01:32.507766Z,2026-07-27T13:31:19.364183Z,paper:2026-07-27:attempt-1:MU:SELL,market,,,1056.594
hrp,OKTA,sell,12.6251,12.6251,140,filled,2026-07-27T12:01:32.747738Z,2026-07-27T13:32:31.998922Z,paper:2026-07-27:attempt-1:OKTA:SELL,market,,,1767.514
hrp,PANW,sell,10.844,10.844,326.721992,filled,2026-07-27T12:01:32.978746Z,2026-07-27T13:33:37.620216Z,paper:2026-07-27:attempt-1:PANW:SELL,market,,,3542.9732812479997
hrp,RCRUY,sell,661.066,661.066,15.22,filled,2026-07-27T12:01:33.208128Z,2026-07-27T13:34:27.459031Z,paper:2026-07-27:attempt-1:RCRUY:SELL,market,,,10061.42452
hrp,STX,sell,1.6088,1.6088,856.26,filled,2026-07-27T12:01:33.438182Z,2026-07-27T13:31:31.599109Z,paper:2026-07-27:attempt-1:STX:SELL,market,,,1377.551088
hrp,UMC,sell,393.0862,393.0862,19.838031,filled,2026-07-27T12:01:33.669398Z,2026-07-27T13:35:04.909977Z,paper:2026-07-27:attempt-1:UMC:SELL,market,,,7798.056221272201
hrp,CHRW,buy,72.2625,72.2625,183.380277,filled,2026-07-27T13:36:08.764188Z,2026-07-27T13:36:53.163272Z,paper:2026-07-27:attempt-1:CHRW:BUY,market,,,13251.5172667125
hrp,ICLR,buy,20.6953,20.6953,167.8,filled,2026-07-27T13:36:08.994921Z,2026-07-27T13:36:58.082949Z,paper:2026-07-27:attempt-1:ICLR:BUY,market,,,3472.6713400000003
hrp,SHECY,buy,1036.968,1036.968,18.79,filled,2026-07-27T13:36:09.248239Z,2026-07-27T13:36:35.459612Z,paper:2026-07-27:attempt-1:SHECY:BUY,market,,,19484.62872
hrp,WST,buy,45.7907,45.7907,331.63,filled,2026-07-27T13:36:09.480843Z,2026-07-27T13:37:04.311403Z,paper:2026-07-27:attempt-1:WST:BUY,market,,,15185.569841
hrp,CHRW,sell,72.2625,72.2625,149.2,filled,2026-08-03T12:01:12.15739Z,2026-08-03T13:32:26.943567Z,paper:2026-08-03:attempt-1:CHRW:SELL,market,,,10781.565
hrp,CRWD,sell,28.5214,28.5214,195.34,filled,2026-08-03T12:01:12.388048Z,2026-08-03T13:32:37.279923Z,paper:2026-08-03:attempt-1:CRWD:SELL,market,,,5571.370276
hrp,FLEX,sell,30.1996,30.1996,108.084628,filled,2026-08-03T12:01:12.617484Z,2026-08-03T13:36:21.539318Z,paper:2026-08-03:attempt-1:FLEX:SELL,market,,,3264.1125317488
hrp,FTNT,sell,47.1155,47.1155,161.802032,filled,2026-08-03T12:01:12.848099Z,2026-08-03T13:33:59.573156Z,paper:2026-08-03:attempt-1:FTNT:SELL,market,,,7623.383638695999
hrp,OKTA,sell,9.8746,9.8746,143.599876,filled,2026-08-03T12:01:13.077743Z,2026-08-03T13:34:04.106811Z,paper:2026-08-03:attempt-1:OKTA:SELL,market,,,1417.9913355495999
hrp,RCRUY,sell,118.8095,118.8095,15.64806,filled,2026-08-03T12:01:13.307172Z,2026-08-03T13:37:24.393773Z,paper:2026-08-03:attempt-1:RCRUY:SELL,market,,,1859.1381845699998
hrp,SHECY,sell,1036.968,1036.968,18.200302,filled,2026-08-03T12:01:13.537218Z,2026-08-03T13:35:05.052143Z,paper:2026-08-03:attempt-1:SHECY:SELL,market,,,18873.130764336
hrp,STX,sell,2.5233,2.5233,789.513863,filled,2026-08-03T12:01:14.000958Z,2026-08-03T13:34:51.058157Z,paper:2026-08-03:attempt-1:STX:SELL,market,,,1992.1803305079
hrp,WST,sell,45.7907,45.7907,341.16,filled,2026-08-03T12:01:14.229046Z,2026-08-03T13:32:53.185822Z,paper:2026-08-03:attempt-1:WST:SELL,market,,,15621.955212
hrp,SNDK,sell,0.611,0.611,1162.16,filled,2026-08-03T12:01:13.767319Z,2026-08-03T13:30:00.881493Z,paper:2026-08-03:attempt-1:SNDK:SELL,market,,,710.0797600000001
hrp,BBY,buy,109.0724,109.0724,84.286961,filled,2026-08-03T13:38:14.045938Z,2026-08-03T13:38:41.276265Z,paper:2026-08-03:attempt-1:BBY:BUY,market,,,9193.3811249764
hrp,CTVA,buy,305.2358,305.2358,77.55608,filled,2026-08-03T13:38:14.281086Z,2026-08-03T13:38:51.818135Z,paper:2026-08-03:attempt-1:CTVA:BUY,market,,,23672.892123663998
hrp,DSNKY,buy,518.2229,518.2229,16.47,filled,2026-08-03T13:38:14.51521Z,2026-08-03T13:38:28.265918Z,paper:2026-08-03:attempt-1:DSNKY:BUY,market,,,8535.131162999998
hrp,FICO,buy,3.8963,3.8963,1089.54,filled,2026-08-03T13:38:14.749103Z,2026-08-03T13:38:35.974383Z,paper:2026-08-03:attempt-1:FICO:BUY,market,,,4245.174702
hrp,GDDY,buy,73.3056,73.3056,86.36,filled,2026-08-03T13:38:14.995297Z,2026-08-03T13:38:33.140131Z,paper:2026-08-03:attempt-1:GDDY:BUY,market,,,6330.671616
hrp,IP,buy,173.4412,173.4412,41.743626,filled,2026-08-03T13:38:15.251314Z,2026-08-03T13:38:47.195835Z,paper:2026-08-03:attempt-1:IP:BUY,market,,,7240.0645857912
hrp,NTAP,buy,33.506,33.506,178.484369,filled,2026-08-03T13:38:15.630873Z,2026-08-03T13:38:45.379874Z,paper:2026-08-03:attempt-1:NTAP:BUY,market,,,5980.297267714
hrp,RBLX,buy,77.9367,77.9367,36.3,filled,2026-08-03T13:38:15.875376Z,2026-08-03T13:38:32.708973Z,paper:2026-08-03:attempt-1:RBLX:BUY,market,,,2829.10221
hrp,AMD,sell,5.2537,5.2537,475.1087,filled,2026-08-10T12:01:22.976507Z,2026-08-10T13:36:23.172721Z,paper:2026-08-10:attempt-1:AMD:SELL,market,,,2496.07857719
hrp,BBY,sell,109.0724,109.0724,82.21,filled,2026-08-10T12:01:23.225295Z,2026-08-10T13:32:45.760266Z,paper:2026-08-10:attempt-1:BBY:SELL,market,,,8966.842004
hrp,CTVA,sell,305.2358,305.2358,76.965023,filled,2026-08-10T12:01:23.456668Z,2026-08-10T13:34:55.497661Z,paper:2026-08-10:attempt-1:CTVA:SELL,market,,,23492.4803674234
hrp,DSNKY,sell,518.2229,518.2229,17.64,filled,2026-08-10T12:01:23.688398Z,2026-08-10T13:34:28.472554Z,paper:2026-08-10:attempt-1:DSNKY:SELL,market,,,9141.451956
hrp,GDDY,sell,73.3056,73.3056,90.129966,filled,2026-08-10T12:01:24.149784Z,2026-08-10T13:33:58.83903Z,paper:2026-08-10:attempt-1:GDDY:SELL,market,,,6607.031235609599
hrp,ICLR,sell,20.6953,20.6953,163.28,filled,2026-08-10T12:01:24.380091Z,2026-08-10T13:34:22.672289Z,paper:2026-08-10:attempt-1:ICLR:SELL,market,,,3379.128584
hrp,IP,sell,173.4412,173.4412,41.17,filled,2026-08-10T12:01:24.614976Z,2026-08-10T13:31:45.962094Z,paper:2026-08-10:attempt-1:IP:SELL,market,,,7140.5742040000005
hrp,MU,sell,2.0251,2.0251,864.25,filled,2026-08-10T12:01:24.845918Z,2026-08-10T13:31:55.079713Z,paper:2026-08-10:attempt-1:MU:SELL,market,,,1750.192675
hrp,RBLX,sell,77.9367,77.9367,37.6,filled,2026-08-10T12:01:25.08611Z,2026-08-10T13:30:35.213192Z,paper:2026-08-10:attempt-1:RBLX:SELL,market,,,2930.4199200000003
hrp,RCRUY,sell,55.8908,55.8908,20.58,filled,2026-08-10T12:01:25.318266Z,2026-08-10T13:31:40.515569Z,paper:2026-08-10:attempt-1:RCRUY:SELL,market,,,1150.2326639999999
hrp,SNDK,sell,0.0288,0.0288,1206.79,filled,2026-08-10T12:01:25.547424Z,2026-08-10T13:30:00.655311Z,paper:2026-08-10:attempt-1:SNDK:SELL,market,,,34.755551999999994
hrp,FLEX,sell,0.1467,0.1467,122.72,filled,2026-08-10T12:01:23.921324Z,2026-08-10T13:30:00.395476Z,paper:2026-08-10:attempt-1:FLEX:SELL,market,,,18.003024
hrp,STX,sell,0.0976,0.0976,805,filled,2026-08-10T12:01:25.83974Z,2026-08-10T13:30:01.825581Z,paper:2026-08-10:attempt-1:STX:SELL,market,,,78.56800000000001
hrp,AXON,buy,8.3371,8.3371,577.79,filled,2026-08-10T13:37:09.583967Z,2026-08-10T13:37:22.058781Z,paper:2026-08-10:attempt-1:AXON:BUY,market,,,4817.093008999999
hrp,CRL,buy,26.7793,26.7793,267.89,filled,2026-08-10T13:37:09.812769Z,2026-08-10T13:37:37.798209Z,paper:2026-08-10:attempt-1:CRL:BUY,market,,,7173.906676999999
hrp,CRWD,buy,25.6862,25.6862,219.478687,filled,2026-08-10T13:37:10.041822Z,2026-08-10T13:37:35.505341Z,paper:2026-08-10:attempt-1:CRWD:BUY,market,,,5637.5734500194
hrp,FICO,buy,3.4187,3.4187,1053.76,filled,2026-08-10T13:37:10.271847Z,2026-08-10T13:37:30.038044Z,paper:2026-08-10:attempt-1:FICO:BUY,market,,,3602.4893119999997
hrp,HPE,buy,100.524,100.524,55.536712,filled,2026-08-10T13:37:10.511397Z,2026-08-10T13:37:55.332026Z,paper:2026-08-10:attempt-1:HPE:BUY,market,,,5582.7724370880005
hrp,IBM,buy,23.0157,23.0157,236.120339,filled,2026-08-10T13:37:10.914593Z,2026-08-10T13:37:34.219814Z,paper:2026-08-10:attempt-1:IBM:BUY,market,,,5434.474886322299
hrp,NTAP,buy,7.0914,7.0914,199.219985,filled,2026-08-10T13:37:11.150752Z,2026-08-10T13:37:39.988141Z,paper:2026-08-10:attempt-1:NTAP:BUY,market,,,1412.7486016290002
hrp,SXYAY,buy,836.3612,836.3612,23.939442,filled,2026-08-10T13:37:11.386753Z,2026-08-10T13:37:53.05755Z,paper:2026-08-10:attempt-1:SXYAY:BUY,market,,,20022.0204384504
hrp,TEAM,buy,14.3842,14.3842,149.666685,filled,2026-08-10T13:37:11.626651Z,2026-08-10T13:37:39.557161Z,paper:2026-08-10:attempt-1:TEAM:BUY,market,,,2152.835530377
hrp,TECH,buy,90.5426,90.5426,72.296024,filled,2026-08-10T13:37:11.855484Z,2026-08-10T13:38:00.774639Z,paper:2026-08-10:attempt-1:TECH:BUY,market,,,6545.8699826224
hrp,WDAY,buy,24.8397,24.8397,180.482996,filled,2026-08-10T13:37:12.083178Z,2026-08-10T13:37:54.801826Z,paper:2026-08-10:attempt-1:WDAY:BUY,market,,,4483.143475741201
hrp,CRWD,sell,25.5737,25.5737,217.875253,filled,2026-08-17T12:00:49.055397Z,2026-08-17T13:36:59.454518Z,paper:2026-08-17:attempt-1:CRWD:SELL,market,,,5571.8763576461
hrp,DELL,sell,7.6694,7.6694,483.21,filled,2026-08-17T12:00:49.286447Z,2026-08-17T13:32:46.040587Z,paper:2026-08-17:attempt-1:DELL:SELL,market,,,3705.930774
hrp,FICO,sell,7.315,7.315,1073.438141,filled,2026-08-17T12:00:49.517454Z,2026-08-17T13:34:14.637861Z,paper:2026-08-17:attempt-1:FICO:SELL,market,,,7852.200001415001
hrp,HPE,sell,17.9858,17.9858,58.08,filled,2026-08-17T12:00:49.757628Z,2026-08-17T13:31:38.021693Z,paper:2026-08-17:attempt-1:HPE:SELL,market,,,1044.615264
hrp,IBM,sell,22.9106,22.9106,231.906973,filled,2026-08-17T12:00:49.990097Z,2026-08-17T13:35:30.448958Z,paper:2026-08-17:attempt-1:IBM:SELL,market,,,5313.127895613799
hrp,NTAP,sell,5.5752,5.5752,204.5,filled,2026-08-17T12:00:50.452698Z,2026-08-17T13:31:55.699528Z,paper:2026-08-17:attempt-1:NTAP:SELL,market,,,1140.1283999999998
hrp,OKTA,sell,22.7224,22.7224,147.215549,filled,2026-08-17T12:00:50.683676Z,2026-08-17T13:34:38.469966Z,paper:2026-08-17:attempt-1:OKTA:SELL,market,,,3345.0905905976
hrp,SXYAY,sell,836.3612,836.3612,23.180574,filled,2026-08-17T12:00:50.914386Z,2026-08-17T13:33:28.54538Z,paper:2026-08-17:attempt-1:SXYAY:SELL,market,,,19387.332687328802
hrp,MU,sell,0.0147,0.0147,1000,filled,2026-08-17T12:00:50.22233Z,2026-08-17T13:30:02.196037Z,paper:2026-08-17:attempt-1:MU:SELL,market,,,14.7
hrp,ATEYY,buy,13.4516,13.4516,238.69,filled,2026-08-17T13:37:10.722932Z,2026-08-17T13:37:15.599144Z,paper:2026-08-17:attempt-1:ATEYY:BUY,market,,,3210.7624039999996
hrp,EXPE,buy,17.3518,17.3518,333,filled,2026-08-17T13:37:10.95992Z,2026-08-17T13:37:47.757424Z,paper:2026-08-17:attempt-1:EXPE:BUY,market,,,5778.1494
hrp,GPC,buy,110.3241,110.3241,134.28,filled,2026-08-17T13:37:11.225541Z,2026-08-17T13:37:59.589145Z,paper:2026-08-17:attempt-1:GPC:BUY,market,,,14814.320148
hrp,MMYT,buy,78.1263,78.1263,62.5,filled,2026-08-17T13:37:11.52708Z,2026-08-17T13:37:38.379691Z,paper:2026-08-17:attempt-1:MMYT:BUY,market,,,4882.89375
hrp,PANW,buy,5.9822,5.9822,384.64,filled,2026-08-17T13:37:11.771375Z,2026-08-17T13:37:29.765985Z,paper:2026-08-17:attempt-1:PANW:BUY,market,,,2300.993408
hrp,SSDOY,buy,480.6779,480.6779,22.4,filled,2026-08-17T13:37:12.007089Z,2026-08-17T13:37:19.578129Z,paper:2026-08-17:attempt-1:SSDOY:BUY,market,,,10767.18496
hrp,ZBRA,buy,17.2846,17.2846,378.13,filled,2026-08-17T13:37:12.246568Z,2026-08-17T13:37:18.522973Z,paper:2026-08-17:attempt-1:ZBRA:BUY,market,,,6535.825798000001
hrp,ATEYY,sell,13.4516,13.4516,214.43,filled,2026-08-24T12:01:29.503213Z,2026-08-24T13:36:11.500228Z,paper:2026-08-24:attempt-1:ATEYY:SELL,market,,,2884.426588
hrp,AXON,sell,4.1768,4.1768,624.439324,filled,2026-08-24T12:01:29.735993Z,2026-08-24T13:36:14.521528Z,paper:2026-08-24:attempt-1:AXON:SELL,market,,,2608.1581684832004
hrp,EXPE,sell,5.2054,5.2054,323.55,filled,2026-08-24T12:01:30.204709Z,2026-08-24T13:31:47.99607Z,paper:2026-08-24:attempt-1:EXPE:SELL,market,,,1684.2071700000001
hrp,GPC,sell,110.3241,110.3241,134.394821,filled,2026-08-24T12:01:30.448078Z,2026-08-24T13:36:26.684331Z,paper:2026-08-24:attempt-1:GPC:SELL,market,,,14826.9876714861
hrp,HPE,sell,82.5382,82.5382,53.501258,filled,2026-08-24T12:01:30.686586Z,2026-08-24T13:36:06.089614Z,paper:2026-08-24:attempt-1:HPE:SELL,market,,,4415.8975330556
hrp,MMYT,sell,78.1263,78.1263,59.52,filled,2026-08-24T12:01:31.145697Z,2026-08-24T13:33:23.416551Z,paper:2026-08-24:attempt-1:MMYT:SELL,market,,,4650.077376
hrp,NTAP,sell,35.0222,35.0222,193,filled,2026-08-24T12:01:31.676202Z,2026-08-24T13:33:52.999753Z,paper:2026-08-24:attempt-1:NTAP:SELL,market,,,6759.2846
hrp,PANW,sell,12.2194,12.2194,355.27,filled,2026-08-24T12:01:32.105191Z,2026-08-24T13:32:49.540623Z,paper:2026-08-24:attempt-1:PANW:SELL,market,,,4341.186238
hrp,RCRUY,sell,161.2285,161.2285,20.59,filled,2026-08-24T12:01:32.342312Z,2026-08-24T13:30:32.484959Z,paper:2026-08-24:attempt-1:RCRUY:SELL,market,,,3319.694815
hrp,SSDOY,sell,94.0314,94.0314,23.04,filled,2026-08-24T12:01:32.819148Z,2026-08-24T13:37:22.778859Z,paper:2026-08-24:attempt-1:SSDOY:SELL,market,,,2166.483456
hrp,TECH,sell,90.5426,90.5426,72.321707,filled,2026-08-24T12:01:33.049447Z,2026-08-24T13:35:21.380113Z,paper:2026-08-24:attempt-1:TECH:SELL,market,,,6548.1953882182
hrp,WDAY,sell,8.8669,8.8669,199.06219,filled,2026-08-24T12:01:33.28292Z,2026-08-24T13:35:33.066434Z,paper:2026-08-24:attempt-1:WDAY:SELL,market,,,1765.0645325109997
hrp,AMD,sell,0.0134,0.0134,468.14,filled,2026-08-24T12:01:29.274186Z,2026-08-24T13:30:00.397952Z,paper:2026-08-24:attempt-1:AMD:SELL,market,,,6.273076
hrp,MRVL,sell,0.0032,0.0032,229.09,filled,2026-08-24T12:01:31.421416Z,2026-08-24T13:30:02.024578Z,paper:2026-08-24:attempt-1:MRVL:SELL,market,,,0.7330880000000001
hrp,IBM,sell,0.1051,0.1051,234.29,filled,2026-08-24T12:01:30.918272Z,2026-08-24T13:30:01.850277Z,paper:2026-08-24:attempt-1:IBM:SELL,market,,,24.623879
hrp,CRWD,sell,0.1125,0.1125,190.29,filled,2026-08-24T12:01:29.972984Z,2026-08-24T13:30:00.738871Z,paper:2026-08-24:attempt-1:CRWD:SELL,market,,,21.407625
hrp,SNDK,sell,0.0001,0.0001,1492,filled,2026-08-24T12:01:32.589889Z,2026-08-24T13:30:01.482559Z,paper:2026-08-24:attempt-1:SNDK:SELL,market,,,0.1492
hrp,CSLLY,buy,367.4111,367.4111,30.36,filled,2026-08-24T13:38:11.661378Z,2026-08-24T13:39:17.460289Z,paper:2026-08-24:attempt-1:CSLLY:BUY,market,,,11154.600996
hrp,OKTA,buy,21.408,21.408,132.52,filled,2026-08-24T13:38:11.892192Z,2026-08-24T13:38:42.965222Z,paper:2026-08-24:attempt-1:OKTA:BUY,market,,,2836.9881600000003
hrp,PINS,buy,149.0474,149.0474,23.200338,filled,2026-08-24T13:38:12.173632Z,2026-08-24T13:39:24.753913Z,paper:2026-08-24:attempt-1:PINS:BUY,market,,,3457.9500580212
hrp,PSX,buy,73.1335,73.1335,245.68,filled,2026-08-24T13:38:12.420547Z,2026-08-24T13:38:48.441489Z,paper:2026-08-24:attempt-1:PSX:BUY,market,,,17967.43828
hrp,STX,buy,6.6774,6.6774,804.188554,filled,2026-08-24T13:38:12.680077Z,2026-08-24T13:39:08.977554Z,paper:2026-08-24:attempt-1:STX:BUY,market,,,5369.888650479599
hrp,VLO,buy,37.4252,37.4252,352,filled,2026-08-24T13:38:12.917725Z,2026-08-24T13:38:42.792945Z,paper:2026-08-24:attempt-1:VLO:BUY,market,,,13173.670399999999
hrp,ZBRA,buy,3.4211,3.4211,365.984607,filled,2026-08-24T13:38:13.175679Z,2026-08-24T13:39:01.774237Z,paper:2026-08-24:attempt-1:ZBRA:BUY,market,,,1252.0699390077
hrp,OKTA,sell,21.408,21.408,167.907062,filled,2026-08-31T12:01:26.551032Z,2026-08-31T13:33:51.02779Z,paper:2026-08-31:attempt-1:OKTA:SELL,market,,,3594.554383296
hrp,PINS,sell,149.0474,149.0474,22.260831,filled,2026-08-31T12:01:26.799717Z,2026-08-31T13:35:02.515215Z,paper:2026-08-31:attempt-1:PINS:SELL,market,,,3317.9189823894003
hrp,PSX,sell,73.1335,73.1335,247.905515,filled,2026-08-31T12:01:27.046471Z,2026-08-31T13:34:54.379596Z,paper:2026-08-31:attempt-1:PSX:SELL,market,,,18130.1979812525
hrp,STX,sell,6.6782,6.6782,813.71,filled,2026-08-31T12:01:27.284538Z,2026-08-31T13:33:04.037954Z,paper:2026-08-31:attempt-1:STX:SELL,market,,,5434.118122000001
hrp,VLO,sell,37.4252,37.4252,359.582482,filled,2026-08-31T12:01:27.526555Z,2026-08-31T13:36:58.398638Z,paper:2026-08-31:attempt-1:VLO:SELL,market,,,13457.4463053464
hrp,WDAY,sell,15.9728,15.9728,202.68,filled,2026-08-31T12:01:27.764281Z,2026-08-31T13:32:28.384165Z,paper:2026-08-31:attempt-1:WDAY:SELL,market,,,3237.367104
hrp,ZBRA,sell,4.1166,4.1166,355.4,filled,2026-08-31T12:01:28.004466Z,2026-08-31T13:34:31.086323Z,paper:2026-08-31:attempt-1:ZBRA:SELL,market,,,1463.03964
hrp,ATEYY,buy,13.2698,13.2698,210.48646,filled,2026-08-31T13:37:10.651864Z,2026-08-31T13:38:31.28462Z,paper:2026-08-31:attempt-1:ATEYY:BUY,market,,,2793.113226908
hrp,CRL,buy,3.5199,3.5199,292.05,filled,2026-08-31T13:37:10.895184Z,2026-08-31T13:37:42.245478Z,paper:2026-08-31:attempt-1:CRL:BUY,market,,,1027.986795
hrp,DASH,buy,21.9045,21.9045,235.901305,filled,2026-08-31T13:37:11.134555Z,2026-08-31T13:38:39.340366Z,paper:2026-08-31:attempt-1:DASH:BUY,market,,,5167.300135372499
hrp,INCY,buy,134.5954,134.5954,122.69,filled,2026-08-31T13:37:11.388948Z,2026-08-31T13:37:46.105741Z,paper:2026-08-31:attempt-1:INCY:BUY,market,,,16513.509626000003
hrp,MMYT,buy,63.0605,63.0605,59.62666,filled,2026-08-31T13:37:11.652189Z,2026-08-31T13:38:33.225246Z,paper:2026-08-31:attempt-1:MMYT:BUY,market,,,3760.0869929299997
hrp,ONC,buy,38.3295,38.3295,354.83,filled,2026-08-31T13:37:11.953092Z,2026-08-31T13:37:34.566194Z,paper:2026-08-31:attempt-1:ONC:BUY,market,,,13600.456485
hrp,PANW,buy,5.4524,5.4524,381.19,filled,2026-08-31T13:37:12.233506Z,2026-08-31T13:37:47.004132Z,paper:2026-08-31:attempt-1:PANW:BUY,market,,,2078.400356
hrp,RCRUY,buy,53.5649,53.5649,22.820536,filled,2026-08-31T13:37:12.479383Z,2026-08-31T13:38:20.980259Z,paper:2026-08-31:attempt-1:RCRUY:BUY,market,,,1222.3797287864002
hrp,SMCI,buy,52.7611,52.7611,36.269432,filled,2026-08-31T13:37:12.721765Z,2026-08-31T13:38:32.468904Z,paper:2026-08-31:attempt-1:SMCI:BUY,market,,,1913.6151286952002
hrp,EXPE,sell,12.1464,12.1464,287.135299,filled,2026-09-07T12:02:28.299577Z,2026-09-08T13:34:53.947985Z,paper:2026-09-07:attempt-1:EXPE:SELL,market,,,3487.6601957735998
hrp,SSDOY,sell,386.6465,386.6465,20.93,filled,2026-09-07T12:02:29.974058Z,2026-09-08T13:30:30.274508Z,paper:2026-09-07:attempt-1:SSDOY:SELL,market,,,8092.511245
hrp,RCRUY,sell,231.523,231.523,20.1,filled,2026-09-07T12:02:29.496621Z,2026-09-08T13:35:24.564008Z,paper:2026-09-07:attempt-1:RCRUY:SELL,market,,,4653.612300000001
hrp,INCY,sell,134.5954,134.5954,122.528723,filled,2026-09-07T12:02:28.543757Z,2026-09-08T13:35:18.281842Z,paper:2026-09-07:attempt-1:INCY:SELL,market,,,16491.8024836742
hrp,AXON,sell,4.1603,4.1603,508.507596,filled,2026-09-07T12:02:27.294902Z,2026-09-08T13:35:02.583079Z,paper:2026-09-07:attempt-1:AXON:SELL,market,,,2115.5441516388
hrp,CSLLY,sell,90.5943,90.5943,30.843287,filled,2026-09-07T12:02:27.777529Z,2026-09-08T13:38:07.805598Z,paper:2026-09-07:attempt-1:CSLLY:SELL,market,,,2794.2259954641
hrp,PANW,sell,8.3141,8.3141,327.427694,filled,2026-09-07T12:02:29.260388Z,2026-09-08T13:33:44.833036Z,paper:2026-09-07:attempt-1:PANW:SELL,market,,,2722.2665906854
hrp,ZBRA,sell,7.3358,7.3358,355,filled,2026-09-07T12:02:30.477678Z,2026-09-08T13:33:00.380044Z,paper:2026-09-07:attempt-1:ZBRA:SELL,market,,,2604.209
hrp,CRL,sell,9.9646,9.9646,282.221128,filled,2026-09-07T12:02:27.536791Z,2026-09-08T13:37:03.116854Z,paper:2026-09-07:attempt-1:CRL:SELL,market,,,2812.2206520688005
hrp,SMCI,sell,52.7611,52.7611,40.274554,filled,2026-09-07T12:02:29.735922Z,2026-09-08T13:33:42.915543Z,paper:2026-09-07:attempt-1:SMCI:SELL,market,,,2124.9297710494
hrp,TEAM,sell,9.3217,9.3217,182.199102,filled,2026-09-07T12:02:30.211676Z,2026-09-08T13:35:54.913631Z,paper:2026-09-07:attempt-1:TEAM:SELL,market,,,1698.4053691134002
hrp,DASH,sell,21.9045,21.9045,203.417053,filled,2026-09-07T12:02:28.022773Z,2026-09-08T13:37:04.28006Z,paper:2026-09-07:attempt-1:DASH:SELL,market,,,4455.7488374385
hrp,ONC,sell,8.6054,8.6054,346.213819,filled,2026-09-07T12:02:29.018398Z,2026-09-08T13:37:07.889512Z,paper:2026-09-07:attempt-1:ONC:SELL,market,,,2979.3083980225997
hrp,MMYT,sell,63.0605,63.0605,53.326353,filled,2026-09-07T12:02:28.780964Z,2026-09-08T13:36:56.461507Z,paper:2026-09-07:attempt-1:MMYT:SELL,market,,,3362.7864833564995
hrp,ACN,buy,20.7414,20.7414,177.998853,filled,2026-09-08T13:38:13.347862Z,2026-09-08T13:38:25.388558Z,paper:2026-09-07:attempt-1:ACN:BUY,market,,,3691.9454096142
hrp,CTSH,buy,62.2469,62.2469,59.47743,filled,2026-09-08T13:38:13.613972Z,2026-09-08T13:38:19.394479Z,paper:2026-09-07:attempt-1:CTSH:BUY,market,,,3702.2856374669996
hrp,CTVA,buy,304.3688,304.3688,87.37,filled,2026-09-08T13:38:13.851057Z,2026-09-08T13:38:22.549805Z,paper:2026-09-07:attempt-1:CTVA:BUY,market,,,26592.702056000002
hrp,DOCU,buy,35.2481,35.2481,65.592547,filled,2026-09-08T13:38:14.109631Z,2026-09-08T13:38:24.730654Z,paper:2026-09-07:attempt-1:DOCU:BUY,market,,,2312.0126559107
hrp,GDDY,buy,29.1074,29.1074,98.097325,filled,2026-09-08T13:38:14.376105Z,2026-09-08T13:38:21.186541Z,paper:2026-09-07:attempt-1:GDDY:BUY,market,,,2855.3580777049997
hrp,ILMN,buy,24.056,24.056,215.37,filled,2026-09-08T13:38:14.667949Z,2026-09-08T13:38:14.940114Z,paper:2026-09-07:attempt-1:ILMN:BUY,market,,,5180.9407200000005
hrp,OKTA,buy,10.6602,10.6602,168.46,filled,2026-09-08T13:38:14.906296Z,2026-09-08T13:38:20.999709Z,paper:2026-09-07:attempt-1:OKTA:BUY,market,,,1795.817292
hrp,VLO,buy,41.3177,41.3177,380.186361,filled,2026-09-08T13:38:15.171633Z,2026-09-08T13:38:24.380016Z,paper:2026-09-07:attempt-1:VLO:BUY,market,,,15708.4260078897
hrp,ACN,sell,20.7414,20.7414,190.56,filled,2026-09-14T11:31:02.196566Z,2026-09-14T13:30:19.897485Z,paper:2026-09-14:attempt-1:ACN:SELL,market,,,3952.4811839999998
hrp,ATEYY,sell,13.2698,13.2698,195.1,filled,2026-09-14T11:31:02.442022Z,2026-09-14T13:33:35.021473Z,paper:2026-09-14:attempt-1:ATEYY:SELL,market,,,2588.93798
hrp,CTSH,sell,62.2469,62.2469,62.013232,filled,2026-09-14T11:31:02.683323Z,2026-09-14T13:34:03.432313Z,paper:2026-09-14:attempt-1:CTSH:SELL,market,,,3860.1314509808
hrp,CTVA,sell,304.3688,304.3688,84.155853,filled,2026-09-14T11:31:02.92231Z,2026-09-14T13:33:26.801282Z,paper:2026-09-14:attempt-1:CTVA:SELL,market,,,25614.4159905864
hrp,GDDY,sell,29.1074,29.1074,100.18,filled,2026-09-14T11:31:03.162169Z,2026-09-14T13:31:51.976645Z,paper:2026-09-14:attempt-1:GDDY:SELL,market,,,2915.979332
hrp,ONC,sell,29.7241,29.7241,352.513944,filled,2026-09-14T11:31:03.416622Z,2026-09-14T13:33:03.678981Z,paper:2026-09-14:attempt-1:ONC:SELL,market,,,10478.1597228504
hrp,PANW,sell,12.0471,12.0471,343.5,filled,2026-09-14T11:31:03.657079Z,2026-09-14T13:31:47.854555Z,paper:2026-09-14:attempt-1:PANW:SELL,market,,,4138.17885
hrp,VLO,sell,7.7763,7.7763,392.52,filled,2026-09-14T11:31:03.897846Z,2026-09-14T13:30:37.196133Z,paper:2026-09-14:attempt-1:VLO:SELL,market,,,3052.353276
hrp,ADSK,buy,22.7537,22.7537,223.543076,filled,2026-09-14T13:34:07.775782Z,2026-09-14T13:35:10.30799Z,paper:2026-09-14:attempt-1:ADSK:BUY,market,,,5086.4320883812
hrp,CRL,buy,9.257,9.257,280.47,filled,2026-09-14T13:34:08.038578Z,2026-09-14T13:35:04.797074Z,paper:2026-09-14:attempt-1:CRL:BUY,market,,,2596.31079
hrp,CRM,buy,10.293,10.293,254.888676,filled,2026-09-14T13:34:08.356629Z,2026-09-14T13:35:02.73002Z,paper:2026-09-14:attempt-1:CRM:BUY,market,,,2623.569142068
hrp,CRWD,buy,12.0955,12.0955,220.509502,filled,2026-09-14T13:34:08.706335Z,2026-09-14T13:35:29.310391Z,paper:2026-09-14:attempt-1:CRWD:BUY,market,,,2667.172681441
hrp,CSLLY,buy,52.9227,52.9227,30.5,filled,2026-09-14T13:34:09.215488Z,2026-09-14T13:35:21.65464Z,paper:2026-09-14:attempt-1:CSLLY:BUY,market,,,1614.14235
hrp,DELL,buy,5.4691,5.4691,530.29718,filled,2026-09-14T13:34:09.593247Z,2026-09-14T13:35:01.015862Z,paper:2026-09-14:attempt-1:DELL:BUY,market,,,2900.248307138
hrp,EXPGY,buy,274.9993,274.9993,38.890365,filled,2026-09-14T13:34:09.926384Z,2026-09-14T13:35:52.578231Z,paper:2026-09-14:attempt-1:EXPGY:BUY,market,,,10694.8231517445
hrp,IBM,buy,17.3416,17.3416,246,filled,2026-09-14T13:34:10.262723Z,2026-09-14T13:34:39.284555Z,paper:2026-09-14:attempt-1:IBM:BUY,market,,,4266.0336
hrp,ILMN,buy,10.0638,10.0638,207.6,filled,2026-09-14T13:34:10.609049Z,2026-09-14T13:34:41.743023Z,paper:2026-09-14:attempt-1:ILMN:BUY,market,,,2089.24488
hrp,PSX,buy,71.2723,71.2723,262.477857,filled,2026-09-14T13:34:10.882241Z,2026-09-14T13:35:13.554524Z,paper:2026-09-14:attempt-1:PSX:BUY,market,,,18707.4005674611
hrp,ZBRA,buy,10.2144,10.2144,346.233142,filled,2026-09-14T13:34:11.173935Z,2026-09-14T13:35:05.999755Z,paper:2026-09-14:attempt-1:ZBRA:BUY,market,,,3536.5638056447997
hrp,ADSK,sell,22.7537,22.7537,216.797305,filled,2026-09-21T11:30:59.09921Z,2026-09-21T13:34:58.028208Z,paper:2026-09-21:attempt-1:ADSK:SELL,market,,,4932.9408387785
hrp,CRL,sell,29.5916,29.5916,275.915858,filled,2026-09-21T11:30:59.34828Z,2026-09-21T13:32:48.812358Z,paper:2026-09-21:attempt-1:CRL:SELL,market,,,8164.7917035928
hrp,CRWD,sell,12.0955,12.0955,236.572921,filled,2026-09-21T11:30:59.589207Z,2026-09-21T13:32:54.284364Z,paper:2026-09-21:attempt-1:CRWD:SELL,market,,,2861.4677659555
hrp,ILMN,sell,34.1198,34.1198,240.882997,filled,2026-09-21T11:30:59.832949Z,2026-09-21T13:33:48.129814Z,paper:2026-09-21:attempt-1:ILMN:SELL,market,,,8218.879681040598
hrp,OKTA,sell,10.6602,10.6602,182.76531,filled,2026-09-21T11:31:00.07377Z,2026-09-21T13:34:44.76412Z,paper:2026-09-21:attempt-1:OKTA:SELL,market,,,1948.314757662
hrp,PSX,sell,15.6296,15.6296,273.087936,filled,2026-09-21T11:31:00.315674Z,2026-09-21T13:34:25.297228Z,paper:2026-09-21:attempt-1:PSX:SELL,market,,,4268.2552045056
hrp,VLO,sell,6.7002,6.7002,414.05,filled,2026-09-21T11:31:00.557013Z,2026-09-21T13:31:36.0431Z,paper:2026-09-21:attempt-1:VLO:SELL,market,,,2774.21781
hrp,ZBRA,sell,19.4677,19.4677,346.680299,filled,2026-09-21T11:31:00.816564Z,2026-09-21T13:33:48.934633Z,paper:2026-09-21:attempt-1:ZBRA:SELL,market,,,6749.0680568423
hrp,ACN,buy,24.1567,24.1567,193.5,filled,2026-09-21T13:35:09.218392Z,2026-09-21T13:35:22.116174Z,paper:2026-09-21:attempt-1:ACN:BUY,market,,,4674.32145
hrp,CSLLY,buy,133.8496,133.8496,32,filled,2026-09-21T13:35:09.458883Z,2026-09-21T13:35:31.482036Z,paper:2026-09-21:attempt-1:CSLLY:BUY,market,,,4283.1872
hrp,CTSH,buy,74.8566,74.8566,61.88166,filled,2026-09-21T13:35:09.736141Z,2026-09-21T13:35:36.549839Z,paper:2026-09-21:attempt-1:CTSH:BUY,market,,,4632.250669956
hrp,MSTR,buy,19.3088,19.3088,168.28,filled,2026-09-21T13:35:10.006863Z,2026-09-21T13:35:20.004366Z,paper:2026-09-21:attempt-1:MSTR:BUY,market,,,3249.284864
hrp,NCLTY,buy,597.2416,597.2416,10.34,filled,2026-09-21T13:35:10.273573Z,2026-09-21T13:35:20.297368Z,paper:2026-09-21:attempt-1:NCLTY:BUY,market,,,6175.478144
hrp,NTAP,buy,39.1498,39.1498,198.149517,filled,2026-09-21T13:35:10.54161Z,2026-09-21T13:35:32.690485Z,paper:2026-09-21:attempt-1:NTAP:BUY,market,,,7757.5139606466
hrp,SSDOY,buy,394.9987,394.9987,23.54,filled,2026-09-21T13:35:10.791465Z,2026-09-21T13:35:27.133741Z,paper:2026-09-21:attempt-1:SSDOY:BUY,market,,,9298.269397999999
hrp,ACN,sell,5.4915,5.4915,173.871019,filled,2026-09-28T11:31:33.72038Z,2026-09-28T13:34:19.284283Z,paper:2026-09-28:attempt-1:ACN:SELL,market,,,954.8127008385
hrp,CRM,sell,10.293,10.293,225.433984,filled,2026-09-28T11:31:33.978002Z,2026-09-28T13:33:41.854707Z,paper:2026-09-28:attempt-1:CRM:SELL,market,,,2320.391997312
hrp,CSLLY,sell,129.4411,129.4411,31.12,filled,2026-09-28T11:31:34.230371Z,2026-09-28T13:30:42.394713Z,paper:2026-09-28:attempt-1:CSLLY:SELL,market,,,4028.2070320000003
hrp,DELL,sell,5.4691,5.4691,551.71,filled,2026-09-28T11:31:34.487001Z,2026-09-28T13:30:24.960707Z,paper:2026-09-28:attempt-1:DELL:SELL,market,,,3017.3571610000004
hrp,DOCU,sell,35.2481,35.2481,65.58,filled,2026-09-28T11:31:34.739855Z,2026-09-28T13:30:25.613973Z,paper:2026-09-28:attempt-1:DOCU:SELL,market,,,2311.570398
hrp,EXPGY,sell,274.9993,274.9993,33.63,filled,2026-09-28T11:31:34.995223Z,2026-09-28T13:31:04.85207Z,paper:2026-09-28:attempt-1:EXPGY:SELL,market,,,9248.226459000001
hrp,MSTR,sell,7.3884,7.3884,157.032314,filled,2026-09-28T11:31:35.260918Z,2026-09-28T13:34:06.250485Z,paper:2026-09-28:attempt-1:MSTR:SELL,market,,,1160.2175487576
hrp,NTAP,sell,13.6316,13.6316,201.33224,filled,2026-09-28T11:31:35.519802Z,2026-09-28T13:32:55.305991Z,paper:2026-09-28:attempt-1:NTAP:SELL,market,,,2744.480562784
hrp,PSX,sell,18.0932,18.0932,255.09,filled,2026-09-28T11:31:35.788859Z,2026-09-28T13:34:17.71733Z,paper:2026-09-28:attempt-1:PSX:SELL,market,,,4615.394388
hrp,SSDOY,sell,111.7851,111.7851,21.60706,filled,2026-09-28T11:31:36.04533Z,2026-09-28T13:35:08.337968Z,paper:2026-09-28:attempt-1:SSDOY:SELL,market,,,2415.347362806
hrp,VLO,sell,8.9768,8.9768,386.062739,filled,2026-09-28T11:31:36.30152Z,2026-09-28T13:33:58.102996Z,paper:2026-09-28:attempt-1:VLO:SELL,market,,,3465.6079954552006
hrp,COP,buy,155.6647,155.6647,128.14,filled,2026-09-28T13:35:11.140265Z,2026-09-28T13:35:35.768908Z,paper:2026-09-28:attempt-1:COP:BUY,market,,,19946.874658
hrp,HPQ,buy,150.301,150.301,30.92,filled,2026-09-28T13:35:11.402908Z,2026-09-28T13:35:29.858618Z,paper:2026-09-28:attempt-1:HPQ:BUY,market,,,4647.30692
hrp,ILMN,buy,27.0809,27.0809,267.75,filled,2026-09-28T13:35:11.661023Z,2026-09-28T13:35:39.072244Z,paper:2026-09-28:attempt-1:ILMN:BUY,market,,,7250.910975
hrp,NCLTY,buy,209.574,209.574,9.8,filled,2026-09-28T13:35:11.920999Z,2026-09-28T13:35:33.535201Z,paper:2026-09-28:attempt-1:NCLTY:BUY,market,,,2053.8252
hrp,SMCI,buy,33.7265,33.7265,42.519516,filled,2026-09-28T13:35:12.295922Z,2026-09-28T13:35:47.785353Z,paper:2026-09-28:attempt-1:SMCI:BUY,market,,,1434.0344563740002
dhrp,NVDA,buy,25.8213,25.8213,181.382474,filled,2026-01-19T04:38:16.821256Z,2026-01-20T14:34:06.007794Z,paper:2026-01-19:attempt-1:NVDA:BUY,limit,188.09,,4683.5312758962
dhrp,TOELY,buy,12.9971,12.9971,128.88,filled,2026-01-19T04:38:16.801092Z,2026-01-20T14:33:58.575892Z,paper:2026-01-19:attempt-1:TOELY:BUY,limit,134.86,,1675.0662479999999
dhrp,AMD,buy,41.95,41.95,228.02,filled,2026-01-19T04:38:15.701342Z,2026-01-20T14:30:12.879445Z,paper:2026-01-19:attempt-1:AMD:BUY,limit,234.15,,9565.439
dhrp,TSLA,buy,5.6419,5.6419,425.59,filled,2026-01-19T04:38:16.819339Z,2026-01-20T14:31:47.124887Z,paper:2026-01-19:attempt-1:TSLA:BUY,limit,441.88,,2401.1362209999998
dhrp,MSFT,buy,5.9281,5.9281,450.597123,filled,2026-01-19T04:38:15.714568Z,2026-01-20T14:33:59.647497Z,paper:2026-01-19:attempt-1:MSFT:BUY,limit,464.46,,2671.1848048562997
dhrp,LLY,buy,7.4791,7.4791,1022.15,filled,2026-01-19T04:38:15.716426Z,2026-01-20T14:33:35.118299Z,paper:2026-01-19:attempt-1:LLY:BUY,limit,1048.78,,7644.762065
dhrp,ABBV,buy,21.7857,21.7857,212.862461,filled,2026-01-19T04:38:15.709359Z,2026-01-20T14:34:06.659157Z,paper:2026-01-19:attempt-1:ABBV:BUY,limit,216.49,,4637.357716607699
dhrp,GOOGL,buy,9.6518,9.6518,323.643885,filled,2026-01-19T04:38:15.707489Z,2026-01-20T14:36:20.305091Z,paper:2026-01-19:attempt-1:GOOGL:BUY,limit,333.3,,3123.746049243
dhrp,XOM,buy,43.0327,43.0327,130.6,filled,2026-01-19T04:38:16.816348Z,2026-01-20T14:34:54.107959Z,paper:2026-01-19:attempt-1:XOM:BUY,limit,131.19,,5620.0706199999995
dhrp,JNJ,buy,7.3894,7.3894,215.76,filled,2026-01-19T04:38:15.712863Z,2026-01-20T14:32:23.897747Z,paper:2026-01-19:attempt-1:JNJ:BUY,limit,220.85,,1594.336944
dhrp,META,buy,7.2332,7.2332,604.352043,filled,2026-01-19T04:38:15.711049Z,2026-01-20T14:34:45.862258Z,paper:2026-01-19:attempt-1:META:BUY,limit,626.45,,4371.3991974276
dhrp,AVGO,buy,21.9174,21.9174,344.068863,filled,2026-01-19T04:38:15.703427Z,2026-01-20T14:36:01.501294Z,paper:2026-01-19:attempt-1:AVGO:BUY,limit,355.23,,7541.0948979162
dhrp,AAPL,buy,29.4143,29.4143,253.863215,filled,2026-01-19T04:38:15.705426Z,2026-01-20T14:36:35.872796Z,paper:2026-01-19:attempt-1:AAPL:BUY,limit,258.09,,7467.2087649745
dhrp,TSM,buy,58.4112,58.4112,341.258626,filled,2026-01-19T04:38:16.814138Z,2026-01-20T14:35:41.231976Z,paper:2026-01-19:attempt-1:TSM:BUY,limit,345.82,,19933.3258550112
dhrp,SAP,buy,52.7048,52.7048,225.11,filled,2026-01-19T04:38:15.718233Z,2026-01-20T14:31:32.377421Z,paper:2026-01-19:attempt-1:SAP:BUY,limit,235.93,,11864.377528
dhrp,AMD,sell,4.4021,0,,expired,2026-01-25T07:33:36.650553Z,,paper:2026-01-25:attempt-1:AMD:SELL,limit,257.08,,0.0
dhrp,AAPL,buy,1.2695,1.2695,250.45,filled,2026-01-25T07:33:36.642387Z,2026-01-26T14:30:49.377936Z,paper:2026-01-25:attempt-1:AAPL:BUY,limit,250.52,,317.946275
dhrp,TSM,buy,2.5717,2.5717,332.44,filled,2026-01-25T07:33:37.719169Z,2026-01-26T14:30:26.505484Z,paper:2026-01-25:attempt-1:TSM:BUY,limit,338.22,,854.9359479999999
dhrp,SAP,buy,1.816,0,,expired,2026-01-25T07:33:36.660959Z,,paper:2026-01-25:attempt-1:SAP:BUY,limit,233.38,,0.0
dhrp,AVGO,buy,3.3187,3.3187,320.455336,filled,2026-01-25T07:33:36.647847Z,2026-01-26T14:32:52.247479Z,paper:2026-01-25:attempt-1:AVGO:BUY,limit,323.25,,1063.4951235832
dhrp,GOOGL,buy,0.3336,0.3336,327.996,filled,2026-01-25T07:33:36.651943Z,2026-01-26T14:30:00.212721Z,paper:2026-01-25:attempt-1:GOOGL:BUY,limit,331.21,,109.4194656
dhrp,NVDA,buy,0.2989,0.2989,187.2,filled,2026-01-25T07:33:36.663404Z,2026-01-26T14:30:00.003039Z,paper:2026-01-25:attempt-1:NVDA:BUY,limit,189.55,,55.95408
dhrp,XOM,sell,0.5824,0.5824,136.782,filled,2026-01-25T07:33:37.717651Z,2026-01-26T14:30:00.458491Z,paper:2026-01-25:attempt-1:XOM:SELL,limit,133.62,,79.6618368
dhrp,META,sell,0.2305,0.2305,665.12,filled,2026-01-25T07:33:36.656958Z,2026-01-26T14:30:00.331305Z,paper:2026-01-25:attempt-1:META:SELL,limit,652.17,,153.31016
dhrp,TSLA,sell,0.0326,0.0326,445.01,filled,2026-01-25T07:33:37.722456Z,2026-01-26T14:30:00.000968Z,paper:2026-01-25:attempt-1:TSLA:SELL,limit,444.57,,14.507325999999999
dhrp,TOELY,buy,0.6365,0,,expired,2026-01-25T07:33:37.714472Z,,paper:2026-01-25:attempt-1:TOELY:BUY,limit,134.13,,0.0
dhrp,JNJ,buy,0.4127,0.4127,220.8,filled,2026-01-25T07:33:36.658315Z,2026-01-26T14:30:00.532952Z,paper:2026-01-25:attempt-1:JNJ:BUY,limit,222.34,,91.12416
dhrp,ABBV,buy,0.2951,0.2951,219.274,filled,2026-01-25T07:33:36.644862Z,2026-01-26T14:30:01.389985Z,paper:2026-01-25:attempt-1:ABBV:BUY,limit,221.45,,64.70775739999999
dhrp,MSFT,buy,0.1655,0.1655,465.416,filled,2026-01-25T07:33:36.654616Z,2026-01-26T14:30:00.306502Z,paper:2026-01-25:attempt-1:MSFT:BUY,limit,470.61,,77.026348
dhrp,LLY,buy,1.1254,1.1254,1052.5,filled,2026-02-01T10:15:56.553631Z,2026-02-02T14:32:23.984023Z,paper:2026-02-01:attempt-1:LLY:BUY,limit,1057.89,,1184.4835
dhrp,AVGO,sell,11.9002,11.9002,331.999295,filled,2026-02-01T10:15:56.564036Z,2026-02-02T14:34:08.500791Z,paper:2026-02-01:attempt-1:AVGO:SELL,limit,324.67,,3950.858010359
dhrp,TOELY,buy,39.3363,39.3363,131.93,filled,2026-02-01T10:15:57.690912Z,2026-02-02T14:34:01.114419Z,paper:2026-02-01:attempt-1:TOELY:BUY,limit,135.64,,5189.638059000001
dhrp,SAP,sell,16.12,16.12,204.505806,filled,2026-02-01T10:15:57.689515Z,2026-02-02T14:32:43.001675Z,paper:2026-02-01:attempt-1:SAP:SELL,limit,197.02,,3296.6335927200003
dhrp,XOM,buy,16.8066,16.8066,140.27,filled,2026-02-01T10:15:57.697348Z,2026-02-02T14:32:12.189786Z,paper:2026-02-01:attempt-1:XOM:BUY,limit,144.23,,2357.4617820000003
dhrp,AMD,sell,14.4542,14.4542,239.431909,filled,2026-02-01T10:15:56.557353Z,2026-02-02T14:33:51.967042Z,paper:2026-02-01:attempt-1:AMD:SELL,limit,232,,3460.7966990678
dhrp,ABBV,sell,2.8783,2.8783,225.57,filled,2026-02-01T10:15:56.565337Z,2026-02-02T14:31:37.004583Z,paper:2026-02-01:attempt-1:ABBV:SELL,limit,218.55,,649.2581309999999
dhrp,AAPL,sell,9.9497,9.9497,261.988129,filled,2026-02-01T10:15:56.566733Z,2026-02-02T14:33:53.607595Z,paper:2026-02-01:attempt-1:AAPL:SELL,limit,254.29,,2606.7032871113
dhrp,TSM,sell,47.4273,47.4273,329.711063,filled,2026-02-01T10:15:57.68766Z,2026-02-02T14:33:29.913604Z,paper:2026-02-01:attempt-1:TSM:SELL,limit,323.95,,15637.305498219903
dhrp,GOOGL,buy,15.698,15.698,337.29,filled,2026-02-01T10:15:56.551136Z,2026-02-02T14:32:09.483716Z,paper:2026-02-01:attempt-1:GOOGL:BUY,limit,344.76,,5294.778420000001
dhrp,JNJ,buy,18.7202,18.7202,229.83,filled,2026-02-01T10:15:56.561695Z,2026-02-02T14:31:11.990659Z,paper:2026-02-01:attempt-1:JNJ:BUY,limit,231.8,,4302.463565999999
dhrp,NVDA,sell,1.9155,1.9155,187.72,filled,2026-02-01T10:15:56.55603Z,2026-02-02T14:30:09.811347Z,paper:2026-02-01:attempt-1:NVDA:SELL,limit,187.31,,359.57766
dhrp,MSFT,buy,8.5592,8.5592,426.527301,filled,2026-02-01T10:15:56.546639Z,2026-02-02T14:33:33.853705Z,paper:2026-02-01:attempt-1:MSFT:BUY,limit,438.9,,3650.7324747192006
dhrp,TSLA,buy,8.248,8.248,417.352638,filled,2026-02-01T10:15:57.701985Z,2026-02-02T14:32:46.410796Z,paper:2026-02-01:attempt-1:TSLA:BUY,limit,439.02,,3442.3245582239997
dhrp,META,buy,0.147,0.147,714.508,filled,2026-02-01T10:15:56.543759Z,2026-02-02T14:30:00.28062Z,paper:2026-02-01:attempt-1:META:BUY,limit,730.83,,105.032676
dhrp,AAPL,sell,1.3304,1.3304,273.52,filled,2026-02-10T13:31:06.489733Z,2026-02-10T14:30:19.974846Z,paper:2026-02-10:attempt-1:AAPL:SELL,limit,269.13,,363.891008
dhrp,ABBV,buy,2.2307,2.2307,224,filled,2026-02-10T13:31:06.725915Z,2026-02-10T14:31:33.240599Z,paper:2026-02-10:attempt-1:ABBV:BUY,limit,227.73,,499.6768
dhrp,GOOGL,buy,2.664,2.664,321.24,filled,2026-02-10T13:31:07.585821Z,2026-02-10T14:30:18.930859Z,paper:2026-02-10:attempt-1:GOOGL:BUY,limit,330.81,,855.78336
dhrp,JNJ,sell,1.0177,1.0177,239.58,filled,2026-02-10T13:31:07.827797Z,2026-02-10T14:30:14.103061Z,paper:2026-02-10:attempt-1:JNJ:SELL,limit,233.87,,243.820566
dhrp,META,buy,1.3098,1.3098,673.69,filled,2026-02-10T13:31:08.380078Z,2026-02-10T14:30:52.440314Z,paper:2026-02-10:attempt-1:META:BUY,limit,690.76,,882.3991620000002
dhrp,NVDA,buy,1.1956,1.1956,191.48,filled,2026-02-10T13:31:08.91757Z,2026-02-10T14:31:30.070748Z,paper:2026-02-10:attempt-1:NVDA:BUY,limit,193.84,,228.93348799999998
dhrp,SAP,sell,2.4543,2.4543,210.930361,filled,2026-02-10T13:31:09.152859Z,2026-02-10T14:32:16.047509Z,paper:2026-02-10:attempt-1:SAP:SELL,limit,206.2,,517.6863850023
dhrp,TOELY,buy,2.9827,2.9827,135.02,filled,2026-02-10T13:31:09.385814Z,2026-02-10T14:41:34.916423Z,paper:2026-02-10:attempt-1:TOELY:BUY,limit,135.66,,402.724154
dhrp,TSM,sell,1.3813,1.3813,363.71,filled,2026-02-10T13:31:09.848785Z,2026-02-10T14:30:15.806183Z,paper:2026-02-10:attempt-1:TSM:SELL,limit,348.3,,502.39262299999996
dhrp,XOM,sell,5.531,5.531,151,filled,2026-02-10T13:31:10.081384Z,2026-02-10T14:30:30.043734Z,paper:2026-02-10:attempt-1:XOM:SELL,limit,148.19,,835.1809999999999
dhrp,LLY,sell,0.1532,0.1532,1048,filled,2026-02-10T13:31:08.067662Z,2026-02-10T14:30:01.090713Z,paper:2026-02-10:attempt-1:LLY:SELL,limit,1023.78,,160.55360000000002
dhrp,AVGO,sell,0.6129,0.6129,347.378,filled,2026-02-10T13:31:07.359364Z,2026-02-10T14:30:00.000568Z,paper:2026-02-10:attempt-1:AVGO:SELL,limit,337.06,,212.90797619999998
dhrp,MSFT,buy,0.3048,0.3048,419.788,filled,2026-02-10T13:31:08.687094Z,2026-02-10T14:30:00.000784Z,paper:2026-02-10:attempt-1:MSFT:BUY,limit,421.87,,127.95138240000001
dhrp,TSLA,buy,0.8505,0.8505,418.328,filled,2026-02-10T13:31:09.617436Z,2026-02-10T14:30:00.002463Z,paper:2026-02-10:attempt-1:TSLA:BUY,limit,425.67,,355.787964
dhrp,AMD,buy,0.4554,0.4554,215.41,filled,2026-02-10T13:31:06.96105Z,2026-02-10T14:30:00.009853Z,paper:2026-02-10:attempt-1:AMD:BUY,limit,220.32,,98.09771400000001
dhrp,TSLA,buy,17.0707,17.0707,409.56,filled,2026-02-15T00:29:45.018775Z,2026-02-17T14:31:57.488321Z,paper:2026-02-15:attempt-1:TSLA:BUY,limit,425.79,,6991.4758919999995
dhrp,AAPL,buy,28.0193,28.0193,258.460234,filled,2026-02-15T00:29:41.881446Z,2026-02-17T14:35:38.681946Z,paper:2026-02-15:attempt-1:AAPL:BUY,limit,260.9,,7241.8748345162
dhrp,LLY,sell,2.4968,2.4968,1045.399093,filled,2026-02-15T00:29:43.378369Z,2026-02-17T14:33:36.742209Z,paper:2026-02-15:attempt-1:LLY:SELL,limit,1019.2,,2610.1524554024
dhrp,TSM,sell,2.3163,2.3163,361.353131,filled,2026-02-15T00:29:45.248217Z,2026-02-17T14:35:49.117112Z,paper:2026-02-15:attempt-1:TSM:SELL,limit,359.03,,837.0022573353001
dhrp,XOM,sell,42.0531,42.0531,148.670103,filled,2026-02-15T00:29:45.482821Z,2026-02-17T14:34:58.716621Z,paper:2026-02-15:attempt-1:XOM:SELL,limit,145.48,,6252.0387084693
dhrp,SAP,sell,19.1746,19.1746,202.923038,filled,2026-02-15T00:29:44.552889Z,2026-02-17T14:33:41.447016Z,paper:2026-02-15:attempt-1:SAP:SELL,limit,200.44,,3890.9680844348
dhrp,TOELY,sell,8.5552,8.5552,137.138208,filled,2026-02-15T00:29:44.788128Z,2026-02-17T14:33:16.480009Z,paper:2026-02-15:attempt-1:TOELY:SELL,limit,135.49,,1173.2447970816
dhrp,META,sell,1.8402,1.8402,638.4,filled,2026-02-15T00:29:43.612971Z,2026-02-17T14:31:55.032755Z,paper:2026-02-15:attempt-1:META:SELL,limit,626.97,,1174.78368
dhrp,AVGO,buy,2.5447,2.5447,317.999167,filled,2026-02-15T00:29:42.663565Z,2026-02-17T14:33:19.942212Z,paper:2026-02-15:attempt-1:AVGO:BUY,limit,331.67,,809.2124802649
dhrp,MU,buy,25.9762,25.9762,399.475701,filled,2026-02-15T00:29:44.087836Z,2026-02-17T14:34:39.364889Z,paper:2026-02-15:attempt-1:MU:BUY,limit,419.89,,10376.8607043162
dhrp,MSFT,sell,3.4605,3.4605,397.645734,filled,2026-02-15T00:29:43.855552Z,2026-02-17T14:33:13.794878Z,paper:2026-02-15:attempt-1:MSFT:SELL,limit,393.29,,1376.053062507
dhrp,ABBV,sell,21.4332,21.4332,232.55,filled,2026-02-15T00:29:42.196347Z,2026-02-17T14:32:33.66845Z,paper:2026-02-15:attempt-1:ABBV:SELL,limit,226.87,,4984.29066
dhrp,JNJ,sell,15.7542,15.7542,243.487709,filled,2026-02-15T00:29:43.141398Z,2026-02-17T14:33:36.297294Z,paper:2026-02-15:attempt-1:JNJ:SELL,limit,238.58,,3835.9540651278003
dhrp,AMD,sell,27.9512,27.9512,204.739974,filled,2026-02-15T00:29:42.429004Z,2026-02-17T14:37:23.777236Z,paper:2026-02-15:attempt-1:AMD:SELL,limit,203.17,,5722.7279612688
dhrp,GOOGL,sell,5.5307,5.5307,300.75,filled,2026-02-15T00:29:42.897674Z,2026-02-17T14:33:17.889364Z,paper:2026-02-15:attempt-1:GOOGL:SELL,limit,299.61,,1663.3580250000002
dhrp,NVDA,buy,68.2611,68.2611,181.801907,filled,2026-02-15T00:29:44.323586Z,2026-02-17T14:37:04.060373Z,paper:2026-02-15:attempt-1:NVDA:BUY,limit,186.47,,12409.9981539177
dhrp,AAPL,sell,47.423,0,,canceled,2026-02-22T10:37:34.0228Z,,paper:2026-02-22:attempt-1:AAPL:SELL,limit,259.29,,0.0
dhrp,AEM,buy,15.1763,0,,canceled,2026-02-22T10:37:34.54004Z,,paper:2026-02-22:attempt-1:AEM:BUY,limit,232.83,,0.0
dhrp,ALPMY,buy,158.388,0,,canceled,2026-02-22T10:37:34.771139Z,,paper:2026-02-22:attempt-1:ALPMY:BUY,limit,16.25,,0.0
dhrp,AVGO,sell,15.2677,0,,canceled,2026-02-22T10:37:35.012304Z,,paper:2026-02-22:attempt-1:AVGO:SELL,limit,326,,0.0
dhrp,BHP,buy,103.4365,0,,canceled,2026-02-22T10:37:35.253888Z,,paper:2026-02-22:attempt-1:BHP:BUY,limit,78.36,,0.0
dhrp,CFR,buy,67.3511,0,,canceled,2026-02-22T10:37:35.526782Z,,paper:2026-02-22:attempt-1:CFR:BUY,limit,148.35,,0.0
dhrp,CSUAY,buy,153.1439,0,,canceled,2026-02-22T10:37:35.756623Z,,paper:2026-02-22:attempt-1:CSUAY:BUY,limit,22.8,,0.0
dhrp,GFI,buy,84.0113,0,,canceled,2026-02-22T10:37:36.046573Z,,paper:2026-02-22:attempt-1:GFI:BUY,limit,55.17,,0.0
dhrp,GOOGL,sell,22.8167,0,,canceled,2026-02-22T10:37:36.285858Z,,paper:2026-02-22:attempt-1:GOOGL:SELL,limit,308.68,,0.0
dhrp,HAL,buy,190.939,0,,canceled,2026-02-22T10:37:36.579692Z,,paper:2026-02-22:attempt-1:HAL:BUY,limit,35.81,,0.0
dhrp,JNJ,sell,9.7504,0,,canceled,2026-02-22T10:37:36.887473Z,,paper:2026-02-22:attempt-1:JNJ:SELL,limit,237.64,,0.0
dhrp,KOF,buy,35.6059,0,,canceled,2026-02-22T10:37:37.125928Z,,paper:2026-02-22:attempt-1:KOF:BUY,limit,115.33,,0.0
dhrp,LLY,sell,5.9545,0,,canceled,2026-02-22T10:37:37.407712Z,,paper:2026-02-22:attempt-1:LLY:SELL,limit,989.33,,0.0
dhrp,META,sell,6.6193,0,,canceled,2026-02-22T10:37:37.644941Z,,paper:2026-02-22:attempt-1:META:SELL,limit,642.55,,0.0
dhrp,MSFT,sell,11.4971,0,,canceled,2026-02-22T10:37:37.882475Z,,paper:2026-02-22:attempt-1:MSFT:SELL,limit,389.29,,0.0
dhrp,MU,sell,25.9762,0,,canceled,2026-02-22T10:37:38.152Z,,paper:2026-02-22:attempt-1:MU:SELL,limit,419.61,,0.0
dhrp,NVDA,sell,93.6614,0,,canceled,2026-02-22T10:37:38.388292Z,,paper:2026-02-22:attempt-1:NVDA:SELL,limit,186.02,,0.0
dhrp,OMRNY,buy,589.0478,0,,canceled,2026-02-22T10:37:38.678284Z,,paper:2026-02-22:attempt-1:OMRNY:BUY,limit,34.02,,0.0
dhrp,RL,buy,9.9653,0,,canceled,2026-02-22T10:37:38.921948Z,,paper:2026-02-22:attempt-1:RL:BUY,limit,392.73,,0.0
dhrp,SAN,buy,214.7177,0,,canceled,2026-02-22T10:37:39.207563Z,,paper:2026-02-22:attempt-1:SAN:BUY,limit,13.01,,0.0
dhrp,SAP,sell,14.9559,0,,canceled,2026-02-22T10:37:39.44398Z,,paper:2026-02-22:attempt-1:SAP:SELL,limit,198.54,,0.0
dhrp,TOELY,sell,46.3332,0,,canceled,2026-02-22T10:37:39.957737Z,,paper:2026-02-22:attempt-1:TOELY:SELL,limit,140.38,,0.0
dhrp,TSLA,sell,31.7785,0,,canceled,2026-02-22T10:37:40.48554Z,,paper:2026-02-22:attempt-1:TSLA:SELL,limit,403.58,,0.0
dhrp,XOM,sell,11.6728,0,,canceled,2026-02-22T10:37:41.295978Z,,paper:2026-02-22:attempt-1:XOM:SELL,limit,144.33,,0.0
dhrp,SCCO,buy,12.4054,0,,canceled,2026-02-22T12:04:53.961053Z,,paper:2026-02-22:attempt-1:SCCO:BUY,limit,205.03,,0.0
dhrp,TPR,buy,18.2354,0,,canceled,2026-02-22T12:04:54.430596Z,,paper:2026-02-22:attempt-1:TPR:BUY,limit,160.23,,0.0
dhrp,TSM,buy,5.2989,0,,canceled,2026-02-22T12:04:55.030589Z,,paper:2026-02-22:attempt-1:TSM:BUY,limit,377.95,,0.0
dhrp,UMC,buy,514.1533,0,,canceled,2026-02-22T12:04:55.262348Z,,paper:2026-02-22:attempt-1:UMC:BUY,limit,10.61,,0.0
dhrp,ALPMY,buy,158.388,158.388,16.07,filled,2026-02-22T12:13:50.498571Z,2026-02-23T14:34:16.838943Z,paper:2026-02-22:attempt-3:ALPMY:BUY,limit,16.25,,2545.29516
dhrp,TOELY,sell,46.3332,46.3332,143.240288,filled,2026-02-22T12:13:55.741703Z,2026-02-23T14:31:33.344009Z,paper:2026-02-22:attempt-3:TOELY:SELL,limit,140.38,,6636.7809119615995
dhrp,CSUAY,buy,153.1439,153.1439,22.61,filled,2026-02-22T12:13:51.552354Z,2026-02-23T14:34:16.330081Z,paper:2026-02-22:attempt-3:CSUAY:BUY,limit,22.8,,3462.583579
dhrp,SAN,buy,214.7177,214.7177,13.01,filled,2026-02-22T12:13:54.928776Z,2026-02-23T15:09:17.540007Z,paper:2026-02-22:attempt-3:SAN:BUY,limit,13.01,,2793.477277
dhrp,META,sell,6.6193,6.6193,654.274843,filled,2026-02-22T12:13:53.359525Z,2026-02-23T14:33:19.118894Z,paper:2026-02-22:attempt-3:META:SELL,limit,642.55,,4330.8414682699
dhrp,MSFT,sell,11.4971,11.4971,391.702584,filled,2026-02-22T12:13:53.779154Z,2026-02-23T14:33:54.858416Z,paper:2026-02-22:attempt-3:MSFT:SELL,limit,389.29,,4503.4437785064
dhrp,GFI,buy,84.0113,0,,expired,2026-02-22T12:13:51.793407Z,,paper:2026-02-22:attempt-3:GFI:BUY,limit,55.17,,0.0
dhrp,BHP,buy,103.4365,103.4365,77.33,filled,2026-02-22T12:13:51.022259Z,2026-02-23T14:31:56.324257Z,paper:2026-02-22:attempt-3:BHP:BUY,limit,78.36,,7998.744545
dhrp,JNJ,sell,9.7504,9.7504,243.26,filled,2026-02-22T12:13:52.642004Z,2026-02-23T14:30:18.72438Z,paper:2026-02-22:attempt-3:JNJ:SELL,limit,237.64,,2371.882304
dhrp,SAP,sell,14.9559,14.9559,198.578309,filled,2026-02-22T12:13:55.214297Z,2026-02-23T14:34:15.191418Z,paper:2026-02-22:attempt-3:SAP:SELL,limit,198.54,,2969.9173315731
dhrp,AVGO,sell,15.2677,15.2677,333.121032,filled,2026-02-22T12:13:50.730194Z,2026-02-23T14:31:24.161836Z,paper:2026-02-22:attempt-3:AVGO:SELL,limit,326,,5085.9919802664
dhrp,CFR,buy,67.3511,67.3511,147.45,filled,2026-02-22T12:13:51.252896Z,2026-02-23T14:32:16.902472Z,paper:2026-02-22:attempt-3:CFR:BUY,limit,148.35,,9930.919694999999
dhrp,OMRNY,buy,589.0478,589.0478,33.69,filled,2026-02-22T12:13:54.461116Z,2026-02-23T14:31:24.198633Z,paper:2026-02-22:attempt-3:OMRNY:BUY,limit,34.02,,19845.020382
dhrp,GOOGL,sell,22.8167,22.8167,317.71,filled,2026-02-22T12:13:52.068155Z,2026-02-23T14:32:09.864118Z,paper:2026-02-22:attempt-3:GOOGL:SELL,limit,308.68,,7249.093757
dhrp,RL,buy,9.9653,9.9653,383.804632,filled,2026-02-22T12:13:54.696894Z,2026-02-23T14:34:50.044051Z,paper:2026-02-22:attempt-3:RL:BUY,limit,392.73,,3824.7282992696
dhrp,AEM,buy,15.1763,0,,expired,2026-02-22T12:13:50.232524Z,,paper:2026-02-22:attempt-3:AEM:BUY,limit,232.83,,0.0
dhrp,MU,sell,25.9762,25.9762,421.857177,filled,2026-02-22T12:13:54.007552Z,2026-02-23T14:34:46.528463Z,paper:2026-02-22:attempt-3:MU:SELL,limit,419.61,,10958.246401187398
dhrp,TSLA,sell,31.7785,31.7785,405.15,filled,2026-02-22T12:13:56.259185Z,2026-02-23T14:31:58.06394Z,paper:2026-02-22:attempt-3:TSLA:SELL,limit,403.58,,12875.059275
dhrp,NVDA,sell,93.6614,93.6614,193.202148,filled,2026-02-22T12:13:54.235474Z,2026-02-23T14:33:26.147858Z,paper:2026-02-22:attempt-3:NVDA:SELL,limit,186.02,,18095.5836646872
dhrp,KOF,buy,35.6059,35.6059,114.25,filled,2026-02-22T12:13:52.873869Z,2026-02-23T14:34:46.986873Z,paper:2026-02-22:attempt-3:KOF:BUY,limit,115.33,,4067.9740749999996
dhrp,LLY,sell,5.9545,5.9545,1037.614208,filled,2026-02-22T12:13:53.115543Z,2026-02-23T14:34:24.985655Z,paper:2026-02-22:attempt-3:LLY:SELL,limit,989.33,,6178.473801536
dhrp,AAPL,sell,47.423,47.423,265.11,filled,2026-02-22T12:13:50.003489Z,2026-02-23T14:30:31.340631Z,paper:2026-02-22:attempt-3:AAPL:SELL,limit,259.29,,12572.31153
dhrp,XOM,sell,11.6728,11.6728,149.186013,filled,2026-02-22T12:13:57.046774Z,2026-02-23T14:33:54.377505Z,paper:2026-02-22:attempt-3:XOM:SELL,limit,144.33,,1741.4184925464
dhrp,HAL,buy,190.939,190.939,35.374131,filled,2026-02-22T12:13:52.339402Z,2026-02-23T14:33:40.955084Z,paper:2026-02-22:attempt-3:HAL:BUY,limit,35.81,,6754.301199009
dhrp,CSUAY,sell,17.0756,17.0756,22.9,filled,2026-03-01T10:04:53.043163Z,2026-03-02T14:36:58.189768Z,paper:2026-03-01:attempt-1:CSUAY:SELL,limit,22.39,,391.03124
dhrp,BHP,sell,4.8215,4.8215,81.123109,filled,2026-03-01T10:04:52.810371Z,2026-03-02T14:33:58.629237Z,paper:2026-03-01:attempt-1:BHP:SELL,limit,79.94,,391.13507004350004
dhrp,AEM,buy,12.801,12.801,252.075332,filled,2026-03-01T10:04:54.422423Z,2026-03-02T14:35:30.450389Z,paper:2026-03-01:attempt-1:AEM:BUY,limit,256.63,,3226.816324932
dhrp,TSM,buy,4.9291,4.9291,366.49,filled,2026-03-01T10:04:55.822043Z,2026-03-02T14:31:19.814265Z,paper:2026-03-01:attempt-1:TSM:BUY,limit,382.07,,1806.4658590000001
dhrp,OMRNY,sell,13.6092,0,,expired,2026-03-01T10:04:53.739669Z,,paper:2026-03-01:attempt-1:OMRNY:SELL,limit,34.61,,0.0
dhrp,TPR,buy,20.8641,20.8641,152.165441,filled,2026-03-01T10:04:55.590848Z,2026-03-02T14:36:13.590027Z,paper:2026-03-01:attempt-1:TPR:BUY,limit,158.58,,3174.7949775681
dhrp,HAL,sell,1.8518,1.8518,36.22,filled,2026-03-01T10:04:53.279406Z,2026-03-02T14:31:48.360766Z,paper:2026-03-01:attempt-1:HAL:SELL,limit,35.28,,67.07219599999999
dhrp,SCCO,buy,11.4433,11.4433,218.62,filled,2026-03-01T10:04:55.358861Z,2026-03-02T14:31:23.995998Z,paper:2026-03-01:attempt-1:SCCO:BUY,limit,222.67,,2501.734246
dhrp,KOF,sell,2.0932,2.0932,109.331781,filled,2026-03-01T10:04:53.509836Z,2026-03-02T14:35:03.998717Z,paper:2026-03-01:attempt-1:KOF:SELL,limit,108.93,,228.8532839892
dhrp,ALPMY,sell,25.6616,0,,expired,2026-03-01T10:04:52.566132Z,,paper:2026-03-01:attempt-1:ALPMY:SELL,limit,16.18,,0.0
dhrp,GFI,buy,83.2061,83.2061,57.335436,filled,2026-03-01T10:04:54.896745Z,2026-03-02T14:33:36.798783Z,paper:2026-03-01:attempt-1:GFI:BUY,limit,60.02,,4770.658021359601
dhrp,CFR,buy,13.507,13.507,137.96,filled,2026-03-01T10:04:54.653987Z,2026-03-02T14:30:43.729882Z,paper:2026-03-01:attempt-1:CFR:BUY,limit,140.98,,1863.42572
dhrp,UMC,buy,468.7334,468.7334,10.283836,filled,2026-03-01T10:04:56.04744Z,2026-03-02T14:37:10.375035Z,paper:2026-03-01:attempt-1:UMC:BUY,limit,10.65,,4820.377413322401
dhrp,SAN,buy,5.8335,5.8335,11.924572,filled,2026-03-01T10:04:55.12425Z,2026-03-02T14:35:41.415128Z,paper:2026-03-01:attempt-1:SAN:BUY,limit,12.61,,69.561990762
dhrp,RL,sell,0.1409,0.1409,355.594,filled,2026-03-01T10:04:53.96949Z,2026-03-02T18:27:04.076768Z,paper:2026-03-01:attempt-1:RL:SELL,limit,355.35,,50.103194599999995
dhrp,LRCX,buy,25.2429,25.2429,219.5,filled,2026-03-04T21:50:28.081304Z,2026-03-05T14:31:05.239115Z,paper:2026-03-05:attempt-1:LRCX:BUY,limit,227.45,,5540.81655
dhrp,CIEN,buy,12.0163,12.0163,305.816915,filled,2026-03-04T21:50:27.145787Z,2026-03-05T14:33:09.256082Z,paper:2026-03-05:attempt-1:CIEN:BUY,limit,350.42,,3674.7877957144997
dhrp,GNRC,buy,13.7032,13.7032,217.78,filled,2026-03-04T21:50:27.853495Z,2026-03-05T14:32:41.850127Z,paper:2026-03-05:attempt-1:GNRC:BUY,limit,225.31,,2984.282896
dhrp,ATEYY,buy,104.8032,104.8032,160.91,filled,2026-03-04T21:50:26.914493Z,2026-03-05T14:30:03.946503Z,paper:2026-03-05:attempt-1:ATEYY:BUY,limit,168.53,,16863.882912
dhrp,MRAAY,buy,300.3651,300.3651,12.02,filled,2026-03-04T21:50:28.313331Z,2026-03-05T14:30:21.238821Z,paper:2026-03-05:attempt-1:MRAAY:BUY,limit,12.37,,3610.388502
dhrp,TER,buy,44.8812,44.8812,301.373569,filled,2026-03-04T21:50:29.244099Z,2026-03-05T14:33:28.444107Z,paper:2026-03-05:attempt-1:TER:BUY,limit,311.3,,13526.0074250028
dhrp,FCX,buy,50.3505,50.3505,63.605332,filled,2026-03-04T21:50:27.38979Z,2026-03-05T14:32:31.861537Z,paper:2026-03-05:attempt-1:FCX:BUY,limit,67.25,,3202.5602688659997
dhrp,MU,buy,6.9423,6.9423,403.295622,filled,2026-03-04T21:50:28.546126Z,2026-03-05T14:33:48.515558Z,paper:2026-03-05:attempt-1:MU:BUY,limit,408.79,,2799.7991966106
dhrp,OMRNY,sell,474.048,0,,expired,2026-03-04T21:50:25.08518Z,,paper:2026-03-05:attempt-1:OMRNY:SELL,limit,31.09,,0.0
dhrp,STX,buy,7.5488,7.5488,374.987351,filled,2026-03-04T21:50:29.013734Z,2026-03-05T14:32:31.495757Z,paper:2026-03-05:attempt-1:STX:BUY,limit,382.51,,2830.7045152288
dhrp,UI,buy,2.5074,2.5074,794.214806,filled,2026-03-04T21:50:29.718771Z,2026-03-05T14:32:37.98489Z,paper:2026-03-05:attempt-1:UI:BUY,limit,814.35,,1991.4142045644
dhrp,GLW,buy,54.8528,54.8528,134.79,filled,2026-03-04T21:50:27.621806Z,2026-03-05T14:31:10.718001Z,paper:2026-03-05:attempt-1:GLW:BUY,limit,147.74,,7393.608912
dhrp,FCX,sell,2.0609,0,,canceled,2026-03-08T14:44:04.778669Z,,paper:2026-03-08:attempt-1:FCX:SELL,limit,58.17,,0.0
dhrp,MRAAY,sell,22.9456,0,,canceled,2026-03-08T14:44:05.701868Z,,paper:2026-03-08:attempt-1:MRAAY:SELL,limit,11.29,,0.0
dhrp,OMRNY,sell,499.9473,0,,canceled,2026-03-08T14:44:05.998723Z,,paper:2026-03-08:attempt-1:OMRNY:SELL,limit,29.72,,0.0
dhrp,FCX,sell,2.0609,0,,canceled,2026-03-08T15:09:27.938632Z,,paper:2026-03-08:attempt-2:FCX:SELL,limit,58.17,,0.0
dhrp,MRAAY,sell,22.9456,0,,canceled,2026-03-08T15:09:28.862175Z,,paper:2026-03-08:attempt-2:MRAAY:SELL,limit,11.29,,0.0
dhrp,OMRNY,sell,499.9473,0,,canceled,2026-03-08T15:09:29.089604Z,,paper:2026-03-08:attempt-2:OMRNY:SELL,limit,29.72,,0.0
dhrp,CIEN,sell,0.7024,0.7024,308.752,filled,2026-03-09T15:21:07.539066Z,2026-03-09T15:21:07.543606Z,paper:2026-03-09:attempt-1:CIEN:SELL,limit,303.19,,216.8674048
dhrp,FCX,sell,1.8561,1.8561,57.35,filled,2026-03-09T15:21:07.989731Z,2026-03-09T15:21:09.983058Z,paper:2026-03-09:attempt-1:FCX:SELL,limit,56.2,,106.44733500000001
dhrp,MRAAY,sell,6.2755,6.2755,10.95,filled,2026-03-09T15:21:08.912163Z,2026-03-09T15:21:11.174445Z,paper:2026-03-09:attempt-1:MRAAY:SELL,limit,10.8,,68.716725
dhrp,MU,sell,0.3144,0.3144,376.23,filled,2026-03-09T15:21:09.140372Z,2026-03-09T15:21:09.144837Z,paper:2026-03-09:attempt-1:MU:SELL,limit,368.74,,118.28671200000001
dhrp,OMRNY,sell,483.1491,483.1491,29.09,filled,2026-03-09T15:21:09.375391Z,2026-03-09T15:21:14.011398Z,paper:2026-03-09:attempt-1:OMRNY:SELL,limit,28.41,,14054.807319
dhrp,STX,sell,0.2944,0.2944,357.86,filled,2026-03-09T15:21:10.296204Z,2026-03-09T15:21:10.300389Z,paper:2026-03-09:attempt-1:STX:SELL,limit,350.89,,105.353984
dhrp,UI,sell,0.0161,0.0161,738.028,filled,2026-03-09T15:21:11.218036Z,2026-03-09T15:21:11.222099Z,paper:2026-03-09:attempt-1:UI:SELL,limit,721.77,,11.8822508
dhrp,AEM,sell,12.801,12.801,219.11,filled,2026-03-09T15:29:07.623182Z,2026-03-09T15:29:11.262904Z,274813be-b4a2-4a06-88cd-e8cfe2c5cc22,market,,,2804.82711
dhrp,ALPMY,sell,158.388,158.388,14.89,filled,2026-03-09T15:29:07.870093Z,2026-03-09T15:29:15.355681Z,b870f4f9-b241-489e-af08-bbcffe356f7f,market,,,2358.39732
dhrp,ATEYY,sell,104.8032,104.8032,149.462462,filled,2026-03-09T15:29:08.11152Z,2026-03-09T15:29:15.317185Z,1b88ff85-b37f-4627-a21d-d83ccd4d3d6c,market,,,15664.144297478399
dhrp,BHP,sell,98.615,98.615,70.902737,filled,2026-03-09T15:29:08.40624Z,2026-03-09T15:29:16.081436Z,b5e4b3b5-ff56-4472-a48d-61affd2051f4,market,,,6992.073409255
dhrp,CFR,sell,80.8581,80.8581,133.67,filled,2026-03-09T15:29:08.72026Z,2026-03-09T15:29:12.406779Z,2d704488-c878-4485-b696-e0c98de63054,market,,,10808.302226999998
dhrp,CIEN,sell,11.3139,11.3139,308.85,filled,2026-03-09T15:29:08.949837Z,2026-03-09T15:29:14.711486Z,5cd4a3f7-34fe-427d-8181-b706fbe2e7ea,market,,,3494.2980150000003
dhrp,CSUAY,sell,136.0683,136.0683,23.76,filled,2026-03-09T15:29:09.178996Z,2026-03-09T15:29:13.363727Z,fa67ee0e-c8aa-4acf-97c7-505cea65f288,market,,,3232.982808
dhrp,FCX,sell,48.4944,48.4944,57.52,filled,2026-03-09T15:29:09.412072Z,2026-03-09T15:29:12.40153Z,fbad78bc-041d-4236-a5c5-5e6919c754a3,market,,,2789.397888
dhrp,GFI,sell,83.2061,83.2061,50.904379,filled,2026-03-09T15:29:09.643145Z,2026-03-09T15:29:15.515357Z,c076247d-e5a8-483f-96a9-b43b899dc6b1,market,,,4235.5548495119
dhrp,GLW,sell,54.8528,54.8528,125.6,filled,2026-03-09T15:29:09.934439Z,2026-03-09T15:29:13.72052Z,7f4eeed2-85b6-4a0b-a6e6-abd8060f6fff,market,,,6889.51168
dhrp,GNRC,sell,13.7032,13.7032,199.06,filled,2026-03-09T15:29:10.170665Z,2026-03-09T15:29:14.370005Z,8452fd4f-c0e1-4a9e-a627-2fe952a5297f,market,,,2727.758992
dhrp,HAL,sell,189.0872,189.0872,34.2,filled,2026-03-09T15:29:10.449522Z,2026-03-09T15:29:12.82806Z,0a328025-5932-4b40-abfb-52ef611fd6cb,market,,,6466.7822400000005
dhrp,KOF,sell,33.5127,33.5127,101.5,filled,2026-03-09T15:29:10.69719Z,2026-03-09T15:29:12.810587Z,356fa715-2ceb-42a4-96c1-67cee721b1f1,market,,,3401.5390500000003
dhrp,LRCX,sell,25.2429,25.2429,202.65,filled,2026-03-09T15:29:10.964375Z,2026-03-09T15:29:12.673488Z,7ca62696-810b-4017-bf09-14e1d238a6f5,market,,,5115.473685
dhrp,MRAAY,sell,294.0896,294.0896,10.95,filled,2026-03-09T15:29:11.266225Z,2026-03-09T15:29:15.235248Z,e74fb7af-2671-4a2e-bc95-3bd3c767aec7,market,,,3220.28112
dhrp,MU,sell,6.6279,6.6279,378.02,filled,2026-03-09T15:29:11.494969Z,2026-03-09T15:29:14.676604Z,1755b2c6-42d7-46a6-9a6c-085c73458135,market,,,2505.478758
dhrp,OMRNY,sell,105.8987,105.8987,29.1,filled,2026-03-09T15:29:11.731163Z,2026-03-09T15:29:15.874158Z,8ffe10e6-58c7-459a-bf74-deb67e10bd83,market,,,3081.6521700000003
dhrp,RL,sell,9.8244,9.8244,335.67,filled,2026-03-09T15:29:11.96474Z,2026-03-09T15:29:14.61702Z,972a50e0-e9f4-4edd-8381-378f89ec4f56,market,,,3297.7563480000003
dhrp,SAN,sell,220.5512,220.5512,10.94,filled,2026-03-09T15:29:12.201681Z,2026-03-09T15:29:13.995093Z,269934c8-9c43-4308-bf01-8a9ae8cf78f1,market,,,2412.8301279999996
dhrp,SCCO,sell,11.4433,11.4433,181.16,filled,2026-03-09T15:29:12.435281Z,2026-03-09T15:29:13.676603Z,361e6f2b-5a62-4c8b-9eb0-9c38359f117a,market,,,2073.068228
dhrp,STX,sell,7.2544,7.2544,357.65,filled,2026-03-09T15:29:12.663665Z,2026-03-09T15:29:15.088688Z,807938aa-e815-4d63-adcd-fd4135c80d09,market,,,2594.53616
dhrp,TER,sell,44.8812,44.8812,284.57,filled,2026-03-09T15:29:12.894893Z,2026-03-09T15:29:13.810024Z,63ba93c9-fbb7-4b1c-b926-b537750be26d,market,,,12771.843084
dhrp,TOELY,sell,0.4277,0.4277,125.6402,filled,2026-03-09T15:29:13.211934Z,2026-03-09T15:29:13.216251Z,35930142-d597-48f2-8a97-8cc78cc37168,market,,,53.73631354
dhrp,TPR,sell,20.8641,20.8641,140.81,filled,2026-03-09T15:29:13.516104Z,2026-03-09T15:29:14.514134Z,85227892-76e4-44dd-a422-cfbce08521d0,market,,,2937.8739210000003
dhrp,TSM,sell,14.7871,14.7871,337.62,filled,2026-03-09T15:29:13.794686Z,2026-03-09T15:29:14.317277Z,378d556a-f6a1-49ac-991f-4199bc27b347,market,,,4992.420702
dhrp,UI,sell,2.4913,2.4913,743.48,filled,2026-03-09T15:29:14.029376Z,2026-03-09T15:29:14.594093Z,791f43d7-74d6-4ed4-aeb7-229954c1943f,market,,,1852.231724
dhrp,UMC,sell,468.7334,468.7334,9.57,filled,2026-03-09T15:29:14.340426Z,2026-03-09T15:29:15.402456Z,339388e3-b75d-4d11-93d4-0b7d931d1c66,market,,,4485.778638000001
dhrp,ATEYY,buy,108.4987,108.4987,150.97,filled,2026-03-09T15:44:42.631065Z,2026-03-09T15:44:44.283467Z,paper:2026-03-09:attempt-2:ATEYY:BUY,market,,,16380.048739
dhrp,CIEN,buy,12.0006,12.0006,308.189161,filled,2026-03-09T15:44:42.866277Z,2026-03-09T15:44:45.274172Z,paper:2026-03-09:attempt-2:CIEN:BUY,market,,,3698.4548454966002
dhrp,FCX,buy,51.3179,51.3179,57.35,filled,2026-03-09T15:44:43.096382Z,2026-03-09T15:44:44.294796Z,paper:2026-03-09:attempt-2:FCX:BUY,market,,,2943.081565
dhrp,GLW,buy,59.2309,59.2309,124.45,filled,2026-03-09T15:44:43.367203Z,2026-03-09T15:44:44.018131Z,paper:2026-03-09:attempt-2:GLW:BUY,market,,,7371.285505
dhrp,GNRC,buy,14.5527,14.5527,198.67,filled,2026-03-09T15:44:43.744435Z,2026-03-09T15:44:45.080798Z,paper:2026-03-09:attempt-2:GNRC:BUY,market,,,2891.1849089999996
dhrp,LRCX,buy,27.1256,27.1256,202.21,filled,2026-03-09T15:44:43.972965Z,2026-03-09T15:44:44.289469Z,paper:2026-03-09:attempt-2:LRCX:BUY,market,,,5485.067576
dhrp,MRAAY,buy,310.6614,310.6614,11.12,filled,2026-03-09T15:44:44.210848Z,2026-03-09T15:44:46.196517Z,paper:2026-03-09:attempt-2:MRAAY:BUY,market,,,3454.554768
dhrp,MU,buy,6.8869,6.8869,374.82,filled,2026-03-09T15:44:44.473096Z,2026-03-09T15:44:46.291067Z,paper:2026-03-09:attempt-2:MU:BUY,market,,,2581.347858
dhrp,OMRNY,buy,123.3806,123.3806,29.47,filled,2026-03-09T15:44:44.729828Z,2026-03-09T15:44:46.189209Z,paper:2026-03-09:attempt-2:OMRNY:BUY,market,,,3636.026282
dhrp,STX,buy,7.624,7.624,356.88,filled,2026-03-09T15:44:45.185123Z,2026-03-09T15:44:47.280296Z,paper:2026-03-09:attempt-2:STX:BUY,market,,,2720.8531199999998
dhrp,TER,buy,43.5407,43.5407,286.09,filled,2026-03-09T15:44:45.418433Z,2026-03-09T15:44:48.345839Z,paper:2026-03-09:attempt-2:TER:BUY,market,,,12456.558862999998
dhrp,TPL,buy,16.8015,16.8015,541,filled,2026-03-09T15:44:45.647196Z,2026-03-09T15:44:46.91379Z,paper:2026-03-09:attempt-2:TPL:BUY,market,,,9089.6115
dhrp,UI,buy,2.6508,2.6508,741.08,filled,2026-03-09T15:44:45.880557Z,2026-03-09T15:44:47.70543Z,paper:2026-03-09:attempt-2:UI:BUY,market,,,1964.454864
dhrp,WDC,buy,7.1562,7.1562,252.5,filled,2026-03-09T15:44:46.110007Z,2026-03-09T15:44:47.329857Z,paper:2026-03-09:attempt-2:WDC:BUY,market,,,1806.9405
dhrp,TER,sell,40.0896,40.0896,314.447786,filled,2026-04-29T07:45:29.230048Z,2026-04-29T13:34:37.195632Z,paper:2026-04-29:attempt-1:TER:SELL,market,,,12606.0859616256
dhrp,UI,sell,2.6508,2.6508,955,filled,2026-04-29T07:45:29.73833Z,2026-04-29T13:31:47.642176Z,paper:2026-04-29:attempt-1:UI:SELL,market,,,2531.5139999999997
dhrp,MU,sell,6.8869,6.8869,523.058583,filled,2026-04-29T07:45:28.42718Z,2026-04-29T13:34:19.703433Z,paper:2026-04-29:attempt-1:MU:SELL,market,,,3602.2521552627
dhrp,OMRNY,sell,123.3806,123.3806,32.617182,filled,2026-04-29T07:45:28.721671Z,2026-04-29T13:33:38.639101Z,paper:2026-04-29:attempt-1:OMRNY:SELL,market,,,4024.3274854692
dhrp,GNRC,sell,14.5527,14.5527,238.02,filled,2026-04-29T07:45:27.694751Z,2026-04-29T13:31:35.012115Z,paper:2026-04-29:attempt-1:GNRC:SELL,market,,,3463.833654
dhrp,STX,sell,7.624,7.624,680,filled,2026-04-29T07:45:28.990014Z,2026-04-29T13:32:29.162142Z,paper:2026-04-29:attempt-1:STX:SELL,market,,,5184.32
dhrp,ATEYY,sell,108.4987,108.4987,180,filled,2026-04-29T07:45:26.699887Z,2026-04-29T13:32:39.029374Z,paper:2026-04-29:attempt-1:ATEYY:SELL,market,,,19529.766
dhrp,MRAAY,sell,310.6614,310.6614,14.81,filled,2026-04-29T07:45:28.17689Z,2026-04-29T13:33:36.670734Z,paper:2026-04-29:attempt-1:MRAAY:SELL,market,,,4600.895334000001
dhrp,GLW,sell,59.2309,59.2309,154.279266,filled,2026-04-29T07:45:27.4189Z,2026-04-29T13:34:48.617711Z,paper:2026-04-29:attempt-1:GLW:SELL,market,,,9138.0997765194
dhrp,WDC,sell,7.1562,7.1562,432.267077,filled,2026-04-29T07:45:30.052708Z,2026-04-29T13:34:42.481005Z,paper:2026-04-29:attempt-1:WDC:SELL,market,,,3093.3896564274
dhrp,CIEN,sell,12.0006,12.0006,470.166658,filled,2026-04-29T07:45:26.936863Z,2026-04-29T13:33:47.816114Z,paper:2026-04-29:attempt-1:CIEN:SELL,market,,,5642.2819959948
dhrp,LRCX,sell,27.1256,27.1256,251.5088,filled,2026-04-29T07:45:27.938639Z,2026-04-29T13:33:21.960415Z,paper:2026-04-29:attempt-1:LRCX:SELL,market,,,6822.32710528
dhrp,FCX,sell,51.3179,51.3179,57.666253,filled,2026-04-29T07:45:27.180609Z,2026-04-29T13:34:13.581276Z,paper:2026-04-29:attempt-1:FCX:SELL,market,,,2959.3110048287
dhrp,TPL,sell,16.5414,16.5414,434.15,filled,2026-04-29T07:45:29.473107Z,2026-04-29T13:30:24.936993Z,paper:2026-04-29:attempt-1:TPL:SELL,market,,,7181.448809999999
dhrp,AAPL,buy,17.4992,17.4992,268.96257,filled,2026-04-29T13:46:35.866068Z,2026-04-29T13:46:37.225363Z,paper:2026-04-29:attempt-1:AAPL:BUY,market,,,4706.629804944
dhrp,ATO,buy,54.591,54.591,187.27,filled,2026-04-29T13:46:36.120643Z,2026-04-29T13:46:36.587159Z,paper:2026-04-29:attempt-1:ATO:BUY,market,,,10223.256570000001
dhrp,CFR,buy,34.2554,34.2554,144.42,filled,2026-04-29T13:46:36.374291Z,2026-04-29T13:46:37.680763Z,paper:2026-04-29:attempt-1:CFR:BUY,market,,,4947.164868
dhrp,CHT,buy,364.7059,364.7059,43.37,filled,2026-04-29T13:46:36.608398Z,2026-04-29T13:46:39.470941Z,paper:2026-04-29:attempt-1:CHT:BUY,market,,,15817.294882999999
dhrp,EA,buy,29.6142,29.6142,202.386233,filled,2026-04-29T13:46:36.847329Z,2026-04-29T13:46:39.68942Z,paper:2026-04-29:attempt-1:EA:BUY,market,,,5993.5063813086
dhrp,EDU,buy,47.8598,47.8598,53.57,filled,2026-04-29T13:46:37.098667Z,2026-04-29T13:46:37.744288Z,paper:2026-04-29:attempt-1:EDU:BUY,market,,,2563.849486
dhrp,FWONA,buy,79.6902,79.6902,78.48,filled,2026-04-29T13:46:37.342855Z,2026-04-29T13:46:38.087202Z,paper:2026-04-29:attempt-1:FWONA:BUY,market,,,6254.086896000001
dhrp,JNJ,buy,49.0733,49.0733,225.95,filled,2026-04-29T13:46:37.821877Z,2026-04-29T13:46:38.978845Z,paper:2026-04-29:attempt-1:JNJ:BUY,market,,,11088.112135
dhrp,NSRGY,buy,48.2259,48.2259,100.049124,filled,2026-04-29T13:46:38.066766Z,2026-04-29T13:46:40.456848Z,paper:2026-04-29:attempt-1:NSRGY:BUY,market,,,4824.9590491116005
dhrp,NVZMY,buy,66.8684,66.8684,59.86,filled,2026-04-29T13:46:38.376664Z,2026-04-29T13:46:39.413922Z,paper:2026-04-29:attempt-1:NVZMY:BUY,market,,,4002.7424239999996
dhrp,RSG,buy,37.4075,37.4075,206.69,filled,2026-04-29T13:46:38.684853Z,2026-04-29T13:46:41.95864Z,paper:2026-04-29:attempt-1:RSG:BUY,market,,,7731.7561749999995
dhrp,SGAPY,buy,210.1648,210.1648,36.48,filled,2026-04-29T13:46:38.922642Z,2026-04-29T13:46:40.685027Z,paper:2026-04-29:attempt-1:SGAPY:BUY,market,,,7666.811904
dhrp,T,buy,265.1984,265.1984,26.06,filled,2026-04-29T13:46:39.161142Z,2026-04-29T13:46:41.63735Z,paper:2026-04-29:attempt-1:T:BUY,market,,,6911.070304
dhrp,WES,buy,193.5834,193.5834,41.62,filled,2026-04-29T13:46:39.503031Z,2026-04-29T13:46:40.742967Z,paper:2026-04-29:attempt-1:WES:BUY,market,,,8056.941108
dhrp,AAPL,sell,17.413,17.413,278.422961,filled,2026-05-04T11:31:01.641002Z,2026-05-04T13:34:08.55942Z,paper:2026-05-04:attempt-1:AAPL:SELL,market,,,4848.179019893
dhrp,ATO,sell,10.4565,10.4565,186.52,filled,2026-05-04T11:31:01.881006Z,2026-05-04T13:33:15.993324Z,paper:2026-05-04:attempt-1:ATO:SELL,market,,,1950.3463800000002
dhrp,CFR,sell,33.7673,33.7673,138.63,filled,2026-05-04T11:31:02.110544Z,2026-05-04T13:32:06.199194Z,paper:2026-05-04:attempt-1:CFR:SELL,market,,,4681.160798999999
dhrp,CHT,sell,98.4579,98.4579,43,filled,2026-05-04T11:31:02.340475Z,2026-05-04T13:35:50.959795Z,paper:2026-05-04:attempt-1:CHT:SELL,market,,,4233.6897
dhrp,EDU,sell,47.8598,47.8598,53.111019,filled,2026-05-04T11:31:02.576056Z,2026-05-04T13:34:19.089333Z,paper:2026-05-04:attempt-1:EDU:SELL,market,,,2541.8827471362
dhrp,FWONA,sell,79.6902,79.6902,80.79668,filled,2026-05-04T11:31:02.8179Z,2026-05-04T13:34:06.977065Z,paper:2026-05-04:attempt-1:FWONA:SELL,market,,,6438.703588536
dhrp,JNJ,sell,17.9925,17.9925,225.3,filled,2026-05-04T11:31:03.049941Z,2026-05-04T13:32:39.893768Z,paper:2026-05-04:attempt-1:JNJ:SELL,market,,,4053.71025
dhrp,NSRGY,sell,48.2259,48.2259,100.082703,filled,2026-05-04T11:31:03.28359Z,2026-05-04T13:35:04.976951Z,paper:2026-05-04:attempt-1:NSRGY:SELL,market,,,4826.5784266077
dhrp,RSG,sell,37.4075,37.4075,205.57,filled,2026-05-04T11:31:03.526547Z,2026-05-04T13:33:05.818925Z,paper:2026-05-04:attempt-1:RSG:SELL,market,,,7689.859775
dhrp,TER,sell,3.4429,3.4429,343.974378,filled,2026-05-04T11:31:03.757186Z,2026-05-04T13:34:51.564069Z,paper:2026-05-04:attempt-1:TER:SELL,market,,,1184.2693860161999
dhrp,TPL,sell,0.2601,0.2601,433.6,filled,2026-05-04T11:31:03.985869Z,2026-05-04T13:30:03.170965Z,paper:2026-05-04:attempt-1:TPL:SELL,market,,,112.77936000000001
dhrp,CTVA,buy,43.5309,43.5309,80.69,filled,2026-05-04T13:46:16.248648Z,2026-05-04T13:46:17.641107Z,paper:2026-05-04:attempt-1:CTVA:BUY,market,,,3512.5083210000003
dhrp,EA,buy,8.9115,8.9115,202.15,filled,2026-05-04T13:46:16.484349Z,2026-05-04T13:46:17.975272Z,paper:2026-05-04:attempt-1:EA:BUY,market,,,1801.4597250000002
dhrp,HLN,buy,457.97,457.97,9.32,filled,2026-05-04T13:46:16.723188Z,2026-05-04T13:46:17.321109Z,paper:2026-05-04:attempt-1:HLN:BUY,market,,,4268.280400000001
dhrp,LIN,buy,13.6034,13.6034,501.67,filled,2026-05-04T13:46:16.961767Z,2026-05-04T13:46:18.768948Z,paper:2026-05-04:attempt-1:LIN:BUY,market,,,6824.417678000001
dhrp,SAR,buy,221.5848,221.5848,23.72,filled,2026-05-04T13:46:17.204387Z,2026-05-04T13:46:20.242066Z,paper:2026-05-04:attempt-1:SAR:BUY,market,,,5255.991456
dhrp,SGAPY,buy,41.8256,41.8256,36.74,filled,2026-05-04T13:46:17.449304Z,2026-05-04T13:46:19.424018Z,paper:2026-05-04:attempt-1:SGAPY:BUY,market,,,1536.6725440000002
dhrp,SNY,buy,63.2322,63.2322,43.75,filled,2026-05-04T13:46:17.688345Z,2026-05-04T13:46:18.834644Z,paper:2026-05-04:attempt-1:SNY:BUY,market,,,2766.40875
dhrp,TJX,buy,58.9012,58.9012,155.92,filled,2026-05-04T13:46:17.941034Z,2026-05-04T13:46:21.222595Z,paper:2026-05-04:attempt-1:TJX:BUY,market,,,9183.875103999999
dhrp,VLTO,buy,73.625,73.625,87.68,filled,2026-05-04T13:46:18.17289Z,2026-05-04T13:46:19.65208Z,paper:2026-05-04:attempt-1:VLTO:BUY,market,,,6455.4400000000005
dhrp,WES,buy,63.038,63.038,42.02,filled,2026-05-04T13:46:18.408465Z,2026-05-04T13:46:19.041469Z,paper:2026-05-04:attempt-1:WES:BUY,market,,,2648.85676
dhrp,SGAPY,sell,77.6429,77.6429,36.518022,filled,2026-05-11T11:30:52.660397Z,2026-05-11T13:35:41.443073Z,paper:2026-05-11:attempt-1:SGAPY:SELL,market,,,2835.3651303438
dhrp,T,sell,83.2536,83.2536,25.247329,filled,2026-05-11T11:30:52.888733Z,2026-05-11T13:33:41.442824Z,paper:2026-05-11:attempt-1:T:SELL,market,,,2101.9310296344
dhrp,WES,sell,57.7821,57.7821,43.38,filled,2026-05-11T11:30:53.11702Z,2026-05-11T13:31:04.229696Z,paper:2026-05-11:attempt-1:WES:SELL,market,,,2506.5874980000003
dhrp,AAPL,sell,0.0862,0.0862,292,filled,2026-05-11T11:30:52.196226Z,2026-05-11T13:30:01.624283Z,paper:2026-05-11:attempt-1:AAPL:SELL,market,,,25.1704
dhrp,CFR,sell,0.4881,0.4881,139.49,filled,2026-05-11T11:30:52.42959Z,2026-05-11T13:30:01.213411Z,paper:2026-05-11:attempt-1:CFR:SELL,market,,,68.085069
dhrp,CHT,buy,164.4482,164.4482,43.64,filled,2026-05-11T13:36:09.46323Z,2026-05-11T13:37:00.484131Z,paper:2026-05-11:attempt-1:CHT:BUY,market,,,7176.519448000001
dhrp,SAR,buy,40.4233,40.4233,22.4,filled,2026-05-11T13:36:09.718862Z,2026-05-11T13:36:33.406889Z,paper:2026-05-11:attempt-1:SAR:BUY,market,,,905.4819199999998
dhrp,TJX,sell,9.6866,9.6866,158.929847,filled,2026-05-25T11:30:59.254274Z,2026-05-26T13:42:14.437058Z,paper:2026-05-25:attempt-1:TJX:SELL,market,,,1539.4898559502
dhrp,CHT,buy,34.3647,34.3647,43.82,filled,2026-05-26T13:43:19.712641Z,2026-05-26T13:44:35.20416Z,paper:2026-05-25:attempt-1:CHT:BUY,market,,,1505.861154
dhrp,VLTO,sell,14.4157,14.4157,82.973577,filled,2026-06-01T11:31:00.113242Z,2026-06-01T13:38:20.357516Z,paper:2026-06-01:attempt-1:VLTO:SELL,market,,,1196.1221939589
dhrp,LIN,buy,2.385,2.385,493.356164,filled,2026-06-01T13:39:13.588451Z,2026-06-01T13:41:07.131858Z,paper:2026-06-01:attempt-1:LIN:BUY,market,,,1176.6544511399998
dhrp,CHT,sell,27.8887,27.8887,42.85,filled,2026-06-08T11:31:06.866631Z,2026-06-08T13:33:46.093658Z,paper:2026-06-08:attempt-1:CHT:SELL,market,,,1195.0307950000001
dhrp,JNJ,sell,6.2983,6.2983,233.11692,filled,2026-06-08T11:31:07.110992Z,2026-06-08T13:34:53.989031Z,paper:2026-06-08:attempt-1:JNJ:SELL,market,,,1468.240297236
dhrp,LIN,sell,3.6097,3.6097,506.864677,filled,2026-06-08T11:31:07.35483Z,2026-06-08T13:36:55.83106Z,paper:2026-06-08:attempt-1:LIN:SELL,market,,,1829.6294245669
dhrp,SAR,buy,59.2304,59.2304,22.49,filled,2026-06-08T13:37:12.617235Z,2026-06-08T13:37:31.158222Z,paper:2026-06-08:attempt-1:SAR:BUY,market,,,1332.091696
dhrp,T,buy,62.225,62.225,22.65,filled,2026-06-08T13:37:12.854873Z,2026-06-08T13:37:44.003942Z,paper:2026-06-08:attempt-1:T:BUY,market,,,1409.39625
dhrp,VLTO,buy,21.1876,21.1876,85.88,filled,2026-06-08T13:37:13.092292Z,2026-06-08T13:37:33.472656Z,paper:2026-06-08:attempt-1:VLTO:BUY,market,,,1819.591088
dhrp,TJX,sell,8.7045,8.7045,165.354542,filled,2026-06-15T11:31:21.988527Z,2026-06-15T13:38:14.827636Z,paper:2026-06-15:attempt-1:TJX:SELL,market,,,1439.328610839
dhrp,T,buy,48.3998,48.3998,23.293388,filled,2026-06-15T13:39:13.798277Z,2026-06-15T13:40:12.080996Z,paper:2026-06-15:attempt-1:T:BUY,market,,,1127.3953205224
dhrp,CHT,sell,70.5488,70.5488,45.24,filled,2026-06-22T11:30:58.965033Z,2026-06-22T13:37:26.842572Z,paper:2026-06-22:attempt-1:CHT:SELL,market,,,3191.627712
dhrp,T,sell,50.3793,50.3793,22.059315,filled,2026-06-22T11:30:59.211731Z,2026-06-22T13:39:34.571931Z,paper:2026-06-22:attempt-1:T:SELL,market,,,1111.3328481795002
dhrp,EA,buy,7.4075,7.4075,202.608701,filled,2026-06-22T13:40:19.607672Z,2026-06-22T13:41:10.362186Z,paper:2026-06-22:attempt-1:EA:BUY,market,,,1500.8239526574998
dhrp,SGAPY,buy,64.2784,64.2784,34.5,filled,2026-06-22T13:40:20.0574Z,2026-06-22T13:41:19.271909Z,paper:2026-06-22:attempt-1:SGAPY:BUY,market,,,2217.6048
dhrp,WES,buy,21.5375,21.5375,43.39,filled,2026-06-22T13:40:20.33436Z,2026-06-22T13:40:54.371158Z,paper:2026-06-22:attempt-1:WES:BUY,market,,,934.5121250000001
dhrp,T,sell,78.3647,78.3647,20.624825,filled,2026-07-06T11:32:35.610938Z,2026-07-06T13:42:55.365929Z,paper:2026-07-06:attempt-1:T:SELL,market,,,1616.2582236775002
dhrp,VLTO,sell,12.7438,12.7438,91.131511,filled,2026-07-06T11:32:35.846896Z,2026-07-06T13:40:08.272782Z,paper:2026-07-06:attempt-1:VLTO:SELL,market,,,1161.3617498818
dhrp,EA,buy,3.6997,3.6997,205.23,filled,2026-07-06T13:43:20.527725Z,2026-07-06T13:43:32.117483Z,paper:2026-07-06:attempt-1:EA:BUY,market,,,759.2894309999999
dhrp,SGAPY,buy,22.3358,22.3358,35.44,filled,2026-07-06T13:43:20.766358Z,2026-07-06T13:43:24.674228Z,paper:2026-07-06:attempt-1:SGAPY:BUY,market,,,791.580752
dhrp,TJX,buy,7.6133,7.6133,150.61,filled,2026-07-06T13:43:21.029742Z,2026-07-06T13:43:29.994519Z,paper:2026-07-06:attempt-1:TJX:BUY,market,,,1146.639113
dhrp,JNJ,sell,4.8585,4.8585,257.447883,filled,2026-07-13T11:31:16.724642Z,2026-07-13T13:35:11.483261Z,paper:2026-07-13:attempt-1:JNJ:SELL,market,,,1250.8105395555
dhrp,CHT,buy,30.0037,30.0037,41.63,filled,2026-07-13T13:36:10.030203Z,2026-07-13T13:37:02.531798Z,paper:2026-07-13:attempt-1:CHT:BUY,market,,,1249.0540310000001
dhrp,ATO,sell,44.1345,44.1345,168.722506,filled,2026-08-10T11:31:22.325834Z,2026-08-10T13:34:55.442925Z,paper:2026-08-10:attempt-1:ATO:SELL,market,,,7446.483441057001
dhrp,HLN,sell,452.4908,452.4908,9.872188,filled,2026-08-10T11:31:22.569884Z,2026-08-10T13:35:24.28503Z,paper:2026-08-10:attempt-1:HLN:SELL,market,,,4467.0742458704
dhrp,JNJ,sell,19.8694,19.8694,258.735532,filled,2026-08-10T11:31:22.8048Z,2026-08-10T13:35:41.611965Z,paper:2026-08-10:attempt-1:JNJ:SELL,market,,,5140.919779520799
dhrp,SAR,sell,321.078,321.078,19.71,filled,2026-08-10T11:31:23.036917Z,2026-08-10T13:31:57.271273Z,paper:2026-08-10:attempt-1:SAR:SELL,market,,,6328.44738
dhrp,SNY,sell,63.2322,63.2322,43.53021,filled,2026-08-10T11:31:23.272724Z,2026-08-10T13:34:55.60102Z,paper:2026-08-10:attempt-1:SNY:SELL,market,,,2752.510944762
dhrp,TJX,sell,48.1234,48.1234,160.201432,filled,2026-08-10T11:31:23.506526Z,2026-08-10T13:36:42.195826Z,paper:2026-08-10:attempt-1:TJX:SELL,market,,,7709.4375927088
dhrp,VLTO,sell,13.8225,13.8225,97.287911,filled,2026-08-10T11:31:23.750977Z,2026-08-10T13:34:18.176532Z,paper:2026-08-10:attempt-1:VLTO:SELL,market,,,1344.7621497975
dhrp,WES,sell,220.3768,220.3768,46.84291,filled,2026-08-10T11:31:24.078471Z,2026-08-10T13:35:14.551815Z,paper:2026-08-10:attempt-1:WES:SELL,market,,,10323.090608488
dhrp,ALPMY,buy,227.0577,227.0577,14.92,filled,2026-08-10T13:37:10.040398Z,2026-08-10T13:37:27.005092Z,paper:2026-08-10:attempt-1:ALPMY:BUY,market,,,3387.7008840000003
dhrp,CHT,buy,127.5454,127.5454,42.65,filled,2026-08-10T13:37:10.510522Z,2026-08-10T13:37:48.118441Z,paper:2026-08-10:attempt-1:CHT:BUY,market,,,5439.81131
dhrp,CTVA,buy,24.7942,24.7942,76.99,filled,2026-08-10T13:37:10.941559Z,2026-08-10T13:37:27.715318Z,paper:2026-08-10:attempt-1:CTVA:BUY,market,,,1908.905458
dhrp,EBAY,buy,18.6377,18.6377,108.79,filled,2026-08-10T13:37:11.43414Z,2026-08-10T13:37:31.915056Z,paper:2026-08-10:attempt-1:EBAY:BUY,market,,,2027.595383
dhrp,EQIX,buy,7.6476,7.6476,1037.93,filled,2026-08-10T13:37:11.671116Z,2026-08-10T13:37:19.196644Z,paper:2026-08-10:attempt-1:EQIX:BUY,market,,,7937.673468
dhrp,HSHCY,buy,433.912,433.912,10.78,filled,2026-08-10T13:37:11.943919Z,2026-08-10T13:37:36.272696Z,paper:2026-08-10:attempt-1:HSHCY:BUY,market,,,4677.57136
dhrp,KAOOY,buy,630.9788,630.9788,6.74,filled,2026-08-10T13:37:12.266596Z,2026-08-10T13:37:55.416912Z,paper:2026-08-10:attempt-1:KAOOY:BUY,market,,,4252.797112
dhrp,LIN,buy,5.9338,5.9338,488.12,filled,2026-08-10T13:37:12.519692Z,2026-08-10T13:37:35.421735Z,paper:2026-08-10:attempt-1:LIN:BUY,market,,,2896.4064559999997
dhrp,MNST,buy,67.9644,67.9644,91.223232,filled,2026-08-10T13:37:12.813824Z,2026-08-10T13:37:33.845636Z,paper:2026-08-10:attempt-1:MNST:BUY,market,,,6199.932228940799
dhrp,T,buy,133.5064,133.5064,23.66,filled,2026-08-10T13:37:13.045488Z,2026-08-10T13:37:25.354364Z,paper:2026-08-10:attempt-1:T:BUY,market,,,3158.7614240000003
dhrp,HLN,sell,5.4227,5.4227,9.63,filled,2026-08-17T11:31:04.154245Z,2026-08-17T13:30:03.564359Z,paper:2026-08-17:attempt-1:HLN:SELL,market,,,52.220601
dhrp,MNST,sell,35.6311,35.6311,46.02,filled,2026-08-17T11:31:04.618703Z,2026-08-17T13:32:23.030587Z,paper:2026-08-17:attempt-1:MNST:SELL,market,,,1639.7432220000003
dhrp,JNJ,sell,0.0544,0.0544,258.87,filled,2026-08-17T11:31:04.384855Z,2026-08-17T13:30:01.998878Z,paper:2026-08-17:attempt-1:JNJ:SELL,market,,,14.082528
dhrp,CHT,buy,36.7654,36.7654,43,filled,2026-08-17T13:33:07.016602Z,2026-08-17T13:37:38.729642Z,paper:2026-08-17:attempt-1:CHT:BUY,market,,,1580.9122
dhrp,GWW,buy,6.2173,6.2173,1319.711894,filled,2026-08-17T13:33:07.248014Z,2026-08-17T13:37:45.380172Z,paper:2026-08-17:attempt-1:GWW:BUY,market,,,8205.0447585662
dhrp,NVZMY,buy,17.4032,17.4032,64.899296,filled,2026-08-17T13:33:07.494053Z,2026-08-17T13:37:12.817849Z,paper:2026-08-17:attempt-1:NVZMY:BUY,market,,,1129.4554281472
dhrp,VLTO,buy,28.0408,28.0408,97.528217,filled,2026-08-17T13:33:07.789991Z,2026-08-17T13:36:48.834258Z,paper:2026-08-17:attempt-1:VLTO:BUY,market,,,2734.7692272536
dhrp,MNST,sell,29.5972,29.5972,48.35,filled,2026-08-24T11:31:37.869875Z,2026-08-24T13:31:35.722769Z,paper:2026-08-24:attempt-1:MNST:SELL,market,,,1431.0246200000001
dhrp,HLN,sell,0.0565,0.0565,9.98,filled,2026-08-24T11:31:37.403326Z,2026-08-24T13:30:01.742693Z,paper:2026-08-24:attempt-1:HLN:SELL,market,,,0.5638700000000001
dhrp,JNJ,sell,0.0002,0.0002,270.1,filled,2026-08-24T11:31:37.634754Z,2026-08-24T13:30:01.879422Z,paper:2026-08-24:attempt-1:JNJ:SELL,market,,,0.054020000000000006
dhrp,SAR,sell,0.1605,0.1605,18.42,filled,2026-08-24T11:31:38.104473Z,2026-08-24T13:30:01.152905Z,paper:2026-08-24:attempt-1:SAR:SELL,market,,,2.9564100000000004
dhrp,TER,sell,0.0082,0.0082,361.1,filled,2026-08-24T11:31:38.337848Z,2026-08-24T13:30:01.846676Z,paper:2026-08-24:attempt-1:TER:SELL,market,,,2.9610200000000004
dhrp,GWW,buy,0.5085,0.5085,1324.63,filled,2026-08-24T13:32:05.238518Z,2026-08-24T13:32:05.359308Z,paper:2026-08-24:attempt-1:GWW:BUY,market,,,673.574355
dhrp,LIN,buy,2.9208,2.9208,489.687119,filled,2026-08-24T13:32:05.568182Z,2026-08-24T13:36:14.237791Z,paper:2026-08-24:attempt-1:LIN:BUY,market,,,1430.2781371751998
dhrp,CTVA,sell,22.9342,22.9342,84,filled,2026-08-31T11:31:03.037181Z,2026-08-31T13:31:32.385752Z,paper:2026-08-31:attempt-1:CTVA:SELL,market,,,1926.4728
dhrp,LIN,sell,3.8617,3.8617,489.09,filled,2026-08-31T11:31:03.276967Z,2026-08-31T13:32:24.527866Z,paper:2026-08-31:attempt-1:LIN:SELL,market,,,1888.7188529999999
dhrp,NVZMY,sell,19.9843,19.9843,71.697514,filled,2026-08-31T11:31:03.519274Z,2026-08-31T13:33:53.391021Z,paper:2026-08-31:attempt-1:NVZMY:SELL,market,,,1432.8246290302
dhrp,VLTO,sell,12.9357,12.9357,97.19,filled,2026-08-31T11:31:03.76025Z,2026-08-31T13:33:30.111468Z,paper:2026-08-31:attempt-1:VLTO:SELL,market,,,1257.220683
dhrp,CHT,buy,45.3592,45.3592,43.23,filled,2026-08-31T13:34:07.631644Z,2026-08-31T13:36:17.397414Z,paper:2026-08-31:attempt-1:CHT:BUY,market,,,1960.8782159999998
dhrp,EQIX,buy,1.2723,1.2723,1042.79,filled,2026-08-31T13:34:07.904111Z,2026-08-31T13:34:19.319785Z,paper:2026-08-31:attempt-1:EQIX:BUY,market,,,1326.7417169999999
dhrp,GWW,buy,1.0219,1.0219,1310,filled,2026-08-31T13:34:08.213352Z,2026-08-31T13:36:17.65492Z,paper:2026-08-31:attempt-1:GWW:BUY,market,,,1338.689
dhrp,EQIX,sell,1.4065,1.4065,1024.28,filled,2026-09-07T13:12:04.701845Z,2026-09-08T13:32:38.438849Z,paper:2026-09-07:attempt-1:EQIX:SELL,market,,,1440.64982
dhrp,GWW,sell,1.0679,1.0679,1312.79,filled,2026-09-07T13:12:04.949688Z,2026-09-08T13:31:23.311794Z,paper:2026-09-07:attempt-1:GWW:SELL,market,,,1401.928441
dhrp,T,sell,58.6464,58.6464,25.555334,filled,2026-09-07T13:12:05.202892Z,2026-09-08T13:33:27.431609Z,paper:2026-09-07:attempt-1:T:SELL,market,,,1498.7283398975999
dhrp,CHT,sell,48.6735,48.6735,43.77,filled,2026-09-07T13:12:04.440225Z,2026-09-08T13:37:30.188954Z,paper:2026-09-07:attempt-1:CHT:SELL,market,,,2130.439095
dhrp,MNST,buy,139.9197,139.9197,43.47,filled,2026-09-08T13:38:13.635492Z,2026-09-08T13:38:16.544082Z,paper:2026-09-07:attempt-1:MNST:BUY,market,,,6082.309359
dhrp,SGAPY,buy,31.827,31.827,36.5,filled,2026-09-08T13:38:13.892909Z,2026-09-08T13:38:23.467712Z,paper:2026-09-07:attempt-1:SGAPY:BUY,market,,,1161.6855
dhrp,CHT,sell,29.956,29.956,45.486966,filled,2026-09-21T11:01:07.868691Z,2026-09-21T13:33:41.237549Z,paper:2026-09-21:attempt-1:CHT:SELL,market,,,1362.607553496
dhrp,LIN,sell,2.4354,2.4354,467.573104,filled,2026-09-28T11:04:17.724295Z,2026-09-28T13:32:28.535692Z,paper:2026-09-28:attempt-1:LIN:SELL,market,,,1138.7275374816
sac,TSLA,buy,32.2251,32.2251,426.233561,filled,2026-01-19T04:38:13.43396Z,2026-01-20T14:34:22.458574Z,paper:2026-01-19:attempt-1:TSLA:BUY,limit,441.88,,13735.419126581099
sac,AMD,buy,86.2701,86.2701,231.203995,filled,2026-01-19T04:38:13.405313Z,2026-01-20T14:35:19.575553Z,paper:2026-01-19:attempt-1:AMD:BUY,limit,234.15,,19945.9917690495
sac,META,buy,32.2451,32.2451,605.377525,filled,2026-01-19T04:38:13.426132Z,2026-01-20T14:35:10.194788Z,paper:2026-01-19:attempt-1:META:BUY,limit,626.45,,19520.4588313775
sac,MSFT,buy,43.4915,43.4915,450.018744,filled,2026-01-19T04:38:13.428083Z,2026-01-20T14:36:19.070922Z,paper:2026-01-19:attempt-1:MSFT:BUY,limit,464.46,,19571.990204676003
sac,GOOGL,buy,5.4935,5.4935,323.93,filled,2026-01-19T04:38:13.424046Z,2026-01-20T14:33:34.473678Z,paper:2026-01-19:attempt-1:GOOGL:BUY,limit,333.3,,1779.5094550000001
sac,TOELY,buy,0.428,0.428,127.918,filled,2026-01-19T04:38:13.431644Z,2026-01-20T15:09:30.818341Z,paper:2026-01-19:attempt-1:TOELY:BUY,limit,134.86,,54.748904
sac,TSM,buy,0.0502,0.0502,335.13,filled,2026-01-19T04:38:13.429909Z,2026-01-20T15:09:30.721304Z,paper:2026-01-19:attempt-1:TSM:BUY,limit,345.82,,16.823526
sac,MSFT,buy,1.8482,1.8482,465.7,filled,2026-01-25T07:33:34.415691Z,2026-01-26T14:30:02.379676Z,paper:2026-01-25:attempt-1:MSFT:BUY,limit,470.61,,860.70674
sac,TSLA,buy,1.7906,1.7906,443,filled,2026-01-25T07:33:34.4133Z,2026-01-26T14:31:23.517686Z,paper:2026-01-25:attempt-1:TSLA:BUY,limit,453.55,,793.2358
sac,AMD,sell,4.9161,0,,expired,2026-01-25T07:33:34.421042Z,,paper:2026-01-25:attempt-1:AMD:SELL,limit,257.08,,0.0
sac,GOOGL,sell,0.1541,0.1541,327.744,filled,2026-01-25T07:33:34.41062Z,2026-01-26T14:30:00.212618Z,paper:2026-01-25:attempt-1:GOOGL:SELL,limit,324.65,,50.5053504
sac,TOELY,sell,0.2188,0,,expired,2026-01-25T07:33:34.4181Z,,paper:2026-01-25:attempt-1:TOELY:SELL,limit,131.47,,0.0
sac,META,sell,0.1757,0.1757,665.12,filled,2026-01-25T07:33:34.419656Z,2026-01-26T14:30:00.326058Z,paper:2026-01-25:attempt-1:META:SELL,limit,652.17,,116.861584
sac,AAPL,buy,40.2822,40.2822,263.178192,filled,2026-02-01T10:15:53.434793Z,2026-02-02T14:33:16.386972Z,paper:2026-02-01:attempt-1:AAPL:BUY,limit,264.67,,10601.396565782401
sac,MSFT,sell,45.2984,45.2984,426.945485,filled,2026-02-01T10:15:53.449021Z,2026-02-02T14:32:37.912833Z,paper:2026-02-01:attempt-1:MSFT:SELL,limit,421.68,,19339.947357724002
sac,META,sell,32.0694,32.0694,713.643707,filled,2026-02-01T10:15:53.447732Z,2026-02-02T14:33:18.526344Z,paper:2026-02-01:attempt-1:META:SELL,limit,702.17,,22886.1254972658
sac,TSLA,sell,34.0157,34.0157,421.82,filled,2026-02-01T10:15:53.450509Z,2026-02-02T15:40:27.596551Z,paper:2026-02-01:attempt-1:TSLA:SELL,limit,421.8,,14348.502574
sac,GOOGL,buy,55.7952,55.7952,336.79,filled,2026-02-01T10:15:53.440201Z,2026-02-02T14:32:04.59799Z,paper:2026-02-01:attempt-1:GOOGL:BUY,limit,344.76,,18791.265408000003
sac,NVDA,buy,64.1568,64.1568,187.302449,filled,2026-02-01T10:15:53.445051Z,2026-02-02T14:34:19.308733Z,paper:2026-02-01:attempt-1:NVDA:BUY,limit,194.95,,12016.7257600032
sac,AMD,sell,86.2701,86.2701,236.810904,filled,2026-02-01T10:15:53.438876Z,2026-02-02T14:33:10.078197Z,paper:2026-02-01:attempt-1:AMD:SELL,limit,232,,20429.700369170398
sac,TSM,buy,62.4603,62.4603,332.720585,filled,2026-02-01T10:15:53.442501Z,2026-02-02T14:33:59.35194Z,paper:2026-02-01:attempt-1:TSM:BUY,limit,337.17,,20781.8275552755
sac,AAPL,buy,13.2856,13.2856,274.000857,filled,2026-02-10T13:25:28.718474Z,2026-02-10T14:32:03.506265Z,paper:2026-02-10:attempt-1:AAPL:BUY,limit,280.11,,3640.2657857592003
sac,GOOGL,buy,3.634,3.634,320.100357,filled,2026-02-10T13:25:28.944233Z,2026-02-10T14:32:35.796493Z,paper:2026-02-10:attempt-1:GOOGL:BUY,limit,330.81,,1163.244697338
sac,NVDA,sell,5.486,5.486,191.609471,filled,2026-02-10T13:25:29.396626Z,2026-02-10T14:32:33.707192Z,paper:2026-02-10:attempt-1:NVDA:SELL,limit,186.24,,1051.1695579060001
sac,TSM,sell,5.1685,5.1685,360.873132,filled,2026-02-10T13:25:29.870656Z,2026-02-10T14:33:23.593756Z,paper:2026-02-10:attempt-1:TSM:SELL,limit,348.3,,1865.172782742
sac,TOELY,sell,0.428,0,,expired,2026-02-10T13:25:29.626911Z,,paper:2026-02-10:attempt-1:TOELY:SELL,limit,130.34,,0.0
sac,MSFT,buy,0.0525,0.0525,419.788,filled,2026-02-10T13:25:29.170325Z,2026-02-10T14:30:00.000784Z,paper:2026-02-10:attempt-1:MSFT:BUY,limit,421.87,,22.03887
sac,TOELY,buy,12.7357,12.7357,138.02,filled,2026-02-15T00:29:44.315767Z,2026-02-17T14:34:39.050266Z,paper:2026-02-15:attempt-1:TOELY:BUY,limit,141.03,,1757.781314
sac,MU,buy,6.3757,6.3757,400.69,filled,2026-02-15T00:29:43.612788Z,2026-02-17T14:31:57.504783Z,paper:2026-02-15:attempt-1:MU:BUY,limit,419.89,,2554.679233
sac,TSM,sell,20.6458,20.6458,359.862459,filled,2026-02-15T00:29:44.787765Z,2026-02-17T14:34:54.481238Z,paper:2026-02-15:attempt-1:TSM:SELL,limit,359.03,,7429.6483560222005
sac,NVDA,sell,48.5711,48.5711,182.02,filled,2026-02-15T00:29:43.85177Z,2026-02-17T14:30:32.847947Z,paper:2026-02-15:attempt-1:NVDA:SELL,limit,179.15,,8840.911622000001
sac,SAP,buy,8.9125,8.9125,202.58,filled,2026-02-15T00:29:44.078115Z,2026-02-17T14:31:15.423661Z,paper:2026-02-15:attempt-1:SAP:BUY,limit,208.62,,1805.49425
sac,TSLA,buy,29.7031,29.7031,409.44,filled,2026-02-15T00:29:44.544571Z,2026-02-17T14:31:58.332993Z,paper:2026-02-15:attempt-1:TSLA:BUY,limit,425.79,,12161.637263999999
sac,XOM,buy,89.8134,89.8134,148.58705,filled,2026-02-15T00:29:45.01547Z,2026-02-17T14:34:40.889862Z,paper:2026-02-15:attempt-1:XOM:BUY,limit,151.42,,13345.10815647
sac,JNJ,buy,51.4812,51.4812,243.378938,filled,2026-02-15T00:29:42.663414Z,2026-02-17T14:36:57.729455Z,paper:2026-02-15:attempt-1:JNJ:BUY,limit,248.32,,12529.4397829656
sac,LLY,buy,12.6612,12.6612,1048.182114,filled,2026-02-15T00:29:42.89494Z,2026-02-17T14:34:44.594215Z,paper:2026-02-15:attempt-1:LLY:BUY,limit,1060.8,,13271.243381776798
sac,META,buy,2.9042,2.9042,639.241753,filled,2026-02-15T00:29:43.141927Z,2026-02-17T14:34:07.946894Z,paper:2026-02-15:attempt-1:META:BUY,limit,652.57,,1856.4858990626
sac,MSFT,buy,29.3028,29.3028,396.965915,filled,2026-02-15T00:29:43.379276Z,2026-02-17T14:34:48.958847Z,paper:2026-02-15:attempt-1:MSFT:BUY,limit,409.35,,11632.212814062
sac,AAPL,sell,15.2762,15.2762,256.5,filled,2026-02-15T00:29:41.882182Z,2026-02-17T14:30:41.649408Z,paper:2026-02-15:attempt-1:AAPL:SELL,limit,250.66,,3918.3453
sac,GOOGL,sell,58.812,58.812,301.665456,filled,2026-02-15T00:29:42.428533Z,2026-02-17T14:36:30.635261Z,paper:2026-02-15:attempt-1:GOOGL:SELL,limit,299.61,,17741.548798272
sac,AVGO,buy,5.6006,5.6006,320.370048,filled,2026-02-15T00:29:42.195843Z,2026-02-17T14:34:04.660618Z,paper:2026-02-15:attempt-1:AVGO:BUY,limit,331.67,,1794.2644908288
sac,AAPL,sell,38.2916,0,,canceled,2026-02-22T10:37:34.031084Z,,paper:2026-02-22:attempt-1:AAPL:SELL,limit,259.29,,0.0
sac,AEM,buy,9.8935,0,,canceled,2026-02-22T10:37:34.542652Z,,paper:2026-02-22:attempt-1:AEM:BUY,limit,232.83,,0.0
sac,ALPMY,buy,108.7196,0,,canceled,2026-02-22T10:37:34.776005Z,,paper:2026-02-22:attempt-1:ALPMY:BUY,limit,16.25,,0.0
sac,AVGO,sell,5.6006,0,,canceled,2026-02-22T10:37:35.014897Z,,paper:2026-02-22:attempt-1:AVGO:SELL,limit,326,,0.0
sac,BHP,buy,31.3598,0,,canceled,2026-02-22T10:37:35.256034Z,,paper:2026-02-22:attempt-1:BHP:BUY,limit,78.36,,0.0
sac,CFR,buy,15.6287,0,,canceled,2026-02-22T10:37:35.530324Z,,paper:2026-02-22:attempt-1:CFR:BUY,limit,148.35,,0.0
sac,CSUAY,buy,524.5046,0,,canceled,2026-02-22T10:37:35.761968Z,,paper:2026-02-22:attempt-1:CSUAY:BUY,limit,22.8,,0.0
sac,GFI,buy,32.0436,0,,canceled,2026-02-22T10:37:36.053088Z,,paper:2026-02-22:attempt-1:GFI:BUY,limit,55.17,,0.0
sac,GOOGL,sell,5.9566,0,,canceled,2026-02-22T10:37:36.291602Z,,paper:2026-02-22:attempt-1:GOOGL:SELL,limit,308.68,,0.0
sac,HAL,buy,82.645,0,,canceled,2026-02-22T10:37:36.582706Z,,paper:2026-02-22:attempt-1:HAL:BUY,limit,35.81,,0.0
sac,JNJ,sell,51.4812,0,,canceled,2026-02-22T10:37:36.893356Z,,paper:2026-02-22:attempt-1:JNJ:SELL,limit,237.64,,0.0
sac,KOF,buy,112.8516,0,,canceled,2026-02-22T10:37:37.128674Z,,paper:2026-02-22:attempt-1:KOF:BUY,limit,115.33,,0.0
sac,LLY,sell,12.6612,0,,canceled,2026-02-22T10:37:37.41139Z,,paper:2026-02-22:attempt-1:LLY:SELL,limit,989.33,,0.0
sac,META,sell,2.9042,0,,canceled,2026-02-22T10:37:37.646201Z,,paper:2026-02-22:attempt-1:META:SELL,limit,642.55,,0.0
sac,MSFT,sell,29.3966,0,,canceled,2026-02-22T10:37:37.885656Z,,paper:2026-02-22:attempt-1:MSFT:SELL,limit,389.29,,0.0
sac,MU,sell,6.3757,0,,canceled,2026-02-22T10:37:38.153921Z,,paper:2026-02-22:attempt-1:MU:SELL,limit,419.61,,0.0
sac,NVDA,sell,10.0997,0,,canceled,2026-02-22T10:37:38.391044Z,,paper:2026-02-22:attempt-1:NVDA:SELL,limit,186.02,,0.0
sac,OMRNY,buy,373.7774,0,,canceled,2026-02-22T10:37:38.681992Z,,paper:2026-02-22:attempt-1:OMRNY:BUY,limit,34.02,,0.0
sac,RL,buy,12.4856,0,,canceled,2026-02-22T10:37:38.922982Z,,paper:2026-02-22:attempt-1:RL:BUY,limit,392.73,,0.0
sac,SAN,buy,513.5641,0,,canceled,2026-02-22T10:37:39.206368Z,,paper:2026-02-22:attempt-1:SAN:BUY,limit,13.01,,0.0
sac,SAP,sell,8.9125,0,,canceled,2026-02-22T10:37:39.445361Z,,paper:2026-02-22:attempt-1:SAP:SELL,limit,198.54,,0.0
sac,SCCO,buy,63.1636,0,,canceled,2026-02-22T10:37:39.727778Z,,paper:2026-02-22:attempt-1:SCCO:BUY,limit,205.03,,0.0
sac,TOELY,sell,13.0433,0,,canceled,2026-02-22T10:37:39.964676Z,,paper:2026-02-22:attempt-1:TOELY:SELL,limit,140.38,,0.0
sac,TSLA,sell,29.7031,0,,canceled,2026-02-22T10:37:40.487726Z,,paper:2026-02-22:attempt-1:TSLA:SELL,limit,403.58,,0.0
sac,TSM,sell,30.0033,0,,canceled,2026-02-22T10:37:40.768289Z,,paper:2026-02-22:attempt-1:TSM:SELL,limit,363.13,,0.0
sac,XOM,sell,89.8134,0,,canceled,2026-02-22T10:37:41.296302Z,,paper:2026-02-22:attempt-1:XOM:SELL,limit,144.33,,0.0
sac,TPR,buy,11.0849,0,,canceled,2026-02-22T12:04:54.433314Z,,paper:2026-02-22:attempt-1:TPR:BUY,limit,160.23,,0.0
sac,UMC,buy,1229.0865,0,,canceled,2026-02-22T12:04:55.263875Z,,paper:2026-02-22:attempt-1:UMC:BUY,limit,10.61,,0.0
sac,BHP,buy,31.3598,0,,rejected,2026-02-22T12:13:51.026312Z,,paper:2026-02-22:attempt-3:BHP:BUY,limit,78.36,,0.0
sac,KOF,buy,112.8516,112.8516,114.25,filled,2026-02-22T12:13:52.879893Z,2026-02-23T14:30:09.028491Z,paper:2026-02-22:attempt-3:KOF:BUY,limit,115.33,,12893.2953
sac,XOM,sell,89.8134,89.8134,148.820039,filled,2026-02-22T12:13:57.051423Z,2026-02-23T14:34:06.555634Z,paper:2026-02-22:attempt-3:XOM:SELL,limit,144.33,,13366.033690722601
sac,MU,sell,6.3757,6.3757,420.127602,filled,2026-02-22T12:13:54.009286Z,2026-02-23T14:34:25.200759Z,paper:2026-02-22:attempt-3:MU:SELL,limit,419.61,,2678.6075520714003
sac,SAN,buy,513.5641,513.5641,13.01,filled,2026-02-22T12:13:54.950301Z,2026-02-23T15:09:16.575458Z,paper:2026-02-22:attempt-3:SAN:BUY,limit,13.01,,6681.468941000001
sac,TSLA,sell,29.7031,29.7031,405.559484,filled,2026-02-22T12:13:56.261543Z,2026-02-23T14:34:55.05573Z,paper:2026-02-22:attempt-3:TSLA:SELL,limit,403.58,,12046.3739092004
sac,AEM,buy,9.8935,0,,expired,2026-02-22T12:13:50.240111Z,,paper:2026-02-22:attempt-3:AEM:BUY,limit,232.83,,0.0
sac,LLY,sell,12.6612,12.6612,1038.250324,filled,2026-02-22T12:13:53.121129Z,2026-02-23T14:33:30.335632Z,paper:2026-02-22:attempt-3:LLY:SELL,limit,989.33,,13145.4950022288
sac,NVDA,sell,10.0997,10.0997,193.276225,filled,2026-02-22T12:13:54.256998Z,2026-02-23T14:34:25.090297Z,paper:2026-02-22:attempt-3:NVDA:SELL,limit,186.02,,1952.0318896325002
sac,ALPMY,buy,108.7196,108.7196,16.07,filled,2026-02-22T12:13:50.501091Z,2026-02-23T14:35:00.614522Z,paper:2026-02-22:attempt-3:ALPMY:BUY,limit,16.25,,1747.123972
sac,META,sell,2.9042,2.9042,654.846041,filled,2026-02-22T12:13:53.362442Z,2026-02-23T14:31:32.450634Z,paper:2026-02-22:attempt-3:META:SELL,limit,642.55,,1901.8038722722
sac,SAP,sell,8.9125,8.9125,198.54,filled,2026-02-22T12:13:55.216334Z,2026-02-23T14:31:22.107667Z,paper:2026-02-22:attempt-3:SAP:SELL,limit,198.54,,1769.4877499999998
sac,HAL,buy,82.645,82.645,35.43,filled,2026-02-22T12:13:52.341167Z,2026-02-23T14:32:15.942669Z,paper:2026-02-22:attempt-3:HAL:BUY,limit,35.81,,2928.11235
sac,SCCO,buy,63.1636,63.1636,201.322227,filled,2026-02-22T12:13:55.51463Z,2026-02-23T14:31:23.691279Z,paper:2026-02-22:attempt-3:SCCO:BUY,limit,205.03,,12716.236617337201
sac,AVGO,sell,5.6006,5.6006,334.15,filled,2026-02-22T12:13:50.733366Z,2026-02-23T14:32:14.646277Z,paper:2026-02-22:attempt-3:AVGO:SELL,limit,326,,1871.44049
sac,AAPL,sell,38.2916,38.2916,266.22406,filled,2026-02-22T12:13:50.013169Z,2026-02-23T14:33:54.408628Z,paper:2026-02-22:attempt-3:AAPL:SELL,limit,259.29,,10194.145215896002
sac,JNJ,sell,51.4812,51.4812,244.014157,filled,2026-02-22T12:13:52.645253Z,2026-02-23T14:34:06.202295Z,paper:2026-02-22:attempt-3:JNJ:SELL,limit,237.64,,12562.1416193484
sac,CFR,buy,15.6287,15.6287,147.45,filled,2026-02-22T12:13:51.2554Z,2026-02-23T14:31:07.992025Z,paper:2026-02-22:attempt-3:CFR:BUY,limit,148.35,,2304.451815
sac,GOOGL,sell,5.9566,5.9566,318.103564,filled,2026-02-22T12:13:52.076435Z,2026-02-23T14:31:36.985844Z,paper:2026-02-22:attempt-3:GOOGL:SELL,limit,308.68,,1894.8156893224
sac,RL,buy,12.4856,12.4856,390,filled,2026-02-22T12:13:54.720295Z,2026-02-23T14:30:48.639398Z,paper:2026-02-22:attempt-3:RL:BUY,limit,392.73,,4869.384
sac,OMRNY,buy,373.7774,373.7774,33.69,filled,2026-02-22T12:13:54.48896Z,2026-02-23T14:34:32.003569Z,paper:2026-02-22:attempt-3:OMRNY:BUY,limit,34.02,,12592.560606
sac,TOELY,sell,13.0433,13.0433,143.25,filled,2026-02-22T12:13:55.746268Z,2026-02-23T14:33:58.049471Z,paper:2026-02-22:attempt-3:TOELY:SELL,limit,140.38,,1868.452725
sac,MSFT,sell,29.3966,29.3966,391.330329,filled,2026-02-22T12:13:53.781796Z,2026-02-23T14:33:01.371687Z,paper:2026-02-22:attempt-3:MSFT:SELL,limit,389.29,,11503.7811494814
sac,GFI,buy,32.0436,0,,expired,2026-02-22T12:13:51.796513Z,,paper:2026-02-22:attempt-3:GFI:BUY,limit,55.17,,0.0
sac,CSUAY,buy,524.5046,524.5046,22.61,filled,2026-02-22T12:13:51.554763Z,2026-02-23T14:31:52.980908Z,paper:2026-02-22:attempt-3:CSUAY:BUY,limit,22.8,,11859.049006
sac,TSM,sell,30.0033,30.0033,367.970033,filled,2026-02-22T12:13:56.530052Z,2026-02-23T14:34:22.556731Z,paper:2026-02-22:attempt-3:TSM:SELL,limit,363.13,,11040.3152911089
sac,HAL,sell,11.9943,11.9943,35.56,filled,2026-03-01T10:04:53.271297Z,2026-03-02T14:33:09.75674Z,paper:2026-03-01:attempt-1:HAL:SELL,limit,35.28,,426.51730800000007
sac,KOF,buy,3.4863,3.4863,111.194263,filled,2026-03-01T10:04:55.327695Z,2026-03-02T14:33:29.092286Z,paper:2026-03-01:attempt-1:KOF:BUY,limit,113.37,,387.6565590969
sac,AEM,buy,13.7769,13.7769,251.72358,filled,2026-03-01T10:04:54.637901Z,2026-03-02T14:34:41.997374Z,paper:2026-03-01:attempt-1:AEM:BUY,limit,256.63,,3467.970589302
sac,UMC,buy,1218.6986,1218.6986,10.343152,filled,2026-03-01T10:04:56.016273Z,2026-03-02T14:35:23.458408Z,paper:2026-03-01:attempt-1:UMC:BUY,limit,10.65,,12605.1848619872
sac,GFI,buy,29.2906,29.2906,57.45,filled,2026-03-01T10:04:55.09951Z,2026-03-02T14:32:19.36107Z,paper:2026-03-01:attempt-1:GFI:BUY,limit,60.02,,1682.7449700000002
sac,RL,buy,3.6964,3.6964,354.54,filled,2026-03-01T10:04:55.555951Z,2026-03-02T14:32:45.800652Z,paper:2026-03-01:attempt-1:RL:BUY,limit,369.85,,1310.5216560000001
sac,SAN,sell,39.0038,0,,expired,2026-03-01T10:04:53.727625Z,,paper:2026-03-01:attempt-1:SAN:SELL,limit,12.11,,0.0
sac,BHP,buy,27.4488,27.4488,81.096922,filled,2026-03-01T10:04:54.868325Z,2026-03-02T14:34:28.684245Z,paper:2026-03-01:attempt-1:BHP:BUY,limit,83.2,,2226.0131925936003
sac,CFR,sell,1.6545,1.6545,135.7,filled,2026-03-01T10:04:52.811537Z,2026-03-02T14:32:04.671736Z,paper:2026-03-01:attempt-1:CFR:SELL,limit,135.46,,224.51565
sac,OMRNY,sell,19.082,0,,expired,2026-03-01T10:04:53.499621Z,,paper:2026-03-01:attempt-1:OMRNY:SELL,limit,34.61,,0.0
sac,TPR,buy,11.2134,11.2134,151.91,filled,2026-03-01T10:04:55.787165Z,2026-03-02T14:31:37.454669Z,paper:2026-03-01:attempt-1:TPR:BUY,limit,158.58,,1703.427594
sac,CSUAY,sell,10.4162,10.4162,22.976804,filled,2026-03-01T10:04:53.039034Z,2026-03-02T14:34:07.100796Z,paper:2026-03-01:attempt-1:CSUAY:SELL,limit,22.39,,239.33098582480002
sac,SCCO,sell,4.2998,4.2998,216.395611,filled,2026-03-01T10:04:53.953755Z,2026-03-02T14:35:29.20498Z,paper:2026-03-01:attempt-1:SCCO:SELL,limit,213.93,,930.4578481778001
sac,ALPMY,sell,3.3229,0,,expired,2026-03-01T10:04:52.56712Z,,paper:2026-03-01:attempt-1:ALPMY:SELL,limit,16.18,,0.0
sac,TSM,sell,0.5438,0.5438,367.096,filled,2026-03-01T10:04:54.409939Z,2026-03-02T14:31:34.640092Z,paper:2026-03-01:attempt-1:TSM:SELL,limit,367.09,,199.62680479999997
sac,TPR,buy,4.2077,4.2077,155,filled,2026-03-04T21:50:26.464824Z,2026-03-05T14:30:34.443272Z,paper:2026-03-05:attempt-1:TPR:BUY,limit,160.05,,652.1935
sac,SCCO,sell,2.7459,0,,expired,2026-03-04T21:50:24.854614Z,,paper:2026-03-05:attempt-1:SCCO:SELL,limit,202.53,,0.0
sac,AEM,buy,30.768,30.768,226.602402,filled,2026-03-04T21:50:25.769526Z,2026-03-05T14:32:44.984697Z,paper:2026-03-05:attempt-1:AEM:BUY,limit,237.38,,6972.102704736
sac,KOF,sell,10.9254,10.9254,106.13,filled,2026-03-04T21:50:24.394439Z,2026-03-05T14:31:35.314933Z,paper:2026-03-05:attempt-1:KOF:SELL,limit,106,,1159.512702
sac,CSUAY,sell,48.4157,48.4157,23.18,filled,2026-03-04T21:50:23.927884Z,2026-03-05T14:33:43.744095Z,paper:2026-03-05:attempt-1:CSUAY:SELL,limit,22.72,,1122.275926
sac,SAN,buy,7.3937,7.3937,11.366188,filled,2026-03-04T21:50:26.23551Z,2026-03-05T14:32:10.705974Z,paper:2026-03-05:attempt-1:SAN:BUY,limit,11.8,,84.0381842156
sac,ALPMY,sell,3.47,3.47,14.99,filled,2026-03-04T21:50:23.240442Z,2026-03-05T14:31:23.494619Z,paper:2026-03-05:attempt-1:ALPMY:SELL,limit,14.84,,52.0153
sac,OMRNY,sell,36.6232,0,,expired,2026-03-04T21:50:24.624549Z,,paper:2026-03-05:attempt-1:OMRNY:SELL,limit,31.09,,0.0
sac,BHP,sell,4.6245,4.6245,76.57,filled,2026-03-04T21:50:23.470046Z,2026-03-05T15:01:07.25985Z,paper:2026-03-05:attempt-1:BHP:SELL,limit,76.57,,354.097965
sac,GFI,buy,2.1865,2.1865,49.62325,filled,2026-03-04T21:50:26.002109Z,2026-03-05T14:32:24.590319Z,paper:2026-03-05:attempt-1:GFI:BUY,limit,52.1,,108.501236125
sac,CFR,sell,2.5987,2.5987,137.85,filled,2026-03-04T21:50:23.696281Z,2026-03-05T14:31:13.519458Z,paper:2026-03-05:attempt-1:CFR:SELL,limit,136.91,,358.230795
sac,HAL,sell,22.3211,22.3211,34.354159,filled,2026-03-04T21:50:24.159412Z,2026-03-05T14:32:46.052735Z,paper:2026-03-05:attempt-1:HAL:SELL,limit,33.74,,766.8226184549001
sac,UMC,sell,27.467,27.467,9.87,filled,2026-03-04T21:50:25.538174Z,2026-03-05T14:32:09.076621Z,paper:2026-03-05:attempt-1:UMC:SELL,limit,9.68,,271.09928999999994
sac,TSM,sell,0.6117,0.6117,354.24,filled,2026-03-04T21:50:25.310764Z,2026-03-05T14:30:00.452424Z,paper:2026-03-05:attempt-1:TSM:SELL,limit,350.29,,216.68860800000002
sac,ALPMY,sell,9.3853,0,,canceled,2026-03-08T14:44:03.6382Z,,paper:2026-03-08:attempt-1:ALPMY:SELL,limit,14.63,,0.0
sac,BHP,sell,0.1506,0,,canceled,2026-03-08T14:44:03.868421Z,,paper:2026-03-08:attempt-1:BHP:SELL,limit,70.41,,0.0
sac,CFR,sell,0.5424,0,,canceled,2026-03-08T14:44:04.094658Z,,paper:2026-03-08:attempt-1:CFR:SELL,limit,132.65,,0.0
sac,CSUAY,sell,34.1309,0,,canceled,2026-03-08T14:44:04.335356Z,,paper:2026-03-08:attempt-1:CSUAY:SELL,limit,22.62,,0.0
sac,GFI,sell,2.4282,0,,canceled,2026-03-08T14:44:04.568327Z,,paper:2026-03-08:attempt-1:GFI:SELL,limit,49.43,,0.0
sac,HAL,sell,4.7438,0,,canceled,2026-03-08T14:44:04.799659Z,,paper:2026-03-08:attempt-1:HAL:SELL,limit,33.37,,0.0
sac,KOF,sell,3.8228,0,,canceled,2026-03-08T14:44:05.031507Z,,paper:2026-03-08:attempt-1:KOF:SELL,limit,102.16,,0.0
sac,OMRNY,sell,35.9843,0,,canceled,2026-03-08T14:44:05.259631Z,,paper:2026-03-08:attempt-1:OMRNY:SELL,limit,29.72,,0.0
sac,SCCO,sell,0.6495,0,,canceled,2026-03-08T14:44:05.485056Z,,paper:2026-03-08:attempt-1:SCCO:SELL,limit,181.27,,0.0
sac,TSM,sell,0.1747,0,,canceled,2026-03-08T14:44:05.997391Z,,paper:2026-03-08:attempt-1:TSM:SELL,limit,332.11,,0.0
sac,UMC,sell,62.8957,0,,canceled,2026-03-08T14:44:06.228883Z,,paper:2026-03-08:attempt-1:UMC:SELL,limit,9.41,,0.0
sac,AEM,buy,3.1898,0,,canceled,2026-03-08T14:56:20.887564Z,,paper:2026-03-08:attempt-1:AEM:BUY,limit,225.42,,0.0
sac,RL,buy,0.8995,0,,canceled,2026-03-08T14:56:21.119371Z,,paper:2026-03-08:attempt-1:RL:BUY,limit,345.13,,0.0
sac,SAN,buy,175.0415,0,,canceled,2026-03-08T14:56:21.367405Z,,paper:2026-03-08:attempt-1:SAN:BUY,limit,11.28,,0.0
sac,TPR,buy,11.5311,0,,canceled,2026-03-08T14:56:21.600947Z,,paper:2026-03-08:attempt-1:TPR:BUY,limit,147.03,,0.0
sac,OMRNY,sell,35.9843,0,,canceled,2026-03-08T15:09:28.397654Z,,paper:2026-03-08:attempt-2:OMRNY:SELL,limit,29.72,,0.0
sac,CSUAY,sell,34.1309,34.1309,23.6,filled,2026-03-08T15:09:27.474179Z,2026-03-09T13:33:57.233642Z,paper:2026-03-08:attempt-2:CSUAY:SELL,limit,22.62,,805.48924
sac,UMC,sell,62.8957,62.8957,9.477933,filled,2026-03-08T15:09:29.302947Z,2026-03-09T13:35:56.000916Z,paper:2026-03-08:attempt-2:UMC:SELL,limit,9.41,,596.1212305881
sac,ALPMY,sell,9.3853,9.3853,14.68869,filled,2026-03-08T15:09:26.775882Z,2026-03-09T13:36:23.410066Z,paper:2026-03-08:attempt-2:ALPMY:SELL,limit,14.63,,137.85776225700002
sac,GFI,sell,2.4282,2.4282,50.58,filled,2026-03-08T15:09:27.708233Z,2026-03-09T13:33:13.882946Z,paper:2026-03-08:attempt-2:GFI:SELL,limit,49.43,,122.818356
sac,KOF,sell,3.8228,3.8228,102.348344,filled,2026-03-08T15:09:28.166222Z,2026-03-09T13:31:51.073214Z,paper:2026-03-08:attempt-2:KOF:SELL,limit,102.16,,391.2572494432
sac,HAL,sell,4.7438,4.7438,33.59,filled,2026-03-08T15:09:27.936931Z,2026-03-09T13:30:47.060389Z,paper:2026-03-08:attempt-2:HAL:SELL,limit,33.37,,159.34424200000004
sac,CFR,sell,0.5424,0.5424,132.87,filled,2026-03-08T15:09:27.231483Z,2026-03-09T13:30:01.468361Z,paper:2026-03-08:attempt-2:CFR:SELL,limit,132.65,,72.068688
sac,SCCO,sell,0.6495,0.6495,181.668,filled,2026-03-08T15:09:28.623456Z,2026-03-09T13:31:04.175136Z,paper:2026-03-08:attempt-2:SCCO:SELL,limit,181.27,,117.993366
sac,BHP,sell,0.1506,0.1506,70.414,filled,2026-03-08T15:09:27.00354Z,2026-03-09T13:34:33.903506Z,paper:2026-03-08:attempt-2:BHP:SELL,limit,70.41,,10.604348400000001
sac,TSM,sell,0.1747,0.1747,335.758,filled,2026-03-08T15:09:29.073784Z,2026-03-09T13:30:00.666522Z,paper:2026-03-08:attempt-2:TSM:SELL,limit,332.11,,58.656922599999994
sac,CSUAY,sell,18.1827,18.1827,23.76,filled,2026-03-09T15:21:06.6384Z,2026-03-09T15:21:10.670297Z,paper:2026-03-09:attempt-1:CSUAY:SELL,limit,22.62,,432.020952
sac,GFI,sell,0.6067,0.6067,50.822,filled,2026-03-09T15:21:06.869919Z,2026-03-09T15:21:06.877696Z,paper:2026-03-09:attempt-1:GFI:SELL,limit,49.82,,30.8337074
sac,HAL,sell,0.715,0.715,34.212,filled,2026-03-09T15:21:07.106857Z,2026-03-09T15:21:07.111781Z,paper:2026-03-09:attempt-1:HAL:SELL,limit,33.52,,24.46158
sac,OMRNY,sell,15.2253,15.2253,29.09,filled,2026-03-09T15:21:07.342068Z,2026-03-09T15:21:10.15022Z,paper:2026-03-09:attempt-1:OMRNY:SELL,limit,28.41,,442.903977
sac,TSM,sell,0.0512,0.0512,337.356,filled,2026-03-09T15:21:07.814826Z,2026-03-09T15:21:07.831537Z,paper:2026-03-09:attempt-1:TSM:SELL,limit,330.7,,17.272627200000002
sac,UMC,sell,10.4292,10.4292,9.55,filled,2026-03-09T15:21:08.06052Z,2026-03-09T15:21:09.475443Z,paper:2026-03-09:attempt-1:UMC:SELL,limit,9.37,,99.59886
sac,AEM,sell,44.5449,44.5449,218.97,filled,2026-03-09T15:28:40.869771Z,2026-03-09T15:28:43.767827Z,b46d63b5-abe5-4568-a22b-1f7f7a932e8d,market,,,9753.996753
sac,ALPMY,sell,95.8643,95.8643,14.86,filled,2026-03-09T15:28:41.11839Z,2026-03-09T15:28:42.844949Z,11c80111-ecf4-40d7-ba44-ea12487c8349,market,,,1424.543498
sac,BHP,sell,22.6737,22.6737,70.87,filled,2026-03-09T15:28:41.36803Z,2026-03-09T15:28:42.910867Z,381afbda-0fbb-4aa3-9b92-040507205a30,market,,,1606.885119
sac,CFR,sell,10.8331,10.8331,133.67,filled,2026-03-09T15:28:41.608839Z,2026-03-09T15:28:43.55784Z,d80c2f8a-57d4-4b1c-bd97-db656481145a,market,,,1448.0604769999998
sac,CSUAY,sell,413.3591,413.3591,23.76,filled,2026-03-09T15:28:41.850035Z,2026-03-09T15:28:42.934016Z,5869ef99-9f39-4251-823b-7d2f29b2d409,market,,,9821.412216
sac,GFI,sell,28.4422,28.4422,50.87,filled,2026-03-09T15:28:42.090586Z,2026-03-09T15:28:45.354384Z,14cadffd-9ad4-4e3d-b6fd-d0879e152a89,market,,,1446.8547139999998
sac,HAL,sell,42.8708,42.8708,34.2,filled,2026-03-09T15:28:42.336562Z,2026-03-09T15:28:43.380576Z,4fd8b80b-57f7-4186-8c17-f887e69b21d1,market,,,1466.1813600000003
sac,KOF,sell,101.5897,101.5897,101.5,filled,2026-03-09T15:28:42.591263Z,2026-03-09T15:28:44.445569Z,98e2fecb-94a9-4ad0-8fdc-c4106aa4176a,market,,,10311.35455
sac,OMRNY,sell,358.5521,358.5521,29.1,filled,2026-03-09T15:28:42.835048Z,2026-03-09T15:28:44.333271Z,ca253c6d-24b9-4fe8-842a-b3de31f938c3,market,,,10433.86611
sac,RL,sell,16.182,16.182,335.67,filled,2026-03-09T15:28:43.070093Z,2026-03-09T15:28:45.098717Z,dda571dd-351a-4894-8743-1a4ebf626a40,market,,,5431.81194
sac,SAN,sell,520.9578,520.9578,10.94,filled,2026-03-09T15:28:43.301599Z,2026-03-09T15:28:44.16034Z,b5541b3e-5dc1-4851-8100-04f9e7534254,market,,,5699.278332
sac,SCCO,sell,58.2143,58.2143,181.08,filled,2026-03-09T15:28:43.535694Z,2026-03-09T15:28:46.017926Z,76e6f93a-33c7-40f0-8c30-d4454780283e,market,,,10541.445444
sac,TOELY,sell,0.1204,0.1204,125.6402,filled,2026-03-09T15:28:43.82225Z,2026-03-09T15:28:43.826734Z,a212c352-3992-42eb-8c68-93bf90235be3,market,,,15.127080079999999
sac,TPR,sell,15.4211,15.4211,140.8,filled,2026-03-09T15:28:44.06298Z,2026-03-09T15:28:44.996972Z,3114875d-0946-4b67-9760-1bd6136cbd9f,market,,,2171.29088
sac,TSM,sell,5.3115,5.3115,337.8,filled,2026-03-09T15:28:44.325483Z,2026-03-09T15:28:46.393123Z,5e6ad997-fca7-46de-927f-94db8b18f5a7,market,,,1794.2247
sac,UMC,sell,1117.9067,1117.9067,9.57,filled,2026-03-09T15:28:44.576764Z,2026-03-09T15:28:46.718331Z,d3b43eff-5ef7-4a47-9b32-56c19c19ed1d,market,,,10698.367119
sac,TSLA,buy,235,235,387.82,filled,2026-03-09T15:36:26.073722Z,2026-03-09T15:36:27.181562Z,59b8a8a9-61df-4e47-9f92-995026cd9642,market,,,91137.7
sac,TSLA,sell,234.994,234.994,387.516891,filled,2026-03-09T15:44:42.614635Z,2026-03-09T15:44:44.746963Z,paper:2026-03-09:attempt-2:TSLA:SELL,market,,,91064.144283654
sac,TSLA,sell,0.006,0.006,388.322,filled,2026-03-09T15:49:27.621423Z,2026-03-09T15:49:27.636631Z,079fa8b9-ac7e-4a6b-a4af-6a8c73825dba,market,,,2.329932
sac,AEM,buy,47.5605,47.5605,219.58,filled,2026-03-09T15:59:45.102282Z,2026-03-09T15:59:45.327302Z,paper:2026-03-09:attempt-2:AEM:BUY,market,,,10443.33459
sac,ALPMY,buy,96.8795,96.8795,15,filled,2026-03-09T15:59:45.417612Z,2026-03-09T15:59:46.600556Z,paper:2026-03-09:attempt-2:ALPMY:BUY,market,,,1453.1924999999999
sac,BHP,buy,22.6723,22.6723,70.94,filled,2026-03-09T15:59:45.660919Z,2026-03-09T15:59:46.880102Z,paper:2026-03-09:attempt-2:BHP:BUY,market,,,1608.372962
sac,CFR,buy,10.8602,10.8602,133.94,filled,2026-03-09T15:59:45.922992Z,2026-03-09T15:59:50.701398Z,paper:2026-03-09:attempt-2:CFR:BUY,market,,,1454.615188
sac,CSUAY,buy,426.3029,426.3029,23.8,filled,2026-03-09T15:59:46.200216Z,2026-03-09T15:59:47.600104Z,paper:2026-03-09:attempt-2:CSUAY:BUY,market,,,10146.009020000001
sac,GFI,buy,28.4948,28.4948,50.6,filled,2026-03-09T15:59:46.463967Z,2026-03-09T15:59:49.320389Z,paper:2026-03-09:attempt-2:GFI:BUY,market,,,1441.83688
sac,HAL,buy,42.7894,42.7894,34.21,filled,2026-03-09T15:59:46.699826Z,2026-03-09T15:59:50.236761Z,paper:2026-03-09:attempt-2:HAL:BUY,market,,,1463.825374
sac,KOF,buy,103.1376,103.1376,101.51,filled,2026-03-09T15:59:46.930978Z,2026-03-09T15:59:48.156588Z,paper:2026-03-09:attempt-2:KOF:BUY,market,,,10469.497776000002
sac,OMRNY,buy,360.7751,360.7751,29.46,filled,2026-03-09T15:59:47.250738Z,2026-03-09T15:59:52.025489Z,paper:2026-03-09:attempt-2:OMRNY:BUY,market,,,10628.434446000001
sac,RL,buy,16.9026,16.9026,334.57,filled,2026-03-09T15:59:47.50858Z,2026-03-09T15:59:51.786245Z,paper:2026-03-09:attempt-2:RL:BUY,market,,,5655.102882
sac,SAN,buy,700.8919,700.8919,10.93,filled,2026-03-09T15:59:47.756745Z,2026-03-09T15:59:49.470066Z,paper:2026-03-09:attempt-2:SAN:BUY,market,,,7660.748466999999
sac,SCCO,buy,58.4936,58.4936,183.15,filled,2026-03-09T15:59:48.009054Z,2026-03-09T15:59:50.841567Z,paper:2026-03-09:attempt-2:SCCO:BUY,market,,,10713.10284
sac,TPR,buy,27.3969,27.3969,140.23,filled,2026-03-09T15:59:48.26213Z,2026-03-09T15:59:53.077979Z,paper:2026-03-09:attempt-2:TPR:BUY,market,,,3841.8672869999996
sac,TSM,buy,5.2717,5.2717,340.72,filled,2026-03-09T15:59:48.506131Z,2026-03-09T15:59:49.302711Z,paper:2026-03-09:attempt-2:TSM:BUY,market,,,1796.1736240000002
sac,UMC,buy,1118.5133,1118.5133,9.59,filled,2026-03-09T15:59:48.758196Z,2026-03-09T15:59:49.328738Z,paper:2026-03-09:attempt-2:UMC:BUY,market,,,10726.542547000001
sac,AEM,sell,47.5605,47.5605,208.53,filled,2026-03-16T12:10:56.501087Z,2026-03-16T13:30:33.965321Z,paper:2026-03-16:attempt-1:AEM:SELL,market,,,9917.791065
sac,ALPMY,sell,96.8795,96.8795,14.76,filled,2026-03-16T12:10:56.775948Z,2026-03-16T13:34:28.214244Z,paper:2026-03-16:attempt-1:ALPMY:SELL,market,,,1429.9414199999999
sac,BHP,sell,22.6723,22.6723,69.647992,filled,2026-03-16T12:10:57.016211Z,2026-03-16T13:33:52.219633Z,paper:2026-03-16:attempt-1:BHP:SELL,market,,,1579.0801690216
sac,CFR,sell,10.8602,10.8602,131.810782,filled,2026-03-16T12:10:57.310934Z,2026-03-16T13:32:31.900091Z,paper:2026-03-16:attempt-1:CFR:SELL,market,,,1431.4914546764
sac,CSUAY,sell,426.3029,426.3029,24.46,filled,2026-03-16T12:10:57.555384Z,2026-03-16T13:31:33.616619Z,paper:2026-03-16:attempt-1:CSUAY:SELL,market,,,10427.368934
sac,HAL,sell,42.7894,42.7894,34.08,filled,2026-03-16T12:10:57.828733Z,2026-03-16T13:31:55.743157Z,paper:2026-03-16:attempt-1:HAL:SELL,market,,,1458.2627519999999
sac,KOF,sell,103.1376,103.1376,96.85,filled,2026-03-16T12:10:58.145856Z,2026-03-16T13:32:50.167983Z,paper:2026-03-16:attempt-1:KOF:SELL,market,,,9988.87656
sac,OMRNY,sell,360.7751,360.7751,28.72,filled,2026-03-16T12:10:58.392713Z,2026-03-16T13:31:24.976211Z,paper:2026-03-16:attempt-1:OMRNY:SELL,market,,,10361.460872
sac,RL,sell,16.9026,16.9026,331.694806,filled,2026-03-16T12:10:58.751833Z,2026-03-16T13:33:00.982189Z,paper:2026-03-16:attempt-1:RL:SELL,market,,,5606.504627895601
sac,SAN,sell,700.8919,700.8919,10.94,filled,2026-03-16T12:10:58.998843Z,2026-03-16T13:32:18.438565Z,paper:2026-03-16:attempt-1:SAN:SELL,market,,,7667.757385999999
sac,SCCO,sell,2.7529,2.7529,173.11,filled,2026-03-16T12:10:59.240214Z,2026-03-16T13:31:08.105639Z,paper:2026-03-16:attempt-1:SCCO:SELL,market,,,476.554519
sac,TPR,sell,27.3969,27.3969,143.54,filled,2026-03-16T12:10:59.484203Z,2026-03-16T13:34:26.488585Z,paper:2026-03-16:attempt-1:TPR:SELL,market,,,3932.5510259999996
sac,TSM,sell,5.2717,5.2717,341.43864,filled,2026-03-16T12:10:59.724754Z,2026-03-16T13:33:18.349818Z,paper:2026-03-16:attempt-1:TSM:SELL,market,,,1799.962078488
sac,UMC,sell,1118.5133,1118.5133,9.518874,filled,2026-03-16T12:10:59.963779Z,2026-03-16T13:33:05.189794Z,paper:2026-03-16:attempt-1:UMC:SELL,market,,,10646.9871700242
sac,ATEYY,buy,10.1302,10.1302,154.98,filled,2026-03-16T13:41:07.190885Z,2026-03-16T13:41:09.894185Z,paper:2026-03-16:attempt-1:ATEYY:BUY,market,,,1569.978396
sac,CF,buy,68.1261,68.1261,125.65,filled,2026-03-16T13:41:07.438572Z,2026-03-16T13:41:07.577466Z,paper:2026-03-16:attempt-1:CF:BUY,market,,,8560.044464999999
sac,CIEN,buy,29.4468,29.4468,356.88,filled,2026-03-16T13:41:07.71823Z,2026-03-16T13:41:08.250977Z,paper:2026-03-16:attempt-1:CIEN:BUY,market,,,10508.973984
sac,FCX,buy,178.0741,178.0741,57.477978,filled,2026-03-16T13:41:07.965781Z,2026-03-16T13:41:09.155122Z,paper:2026-03-16:attempt-1:FCX:BUY,market,,,10235.3392021698
sac,FIX,buy,0.9952,0.9952,1405.418,filled,2026-03-16T13:41:08.210961Z,2026-03-16T13:41:08.216845Z,paper:2026-03-16:attempt-1:FIX:BUY,market,,,1398.6719936
sac,GFI,buy,1.0855,1.0855,47.14,filled,2026-03-16T13:41:08.458979Z,2026-03-16T13:41:08.836811Z,paper:2026-03-16:attempt-1:GFI:BUY,market,,,51.170469999999995
sac,MU,buy,4.8333,4.8333,449.84,filled,2026-03-16T13:41:08.735793Z,2026-03-16T13:41:09.596722Z,paper:2026-03-16:attempt-1:MU:BUY,market,,,2174.211672
sac,ODFL,buy,7.5174,7.5174,183.27,filled,2026-03-16T13:41:08.976794Z,2026-03-16T13:41:09.843681Z,paper:2026-03-16:attempt-1:ODFL:BUY,market,,,1377.7138980000002
sac,PWR,buy,2.4306,2.4306,570.85,filled,2026-03-16T13:41:09.219637Z,2026-03-16T13:41:10.443711Z,paper:2026-03-16:attempt-1:PWR:BUY,market,,,1387.50801
sac,TER,buy,4.744,4.744,301.67,filled,2026-03-16T13:41:09.459413Z,2026-03-16T13:41:09.93546Z,paper:2026-03-16:attempt-1:TER:BUY,market,,,1431.12248
sac,TPL,buy,6.7679,6.7679,528.98,filled,2026-03-16T13:41:09.705278Z,2026-03-16T13:41:11.438581Z,paper:2026-03-16:attempt-1:TPL:BUY,market,,,3580.0837420000003
sac,TS,buy,190.0438,190.0438,53.17,filled,2026-03-16T13:41:09.949035Z,2026-03-16T13:41:10.537502Z,paper:2026-03-16:attempt-1:TS:BUY,market,,,10104.628846000001
sac,WDC,buy,35.865,35.865,287.247844,filled,2026-03-16T13:41:10.190578Z,2026-03-16T13:41:12.995743Z,paper:2026-03-16:attempt-1:WDC:BUY,market,,,10302.14392506
sac,WPM,buy,71.7799,71.7799,141.71,filled,2026-03-16T13:41:10.434572Z,2026-03-16T13:41:10.981849Z,paper:2026-03-16:attempt-1:WPM:BUY,market,,,10171.929629
sac,CF,sell,1.7127,1.7127,139.14,filled,2026-03-30T13:13:01.445784Z,2026-03-30T13:31:58.529801Z,paper:2026-03-30:attempt-1:CF:SELL,market,,,238.30507799999995
sac,CIEN,sell,5.209,5.209,408.76,filled,2026-03-30T13:13:01.725117Z,2026-03-30T13:31:29.551951Z,paper:2026-03-30:attempt-1:CIEN:SELL,market,,,2129.2308399999997
sac,TS,sell,16.3105,16.3105,58.717928,filled,2026-03-30T13:13:03.10299Z,2026-03-30T13:32:34.633105Z,paper:2026-03-30:attempt-1:TS:SELL,market,,,957.7187646440001
sac,FCX,sell,0.7586,0.7586,57.66,filled,2026-03-30T13:13:02.026282Z,2026-03-30T13:31:54.561084Z,paper:2026-03-30:attempt-1:FCX:SELL,market,,,43.740876
sac,TPL,sell,0.8855,0.8855,519.07,filled,2026-03-30T13:13:02.873323Z,2026-03-30T13:30:01.315485Z,paper:2026-03-30:attempt-1:TPL:SELL,market,,,459.636485
sac,WDC,sell,0.9207,0.9207,282.43,filled,2026-03-30T13:13:03.332441Z,2026-03-30T13:30:00.212004Z,paper:2026-03-30:attempt-1:WDC:SELL,market,,,260.033301
sac,TER,sell,0.1334,0.1334,301,filled,2026-03-30T13:13:02.6448Z,2026-03-30T13:30:01.506017Z,paper:2026-03-30:attempt-1:TER:SELL,market,,,40.1534
sac,ODFL,sell,0.1954,0.1954,190.86,filled,2026-03-30T13:13:02.260964Z,2026-03-30T13:30:01.386089Z,paper:2026-03-30:attempt-1:ODFL:SELL,market,,,37.294044
sac,ATEYY,buy,0.5407,0.5407,134.0225,filled,2026-03-30T13:43:07.07513Z,2026-03-30T13:43:07.081028Z,paper:2026-03-30:attempt-1:ATEYY:BUY,market,,,72.46596575
sac,GFI,buy,2.4206,2.4206,42.76,filled,2026-03-30T13:43:07.306687Z,2026-03-30T13:43:08.581342Z,paper:2026-03-30:attempt-1:GFI:BUY,market,,,103.50485599999999
sac,MU,buy,0.9309,0.9309,345.918,filled,2026-03-30T13:43:07.548394Z,2026-03-30T13:43:07.553829Z,paper:2026-03-30:attempt-1:MU:BUY,market,,,322.0150662
sac,PWR,buy,0.0785,0.0785,541.022,filled,2026-03-30T13:43:07.818468Z,2026-03-30T13:43:07.824512Z,paper:2026-03-30:attempt-1:PWR:BUY,market,,,42.470227
sac,SCCO,buy,3.5276,3.5276,163.41,filled,2026-03-30T13:43:08.106092Z,2026-03-30T13:43:08.498329Z,paper:2026-03-30:attempt-1:SCCO:BUY,market,,,576.445116
sac,WPM,buy,8.0992,8.0992,127.09,filled,2026-03-30T13:43:08.35325Z,2026-03-30T13:43:09.82819Z,paper:2026-03-30:attempt-1:WPM:BUY,market,,,1029.327328
sac,CF,sell,8.4649,8.4649,133.070787,filled,2026-04-05T16:20:56.358043Z,2026-04-06T13:37:51.684608Z,paper:2026-04-06:attempt-1:CF:SELL,market,,,1126.4309048763
sac,TPL,buy,5.973,5.973,449,filled,2026-04-06T13:48:04.937942Z,2026-04-06T13:48:07.176019Z,paper:2026-04-06:attempt-1:TPL:BUY,market,,,2681.877
sac,FCX,sell,17.192,17.192,69.628259,filled,2026-04-19T09:17:25.040439Z,2026-04-20T13:35:08.400432Z,paper:2026-04-19:attempt-1:FCX:SELL,market,,,1197.049028728
sac,TPL,sell,5.5543,5.5543,420.1,filled,2026-04-19T09:17:25.510465Z,2026-04-20T13:31:10.397346Z,paper:2026-04-19:attempt-1:TPL:SELL,market,,,2333.36143
sac,CIEN,sell,2.094,2.094,510.249284,filled,2026-04-19T09:17:24.810003Z,2026-04-20T13:32:51.866728Z,paper:2026-04-19:attempt-1:CIEN:SELL,market,,,1068.462000696
sac,WDC,sell,6.5168,6.5168,369.067763,filled,2026-04-19T09:17:25.767058Z,2026-04-20T13:34:04.576821Z,paper:2026-04-19:attempt-1:WDC:SELL,market,,,2405.1407979184
sac,SCCO,sell,14.9077,14.9077,188.672962,filled,2026-04-19T09:17:25.268318Z,2026-04-20T13:35:42.125065Z,paper:2026-04-19:attempt-1:SCCO:SELL,market,,,2812.6799156074003
sac,TS,buy,18.0739,18.0739,60.326127,filled,2026-04-21T02:48:52.231728Z,2026-04-21T13:33:00.878822Z,paper:2026-04-19:attempt-1:TS:BUY,market,,,1090.3283867853
sac,MU,buy,8.1761,8.1761,454.938277,filled,2026-04-21T02:48:51.690167Z,2026-04-21T13:32:26.405023Z,paper:2026-04-19:attempt-1:MU:BUY,market,,,3719.6208465797004
sac,CF,buy,32.3578,32.3578,116.929912,filled,2026-04-21T02:48:51.444092Z,2026-04-21T13:32:03.86242Z,paper:2026-04-19:attempt-1:CF:BUY,market,,,3783.5947065135997
sac,MU,sell,5.2638,5.2638,529.41,filled,2026-04-27T15:50:49.15616Z,2026-04-27T15:50:49.672101Z,paper:2026-04-27:attempt-1:MU:SELL,market,,,2786.708358
sac,FCX,buy,25.3597,25.3597,60.35,filled,2026-04-27T15:50:52.779344Z,2026-04-27T15:50:53.538338Z,paper:2026-04-27:attempt-1:FCX:BUY,market,,,1530.457895
sac,SCCO,buy,6.8955,6.8955,178.77,filled,2026-04-27T15:50:53.837736Z,2026-04-27T15:50:54.289125Z,paper:2026-04-27:attempt-1:SCCO:BUY,market,,,1232.7085350000002
sac,TPL,buy,3.9208,3.9208,433.76,filled,2026-04-27T15:50:54.578594Z,2026-04-27T15:50:56.420556Z,paper:2026-04-27:attempt-1:TPL:BUY,market,,,1700.6862079999999
sac,ATEYY,sell,10.6709,10.6709,182.25,filled,2026-05-04T13:11:56.117692Z,2026-05-04T13:33:29.030138Z,paper:2026-05-04:attempt-2:ATEYY:SELL,market,,,1944.7715249999999
sac,CF,sell,40.3101,40.3101,122.841279,filled,2026-05-04T13:11:56.35686Z,2026-05-04T13:34:02.751452Z,paper:2026-05-04:attempt-2:CF:SELL,market,,,4951.7442406179
sac,FCX,sell,184.613,184.613,55.7,filled,2026-05-04T13:11:56.591382Z,2026-05-04T13:32:31.255374Z,paper:2026-05-04:attempt-2:FCX:SELL,market,,,10282.9441
sac,GFI,sell,32.0009,32.0009,42.319378,filled,2026-05-04T13:11:57.08399Z,2026-05-04T13:36:16.637319Z,paper:2026-05-04:attempt-2:GFI:SELL,market,,,1354.2581834402001
sac,MU,sell,8.6765,8.6765,562.79,filled,2026-05-04T13:11:57.320308Z,2026-05-04T13:30:23.762176Z,paper:2026-05-04:attempt-2:MU:SELL,market,,,4883.047435
sac,PWR,sell,2.5091,2.5091,745.2,filled,2026-05-04T13:11:57.616608Z,2026-05-04T13:30:28.560307Z,paper:2026-05-04:attempt-2:PWR:SELL,market,,,1869.7813200000003
sac,SCCO,sell,51.2022,51.2022,167.348203,filled,2026-05-04T13:11:57.853423Z,2026-05-04T13:36:00.406473Z,paper:2026-05-04:attempt-2:SCCO:SELL,market,,,8568.5961596466
sac,TER,sell,4.5916,4.5916,344.85586,filled,2026-05-04T13:11:58.134181Z,2026-05-04T13:35:23.151792Z,paper:2026-05-04:attempt-2:TER:SELL,market,,,1583.4401667759998
sac,TPL,sell,10.2073,10.2073,432.717206,filled,2026-05-04T13:11:58.372583Z,2026-05-04T13:32:45.891125Z,paper:2026-05-04:attempt-2:TPL:SELL,market,,,4416.874336803799
sac,TS,sell,189.5188,189.5188,63,filled,2026-05-04T13:11:58.659671Z,2026-05-04T13:32:31.608417Z,paper:2026-05-04:attempt-2:TS:SELL,market,,,11939.6844
sac,WDC,sell,28.4275,28.4275,433.683789,filled,2026-05-04T13:11:58.901356Z,2026-05-04T13:33:34.481393Z,paper:2026-05-04:attempt-2:WDC:SELL,market,,,12328.545911797499
sac,WPM,sell,79.7141,79.7141,124.295017,filled,2026-05-04T13:11:59.179032Z,2026-05-04T13:35:18.452941Z,paper:2026-05-04:attempt-2:WPM:SELL,market,,,9908.065414639701
sac,FIX,sell,0.9952,0.9952,1860,filled,2026-05-04T13:11:56.824233Z,2026-05-04T13:30:30.550598Z,paper:2026-05-04:attempt-2:FIX:SELL,market,,,1851.072
sac,BKNG,buy,39.3442,39.3442,167.25,filled,2026-05-04T13:42:03.910525Z,2026-05-04T13:42:05.707355Z,paper:2026-05-04:attempt-2:BKNG:BUY,market,,,6580.3174500000005
sac,EXPE,buy,19.5307,19.5307,252.16,filled,2026-05-04T13:42:04.16874Z,2026-05-04T13:42:05.599462Z,paper:2026-05-04:attempt-2:EXPE:BUY,market,,,4924.861312
sac,GLW,buy,14.978,14.978,161.736024,filled,2026-05-04T13:42:04.461729Z,2026-05-04T13:42:06.868073Z,paper:2026-05-04:attempt-2:GLW:BUY,market,,,2422.4821674719997
sac,GRMN,buy,17.5581,17.5581,240.95,filled,2026-05-04T13:42:04.765586Z,2026-05-04T13:42:05.509257Z,paper:2026-05-04:attempt-2:GRMN:BUY,market,,,4230.624194999999
sac,KLAC,buy,5.0539,5.0539,1749.723648,filled,2026-05-04T13:42:05.072409Z,2026-05-04T13:42:07.231789Z,paper:2026-05-04:attempt-2:KLAC:BUY,market,,,8842.928344627198
sac,MRVL,buy,29.8233,29.8233,164.77,filled,2026-05-04T13:42:05.305252Z,2026-05-04T13:42:05.965717Z,paper:2026-05-04:attempt-2:MRVL:BUY,market,,,4913.985141
sac,NHYDY,buy,253.3326,253.3326,11.39,filled,2026-05-04T13:42:05.59Z,2026-05-04T13:42:08.8564Z,paper:2026-05-04:attempt-2:NHYDY:BUY,market,,,2885.4583140000004
sac,NOK,buy,301.5196,301.5196,13.48,filled,2026-05-04T13:42:05.82298Z,2026-05-04T13:42:06.490166Z,paper:2026-05-04:attempt-2:NOK:BUY,market,,,4064.4842080000003
sac,ODFL,buy,15.0523,15.0523,197.87,filled,2026-05-04T13:42:06.095958Z,2026-05-04T13:42:07.784433Z,paper:2026-05-04:attempt-2:ODFL:BUY,market,,,2978.3986010000003
sac,RELX,buy,364.2858,364.2858,36.47,filled,2026-05-04T13:42:06.409587Z,2026-05-04T13:42:07.150308Z,paper:2026-05-04:attempt-2:RELX:BUY,market,,,13285.503126
sac,UI,buy,9.6484,9.6484,1038.17,filled,2026-05-04T13:42:06.714427Z,2026-05-04T13:42:09.681074Z,paper:2026-05-04:attempt-2:UI:BUY,market,,,10016.679428000001
sac,VRSN,buy,18.0399,18.0399,272.22663,filled,2026-05-04T13:42:07.119424Z,2026-05-04T13:42:09.092854Z,paper:2026-05-04:attempt-2:VRSN:BUY,market,,,4910.941182537
sac,CIEN,sell,17.1171,17.1171,564.446767,filled,2026-05-11T11:07:11.897036Z,2026-05-11T13:34:00.699645Z,paper:2026-05-11:attempt-1:CIEN:SELL,market,,,9661.6917554157
sac,EXPE,sell,12.9217,12.9217,226.401209,filled,2026-05-11T11:07:12.141934Z,2026-05-11T13:35:08.015712Z,paper:2026-05-11:attempt-1:EXPE:SELL,market,,,2925.4885023353
sac,GLW,sell,7.3373,7.3373,197.24318,filled,2026-05-11T11:07:12.62795Z,2026-05-11T13:34:19.16306Z,paper:2026-05-11:attempt-1:GLW:SELL,market,,,1447.232384614
sac,KLAC,sell,4.1895,4.1895,1871.84,filled,2026-05-11T11:07:12.867608Z,2026-05-11T13:31:42.178358Z,paper:2026-05-11:attempt-1:KLAC:SELL,market,,,7842.0736799999995
sac,MRVL,sell,20.0633,20.0633,163.18882,filled,2026-05-11T11:07:13.117789Z,2026-05-11T13:34:37.039942Z,paper:2026-05-11:attempt-1:MRVL:SELL,market,,,3274.106252306
sac,RELX,sell,314.6933,314.6933,33.697998,filled,2026-05-11T11:07:13.358974Z,2026-05-11T13:36:36.208436Z,paper:2026-05-11:attempt-1:RELX:SELL,market,,,10604.5341940134
sac,TS,sell,2.2884,2.2884,60.673781,filled,2026-05-11T11:07:13.599183Z,2026-05-11T13:33:25.376353Z,paper:2026-05-11:attempt-1:TS:SELL,market,,,138.8458804404
sac,FCX,sell,0.8674,0.8674,62.52,filled,2026-05-11T11:07:12.380055Z,2026-05-11T13:31:20.20942Z,paper:2026-05-11:attempt-1:FCX:SELL,market,,,54.229848
sac,WPM,sell,0.1631,0.1631,140,filled,2026-05-11T11:07:13.841676Z,2026-05-11T13:30:01.775535Z,paper:2026-05-11:attempt-1:WPM:SELL,market,,,22.834
sac,BKNG,buy,27.9384,27.9384,164.08,filled,2026-05-11T13:37:11.048746Z,2026-05-11T13:37:13.000692Z,paper:2026-05-11:attempt-1:BKNG:BUY,market,,,4584.132672000001
sac,GRMN,buy,29.1677,29.1677,243.21,filled,2026-05-11T13:37:11.31649Z,2026-05-11T13:37:20.14687Z,paper:2026-05-11:attempt-1:GRMN:BUY,market,,,7093.876317
sac,NHYDY,buy,195.1203,195.1203,11.54,filled,2026-05-11T13:37:11.55693Z,2026-05-11T13:37:18.664723Z,paper:2026-05-11:attempt-1:NHYDY:BUY,market,,,2251.6882619999997
sac,NOK,buy,147.8917,147.8917,12.96,filled,2026-05-11T13:37:11.79052Z,2026-05-11T13:37:25.310614Z,paper:2026-05-11:attempt-1:NOK:BUY,market,,,1916.676432
sac,ODFL,buy,34.2261,34.2261,196.53,filled,2026-05-11T13:37:12.021627Z,2026-05-11T13:37:16.798293Z,paper:2026-05-11:attempt-1:ODFL:BUY,market,,,6726.455433
sac,UI,buy,3.6907,3.6907,757.89,filled,2026-05-11T13:37:12.280798Z,2026-05-11T13:37:16.737351Z,paper:2026-05-11:attempt-1:UI:BUY,market,,,2797.144623
sac,VRSN,buy,20.4792,20.4792,287.61,filled,2026-05-11T13:37:12.512047Z,2026-05-11T13:37:16.016946Z,paper:2026-05-11:attempt-1:VRSN:BUY,market,,,5890.022712
sac,CIEN,sell,2.375,2.375,550.7,filled,2026-05-18T11:04:58.10065Z,2026-05-18T13:34:32.71Z,paper:2026-05-18:attempt-1:CIEN:SELL,market,,,1307.9125000000001
sac,ODFL,sell,6.0692,6.0692,202.24,filled,2026-05-18T11:04:58.335154Z,2026-05-18T13:31:07.813408Z,paper:2026-05-18:attempt-1:ODFL:SELL,market,,,1227.4350080000002
sac,VRSN,sell,4.2457,4.2457,298.68,filled,2026-05-18T11:04:58.66518Z,2026-05-18T13:33:40.531823Z,paper:2026-05-18:attempt-1:VRSN:SELL,market,,,1268.1056760000001
sac,NHYDY,buy,219.4361,219.4361,11.58,filled,2026-05-18T13:35:09.511049Z,2026-05-18T13:36:52.4116Z,paper:2026-05-18:attempt-1:NHYDY:BUY,market,,,2541.0700380000003
sac,NOK,buy,199.3593,199.3593,14.32,filled,2026-05-18T13:35:09.753855Z,2026-05-18T13:36:23.0652Z,paper:2026-05-18:attempt-1:NOK:BUY,market,,,2854.825176
sac,UI,buy,3.1325,3.1325,614.98,filled,2026-05-18T13:35:10.004092Z,2026-05-18T13:36:49.552217Z,paper:2026-05-18:attempt-1:UI:BUY,market,,,1926.4248499999999
sac,NOK,sell,502.4757,502.4757,15.983527,filled,2026-05-25T11:04:27.598244Z,2026-05-26T13:45:17.52305Z,paper:2026-05-25:attempt-1:NOK:SELL,market,,,8031.333917793901
sac,NHYDY,sell,244.1831,244.1831,12.395429,filled,2026-05-25T11:04:27.359765Z,2026-05-26T13:45:20.991964Z,paper:2026-05-25:attempt-1:NHYDY:SELL,market,,,3026.7542790499
sac,CF,sell,27.3903,27.3903,119.573501,filled,2026-05-25T11:04:27.115609Z,2026-05-26T13:37:15.916146Z,paper:2026-05-25:attempt-1:CF:SELL,market,,,3275.1540644403
sac,CIEN,buy,9.157,9.157,588.095446,filled,2026-05-26T13:46:26.297141Z,2026-05-26T13:47:36.293889Z,paper:2026-05-25:attempt-1:CIEN:BUY,market,,,5385.189999022
sac,UI,buy,2.3128,2.3128,602.94,filled,2026-05-26T13:46:27.412856Z,2026-05-26T13:47:39.343593Z,paper:2026-05-25:attempt-1:UI:BUY,market,,,1394.4796320000003
sac,CIEN,sell,5.7664,5.7664,563.02,filled,2026-06-01T11:04:26.075138Z,2026-06-01T13:34:11.912334Z,paper:2026-06-01:attempt-1:CIEN:SELL,market,,,3246.598528
sac,SCCO,sell,0.0539,0.0539,188.29,filled,2026-06-01T11:04:26.309689Z,2026-06-01T13:30:01.915341Z,paper:2026-06-01:attempt-1:SCCO:SELL,market,,,10.148831
sac,NOK,buy,89.524,89.524,15.36,filled,2026-06-01T13:35:09.383961Z,2026-06-01T13:40:03.951302Z,paper:2026-06-01:attempt-1:NOK:BUY,market,,,1375.08864
sac,VRSN,buy,6.4011,6.4011,290.65,filled,2026-06-01T13:35:09.858879Z,2026-06-01T13:38:49.157723Z,paper:2026-06-01:attempt-1:VRSN:BUY,market,,,1860.4797149999997
sac,MRVL,sell,4.1894,4.1894,288.650359,filled,2026-06-08T11:04:41.506653Z,2026-06-08T13:34:42.488881Z,paper:2026-06-08:attempt-1:MRVL:SELL,market,,,1209.2718139945998
sac,UI,buy,2.9398,2.9398,571.95,filled,2026-06-08T13:35:10.388132Z,2026-06-08T13:37:00.918655Z,paper:2026-06-08:attempt-1:UI:BUY,market,,,1681.4186100000002
sac,NHYDY,sell,167.5193,167.5193,10.85,filled,2026-06-15T11:04:26.94824Z,2026-06-15T13:33:24.273528Z,paper:2026-06-15:attempt-1:NHYDY:SELL,market,,,1817.5844049999998
sac,NOK,sell,96.101,96.101,14.785275,filled,2026-06-15T11:04:27.194742Z,2026-06-15T13:39:35.158806Z,paper:2026-06-15:attempt-1:NOK:SELL,market,,,1420.879712775
sac,VRSN,sell,5.659,5.659,277.372702,filled,2026-06-15T11:04:27.427767Z,2026-06-15T13:37:38.963413Z,paper:2026-06-15:attempt-1:VRSN:SELL,market,,,1569.652120618
sac,BKNG,buy,6.2133,6.2133,174.62,filled,2026-06-15T13:40:15.020951Z,2026-06-15T13:40:21.216108Z,paper:2026-06-15:attempt-1:BKNG:BUY,market,,,1084.9664460000001
sac,KLAC,buy,5.7117,5.7117,259.13,filled,2026-06-15T13:40:15.265537Z,2026-06-15T13:40:21.990866Z,paper:2026-06-15:attempt-1:KLAC:BUY,market,,,1480.072821
sac,BKNG,sell,15.4227,15.4227,167.507046,filled,2026-06-22T11:04:19.550857Z,2026-06-22T13:38:23.331924Z,paper:2026-06-22:attempt-1:BKNG:SELL,market,,,2583.4109183442
sac,UI,sell,4.186,4.186,578.32,filled,2026-06-22T11:04:19.810063Z,2026-06-22T13:31:29.86145Z,paper:2026-06-22:attempt-1:UI:SELL,market,,,2420.8475200000003
sac,CF,buy,51.6656,51.6656,103.76,filled,2026-06-22T13:39:24.265522Z,2026-06-22T13:40:18.591829Z,paper:2026-06-22:attempt-1:CF:BUY,market,,,5360.822656
sac,CIEN,buy,5.3782,5.3782,436,filled,2026-06-22T13:39:24.603849Z,2026-06-22T13:40:45.234194Z,paper:2026-06-22:attempt-1:CIEN:BUY,market,,,2344.8952
sac,NHYDY,buy,488.0015,488.0015,10.27,filled,2026-06-22T13:39:24.949445Z,2026-06-22T13:40:35.037325Z,paper:2026-06-22:attempt-1:NHYDY:BUY,market,,,5011.775405
sac,NOK,buy,345.3898,345.3898,14.20134,filled,2026-06-22T13:39:25.297514Z,2026-06-22T13:41:05.268553Z,paper:2026-06-22:attempt-1:NOK:BUY,market,,,4904.997982332
sac,VRSN,buy,3.8973,3.8973,265.085757,filled,2026-06-22T13:39:25.647187Z,2026-06-22T13:41:06.761163Z,paper:2026-06-22:attempt-1:VRSN:BUY,market,,,1033.1187207561
sac,CF,sell,16.2613,16.2613,105.133856,filled,2026-06-29T11:04:15.853383Z,2026-06-29T13:35:58.538839Z,paper:2026-06-29:attempt-1:CF:SELL,market,,,1709.6131725727998
sac,KLAC,sell,9.2628,9.2628,251.09,filled,2026-06-29T11:04:16.087627Z,2026-06-29T13:31:01.821267Z,paper:2026-06-29:attempt-1:KLAC:SELL,market,,,2325.796452
sac,ODFL,sell,5.6045,5.6045,217.186448,filled,2026-06-29T11:04:16.318741Z,2026-06-29T13:33:34.092776Z,paper:2026-06-29:attempt-1:ODFL:SELL,market,,,1217.2214478160001
sac,NOK,buy,248.6201,248.6201,12.72,filled,2026-06-29T13:36:09.324947Z,2026-06-29T13:36:46.06693Z,paper:2026-06-29:attempt-1:NOK:BUY,market,,,3162.4476720000002
sac,BKNG,sell,12.5816,12.5816,183.742443,filled,2026-07-06T11:04:26.342434Z,2026-07-06T13:39:42.999082Z,paper:2026-07-06:attempt-1:BKNG:SELL,market,,,2311.7739208488
sac,CF,sell,18.6663,18.6663,109.64,filled,2026-07-06T11:04:26.576711Z,2026-07-06T13:33:38.009613Z,paper:2026-07-06:attempt-1:CF:SELL,market,,,2046.573132
sac,GRMN,sell,6.8726,6.8726,239.681853,filled,2026-07-06T11:04:26.807565Z,2026-07-06T13:41:29.493852Z,paper:2026-07-06:attempt-1:GRMN:SELL,market,,,1647.2375029278
sac,CIEN,buy,9.3902,9.3902,436.01,filled,2026-07-06T13:42:19.142098Z,2026-07-06T13:42:41.525396Z,paper:2026-07-06:attempt-1:CIEN:BUY,market,,,4094.221102
sac,NHYDY,buy,311.8217,311.8217,8.84,filled,2026-07-06T13:42:19.382912Z,2026-07-06T13:42:49.036864Z,paper:2026-07-06:attempt-1:NHYDY:BUY,market,,,2756.5038280000003
sac,CIEN,sell,4.233,4.233,452.133572,filled,2026-07-13T11:06:22.82848Z,2026-07-13T13:33:46.880731Z,paper:2026-07-13:attempt-1:CIEN:SELL,market,,,1913.881410276
sac,AAPL,buy,0.05,0.05,321.82,filled,2026-07-24T09:48:37.454701Z,2026-07-24T13:30:01.703441Z,paper:alpaca-test:attempt-1:AAPL:BUY,market,,,16.091
sac,AAPL,sell,0.0499,0,,canceled,2026-08-14T11:16:06.708823Z,,paper:2026-08-14:attempt-1:AAPL:SELL,market,,,0.0
sac,BKNG,sell,45.144,0,,canceled,2026-08-14T11:16:06.938259Z,,paper:2026-08-14:attempt-1:BKNG:SELL,market,,,0.0
sac,CF,sell,39.3271,0,,canceled,2026-08-14T11:16:07.164113Z,,paper:2026-08-14:attempt-1:CF:SELL,market,,,0.0
sac,CIEN,sell,16.5777,0,,canceled,2026-08-14T11:16:07.391502Z,,paper:2026-08-14:attempt-1:CIEN:SELL,market,,,0.0
sac,EXPE,sell,6.609,0,,canceled,2026-08-14T11:16:07.626795Z,,paper:2026-08-14:attempt-1:EXPE:SELL,market,,,0.0
sac,GLW,sell,7.6407,0,,canceled,2026-08-14T11:16:07.852061Z,,paper:2026-08-14:attempt-1:GLW:SELL,market,,,0.0
sac,GRMN,sell,30.7481,0,,canceled,2026-08-14T11:16:08.077763Z,,paper:2026-08-14:attempt-1:GRMN:SELL,market,,,0.0
sac,KLAC,sell,5.0929,0,,canceled,2026-08-14T11:16:08.32839Z,,paper:2026-08-14:attempt-1:KLAC:SELL,market,,,0.0
sac,MRVL,sell,5.5706,0,,canceled,2026-08-14T11:16:08.556328Z,,paper:2026-08-14:attempt-1:MRVL:SELL,market,,,0.0
sac,NHYDY,sell,1056.0098,0,,canceled,2026-08-14T11:16:08.791295Z,,paper:2026-08-14:attempt-1:NHYDY:SELL,market,,,0.0
sac,NOK,sell,733.7278,0,,canceled,2026-08-14T11:16:09.023157Z,,paper:2026-08-14:attempt-1:NOK:SELL,market,,,0.0
sac,ODFL,sell,44.9267,0,,canceled,2026-08-14T11:16:09.259813Z,,paper:2026-08-14:attempt-1:ODFL:SELL,market,,,0.0
sac,RELX,sell,49.5925,0,,canceled,2026-08-14T11:16:09.485542Z,,paper:2026-08-14:attempt-1:RELX:SELL,market,,,0.0
sac,UI,sell,17.5382,0,,canceled,2026-08-14T11:16:09.709662Z,,paper:2026-08-14:attempt-1:UI:SELL,market,,,0.0
sac,VRSN,sell,38.9128,0,,canceled,2026-08-14T11:16:09.936731Z,,paper:2026-08-14:attempt-1:VRSN:SELL,market,,,0.0
sac,AMD,buy,18.4456,0,,canceled,2026-08-14T11:23:29.830701Z,,paper:2026-08-14:attempt-1:AMD:BUY,market,,,0.0
sac,BBY,buy,175.4663,0,,canceled,2026-08-14T11:23:30.0877Z,,paper:2026-08-14:attempt-1:BBY:BUY,market,,,0.0
sac,CDW,buy,22.3406,0,,canceled,2026-08-14T11:23:30.315494Z,,paper:2026-08-14:attempt-1:CDW:BUY,market,,,0.0
sac,CTSH,buy,131.3426,0,,canceled,2026-08-14T11:23:30.5413Z,,paper:2026-08-14:attempt-1:CTSH:BUY,market,,,0.0
sac,DLTR,buy,84.9037,0,,canceled,2026-08-14T11:23:30.769077Z,,paper:2026-08-14:attempt-1:DLTR:BUY,market,,,0.0
sac,FTNT,buy,17.0938,0,,canceled,2026-08-14T11:23:31.005442Z,,paper:2026-08-14:attempt-1:FTNT:BUY,market,,,0.0
sac,FUJIY,buy,279.8717,0,,canceled,2026-08-14T11:23:31.233786Z,,paper:2026-08-14:attempt-1:FUJIY:BUY,market,,,0.0
sac,ILMN,buy,14.0032,0,,canceled,2026-08-14T11:23:31.463141Z,,paper:2026-08-14:attempt-1:ILMN:BUY,market,,,0.0
sac,MSFT,buy,6.4797,0,,canceled,2026-08-14T11:23:31.691252Z,,paper:2026-08-14:attempt-1:MSFT:BUY,market,,,0.0
sac,NTAP,buy,84.9842,0,,canceled,2026-08-14T11:23:31.924418Z,,paper:2026-08-14:attempt-1:NTAP:BUY,market,,,0.0
sac,PANW,buy,6.8238,0,,canceled,2026-08-14T11:23:32.1566Z,,paper:2026-08-14:attempt-1:PANW:BUY,market,,,0.0
sac,SAP,buy,68.3815,0,,canceled,2026-08-14T11:23:32.386593Z,,paper:2026-08-14:attempt-1:SAP:BUY,market,,,0.0
sac,WDC,buy,7.5118,0,,canceled,2026-08-14T11:23:32.61415Z,,paper:2026-08-14:attempt-1:WDC:BUY,market,,,0.0
sac,ZBRA,buy,7.6971,0,,canceled,2026-08-14T11:23:32.841669Z,,paper:2026-08-14:attempt-1:ZBRA:BUY,market,,,0.0
sac,BKNG,sell,45.2912,45.2912,212.177054,filled,2026-08-14T12:27:13.894808Z,2026-08-14T13:33:01.7524Z,paper:2026-08-14:attempt-2:BKNG:SELL,market,,,9609.7533881248
sac,CF,sell,39.0985,39.0985,117.783627,filled,2026-08-14T12:27:14.141624Z,2026-08-14T13:33:02.927621Z,paper:2026-08-14:attempt-2:CF:SELL,market,,,4605.1631402595
sac,CIEN,sell,16.5777,16.5777,435.713238,filled,2026-08-14T12:27:14.390384Z,2026-08-14T13:33:14.396585Z,paper:2026-08-14:attempt-2:CIEN:SELL,market,,,7223.123345592599
sac,EXPE,sell,6.609,6.609,327.821843,filled,2026-08-14T12:27:14.675953Z,2026-08-14T13:33:00.48875Z,paper:2026-08-14:attempt-2:EXPE:SELL,market,,,2166.574560387
sac,GLW,sell,7.6407,7.6407,160.465008,filled,2026-08-14T12:27:14.976887Z,2026-08-14T13:33:40.383811Z,paper:2026-08-14:attempt-2:GLW:SELL,market,,,1226.0649866256
sac,GRMN,sell,30.7441,30.7441,310.901316,filled,2026-08-14T12:27:15.224539Z,2026-08-14T13:34:50.777812Z,paper:2026-08-14:attempt-2:GRMN:SELL,market,,,9558.3811492356
sac,KLAC,sell,5.0844,5.0844,206.5,filled,2026-08-14T12:27:15.4893Z,2026-08-14T13:32:17.529478Z,paper:2026-08-14:attempt-2:KLAC:SELL,market,,,1049.9286
sac,MRVL,sell,5.5706,5.5706,221.67,filled,2026-08-14T12:27:15.796181Z,2026-08-14T13:31:40.717818Z,paper:2026-08-14:attempt-2:MRVL:SELL,market,,,1234.8349019999998
sac,NHYDY,sell,1056.0098,1056.0098,9.5,filled,2026-08-14T12:27:16.102281Z,2026-08-14T13:33:40.802147Z,paper:2026-08-14:attempt-2:NHYDY:SELL,market,,,10032.0931
sac,NOK,sell,733.7278,733.7278,10.514024,filled,2026-08-14T12:27:16.509051Z,2026-08-14T13:32:02.155445Z,paper:2026-08-14:attempt-2:NOK:SELL,market,,,7714.431698667199
sac,ODFL,sell,44.9267,44.9267,213.188781,filled,2026-08-14T12:27:16.824038Z,2026-08-14T13:34:03.850534Z,paper:2026-08-14:attempt-2:ODFL:SELL,market,,,9577.8684073527
sac,RELX,sell,49.5925,49.5925,35.28,filled,2026-08-14T12:27:17.051969Z,2026-08-14T13:31:55.372411Z,paper:2026-08-14:attempt-2:RELX:SELL,market,,,1749.6234000000002
sac,UI,sell,17.5382,17.5382,575.774908,filled,2026-08-14T12:27:17.283649Z,2026-08-14T13:32:02.474733Z,paper:2026-08-14:attempt-2:UI:SELL,market,,,10098.0554914856
sac,VRSN,sell,38.9128,38.9128,285.676535,filled,2026-08-14T12:27:17.531184Z,2026-08-14T13:34:14.552249Z,paper:2026-08-14:attempt-2:VRSN:SELL,market,,,11116.473871147999
sac,AAPL,sell,0.05,0.05,306,filled,2026-08-14T12:27:13.647181Z,2026-08-14T13:30:02.030437Z,paper:2026-08-14:attempt-2:AAPL:SELL,market,,,15.3
sac,BKNG,sell,0.2004,0.2004,214.324,filled,2026-08-14T17:05:38.3242Z,2026-08-14T17:05:38.343886Z,paper:2026-08-14:attempt-3:BKNG:SELL,market,,,42.9505296
sac,CF,sell,0.2452,0.2452,118.874,filled,2026-08-14T17:05:38.908045Z,2026-08-14T17:05:38.92352Z,paper:2026-08-14:attempt-3:CF:SELL,market,,,29.1479048
sac,AMD,buy,11.0216,11.0216,503.29,filled,2026-08-14T17:06:06.26173Z,2026-08-14T17:06:07.249961Z,paper:2026-08-14:attempt-3:AMD:BUY,market,,,5547.0610639999995
sac,BBY,buy,205.2047,205.2047,86.15,filled,2026-08-14T17:06:06.534973Z,2026-08-14T17:06:07.825252Z,paper:2026-08-14:attempt-3:BBY:BUY,market,,,17678.384905000003
sac,CDW,buy,26.9585,26.9585,139.23,filled,2026-08-14T17:06:06.991296Z,2026-08-14T17:06:07.687882Z,paper:2026-08-14:attempt-3:CDW:BUY,market,,,3753.431955
sac,CTSH,buy,111.2438,111.2438,58.76,filled,2026-08-14T17:06:07.330538Z,2026-08-14T17:06:08.307352Z,paper:2026-08-14:attempt-3:CTSH:BUY,market,,,6536.685688
sac,DLTR,buy,99.4672,99.4672,130.18,filled,2026-08-14T17:06:07.713116Z,2026-08-14T17:06:09.471052Z,paper:2026-08-14:attempt-3:DLTR:BUY,market,,,12948.640096000001
sac,FTNT,buy,24.6459,24.6459,161.24,filled,2026-08-14T17:06:08.122073Z,2026-08-14T17:06:10.81262Z,paper:2026-08-14:attempt-3:FTNT:BUY,market,,,3973.9049160000004
sac,FUJIY,buy,345.7466,345.7466,10.4,filled,2026-08-14T17:06:08.55798Z,2026-08-14T17:06:12.093977Z,paper:2026-08-14:attempt-3:FUJIY:BUY,market,,,3595.7646400000003
sac,ILMN,buy,16.6358,16.6358,191.82,filled,2026-08-14T17:06:08.970718Z,2026-08-14T17:06:10.421687Z,paper:2026-08-14:attempt-3:ILMN:BUY,market,,,3191.079156
sac,MSFT,buy,34.2072,34.2072,496.47,filled,2026-08-14T17:06:09.342693Z,2026-08-14T17:06:11.896099Z,paper:2026-08-14:attempt-3:MSFT:BUY,market,,,16982.848584
sac,NTAP,buy,31.4942,31.4942,205.72,filled,2026-08-14T17:06:09.780405Z,2026-08-14T17:06:10.617359Z,paper:2026-08-14:attempt-3:NTAP:BUY,market,,,6478.986824
sac,PANW,buy,9.1873,9.1873,383.67,filled,2026-08-14T17:06:10.154216Z,2026-08-14T17:06:11.898326Z,paper:2026-08-14:attempt-3:PANW:BUY,market,,,3524.891391
sac,SAP,buy,25.7861,25.7861,208.51,filled,2026-08-14T17:06:10.52107Z,2026-08-14T17:06:11.917234Z,paper:2026-08-14:attempt-3:SAP:BUY,market,,,5376.659711
sac,WDC,buy,6.4054,6.4054,496.45,filled,2026-08-14T17:06:10.858213Z,2026-08-14T17:06:11.845461Z,paper:2026-08-14:attempt-3:WDC:BUY,market,,,3179.96083
sac,ZBRA,buy,11.2412,11.2412,374.6,filled,2026-08-14T17:06:11.173767Z,2026-08-14T17:06:13.373195Z,paper:2026-08-14:attempt-3:ZBRA:BUY,market,,,4210.95352
sac,CF,sell,0.0002,0.0002,118.796,filled,2026-08-14T17:10:48.260619Z,2026-08-14T17:10:48.275608Z,b80e31ad-2005-4822-a133-9492a0c593ad,market,,,0.0237592
sac,FCX,sell,0.0028,0.0028,66.702,filled,2026-08-14T17:10:48.530058Z,2026-08-14T17:10:48.546205Z,02ba4e1a-6c38-4c06-bf60-7750195274a7,market,,,0.1867656
sac,KLAC,sell,0.0085,0.0085,201.966,filled,2026-08-14T17:10:48.792752Z,2026-08-14T17:10:48.818357Z,9f25e3ca-d744-4be9-ab6e-bfa8aa4572b1,market,,,1.716711
sac,TER,sell,0.019,0.019,403.462,filled,2026-08-14T17:10:49.05572Z,2026-08-14T17:10:49.060165Z,e64a7674-dc6f-493d-a3f1-976765f002f8,market,,,7.6657779999999995
sac,TPL,sell,0.0146,0.0146,357.49,filled,2026-08-14T17:10:49.309074Z,2026-08-14T17:10:49.32457Z,550160a8-f67f-4317-8262-2e027e210cba,market,,,5.219354
sac,WPM,sell,0.0019,0.0019,134.128,filled,2026-08-14T17:10:49.573075Z,2026-08-14T17:10:49.700694Z,b00243f8-0ae1-4cff-a1a5-9c9636c4b6e2,market,,,0.2548432
sac,AMD,sell,2.605,2.605,512.198311,filled,2026-08-17T11:01:57.762003Z,2026-08-17T13:34:16.894232Z,paper:2026-08-17:attempt-1:AMD:SELL,market,,,1334.2766001549999
sac,BBY,sell,145.5772,145.5772,86.615527,filled,2026-08-17T11:01:57.991878Z,2026-08-17T13:36:47.66111Z,paper:2026-08-17:attempt-1:BBY:SELL,market,,,12609.2458971844
sac,DLTR,sell,30.7176,30.7176,128.505978,filled,2026-08-17T11:01:58.219775Z,2026-08-17T13:35:43.148486Z,paper:2026-08-17:attempt-1:DLTR:SELL,market,,,3947.3952298128
sac,FTNT,sell,8.0815,8.0815,159.086059,filled,2026-08-17T11:01:58.453513Z,2026-08-17T13:34:26.757768Z,paper:2026-08-17:attempt-1:FTNT:SELL,market,,,1285.6539858085
sac,NTAP,sell,17.3334,17.3334,204.62,filled,2026-08-17T11:01:58.686032Z,2026-08-17T13:31:32.970521Z,paper:2026-08-17:attempt-1:NTAP:SELL,market,,,3546.7603080000004
sac,PANW,sell,2.7787,2.7787,381.154982,filled,2026-08-17T11:01:58.924924Z,2026-08-17T13:33:16.616216Z,paper:2026-08-17:attempt-1:PANW:SELL,market,,,1059.1153484834
sac,ZBRA,sell,4.6492,4.6492,372.1,filled,2026-08-17T11:01:59.155281Z,2026-08-17T13:32:35.384465Z,paper:2026-08-17:attempt-1:ZBRA:SELL,market,,,1729.9673200000002
sac,CTSH,buy,180.3238,180.3238,58.292,filled,2026-08-17T13:37:14.124937Z,2026-08-17T13:38:08.859508Z,paper:2026-08-17:attempt-1:CTSH:BUY,market,,,10511.434949600001
sac,GRMN,buy,16.933,16.933,307.866606,filled,2026-08-17T13:37:14.364107Z,2026-08-17T13:38:00.76641Z,paper:2026-08-17:attempt-1:GRMN:BUY,market,,,5213.105239398
sac,SAP,buy,52.7418,52.7418,209.289566,filled,2026-08-17T13:37:14.599801Z,2026-08-17T13:37:58.395182Z,paper:2026-08-17:attempt-1:SAP:BUY,market,,,11038.3084320588
sac,CTSH,sell,80.8115,80.8115,61.51,filled,2026-08-24T13:25:40.794961Z,2026-08-24T13:36:00.332077Z,paper:2026-08-24:attempt-1:CTSH:SELL,market,,,4970.715364999999
sac,GRMN,sell,18.4184,18.4184,292,filled,2026-08-24T13:25:41.027292Z,2026-08-24T13:30:47.812067Z,paper:2026-08-24:attempt-1:GRMN:SELL,market,,,5378.172799999999
sac,ILMN,sell,6.6512,6.6512,213.402591,filled,2026-08-24T13:25:41.257163Z,2026-08-24T13:36:47.212132Z,paper:2026-08-24:attempt-1:ILMN:SELL,market,,,1419.3833132592001
sac,MSFT,sell,29.5617,29.5617,482.17,filled,2026-08-24T13:25:41.494872Z,2026-08-24T13:32:33.549872Z,paper:2026-08-24:attempt-1:MSFT:SELL,market,,,14253.764889
sac,SAP,sell,42.356,42.356,217.63733,filled,2026-08-24T13:25:41.726437Z,2026-08-24T13:37:46.620608Z,paper:2026-08-24:attempt-1:SAP:SELL,market,,,9218.24674948
sac,AMD,buy,26.1195,26.1195,457.295718,filled,2026-08-24T13:38:13.525148Z,2026-08-24T13:38:58.371643Z,paper:2026-08-24:attempt-1:AMD:BUY,market,,,11944.335506301
sac,BBY,buy,78.1246,78.1246,88.69,filled,2026-08-24T13:38:13.771926Z,2026-08-24T13:38:34.951231Z,paper:2026-08-24:attempt-1:BBY:BUY,market,,,6928.870774
sac,CDW,buy,37.5822,37.5822,135.39,filled,2026-08-24T13:38:14.006501Z,2026-08-24T13:38:41.144064Z,paper:2026-08-24:attempt-1:CDW:BUY,market,,,5088.2540579999995
sac,DLTR,buy,35.3041,35.3041,132.950039,filled,2026-08-24T13:38:14.263697Z,2026-08-24T13:39:29.536904Z,paper:2026-08-24:attempt-1:DLTR:BUY,market,,,4693.6814718599
sac,WDC,buy,15.0316,15.0316,434.89,filled,2026-08-24T13:38:14.497591Z,2026-08-24T13:38:51.367464Z,paper:2026-08-24:attempt-1:WDC:BUY,market,,,6537.092524
sac,CTSH,sell,210.7561,210.7561,59.798869,filled,2026-09-07T23:53:48.259557Z,2026-09-08T13:36:21.879885Z,paper:2026-09-08:attempt-1:CTSH:SELL,market,,,12602.9764148509
sac,DLTR,sell,104.0537,104.0537,128,filled,2026-09-07T23:53:48.502388Z,2026-09-08T13:32:10.444225Z,paper:2026-09-08:attempt-1:DLTR:SELL,market,,,13318.8736
sac,FTNT,sell,16.5644,16.5644,152.4392,filled,2026-09-07T23:53:48.753854Z,2026-09-08T13:34:47.29227Z,paper:2026-09-08:attempt-1:FTNT:SELL,market,,,2525.06388448
sac,GRMN,sell,7.6237,7.6237,274.18,filled,2026-09-07T23:53:49.238056Z,2026-09-08T13:34:19.096638Z,paper:2026-09-08:attempt-1:GRMN:SELL,market,,,2090.266066
sac,WDC,sell,21.437,21.437,476.76,filled,2026-09-07T23:53:50.211393Z,2026-09-08T13:34:40.988109Z,paper:2026-09-08:attempt-1:WDC:SELL,market,,,10220.30412
sac,FUJIY,sell,345.7466,345.7466,10.26,filled,2026-09-07T23:53:48.996181Z,2026-09-08T13:35:22.507288Z,paper:2026-09-08:attempt-1:FUJIY:SELL,market,,,3547.360116
sac,NTAP,sell,14.1608,14.1608,184.542331,filled,2026-09-07T23:53:49.723138Z,2026-09-08T13:36:19.270092Z,paper:2026-09-08:attempt-1:NTAP:SELL,market,,,2613.2670408248
sac,SAP,sell,36.1719,36.1719,210.453447,filled,2026-09-07T23:53:49.965941Z,2026-09-08T13:37:16.028789Z,paper:2026-09-08:attempt-1:SAP:SELL,market,,,7612.501039539301
sac,AMD,sell,34.5361,34.5361,492.61,filled,2026-09-07T23:53:47.5306Z,2026-09-08T13:30:21.214969Z,paper:2026-09-08:attempt-1:AMD:SELL,market,,,17012.828221
sac,CDW,sell,64.5407,64.5407,150,filled,2026-09-07T23:53:48.015717Z,2026-09-08T13:34:10.354705Z,paper:2026-09-08:attempt-1:CDW:SELL,market,,,9681.105
sac,MSFT,sell,4.6455,4.6455,493.25,filled,2026-09-07T23:53:49.482288Z,2026-09-08T13:30:00.339632Z,paper:2026-09-08:attempt-1:MSFT:SELL,market,,,2291.392875
sac,BBY,sell,137.7521,137.7521,89.467187,filled,2026-09-07T23:53:47.77282Z,2026-09-08T13:34:59.527584Z,paper:2026-09-08:attempt-1:BBY:SELL,market,,,12324.2928903427
sac,ATEYY,buy,21.6949,21.6949,223.4625,filled,2026-09-08T13:38:17.109002Z,2026-09-08T13:38:26.87786Z,paper:2026-09-08:attempt-1:ATEYY:BUY,market,,,4847.99659125
sac,AXON,buy,29.1439,29.1439,508.91,filled,2026-09-08T13:38:17.351267Z,2026-09-08T13:38:20.770657Z,paper:2026-09-08:attempt-1:AXON:BUY,market,,,14831.622149
sac,CRL,buy,12.6077,12.6077,285.85,filled,2026-09-08T13:38:17.592904Z,2026-09-08T13:38:24.010502Z,paper:2026-09-08:attempt-1:CRL:BUY,market,,,3603.9110450000003
sac,CSLLY,buy,458.8417,458.8417,32,filled,2026-09-08T13:38:17.843438Z,2026-09-08T13:38:25.718512Z,paper:2026-09-08:attempt-1:CSLLY:BUY,market,,,14682.9344
sac,EXPE,buy,9.2243,9.2243,287.393364,filled,2026-09-08T13:38:18.189125Z,2026-09-08T13:38:21.675572Z,paper:2026-09-08:attempt-1:EXPE:BUY,market,,,2651.0026075452
sac,IBM,buy,15.1225,15.1225,230.622388,filled,2026-09-08T13:38:18.431654Z,2026-09-08T13:38:25.363539Z,paper:2026-09-08:attempt-1:IBM:BUY,market,,,3487.58706253
sac,ICLR,buy,28.4664,28.4664,162.92,filled,2026-09-08T13:38:18.681059Z,2026-09-08T13:38:22.841933Z,paper:2026-09-08:attempt-1:ICLR:BUY,market,,,4637.7458879999995
sac,INCY,buy,70.2475,70.2475,124.26,filled,2026-09-08T13:38:19.191324Z,2026-09-08T13:38:21.686123Z,paper:2026-09-08:attempt-1:INCY:BUY,market,,,8728.95435
sac,MMYT,buy,271.5247,271.5247,53.969944,filled,2026-09-08T13:38:19.447699Z,2026-09-08T13:38:30.156457Z,paper:2026-09-08:attempt-1:MMYT:BUY,market,,,14654.1728536168
sac,SSDOY,buy,572.5541,572.5541,22.51,filled,2026-09-08T13:38:19.697844Z,2026-09-08T13:38:23.162426Z,paper:2026-09-08:attempt-1:SSDOY:BUY,market,,,12888.192791
sac,WPM,buy,16.1744,16.1744,155.08,filled,2026-09-08T13:38:19.940593Z,2026-09-08T13:38:22.953191Z,paper:2026-09-08:attempt-1:WPM:BUY,market,,,2508.325952
sac,ZBRA,buy,14.6357,14.6357,357.08,filled,2026-09-08T13:38:20.21316Z,2026-09-08T13:38:23.183266Z,paper:2026-09-08:attempt-1:ZBRA:BUY,market,,,5226.115756
sac,ATEYY,sell,12.3766,12.3766,195.056369,filled,2026-09-14T13:03:00.680014Z,2026-09-14T13:35:06.858086Z,paper:2026-09-14:attempt-1:ATEYY:SELL,market,,,2414.1346565654
sac,AXON,sell,5.5769,5.5769,477.27,filled,2026-09-14T13:03:00.93437Z,2026-09-14T13:31:07.757538Z,paper:2026-09-14:attempt-1:AXON:SELL,market,,,2661.687063
sac,CSLLY,sell,388.8804,388.8804,29.642183,filled,2026-09-14T13:03:01.181499Z,2026-09-14T13:33:00.087395Z,paper:2026-09-14:attempt-1:CSLLY:SELL,market,,,11527.2639819132
sac,ICLR,sell,18.3268,18.3268,170.65,filled,2026-09-14T13:03:01.428411Z,2026-09-14T13:30:40.156713Z,paper:2026-09-14:attempt-1:ICLR:SELL,market,,,3127.4684199999997
sac,INCY,sell,37.6115,37.6115,122.041775,filled,2026-09-14T13:03:01.679868Z,2026-09-14T13:34:09.232947Z,paper:2026-09-14:attempt-1:INCY:SELL,market,,,4590.1742204125
sac,MMYT,sell,84.2703,84.2703,49.87,filled,2026-09-14T13:03:01.940698Z,2026-09-14T13:33:19.415962Z,paper:2026-09-14:attempt-1:MMYT:SELL,market,,,4202.559861
sac,SSDOY,sell,73.152,73.152,21.5,filled,2026-09-14T13:03:02.198726Z,2026-09-14T13:32:55.523744Z,paper:2026-09-14:attempt-1:SSDOY:SELL,market,,,1572.768
sac,CRL,buy,11.9343,11.9343,280.47,filled,2026-09-14T13:35:11.54912Z,2026-09-14T13:35:35.415979Z,paper:2026-09-14:attempt-1:CRL:BUY,market,,,3347.2131210000002
sac,EXPE,buy,27.0121,27.0121,291.34,filled,2026-09-14T13:35:11.856467Z,2026-09-14T13:35:50.958747Z,paper:2026-09-14:attempt-1:EXPE:BUY,market,,,7869.705214
sac,IBM,buy,34.4632,34.4632,246.142987,filled,2026-09-14T13:35:12.117271Z,2026-09-14T13:35:39.826025Z,paper:2026-09-14:attempt-1:IBM:BUY,market,,,8482.8749895784
sac,ILMN,buy,18.678,18.678,205.99,filled,2026-09-14T13:35:12.389016Z,2026-09-14T13:35:38.099301Z,paper:2026-09-14:attempt-1:ILMN:BUY,market,,,3847.48122
sac,ZBRA,buy,5.0988,5.0988,345.82,filled,2026-09-14T13:35:12.893094Z,2026-09-14T13:35:37.738185Z,paper:2026-09-14:attempt-1:ZBRA:BUY,market,,,1763.2670159999998
sac,CRL,sell,13.4463,13.4463,278.13,filled,2026-09-21T13:00:36.029514Z,2026-09-21T13:31:11.337517Z,paper:2026-09-21:attempt-1:CRL:SELL,market,,,3739.8194190000004
sac,EXPE,sell,23.3852,23.3852,277.13,filled,2026-09-21T13:00:36.287318Z,2026-09-21T13:31:25.723042Z,paper:2026-09-21:attempt-1:EXPE:SELL,market,,,6480.740476
sac,IBM,sell,23.2443,23.2443,232.79,filled,2026-09-21T13:00:36.527369Z,2026-09-21T13:31:31.017103Z,paper:2026-09-21:attempt-1:IBM:SELL,market,,,5411.040596999999
sac,ILMN,sell,21.3542,21.3542,241.035465,filled,2026-09-21T13:00:36.768706Z,2026-09-21T13:34:30.846926Z,paper:2026-09-21:attempt-1:ILMN:SELL,market,,,5147.119526703
sac,ZBRA,sell,4.8692,4.8692,351.01,filled,2026-09-21T13:00:37.017056Z,2026-09-21T13:30:22.495625Z,paper:2026-09-21:attempt-1:ZBRA:SELL,market,,,1709.137892
sac,AXON,buy,5.7853,5.7853,449.777499,filled,2026-09-21T13:35:11.341048Z,2026-09-21T13:35:41.417272Z,paper:2026-09-21:attempt-1:AXON:BUY,market,,,2602.0977649647
sac,CSLLY,buy,342.5671,342.5671,32,filled,2026-09-21T13:35:11.590803Z,2026-09-21T13:35:23.278156Z,paper:2026-09-21:attempt-1:CSLLY:BUY,market,,,10962.1472
sac,ICLR,buy,22.3393,22.3393,165.13,filled,2026-09-21T13:35:11.833717Z,2026-09-21T13:35:22.680496Z,paper:2026-09-21:attempt-1:ICLR:BUY,market,,,3688.888609
sac,INCY,buy,68.5859,68.5859,126.1,filled,2026-09-21T13:35:12.320902Z,2026-09-21T13:35:20.726811Z,paper:2026-09-21:attempt-1:INCY:BUY,market,,,8648.68199
sac,SSDOY,buy,47.4471,47.4471,23.54,filled,2026-09-21T13:35:12.564651Z,2026-09-21T13:35:29.899631Z,paper:2026-09-21:attempt-1:SSDOY:BUY,market,,,1116.904734
sac,AXON,sell,16.5537,16.5537,419.336637,filled,2026-09-28T13:00:56.109375Z,2026-09-28T13:33:54.046962Z,paper:2026-09-28:attempt-1:AXON:SELL,market,,,6941.572887906899
sac,CSLLY,sell,63.9311,63.9311,31.176148,filled,2026-09-28T13:00:56.359397Z,2026-09-28T13:34:32.904833Z,paper:2026-09-28:attempt-1:CSLLY:SELL,market,,,1993.1254354028001
sac,IBM,sell,7.9441,7.9441,221.634519,filled,2026-09-28T13:00:56.607158Z,2026-09-28T13:33:44.627738Z,paper:2026-09-28:attempt-1:IBM:SELL,market,,,1760.6867823879
sac,ICLR,sell,20.4665,20.4665,168.09,filled,2026-09-28T13:00:56.879234Z,2026-09-28T13:30:27.876191Z,paper:2026-09-28:attempt-1:ICLR:SELL,market,,,3440.213985
sac,INCY,sell,39.8389,39.8389,122.5,filled,2026-09-28T13:00:57.137861Z,2026-09-28T13:31:30.144707Z,paper:2026-09-28:attempt-1:INCY:SELL,market,,,4880.26525
sac,SSDOY,sell,342.0456,342.0456,21.59,filled,2026-09-28T13:00:57.390742Z,2026-09-28T13:34:06.214341Z,paper:2026-09-28:attempt-1:SSDOY:SELL,market,,,7384.764504
sac,ZBRA,sell,16.4751,16.4751,367.111546,filled,2026-09-28T13:00:57.638437Z,2026-09-28T13:33:40.409613Z,paper:2026-09-28:attempt-1:ZBRA:SELL,market,,,6048.1994315046
sac,CRL,buy,5.3174,5.3174,292.823761,filled,2026-09-28T13:35:13.682036Z,2026-09-28T13:35:47.381034Z,paper:2026-09-28:attempt-1:CRL:BUY,market,,,1557.0610667414
sac,EXPE,buy,36.9002,36.9002,261.1,filled,2026-09-28T13:35:13.942205Z,2026-09-28T13:35:35.9956Z,paper:2026-09-28:attempt-1:EXPE:BUY,market,,,9634.64222
sac,MMYT,buy,96.7662,96.7662,46.1,filled,2026-09-28T13:35:14.44681Z,2026-09-28T13:35:29.129569Z,paper:2026-09-28:attempt-1:MMYT:BUY,market,,,4460.9218200000005
sac,PANW,buy,27.8972,27.8972,375.329651,filled,2026-09-28T13:35:14.713735Z,2026-09-28T13:35:54.729396Z,paper:2026-09-28:attempt-1:PANW:BUY,market,,,10470.646339877201
