date,SPY,QQQ,RSP,IWM,^VIX,^TNX,TLT,XLE,XLK,XLV,XLF,XLI,XLY,XLP,XLU,XLB,XLRE,XLC,SMH,GLD,SPUS,HLAL,SPTE,SPWO,UMMA
2025-01-02,573.375732421875,505.9322814941406,169.7147674560547,217.20729064941406,17.93000030517578,4.574999809265137,81.01283264160156,41.114627838134766,114.8526611328125,133.5751953125,46.973663330078125,128.49493408203125,109.0723648071289,74.84428405761719,36.31787109375,40.27535629272461,38.03242492675781,95.2424545288086,244.03067016601562,245.4199981689453,42.414432525634766,51.88117218017578,27.753414154052734,21.38527488708496,23.210350036621094
2025-01-03,580.544921875,514.2120361328125,171.26895141601562,220.4387664794922,16.1299991607666,4.5960001945495605,80.7538070678711,41.49891662597656,116.7242202758789,134.8856201171875,47.34391784667969,129.88461303710938,111.27943420410156,74.80606079101562,36.703575134277344,40.26567840576172,38.551605224609375,95.82989501953125,251.09869384765625,243.49000549316406,43.00806427001953,52.45619583129883,28.240821838378906,21.58600616455078,23.377117156982422
2025-01-06,583.88916015625,520.1217651367188,171.15237426757812,220.5271759033203,16.040000915527344,4.618000030517578,80.39301300048828,41.30914306640625,118.20956420898438,134.94386291503906,47.19776153564453,129.60076904296875,111.7178955078125,74.02295684814453,36.294063568115234,40.53672790527344,38.022979736328125,96.86769104003906,259.42279052734375,243.19000244140625,43.50274658203125,52.97174072265625,28.960556030273438,22.115739822387695,23.965713500976562
2025-01-07,577.288818359375,510.8406677246094,170.5792694091797,218.7591552734375,17.81999969482422,4.683000087738037,79.48639678955078,41.72190475463867,115.83795166015625,135.6136016845703,47.09059143066406,129.47357177734375,109.55516815185547,73.76509857177734,36.20358657836914,40.51252365112305,37.73979568481445,95.79072570800781,253.25196838378906,244.55999755859375,42.86954879760742,52.60491180419922,28.43163299560547,21.86898422241211,23.73027992248535
2025-01-08,578.1322021484375,510.92987060546875,170.78326416015625,217.7671661376953,17.700000762939453,4.692999839782715,79.58817291259766,41.76460266113281,115.79833221435547,136.31251525878906,47.246490478515625,129.98245239257812,109.86552429199219,73.89879608154297,36.19406509399414,40.73518371582031,37.9002685546875,95.2228775024414,251.4475860595703,245.86000061035156,42.83987045288086,52.5850830078125,28.335725784301758,21.80925941467285,23.73027992248535
2025-01-10,569.3056030273438,502.91790771484375,168.28688049316406,212.97393798828125,19.540000915527344,4.776000022888184,79.06082916259766,41.93539810180664,113.27323150634766,135.54566955566406,46.10649490356445,128.5242919921875,108.78662872314453,72.90560150146484,35.989315032958984,40.31892013549805,36.984619140625,93.8032455444336,246.4132537841797,248.2100067138672,42.275917053222656,51.91091537475586,27.922473907470703,21.462629318237305,23.504648208618164
2025-01-13,570.1882934570312,501.3016357421875,169.6661834716797,213.386474609375,19.190000534057617,4.802999973297119,79.0330810546875,42.8178596496582,112.47113800048828,137.31228637695312,46.43777084350586,130.0313720703125,109.40245056152344,73.02974700927734,35.570274353027344,41.21920394897461,37.456600189208984,93.84242248535156,243.88113403320312,245.74000549316406,42.216556549072266,51.990230560302734,27.51515007019043,21.32652473449707,23.151487350463867
2025-01-14,570.972900390625,500.8256530761719,171.03579711914062,215.81253051757812,18.709999084472656,4.788000106811523,78.903564453125,43.27806091308594,112.7682113647461,135.8950958251953,47.01264190673828,131.56784057617188,109.19058990478516,73.04884338378906,36.03692626953125,41.732261657714844,37.777549743652344,93.52911376953125,244.6786651611328,247.02999877929688,42.07805633544922,51.930747985839844,27.52602767944336,21.492984771728516,23.259401321411133
2025-01-15,581.3589477539062,512.3477783203125,172.67738342285156,220.05567932128906,16.1200008392334,4.6529998779296875,80.26350402832031,43.91854476928711,115.0111083984375,136.4484100341797,48.211097717285156,132.39968872070312,111.9691390991211,72.80054473876953,36.56548309326172,42.129154205322266,37.938018798828125,95.06622314453125,250.43077087402344,248.8800048828125,42.92890930175781,53.05105209350586,28.088563919067383,21.693716049194336,23.465410232543945
2025-01-16,580.2408447265625,508.7583312988281,174.03726196289062,220.49771118164062,16.600000381469727,4.605999946594238,80.52254486083984,44.23641586303711,114.12483978271484,136.9919891357422,48.53263473510742,134.004638671875,111.3631820678711,73.34490966796875,37.48926544189453,42.4776496887207,38.787593841552734,94.52775573730469,251.5074005126953,250.60000610351562,42.711238861083984,52.69414520263672,28.181499481201172,21.943405151367188,23.81856918334961
2025-01-17,586.06640625,517.3453369140625,174.8823699951172,221.45045471191406,15.970000267028809,4.609000205993652,80.66131591796875,44.5780029296875,115.91222381591797,136.06985473632812,48.941864013671875,134.80712890625,112.92488861083984,73.76509857177734,37.5416374206543,42.7535514831543,38.77815628051758,95.35015869140625,257.44891357421875,249.27000427246094,43.13667297363281,53.22951126098633,28.382198333740234,21.94927978515625,23.76951789855957
2025-01-21,591.4309692382812,520.3795776367188,176.91250610351562,225.70343017578125,15.0600004196167,4.573999881744385,81.38289642333984,44.350284576416016,116.87770080566406,138.3218231201172,49.35109329223633,137.57667541503906,113.75251770019531,74.10889434814453,38.11781692504883,43.30048751831055,39.48613357543945,96.21171569824219,261.5760803222656,253.1300048828125,43.50274658203125,53.298912048339844,28.670883178710938,22.384035110473633,24.38754653930664
2025-01-22,594.7557983398438,527.0330810546875,176.29083251953125,224.2301025390625,15.100000381469727,4.598999977111816,80.95733642578125,43.543739318847656,119.51667785644531,138.01116943359375,49.11724853515625,137.25369262695312,113.32392120361328,73.74600982666016,37.29403305053711,42.951995849609375,38.797035217285156,97.17119598388672,266.3412780761719,254.42999267578125,43.94797134399414,53.586421966552734,29.299663543701172,22.50643539428711,24.52488136291504
2025-01-23,598.001953125,528.1536254882812,177.12620544433594,225.2516326904297,15.020000457763672,4.638000011444092,80.32826232910156,43.74300003051758,119.72958374023438,139.85549926757812,49.39981460571289,138.64337158203125,114.00869750976562,74.0134048461914,37.470218658447266,43.18916320800781,39.10854721069336,97.4257583618164,266.0222473144531,254.07000732421875,44.15573501586914,53.84419631958008,29.247262954711914,22.579872131347656,24.52488136291504
2025-01-24,596.256103515625,525.1689453125,176.9707794189453,224.6230010986328,14.850000381469727,4.625999927520752,80.68905639648438,43.32075500488281,118.48187255859375,140.07870483398438,49.54595947265625,138.0561981201172,113.3140640258789,74.3954086303711,37.85115051269531,43.07783889770508,39.22182083129883,98.30690002441406,260.71875,255.64999389648438,43.91828536987305,53.65582275390625,29.090068817138672,22.677793502807617,24.740703582763672
2025-01-27,587.8218994140625,509.8787841796875,177.08731079101562,222.4719696044922,17.899999618530273,4.5279998779296875,81.64190673828125,42.87004089355469,112.67414093017578,143.22373962402344,50.09160614013672,136.20655822753906,113.95944213867188,76.4104995727539,36.97499465942383,43.10204315185547,39.60884094238281,98.81600189208984,235.07852172851562,252.99000549316406,42.76598358154297,53.41788101196289,27.269529342651367,22.02296257019043,24.04419708251953
2025-01-28,592.8727416992188,517.414794921875,176.21311950683594,222.71749877929688,16.40999984741211,4.551000118255615,81.58641815185547,42.4620246887207,115.67949676513672,142.2239532470703,50.00391387939453,135.3062286376953,114.09738159179688,75.21672058105469,36.46548843383789,42.96167755126953,39.12742614746094,99.29574584960938,239.70413208007812,255.17999267578125,43.42924118041992,53.883846282958984,28.103160858154297,22.220977783203125,24.28944206237793
2025-01-29,590.21484375,516.4430541992188,175.6302947998047,222.2067413330078,16.559999465942383,4.554999828338623,81.41989135742188,42.556907653808594,114.7387924194336,141.38914489746094,49.964935302734375,134.8462677001953,113.77223205566406,75.39817810058594,36.54167175292969,42.88422393798828,38.67432403564453,99.736328125,238.7869873046875,254.1999969482422,43.16195297241211,53.80453872680664,28.173372268676758,22.14451789855957,24.25020408630371
2025-01-30,593.382568359375,518.6443481445312,177.50503540039062,224.4658660888672,15.84000015258789,4.51200008392334,81.72516632080078,42.77515411376953,114.95169830322266,143.0198974609375,50.44236755371094,136.35337829589844,114.8856201171875,76.14308166503906,37.303550720214844,43.29080581665039,39.18405532836914,99.83423614501953,244.4095001220703,258.04998779296875,43.270851135253906,53.76487731933594,28.305883407592773,22.654264450073242,24.583742141723633
2025-01-31,590.2247314453125,517.8906860351562,176.04798889160156,222.45230102539062,16.43000030517578,4.568999767303467,81.1886215209961,41.57957458496094,114.2783203125,142.56369018554688,50.15007019042969,135.39431762695312,114.37818145751953,75.42683410644531,37.084510803222656,42.976200103759766,39.09910583496094,100.23563385009766,242.8643035888672,258.55999755859375,43.053070068359375,53.60624313354492,28.18128204345703,22.46212387084961,24.426782608032227
2025-02-03,586.252685546875,513.7459716796875,175.0863494873047,219.8494415283203,18.6200008392334,4.543000221252441,81.84967803955078,41.84051513671875,112.73849487304688,143.11697387695312,49.9454460144043,134.05357360839844,112.86575317382812,75.7228775024414,37.284507751464844,43.019752502441406,39.03302001953125,100.45103454589844,238.03932189941406,259.94000244140625,42.548179626464844,53.02130889892578,27.648273468017578,22.029827117919922,23.985336303710938
2025-02-04,590.185546875,520.05224609375,175.30006408691406,222.894287109375,17.209999084472656,4.513000011444092,82.10033416748047,42.71821975708008,114.36249542236328,142.72869873046875,49.828521728515625,134.0927276611328,114.1959228515625,75.08302307128906,36.95594024658203,43.145599365234375,39.03302001953125,101.35176849365234,240.72097778320312,262.5,43.0926628112793,53.46744918823242,28.004270553588867,22.333711624145508,24.469945907592773
2025-02-05,592.5784301757812,522.4122924804688,176.15484619140625,225.3203887939453,15.770000457763672,4.421999931335449,83.45582580566406,42.80836486816406,115.95182800292969,144.09738159179688,50.354679107666016,134.19058227539062,112.9002456665039,75.55097961425781,37.327362060546875,43.111717224121094,39.6466064453125,100.37271118164062,246.37338256835938,264.1300048828125,43.02336502075195,53.22951126098633,28.364227294921875,22.546432495117188,24.73089027404785
2025-02-06,594.637939453125,525.1390991210938,175.92169189453125,224.58370971679688,15.5,4.440000057220459,83.4186782836914,42.02080154418945,116.26870727539062,142.8063507080078,50.77365493774414,134.79736328125,113.34854888916016,75.89478302001953,37.284507751464844,43.26176452636719,39.7598762512207,100.80350494384766,247.5796356201172,263.42999267578125,43.21145248413086,53.09071350097656,28.47003746032715,22.419002532958984,24.878042221069336
2025-02-07,589.1949462890625,518.5154418945312,175.0572052001953,221.9808349609375,16.540000915527344,4.486999988555908,82.88021850585938,42.01605224609375,115.27351379394531,142.13656616210938,50.4910888671875,134.3961181640625,111.13163757324219,75.78018188476562,37.20831298828125,42.73418045043945,39.618282318115234,100.58810424804688,244.24002075195312,263.8999938964844,42.627384185791016,52.4462890625,28.2000732421875,22.448408126831055,24.67203140258789
2025-02-10,593.1964111328125,524.7921142578125,175.55258178710938,222.9827117919922,15.8100004196167,4.493000030517578,82.6295166015625,42.94121170043945,116.95691680908203,142.01040649414062,50.09160614013672,135.59982299804688,111.510986328125,76.24812316894531,37.613067626953125,42.951995849609375,39.674922943115234,101.03845977783203,248.84568786621094,268.3699951171875,43.112457275390625,52.77345657348633,28.479923248291016,22.668970108032227,24.85842514038086
2025-02-11,593.6475219726562,523.542724609375,175.572021484375,221.68617248535156,16.020000457763672,4.5370001792907715,82.10033416748047,43.28754425048828,117.0113754272461,141.74830627441406,50.2182731628418,135.64878845214844,110.24486541748047,76.9834976196289,37.803531646728516,43.20368957519531,39.89204025268555,101.20491027832031,249.09490966796875,267.3900146484375,43.02336502075195,52.823028564453125,28.71528434753418,22.737586975097656,24.95652198791504
2025-02-12,591.7349853515625,523.85009765625,174.55210876464844,219.64315795898438,15.890000343322754,4.63700008392334,80.98622131347656,42.2437858581543,116.75886535644531,141.54449462890625,50.04288864135742,134.80712890625,110.22516632080078,76.92619323730469,37.736873626708984,42.8939094543457,39.552207946777344,101.31260681152344,247.7391357421875,267.6700134277344,42.914466857910156,52.7635383605957,28.641115188598633,22.536630630493164,24.917280197143555
2025-02-13,597.9823608398438,531.3861083984375,176.06741333007812,222.11834716796875,15.100000381469727,4.525000095367432,82.33244323730469,42.5616569519043,118.4125747680664,142.09776306152344,50.37416458129883,134.9441375732422,111.8804702758789,77.7570571899414,37.82258224487305,43.63930892944336,39.86371612548828,102.47767639160156,251.1385498046875,270.30999755859375,43.44903564453125,53.30881881713867,28.882408142089844,22.865026473999023,25.005569458007812
2025-02-14,597.9528198242188,533.6172485351562,175.892578125,221.95140075683594,14.770000457763672,4.4720001220703125,82.76878356933594,42.73244857788086,118.81360626220703,140.5543975830078,50.47160339355469,134.61141967773438,111.8311996459961,76.9834976196289,37.66545104980469,43.48925018310547,39.70323944091797,103.1042709350586,251.7965087890625,266.2900085449219,43.41934585571289,53.3187370300293,29.004039764404297,23.065980911254883,25.182151794433594
2025-02-18,599.7083740234375,534.8268432617188,177.2427520751953,223.16932678222656,15.350000381469727,4.544000148773193,81.79393768310547,43.31601333618164,119.89791870117188,140.28257751464844,50.83210754394531,135.66835021972656,111.52083587646484,77.26044464111328,38.01781463623047,44.04104232788086,39.84483337402344,102.6245346069336,255.4252166748047,270.70001220703125,43.458953857421875,53.487281799316406,29.073257446289062,22.9826602935791,25.231199264526367
2025-02-19,601.1207275390625,534.9756469726562,177.60214233398438,222.4031982421875,15.270000457763672,4.534999847412109,81.89608001708984,43.6576042175293,119.90782928466797,142.10745239257812,50.851600646972656,135.8053436279297,111.45679473876953,77.88121795654297,38.217811584472656,43.52313232421875,39.92035675048828,102.74201202392578,256.541748046875,270.8500061035156,43.65692901611328,53.6756477355957,29.085126876831055,22.85032081604004,25.074241638183594
2025-02-20,598.6198120117188,532.7048950195312,177.1553192138672,220.2717742919922,15.65999984741211,4.5,82.20245361328125,44.05613327026367,119.52658081054688,142.90342712402344,50.07211685180664,134.914794921875,110.49612426757812,77.57560729980469,38.21304702758789,43.42149353027344,40.194114685058594,102.26227569580078,257.00030517578125,270.989990234375,43.64704513549805,53.715309143066406,29.07523536682129,22.947368621826172,25.26062774658203
2025-02-21,588.3809814453125,521.6488647460938,174.6686553955078,213.92666625976562,18.209999084472656,4.420000076293945,83.19586944580078,43.14046859741211,116.28850555419922,142.13656616210938,49.44852828979492,131.9593048095703,107.58948516845703,78.48286437988281,38.222572326660156,42.62770080566406,39.86371612548828,100.86223602294922,249.2145538330078,270.739990234375,42.756080627441406,52.83293914794922,28.56299591064453,23.03657341003418,25.14291000366211
2025-02-24,585.70361328125,515.4911499023438,174.81436157226562,212.3845672607422,18.979999542236328,4.39300012588501,83.43727111816406,43.149959564208984,114.62490844726562,143.29168701171875,49.66288757324219,131.36233520507812,107.18551635742188,78.72161102294922,38.03209686279297,42.57930374145508,40.04307556152344,101.05805206298828,242.6649169921875,272.2099914550781,42.350196838378906,52.59499740600586,28.08437156677246,22.771896362304688,24.770132064819336
2025-02-25,582.7907104492188,508.9962463378906,174.9892120361328,211.5791778564453,19.43000030517578,4.297999858856201,84.87630462646484,42.528446197509766,113.13954162597656,144.5244598388672,49.65314865112305,132.03758239746094,106.6239013671875,79.83897399902344,37.84163284301758,42.90843200683594,40.46785354614258,99.56008911132812,237.51095581054688,268.6199951171875,41.98392868041992,52.14885330200195,27.866817474365234,22.599369049072266,24.691652297973633
2025-02-26,583.0850219726562,510.2258605957031,174.62010192871094,211.8443603515625,19.100000381469727,4.249000072479248,85.37764739990234,42.28648376464844,114.37239837646484,143.48583984375,49.54595947265625,132.11585998535156,106.18544006347656,78.31095886230469,37.99877166748047,42.88907241821289,40.26962661743164,99.38386535644531,243.06369018554688,269.0299987792969,42.12250900268555,51.811771392822266,28.15062713623047,22.879724502563477,24.85842514038086
2025-02-27,573.77783203125,496.0561828613281,173.09507751464844,208.61288452148438,21.1299991607666,4.284999847412109,84.7741928100586,42.51421356201172,110.20846557617188,142.90342712402344,49.818782806396484,131.65591430664062,104.65330505371094,78.3014144897461,37.15593719482422,42.598663330078125,40.448974609375,98.42438507080078,228.08029174804688,264.92999267578125,41.09827423095703,50.978981018066406,27.071487426757812,22.27716827392578,24.201154708862305
2025-02-28,582.7319946289062,503.8896789550781,175.0183563232422,210.83267211914062,19.6299991607666,4.230999946594238,85.81399536132812,43.17367935180664,111.66410064697266,144.5632781982422,50.84185791015625,133.41744995117188,106.39236450195312,79.34236907958984,37.72258758544922,42.96167755126953,40.7321662902832,99.86360168457031,232.04795837402344,263.2699890136719,41.722320556640625,51.702728271484375,27.117977142333984,22.08285140991211,24.28944206237793
2025-03-03,572.5224609375,492.86334228515625,173.15335083007812,205.06707763671875,22.780000686645508,4.179999828338623,86.21448516845703,41.66497802734375,108.267578125,145.19422912597656,50.41313934326172,131.51890563964844,104.4316177368164,79.76258087158203,37.774967193603516,42.10011291503906,41.08143997192383,98.8649673461914,222.3182373046875,266.739990234375,40.721858978271484,50.86992263793945,26.399869918823242,21.890504837036133,24.083433151245117
2025-03-04,565.7455444335938,491.3759460449219,170.35585021972656,202.74903869628906,23.510000228881836,4.210000038146973,85.15275573730469,41.26170349121094,108.18341827392578,143.844970703125,48.639808654785156,128.95486450195312,102.58911895751953,78.40646362304688,37.16069793701172,41.52897262573242,40.60945510864258,98.08172607421875,224.53134155273438,269.05999755859375,40.44449996948242,50.532840728759766,26.467124938964844,22.160385131835938,24.318876266479492
2025-03-05,571.8261108398438,497.78155517578125,171.9391632080078,204.76260375976562,21.93000030517578,4.264999866485596,84.47289276123047,40.65916442871094,109.70342254638672,145.29127502441406,48.9223747253418,130.99046325683594,104.15081787109375,78.73117065429688,36.8988037109375,42.61317825317383,40.987037658691406,99.3447036743164,228.6884002685547,269.6199951171875,41.038841247558594,51.088035583496094,27.187217712402344,22.707002639770508,24.760324478149414
2025-03-06,561.675537109375,484.0879211425781,170.0353240966797,201.62933349609375,24.8700008392334,4.285999774932861,84.19349670410156,40.78251647949219,106.658447265625,144.89329528808594,48.1136589050293,129.86502075195312,101.51022338867188,78.87440490722656,36.13216018676758,42.390533447265625,39.86371612548828,97.56282806396484,219.09825134277344,268.25,40.216678619384766,50.47335433959961,26.40580177307129,22.37824821472168,24.44640350341797
2025-03-07,564.8236083984375,487.6476135253906,171.6283416748047,202.28738403320312,23.3700008392334,4.316999912261963,83.92338562011719,41.479942321777344,108.20321655273438,144.9030303955078,47.860328674316406,131.38189697265625,101.32300567626953,79.13227844238281,36.80356979370117,42.50669479370117,40.090267181396484,98.18941497802734,224.39178466796875,268.3900146484375,40.55345916748047,50.820350646972656,26.705507278442383,22.49993896484375,24.583742141723633
2025-03-10,549.7792358398438,468.7481689453125,169.2096710205078,197.1995391845703,27.860000610351562,4.2129998207092285,84.79885864257812,41.788326263427734,103.60356903076172,143.34024047851562,46.788543701171875,129.32675170898438,97.70697021484375,78.96036529541016,37.20831298828125,41.620933532714844,39.70323944091797,95.74178314208984,213.86453247070312,266.0400085449219,39.117156982421875,49.19441604614258,25.608566284179688,21.864004135131836,23.846038818359375
2025-03-11,545.208984375,467.6277160644531,166.95614624023438,197.17990112304688,26.920000076293945,4.288000106811523,84.19349670410156,41.456214904785156,103.1827163696289,141.77743530273438,46.38905334472656,127.34014129638672,96.75122833251953,77.8048095703125,36.860713958740234,41.301483154296875,39.28789520263672,94.33193969726562,213.5554962158203,269.1600036621094,38.92894744873047,48.65904998779297,25.630325317382812,21.92092514038086,23.749897003173828
2025-03-12,548.1022338867188,472.9029235839844,166.16934204101562,197.523681640625,24.229999542236328,4.317999839782715,83.6905517578125,41.64599609375,104.80669403076172,140.36021423339844,46.45725631713867,127.3303451538086,97.3128433227539,76.11441802978516,36.74642562866211,41.10786819458008,39.14630126953125,94.8018798828125,219.83596801757812,270.3299865722656,39.25583267211914,48.7978515625,25.920143127441406,22.070093154907227,24.103052139282227
2025-03-13,540.7958374023438,464.3951110839844,164.5762939453125,194.5770263671875,24.65999984741211,4.27400016784668,84.42631530761719,41.361328125,102.81632995605469,139.61282348632812,46.20391845703125,126.02873992919922,94.88409423828125,75.7610855102539,36.8369026184082,41.078834533691406,38.38168716430664,92.85356140136719,218.8689727783203,275.1300048828125,38.5228271484375,47.91548156738281,25.440412521362305,21.85517120361328,23.740087509155273
2025-03-14,551.96630859375,475.61981201171875,167.7137908935547,199.28182983398438,21.770000457763672,4.308000087738037,83.97927856445312,42.58538055419922,105.9256820678711,140.68057250976562,47.27571487426758,128.32855224609375,96.90393829345703,75.93297576904297,37.55592346191406,41.61609649658203,39.12742614746094,94.55711364746094,225.86720275878906,275.239990234375,39.38460922241211,48.83750534057617,26.077409744262695,22.1908016204834,24.27963638305664
2025-03-17,556.22265625,478.7035827636719,169.97703552246094,201.79627990722656,20.510000228881836,4.306000232696533,84.39836883544922,43.26382064819336,106.66340637207031,142.46661376953125,47.83110046386719,130.09988403320312,97.0566635131836,77.0407943725586,37.71306228637695,42.13883590698242,39.8165168762207,95.232666015625,228.24978637695312,276.7300109863281,39.55299758911133,49.13493347167969,26.380084991455078,22.586299896240234,24.605327606201172
2025-03-18,550.2108154296875,470.5429382324219,169.09310913085938,200.0440216064453,21.700000762939453,4.281000137329102,84.48219299316406,43.33498764038086,105.03941345214844,142.5345458984375,47.77263641357422,129.06253051757812,95.32747650146484,76.16218566894531,37.45116424560547,42.06623840332031,39.57108688354492,93.90116119384766,224.72076416015625,279.9599914550781,38.968570709228516,48.569820404052734,26.05367088317871,22.44301414489746,24.475833892822266
2025-03-19,556.2030639648438,476.8394470214844,170.34613037109375,203.15480041503906,19.899999618530273,4.25600004196167,84.919921875,44.04189682006836,106.40593719482422,142.61224365234375,48.298789978027344,130.77516174316406,97.15520477294922,76.16218566894531,37.589263916015625,42.20659637451172,39.618282318115234,95.01728820800781,226.70458984375,281.1099853515625,39.41432571411133,49.10519027709961,26.335575103759766,22.551944732666016,24.622983932495117
2025-03-20,554.5946655273438,475.2231750488281,169.63706970214844,201.86521911621094,19.799999237060547,4.232999801635742,84.97581481933594,44.20320129394531,105.64840698242188,142.69955444335938,48.36699295043945,130.1194610595703,96.92366027832031,75.78973388671875,37.74163818359375,41.940391540527344,39.57108688354492,94.81167602539062,226.345703125,280.75,39.25583267211914,48.91681671142578,26.204015731811523,22.49404525756836,24.554311752319336
2025-03-21,554.7776489257812,476.78985595703125,168.85997009277344,200.614990234375,19.280000686645508,4.251999855041504,84.47289276123047,43.89481735229492,105.93557739257812,142.30160522460938,48.19160842895508,129.42462158203125,97.2734375,75.7610855102539,37.498783111572266,41.524131774902344,39.18405532836914,95.55575561523438,224.07278442382812,278.489990234375,39.38460922241211,49.115108489990234,26.114011764526367,22.27127456665039,24.260013580322266
2025-03-24,564.712890625,487.252685546875,171.47666931152344,205.6060028076172,17.479999542236328,4.330999851226807,83.60673522949219,44.394954681396484,107.94185638427734,143.38809204101562,49.04140090942383,131.82473754882812,100.920166015625,76.2295913696289,37.48679733276367,42.086814880371094,39.729366302490234,96.90888214111328,229.9145965576172,277.25,40.12752151489258,49.95781326293945,26.479000091552734,22.473440170288086,24.416973114013672
2025-03-25,566.0703735351562,490.033203125,171.06674194335938,204.46409606933594,17.149999618530273,4.307000160217285,83.59741973876953,44.5766487121582,108.2989730834961,141.55616760253906,49.31521224975586,132.0210723876953,101.72541046142578,75.53833770751953,36.887351989746094,42.077083587646484,39.25436782836914,98.13633728027344,228.93763732910156,278.4700012207031,40.311893463134766,50.235408782958984,26.639280319213867,22.346698760986328,24.358116149902344
2025-03-26,559.3124389648438,481.0163269042969,170.74465942382812,202.38694763183594,18.329999923706055,4.3379998207092285,83.04792785644531,44.839622497558594,105.88349914550781,141.03970336914062,49.16852569580078,131.1474151611328,100.39652252197266,76.70962524414062,37.131927490234375,42.15489959716797,39.453861236572266,97.30166625976562,221.3213348388672,278.239990234375,39.59822082519531,49.639617919921875,25.9328556060791,22.04311180114746,23.905763626098633
2025-03-27,557.8270874023438,478.2754821777344,170.3054656982422,201.42222595214844,18.690000534057617,4.36899995803833,82.80577850341797,44.404518127441406,104.9063949584961,141.26385498046875,49.070735931396484,130.45042419433594,100.46074676513672,77.58329010009766,37.12233352661133,42.13544464111328,39.35886764526367,96.86961364746094,217.07455444335938,281.9700012207031,39.3702507019043,49.49067306518555,25.728050231933594,21.956647872924805,23.89592933654785
2025-03-28,546.5933837890625,465.68353271484375,167.67996215820312,197.32701110839844,21.649999618530273,4.255000114440918,83.95133209228516,44.19413757324219,102.36198425292969,140.82534790039062,48.1221809387207,127.76073455810547,97.33863830566406,77.19927215576172,37.39567947387695,41.36219024658203,39.339866638183594,94.01212310791016,211.51185607910156,284.05999755859375,38.43851852416992,48.318939208984375,25.132436752319336,21.700220108032227,23.63041877746582
2025-03-31,550.2625122070312,465.6636657714844,169.07568359375,196.3820037841797,22.280000686645508,4.245999813079834,84.78022003173828,44.68183517456055,102.41158294677734,142.2772216796875,48.70891571044922,128.6638641357422,97.54612731933594,78.4089584350586,37.81289291381836,41.81447219848633,39.75786590576172,94.70930480957031,210.81402587890625,288.1400146484375,38.59712219238281,48.497676849365234,25.010746002197266,21.57347869873047,23.42391014099121
2025-04-01,551.816650390625,469.41741943359375,169.25135803222656,196.40167236328125,21.770000457763672,4.156000137329102,85.514892578125,44.94480895996094,103.1605224609375,139.6754913330078,48.65024185180664,129.3902587890625,98.56377410888672,78.52415466308594,37.90880584716797,41.970096588134766,39.786373138427734,94.76823425292969,211.83087158203125,287.57000732421875,38.70614242553711,48.87501907348633,25.194774627685547,21.714956283569336,23.482913970947266
2025-04-02,555.3087768554688,472.8434143066406,170.6665802001953,199.50259399414062,21.510000228881836,4.196000099182129,85.45882415771484,45.0069694519043,103.92434692382812,140.61094665527344,49.05118179321289,130.60751342773438,100.43605041503906,78.29374694824219,38.086238861083984,42.315391540527344,39.97637176513672,95.10210418701172,213.4259033203125,288.1600036621094,39.06298065185547,49.08354568481445,25.381765365600586,21.771944046020508,23.54191780090332
2025-04-03,527.9428100585938,447.5304260253906,162.5363311767578,186.69529724121094,30.020000457763672,4.054999828338623,85.85137939453125,41.47353744506836,96.83172607421875,139.47085571289062,46.63577651977539,123.5396728515625,94.36967468261719,78.7449722290039,37.846458435058594,40.40412139892578,38.77935791015625,90.86005401611328,194.96336364746094,286.4200134277344,36.803062438964844,46.561344146728516,23.821502685546875,20.995779037475586,23.197736740112305
2025-04-04,497.0354309082031,419.73486328125,153.4105682373047,178.3671112060547,45.310001373291016,3.984999895095825,86.78606414794922,37.65801239013672,90.45331573486328,131.82156372070312,43.22292709350586,115.77488708496094,90.29907989501953,75.32711791992188,35.74121856689453,37.875213623046875,37.01234436035156,85.65570831298828,180.23916625976562,279.7200012207031,34.830570220947266,43.92992401123047,22.478904724121094,19.84626579284668,21.565338134765625
2025-04-07,496.1501159667969,420.74774169921875,152.13198852539062,176.7526397705078,46.97999954223633,4.15500020980835,84.1689453125,37.41416931152344,90.99394226074219,131.03224182128906,43.1153564453125,115.23499298095703,89.2320327758789,74.45345306396484,35.194522857666016,37.26729965209961,36.11933898925781,85.77354431152344,184.32644653320312,273.7099914550781,34.672000885009766,43.592308044433594,22.4967098236084,19.472919464111328,21.191654205322266
2025-04-08,488.3790283203125,413.1707458496094,149.2624969482422,172.09634399414062,52.33000183105469,4.26200008392334,82.5799789428711,36.548736572265625,89.14390563964844,129.58035278320312,42.94911193847656,114.28279113769531,87.11275482177734,73.30137634277344,35.050655364990234,36.119571685791016,35.226322174072266,84.5755615234375,179.3917999267578,275.20001220703125,34.07726287841797,42.62910079956055,21.816011428833008,19.057327270507812,20.773725509643555
2025-04-09,539.6683959960938,462.7639465332031,161.19920349121094,186.72482299804688,33.619998931884766,4.400000095367432,83.06600189208984,39.379302978515625,101.11210632324219,135.2125701904297,46.185951232910156,124.4329605102539,96.59762573242188,76.14318084716797,36.43177032470703,39.27583694458008,37.24984359741211,92.04822540283203,210.176025390625,285.3800048828125,37.76451110839844,46.938682556152344,24.74460220336914,20.396459579467773,22.32253646850586
2025-04-10,516.0205078125,443.0815734863281,155.7725372314453,178.87899780273438,40.720001220703125,4.394000053405762,80.7760009765625,36.80693435668945,96.40515899658203,131.44154357910156,44.89512634277344,121.22300720214844,92.82343292236328,76.18158721923828,36.15843200683594,38.02111053466797,36.46133804321289,88.86669921875,195.60137939453125,292.3500061035156,36.238075256347656,45.052001953125,23.616701126098633,20.101707458496094,22.037355422973633
2025-04-11,525.227783203125,451.2445068359375,158.134521484375,181.48773193359375,37.560001373291016,4.493000030517578,81.2153091430664,37.72016525268555,98.37921142578125,133.37088012695312,45.638328552246094,123.36299133300781,93.72252655029297,77.14165496826172,36.5996208190918,39.14939498901367,36.974334716796875,89.622802734375,200.685546875,297.92999267578125,36.85261917114258,45.86624526977539,24.29937744140625,20.828754425048828,22.6372127532959
2025-04-14,530.3232421875,454.3031005859375,160.1548614501953,183.6239013671875,30.889999389648438,4.363999843597412,81.79484558105469,37.85404968261719,99.27694702148438,134.9982147216797,46.10771942138672,124.64893341064453,93.9942398071289,78.45695495605469,37.25661087036133,39.621131896972656,37.791343688964844,90.22178649902344,200.984619140625,296.2300109863281,37.219356536865234,46.35281753540039,24.48736000061035,20.909317016601562,22.774887084960938
2025-04-15,528.837890625,454.80950927734375,159.63758850097656,183.85032653808594,30.1200008392334,4.322999954223633,82.0845947265625,37.79667663574219,99.63899993896484,134.16993713378906,46.225067138671875,124.03050231933594,93.31744384765625,77.79450225830078,37.25181579589844,39.30988311767578,37.848350524902344,90.44763946533203,202.29055786132812,297.7799987792969,37.070682525634766,46.064849853515625,24.6248836517334,20.958444595336914,22.725719451904297
2025-04-16,517.0830078125,441.0954284667969,157.58795166015625,182.08822631835938,32.63999938964844,4.2789998054504395,82.54259490966797,38.107460021972656,96.17700958251953,132.80572509765625,45.50141906738281,122.3322525024414,91.015380859375,76.95924377441406,36.91612243652344,39.00349807739258,37.829349517822266,88.01239013671875,193.7471466064453,307.4700012207031,36.01011276245117,45.032135009765625,23.78291893005371,20.64699363708496,22.3717041015625
2025-04-17,517.8207397460938,441.0160217285156,158.7591552734375,183.57467651367188,29.649999618530273,4.333000183105469,81.81351470947266,38.96810531616211,95.65621948242188,132.0261993408203,45.618770599365234,122.99978637695312,91.58842468261719,78.60096740722656,37.29496765136719,39.270973205566406,38.427860260009766,88.58192443847656,191.9327850341797,306.1199951171875,36.03983688354492,45.171165466308594,23.715635299682617,20.812055587768555,22.706050872802734
2025-04-21,505.4950866699219,430.1023254394531,155.56759643554688,179.89295959472656,33.81999969482422,4.40500020980835,80.38343048095703,37.949676513671875,93.18621826171875,129.18084716796875,44.64087677001953,120.2413558959961,89.14309692382812,77.85211944580078,36.41259002685547,38.672794342041016,37.62984848022461,86.58856201171875,187.2473602294922,315.5899963378906,35.1775016784668,44.19802474975586,23.18136978149414,20.651906967163086,22.519210815429688
2025-04-22,518.6470336914062,441.3934020996094,159.40333557128906,184.54925537109375,30.56999969482422,4.388999938964844,80.83209228515625,38.91551208496094,95.45783996582031,131.60719299316406,46.117496490478516,122.34207916259766,91.96387481689453,78.95619201660156,37.4052734375,39.577362060546875,38.399356842041016,88.84706115722656,191.3047332763672,311.1099853515625,35.970458984375,45.330039978027344,23.647369384765625,20.966304779052734,22.725719451904297
2025-04-23,526.6836547851562,451.4033508300781,160.94541931152344,187.28594970703125,28.450000762939453,4.38700008392334,81.61721801757812,38.843788146972656,98.2254409790039,132.26002502441406,46.66511535644531,123.8734359741211,94.01893615722656,78.50495910644531,37.56352996826172,39.62599182128906,38.44685363769531,90.2708969116211,198.29299926757812,303.6499938964844,36.84270477294922,46.10456848144531,24.417118072509766,21.300344467163086,23.197736740112305
2025-04-24,537.769775390625,464.1045837402344,163.6685333251953,191.03660583496094,26.469999313354492,4.304999828338623,82.47715759277344,39.465370178222656,101.89079284667969,133.8776092529297,47.18339920043945,126.65149688720703,95.89122009277344,77.81371307373047,37.62106704711914,40.481929779052734,38.56085968017578,92.07767486572266,208.32179260253906,308.07000732421875,37.80086898803711,47.186927795410156,25.008934020996094,21.660371780395508,23.54191780090332
2025-04-25,541.6553344726562,469.27838134765625,163.43426513671875,191.0956573486328,24.84000015258789,4.265999794006348,83.0846939086914,39.39365005493164,103.39859771728516,134.52073669433594,46.9584846496582,126.64167022705078,97.61528778076172,77.61209869384766,37.505977630615234,40.18041229248047,38.50385284423828,92.65703582763672,211.31248474121094,304.7300109863281,38.25714111328125,47.60398483276367,25.336517333984375,21.739065170288086,23.738590240478516
2025-04-28,541.8618774414062,469.1294250488281,163.8930206298828,191.9028778076172,25.149999618530273,4.216000080108643,83.6081314086914,39.67097091674805,103.22996520996094,135.0566864013672,47.105167388916016,127.06378936767578,97.64986419677734,77.35287475585938,37.736167907714844,40.25335693359375,38.74135971069336,93.01053619384766,209.99656677246094,309.07000732421875,38.24721908569336,47.693355560302734,25.335527420043945,21.719383239746094,23.620586395263672
2025-04-29,545.2752685546875,472.227783203125,164.8495330810547,193.0349578857422,24.170000076293945,4.172999858856201,84.30912017822266,39.556217193603516,103.71107482910156,135.71929931640625,47.594112396240234,127.88835144042969,98.34147644042969,77.99612426757812,38.028690338134766,40.588924407958984,39.05486297607422,93.68807983398438,209.63768005371094,306.05999755859375,38.44559860229492,47.94160461425781,25.59284210205078,21.798084259033203,23.876264572143555
2025-04-30,545.4916381835938,472.1681823730469,165.08377075195312,191.82412719726562,24.700000762939453,4.177000045776367,83.6268081665039,38.48997116088867,104.142578125,136.87887573242188,47.68212890625,128.8111114501953,97.44732666015625,78.56256866455078,37.83686828613281,40.79804229736328,39.23535919189453,93.7175521850586,210.62461853027344,303.7699890136719,38.33648681640625,47.94160461425781,25.652219772338867,21.759721755981445,23.709091186523438
2025-05-01,549.3576049804688,478.33502197265625,164.85926818847656,193.01528930664062,24.600000381469727,4.230999946594238,83.20279693603516,38.6334114074707,105.67022705078125,133.14678955078125,47.67234802246094,129.78292846679688,97.98578643798828,77.88092041015625,37.947166442871094,40.61810302734375,39.349365234375,94.19869995117188,211.64146423339844,297.4599914550781,38.842350006103516,48.527469635009766,26.01047706604004,21.985965728759766,23.935264587402344
2025-05-02,557.5122680664062,485.4353942871094,167.76780700683594,197.35658264160156,22.68000030517578,4.322000026702881,82.30217742919922,39.19761276245117,107.4359359741211,134.9884796142578,48.6600227355957,132.1094207763672,99.50731658935547,78.3033447265625,38.24449157714844,41.30382537841797,39.83386993408203,95.66180419921875,218.3505859375,297.9800109863281,39.42757034301758,49.03389358520508,26.53302001953125,22.488618850708008,24.5744571685791
2025-05-05,554.3153076171875,482.5555419921875,167.21148681640625,195.840576171875,23.639999389648438,4.3429999351501465,81.84248352050781,38.48997116088867,106.86555480957031,134.6084442138672,48.34709548950195,132.1781463623047,98.45014190673828,78.23612976074219,38.14857864379883,40.997440338134766,39.786373138427734,95.88765716552734,216.9349822998047,306.8800048828125,39.159759521484375,48.74592590332031,26.53302001953125,22.48468589782715,24.525283813476562
2025-05-06,549.68212890625,478.0668640136719,165.971923828125,193.70437622070312,24.760000228881836,4.308000087738037,82.11455535888672,38.49953079223633,105.97773742675781,130.8958282470703,48.07328414916992,131.01979064941406,97.59058380126953,78.10173034667969,38.613746643066406,40.70077896118164,39.510868072509766,95.8680191040039,214.92124938964844,315.4800109863281,38.75308609008789,48.37852478027344,26.21632957458496,22.364675521850586,24.240108489990234
2025-05-07,551.993896484375,479.94378662109375,167.0650634765625,194.34425354003906,23.549999237060547,4.275000095367432,82.461669921875,38.51388168334961,107.03914642333984,131.89952087402344,48.356868743896484,131.68731689453125,98.35134887695312,78.2265396118164,38.72404479980469,40.477073669433594,39.48237228393555,95.6912612915039,219.33750915527344,310.75,38.911781311035156,48.20970916748047,26.401397705078125,22.242698669433594,24.299110412597656
2025-05-08,555.8400268554688,484.899169921875,168.47055053710938,198.045654296875,22.479999542236328,4.373000144958496,81.54227447509766,39.02070617675781,108.06087493896484,130.71067810058594,48.757808685302734,133.50335693359375,99.51226043701172,78.13053131103516,38.41233444213867,41.01689529418945,39.292362213134766,95.91712188720703,221.2615203857422,304.6300048828125,39.149837493896484,48.65655517578125,26.599334716796875,22.25548553466797,24.190942764282227
2025-05-09,555.1318969726562,484.5813903808594,168.43150329589844,197.6814422607422,21.899999618530273,4.375,81.66426849365234,39.41277313232422,107.9269790649414,129.28802490234375,48.757808685302734,133.61134338378906,99.991455078125,77.6792984008789,38.47947311401367,41.12388229370117,39.52986526489258,95.42615509033203,222.70701599121094,306.8399963378906,39.209346771240234,48.66648864746094,26.661685943603516,22.31549072265625,24.200777053833008
2025-05-12,573.4774780273438,504.32330322265625,173.04806518554688,204.63140869140625,18.389999389648438,4.456999778747559,80.90436553955078,40.44076919555664,112.93643951416016,132.4841766357422,49.7454833984375,137.7244110107422,104.96112823486328,77.79450225830078,38.24928665161133,42.077083587646484,39.567867279052734,97.40967559814453,236.67356872558594,298.19000244140625,40.945159912109375,50.61275100708008,27.601869583129883,22.785682678222656,24.682626724243164
2025-05-13,577.2646484375,512.0095825195312,173.4384765625,205.37960815429688,18.219999313354492,4.499000072479248,80.5760269165039,41.00974655151367,115.37670135498047,128.49871826171875,49.95083999633789,138.68641662597656,106.34928131103516,76.74803161621094,38.196537017822266,41.86796569824219,39.03586196899414,98.36216735839844,244.79827880859375,299.4599914550781,41.40142822265625,50.940433502197266,28.225360870361328,22.941104888916016,24.889135360717773
2025-05-14,578.00244140625,515.0780639648438,172.3941192626953,203.55841064453125,18.6200008392334,4.5279998779296875,80.04129028320312,40.76111602783203,116.12565612792969,125.47798919677734,49.813934326171875,138.01890563964844,106.75930786132812,76.335205078125,38.028690338134766,41.483768463134766,38.703365325927734,98.872802734375,247.2207489013672,293.1600036621094,41.59980010986328,51.04966354370117,28.27484130859375,22.917497634887695,24.7170467376709
2025-05-15,580.8255615234375,515.6441040039062,173.96554565429688,204.88739013671875,17.829999923706055,4.454999923706055,80.74488830566406,40.93324661254883,116.28437042236328,127.12480163574219,50.146419525146484,139.55027770996094,106.52218627929688,77.90011596679688,38.83913803100586,41.90687561035156,39.41586685180664,99.26557159423828,246.36341857910156,297.8399963378906,41.67915725708008,51.218475341796875,28.378753662109375,22.88995933532715,24.85963249206543
2025-05-16,584.5045776367188,517.888427734375,175.67356872558594,206.58056640625,17.239999771118164,4.440999984741211,80.96065521240234,40.871089935302734,116.50260925292969,129.6875457763672,50.449562072753906,141.14053344726562,107.52995300292969,78.79297637939453,39.40980911254883,42.334842681884766,39.90987014770508,99.943115234375,245.65562438964844,294.239990234375,41.837852478027344,51.47665023803711,28.304533004760742,22.93323516845703,24.987470626831055
2025-05-19,585.1439819335938,518.385009765625,175.65403747558594,205.7142791748047,18.139999389648438,4.474999904632568,80.72611236572266,40.340362548828125,116.33395385742188,130.934814453125,50.478904724121094,141.62155151367188,107.27801513671875,79.02339935302734,39.57765197753906,42.441829681396484,39.99536895751953,100.04131317138672,245.24688720703125,298.0299987792969,41.79818344116211,51.40714645385742,28.35401725769043,23.057180404663086,24.987470626831055
2025-05-20,583.1765747070312,516.6571044921875,175.19529724121094,205.82257080078125,18.09000015258789,4.480999946594238,80.14447784423828,39.96741485595703,115.89749145507812,131.25637817382812,50.20509338378906,141.11106872558594,106.71979522705078,79.30181884765625,39.6927490234375,42.36888885498047,39.786373138427734,99.79582214355469,244.77833557128906,303.5799865722656,41.67915725708008,51.218475341796875,28.326309204101562,23.194889068603516,25.311986923217773
2025-05-21,573.3495483398438,509.4772644042969,171.37908935546875,200.0440216064453,20.8700008392334,4.5960001945495605,78.7748031616211,39.231082916259766,113.7201156616211,128.21615600585938,49.17830276489258,138.7257080078125,104.5560531616211,78.3801498413086,38.96862030029297,41.804744720458984,38.73186111450195,99.04954528808594,240.72097778320312,305.82000732421875,41.07410430908203,50.51344680786133,27.97398567199707,23.05127716064453,25.051393508911133
2025-05-22,573.5758056640625,510.43060302734375,170.83248901367188,200.0341796875,20.280000686645508,4.552999973297119,79.18759155273438,39.07807922363281,113.74987030029297,127.21247863769531,49.119632720947266,138.69622802734375,105.00558471679688,78.05374145507812,38.41233444213867,41.7609748840332,38.59885787963867,98.8335189819336,240.06301879882812,303.1099853515625,41.13362121582031,50.573028564453125,28.08284568786621,23.09750747680664,25.144813537597656
2025-05-23,569.6607666015625,505.7036437988281,170.14927673339844,199.40415954589844,22.290000915527344,4.508999824523926,79.31892395019531,39.202392578125,112.4950180053711,127.00785064697266,48.94361114501953,138.2446746826172,104.0620346069336,78.34175109863281,38.87270736694336,41.67830276489258,38.60835647583008,98.38182830810547,236.70347595214844,309.75,40.736854553222656,50.0169563293457,27.649370193481445,22.983400344848633,25.105478286743164
2025-05-27,581.50439453125,517.6004638671875,173.3213653564453,204.46409606933594,18.959999084472656,4.434000015258789,80.42591857910156,39.5418701171875,115.16838836669922,128.7813262939453,49.80415725708008,140.6791534423828,107.1347427368164,79.05219268798828,39.16523361206055,42.40779113769531,39.24486541748047,99.9823989868164,244.21011352539062,304.5,41.65930938720703,51.17875671386719,28.35401725769043,23.008981704711914,25.32181739807129
2025-05-28,578.14013671875,515.3064575195312,171.8475799560547,202.30821228027344,19.309999465942383,4.4770002365112305,80.07879638671875,39.03982925415039,114.69224548339844,128.11868286132812,49.47167205810547,139.98219299316406,106.15169525146484,78.51456451416016,38.61854553222656,41.829063415527344,39.24486541748047,99.96277618408203,241.60821533203125,303.80999755859375,41.456844329833984,50.83120346069336,28.252056121826172,22.94989585876465,25.154644012451172
2025-05-29,580.4223022460938,516.3193969726562,172.26722717285156,202.90869140625,19.18000030517578,4.423999786376953,80.81993103027344,39.33149337768555,114.88568878173828,128.97621154785156,49.725921630859375,140.1097869873047,106.1961441040039,78.83139038085938,38.88709259033203,41.98469161987305,39.605865478515625,99.1575698852539,243.3228759765625,305.6099853515625,41.585872650146484,50.83120346069336,28.25799560546875,23.014888763427734,25.188079833984375
2025-05-30,579.7730712890625,515.5050659179688,172.1989288330078,201.8750762939453,18.56999969482422,4.415999889373779,80.94187927246094,38.98244857788086,114.528564453125,129.24903869628906,49.833499908447266,140.19815063476562,105.61815643310547,79.52263641357422,39.28512191772461,41.98954772949219,39.64386749267578,99.56999206542969,239.0063018798828,303.6000061035156,41.52631759643555,50.731910705566406,28.088720321655273,22.867176055908203,25.105478286743164
2025-06-02,583.0389404296875,519.57666015625,172.3355712890625,202.50509643554688,18.360000610351562,4.461999893188477,80.18858337402344,39.494056701660156,115.54037475585938,129.32701110839844,49.853050231933594,140.02145385742188,105.86516571044922,79.57064056396484,39.40980911254883,42.237579345703125,39.70086669921875,100.06095886230469,242.54530334472656,311.6700134277344,41.7943000793457,50.92057800292969,28.252056121826172,23.082836151123047,25.361154556274414
2025-06-03,586.3637084960938,523.63818359375,173.7703094482422,205.77334594726562,17.690000534057617,4.460000038146973,80.04734802246094,39.9626350402832,117.2763442993164,129.62908935546875,49.95083999633789,141.1012725830078,106.42833709716797,79.49382781982422,39.51531219482422,42.670406341552734,39.5583610534668,99.77620697021484,248.0182647705078,308.9100036621094,42.01264190673828,51.12910842895508,28.576745986938477,23.083824157714844,25.34148597717285
2025-06-04,586.206298828125,525.0980834960938,173.3799285888672,205.1925506591797,17.610000610351562,4.364999771118164,81.3468017578125,39.18326950073242,117.449951171875,129.88243103027344,49.66725540161133,141.17979431152344,106.14674377441406,78.93699645996094,38.82475280761719,42.830894470214844,39.68186569213867,100.41446685791016,250.96908569335938,310.8999938964844,42.08212661743164,51.20854187011719,28.833133697509766,23.336902618408203,25.606998443603516
2025-06-05,583.373291015625,521.1456298828125,172.9114227294922,205.28114318847656,18.479999542236328,4.394000053405762,81.40328979492188,39.14501953125,117.11763000488281,129.70703125,49.53034591674805,141.0816192626953,103.46924591064453,78.17852783203125,38.76240921020508,42.5780029296875,39.67236328125,100.55193328857422,250.52047729492188,309.3299865722656,41.94316482543945,50.880859375,28.648019790649414,23.417659759521484,25.557828903198242
2025-06-06,589.3639526367188,526.2399291992188,174.4047393798828,208.59861755371094,16.770000457763672,4.510000228881836,80.36748504638672,39.881343841552734,118.22368621826172,130.94456481933594,50.146419525146484,142.2694091796875,104.81293487548828,78.42816162109375,38.93505096435547,42.68986129760742,39.786373138427734,101.83829498291016,251.946044921875,305.17999267578125,42.30046463012695,51.47665023803711,28.987558364868164,23.485607147216797,25.705333709716797
2025-06-09,589.8951416015625,527.0146484375,174.43402099609375,210.03590393066406,17.15999984741211,4.48199987411499,80.4522476196289,39.957847595214844,118.80399322509766,130.72044372558594,49.87261199951172,142.1417999267578,105.6527328491211,78.32254791259766,38.68568420410156,42.97679901123047,39.76736831665039,101.54371643066406,256.16290283203125,306.6199951171875,42.47911834716797,51.665321350097656,29.042003631591797,23.575218200683594,25.803668975830078
2025-06-10,593.2396850585938,530.5001831054688,175.3026580810547,211.16796875,16.950000762939453,4.473999977111816,80.8665542602539,40.67026901245117,119.46861267089844,132.21131896972656,49.93128204345703,141.52337646484375,106.9173812866211,78.495361328125,38.776798248291016,43.24427795410156,40.11886978149414,102.83007049560547,261.257080078125,306.7099914550781,42.84634017944336,52.13203048706055,29.26176643371582,23.79186248779297,25.941341400146484
2025-06-11,591.5477294921875,528.712646484375,174.80490112304688,210.3017120361328,17.260000228881836,4.4120001792907715,81.11137390136719,41.25837707519531,119.20573425292969,132.279541015625,49.87261199951172,141.5920867919922,106.07264709472656,78.2265396118164,38.800777435302734,42.816307067871094,39.90037155151367,102.59439849853516,261.0676574707031,308.3699951171875,42.54859924316406,51.92350387573242,29.09942054748535,23.804668426513672,26.005264282226562
2025-06-12,593.8986206054688,529.9541015625,175.21482849121094,209.46493530273438,18.020000457763672,4.35699987411499,82.08124542236328,41.40182113647461,120.31178283691406,133.3124237060547,49.87261199951172,141.2190704345703,105.57369995117188,78.6873779296875,39.2707405090332,42.99625015258789,40.11886978149414,101.75973510742188,262.3337097167969,312.20001220703125,42.85627365112305,52.072444915771484,29.460735321044922,23.950410842895508,26.14293098449707
2025-06-13,587.2589111328125,523.3005981445312,173.0968780517578,205.6355438232422,20.81999969482422,4.423999786376953,81.290283203125,42.123802185058594,118.62542724609375,132.6498260498047,48.85559844970703,140.03126525878906,104.60050964355469,77.72730255126953,39.045345306396484,42.495330810546875,39.795867919921875,100.72869873046875,256.19281005859375,316.2900085449219,42.32032775878906,51.59580612182617,28.885597229003906,23.513179779052734,25.695499420166016
2025-06-16,592.84619140625,530.5797729492188,174.76585388183594,208.05995178222656,19.110000610351562,4.452000141143799,80.4710693359375,41.999488830566406,120.5448989868164,132.24057006835938,49.41299819946289,140.9932861328125,105.72684478759766,77.97692108154297,38.85352325439453,42.85521697998047,39.83386993408203,102.45691680908203,262.5630187988281,311.7799987792969,42.87612533569336,52.11216354370117,29.400352478027344,23.565366744995117,25.78400230407715
2025-06-17,587.7802124023438,525.4058837890625,173.0871124267578,205.86849975585938,21.600000381469727,4.39300012588501,81.45037078857422,42.391563415527344,119.69181060791016,130.05783081054688,49.12940979003906,139.93310546875,103.90396881103516,77.3144760131836,38.532222747802734,42.436973571777344,39.67236328125,101.55352020263672,260.778564453125,311.94000244140625,42.45927047729492,51.64546203613281,29.133075714111328,23.383190155029297,25.37098503112793
2025-06-18,587.691650390625,525.3165283203125,173.1066436767578,206.954345703125,20.139999389648438,4.396999835968018,81.59159851074219,42.11424255371094,119.83563995361328,129.83370971679688,49.10985565185547,139.59934997558594,103.95335388183594,77.21846771240234,38.632930755615234,42.315391540527344,39.74837112426758,101.60263061523438,261.77545166015625,310.260009765625,42.49897766113281,51.635528564453125,29.172672271728516,23.31523895263672,25.33165168762207
2025-06-20,586.3114624023438,523.1715698242188,173.38966369628906,206.52001953125,20.6200008392334,4.375,81.44094848632812,42.54456329345703,119.304931640625,129.2100830078125,49.24675750732422,139.75640869140625,104.07685852050781,77.78489685058594,38.738433837890625,42.02845764160156,39.738868713378906,100.98399353027344,259.462646484375,310.1300048828125,42.14167404174805,51.52629470825195,28.885597229003906,23.03359603881836,25.12514305114746
2025-06-23,592.1027221679688,528.551025390625,174.92042541503906,209.04710388183594,19.829999923706055,4.320000171661377,81.7046127319336,41.46868133544922,120.66519927978516,129.39610290527344,49.86690902709961,141.64886474609375,106.13976287841797,78.68582916259766,39.22952651977539,42.496726989746094,40.318817138671875,102.26264953613281,261.1075439453125,311.0799865722656,42.6081428527832,52.0029411315918,29.237016677856445,23.220701217651367,25.23331642150879
2025-06-24,598.643798828125,536.6336059570312,176.5766143798828,211.71240234375,17.479999542236328,4.293000221252441,82.29783630371094,40.92881774902344,122.831298828125,130.98220825195312,50.61265563964844,142.83041381835938,106.72886657714844,78.61815643310547,39.398536682128906,42.84866714477539,40.51054000854492,103.5816650390625,270.69769287109375,306.19000244140625,43.183799743652344,52.37034225463867,30.113088607788086,23.77216911315918,25.675832748413086
2025-06-25,598.9793090820312,538.0054931640625,175.30262756347656,209.24452209472656,16.760000228881836,4.293000221252441,82.40142059326172,40.750465393066406,123.87956237792969,131.09970092773438,50.445838928222656,141.57009887695312,105.471435546875,77.56451416015625,38.8721923828125,42.438072204589844,39.5231819152832,103.56196594238281,274.3463439941406,307.1199951171875,43.38837432861328,52.393192291259766,30.146751403808594,23.709075927734375,25.654190063476562
2025-06-26,603.6655883789062,543.0359497070312,176.62562561035156,212.6403045654297,16.59000015258789,4.252999782562256,82.81573486328125,41.333717346191406,124.73408508300781,131.4130096435547,50.8187141418457,143.10610961914062,106.44173431396484,77.49684143066406,39.19572448730469,42.907325744628906,39.273948669433594,104.76286315917969,276.34014892578125,306.7799987792969,43.74589538574219,52.76076126098633,30.476469039916992,23.896385192871094,25.900108337402344
2025-06-27,606.664794921875,544.8951416015625,177.27243041992188,212.70938110351562,16.31999969482422,4.2829999923706055,82.28840637207031,41.11680603027344,124.58502960205078,131.1290740966797,50.96590042114258,144.53382873535156,108.21402740478516,77.86417388916016,39.27298355102539,42.96109390258789,39.41773223876953,105.9932861328125,277.5563659667969,301.2200012207031,43.974300384521484,52.94950485229492,30.545780181884766,24.12312126159668,26.165700912475586
2025-06-30,609.5653686523438,548.4244995117188,178.10545349121094,213.01539611816406,16.729999542236328,4.230000019073486,83.09821319580078,40.880611419677734,125.80718231201172,131.97108459472656,51.3878288269043,145.25262451171875,107.59026336669922,78.2701644897461,39.432342529296875,42.92198944091797,39.70531463623047,106.8299560546875,278.0149230957031,304.8299865722656,44.053749084472656,53.168067932128906,30.779451370239258,24.063976287841797,26.205045700073242
2025-07-01,609.3681030273438,543.801513671875,180.19284057617188,215.20687866210938,16.829999923706055,4.250999927520752,83.30424499511719,41.19392776489258,124.68440246582031,133.85093688964844,51.67239761352539,145.73509216308594,108.05066680908203,79.24649047851562,39.56754684448242,44.03158187866211,39.973724365234375,106.07203674316406,274.9843444824219,307.54998779296875,43.924644470214844,53.11839294433594,30.555683135986328,24.01468276977539,26.126352310180664
2025-07-02,612.1305541992188,547.5892944335938,180.6044158935547,218.1880340576172,16.639999389648438,4.293000221252441,82.77496337890625,41.90251159667969,126.00093841552734,132.52919006347656,51.63314437866211,145.88278198242188,108.91702270507812,79.4784927368164,39.224700927734375,44.691463470458984,40.050411224365234,105.76688385009766,280.3775634765625,309.25,44.36161422729492,53.615108489990234,30.819059371948242,24.24142074584961,26.33292579650879
2025-07-03,616.9549560546875,552.9777221679688,181.47662353515625,220.21170043945312,16.3799991607666,4.3480000495910645,82.19844055175781,41.950714111328125,127.66027069091797,132.666259765625,52.19245529174805,147.1234130859375,109.51107788085938,79.4398193359375,39.519256591796875,44.662139892578125,40.069580078125,106.3476333618164,282.740234375,307.1400146484375,44.65953826904297,53.962799072265625,31.120059967041016,24.251279830932617,26.33292579650879
2025-07-07,612.357421875,548.8121337890625,180.02622985839844,216.9047393798828,17.790000915527344,4.394999980926514,81.4139633178711,41.54581069946289,126.64678955078125,131.5500946044922,51.69202423095703,146.6114044189453,108.1199722290039,79.37216186523438,39.601348876953125,44.23198699951172,39.7628288269043,105.32393646240234,278.8922119140625,307.3699951171875,44.34174346923828,53.34688186645508,30.811132431030273,23.935819625854492,25.98863983154297
2025-07-08,612.0220336914062,549.1204223632812,180.47703552246094,218.40521240234375,16.809999465942383,4.414999961853027,81.31002044677734,42.66410827636719,127.3274154663086,132.14732360839844,51.230838775634766,146.57200622558594,107.7536392211914,78.63749694824219,39.181236267089844,44.59370803833008,39.70531463623047,105.10738372802734,282.6006774902344,304.1600036621094,44.34174346923828,53.53562927246094,30.976490020751953,23.980182647705078,26.180456161499023
2025-07-09,615.692138671875,553.0076293945312,181.0160369873047,220.7743682861328,15.9399995803833,4.3420000076293945,82.16062927246094,42.44718933105469,128.09249877929688,132.65646362304688,51.417274475097656,147.59600830078125,108.39225769042969,78.12516784667969,39.54823303222656,44.862548828125,39.68614959716797,105.38298797607422,284.53466796875,305.5199890136719,44.69926834106445,53.78398513793945,31.277490615844727,24.113264083862305,26.382108688354492
2025-07-10,617.4285278320312,552.2122802734375,182.06463623046875,221.90957641601562,15.779999732971191,4.3460001945495605,82.21732330322266,42.7701530456543,127.67021942138672,133.46910095214844,51.72145462036133,148.42312622070312,109.59028625488281,78.40550231933594,39.87175750732422,45.1020622253418,39.887451171875,105.02863311767578,286.62811279296875,306.20001220703125,44.878028869628906,53.95287322998047,31.17946434020996,23.98412322998047,26.293577194213867
2025-07-11,615.2579956054688,550.9695434570312,180.73184204101562,218.8494110107422,16.399999618530273,4.422999858856201,81.08317565917969,42.96296310424805,127.10883331298828,132.3627166748047,51.1817741394043,147.89141845703125,109.61998748779297,78.1155014038086,39.81381607055664,44.73545837402344,39.84910583496094,104.34944152832031,286.59820556640625,309.1400146484375,44.768775939941406,53.81378936767578,31.189367294311523,23.955535888671875,26.07716941833496
2025-07-14,616.4320678710938,552.9678344726562,180.9180450439453,220.32028198242188,17.200000762939453,4.427000045776367,80.91305541992188,42.49058532714844,127.0044937133789,132.20606994628906,51.564456939697266,148.68896484375,110.02593231201172,78.18315887451172,39.97316360473633,44.48616409301758,40.117515563964844,105.37315368652344,284.4349670410156,308.010009765625,44.77871322631836,53.72438049316406,30.912128448486328,24.01468276977539,26.106679916381836
2025-07-15,613.7978515625,553.474853515625,178.40924072265625,216.0064697265625,17.3799991607666,4.488999843597412,80.3459701538086,41.87840270996094,128.13226318359375,129.826904296875,50.681339263916016,147.5763397216797,108.45166015625,77.40017700195312,39.59169006347656,43.57209777832031,39.59987258911133,104.32974243164062,289.89794921875,306.7300109863281,44.81843566894531,53.47602844238281,31.4002685546875,24.073833465576172,26.13619041442871
2025-07-16,615.8499145507812,554.04150390625,179.1050262451172,218.1781768798828,17.15999984741211,4.454999923706055,80.45938873291016,41.516883850097656,128.5297088623047,131.4423828125,51.034584045410156,148.0981903076172,108.6496810913086,77.67083740234375,39.61100387573242,43.68940734863281,40.0312385559082,104.64472961425781,288.3826599121094,308.260009765625,44.858154296875,53.63199234008789,31.33294105529785,24.2315616607666,26.146026611328125
2025-07-17,619.6187133789062,558.5252075195312,180.5652313232422,221.04087829589844,16.520000457763672,4.4629998207092285,80.44049072265625,41.772361755371094,129.6972198486328,129.94439697265625,51.52520751953125,149.4668426513672,109.0209732055664,78.40550231933594,39.775184631347656,43.99736404418945,39.99289321899414,105.00894927978516,290.80511474609375,307.5899963378906,45.185882568359375,53.89326858520508,31.684436798095703,24.448444366455078,26.21488380432129
2025-07-18,619.1649780273438,557.9884033203125,180.4966278076172,219.47134399414062,16.40999984741211,4.432000160217285,80.5633544921875,41.4349365234375,129.61276245117188,129.08279418945312,51.55464553833008,149.13206481933594,109.986328125,78.19283294677734,40.441566467285156,44.10000991821289,40.107933044433594,104.52661895751953,289.40948486328125,308.3900146484375,45.146148681640625,53.87339401245117,31.470565795898438,24.251279830932617,26.106679916381836
2025-07-21,620.3390502929688,560.8814086914062,179.8792266845703,218.5828857421875,16.649999618530273,4.372000217437744,81.2816390991211,41.00593948364258,129.7816619873047,128.34848022460938,51.4074592590332,148.34434509277344,110.50614166259766,78.18315887451172,40.57194137573242,44.32486343383789,40.26130676269531,105.92437744140625,289.6088562011719,313.1300048828125,45.31498336791992,54.08399963378906,31.486412048339844,24.350849151611328,26.116518020629883
2025-07-22,620.427734375,557.9784545898438,182.1724395751953,220.39923095703125,16.5,4.335999965667725,81.77312469482422,41.19874572753906,128.5793914794922,130.73744201660156,51.69202423095703,148.69883728027344,111.62496185302734,78.89849090576172,41.069313049316406,44.93586730957031,40.961082458496094,106.17045593261719,284.48480224609375,316.1000061035156,45.27526092529297,54.360172271728516,31.213134765625,24.399152755737305,26.213899612426758
2025-07-23,625.7059936523438,560.5234375,183.681640625,223.76539611816406,15.369999885559082,4.388000011444092,81.31946563720703,41.84466552734375,129.31466674804688,133.42015075683594,52.10414123535156,151.36717224121094,112.15467071533203,78.92749786376953,40.76027297973633,45.087398529052734,41.07611846923828,106.75121307373047,285.720947265625,312.17999267578125,45.65263366699219,54.59064483642578,31.487403869628906,24.862489700317383,26.71852684020996
2025-07-24,625.9131469726562,561.7166137695312,183.09364318847656,220.67564392089844,15.390000343322754,4.4079999923706055,81.17768859863281,42.14352035522461,129.86114501953125,132.92080688476562,52.07470703125,151.1111602783203,110.29821014404297,78.64716339111328,40.707157135009766,44.62303161621094,41.01859664916992,106.92839813232422,286.9072570800781,310.2699890136719,45.76188278198242,54.61746597290039,31.397296905517578,24.74419593811035,26.5640869140625
2025-07-25,628.5572509765625,563.068603515625,183.97564697265625,221.49497985839844,14.930000305175781,4.386000156402588,81.68807220458984,41.98445129394531,130.1592559814453,133.62574768066406,52.43776321411133,152.60781860351562,111.3229751586914,78.78250122070312,40.813385009765625,45.15093994140625,41.01859664916992,105.93421936035156,286.59820556640625,307.3999938964844,45.97650909423828,54.8380126953125,31.513174057006836,24.622812271118164,26.49523162841797
2025-07-28,628.3994750976562,564.8282470703125,182.88783264160156,221.23829650878906,15.029999732971191,4.420000076293945,81.1587905883789,42.46165466308594,131.1975555419922,132.4606170654297,52.07470703125,152.1351776123047,111.97149658203125,77.97050476074219,40.37879180908203,44.49594497680664,40.309234619140625,105.3633041381836,290.5060729980469,305.4100036621094,46.125553131103516,54.881717681884766,31.503271102905273,24.444190979003906,26.181438446044922
2025-07-29,626.741943359375,563.953369140625,182.7996368408203,219.8267059326172,15.979999542236328,4.329999923706055,82.52922058105469,42.876197814941406,131.2025604248047,131.6186065673828,51.80976867675781,150.4022216796875,111.19921875,78.48283386230469,40.84236145019531,44.32486343383789,40.980255126953125,104.45771026611328,291.9914245605469,306.25,46.02618408203125,54.7585334777832,31.40423011779785,24.40471839904785,26.121435165405273
2025-07-30,625.95263671875,564.7090454101562,181.61386108398438,218.7112274169922,15.479999542236328,4.375999927520752,82.10391998291016,42.26403045654297,131.49566650390625,131.38365173339844,51.711647033691406,149.6637725830078,110.49623107910156,77.78683471679688,41.146575927734375,43.43034744262695,40.40509796142578,104.78254699707031,295.3410339355469,300.9599914550781,46.00632095336914,54.45951461791992,31.411161422729492,24.177738189697266,25.915849685668945
2025-07-31,623.6046752929688,561.7166137695312,179.9576416015625,216.5691375732422,16.719999313354492,4.360000133514404,82.15116882324219,42.0374755859375,130.53182983398438,127.7022705078125,51.3878288269043,149.67359924316406,109.61998748779297,77.1198501586914,41.36870193481445,42.88288879394531,39.69572448730469,105.7275161743164,287.88421630859375,302.9599914550781,45.678401947021484,54.58866882324219,31.172489166259766,23.881696701049805,25.479095458984375
2025-08-01,613.3834838867188,550.6514282226562,177.92904663085938,212.15660095214844,20.3799991607666,4.21999979019165,83.319091796875,41.256591796875,127.7149429321289,128.38763427734375,50.436031341552734,147.43850708007812,106.97640228271484,77.48717498779297,41.431480407714844,42.389190673828125,39.58069610595703,104.45771026611328,283.0692138671875,309.1099853515625,45.03253173828125,53.694576263427734,30.651559829711914,23.67445182800293,25.22039222717285
2025-08-04,622.7067260742188,560.811767578125,180.10462951660156,216.9047393798828,17.520000457763672,4.199999809265137,83.5467758178711,41.165008544921875,130.30828857421875,130.22830200195312,50.93646240234375,148.79727172851562,108.23384857177734,77.86417388916016,42.165462493896484,42.951316833496094,39.916202545166016,106.46577453613281,289.28985595703125,310.9100036621094,45.79764175415039,54.55885696411133,31.087316513061523,23.9902400970459,25.54107093811035
2025-08-05,619.5496215820312,557.004150390625,179.6048583984375,218.01034545898438,17.850000381469727,4.196000099182129,83.80294799804688,41.2180290222168,129.23020935058594,129.72897338867188,50.73040008544922,148.49205017089844,108.37245178222656,77.78683471679688,41.71637725830078,43.25437545776367,40.050411224365234,105.63892364501953,286.2094421386719,311.1600036621094,45.559165954589844,54.2906379699707,30.936782836914062,23.881696701049805,25.423025131225586
2025-08-06,624.2952270507812,564.0130615234375,179.20303344726562,217.72410583496094,16.770000457763672,4.21999979019165,83.319091796875,40.83723068237305,130.6858367919922,127.78060913085938,50.975711822509766,148.61019897460938,110.62495422363281,78.89849090576172,41.34455871582031,42.78512954711914,39.71490478515625,106.0425033569336,285.7309265136719,310.5,45.926822662353516,54.62839889526367,31.121978759765625,23.876754760742188,25.339414596557617
2025-08-07,623.7722778320312,565.9219360351562,179.09524536132812,217.01333618164062,16.56999969482422,4.24399995803833,83.17676544189453,40.678165435791016,130.80508422851562,126.31196594238281,50.406585693359375,148.39358520507812,110.59030151367188,79.49781799316406,41.793643951416016,42.97087478637695,39.86827850341797,105.5896987915039,290.2169494628906,313.1199951171875,45.9864387512207,54.79529571533203,31.443849563598633,24.13136100769043,25.656160354614258
2025-08-08,628.63623046875,571.2008666992188,179.4186248779297,217.4871826171875,15.149999618530273,4.284999847412109,82.81623077392578,40.93845748901367,132.11170959472656,127.43791198730469,50.877586364746094,148.51174926757812,110.78337097167969,79.72982025146484,41.61497497558594,43.185943603515625,39.542354583740234,105.94406127929688,292.6194763183594,313.04998779296875,46.35409164428711,55.57215118408203,31.737987518310547,24.20340347290039,25.79190444946289
2025-08-11,627.39306640625,569.5108032226562,178.9286346435547,217.4378204345703,16.25,4.2729997634887695,82.9111328125,40.61068344116211,131.21742248535156,127.565185546875,50.85795974731445,148.02928161621094,111.07049560546875,79.66215515136719,41.484596252441406,43.08818435668945,39.312286376953125,106.48544311523438,292.4898681640625,308.54998779296875,46.334228515625,55.392337799072266,31.612205505371094,24.138269424438477,25.575496673583984
2025-08-12,634.0723266601562,576.6688232421875,181.20223999023438,223.89373779296875,14.729999542236328,4.293000221252441,82.4936752319336,40.80830764770508,133.2493896484375,128.44638061523438,51.47614669799805,149.56529235839844,112.24873352050781,79.87481689453125,41.663265228271484,43.65031433105469,39.37939453125,108.52302551269531,299.1690979003906,308.2699890136719,46.821109771728516,56.168209075927734,32.04400634765625,24.414587020874023,25.962081909179688
2025-08-13,636.242919921875,576.9572143554688,183.78941345214844,228.2470245361328,14.489999771118164,4.23799991607666,83.17676544189453,41.28069305419922,133.299072265625,130.50247192382812,51.77051544189453,150.13638305664062,113.78836059570312,79.87481689453125,41.75501251220703,44.47150421142578,39.63821029663086,109.36956024169922,300.345458984375,309.2099914550781,46.95029067993164,56.347023010253906,32.18661117553711,24.564590454101562,26.109630584716797
2025-08-14,636.302001953125,576.509765625,182.59385681152344,225.30532836914062,14.829999923706055,4.293000221252441,82.56008911132812,41.24213409423828,133.0109405517578,131.158447265625,52.01583480834961,148.80714416503906,113.65962982177734,79.15949249267578,41.46528244018555,44.007137298583984,39.3602180480957,109.45813751220703,300.98345947265625,307.25,46.89067459106445,56.21787643432617,31.953876495361328,24.370180130004883,25.92962074279785
2025-08-15,634.8123168945312,573.9746704101562,182.14303588867188,224.20960998535156,15.09000015258789,4.328000068664551,81.97187805175781,41.24213409423828,132.0023956298828,133.3614044189453,51.47614669799805,148.1277313232422,113.3873519897461,79.28515625,41.34455871582031,44.007137298583984,39.619041442871094,109.73375701904297,294.73291015625,307.42999267578125,46.66212844848633,56.0390625,31.726097106933594,24.424455642700195,26.000444412231445
2025-08-18,634.6741333007812,573.7459716796875,182.10385131835938,225.02896118164062,14.989999771118164,4.341000080108643,81.73467254638672,40.99630355834961,132.2855682373047,133.048095703125,51.51539611816406,148.7086639404297,113.84281158447266,79.17882537841797,41.165889739990234,43.75295639038086,39.24518585205078,109.06440734863281,295.93914794921875,306.95001220703125,46.761497497558594,55.94965362548828,31.889509201049805,24.542875289916992,25.968965530395508
2025-08-19,631.23095703125,565.961669921875,182.95643615722656,223.30145263671875,15.569999694824219,4.302000045776367,82.20905303955078,41.01075744628906,129.9754180908203,133.89988708496094,51.61351776123047,149.03358459472656,113.78836059570312,79.99081420898438,41.566688537597656,44.01691818237305,39.94496536254883,108.4541244506836,289.9677429199219,305.2699890136719,46.37396240234375,55.6585807800293,31.394329071044922,24.3751163482666,25.905025482177734
2025-08-20,629.5537109375,562.6013793945312,182.7898406982422,222.51171875,15.6899995803833,4.296000003814697,82.38932037353516,41.35300064086914,129.09605407714844,134.62440490722656,51.878456115722656,148.895751953125,112.6645736694336,80.44514465332031,41.61014175415039,44.05113220214844,40.09834289550781,108.12928771972656,288.06365966796875,308.3599853515625,46.15536880493164,55.38339614868164,31.10811424255371,24.266559600830078,25.960113525390625
2025-08-21,627.028076171875,559.99658203125,182.15283203125,223.06454467773438,16.600000381469727,4.329999923706055,81.98133850097656,41.637393951416016,128.6290740966797,134.17401123046875,51.711647033691406,148.36402893066406,111.9962387084961,79.72015380859375,41.32524108886719,44.183101654052734,39.954551696777344,108.01116180419922,286.56829833984375,307.2900085449219,45.9864387512207,55.15192794799805,30.895183563232422,24.207345962524414,25.79190444946289
2025-08-22,636.6572265625,568.6359252929688,185.700439453125,231.81060791015625,14.220000267028809,4.260000228881836,82.58856201171875,42.485755920410156,130.37286376953125,135.2803955078125,52.56532669067383,150.78622436523438,115.39727783203125,79.72015380859375,41.54737091064453,45.058067321777344,40.58723068237305,109.56640625,292.7291564941406,310.5799865722656,46.68199920654297,56.14833450317383,31.473556518554688,24.621828079223633,26.195207595825195
2025-08-25,633.855224609375,566.9955444335938,184.27944946289062,229.37234497070312,14.789999961853027,4.275000095367432,82.35135650634766,42.59662628173828,130.07972717285156,133.3516082763672,52.26114273071289,149.27975463867188,115.16461181640625,78.35716247558594,41.078975677490234,44.808780670166016,40.38592529296875,109.74360656738281,293.00830078125,309.8299865722656,46.56275939941406,55.967533111572266,31.493364334106445,24.493534088134766,26.029951095581055
2025-08-26,636.5092163085938,569.272216796875,184.40682983398438,231.26766967773438,14.619999885559082,4.257999897003174,82.30390167236328,42.52914047241211,130.67591857910156,134.18382263183594,52.6634521484375,150.81578063964844,115.6943130493164,77.84484100341797,41.17072296142578,44.93097686767578,40.27089309692383,109.26127624511719,295.8294982910156,312.0799865722656,46.77751159667969,56.03409194946289,31.530014038085938,24.60418128967285,26.067331314086914
2025-08-27,637.9595336914062,570.14697265625,185.0732421875,232.9063262939453,14.850000381469727,4.23799991607666,82.20905303955078,43.00634765625,131.38140869140625,134.1055145263672,52.771392822265625,150.79608154296875,115.71905517578125,78.07683563232422,41.18037414550781,45.04340744018555,40.44343566894531,109.44830322265625,296.7366638183594,312.7099914550781,46.946529388427734,56.25960159301758,31.752893447875977,24.4500675201416,26.090940475463867
2025-08-28,640.21875,573.7161865234375,184.9850311279297,233.1827392578125,14.430000305175781,4.206999778747559,82.74984741210938,43.33412551879883,132.4197235107422,133.57676696777344,52.8400764465332,151.0619354248047,115.91708374023438,77.5838394165039,40.86650085449219,45.04340744018555,40.33799362182617,109.8617172241211,297.952880859375,315.0299987792969,47.115543365478516,56.50597381591797,31.96289825439453,24.475751876831055,26.199146270751953
2025-08-29,636.4006958007812,567.0751342773438,184.8478546142578,232.146240234375,15.359999656677246,4.2270002365112305,82.16160583496094,43.5703125,130.3877716064453,134.55587768554688,52.977455139160156,149.67359924316406,114.72400665283203,78.08650207519531,40.7168083190918,45.10694885253906,40.5584716796875,109.64515686035156,289.3895568847656,318.07000732421875,46.61843490600586,56.19502639770508,31.346757888793945,24.43031120300293,25.87059783935547
2025-09-02,631.6847534179688,562.322998046875,183.38763427734375,230.89256286621094,17.170000076293945,4.2769999504089355,81.5501937866211,43.632972717285156,129.0712127685547,134.6831512451172,52.584957122802734,148.24588012695312,113.86756134033203,77.9608383178711,40.58160400390625,44.76967239379883,39.86827850341797,109.45813751220703,285.59136962890625,325.5899963378906,46.240638732910156,55.82050323486328,30.945571899414062,24.29200553894043,25.600088119506836
2025-09-03,635.1082763671875,566.7470703125,183.1034393310547,230.66551208496094,16.350000381469727,4.210999965667725,82.44541931152344,42.65446472167969,129.84127807617188,134.0467529296875,52.49664306640625,147.49757385253906,114.32795715332031,77.90283966064453,40.480194091796875,44.466617584228516,39.7628288269043,111.28900146484375,285.54150390625,328.1400146484375,46.55878448486328,56.50597381591797,31.268505096435547,24.37103843688965,25.72501564025879
2025-09-04,640.4160766601562,571.876953125,184.4558563232422,233.54795837402344,15.300000190734863,4.176000118255615,83.07398223876953,42.93886184692383,130.48216247558594,134.55587768554688,53.046138763427734,149.16159057617188,116.41709899902344,77.951171875,40.431907653808594,44.6376953125,40.0312385559082,112.29302215576172,288.9608459472656,326.69000244140625,46.847103118896484,56.90333938598633,31.452749252319336,24.410554885864258,25.869613647460938
2025-09-05,638.561279296875,572.7020874023438,184.6714630126953,234.7128143310547,15.180000305175781,4.085999965667725,84.3405990600586,42.109779357910156,130.59146118164062,135.01605224609375,52.07470703125,148.61019897460938,116.39234161376953,78.17350769042969,40.306358337402344,44.950531005859375,40.43385314941406,112.89347839355469,292.3702697753906,331.04998779296875,46.797393798828125,56.81393051147461,31.758838653564453,24.73655128479004,26.175537109375
2025-09-08,640.1298828125,575.4957275390625,184.52444458007812,235.18661499023438,15.109999656677246,4.046000003814697,85.46437072753906,42.01337432861328,131.57017517089844,134.9671173095703,52.113956451416016,148.94497680664062,116.84284210205078,77.88350677490234,39.89590835571289,44.9896354675293,40.16544723510742,113.02144622802734,295.6001892089844,334.82000732421875,47.04595184326172,56.86360549926758,32.14020538330078,24.9934024810791,26.394899368286133
2025-09-09,641.6098022460938,577.1261596679688,183.95603942871094,233.8046417236328,15.039999961853027,4.073999881744385,84.97868347167969,42.21582794189453,131.82354736328125,135.69163513183594,52.33964538574219,147.94065856933594,116.6794662475586,78.03817749023438,40.1711540222168,44.25642776489258,40.14627456665039,113.6612548828125,296.8861999511719,334.05999755859375,46.946529388427734,56.913272857666016,32.302669525146484,25.141582489013672,26.41063690185547
2025-09-10,643.4646606445312,577.3150634765625,183.7698516845703,233.39002990722656,15.350000381469727,4.0320000648498535,85.46437072753906,42.95331954956055,134.2132110595703,134.45797729492188,52.16301345825195,149.03358459472656,115.28341674804688,77.2745132446289,40.86167907714844,44.33951950073242,40.12710189819336,112.82457733154297,299.8968200683594,335.260009765625,47.433685302734375,56.51590347290039,32.68501281738281,25.230499267578125,26.50014877319336
2025-09-11,648.81201171875,580.6754150390625,186.52365112304688,237.70384216308594,14.710000038146973,4.011000156402588,86.0357894897461,42.96296310424805,134.66531372070312,136.79800415039062,53.016700744628906,150.4514617919922,117.52600860595703,77.90283966064453,41.078975677490234,45.26825714111328,40.77894973754883,114.55699157714844,302.9872131347656,334.760009765625,47.900970458984375,57.18050003051758,32.842529296875,25.56637191772461,26.662456512451172
2025-09-12,648.594970703125,583.2403564453125,185.18106079101562,235.2754669189453,14.760000228881836,4.060999870300293,85.66437530517578,42.707489013671875,134.57589721679688,135.22164916992188,52.791015625,149.25021362304688,118.13493347167969,77.641845703125,41.28661346435547,44.81366729736328,40.5968132019043,115.51180267333984,303.37603759765625,335.4200134277344,48.03022384643555,57.443763732910156,32.93266677856445,25.447830200195312,26.593599319458008
2025-09-15,652.0479736328125,588.2310791015625,184.85763549804688,236.2725067138672,15.6899995803833,4.033999919891357,85.86437225341797,42.56288528442383,135.78810119628906,134.0663299560547,52.67326736450195,149.939453125,119.1596908569336,76.75251007080078,41.3831901550293,44.45195388793945,40.54888153076172,117.13597106933594,306.2171936035156,338.9100036621094,48.278770446777344,57.99610137939453,33.233802795410156,25.62564468383789,26.746068954467773
2025-09-16,651.150146484375,587.7339477539062,184.36766052246094,235.88343811035156,16.360000610351562,4.026000022888184,86.0453109741211,43.27627944946289,135.31613159179688,134.0663299560547,52.55552291870117,149.4963836669922,119.89237976074219,77.10052490234375,40.629886627197266,44.315086364746094,40.309234619140625,116.66348266601562,306.2570495605469,339.5899963378906,48.16939926147461,58.16498565673828,33.35267639160156,25.833099365234375,26.94182014465332
2025-09-17,650.3412475585938,586.5609130859375,184.54405212402344,236.4873046875,15.720000267028809,4.076000213623047,85.82627868652344,43.377506256103516,134.84910583496094,134.3306884765625,53.06576919555664,148.81698608398438,119.59040069580078,77.56451416015625,40.731292724609375,44.4177360534668,40.290061950683594,116.96863555908203,304.3031311035156,336.9700012207031,47.990447998046875,58.19478988647461,33.24371337890625,25.892372131347656,26.923128128051758
2025-09-18,653.3799438476562,591.849853515625,185.74945068359375,242.37745666503906,15.699999809265137,4.104000091552734,84.94058227539062,43.24253845214844,137.17916870117188,134.5950469970703,53.114830017089844,150.4022216796875,119.05078125,76.88784790039062,40.76027297973633,44.4177360534668,40.318817138671875,117.05721282958984,315.9867858886719,335.6199951171875,48.219120025634766,58.39347457885742,33.96683120727539,26.17885971069336,27.30577850341797
2025-09-19,656.6160278320312,595.8563232421875,185.42605590820312,240.53616333007812,15.449999809265137,4.138999938964844,84.7786865234375,42.66892623901367,138.5702362060547,134.41879272460938,53.232574462890625,150.76654052734375,119.50128936767578,76.73318481445312,41.021026611328125,44.39818572998047,40.117515563964844,117.53954315185547,314.7306823730469,339.17999267578125,48.61680221557617,58.91006088256836,33.93215560913086,25.941768646240234,27.118881225585938
2025-09-22,659.7224731445312,599.3837890625,185.51463317871094,241.93197631835938,16.100000381469727,4.14300012588501,84.47391510009766,42.61982727050781,140.60877990722656,134.3843994140625,53.16169738769531,151.27078247070312,119.11198425292969,75.87765502929688,41.41868591308594,44.382957458496094,40.249847412109375,117.1296157836914,321.170654296875,345.04998779296875,49.12384033203125,59.17827606201172,34.580989837646484,26.167993545532227,27.267412185668945
2025-09-23,656.1312255859375,595.4025268554688,185.74102783203125,241.3874969482422,16.639999389648438,4.119999885559082,85.06438446044922,43.35389709472656,139.39500427246094,134.68930053710938,52.9254150390625,151.31033325195312,117.9911880493164,76.25724029541016,41.6325798034668,44.24053192138672,40.568599700927734,116.96170043945312,320.7021179199219,346.4599914550781,48.7559928894043,58.94979476928711,34.33334732055664,26.238136291503906,27.439558029174805
2025-09-24,654.0436401367188,593.3123168945312,185.3079376220703,239.17005920410156,16.18000030517578,4.146999835968018,84.7406005859375,43.91781997680664,138.53440856933594,134.14833068847656,52.77775192260742,150.52926635742188,118.82434844970703,76.42269897460938,41.92912292480469,43.70029830932617,40.153255462646484,115.99368286132812,320.1139221191406,343.32000732421875,48.61680221557617,58.86015701293945,34.20457458496094,26.177873611450195,27.20746421813965
2025-09-25,651.0263061523438,590.75439453125,183.7823028564453,236.88327026367188,16.739999771118164,4.171999931335449,84.7406005859375,44.31159210205078,138.29066467285156,131.92547607421875,52.63992691040039,149.5109100341797,117.14810943603516,75.69273376464844,41.525634765625,43.130584716796875,40.05665969848633,115.59857940673828,320.0640869140625,344.75,48.3641357421875,58.581295013427734,33.90436553955078,25.947473526000977,27.042818069458008
2025-09-26,654.7560424804688,593.1829223632812,185.6032257080078,238.91265869140625,15.289999961853027,4.186999797821045,84.66441345214844,44.71995162963867,138.70852661132812,133.27296447753906,53.02386474609375,150.85552978515625,118.87889862060547,75.87765502929688,42.201358795166016,43.631534576416016,40.45268630981445,116.72462463378906,320.8217468261719,346.739990234375,48.62276077270508,58.957763671875,33.80231475830078,25.83375358581543,26.916854858398438
2025-09-29,656.5962524414062,595.9300537109375,186.22328186035156,239.18983459472656,16.1200008392334,4.140999794006348,85.359619140625,43.898372650146484,139.44972229003906,133.66636657714844,53.28968048095703,151.32020568847656,119.39961242675781,76.0236587524414,42.32289123535156,43.798519134521484,40.52995681762695,117.09999084472656,321.65911865234375,352.4599914550781,48.771968841552734,58.96971130371094,34.02325439453125,26.056243896484375,27.03289794921875
2025-09-30,659.0695190429688,597.5623168945312,186.71543884277344,239.52642822265625,16.280000686645508,4.1479997634887695,85.11199951171875,43.431678771972656,140.21078491210938,136.8826446533203,53.03371047973633,152.4868621826172,118.84417724609375,76.27671813964844,42.395816802978516,44.014617919921875,40.69416809082031,116.92218780517578,325.3476257324219,355.4700012207031,49.14998245239258,59.089229583740234,34.06289291381836,26.3528995513916,27.335412979125977
2025-10-01,661.3153076171875,600.4288940429688,187.138671875,240.05108642578125,16.290000915527344,4.105999946594238,85.33183288574219,43.431678771972656,141.58377075195312,141.11196899414062,52.56116485595703,152.06175231933594,119.58807373046875,76.15991973876953,42.80416488647461,43.55295944213867,40.69416809082031,115.28248596191406,332.6549072265625,356.0299987792969,49.57771301269531,59.47764587402344,34.57809066772461,26.73855209350586,27.900766372680664
2025-10-02,662.0770263671875,602.897216796875,187.5815887451172,241.56570434570312,16.6299991607666,4.0879998207092285,85.58029174804688,42.99415588378906,142.349853515625,140.83657836914062,52.521785736083984,152.4572296142578,118.72515869140625,75.85819244384766,42.72638702392578,44.058815002441406,40.481666564941406,115.02566528320312,337.1907958984375,354.7900085449219,49.59760665893555,59.48760223388672,34.865413665771484,26.857215881347656,28.079301834106445
2025-10-03,662.0671997070312,600.3591918945312,188.2410430908203,243.35751342773438,16.649999618530273,4.11899995803833,85.4178237915039,43.22264099121094,141.63351440429688,142.43978881835938,52.88603973388672,152.6648406982422,117.96142578125,75.94579315185547,43.22224426269531,44.132484436035156,40.6458740234375,114.9664077758789,335.6356201171875,357.6400146484375,49.61750411987305,59.457725524902344,34.97439956665039,27.134096145629883,28.366939544677734
2025-10-06,664.4415283203125,604.8680419921875,188.18199157714844,244.32763671875,16.3700008392334,4.1620001792907715,84.73931121826172,43.43654251098633,143.06617736816406,141.75128173828125,52.866355895996094,153.376708984375,118.97311401367188,75.3910140991211,43.64031982421875,44.09319305419922,40.24018859863281,115.08493041992188,342.3148498535156,364.3800048828125,49.935821533203125,60.18476486206055,35.52923583984375,27.335817337036133,28.6843318939209
2025-10-07,661.9781494140625,601.6829833984375,187.35520935058594,241.7042999267578,17.239999771118164,4.126999855041504,85.2266845703125,43.504600524902344,142.11106872558594,141.85948181152344,52.935264587402344,152.5066680908203,116.89022827148438,76.09178161621094,43.83963394165039,43.91638946533203,40.11461639404297,114.64042663574219,336.0044860839844,366.260009765625,49.54787063598633,59.53739929199219,35.10320281982422,27.005542755126953,28.267751693725586
2025-10-08,665.925537109375,608.5805053710938,187.9654541015625,244.23855590820312,16.299999237060547,4.129000186920166,85.29358673095703,43.251808166503906,144.60330200195312,142.1348876953125,52.67930221557617,153.83151245117188,117.23737335205078,75.71220397949219,44.14104080200195,44.152130126953125,39.911773681640625,114.16631317138672,344.99652099609375,372.29998779296875,50.02534484863281,59.93278884887695,35.55995178222656,27.25275230407715,28.456205368041992
2025-10-09,663.996337890625,607.8441162109375,186.41030883789062,242.66453552246094,16.43000030517578,4.1479997634887695,85.2266845703125,42.66358184814453,144.3595428466797,141.82012939453125,52.492252349853516,151.55751037597656,116.65218353271484,75.95552825927734,44.02922821044922,43.54804229736328,39.728248596191406,113.5143814086914,344.13916015625,365.42999267578125,49.886085510253906,59.50752639770508,35.36674880981445,26.926429748535156,28.168569564819336
2025-10-10,646.0499877929688,586.7432250976562,182.20750427246094,235.3983612060547,21.65999984741211,4.051000118255615,86.60287475585938,41.42878723144531,138.48468017578125,139.77432250976562,51.35026168823242,148.20579528808594,113.44352722167969,76.013916015625,43.84935760498047,42.65420150756836,39.29358673095703,111.4203109741211,324.330810546875,369.1199951171875,48.354190826416016,57.84429931640625,33.82807540893555,25.967247009277344,27.40484046936035
2025-10-13,655.9630126953125,599.1947021484375,183.9791717529297,241.9517822265625,19.030000686645508,4.051000118255615,86.55506134033203,41.99270248413086,141.8573760986328,139.616943359375,51.84249496459961,149.74819946289062,115.97772216796875,75.7608642578125,44.18478775024414,43.33195495605469,39.5157470703125,112.44759368896484,338.69610595703125,378.0899963378906,49.259403228759766,58.74065017700195,34.85551071166992,26.75832748413086,28.059465408325195
2025-10-14,655.1616821289062,595.2034301757812,185.50477600097656,245.4066619873047,20.809999465942383,4.021999835968018,86.83221435546875,41.987850189208984,140.03672790527344,140.0005340576172,52.41349411010742,151.50807189941406,116.22073364257812,76.97747039794922,44.57855987548828,43.76414108276367,39.892452239990234,113.18841552734375,332.46551513671875,380.7900085449219,48.8913459777832,58.750606536865234,34.51864242553711,26.530893325805664,27.990036010742188
2025-10-15,658.0703125,599.4036254882812,185.87881469726562,247.81224060058594,20.639999389648438,4.046000003814697,86.64108276367188,41.96354293823242,141.42457580566406,140.21690368652344,52.41349411010742,150.8753204345703,116.38934326171875,77.1137466430664,45.16192626953125,43.567691802978516,40.47201156616211,113.98851013183594,340.7198181152344,387.3900146484375,49.17981719970703,59.1589469909668,34.86838912963867,26.946205139160156,28.361976623535156
2025-10-16,653.5887451171875,597.18408203125,184.11697387695312,242.59523010253906,25.309999465942383,3.9760000705718994,87.29094696044922,41.45795822143555,141.529052734375,139.9808807373047,50.95646667480469,149.88661193847656,115.26358032226562,76.57843017578125,44.67092514038086,43.24354934692383,40.346435546875,112.7735595703125,342.2350769042969,396.45001220703125,49.13007354736328,58.908958435058594,34.87631607055664,26.94818687438965,28.549440383911133
2025-10-17,657.2986450195312,601.1056518554688,185.05201721191406,240.96185302734375,20.780000686645508,4.006999969482422,87.15714263916016,41.798248291015625,141.77777099609375,140.91526794433594,51.36994934082031,150.01513671875,116.25543975830078,77.60038757324219,44.51536178588867,43.16005325317383,40.60723876953125,113.53414154052734,341.76654052734375,388.989990234375,49.36881637573242,59.41788864135742,34.972415924072266,26.965986251831055,28.550432205200195
2025-10-20,664.1348876953125,608.6800537109375,186.90243530273438,245.6640625,18.229999542236328,3.9860000610351562,87.49163818359375,42.240638732910156,143.35964965820312,142.41026306152344,51.970481872558594,151.784912109375,117.17786407470703,77.53225708007812,44.50077438354492,43.67573928833008,41.0322380065918,114.81824493408203,346.1429443359375,403.1499938964844,49.89603042602539,60.38395309448242,35.52923583984375,27.25275230407715,28.7785587310791
2025-10-21,664.1249389648438,608.5208740234375,187.75875854492188,244.50584411621094,17.8700008392334,3.9630000591278076,87.92168426513672,42.14341354370117,143.4342803955078,142.74468994140625,51.91141128540039,153.12953186035156,118.61109924316406,77.17213439941406,44.04867172241211,43.50875473022461,40.90666961669922,115.22322845458984,344.2288818359375,377.239990234375,49.80649948120117,60.33415222167969,35.303340911865234,26.88688087463379,28.476041793823242
2025-10-22,660.6722412109375,602.6583862304688,186.8532257080078,240.89254760742188,18.600000381469727,3.953000068664551,87.97901916503906,42.68302917480469,142.0165557861328,143.56105041503906,51.61606979370117,151.1422576904297,117.6837158203125,77.61011505126953,43.94658660888672,43.37615203857422,41.09019470214844,114.22557830810547,337.5496826171875,377.2799987792969,49.59760665893555,60.115047454833984,34.825782775878906,26.75832748413086,28.250890731811523
2025-10-23,664.5899658203125,607.724609375,187.73907470703125,243.94155883789062,17.299999237060547,3.990999937057495,87.376953125,43.251808166503906,143.807373046875,143.6397247314453,51.724361419677734,153.0306396484375,118.21434783935547,77.23052978515625,43.91255569458008,43.89674377441406,41.05155944824219,113.84034729003906,343.7304382324219,378.7900085449219,49.955711364746094,60.52338409423828,35.13391876220703,26.995651245117188,28.317344665527344
2025-10-24,670.0213623046875,614.214111328125,188.2509002685547,246.92129516601562,16.3700008392334,3.996999979019165,87.41516876220703,42.81428527832031,146.04090881347656,143.62989807128906,52.28550720214844,153.15919494628906,117.86225128173828,76.97747039794922,44.427860260009766,43.715030670166016,41.19644546508789,114.13668060302734,350.0508117675781,377.5199890136719,50.363555908203125,60.87196350097656,35.57877731323242,27.143983840942383,28.541501998901367
2025-10-27,677.9260864257812,625.1527099609375,189.08750915527344,247.78253173828125,15.789999961853027,3.996999979019165,87.71143341064453,42.9163703918457,148.73707580566406,143.9643096923828,52.50210189819336,154.02923583984375,119.55831146240234,77.10400390625,44.54939270019531,43.69538497924805,41.283382415771484,115.72698974609375,358.823486328125,367.010009765625,51.16572952270508,61.88782501220703,36.1307373046875,27.328081130981445,28.724002838134766
2025-10-28,679.7265625,629.9601440429688,187.46348571777344,246.4560089111328,16.420000076293945,3.9830000400543213,87.94078826904297,42.46912384033203,150.20953369140625,143.05941772460938,52.16737747192383,152.93179321289062,119.58807373046875,76.3351058959961,43.81532669067383,43.75431823730469,40.36575698852539,115.15408325195312,361.983642578125,364.3800048828125,51.6036376953125,61.89778518676758,36.60641098022461,27.288488388061523,28.72896385192871
2025-10-29,680.0531616210938,632.7967529296875,185.36697387695312,244.35733032226562,16.920000076293945,4.058000087738037,87.05201721191406,42.78511428833008,151.2889862060547,141.6135711669922,51.281349182128906,153.32728576660156,118.6011734008789,74.5345230102539,43.800743103027344,42.89484786987305,39.264610290527344,114.86763000488281,367.4665832519531,363.0,51.882301330566406,61.967498779296875,36.68568801879883,27.328081130981445,28.714086532592773
2025-10-30,672.5738525390625,623.1222534179688,184.5697479248047,242.38735961914062,16.90999984741211,4.0929999351501465,86.54551696777344,42.532318115234375,149.42852783203125,141.92832946777344,51.41917037963867,152.9416961669922,115.92316436767578,74.4566650390625,43.61600875854492,42.32023239135742,39.48677062988281,112.92172241210938,362.60174560546875,370.1300048828125,51.4145393371582,61.220542907714844,36.309112548828125,27.149921417236328,28.654573440551758
2025-10-31,674.780029296875,626.1281127929688,184.97328186035156,243.75347900390625,17.440000534057617,4.10099983215332,86.28749084472656,42.84345245361328,149.57278442382812,141.87916564941406,51.5569953918457,153.30751037597656,118.98799896240234,74.24253845214844,43.31460952758789,42.074668884277344,39.5060920715332,113.40573120117188,361.8939208984375,368.1199951171875,51.34487533569336,61.140865325927734,36.291282653808594,27.110326766967773,28.551424026489258
2025-11-03,676.04638671875,629.1240844726562,184.52052307128906,242.97142028808594,17.170000076293945,4.105999946594238,86.0716781616211,42.84830856323242,150.1846466064453,142.07586669921875,51.34041976928711,152.6549530029297,120.10383605957031,73.65856170654297,43.33891677856445,41.81437301635742,39.4384765625,112.20064544677734,364.9643859863281,368.7799987792969,51.48420333862305,61.15083312988281,36.33884811401367,27.21920394897461,28.709125518798828
2025-11-04,668.0328369140625,616.3540649414062,183.30001831054688,238.77406311035156,19.0,4.089000225067139,86.26351165771484,42.38648223876953,146.21998596191406,142.7151641845703,51.606224060058594,150.88519287109375,118.11021423339844,73.96028137207031,43.18335723876953,41.60810089111328,39.54472351074219,111.43019104003906,351.665771484375,362.32000732421875,50.697959899902344,60.47358703613281,35.49652862548828,26.592666625976562,28.059465408325195
2025-11-05,670.3478393554688,620.365234375,184.3728790283203,242.21905517578125,18.010000228881836,4.1570000648498535,85.32357025146484,42.498291015625,146.79205322265625,143.26596069335938,51.78342819213867,151.468505859375,119.54840087890625,73.91162109375,43.19307327270508,41.85366439819336,39.535064697265625,112.03273010253906,358.3848571777344,366.510009765625,50.787532806396484,60.89188003540039,35.62535095214844,26.734207153320312,28.188405990600586
2025-11-06,663.1554565429688,608.8094482421875,183.0736541748047,237.9326171875,19.5,4.0929999351501465,86.09087371826172,42.91150665283203,143.84217834472656,143.54139709472656,51.596378326416016,150.86541748046875,116.78608703613281,73.58069610595703,43.00348663330078,41.647396087646484,39.341880798339844,111.02519989013672,350.0009460449219,366.07000732421875,50.10081100463867,60.27439880371094,34.84248352050781,26.5362491607666,27.906719207763672
2025-11-07,663.808349609375,606.8884887695312,184.60911560058594,239.17994689941406,19.079999923706055,4.0929999351501465,85.90863037109375,43.52891159057617,143.3447265625,143.7380828857422,51.96063232421875,151.59707641601562,116.96957397460938,74.66104888916016,43.6014289855957,42.14834213256836,39.86347961425781,110.73875427246094,347.0401611328125,368.30999755859375,49.96147918701172,60.04533386230469,34.66410827636719,26.375904083251953,27.8759708404541
2025-11-10,674.1666870117188,620.3154296875,185.672119140625,241.5756072998047,17.600000381469727,4.110000133514404,85.88945770263672,43.92267990112305,147.0109405517578,144.85935974121094,52.147682189941406,152.4572296142578,118.5069580078125,74.3885269165039,43.58684539794922,42.54615020751953,39.834503173828125,111.89444732666016,357.67706298828125,378.3800048828125,50.996543884277344,60.98151779174805,35.44895935058594,26.872779846191406,28.344127655029297
2025-11-11,675.7099609375,618.6631469726562,186.7449493408203,241.78350830078125,17.280000686645508,4.119999885559082,86.28269958496094,44.4963264465332,145.7573699951172,148.20346069335938,52.38396072387695,152.4967803955078,118.79955291748047,75.36182403564453,43.61115264892578,42.988162994384766,40.27882385253906,112.80318450927734,349.9610595703125,379.8699951171875,51.01643753051758,61.29423522949219,35.15959548950195,26.867826461791992,28.500839233398438
2025-11-12,676.0859375,618.1754760742188,187.1878662109375,241.18951416015625,17.510000228881836,4.065000057220459,86.4361572265625,43.87406921386719,146.21005249023438,150.3083038330078,52.83681869506836,152.64508056640625,118.00110626220703,75.25475311279297,43.71324157714844,43.292659759521484,39.96006393432617,112.1512680053711,354.4271545410156,385.989990234375,51.08610534667969,61.176719665527344,35.23193359375,26.95195960998535,28.638708114624023
2025-11-13,664.8670043945312,605.5548095703125,185.07171630859375,234.40843200683594,20.0,4.111999988555908,85.72639465332031,43.98588180541992,142.56375122070312,150.2296142578125,52.157527923583984,150.2821044921875,115.05529022216797,75.25475311279297,43.110435485839844,43.00780487060547,39.4384765625,110.56095886230469,343.7503967285156,382.8699951171875,50.20033264160156,60.37398910522461,34.55510330200195,26.56791877746582,28.218162536621094
2025-11-14,664.7581176757812,606.0125732421875,184.39256286621094,235.09149169921875,19.829999923706055,4.1479997634887695,85.23724365234375,44.73453140258789,143.3397674560547,149.33456420898438,51.63575744628906,150.29196166992188,114.50480651855469,75.19635772705078,43.14932632446289,42.61491012573242,39.55438232421875,109.96829986572266,343.909912109375,375.9599914550781,50.39938735961914,60.36403274536133,34.587806701660156,26.430339813232422,28.19832420349121
2025-11-17,658.5648803710938,600.8369140625,181.97128295898438,230.41893005371094,22.3799991607666,4.132999897003174,85.44824981689453,43.91781997680664,141.09628295898438,149.20668029785156,50.651283264160156,148.81883239746094,113.42864990234375,74.71944427490234,43.53823471069336,41.966617584228516,39.29358673095703,109.82012176513672,339.244384765625,371.6499938964844,49.981380462646484,59.97461700439453,34.075477600097656,26.18289566040039,27.88688087463379
2025-11-18,653.0345458984375,593.5213012695312,182.0795440673828,231.121826171875,24.690000534057617,4.123000144958496,85.41947174072266,44.26783752441406,138.8030242919922,150.0820770263672,50.5725212097168,148.15638732910156,111.3358383178711,75.04063415527344,43.37294387817383,42.000999450683594,39.4384765625,110.44242858886719,332.25616455078125,374.3500061035156,49.433990478515625,59.64397048950195,33.69295883178711,26.015621185302734,27.612140655517578
2025-11-19,655.5574340820312,597.0646362304688,181.52835083007812,231.08221435546875,23.65999984741211,4.132999897003174,85.246826171875,43.69419479370117,139.76808166503906,149.82635498046875,50.759578704833984,148.6507568359375,111.34078979492188,74.46639251708984,43.00834655761719,42.109046936035156,39.12937927246094,109.83000183105469,338.3870849609375,374.9599914550781,49.83209228515625,59.67683029174805,33.89016342163086,25.991865158081055,27.61808967590332
2025-11-20,645.5652465820312,582.9310302734375,179.31373596191406,226.8056640625,26.420000076293945,4.105999946594238,85.58252716064453,43.198333740234375,135.38058471679688,148.93130493164062,50.31656265258789,146.1592254638672,109.679443359375,75.00169372558594,42.789581298828125,41.480411529541016,38.99414825439453,108.62492370605469,324.091552734375,374.8500061035156,48.90651321411133,58.750606536865234,33.01513671875,25.493009567260742,27.112245559692383
2025-11-21,651.995849609375,587.310546875,182.83743286132812,233.2303924560547,23.43000030517578,4.063000202178955,85.84149169921875,43.4705696105957,135.9029083251953,152.06887817382812,50.86786651611328,147.93887329101562,111.83175659179688,75.81927490234375,42.852783203125,42.40863800048828,39.5060920715332,110.53132629394531,325.1183776855469,374.2699890136719,49.244895935058594,59.501548767089844,32.98838424682617,25.67513656616211,27.36020851135254
2025-11-24,661.59228515625,602.3298950195312,183.59530639648438,237.4871368408203,20.520000457763672,4.038000106811523,86.33065795898438,43.349037170410156,139.14129638671875,152.70819091796875,51.084449768066406,148.3046875,113.32450866699219,74.94329071044922,43.33891677856445,42.49212646484375,39.56404113769531,111.62774658203125,338.06805419921875,380.20001220703125,50.22024154663086,60.682735443115234,33.810882568359375,25.92258644104004,27.553621292114258
2025-11-25,667.8151245117188,606.0425415039062,186.20359802246094,242.66453552246094,18.559999465942383,4.001999855041504,86.5512466430664,43.07680130004883,139.51438903808594,156.16050720214844,51.724361419677734,150.20298767089844,115.74958038330078,75.97499084472656,43.17362976074219,43.125675201416016,39.88279724121094,112.90196990966797,338.955322265625,380.0799865722656,50.53490447998047,61.35000991821289,33.997222900390625,26.116771697998047,27.999954223632812
2025-11-26,672.4254760742188,611.3973999023438,187.50283813476562,244.81272888183594,17.190000534057617,3.997999906539917,86.93489837646484,43.40251159667969,141.1658935546875,155.81625366210938,52.12799835205078,151.0730438232422,116.54307556152344,76.80229187011719,43.74726867675781,43.65609359741211,40.05665969848633,113.06000518798828,346.63140869140625,383.1199951171875,50.94316482543945,61.67867660522461,34.55327224731445,26.451656341552734,28.277671813964844
2025-11-28,676.0958251953125,616.3540649414062,188.5166473388672,246.2481231689453,16.350000381469727,4.017000198364258,86.52246856689453,43.971290588378906,142.3796844482422,155.0589141845703,52.50210189819336,151.95298767089844,117.26712799072266,77.25000762939453,44.05839538574219,43.90657043457031,40.249847412109375,113.9786376953125,351.187255859375,387.8800048828125,51.08256912231445,62.16668701171875,34.76042556762695,26.535869598388672,28.426450729370117
2025-12-01,673.0090942382812,614.2838134765625,187.22723388671875,243.14959716796875,17.239999771118164,4.0960001945495605,85.44537353515625,44.39423370361328,142.44435119628906,152.73768615722656,52.06892776489258,149.7284393310547,117.33656311035156,77.17213439941406,43.02779006958008,43.798519134521484,39.689613342285156,113.44523620605469,351.8651428222656,389.75,50.953128814697266,61.937618255615234,34.95866394042969,26.521005630493164,28.376855850219727
2025-12-02,674.2557373046875,619.0911865234375,187.05007934570312,242.7041473388672,16.59000015258789,4.085999965667725,85.48388671875,43.82059097290039,143.91183471679688,151.822998046875,52.01970291137695,151.03347778320312,117.25720977783203,76.66602325439453,42.721527099609375,43.40071105957031,39.59302520751953,113.82059478759766,358.3150634765625,387.239990234375,51.08256912231445,62.1766471862793,35.083553314208984,26.58738899230957,28.43636703491211
2025-12-03,676.5905151367188,620.6040649414062,188.47727966308594,247.11927795410156,16.079999923706055,4.057000160217285,85.72451782226562,44.64216995239258,144.25506591796875,152.53115844726562,52.718685150146484,152.4671173095703,118.52183532714844,76.72442626953125,42.585411071777344,43.70520782470703,39.670291900634766,113.72181701660156,363.23974609375,386.8800048828125,51.14231872558594,62.365875244140625,35.27583694458008,26.78059196472168,28.70119285583496
2025-12-04,677.085205078125,620.0267944335938,188.5363311767578,249.28726196289062,15.779999732971191,4.107999801635742,85.26248931884766,44.831764221191406,144.79232788085938,151.3705291748047,52.82697677612305,153.258056640625,118.10029602050781,76.35457611083984,42.497901916503906,43.44982147216797,39.60268020629883,114.37374877929688,360.47833251953125,387.1300048828125,51.21201705932617,62.34595489501953,35.315486907958984,27.028284072875977,28.743839263916016
2025-12-05,678.3712768554688,622.554931640625,188.979248046875,248.24781799316406,15.40999984741211,4.138999938964844,84.86785125732422,44.64702224731445,145.8518829345703,150.74105834960938,52.84666442871094,152.83291625976562,118.75491333007812,76.36430358886719,42.09926986694336,43.30739212036133,39.59302520751953,115.69735717773438,363.28961181640625,386.44000244140625,51.31159591674805,62.5650634765625,35.493896484375,26.859851837158203,28.843027114868164
2025-12-08,676.3333129882812,621.3605346679688,187.8473358154297,248.34681701660156,16.65999984741211,4.171999931335449,84.58870697021484,44.160888671875,146.8766326904297,148.94113159179688,52.6497688293457,152.64508056640625,117.0290756225586,75.73167419433594,41.53535842895508,42.708221435546875,39.35154724121094,114.83799743652344,367.4067687988281,385.4200134277344,51.34147262573242,62.16668701171875,35.711952209472656,26.909393310546875,28.81327247619629
2025-12-09,675.7495727539062,622.126953125,187.49301147460938,248.86158752441406,16.93000030517578,4.185999870300293,84.67535400390625,44.43313217163086,147.26463317871094,147.49530029296875,52.45287322998047,151.52784729003906,117.01917266845703,75.90685272216797,41.56452178955078,42.61981964111328,39.119720458984375,114.9664077758789,367.8553771972656,387.3999938964844,51.321556091308594,62.14577102661133,35.76151657104492,26.88957405090332,28.843027114868164
2025-12-10,680.2312622070312,624.6749267578125,190.13084411621094,252.2471923828125,15.770000457763672,4.164000034332275,85.00260925292969,44.899818420410156,147.97100830078125,149.63946533203125,53.053401947021484,154.2961883544922,118.73506927490234,76.13072204589844,41.54507827758789,43.45473098754883,39.19699478149414,115.6380844116211,372.9395751953125,389.04998779296875,51.58045196533203,62.543155670166016,35.96470260620117,27.30569839477539,29.23976707458496
2025-12-11,681.814208984375,622.6544799804688,191.66629028320312,255.20709228515625,14.850000381469727,4.140999794006348,84.88710021972656,44.68592071533203,147.2148895263672,151.05581665039062,54.018192291259766,155.9473114013672,119.20125579833984,76.69522857666016,41.84648132324219,44.31910705566406,39.40949630737305,115.38126373291016,369.7395324707031,393.239990234375,51.48088073730469,62.455509185791016,35.820980072021484,27.216527938842773,29.190174102783203
2025-12-12,674.4832763671875,610.7503662109375,190.36705017089844,251.29684448242188,15.739999771118164,4.193999767303467,84.06893157958984,44.24839401245117,142.95672607421875,151.52792358398438,54.09694290161133,154.968505859375,119.71701049804688,77.29866027832031,41.64230728149414,44.34857940673828,39.361202239990234,115.12445068359375,353.02154541015625,395.44000244140625,50.644439697265625,61.967498779296875,34.740604400634766,26.745912551879883,28.624820709228516
2025-12-15,673.4641723632812,607.6847534179688,190.60328674316406,249.39613342285156,16.5,4.182000160217285,84.1266860961914,43.93726348876953,141.57382202148438,153.5343780517578,54.13632583618164,155.21568298339844,120.73863220214844,77.51278686523438,42.02149200439453,44.31910705566406,39.5157470703125,115.14419555664062,351.8053283691406,395.79998779296875,50.51498794555664,61.857948303222656,34.55228042602539,26.71123695373535,28.81327247619629
2025-12-16,671.6240844726562,608.88916015625,189.26466369628906,248.2161407470703,16.479999542236328,4.14900016784668,84.58870697021484,42.59552001953125,141.83248901367188,151.53775024414062,53.7917594909668,154.2961883544922,120.93699645996094,77.16239929199219,41.84648132324219,44.20124053955078,39.16801834106445,115.22322845458984,350.8482971191406,395.8900146484375,50.475154876708984,61.75835037231445,34.38378143310547,26.55271339416504,28.567293167114258
2025-12-17,664.2338256835938,597.6021118164062,188.7528839111328,245.57406616210938,17.6200008392334,4.151000022888184,84.51172637939453,43.53862762451172,138.67869567871094,151.26235961914062,53.78191375732422,151.7947998046875,119.53848266601562,77.52252197265625,41.57424545288086,44.38787078857422,39.341880798339844,114.39349365234375,338.18768310546875,399.2900085449219,49.64867401123047,61.03131103515625,33.65032196044922,26.176219940185547,28.188405990600586
2025-12-18,669.2496337890625,606.2614135742188,189.1564178466797,247.03416442871094,16.8700008392334,4.116000175476074,84.91596984863281,42.90665054321289,140.8177032470703,151.38038635253906,53.69331359863281,152.78347778320312,121.3436508178711,77.07481384277344,41.982601165771484,44.368221282958984,39.10040283203125,115.04542541503906,346.1728515625,398.57000732421875,50.14655685424805,61.63883590698242,34.235111236572266,26.52298927307129,28.529600143432617
2025-12-19,675.3153686523438,614.164306640625,189.84539794921875,249.1001434326172,14.90999984741211,4.151000022888184,84.59903717041016,42.90665054321289,143.86209106445312,152.39346313476562,53.988651275634766,154.0984649658203,120.85765075683594,76.6757583618164,41.447853088378906,44.564674377441406,38.95551300048828,115.09481048583984,355.125,399.0199890136719,50.79379653930664,62.03721618652344,34.63157653808594,26.701330184936523,28.733924865722656
2025-12-22,679.5224609375,617.1083374023438,191.2525634765625,251.87136840820312,14.079999923706055,4.169000148773193,84.41545104980469,43.35084533691406,144.63829040527344,153.3979949951172,54.651546478271484,155.80682373046875,121.5841293334961,76.40791320800781,41.60164260864258,45.09091567993164,39.244544982910156,115.60615539550781,359.70001220703125,408.2300109863281,51.06265640258789,62.2961540222168,34.889286041259766,26.87966537475586,28.8579044342041
2025-12-23,682.628173828125,619.9984741210938,190.80789184570312,250.3814697265625,14.0,4.169000148773193,84.55072784423828,43.63520812988281,145.42543029785156,153.091796875,54.76021957397461,155.74729919433594,121.4151840209961,76.044921875,41.748573303222656,45.16990280151367,39.23478698730469,116.32955932617188,363.1600036621094,413.6400146484375,51.37134552001953,62.395755767822266,35.00822448730469,27.06791114807129,29.135622024536133
2025-12-24,685.0294799804688,621.812255859375,191.49961853027344,251.00721740722656,13.470000267028809,4.136000156402588,85.06285095214844,43.50773620605469,145.77418518066406,153.89187622070312,55.05659103393555,156.25326538085938,121.83258819580078,76.64337921142578,41.9346923828125,45.25876235961914,39.488670349121094,117.02323150634766,364.1700134277344,411.92999267578125,51.50079345703125,62.60216522216797,35.08751678466797,27.236345291137695,29.302278518676758
2025-12-26,684.9600219726562,621.7724609375,191.5490264892578,249.72592163085938,13.600000381469727,4.136000156402588,84.78263092041016,43.34103775024414,146.00335693359375,154.13880920410156,54.94792175292969,155.96556091308594,121.29593658447266,76.75130462646484,41.90530014038086,45.52533721923828,39.56678771972656,116.9043197631836,365.8599853515625,416.739990234375,51.55060577392578,62.49247741699219,35.42206573486328,27.327739715576172,29.50265884399414
2025-12-29,682.51904296875,618.7626342773438,191.23281860351562,248.19630432128906,14.199999809265137,4.116000175476074,85.10151672363281,43.75288009643555,145.34573364257812,153.9017333984375,54.651546478271484,155.62826538085938,120.10334014892578,76.80036163330078,41.98366928100586,45.160030364990234,39.674198150634766,116.82504272460938,364.2099914550781,398.6000061035156,51.36133575439453,62.34290313720703,35.282249450683594,27.19859504699707,29.43718719482422
2025-12-30,681.685546875,617.3275756835938,190.9264678955078,246.35874938964844,14.329999923706055,4.130000114440918,84.89859008789062,44.08626937866211,144.88739013671875,153.77333068847656,54.513240814208984,155.18182373046875,119.61637115478516,76.67282104492188,42.08162307739258,45.1501579284668,39.7620849609375,117.22142791748047,363.30999755859375,398.8900146484375,51.26171875,62.303016662597656,35.292240142822266,27.238332748413086,29.499683380126953
2025-12-31,676.635009765625,612.2249145507812,189.29595947265625,244.50135803222656,14.949999809265137,4.163000106811523,84.22218322753906,43.841129302978516,143.4525604248047,152.90411376953125,54.108192443847656,153.89210510253906,118.6722412109375,76.21170043945312,41.81714630126953,44.77497100830078,39.40078353881836,116.65658569335938,360.1300048828125,396.30999755859375,50.87321853637695,61.85429382324219,35.152427673339844,27.11912727355957,29.370723724365234
2026-01-02,677.8753051757812,611.0389404296875,190.5806121826172,247.10369873046875,14.510000228881836,4.186999797821045,84.0965576171875,44.76286697387695,143.7813720703125,153.60540771484375,54.266258239746094,156.72946166992188,117.61878967285156,76.22151184082031,42.29712677001953,45.53520584106445,39.430084228515625,115.843994140625,373.29998779296875,398.2799987792969,51.02264404296875,61.923095703125,35.6118049621582,27.7548885345459,30.014522552490234
2026-01-05,682.3900756835938,615.8923950195312,192.3494415283203,251.02708435058594,14.899999618530273,4.164999961853027,84.51206970214844,45.978763580322266,144.10020446777344,153.14117431640625,55.45176315307617,158.5846710205078,119.5567398071289,75.887939453125,41.826942443847656,45.9893798828125,39.478904724121094,116.68630981445312,377.5899963378906,408.760009765625,51.04256820678711,62.22324752807617,35.991294860839844,28.023096084594727,30.41429328918457
2026-01-06,686.4483642578125,621.3040161132812,194.6716766357422,254.35450744628906,14.75,4.178999900817871,84.33812713623047,44.7530517578125,146.1229248046875,156.15382385253906,55.71849822998047,160.7375030517578,120.32198333740234,76.00566864013672,42.032649993896484,46.89771270751953,39.742549896240234,116.27010345458984,387.6199951171875,413.17999267578125,51.241790771484375,62.44261932373047,36.250938415527344,28.251575469970703,30.825969696044922
2026-01-07,684.2356567382812,621.9019775390625,192.48779296875,253.75856018066406,15.380000114440918,4.138000011444092,84.83094787597656,44.252967834472656,146.00335693359375,157.70458984375,54.938045501708984,157.71163940429688,120.15303802490234,75.17174530029297,41.013912200927734,46.08810806274414,39.19572448730469,116.03226470947266,385.0199890136719,409.2300109863281,51.27167510986328,62.44261932373047,36.19102478027344,28.052900314331055,30.681140899658203
2026-01-08,684.1661987304688,618.3639526367188,194.13807678222656,256.5297546386719,15.449999809265137,4.183000087738037,84.4057846069336,45.64537048339844,143.72158813476562,156.18345642089844,55.22454071044922,158.9021453857422,122.16055297851562,76.95733642578125,41.1314582824707,46.89771270751953,39.488670349121094,116.41874694824219,378.9800109863281,411.489990234375,50.9827995300293,62.3728141784668,35.6118049621582,28.023096084594727,30.452980041503906
2026-01-09,688.6908569335938,624.5230712890625,195.26458740234375,258.4765625,14.489999771118164,4.171000003814697,84.96622467041016,45.76303482055664,145.62472534179688,155.3833770751953,55.05659103393555,160.64817810058594,123.64134979248047,77.75202178955078,41.64082336425781,47.648075103759766,39.54725646972656,116.84486389160156,389.2200012207031,414.4700012207031,51.371299743652344,62.849464416503906,36.28090286254883,28.3310489654541,30.964845657348633
2026-01-12,689.7723999023438,625.041259765625,195.4424591064453,259.73797607421875,15.119999885559082,4.186999797821045,84.7149887084961,45.439456939697266,146.26242065429688,155.45252990722656,54.621910095214844,161.87838745117188,123.75065612792969,78.66444396972656,41.70939636230469,47.90477752685547,39.664432525634766,116.48811340332031,390.6600036621094,422.2300109863281,51.54064178466797,62.99106216430664,36.53554916381836,28.768131256103516,31.22772216796875
2026-01-13,688.3931884765625,624.114501953125,195.4424591064453,259.5890197753906,15.979999542236328,4.171000003814697,84.85993194580078,46.08662796020508,145.9535369873047,154.8203582763672,53.57471466064453,162.7117156982422,123.44258117675781,79.57686614990234,41.973873138427734,48.11211395263672,39.967140197753906,115.83407592773438,391.5299987792969,421.6300048828125,51.590450286865234,62.94120407104492,36.361785888671875,28.60918617248535,31.029327392578125
2026-01-14,685.0095825195312,617.4471435546875,196.3318328857422,261.4165954589844,16.75,4.139999866485596,85.35273742675781,47.12602996826172,144.179931640625,155.9266357421875,53.495689392089844,162.96969604492188,121.49469757080078,80.67569732666016,42.28732681274414,48.13186264038086,40.416324615478516,115.58633422851562,388.3500061035156,425.94000244140625,51.25176239013672,62.70188522338867,36.0711784362793,28.658859252929688,31.029327392578125
2026-01-15,686.8750610351562,619.6696166992188,197.20143127441406,263.7209777832031,15.84000015258789,4.159999847412109,85.33341979980469,46.68477249145508,144.9372100830078,155.03765869140625,53.7130241394043,164.46771240234375,121.9419174194336,80.81304931640625,42.71833419799805,48.33919906616211,40.71902847290039,115.16022491455078,396.4100036621094,423.3299865722656,51.311527252197266,62.60216522216797,36.550540924072266,28.93700408935547,31.276329040527344
2026-01-16,686.2994995117188,619.1513671875,196.6974639892578,263.96929931640625,15.859999656677246,4.230999946594238,84.84061431884766,46.76321792602539,145.09661865234375,153.83261108398438,53.78218078613281,165.578857421875,121.54438781738281,80.5579605102539,42.502830505371094,48.06275177001953,41.2170295715332,114.12960815429688,400.3900146484375,421.2900085449219,51.33143997192383,62.49048614501953,36.71031188964844,28.917137145996094,31.406280517578125
2026-01-20,672.32861328125,605.9961547851562,193.76255798339844,260.8106994628906,20.09000015258789,4.295000076293945,83.7293701171875,46.674964904785156,141.3302001953125,153.49676513671875,52.55716323852539,162.23553466796875,118.384033203125,80.80323791503906,42.08162307739258,47.57896423339844,40.42608642578125,112.4449691772461,390.3900146484375,437.2300109863281,50.195838928222656,61.44545364379883,35.6118049621582,28.3310489654541,30.62261199951172
2026-01-21,680.0880737304688,614.1883544921875,197.04330444335938,265.985595703125,16.899999618530273,4.252999782562256,84.36711883544922,47.802616119384766,143.2931365966797,156.3217315673828,52.814022064208984,165.0431365966797,120.64994049072266,80.8817367553711,42.14039611816406,48.61565399169922,40.57255554199219,113.594482421875,401.92999267578125,443.6000061035156,50.81344223022461,62.21327209472656,36.11112594604492,28.68865966796875,31.029327392578125
2026-01-22,683.6403198242188,618.6530151367188,197.3002471923828,267.9721374511719,15.640000343322754,4.249000072479248,84.73432159423828,47.959510803222656,144.35928344726562,156.35137939453125,53.159793853759766,164.18994140625,121.86241912841797,80.71493530273438,41.836734771728516,48.89209747314453,40.172203063964844,115.19985961914062,402.82000732421875,451.7900085449219,51.08241271972656,62.712852478027344,36.50060272216797,28.986675262451172,31.29715919494629
2026-01-23,683.8883056640625,620.6063842773438,196.4207763671875,263.02569580078125,16.09000015258789,4.238999843597412,84.96622467041016,48.234066009521484,144.5685272216797,155.55128479003906,52.428733825683594,162.92007446289062,122.36925506591797,81.34284210205078,41.68980407714844,49.33639144897461,40.27961730957031,115.9034423828125,400.0899963378906,458.0,51.237884521484375,62.80160140991211,36.94208526611328,29.231258392333984,31.613605499267578
2026-01-26,687.3612670898438,623.337158203125,196.8852081298828,262.2012939453125,16.149999618530273,4.2129998207092285,85.37206268310547,48.263484954833984,145.5549774169922,156.1636962890625,52.76462936401367,163.07879638671875,121.56426239013672,81.21529388427734,41.99346160888672,49.3956298828125,40.25032043457031,116.70612335205078,398.82000732421875,464.70001220703125,51.53688049316406,63.2882194519043,37.35560607910156,29.34062957763672,31.634437561035156
2026-01-27,690.0997924804688,628.9878540039062,196.578857421875,262.94622802734375,16.350000381469727,4.2230000495910645,84.84061431884766,48.70473861694336,147.51791381835938,153.546142578125,52.35958480834961,163.75341796875,121.93196868896484,81.58811950683594,42.542015075683594,49.34626770019531,40.27961730957031,115.843994140625,407.25,476.1000061035156,51.94550704956055,63.76885223388672,38.0657844543457,29.907358169555664,32.24946975708008
2026-01-28,690.0303344726562,631.0707397460938,195.9167938232422,261.5258483886719,16.350000381469727,4.250999927520752,84.64734649658203,49.077354431152344,148.6936492919922,152.4201202392578,52.34970474243164,162.84071350097656,121.01765441894531,80.76399230957031,42.444061279296875,49.316646575927734,39.88902282714844,115.69534301757812,416.6300048828125,494.55999755859375,52.09500503540039,63.888511657714844,38.223602294921875,29.847702026367188,32.264347076416016
2026-01-29,688.6610717773438,627.2935791015625,196.17372131347656,261.59539794921875,16.8799991607666,4.2270002365112305,84.66667938232422,49.52841567993164,146.34214782714844,151.93612670898438,52.90293502807617,164.54710388183594,120.44124603271484,80.57758331298828,42.444061279296875,49.36601257324219,40.396785736083984,118.70787811279297,417.5199890136719,495.8999938964844,51.497013092041016,63.39990234375,37.36659622192383,29.698564529418945,32.1651496887207
2026-01-30,686.607177734375,619.7592163085938,195.73892211914062,257.90045166015625,17.440000534057617,4.241000175476074,84.19318389892578,50.057918548583984,143.36289978027344,152.84486389160156,52.79426193237305,164.13043212890625,120.4213638305664,81.93150329589844,42.365692138671875,48.64527130126953,40.455379486083984,118.9952621459961,403.4599914550781,444.95001220703125,51.287723541259766,63.03094482421875,36.69038009643555,29.14177894592285,31.673126220703125
2026-02-02,690.0204467773438,624.0147705078125,196.7468719482422,260.41339111328125,16.34000015258789,4.275000095367432,83.95262908935547,49.077354431152344,144.73789978027344,153.783203125,53.377132415771484,166.203857421875,121.21642303466797,82.90278625488281,41.748573303222656,49.020450592041016,39.99643325805664,118.5889663696289,407.9700012207031,427.1300048828125,51.51695251464844,63.69905090332031,37.05696105957031,29.3306884765625,31.98163414001465
2026-02-03,684.18603515625,614.4274291992188,196.22312927246094,261.0093688964844,18.0,4.27400016784668,84.15633392333984,50.665870666503906,141.56936645507812,152.21270751953125,52.883174896240234,167.6027069091797,120.24247741699219,84.24689483642578,42.355899810791016,50.05713653564453,39.84996795654297,116.67639923095703,397.67999267578125,454.2900085449219,50.889060974121094,63.240352630615234,36.2978401184082,29.27103042602539,31.790178298950195
2026-02-04,680.8719482421875,603.6939697265625,197.93267822265625,258.76458740234375,18.639999389648438,4.275000095367432,83.94293975830078,51.80332946777344,137.62359619140625,154.11904907226562,53.307979583740234,168.0491485595703,119.35797882080078,85.3457260131836,42.19916915893555,51.2320442199707,40.48467254638672,115.74488830566406,382.0199890136719,453.9700012207031,50.54023361206055,63.02097702026367,35.68854522705078,29.002580642700195,31.4747257232666
2026-02-05,672.3683471679688,595.0036010742188,196.21324157714844,254.106201171875,21.770000457763672,4.210000038146973,84.85472106933594,51.19538116455078,135.1425323486328,152.94363403320312,52.64607620239258,167.03721618652344,116.78397369384766,85.27704620361328,42.21875762939453,49.85967254638672,40.26008224487305,115.16022491455078,381.07000732421875,441.8800048828125,49.862510681152344,62.22324752807617,35.308982849121094,28.89320945739746,31.317001342773438
2026-02-06,685.267578125,607.580810546875,199.8695068359375,263.2342834472656,20.3700008392334,4.205999851226807,84.91292572021484,52.215171813964844,140.62277221679688,155.7784881591797,53.60435485839844,171.80914306640625,117.26100158691406,86.27776336669922,42.46364974975586,50.85686492919922,41.0022087097168,114.71428680419922,401.6499938964844,455.4599914550781,51.198020935058594,63.0508918762207,36.717350006103516,29.748279571533203,32.33378982543945
2026-02-09,688.57177734375,612.2349243164062,199.9881134033203,265.0817565917969,17.360000610351562,4.197999954223633,84.89351654052734,52.597591400146484,142.8347930908203,154.405517578125,53.28822326660156,172.3250274658203,116.82373809814453,85.77740478515625,42.59099197387695,51.51837158203125,41.2560920715332,115.82415771484375,406.6499938964844,467.0299987792969,51.676414489746094,63.3699836730957,37.22675704956055,30.09626579284668,32.80497741699219
2026-02-10,686.7559204101562,609.3945922851562,200.6995849609375,264.3665771484375,17.790000915527344,4.146999835968018,85.87321472167969,52.53875732421875,142.0376739501953,153.4276123046875,52.90293502807617,172.5333709716797,117.59891510009766,85.50270080566406,43.29627227783203,52.23911666870117,41.832210540771484,116.51783752441406,404.760009765625,462.3999938964844,51.56678771972656,63.19049835205078,37.346622467041016,30.265291213989258,32.93790817260742
2026-02-11,686.5972290039062,611.0289916992188,201.0553436279297,263.1647644042969,17.649999618530273,4.171999931335449,85.41732025146484,53.91154479980469,142.45616149902344,154.3363494873047,52.102725982666016,173.4560089111328,117.03244018554688,86.72907257080078,43.67829513549805,52.94010925292969,41.79315185546875,115.68543243408203,414.7799987792969,467.6300048828125,51.72624969482422,63.280235290527344,37.62629699707031,30.742536544799805,33.5092887878418
2026-02-12,675.9901123046875,598.6013793945312,198.4168701171875,257.7912292480469,20.81999969482422,4.104000091552734,86.55221557617188,52.93097686767578,138.70968627929688,154.08941650390625,51.06541061401367,171.38253784179688,115.4124984741211,87.52376556396484,44.32480239868164,52.160133361816406,41.86150360107422,113.60440063476562,406.1099853515625,451.3900146484375,50.819297790527344,62.1534423828125,36.82722091674805,30.225522994995117,33.05793762207031
2026-02-13,676.46630859375,599.876953125,200.4722900390625,261.18817138671875,20.600000381469727,4.056000232696533,87.02751159667969,53.29378890991211,139.05841064453125,155.73898315429688,51.02589416503906,172.7913055419922,115.46219635009766,87.8180923461914,45.54924011230469,52.6340446472168,42.476688385009766,113.5449447631836,407.7200012207031,462.6199951171875,50.669795989990234,62.08363723754883,36.90713119506836,30.40448760986328,33.286094665527344
2026-02-17,677.5578002929688,599.2590942382812,200.12643432617188,261.26763916015625,20.290000915527344,4.052000045776367,87.17300415039062,52.70545196533203,138.9786834716797,155.44264221191406,51.569252014160156,173.69412231445312,115.32306671142578,86.53285217285156,45.431697845458984,52.031776428222656,42.906333923339844,113.36656951904297,407.510009765625,448.20001220703125,50.74952697753906,62.01383590698242,36.99702453613281,30.245407104492188,33.178958892822266
2026-02-18,680.9711303710938,603.7338256835938,201.16404724121094,262.2112121582031,19.6200008392334,4.078999996185303,86.84320831298828,53.71543502807617,140.403564453125,155.73898315429688,51.954532623291016,173.6544189453125,116.2969970703125,86.3758773803711,44.67744064331055,52.347721099853516,42.3302116394043,113.55484771728516,412.54998779296875,458.2799987792969,51.08838653564453,62.322959899902344,37.27669906616211,30.344833374023438,33.35652160644531
2026-02-19,679.1751708984375,601.4216918945312,200.73910522460938,262.8171081542969,20.229999542236328,4.074999809265137,86.93051147460938,54.107662200927734,139.70606994628906,155.333984375,51.51985549926758,174.94412231445312,115.5218276977539,86.01287078857422,45.16722106933594,52.160133361816406,42.18374252319336,114.09988403320312,410.20001220703125,459.55999755859375,50.93888854980469,62.163414001464844,37.08692169189453,30.265291213989258,33.2563362121582
2026-02-20,684.0868530273438,606.7435913085938,201.67788696289062,262.8270568847656,19.09000015258789,4.085999965667725,86.72679901123047,53.81349182128906,140.3736572265625,154.89938354492188,51.85574722290039,175.82708740234375,116.72434997558594,86.22871398925781,45.382720947265625,52.28847885131836,42.535274505615234,115.74488830566406,415.0299987792969,468.6199951171875,51.244022369384766,62.68193817138672,37.313697814941406,30.72901153564453,33.7275276184082
2026-02-23,677.1013793945312,599.3687133789062,199.46435546875,258.7347717285156,21.010000228881836,4.0289998054504395,87.0468978881836,54.0782470703125,138.0221405029297,156.59829711914062,50.11701202392578,173.4460906982422,114.27954864501953,87.28829193115234,45.725563049316406,52.28847885131836,42.58409881591797,114.31790161132812,412.8800048828125,481.2799987792969,50.994728088378906,62.243186950683594,37.12388229370117,30.629501342773438,33.63825225830078
2026-02-24,682.0228881835938,605.8068237304688,201.0553436279297,261.5556335449219,19.549999237060547,4.0329999923706055,87.20210266113281,54.029212951660156,139.81568908691406,155.93650817871094,50.363990783691406,175.57907104492188,116.01873779296875,88.04373931884766,46.23493576049805,52.68341064453125,42.701271057128906,115.11067199707031,419.1600036621094,474.6099853515625,51.43348693847656,62.791629791259766,37.743282318115234,31.13701057434082,34.29692840576172
2026-02-25,687.7780151367188,614.5868530273438,201.17391967773438,262.7972106933594,17.93000030517578,4.047999858856201,87.21179962158203,53.803688049316406,142.49600219726562,155.8970184326172,51.24323654174805,174.20999145507812,116.36656951904297,87.32754516601562,46.391658782958984,52.387210845947266,42.418094635009766,115.44760131835938,426.1600036621094,473.4200134277344,51.87223434448242,63.330101013183594,38.462581634521484,31.385787963867188,34.55087661743164
2026-02-26,683.957763671875,607.1721801757812,202.31031799316406,264.1977233886719,18.6299991607666,4.017000198364258,87.56098937988281,53.98019027709961,140.50318908691406,155.4920196533203,51.86561965942383,175.30128479003906,116.32682037353516,87.18037414550781,46.21533966064453,52.327972412109375,42.6036262512207,115.66561889648438,412.010009765625,477.4800109863281,51.23405456542969,63.01100540161133,37.84318923950195,31.13701057434082,34.32271957397461
2026-02-27,680.6734619140625,605.228759765625,202.5474853515625,259.64862060546875,19.860000610351562,3.9619998931884766,88.09449005126953,54.83327865600586,138.26129150390625,158.23797607421875,50.808555603027344,175.73779296875,116.13799285888672,88.30863952636719,46.754093170166016,52.73277282714844,42.80868911743164,116.98360443115234,406.3699951171875,483.75,50.78533172607422,62.80160140991211,37.20380783081055,31.08725357055664,34.38223648071289
2026-03-02,681.0604248046875,606.0260620117188,202.17196655273438,262.0324401855469,21.440000534057617,4.047999858856201,87.2098388671875,55.9315185546875,139.03846740722656,156.58843994140625,50.68012237548828,177.48387145996094,114.7068862915039,87.03321075439453,46.40145492553711,52.57480239868164,42.88680648803711,116.80522918701172,406.3900146484375,490.0,50.85512924194336,62.70188522338867,37.15385437011719,30.569795608520508,33.62833023071289
2026-03-03,675.057373046875,599.5381469726562,199.69163513183594,257.4931945800781,23.56999969482422,4.056000232696533,87.03466796875,55.4216194152832,137.0058135986328,154.8203582763672,50.59121322631836,174.05125427246094,113.6534423828125,86.08155059814453,46.10758972167969,51.281410217285156,42.67198181152344,116.8944091796875,391.05999755859375,468.1400146484375,50.27677917480469,61.993896484375,36.174808502197266,29.256248474121094,32.20978927612305
2026-03-04,679.8201904296875,608.677001953125,200.49208068847656,259.9962463378906,21.149999618530273,4.079999923706055,86.76215362548828,55.0980339050293,139.33740234375,155.12655639648438,50.87770080566406,174.57705688476562,115.6708984375,85.51251220703125,46.30350112915039,51.261661529541016,42.73056411743164,117.71691131591797,399.1000061035156,471.79998779296875,50.59586715698242,62.285072326660156,36.62437438964844,29.624441146850586,32.864501953125
2026-03-05,676.0297241210938,606.8432006835938,198.16983032226562,255.02993774414062,23.75,4.145999908447266,86.41180419921875,55.38240051269531,139.67617797851562,152.02500915527344,50.61096954345703,170.69801330566406,115.82991027832031,83.79559326171875,45.94106674194336,50.185489654541016,42.32044982910156,117.37007904052734,395.3500061035156,466.1300048828125,50.406410217285156,61.76454544067383,36.33464813232422,28.967668533325195,31.892356872558594
2026-03-06,667.1688842773438,597.71435546875,195.80807495117188,249.19949340820312,29.489999771118164,4.132999897003174,86.09064483642578,55.47064971923828,136.7965545654297,150.82981872558594,49.95894241333008,168.59478759765625,113.73294830322266,84.1585922241211,45.784339904785156,49.227787017822266,41.88103103637695,116.39893341064453,380.55999755859375,473.510009765625,49.58873748779297,60.91695785522461,35.56540298461914,28.589523315429688,31.28724479675293
2026-03-09,673.0133056640625,605.6972045898438,196.36146545410156,251.9110870361328,25.5,4.136000156402588,86.84002685546875,55.22550582885742,139.2576904296875,152.3707275390625,49.72184371948242,169.58688354492188,113.88201904296875,84.34500122070312,45.892086029052734,49.35614013671875,41.96891403198242,116.4980239868164,394.3699951171875,472.5299987792969,50.2867546081543,61.60499572753906,36.284698486328125,29.06717872619629,31.95186996459961
2026-03-10,671.9317626953125,605.7071533203125,194.8890838623047,251.65283203125,24.93000030517578,4.136000156402588,85.91545867919922,54.51949691772461,139.2576904296875,151.27430725097656,49.45510482788086,168.67416381835938,113.73294830322266,84.0997314453125,45.6080207824707,49.24753189086914,41.91032791137695,116.31964874267578,397.3299865722656,477.8599853515625,50.2568359375,61.53519821166992,36.31467056274414,29.077129364013672,31.832834243774414
2026-03-11,671.08837890625,605.6273803710938,194.2467803955078,251.14630126953125,24.229999542236328,4.208000183105469,84.80599975585938,55.8726806640625,139.92527770996094,150.97799682617188,49.040184020996094,168.1483612060547,113.43479919433594,82.99108123779297,45.225990295410156,49.208038330078125,41.41232681274414,115.94308471679688,401.0299987792969,476.239990234375,50.366519927978516,61.7346305847168,36.51447677612305,29.1169376373291,31.941951751708984
2026-03-12,660.89794921875,595.2327880859375,191.24269104003906,245.74295043945312,27.290000915527344,4.2729997634887695,84.64054870605469,56.39237976074219,137.34458923339844,148.32093811035156,48.23997116088867,163.93202209472656,110.83098602294922,82.65751647949219,45.54924011230469,49.05006790161133,41.14867401123047,114.22870635986328,388.1300048828125,466.8800048828125,49.498992919921875,60.69757843017578,35.69527053833008,28.33079719543457,31.15828514099121
2026-03-13,657.1571655273438,591.7047729492188,191.23281860351562,244.92845153808594,27.190000534057617,4.284999847412109,84.22207641601562,56.57868957519531,136.30833435058594,147.95547485351562,48.29924392700195,163.34666442871094,110.17506408691406,83.13825225830078,45.99983596801758,48.566280364990234,41.2560920715332,113.4161148071289,387.3299865722656,460.8399963378906,49.02035903930664,60.23887634277344,35.31564712524414,28.171579360961914,30.860687255859375
2026-03-16,663.844970703125,598.3422241210938,192.6558074951172,247.24276733398438,23.510000228881836,4.21999979019165,84.87411499023438,56.77480697631836,138.2812042236328,149.16053771972656,48.704288482666016,164.74551391601562,111.50678253173828,83.37371826171875,46.293701171875,48.773624420166016,41.57832717895508,114.28817749023438,393.9200134277344,460.42999267578125,49.59871292114258,60.924930572509766,35.96501159667969,28.72884178161621,31.45092010498047
2026-03-17,665.5912475585938,601.2623291015625,193.73291015625,248.80694580078125,22.3700008392334,4.202000141143799,85.10770416259766,57.372947692871094,139.03846740722656,147.80731201171875,48.961151123046875,165.18202209472656,112.48072814941406,83.09900665283203,46.16636276245117,48.89209747314453,41.715030670166016,114.32780456542969,396.8800048828125,459.2699890136719,49.68845748901367,61.20613098144531,36.19478988647461,28.917909622192383,31.600709915161133
2026-03-18,656.3037719726562,592.880859375,191.1833953857422,244.79698181152344,25.09000015258789,4.258999824523926,84.63080596923828,57.29450225830078,137.46417236328125,145.3379364013672,48.37827682495117,163.87246704101562,109.88685607910156,81.07794189453125,45.774539947509766,47.86528396606445,41.031497955322266,112.63326263427734,393.6700134277344,444.739990234375,49.02035903930664,60.428340911865234,35.595375061035156,28.350698471069336,30.994606018066406
2026-03-19,654.6864013671875,591.0071411132812,191.03517150878906,246.3989715576172,24.059999465942383,4.281000137329102,85.1466293334961,58.20642852783203,137.93246459960938,144.81442260742188,48.39803695678711,162.76132202148438,109.02223205566406,80.42060852050781,45.58842849731445,47.13467025756836,40.93385314941406,112.11795043945312,394.9200134277344,426.4100036621094,48.87078094482422,60.298709869384766,35.55541229248047,28.24123764038086,30.88052749633789
2026-03-20,645.301025390625,580.0843505859375,188.22872924804688,241.01588439941406,26.780000686645508,4.390999794006348,83.53108978271484,58.15740203857422,134.8037567138672,143.5500946044922,48.4869499206543,160.3902587890625,107.0743408203125,79.75346374511719,43.7370719909668,46.384307861328125,39.63513946533203,111.21617889404297,384.739990234375,413.3800048828125,48.023197174072266,59.39427947998047,34.58635330200195,27.42524528503418,29.9044132232666
2026-03-23,652.07666015625,586.7431640625,190.2353973388672,246.21986389160156,26.149999618530273,4.334000110626221,84.07608032226562,58.853214263916016,136.62745666503906,143.58482360839844,48.92485809326172,162.2138671875,109.65948486328125,80.0938491821289,44.171085357666016,47.15585708618164,39.9310302734375,112.04825592041016,391.3599853515625,404.0400085449219,48.55168914794922,60.0793342590332,35.47548294067383,28.13177490234375,30.677169799804688
2026-03-24,649.8877563476562,582.731689453125,190.46365356445312,247.5432586669922,26.950000762939453,4.392000198364258,83.70626831054688,60.047454833984375,135.82933044433594,143.60464477539062,48.93478775024414,163.1589813232422,109.22132110595703,80.02478790283203,44.47686767578125,48.048397064208984,39.606632232666016,110.4775390625,394.5899963378906,404.1300048828125,48.40802764892578,59.78018569946289,35.122764587402344,28.028186798095703,30.607730865478516
2026-03-25,653.5093994140625,586.5635375976562,191.38661193847656,250.5681610107422,25.329999923706055,4.328000068664551,84.51403045654297,59.78097152709961,136.43789672851562,145.04278564453125,48.99436569213867,164.25335693359375,110.26693725585938,80.41943359375,44.63469314575195,49.00044250488281,39.586971282958984,110.78572082519531,399.0199890136719,416.2900085449219,48.687381744384766,59.97263717651367,35.404544830322266,28.37779426574707,30.850767135620117
2026-03-26,641.8385620117188,572.5634765625,189.63003540039062,246.20993041992188,27.440000534057617,4.415999889373779,83.80358123779297,60.718597412109375,132.18792724609375,144.54685974121094,48.706398010253906,160.4429931640625,108.3748779296875,80.05438232421875,44.71360778808594,48.6830940246582,39.606632232666016,108.17115783691406,380.8399963378906,400.6400146484375,47.6497802734375,58.7485466003418,34.28341293334961,27.33097267150879,29.854938507080078
2026-03-27,630.8939819335938,561.37744140625,187.0299072265625,241.89151000976562,31.049999237060547,4.440000057220459,83.34617614746094,61.74504852294922,129.614013671875,142.087158203125,47.4750862121582,158.3835906982422,105.23805236816406,80.68582153320312,44.97007369995117,48.50458526611328,39.33137893676758,106.41155242919922,374.25,414.70001220703125,46.92145919799805,57.81998825073242,33.683876037597656,27.291128158569336,29.638845443725586
2026-03-30,628.78466796875,557.0867309570312,186.64288330078125,238.41883850097656,30.610000610351562,4.3420000076293945,84.45564270019531,61.152862548828125,127.19971466064453,142.64259338378906,48.02123260498047,155.806884765625,105.2181396484375,80.78447723388672,45.29558181762695,48.6830940246582,39.527984619140625,107.3261489868164,362.5299987792969,414.5799865722656,46.54233932495117,57.37068557739258,33.15428924560547,27.07200050354004,29.391878128051758
2026-03-31,647.0620727539062,575.9462280273438,190.46365356445312,246.7671356201172,25.25,4.310999870300293,84.36805725097656,60.46198272705078,132.5869903564453,145.4097442626953,49.0241584777832,160.90061950683594,108.52425384521484,80.88314056396484,45.2659912109375,49.5557975769043,40.137474060058594,110.20912170410156,383.3999938964844,430.2900085449219,48.04885482788086,59.2277946472168,34.64312744140625,28.08795166015625,30.526126861572266
2026-04-01,651.9373779296875,583.06103515625,191.07894897460938,248.3193817138672,24.540000915527344,4.318999767303467,84.28499603271484,58.201812744140625,134.59225463867188,146.52056884765625,49.093666076660156,163.58677673339844,109.3408203125,80.37010192871094,45.483001708984375,50.0417366027832,40.255435943603516,110.5868911743164,391.9700012207031,437.82000732421875,48.52774429321289,59.80690002441406,34.97287368774414,28.396717071533203,31.09972381591797
2026-04-02,652.5244140625,583.7295532226562,191.62477111816406,250.040771484375,23.8700008392334,4.313000202178955,84.80286407470703,58.47816848754883,135.6697235107422,145.6081085205078,49.18303298950195,162.93016052246094,107.69772338867188,80.79434967041016,45.70987319946289,49.99215316772461,40.90424346923828,111.044189453125,392.32000732421875,429.4100036621094,48.49782180786133,59.79291915893555,34.852970123291016,28.197513580322266,30.721311569213867
2026-04-06,655.6088256835938,587.2420654296875,192.44847106933594,251.10546875,24.170000076293945,4.335000038146973,84.66606140136719,58.90256881713867,136.45785522460938,145.08245849609375,49.53058624267578,163.76585388183594,108.58399963378906,81.55404663085938,45.54218292236328,49.80372619628906,41.05169677734375,111.10383605957031,395.9800109863281,427.6499938964844,48.63749313354492,60.036537170410156,35.17272186279297,28.426599502563477,30.995162963867188
2026-04-07,655.8972778320312,587.3319091796875,192.02174377441406,251.65272521972656,25.780000686645508,4.3429999351501465,84.65629577636719,59.376312255859375,137.10630798339844,145.37008666992188,49.53058624267578,163.4375457763672,107.31930541992188,80.17278289794922,45.64082717895508,49.664886474609375,41.01237487792969,111.16348266601562,399.8999938964844,431.80999755859375,48.67740249633789,60.126399993896484,35.322608947753906,28.47640037536621,30.984209060668945
2026-04-08,672.6027221679688,604.7944946289062,196.4578399658203,259.1751403808594,21.040000915527344,4.290999889373779,84.92988586425781,57.29379653930664,141.35629272460938,148.4447021484375,50.841339111328125,169.5659637451172,110.35655975341797,81.67243957519531,46.143890380859375,51.321044921875,41.72016525268555,113.14179992675781,422.9200134277344,434.5299987792969,49.92451858520508,61.72391128540039,36.94135284423828,29.860876083374023,32.63728332519531
2026-04-09,676.4829711914062,608.8856811523438,196.576904296875,260.65771484375,19.489999771118164,4.293000221252441,84.71492004394531,56.58317947387695,141.7353973388672,148.1074676513672,50.970428466796875,171.30699157714844,112.26852416992188,82.3334732055664,46.50886154174805,51.24170684814453,42.005245208740234,113.5990982055664,430.30999755859375,437.9100036621094,50.153987884521484,62.04341506958008,36.771480560302734,29.801116943359375,32.52375793457031
2026-04-10,676.0353393554688,609.7637939453125,195.1577606201172,260.0010070800781,19.229999542236328,4.316999912261963,84.50972747802734,56.19825744628906,142.28408813476562,146.10400390625,50.41434860229492,170.6404266357422,112.41789245605469,81.26792907714844,46.321441650390625,51.529300689697266,42.09371566772461,113.28097534179688,436.8800048828125,437.1300048828125,50.27370834350586,62.02344512939453,37.141197204589844,30.030200958251953,32.7209358215332
2026-04-13,682.641845703125,616.0703735351562,197.3212127685547,263.75225830078125,19.1200008392334,4.296999931335449,84.76378631591797,56.36604309082031,145.26705932617188,146.75860595703125,51.29811477661133,171.84422302246094,113.44358825683594,80.45890045166016,45.759193420410156,51.75739288330078,42.29032897949219,114.1458740234375,443.3399963378906,435.3599853515625,50.79250717163086,62.63249969482422,37.810672760009766,30.239368438720703,32.988807678222656
2026-04-14,690.959716796875,627.2562866210938,198.14491271972656,267.3841552734375,18.360000610351562,4.25600004196167,85.2132339477539,55.22115707397461,147.59156799316406,147.611572265625,51.41727066040039,172.46104431152344,115.95305633544922,80.37996673583984,45.83810806274414,51.57888412475586,42.69337463378906,115.87565612792969,452.0,445.0899963378906,51.51084899902344,63.411285400390625,38.40021514892578,30.787179946899414,33.54448318481445
2026-04-15,696.412109375,636.0375366210938,198.21438598632812,268.05084228515625,18.170000076293945,4.2820000648498535,84.84195709228516,55.033626556396484,149.94601440429688,146.5602569580078,51.80453872680664,170.3021697998047,117.68577575683594,79.97544860839844,45.39422607421875,50.9541130065918,42.673709869384766,116.67095947265625,453.0,440.4599914550781,52.1393928527832,64.2499771118164,38.95978546142578,30.647737503051758,33.400089263916016
2026-04-16,698.1234130859375,639.1009521484375,199.11749267578125,268.6080322265625,17.940000534057617,4.309000015258789,84.3045425415039,55.84294891357422,151.66197204589844,145.4097442626953,51.66551971435547,169.45652770996094,117.13806915283203,80.34049987792969,45.71973419189453,51.321044921875,43.06692886352539,118.13233184814453,454.79998779296875,440.0799865722656,52.26909255981445,64.46963500976562,39.17961120605469,30.607898712158203,33.34033966064453
2026-04-17,706.5607299804688,647.4630126953125,201.6183624267578,274.4090270996094,17.479999542236328,4.245999813079834,85.07645416259766,54.30326843261719,153.98648071289062,147.58181762695312,52.062721252441406,172.62022399902344,119.90644836425781,81.35671997070312,45.53232192993164,51.44996643066406,43.725563049316406,118.40074157714844,464.1600036621094,445.92999267578125,53.07722854614258,65.41815948486328,40.1088981628418,31.225433349609375,33.980655670166016
2026-04-20,705.1477661132812,645.4074096679688,202.25350952148438,275.97125244140625,18.8700008392334,4.25,85.0569076538086,54.35261535644531,154.1959686279297,146.21311950683594,52.26131820678711,173.00820922851562,119.36871337890625,81.28765869140625,45.127899169921875,51.797061920166016,43.882850646972656,118.05279541015625,463.9599914550781,442.0899963378906,52.977455139160156,65.16854858398438,40.1188850402832,30.976428985595703,33.82829666137695
2026-04-21,700.53125,642.9527587890625,201.0129852294922,273.1453857421875,19.5,4.291999816894531,84.58789825439453,55.14219665527344,154.32566833496094,144.72540283203125,51.93362808227539,170.5608367919922,118.47247314453125,80.74501037597656,44.338775634765625,51.34088134765625,43.037437438964844,116.47213745117188,464.6600036621094,429.57000732421875,52.62826156616211,64.75919342041016,40.08890914916992,30.558095932006836,33.141170501708984
2026-04-22,707.6253051757812,653.7096557617188,200.92367553710938,275.1055603027344,18.920000076293945,4.294000148773193,84.7540054321289,55.803470611572266,157.71766662597656,145.181640625,51.844261169433594,170.16287231445312,118.4326400756836,81.01140594482422,44.25986099243164,51.4003791809082,42.722862243652344,117.18790435791016,476.8299865722656,435.260009765625,53.48627853393555,65.87744903564453,41.23801803588867,31.215473175048828,33.838253021240234
2026-04-23,704.8792114257812,650.0275268554688,200.91375732421875,274.15032958984375,19.309999465942383,4.322999954223633,84.56836700439453,56.237735748291016,155.47296142578125,145.04278564453125,51.4371337890625,173.17735290527344,117.24761199951172,82.36308288574219,45.46327209472656,51.38054656982422,43.21438217163086,116.70077514648438,481.8500061035156,431.0400085449219,53.11713790893555,65.48805236816406,40.48860168457031,30.637781143188477,33.481746673583984
2026-04-24,710.341552734375,662.4609375,200.49693298339844,275.2746887207031,18.709999084472656,4.309999942779541,84.72469329833984,56.12916946411133,159.8426513671875,142.9996337890625,51.05979537963867,171.58555603027344,118.19364929199219,82.11642456054688,45.55205154418945,51.48963165283203,43.08658981323242,114.86164855957031,506.44000244140625,433.25,53.702064514160156,66.19695281982422,41.79481506347656,31.441255569458008,34.06231689453125
2026-04-27,711.5653076171875,662.8101806640625,200.25875854492188,275.7622985839844,18.020000457763672,4.335999965667725,84.3045425415039,56.03047561645508,160.19183349609375,142.28553771972656,51.44706726074219,171.62533569335938,117.34719848632812,81.23831939697266,45.561912536621094,51.35079574584961,42.75235366821289,115.13005828857422,506.260009765625,429.8900146484375,53.86177444458008,66.06714630126953,41.82479476928711,31.481128692626953,34.10712814331055
2026-04-28,708.1028442382812,656.1444702148438,199.23655700683594,272.54833984375,17.829999923706055,4.354000091552734,84.39248657226562,56.95822525024414,157.47824096679688,142.66241455078125,51.48678207397461,170.1031951904297,116.52067565917969,81.96842193603516,45.621097564697266,50.97394561767578,43.16522979736328,115.0704116821289,491.2099914550781,421.9100036621094,53.382652282714844,65.65779113769531,41.275123596191406,30.972726821899414,33.46979522705078
2026-04-29,707.993408203125,660.1558837890625,198.88922119140625,270.7274169921875,18.809999465942383,4.418000221252441,83.7378158569336,58.26103210449219,158.73526000976562,141.6706085205078,51.55629348754883,169.05856323242188,116.35137939453125,81.81056213378906,45.05884552001953,50.53759002685547,42.899810791015625,114.61311340332031,499.5799865722656,417.4100036621094,53.25288391113281,65.74764251708984,41.40504837036133,30.82419204711914,33.352291107177734
2026-04-30,715.0377197265625,666.3126831054688,201.896240234375,276.5881652832031,16.889999389648438,4.389999866485596,83.65965270996094,58.87295913696289,159.1243438720703,144.79483032226562,51.76482391357422,173.6847381591797,117.85506439208984,83.18196868896484,46.21293640136719,51.043365478515625,43.64692306518555,115.8259506225586,506.7200012207031,423.6600036621094,53.662139892578125,66.85592651367188,41.90474319458008,31.590784072875977,34.24256134033203
2026-05-01,717.0177001953125,672.7090454101562,201.28094482421875,277.8916320800781,16.989999771118164,4.377999782562256,83.9587631225586,58.0833740234375,161.48875427246094,143.97161865234375,51.55629348754883,172.0730438232422,118.1338882446289,83.04383850097656,45.91701889038086,50.92435836791992,43.568275451660156,116.03471374511719,509.82000732421875,423.17999267578125,54.00151824951172,67.42503356933594,42.284515380859375,31.5808162689209,34.17982482910156
2026-05-04,714.3909912109375,671.4417114257812,200.10989379882812,276.4986267089844,18.290000915527344,4.446000099182129,83.3213119506836,58.6163444519043,161.66835021972656,143.54513549804688,51.21867752075195,170.1031951904297,117.22769927978516,82.42227172851562,45.739463806152344,50.230159759521484,43.33234786987305,115.41835021972656,506.7900085449219,414.7099914550781,53.81186294555664,67.09554290771484,42.284515380859375,31.540943145751953,33.98762893676758
2026-05-05,720.1220092773438,680.1530151367188,201.69776916503906,281.15533447265625,17.3799991607666,4.415999889373779,83.78224182128906,58.675559997558594,165.23989868164062,144.1104736328125,51.228607177734375,171.52586364746094,117.57623291015625,82.93531036376953,45.739463806152344,51.102867126464844,43.42082214355469,114.95111083984375,522.6900024414062,418.2699890136719,54.420753479003906,68.22380065917969,43.18397521972656,31.820064544677734,34.663795471191406
2026-05-06,730.1312866210938,694.2827758789062,203.29554748535156,285.3742370605469,17.389999389648438,4.355999946594238,84.4197006225586,56.257476806640625,169.62954711914062,144.2096405029297,51.47685241699219,175.96298217773438,119.36871337890625,83.11290740966797,45.08843994140625,51.97557067871094,43.98115539550781,116.66101837158203,549.760009765625,430.9599914550781,55.49878692626953,69.22224426269531,44.52316665649414,33.0960578918457,35.95439147949219
2026-05-07,727.8926391601562,693.4545288085938,201.99546813964844,280.8568420410156,17.079999923706055,4.392000198364258,83.99799346923828,55.22115707397461,169.2903594970703,143.53521728515625,51.18888473510742,173.10769653320312,119.378662109375,82.85639190673828,44.50646209716797,50.97394561767578,43.64692306518555,116.69084167480469,540.0999755859375,431.67999267578125,55.35904312133789,68.79290771484375,44.253326416015625,32.63750076293945,35.48136901855469
2026-05-08,733.9021606445312,709.709716796875,202.55123901367188,282.7573547363281,17.190000534057617,4.363999843597412,84.4197006225586,54.97441101074219,175.10662841796875,142.31529235839844,50.88105773925781,172.3118133544922,119.69732666015625,83.05370330810547,44.111900329589844,51.16237258911133,43.6567497253418,116.25343322753906,566.5399780273438,433.7699890136719,56.14760971069336,69.84127044677734,45.4326171875,33.08608627319336,36.32981491088867
2026-05-11,735.5736694335938,711.7653198242188,202.44207763671875,283.9115295410156,18.3799991607666,4.409999847412109,83.90972137451172,56.425262451171875,177.4610595703125,141.86895751953125,50.821475982666016,174.14236450195312,118.87080383300781,82.25454711914062,44.52619171142578,51.826812744140625,43.81403732299805,114.90141296386719,576.3099975585938,434.6499938964844,56.437076568603516,70.05094909667969,45.652488708496094,33.15586853027344,36.37860870361328
2026-05-12,734.4593505859375,705.7282104492188,202.263427734375,281.165283203125,17.989999771118164,4.4629998207092285,83.35071563720703,56.82004928588867,174.78736877441406,144.65597534179688,51.21867752075195,173.45591735839844,117.79531860351562,83.31023406982422,44.57550811767578,51.70780944824219,43.82386779785156,115.17976379394531,561.25,432.92999267578125,56.22746276855469,69.58168029785156,44.63310241699219,32.46803283691406,35.66559600830078
2026-05-13,738.5685424804688,713.1823120117188,201.3801727294922,281.2648010253906,17.8700008392334,4.480999946594238,83.16439056396484,56.879268646240234,176.43348693847656,145.50892639160156,50.632808685302734,172.72964477539062,118.22351837158203,83.58648681640625,44.06258010864258,51.628475189208984,43.46014404296875,116.0744857788086,572.4600219726562,430.5,56.75649642944336,70.3205337524414,45.25272750854492,33.0661506652832,36.34873580932617
2026-05-14,744.3989868164062,718.2514038085938,202.1145782470703,283.03594970703125,17.260000228881836,4.460999965667725,83.28207397460938,57.313541412353516,179.07723999023438,145.42958068847656,50.93070983886719,173.61508178710938,118.17372131347656,83.84300994873047,44.28945541381836,51.24170684814453,43.16522979736328,116.42243194580078,578.3400268554688,427.2099914550781,57.43526077270508,70.66000366210938,45.91232681274414,33.14590072631836,36.48616027832031
2026-05-15,735.4443969726562,707.4146118164062,200.03050231933594,276.219970703125,18.43000030517578,4.59499979019165,82.04637908935547,58.66569137573242,175.84486389160156,143.912109375,50.74203872680664,170.52102661132812,116.04267883300781,83.50755310058594,43.273460388183594,49.883060455322266,42.49676513671875,115.39847564697266,556.3400268554688,417.2900085449219,56.636714935302734,70.01101684570312,44.753028869628906,32.03937911987305,35.48136901855469
2026-05-18,734.927001953125,704.3711547851562,201.26109313964844,274.59808349609375,17.81999969482422,4.623000144958496,81.94830322265625,59.79084014892578,173.9493408203125,144.5270233154297,51.37755584716797,169.87437438964844,115.83354949951172,84.75069427490234,43.342506408691406,49.80372619628906,43.0079460144043,116.2931900024414,546.1599731445312,418.42999267578125,56.307315826416016,69.65157318115234,44.43321990966797,31.939685821533203,35.51124572753906
2026-05-19,730.0317993164062,700.030517578125,200.0900421142578,271.6428527832031,18.059999465942383,4.666999816894531,81.41870880126953,60.49159622192383,172.8319854736328,146.11395263671875,50.74203872680664,167.8746795654297,114.5489501953125,84.93815612792969,43.73706817626953,48.633506774902344,43.19472122192383,115.1698226928711,543.9600219726562,411.5,55.93798828125,69.15733337402344,43.813594818115234,31.750282287597656,35.25531768798828
2026-05-20,737.5138549804688,711.6256103515625,202.2832794189453,278.47869873046875,17.440000534057617,4.572000026702881,82.29154968261719,59.020999908447266,176.72279357910156,145.9254913330078,51.29811477661133,169.85447692871094,117.44678497314453,84.37577819824219,43.904754638671875,49.30786895751953,43.676414489746094,115.41835021972656,564.6599731445312,417.3999938964844,56.686622619628906,70.05094909667969,44.832984924316406,32.278621673583984,36.07886505126953
2026-05-21,738.9764404296875,712.9827270507812,203.15660095214844,281.0856628417969,16.760000228881836,4.585999965667725,82.59557342529297,58.3597297668457,178.1793670654297,146.9371337890625,51.36762619018555,169.65550231933594,118.20359802246094,83.52729034423828,44.38809585571289,49.605384826660156,43.74522399902344,115.41835021972656,567.8800048828125,416.989990234375,56.866294860839844,70.43335723876953,45.5125732421875,32.69730758666992,36.5767822265625
2026-05-22,741.8817749023438,716.0062255859375,205.0124053955078,283.7026062011719,16.700000762939453,4.558000087738037,83.04669952392578,58.71504211425781,179.9651336669922,148.66290283203125,51.57615280151367,170.88914489746094,118.68159484863281,83.66541290283203,44.733333587646484,49.873146057128906,43.80420684814453,114.78211212158203,576.3200073242188,413.82000732421875,57.12582015991211,71.0024642944336,46.1322021484375,32.687339782714844,36.42143249511719
2026-05-25,,,,,16.59000015258789,,,,,,,,,,,,,,,,,,,,
2026-05-26,746.8068237304688,728.718994140625,206.06436157226562,289.0658264160156,17.010000228881836,4.493000030517578,83.4585952758789,57.09640121459961,184.70396423339844,147.29417419433594,51.48678207397461,173.4061737060547,118.9504623413086,82.51106262207031,44.71360778808594,50.567344665527344,43.95166015625,114.87158966064453,602.1400146484375,414.0,57.7247314453125,71.97794342041016,47.521358489990234,33.654300689697266,37.59451675415039
2026-05-27,746.677490234375,727.8907470703125,205.91551208496094,288.926513671875,16.290000915527344,4.480999946594238,83.65474700927734,56.24760818481445,183.99562072753906,147.57188415527344,51.05979537963867,173.4061737060547,121.04168701171875,83.4483642578125,44.52619171142578,50.755767822265625,43.87302017211914,115.57742309570312,595.5,408.489990234375,57.61088180541992,72.00790405273438,47.558345794677734,33.76005554199219,37.527801513671875
2026-05-28,750.7965698242188,734.0276489257812,206.66973876953125,290.5782775878906,15.739999771118164,4.454999923706055,84.08625793457031,56.2081298828125,186.40992736816406,149.64479064941406,50.91084671020508,172.9087371826172,121.54954528808594,83.30036163330078,44.023128509521484,50.93427658081055,43.6567497253418,115.9850082397461,599.8300170898438,412.7699890136719,58.100215911865234,72.58699798583984,48.088104248046875,33.93962860107422,37.99583435058594
2026-05-29,752.6671142578125,736.7318115234375,207.24534606933594,288.9862060546875,15.319999694824219,4.453000068664551,84.10587310791016,55.55672836303711,190.5701141357422,148.246337890625,51.21867752075195,172.24217224121094,120.36453247070312,81.80070495605469,43.81597900390625,50.726016998291016,43.243873596191406,115.0107650756836,598.9299926757812,417.1199951171875,58.459720611572266,73.02631378173828,48.577880859375,33.96955871582031,38.16512680053711
2026-06-01,754.7167358398438,741.15234375,207.62245178222656,287.5434265136719,16.049999237060547,4.474999904632568,84.15116882324219,56.55356979370117,195.2989501953125,146.6296844482422,51.06972885131836,171.5159149169922,117.69573974609375,80.93247985839844,42.5139274597168,50.497920989990234,42.53608703613281,114.93123626708984,607.8099975585938,411.260009765625,59.11881637573242,73.02631378173828,49.787330627441406,34.5382080078125,38.812416076660156
2026-06-02,755.7415771484375,744.5650024414062,208.44615173339844,290.2100830078125,15.770000457763672,4.454999923706055,84.32838439941406,57.20497131347656,197.74319458007812,145.2014617919922,51.09951400756836,173.29673767089844,117.0982437133789,80.73515319824219,43.30305099487305,51.092952728271484,42.75235366821289,112.90321350097656,632.2100219726562,411.95001220703125,59.42839050292969,73.485595703125,50.457027435302734,34.8275260925293,39.2147331237793
2026-06-03,750.4384155273438,742.6192626953125,207.6621551513672,286.23992919921875,16.059999465942383,4.491000175476074,83.9936294555664,57.94519805908203,195.76783752441406,146.34205627441406,50.513648986816406,173.15745544433594,116.2418441772461,81.06073760986328,43.11563491821289,51.20204162597656,42.77201461791992,111.42195892333984,637.9000244140625,407.8699951171875,58.919090270996094,73.43568420410156,49.8473014831543,34.40851974487305,38.9119987487793
2026-06-04,753.2740478515625,739.0269165039062,209.23016357421875,290.558349609375,15.399999618530273,4.4770002365112305,84.18070220947266,57.98468017578125,192.7150421142578,150.8349609375,51.82440185546875,175.2566375732422,116.7696304321289,80.94234466552734,43.342506408691406,51.19211959838867,43.64692306518555,112.44590759277344,627.530029296875,411.2699890136719,58.749324798583984,73.03630828857422,49.667381286621094,34.43844985961914,38.86220932006836
2026-06-05,733.83251953125,703.5528564453125,206.2529296875,280.2498474121094,21.510000228881836,4.535999774932861,83.74748229980469,56.91874694824219,179.87535095214844,151.75733947753906,51.93362808227539,173.28677368164062,114.3796615600586,82.3236083984375,43.74692916870117,50.2103271484375,43.94183349609375,111.01436614990234,569.6900024414062,396.239990234375,56.56232452392578,70.42037200927734,46.188968658447266,32.49305725097656,36.347740173339844
2026-06-08,735.4940795898438,714.5394287109375,206.0345916748047,282.6976013183594,18.920000076293945,4.552000045776367,83.31429290771484,57.570152282714844,183.7462158203125,151.40029907226562,51.60594177246094,172.73960876464844,114.90744018554688,81.95855712890625,42.92822265625,49.54587936401367,43.28319549560547,110.4377670288086,598.1599731445312,397.2699890136719,56.901859283447266,70.8297348022461,47.42840576171875,33.02180099487305,37.08465576171875
2026-06-09,733.3350219726562,706.3170166015625,207.60260009765625,283.60308837890625,19.8700008392334,4.5279998779296875,83.80656433105469,56.64239501953125,180.34425354003906,153.30458068847656,52.09251022338867,174.6995086669922,115.38543701171875,82.97477722167969,43.381961822509766,50.34916687011719,44.207252502441406,110.82547760009766,591.010009765625,390.7799987792969,56.43250274658203,70.16077423095703,47.068565368652344,33.161476135253906,37.19419479370117
2026-06-10,721.7736206054688,692.2072143554688,204.96278381347656,280.6478576660156,22.219999313354492,4.541999816894531,83.57026672363281,57.49119567871094,176.21400451660156,151.59866333007812,51.86412048339844,168.7899627685547,113.01538848876953,84.34617614746094,43.40169143676758,49.18886184692383,44.22691345214844,110.35823822021484,570.9099731445312,374.5799865722656,55.324031829833984,68.89275360107422,45.569252014160156,32.333431243896484,36.332801818847656
2026-06-11,734.04150390625,715.587158203125,208.15835571289062,288.96630859375,19.440000534057617,4.4629998207092285,84.65330505371094,56.37591552734375,182.77850341796875,152.82850646972656,52.25139236450195,174.25180053710938,115.81363677978516,84.12911987304688,43.451011657714844,50.79543685913086,44.15809631347656,111.46173095703125,609.4500122070312,386.32000732421875,56.4424934387207,70.31053924560547,47.468387603759766,33.500667572021484,38.170108795166016
2026-06-12,738.0113525390625,719.7981567382812,210.04393005371094,291.4936828613281,17.68000030517578,4.486999988555908,84.446533203125,56.80031204223633,184.36476135253906,152.55079650878906,52.966346740722656,175.2765350341797,116.11238098144531,84.67176818847656,43.92448425292969,51.74747848510742,44.590641021728516,110.9944839477539,619.9600219726562,386.5400085449219,56.672176361083984,70.61007690429688,47.278472900390625,33.670265197753906,38.1800651550293
2026-06-15,751.0254516601562,742.40966796875,211.26461791992188,293.87249755859375,16.200000762939453,4.468999862670898,84.39730834960938,54.82636642456055,191.33828735351562,151.63833618164062,53.18480682373047,177.76368713378906,118.07414245605469,84.33631896972656,44.131629943847656,52.06482696533203,44.22691345214844,111.53131866455078,647.0999755859375,396.54998779296875,57.90048599243164,72.23754119873047,49.11763381958008,34.5781135559082,39.04643249511719
2026-06-16,746.5481567382812,728.2998657226562,210.5599822998047,291.3191223144531,16.40999984741211,4.427999973297119,84.86004638671875,54.63883972167969,186.0009002685547,151.6879425048828,53.96927261352539,178.92771911621094,117.96460723876953,84.44483947753906,44.44728088378906,52.28300476074219,44.33504867553711,111.66055297851562,616.0,397.6300048828125,57.18147659301758,71.38886260986328,47.57833480834961,33.789981842041016,38.56345748901367
2026-06-17,737.225341796875,720.9656372070312,207.40411376953125,289.1248779296875,18.440000534057617,4.4629998207092285,84.9979019165039,53.95782470703125,185.36241149902344,149.4761962890625,53.67137145996094,178.6790008544922,115.00701904296875,82.5604019165039,43.855438232421875,51.58880615234375,43.22421646118164,108.55886840820312,623.969970703125,388.6000061035156,56.55234146118164,70.61007690429688,47.598323822021484,33.83986282348633,38.78752136230469
2026-06-18,744.8902587890625,739.0369262695312,208.36676025390625,294.82000732421875,16.399999618530273,4.451000213623047,85.41141510009766,53.06955337524414,190.98912048339844,148.17689514160156,53.194732666015625,179.98228454589844,116.6700439453125,82.18548583984375,44.1513557434082,51.38054656982422,43.11608123779297,108.8073959350586,659.8800048828125,387.1199951171875,57.451107025146484,71.72833251953125,49.19260025024414,34.947242736816406,40.06715774536133
2026-06-22,742.546142578125,737.1818237304688,208.8250274658203,297.40325927734375,17.280000686645508,4.508999824523926,84.7615966796875,53.74056625366211,191.926025390625,149.48788452148438,53.510616302490234,181.3126983642578,114.68740844726562,81.64305114746094,44.393577575683594,51.3835334777832,43.652565002441406,106.50897216796875,668.9099731445312,384.5899963378906,57.40117645263672,71.62849426269531,49.47747039794922,34.997127532958984,40.072139739990234
2026-06-23,731.7628784179688,712.9071655273438,208.10772705078125,294.55072021484375,19.489999771118164,4.493000030517578,84.8698959350586,54.13819885253906,183.97531127929688,151.59979248046875,53.68998336791992,177.67247009277344,113.51000213623047,83.17298889160156,44.741024017333984,50.636966705322266,44.26738739013672,106.9176254272461,622.0499877929688,377.32000732421875,56.00309371948242,69.86124420166016,47.068565368652344,33.341041564941406,38.0406494140625
2026-06-24,731.4237060546875,709.8803100585938,209.59214782714844,295.9171447753906,18.6299991607666,4.4019999504089355,86.03168487548828,53.25345993041992,182.83663940429688,152.76535034179688,53.530548095703125,179.7269744873047,114.8171157836914,83.88829040527344,45.20759201049805,50.92564010620117,44.13847351074219,106.19002532958984,618.9199829101562,365.9200134277344,55.9132194519043,69.50080871582031,46.888648986816406,33.480716705322266,38.299564361572266
2026-06-25,732.4810791015625,715.63427734375,210.95701599121094,298.13134765625,18.889999389648438,4.392000198364258,86.00215911865234,53.7703857421875,184.35487365722656,155.03665161132812,53.261497497558594,183.62648010253906,113.10089874267578,83.39155578613281,45.51532745361328,51.60252380371094,44.21780776977539,105.2331771850586,636.8800048828125,369.4599914550781,56.09905242919922,69.66059875488281,46.9956169128418,33.6764030456543,39.17000961303711
2026-06-26,727.1842651367188,705.7846069335938,209.5224151611328,299.0489501953125,18.40999984741211,4.372000217437744,86.01200866699219,53.52186584472656,180.89889526367188,159.72869873046875,53.38107681274414,180.7143096923828,114.11865997314453,84.1565170288086,45.86277389526367,51.363624572753906,44.86238098144531,105.83120727539062,611.6099853515625,373.6300048828125,55.759361267089844,69.101318359375,45.98592758178711,33.24708938598633,38.55253219604492
2026-06-29,739.1644897460938,723.3262939453125,212.2521514892578,298.1911926269531,17.649999618530273,4.374000072479248,86.10061645507812,53.26340103149414,185.19387817382812,160.12718200683594,53.530548095703125,182.27012634277344,116.86261749267578,83.8187484741211,45.68408966064453,50.42792892456055,44.545047760009766,107.52561950683594,631.97998046875,368.5799865722656,56.64855194091797,70.40963745117188,47.44548034667969,33.93598937988281,38.801513671875
2026-06-30,744.9202270507812,735.6334838867188,211.97320556640625,299.6673583984375,16.450000762939453,4.418000221252441,85.08650207519531,52.79617691040039,190.2979278564453,158.0550994873047,53.420936584472656,184.73350524902344,117.02226257324219,82.52723693847656,45.00905227661133,50.59715270996094,43.662479400634766,106.77808380126953,655.8900146484375,368.3800048828125,57.44782257080078,71.29849243164062,48.785072326660156,34.52505874633789,39.31441879272461
2026-07-01,743.9127197265625,724.4151000976562,212.61080932617188,298.540283203125,16.59000015258789,4.474999904632568,84.51136779785156,52.49795150756836,185.40362548828125,158.93173217773438,54.58680725097656,182.86851501464844,117.83048248291016,82.7557373046875,44.443214416503906,50.78628158569336,43.81122970581055,109.37950897216797,620.4600219726562,370.6000061035156,56.918304443359375,70.85905456542969,47.30552291870117,33.33694076538086,37.971900939941406
2026-07-02,742.9351806640625,711.8582153320312,214.10519409179688,296.8048095703125,16.149999618530273,4.485000133514404,84.5014877319336,52.9055290222168,180.37950134277344,163.11573791503906,55.42384338378906,183.41705322265625,116.86261749267578,84.4346923828125,45.42598342895508,51.77174377441406,44.30705642700195,109.2399673461914,592.2899780273438,378.1300048828125,56.608585357666016,70.20989990234375,46.39580154418945,33.097328186035156,37.61137390136719
2026-07-06,749.4190673828125,722.067626953125,214.19483947753906,298.1213684082031,15.569999694824219,4.479000091552734,84.44219207763672,52.81605911254883,183.3560333251953,161.342529296875,55.942012786865234,185.0626220703125,117.75066375732422,83.55050659179688,44.96934509277344,51.74188232421875,43.920310974121094,109.84796905517578,604.2999877929688,382.1300048828125,57.13810729980469,71.06879425048828,47.47547149658203,33.92601013183594,38.44297790527344
2026-07-07,745.85791015625,708.6915283203125,213.9258575439453,295.4184265136719,16.1299991607666,4.5289998054504395,83.55281066894531,54.317134857177734,178.97113037109375,163.8130645751953,55.85232925415039,181.89114379882812,117.13201904296875,84.3055419921875,45.366424560546875,51.2740364074707,44.51530075073242,110.65530395507812,581.4500122070312,377.489990234375,56.70849609375,70.48453521728516,46.08589553833008,33.007469177246094,37.324546813964844
2026-07-08,743.5536499023438,710.699462890625,211.40533447265625,292.71551513671875,16.899999618530273,4.568999767303467,83.36505889892578,55.271461486816406,181.1885528564453,161.6812286376953,54.77613830566406,179.9364013671875,115.04661560058594,83.83861541748047,45.028907775878906,49.93022155761719,43.78147888183594,109.10043334960938,593.0,374.45001220703125,56.87834167480469,70.73921966552734,46.64572525024414,33.0673713684082,37.15822982788086
2026-07-09,749.8480224609375,722.5271606445312,212.70046997070312,296.4656982421875,15.84000015258789,4.539000034332275,83.49351501464844,54.49607467651367,185.1339569091797,161.5517120361328,55.3441276550293,180.62454223632812,116.59320831298828,82.65638732910156,44.80058670043945,50.029762268066406,43.860809326171875,110.14698791503906,607.72998046875,378.17999267578125,57.407859802246094,71.47627258300781,47.365509033203125,33.37688064575195,37.661170959472656
2026-07-10,753.0799560546875,724.7548217773438,213.49746704101562,295.21893310546875,15.029999732971191,4.568999767303467,83.4737548828125,54.754539489746094,185.56344604492188,160.22679138183594,55.513526916503906,181.432373046875,116.98234558105469,83.57038116455078,45.07854080200195,50.65687561035156,44.078975677490234,111.27326965332031,611.030029296875,377.010009765625,57.727569580078125,71.95265197753906,47.63542556762695,33.316978454589844,37.511783599853516
2026-07-13,747.3142700195312,710.9990844726562,213.42771911621094,292.71551513671875,17.15999984741211,4.609000205993652,82.97965240478516,56.40473175048828,181.06869506835938,160.79461669921875,55.872257232666016,179.8865203857422,115.78498840332031,84.03730010986328,45.38628005981445,50.34830093383789,44.32688903808594,111.22343444824219,585.6199951171875,367.1300048828125,56.948280334472656,70.98889923095703,46.335819244384766,32.37847137451172,36.23200988769531
2026-07-14,749.9677124023438,718.9408569335938,212.65065002441406,293.7428283691406,16.5,4.585000038146973,83.0883560180664,56.613487243652344,183.4059600830078,157.68650817871094,55.98187255859375,179.96630859375,115.64529418945312,82.87494659423828,45.35649490356445,50.40802001953125,44.10872268676758,111.08389282226562,600.3099975585938,372.1499938964844,57.208038330078125,71.56614685058594,46.695709228515625,32.60810470581055,36.833553314208984
2026-07-15,752.9403076171875,716.9928588867188,212.17245483398438,294.99951171875,15.670000076293945,4.545000076293945,83.24646759033203,56.16614532470703,181.36834716796875,157.68650817871094,56.360530853271484,179.57736206054688,116.74288177490234,82.92462158203125,44.889930725097656,50.2686653137207,44.18805694580078,113.00755310058594,590.77001953125,372.3500061035156,57.39786911010742,71.81083679199219,46.595741271972656,32.598121643066406,36.612457275390625
2026-07-16,748.8604125976562,705.2051391601562,214.25462341308594,294.82000732421875,16.729999542236328,4.568999767303467,83.21681213378906,56.683074951171875,177.31307983398438,161.18313598632812,56.549861907958984,179.6671142578125,117.0821304321289,85.24932861328125,45.13810348510742,50.65687561035156,45.080543518066406,112.27995300292969,568.9199829101562,364.9599914550781,57.00822448730469,70.98690032958984,45.68601989746094,32.09891891479492,35.95912170410156
2026-07-17,741.4487915039062,694.606201171875,212.57095336914062,293.2740478515625,18.770000457763672,4.540999889373779,83.52315521240234,57.339176177978516,175.3853302001953,160.475830078125,56.061588287353516,178.92910766601562,115.18630981445312,84.63338470458984,44.84029006958008,50.298526763916016,45.04087448120117,110.2865219116211,556.530029296875,368.4100036621094,56.39877700805664,70.25184631347656,44.92625045776367,31.70953369140625,35.72209167480469
2026-07-20,740.2518310546875,695.33544921875,211.62451171875,291.5485534667969,18.649999618530273,4.5980000495910645,82.90059661865234,57.59763717651367,175.50518798828125,158.64285278320312,55.84236526489258,177.64256286621094,114.3581314086914,84.3055419921875,44.611968994140625,49.80081558227539,44.85246276855469,110.43603515625,558.8300170898438,367.6000061035156,56.26889419555664,70.12999725341797,44.83627700805664,31.679580688476562,35.63843536376953
2026-07-21,746.426513671875,708.2319946289062,211.96322631835938,295.7675476074219,17.049999237060547,4.627999782562256,82.67330932617188,58.154327392578125,180.56927490234375,159.6390380859375,55.91211700439453,178.18112182617188,114.61756134033203,83.5107650756836,44.59211730957031,49.8704948425293,44.822715759277344,109.6685562133789,584.0800170898438,374.80999755859375,57.01821517944336,71.14569091796875,46.51176452636719,32.628074645996094,36.533775329589844
2026-07-22,745.55859375,704.61572265625,211.90345764160156,293.0246887207031,16.639999389648438,4.6570000648498535,82.45589447021484,58.85019302368164,180.05987548828125,158.82215881347656,55.85232925415039,178.37060546875,113.76942443847656,83.82867431640625,45.59474563598633,50.587196350097656,44.63429641723633,108.8412857055664,586.9099731445312,379.1199951171875,57.01821517944336,71.09075927734375,46.373809814453125,32.51824951171875,36.311683654785156
2026-07-23,736.3515014648438,691.23974609375,211.12637329101562,291.3291015625,18.700000762939453,4.703000068664551,82.18907928466797,59.02912902832031,178.2419891357422,160.8245086669922,55.63310623168945,181.45233154296875,108.52098846435547,82.66632080078125,45.852848052978516,50.059627532958984,44.57480239868164,105.03382873535156,580.1699829101562,371.5199890136719,56.31884765625,69.85035705566406,45.71501159667969,32.18877029418945,35.99099349975586
2026-07-24,737.099609375,683.5177612304688,212.77020263671875,290.4115295410156,18.579999923706055,4.678999900817871,82.26814270019531,59.2677116394043,175.67498779296875,161.9501953125,56.111412048339844,182.17039489746094,109.16956329345703,83.58030700683594,45.952117919921875,51.02518081665039,45.56645584106445,105.95081329345703,561.1900024414062,371.8999938964844,56.22893142700195,69.54774475097656,44.95524597167969,31.669597625732422,35.505977630615234
2026-07-27,737.25927734375,681.4099731445312,214.37416076660156,292.14697265625,18.670000076293945,4.640999794006348,82.76223754882812,58.01515579223633,174.09683227539062,162.7770233154297,56.67940139770508,182.7089385986328,110.5964126586914,84.80227661132812,45.3465690612793,51.15458679199219,45.37803649902344,107.30635070800781,548.5499877929688,374.6300048828125,55.96505355834961,69.33101654052734,44.433319091796875,31.675594329833984,35.564735412597656
2026-07-28,739.0248413085938,674.786865234375,216.87477111816406,292.60577392578125,18.209999084472656,4.604000091552734,83.24646759033203,57.22982406616211,170.89056396484375,166.622314453125,57.3968620300293,182.0008544921875,112.2328109741211,86.49116516113281,45.187740325927734,52.10023498535156,45.62594985961914,109.30973815917969,529.5999755859375,369.3699951171875,55.89508056640625,69.14725494384766,43.65843963623047,31.12601661682129,35.066768646240234
2026-07-29,727.6531372070312,661.0411376953125,214.92210388183594,287.81829833984375,20.65999984741211,4.622000217437744,81.87285614013672,58.303443908691406,166.3758544921875,165.606201171875,56.480106353759766,176.1864776611328,111.3647232055664,86.7892074584961,44.582191467285156,51.502986907958984,45.57637023925781,109.1502685546875,504.2200012207031,371.0799865722656,54.925514221191406,67.93980407714844,42.463619232177734,30.576440811157227,34.53593444824219
2026-07-30,739.852783203125,682.8384399414062,214.57342529296875,291.82781982421875,17.09000015258789,4.663000106811523,81.82345581054688,58.611610412597656,175.52516174316406,162.89657592773438,56.798980712890625,177.91183471679688,112.14300537109375,84.91156005859375,44.334014892578125,51.4034423828125,44.921878814697266,106.22989654541016,538.9000244140625,377.1600036621094,56.42484664916992,69.73050689697266,44.90325164794922,31.915409088134766,36.11249542236328
2026-07-31,745.1796264648438,687.2738647460938,214.20480346679688,290.4414367675781,15.989999771118164,4.744999885559082,81.27993774414062,59.198123931884766,175.14561462402344,161.93026733398438,56.73918914794922,179.3579559326172,115.83487701416016,84.49430084228516,44.026275634765625,50.1989860534668,44.69379806518555,107.88443756103516,540.530029296875,371.5400085449219,56.304901123046875,69.81040954589844,45.04322814941406,32.01533126831055,35.94020462036133
2026-08-03,755.793212890625,699.34130859375,216.2969512939453,295.4483642578125,15.859999656677246,4.685999870300293,81.5478286743164,58.4426155090332,177.83245849609375,161.6214599609375,57.17763900756836,182.66905212402344,117.9502182006836,84.3055419921875,44.03620529174805,50.77632522583008,44.80288314819336,110.97425079345703,545.4600219726562,371.7099914550781,57.14452362060547,71.01885986328125,45.65313720703125,32.215179443359375,36.06270217895508
2026-08-04,769.4193725585938,723.0964965820312,219.40525817871094,300.9240417480469,16.5,4.626999855041504,82.17289733886719,58.17420959472656,186.68214416503906,161.48199462890625,57.67587661743164,185.90036010742188,118.03004455566406,84.81221008300781,43.78803253173828,51.76179122924805,44.79296112060547,111.67195892333984,575.7100219726562,374.1600036621094,58.57388687133789,72.73165130615234,47.32988739013672,33.13446807861328,36.9441032409668
2026-08-05,767.8831787109375,716.5533447265625,218.90713500976562,298.9891052246094,15.8100004196167,4.617000102996826,82.35150146484375,56.97136306762695,185.69329833984375,163.5341339111328,57.79545211791992,185.8505096435547,118.3792724609375,84.77247619628906,43.34131622314453,52.398860931396484,44.822715759277344,110.50580596923828,569.7000122070312,389.6400146484375,58.57388687133789,72.45701599121094,47.112918853759766,32.8946533203125,36.9241828918457
2026-08-06,766.65625,713.9061279296875,217.76144409179688,297.47308349609375,15.149999618530273,4.670000076293945,81.875244140625,57.81633758544922,185.11398315429688,163.82302856445312,57.60612487792969,184.26475524902344,117.84046173095703,84.55390930175781,43.063358306884766,51.93101119995117,44.435970306396484,110.81478118896484,571.47998046875,389.6700134277344,58.65385055541992,72.5339126586914,47.323890686035156,32.804725646972656,36.50389862060547
2026-08-07,771.3446044921875,722.2774047851562,219.26577758789062,300.7744445800781,14.899999618530273,4.659999847412109,82.11337280273438,57.16023635864258,187.7509002685547,165.04832458496094,57.3968620300293,184.6836395263672,119.59659576416016,84.5638427734375,43.29167938232422,52.617855072021484,44.604549407958984,110.88455200195312,582.7000122070312,398.4700012207031,59.133636474609375,73.04624938964844,47.732826232910156,33.16444396972656,36.893306732177734
2026-08-10,771.1151733398438,720.11962890625,219.39529418945312,299.1985778808594,15.460000038146973,4.698999881744385,81.41883850097656,59.82440185546875,186.1028289794922,167.79782104492188,57.60612487792969,184.10519409179688,119.4070053100586,84.39495086669922,42.815185546875,52.93638610839844,44.02939224243164,111.462646484375,569.4099731445312,402.5400085449219,58.92373275756836,72.87647247314453,47.492862701416016,33.15445327758789,36.869407653808594
2026-08-11,768.6513061523438,717.7021484375,219.86354064941406,300.2059326171875,15.279999732971191,4.684000015258789,81.5478286743164,60.569969177246094,185.87307739257812,167.36944580078125,57.59615707397461,185.20223999023438,118.97795104980469,84.13665771484375,43.3115348815918,52.99611282348633,43.71206283569336,110.90447998046875,572.9299926757812,400.9599914550781,58.79378890991211,72.56387329101562,47.40287399291992,33.28435516357422,37.056640625
2026-08-12,770.5764770507812,722.9467163085938,220.2520751953125,301.92144775390625,14.550000190734863,4.682000160217285,81.46845245361328,60.669376373291016,188.63986206054688,167.79782104492188,57.71573257446289,185.38177490234375,117.63092041015625,84.52410888671875,43.52000045776367,52.33913803100586,44.1186408996582,109.90776824951172,584.8300170898438,404.9200134277344,59.08366012573242,72.83352661132812,48.142765045166016,33.753990173339844,37.44207000732422
2026-08-13,775.9531860351562,731.3079833984375,221.89588928222656,302.7093811035156,14.630000114440918,4.640999794006348,81.94469451904297,60.69920349121094,190.54763793945312,167.73805236816406,58.054534912109375,185.2919921875,118.18968963623047,85.43809509277344,43.718544006347656,52.07037353515625,44.74338150024414,112.18028259277344,589.1199951171875,398.9599914550781,59.41351318359375,73.44973754882812,48.71268081665039,33.95383834838867,37.745826721191406
2026-08-14,774.4169921875,730.3090209960938,221.9357452392578,304.2952575683594,14.25,4.696000099182129,81.39900207519531,61.5441780090332,189.78851318359375,166.7318878173828,57.95488739013672,186.01007080078125,117.94023895263672,85.52750396728516,43.986572265625,52.299320220947266,44.89213180541992,112.57896423339844,587.8200073242188,401.4800109863281,59.283573150634766,73.29193878173828,48.35273361206055,33.76398468017578,37.516761779785156
2026-08-17,770.7560424804688,729.1102294921875,219.96315002441406,303.2679443359375,15.1899995803833,4.723999977111816,80.71438598632812,62.21022415161133,190.09815979003906,166.41311645507812,57.37693405151367,185.82058715820312,116.4934310913086,84.12671661376953,43.857521057128906,52.000694274902344,44.45580291748047,110.45596313476562,594.0700073242188,405.489990234375,59.173622131347656,73.14512634277344,48.45471954345703,34.05376434326172,37.75877380371094
2026-08-18,765.5490112304688,716.7631225585938,218.96690368652344,299.44793701171875,15.84000015258789,4.705999851226807,81.02196502685547,63.3037223815918,185.40362548828125,169.0828857421875,57.636016845703125,183.0779571533203,116.10428619384766,85.02083587646484,43.69868850708008,51.54280090332031,44.25747299194336,110.11708068847656,569.77001953125,398.54998779296875,58.583885192871094,72.28522491455078,46.9979362487793,33.13446807861328,36.667232513427734
2026-08-19,767.1549682617188,715.3345947265625,221.23837280273438,300.93402099609375,14.890000343322754,4.6529998779296875,82.371337890625,63.204315185546875,183.4259490966797,175.0102081298828,57.277286529541016,181.46229553222656,118.32938385009766,85.97456359863281,43.69868850708008,52.27941131591797,44.61446762084961,110.9543228149414,560.9199829101562,413.8399963378906,58.73381423950195,72.3930892944336,46.94294738769531,33.49419403076172,37.15822982788086
2026-08-20,760.7109985351562,710.18994140625,219.455078125,296.89459228515625,16.010000228881836,4.696000099182129,81.6966552734375,63.37330627441406,182.88658142089844,171.73275756835938,56.7491569519043,179.28814697265625,116.423583984375,84.76253509521484,43.45051193237305,52.179866790771484,44.70371627807617,110.31642150878906,562.6500244140625,415.260009765625,58.38397216796875,71.97563171386719,46.62299346923828,33.57413101196289,37.41716766357422
2026-08-21,763.8232421875,712.6973876953125,220.83985900878906,299.1786193847656,15.130000114440918,4.73799991607666,81.40892028808594,63.26395797729492,183.09632873535156,173.95425415039062,57.277286529541016,179.76686096191406,117.76063537597656,85.42815399169922,42.45781326293945,53.29473876953125,44.70371627807617,111.0340576171875,560.4199829101562,423.3599853515625,58.593875885009766,72.24727630615234,46.79296875,33.72401428222656,37.795623779296875
2026-08-24,761.5787963867188,705.5847778320312,221.09889221191406,297.19378662109375,15.850000381469727,4.703999996185303,81.91493225097656,62.737091064453125,179.8401336669922,174.03395080566406,58.014678955078125,178.52020263671875,118.04002380371094,86.87861633300781,42.9045295715332,53.334556579589844,44.951629638671875,111.95103454589844,546.7999877929688,426.69000244140625,58.05412292480469,71.61808776855469,46.18305969238281,33.37428665161133,37.26777648925781
2026-08-25,764.0127563476562,709.9801635742188,220.9394989013672,298.4505310058594,15.449999809265137,4.638999938964844,82.81782531738281,61.693294525146484,181.52816772460938,174.62168884277344,58.1043586730957,177.92181396484375,117.69078826904297,85.9546890258789,42.99386978149414,53.334556579589844,44.981380462646484,112.80821228027344,555.8200073242188,428.07000732421875,58.323997497558594,71.94766235351562,46.573001861572266,33.74399948120117,37.66615295410156
2026-08-26,764.182373046875,710.6295166015625,221.27821350097656,298.15130615234375,15.210000038146973,4.664000034332275,82.64915466308594,62.06110763549805,182.6268768310547,172.87835693359375,58.054534912109375,179.8566131591797,116.90252685546875,85.70632934570312,43.19240951538086,53.42414093017578,44.71363067626953,112.24008178710938,555.77001953125,421.32000732421875,58.27000045776367,71.87775421142578,46.77899932861328,33.689998626708984,37.447044372558594
2026-08-27,769.18994140625,720.359375,220.6206817626953,299.02899169921875,14.510000228881836,4.671999931335449,82.48047637939453,61.92193603515625,188.39015197753906,170.92584228515625,57.67587661743164,178.32073974609375,115.62533569335938,84.52410888671875,42.86481857299805,52.98615646362305,44.2872200012207,111.04402923583984,573.0,422.6000061035156,59.279998779296875,72.9763412475586,47.91400146484375,33.7599983215332,37.626312255859375
2026-08-28,767.4442749023438,715.6842651367188,219.86354064941406,294.9795837402344,14.430000305175781,4.71999979019165,82.23242950439453,62.30963134765625,185.4735565185547,170.5074462890625,57.89509963989258,176.66519165039062,116.9524154663086,84.89168548583984,42.4181022644043,52.93638610839844,44.10872268676758,112.61883544921875,553.1099853515625,408.8900146484375,58.790000915527344,72.556884765625,47.4900016784668,33.459999084472656,37.33749771118164
2026-08-31,765.1499633789062,716.013916015625,218.5684051513672,293.164306640625,14.920000076293945,4.757999897003174,81.875244140625,63.58206558227539,186.28260803222656,169.88980102539062,57.506473541259766,174.66058349609375,116.33377838134766,84.42475891113281,41.9217529296875,52.448631286621094,43.74181365966797,111.09386444091797,556.6300048828125,408.4200134277344,58.84000015258789,72.556884765625,47.5099983215332,33.29999923706055,37.26777648925781
2026-09-01,759.89306640625,706.9033813476562,216.775146484375,289.8130798339844,16.34000015258789,4.796000003814697,81.54159545898438,64.38727569580078,183.4259490966797,171.0155029296875,56.99827575683594,172.2670135498047,114.33817291259766,84.6929931640625,42.24934387207031,51.83147048950195,43.67239761352539,110.51576232910156,545.219970703125,396.75,58.380001068115234,72.20733642578125,47.27000045776367,33.0,36.6104621887207
2026-09-02,763.2646484375,708.501708984375,217.7813720703125,293.2441101074219,15.199999809265137,4.796000003814697,81.62126922607422,64.71533203125,183.38600158691406,172.29061889648438,57.45664978027344,172.31687927246094,114.60758209228516,84.97116088867188,42.35853958129883,52.70743942260742,43.36498260498047,112.05070495605469,550.47998046875,402.7799987792969,58.619998931884766,72.57685089111328,47.22999954223633,33.130001068115234,36.88335037231445
2026-09-03,771.2548217773438,716.9229125976562,219.22593688964844,294.4210510253906,14.319999694824219,4.76200008392334,81.74079132080078,64.23816680908203,185.75323486328125,172.59942626953125,58.353477478027344,174.09210205078125,116.20406341552734,84.70292663574219,42.715911865234375,52.37895202636719,43.88064193725586,113.00755310058594,552.5999755859375,410.2200012207031,59.15999984741211,73.30891418457031,47.619998931884766,33.36000061035156,37.048675537109375
2026-09-04,768.2822265625,718.2116088867188,218.17987060546875,295.2389221191406,14.529999732971191,4.783999919891357,81.8802261352539,63.68147277832031,187.06170654296875,170.7963409423828,57.89509963989258,174.80020141601562,114.65747833251953,84.02737426757812,42.76554870605469,52.19977569580078,43.563316345214844,111.6619873046875,567.010009765625,406.7699890136719,59.029998779296875,73.1631088256836,48.10499954223633,33.779998779296875,37.48688507080078
2026-09-07,,,,,15.300000190734863,,,,,,,,,,,,,,,,,,,,
2026-09-08,764.0626831054688,717.6122436523438,215.91836547851562,293.90240478515625,15.720000267028809,4.806000232696533,81.8702621459961,64.38727569580078,187.6510009765625,166.49281311035156,57.09791946411133,173.95248413085938,113.73949432373047,83.47102355957031,43.13284683227539,51.702064514160156,43.533565521240234,111.1536636352539,573.72998046875,399.7200012207031,58.720001220703125,72.90543365478516,48.349998474121094,33.93000030517578,37.40721130371094
2026-09-09,760.5115356445312,715.5643920898438,213.83619689941406,289.8829040527344,16.459999084472656,4.836999893188477,81.40216064453125,64.92408752441406,187.6510009765625,165.9449005126953,56.858768463134766,171.32952880859375,112.21285247802734,82.50736999511719,42.62656784057617,51.15458679199219,43.04765319824219,110.46593475341797,574.2899780273438,403.3500061035156,58.45000076293945,72.76860809326172,48.04999923706055,33.54999923706055,37.018795013427734
2026-09-10,755.9528198242188,707.9523315429688,212.3717041015625,286.9505615234375,17.84000015258789,4.943999767303467,80.45596313476562,64.54633331298828,185.0041046142578,165.02841186523438,56.669437408447266,170.0928497314453,111.71395111083984,82.54710388183594,42.20963668823242,50.527469635009766,42.69065856933594,111.13372802734375,560.280029296875,396.3599853515625,58.08000183105469,72.29521942138672,47.5,32.970001220703125,36.3843879699707
2026-09-11,762.3967895507812,714.1358642578125,214.06532287597656,288.1374816894531,15.84000015258789,4.974999904632568,80.54560852050781,64.75509643554688,187.4512481689453,164.72955322265625,57.048095703125,171.90797424316406,112.71175384521484,82.83521270751953,42.08058547973633,50.71660232543945,43.05757141113281,112.23011779785156,568.530029296875,398.7699890136719,58.5099983215332,72.95637512207031,47.939998626708984,33.2400016784668,36.76980972290039
2026-09-14,758.9952392578125,708.4417724609375,214.20480346679688,287.1600036621094,17.100000381469727,4.960999965667725,80.60536193847656,64.14869689941406,184.06520080566406,167.11044311523438,56.82887268066406,169.47450256347656,112.60199737548828,83.86841583251953,41.51474380493164,50.25871276855469,42.760074615478516,114.69200134277344,541.5,392.8399963378906,58.060001373291016,72.4370346069336,46.83000183105469,32.560001373291016,36.082618713378906
2026-09-15,755.513916015625,703.8065795898438,213.15875244140625,285.1400146484375,17.200000762939453,4.995999813079834,80.38624572753906,65.5404281616211,183.5258331298828,167.0207977294922,56.649505615234375,168.3974151611328,110.63632202148438,83.18292999267578,41.018394470214844,50.49760818481445,42.71049118041992,113.6554183959961,542.1099853515625,394.1499938964844,57.900001525878906,72.21731567382812,46.599998474121094,32.369998931884766,35.92327117919922
2026-09-16,752.1821899414062,703.9863891601562,211.4850311279297,283.9200134277344,17.709999084472656,5.00600004196167,80.55555725097656,63.65165328979492,183.71559143066406,167.13037109375,55.73275375366211,168.25779724121094,109.9378662109375,82.78553771972656,41.018394470214844,50.12930679321289,42.45266342163086,112.62879943847656,545.5599975585938,391.739990234375,57.79999923706055,72.12743377685547,46.70000076293945,32.43000030517578,35.97306823730469
2026-09-17,760.7109985351562,716.1737060546875,212.51116943359375,285.42999267578125,15.4399995803833,4.947000026702881,81.45195007324219,64.0989990234375,187.84078979492188,168.16639709472656,55.68292999267578,168.55697631835938,111.14520263671875,82.94448852539062,41.38569259643555,50.477699279785156,42.58157730102539,111.9809341430664,560.6099853515625,398.3599853515625,58.66999816894531,73.3228988647461,47.720001220703125,33.0,36.471031188964844
2026-09-18,761.6900024414062,720.6990356445312,211.4949951171875,284.1000061035156,14.8100004196167,4.998000144958496,80.92407989501953,63.929996490478516,189.37899780273438,167.7480010986328,55.66299819946289,169.2949981689453,110.78599548339844,82.25900268554688,40.79999923706055,49.76100158691406,42.17499923706055,110.44599151611328,573.0,401.1700134277344,58.90999984741211,73.5815658569336,48.25,33.11000061035156,36.46605682373047
2026-09-21,773.5,741.469970703125,212.67999267578125,285.5799865722656,14.869999885559082,4.9629998207092285,81.47187805175781,62.459999084472656,194.85000610351562,169.00999450683594,55.900001525878906,169.97999572753906,112.2300033569336,81.91999816894531,40.65999984741211,49.709999084472656,42.59000015258789,114.75,596.030029296875,398.3800048828125,59.83000183105469,75.15055847167969,49.689998626708984,33.939998626708984,37.14826583862305
2026-09-22,773.3800048828125,747.4600219726562,212.8000030517578,287.2099914550781,14.210000038146973,4.9679999351501465,81.42207336425781,61.779998779296875,196.27000427246094,169.88999938964844,54.79999923706055,170.27000427246094,112.33000183105469,82.7300033569336,40.529998779296875,50.529998779296875,42.5,113.52999877929688,607.4600219726562,400.07000732421875,60.189998626708984,75.43119049072266,50.13999938964844,34.310001373291016,37.616355895996094
2026-09-23,767.8099975585938,741.2100219726562,211.30999755859375,281.9200134277344,15.180000305175781,5.113999843597412,80.13724517822266,62.369998931884766,195.33999633789062,168.8000030517578,54.540000915527344,170.10000610351562,110.6500015258789,82.43000030517578,39.75,50.279998779296875,41.84000015258789,112.55999755859375,601.4099731445312,392.8800048828125,59.689998626708984,74.80400085449219,49.4900016784668,33.689998626708984,36.968997955322266
2026-09-24,767.1799926757812,741.0999755859375,210.25999450683594,281.6600036621094,15.670000076293945,5.1620001792907715,79.1014175415039,62.599998474121094,194.7100067138672,169.8699951171875,54.529998779296875,168.8300018310547,110.31999969482422,81.69999694824219,39.36000061035156,49.68000030517578,41.650001525878906,113.98999786376953,600.52001953125,391.69000244140625,59.56999969482422,74.94599914550781,49.54999923706055,33.619998931884766,36.849998474121094
2026-09-25,771.3499755859375,744.5,211.11000061035156,281.9700012207031,14.869999885559082,5.184000015258789,79.00182342529297,62.040000915527344,196.27000427246094,170.6999969482422,54.84000015258789,170.42999267578125,110.55999755859375,82.05999755859375,39.5099983215332,49.79999923706055,41.560001373291016,112.95999908447266,606.5599975585938,393.4100036621094,60.040000915527344,75.36499786376953,50.20000076293945,33.88999938964844,37.12300109863281
2026-09-28,765.6099853515625,736.530029296875,209.74000549316406,280.0199890136719,16.06999969482422,5.239999771118164,78.30463409423828,62.099998474121094,194.52999877929688,171.25999450683594,54.189998626708984,168.77999877929688,109.0,82.27999877929688,39.25,49.470001220703125,41.349998474121094,111.18000030517578,600.010009765625,377.9100036621094,59.720001220703125,74.80000305175781,49.70000076293945,33.68000030517578,36.709999084472656
2026-09-29,764.2000122070312,737.9299926757812,209.5,279.010009765625,16.040000915527344,5.255000114440918,77.91619873046875,61.540000915527344,194.5,170.72999572753906,54.0099983215332,169.1300048828125,109.1500015258789,81.8499984741211,39.709999084472656,49.099998474121094,41.34000015258789,111.47000122070312,606.9000244140625,382.8900146484375,59.560001373291016,74.62999725341797,50.04999923706055,33.70000076293945,37.130001068115234
2026-09-30,762.6300048828125,739.77001953125,208.02000427246094,277.8900146484375,16.34000015258789,5.293000221252441,77.4679946899414,61.5,195.75,168.4199981689453,53.400001525878906,166.97999572753906,108.83999633789062,80.5999984741211,39.439998626708984,48.70000076293945,40.90999984741211,110.97000122070312,609.0,380.8399963378906,59.540000915527344,74.81300354003906,50.0099983215332,33.5,36.80699920654297
2026-10-01,763.989990234375,742.030029296875,209.0,279.0199890136719,16.389999389648438,5.236999988555908,77.70999908447266,62.70000076293945,197.80999755859375,166.1999969482422,53.459999084472656,168.63999938964844,108.80999755859375,80.33000183105469,39.68000030517578,48.540000915527344,40.68000030517578,109.94000244140625,617.8099975585938,382.760009765625,59.720001220703125,74.93000030517578,50.41999816894531,33.599998474121094,37.125999450683594
2026-10-02,769.6400146484375,749.5800170898438,209.72999572753906,281.5199890136719,15.3100004196167,5.2769999504089355,77.4800033569336,62.81999969482422,199.80999755859375,166.17999267578125,53.4900016784668,169.9499969482422,110.04000091552734,80.52999877929688,39.83000183105469,48.86000061035156,40.810001373291016,110.31999969482422,630.5999755859375,380.1400146484375,60.33000183105469,75.5999984741211,51.400001525878906,34.2599983215332,37.77000045776367
