decision_date,n_symbols,rank_ic,top15_excess,top15_bottom15_spread,mae,mse,arm,seed
2024-01-08,419,0.0670181093871585,-0.026592030175100048,-0.003966388962026511,0.03073751630858444,0.0018247537143299638,corrected_control_16_8,20260823
2024-01-15,419,0.11111783581322585,0.02461665540122386,0.05522592038140711,0.03319871678986608,0.002238131430942382,corrected_control_16_8,20260823
2024-01-22,419,-0.20884735161836027,-0.03429220011682458,-0.05779415965140578,0.03154077082661578,0.0018965236739211305,corrected_control_16_8,20260823
2024-01-29,419,0.22652933048611984,0.015048710245993864,0.04054385474278162,0.031844879685661284,0.0020884959131143932,corrected_control_16_8,20260823
2024-02-05,419,0.13559218071214052,0.017690609040642475,0.03175930692769358,0.035889854528014596,0.0034501377367283275,corrected_control_16_8,20260823
2024-02-12,419,-0.057345957647427316,0.01900351776383731,-0.005130316798834456,0.031176083535935976,0.0017978202490453112,corrected_control_16_8,20260823
2024-02-19,419,0.073439106285965,0.019068323066278925,0.02521622942691002,0.02713650603389369,0.0016303516566863294,corrected_control_16_8,20260823
2024-02-26,419,0.16533425122798318,0.032123013539450046,0.033430828016625475,0.03367257287692913,0.0034292820696780755,corrected_control_16_8,20260823
2024-03-04,420,-0.1922874522288351,0.017099307759130947,0.009107393266729564,0.03023519706950918,0.001902364629563847,corrected_control_16_8,20260823
2024-03-11,420,-0.22518851337835571,0.007762541093463376,-0.011328105830598078,0.03749275972483845,0.0027804859995013555,corrected_control_16_8,20260823
2024-03-18,420,0.24202890686941048,0.013583257669609387,0.024728350986134524,0.02734395956278944,0.0016025172557804462,corrected_control_16_8,20260823
2024-03-25,421,-0.15149039025951364,-0.0033694960406950754,-0.016399598854487146,0.02617882600856656,0.0012725502133610785,corrected_control_16_8,20260823
2024-04-01,421,0.1531630688771777,0.009964837114974881,-0.000892158804332634,0.034445458445460424,0.0020238112908744243,corrected_control_16_8,20260823
2024-04-08,421,-0.11233272811775812,-0.01532195467551923,-0.023084896330646507,0.03629667053069748,0.00193629811704129,corrected_control_16_8,20260823
2024-04-15,421,-0.20850620037728143,-0.0736556885641053,-0.0776968469914133,0.044562577226977325,0.0038197249091418,corrected_control_16_8,20260823
2024-04-22,421,0.03377344138227163,0.01579445910394703,0.008181134683178978,0.04055471438834112,0.003160877021815762,corrected_control_16_8,20260823
2024-04-29,421,-0.16042549496073605,0.028315877834448774,-0.00123513901809532,0.03503192774825832,0.0026651499130163738,corrected_control_16_8,20260823
2024-05-06,421,0.0807020393459812,0.006368511045271166,0.032540579038921845,0.030089420396559652,0.0018064701314859043,corrected_control_16_8,20260823
2024-05-13,421,-0.05737797454878204,0.03379367995875561,0.0015155515915100462,0.029809500141166977,0.0018108753292142912,corrected_control_16_8,20260823
2024-05-20,421,0.16454857297243403,0.010154785456866863,0.03754570059364769,0.032150311715770236,0.002055130450813167,corrected_control_16_8,20260823
2024-05-27,421,6.030713216267808e-05,-0.01934063653495937,-0.03784041046841589,0.03231784584945684,0.002148350697602674,corrected_control_16_8,20260823
2024-06-03,421,-0.09595669207969121,-0.021942553918491325,-0.024197333514248905,0.031552599744785345,0.001763022571015537,corrected_control_16_8,20260823
2024-06-10,421,0.06589841005868333,0.011733745069033276,0.0018853605993744225,0.030112374086190677,0.001751005111192537,corrected_control_16_8,20260823
2024-06-17,421,-0.18639857813466754,-0.035831943173487396,-0.016042844553473927,0.03082880897132321,0.001605178278572845,corrected_control_16_8,20260823
2024-06-24,421,-0.12155923688159057,-0.00430409678472635,4.0185770344402724e-05,0.027802707585886342,0.0014927684032175717,corrected_control_16_8,20260823
2024-07-01,422,0.30136011715927874,0.03277715686893359,0.03050621854259182,0.025080196225339507,0.0012868461536064278,corrected_control_16_8,20260823
2024-07-08,422,-0.14754632890840375,0.0032424404122996797,-0.0014510983742796468,0.036556619330764886,0.0022226068427200654,corrected_control_16_8,20260823
2024-07-15,422,-0.24108086029324474,-0.034183796230360455,-0.038108561042420615,0.03918987553896545,0.003013556091672546,corrected_control_16_8,20260823
2024-07-22,422,-0.06228202393404451,-0.013550406704872037,0.020083627988781015,0.03776333931524269,0.0030112860458734376,corrected_control_16_8,20260823
2024-07-29,422,-0.03839556362144677,-0.03589392259972432,-0.034335271384206875,0.05037299923913222,0.004448428596942045,corrected_control_16_8,20260823
2024-08-05,422,-0.14113970978919171,0.013320461373156192,-0.02225171554974113,0.03679271176744855,0.002964772016258476,corrected_control_16_8,20260823
2024-08-12,422,-0.15005088553282028,0.0019083775559851218,-0.011125581449791387,0.04020989647175215,0.003060027236899815,corrected_control_16_8,20260823
2024-08-19,422,0.07434381534591425,0.006899800730672874,0.008191552273225738,0.03047217977387952,0.0016644253156022015,corrected_control_16_8,20260823
2024-08-26,422,0.06105856758362821,0.002452310101557096,0.013577510327332069,0.023939452588167282,0.0015250644820576427,corrected_control_16_8,20260823
2024-09-02,422,0.21438709299857067,0.0017445358876716915,0.028802207721792254,0.05056761683926773,0.0038459701205692813,corrected_control_16_8,20260823
2024-09-09,422,-0.10603711518190054,0.0027488601800079032,-0.023931930662722305,0.04320750420270141,0.0036673221281833587,corrected_control_16_8,20260823
2024-09-16,422,-0.2388027277232383,-0.016539782882040225,-0.02563955974393714,0.03490746174283734,0.002359450652683472,corrected_control_16_8,20260823
2024-09-23,422,-0.2713876720725011,-0.02931123704097432,-0.08919009548573285,0.03927429540089524,0.004432881558847792,corrected_control_16_8,20260823
2024-09-30,422,0.030581378888958885,0.028711475083572705,0.04096691848155477,0.03437558068221393,0.0018897775115814868,corrected_control_16_8,20260823
2024-10-07,423,-0.02711911380178754,-0.00531899657657266,-0.03574220194108538,0.02572039334892806,0.0014253234105701983,corrected_control_16_8,20260823
2024-10-14,423,0.060114040878917654,-0.0002947564682703823,0.017773959622243478,0.02963758002185441,0.0017375805827001339,corrected_control_16_8,20260823
2024-10-21,423,0.0008852564685179634,0.008119545467345024,0.0024684145545785293,0.036344777607729535,0.0022649888590311755,corrected_control_16_8,20260823
2024-10-28,422,0.082508813652125,0.0009647929584217308,0.04099431095909144,0.034979607722361444,0.0028246600251981588,corrected_control_16_8,20260823
2024-11-04,422,0.22669982815802808,0.06884096309031992,0.12372894963622637,0.04920184315760034,0.004450776234919771,corrected_control_16_8,20260823
2024-11-11,423,0.058625268977798746,0.041427298179791426,0.06236060442824079,0.04506406055311249,0.0033723459859074933,corrected_control_16_8,20260823
2024-11-18,423,0.23822792067239854,0.06168486905068382,0.06886967661009809,0.036109560361728264,0.004090204637606242,corrected_control_16_8,20260823
2024-11-25,423,-0.28359455810269263,-0.03764133939642825,-0.06544866068927979,0.032482063414262234,0.002122038444379503,corrected_control_16_8,20260823
2024-12-02,423,0.005176138046414168,0.010466346933280302,-0.00829140022386087,0.03739959275851526,0.0028661706095551433,corrected_control_16_8,20260823
2024-12-09,423,0.03052664156524309,0.0046733660025500435,0.03130774279485775,0.030968268617383724,0.0019435101671721887,corrected_control_16_8,20260823
2024-12-16,423,0.07029999942922484,-0.010661372077316246,-0.021880657867054287,0.03868538569868179,0.002460037937554728,corrected_control_16_8,20260823
2024-12-23,422,-0.14797538492688048,-0.014322619983367849,-0.02414942439021772,0.019871720842259577,0.0008375024598797001,corrected_control_16_8,20260823
2024-12-30,422,0.020911570788135353,0.02518920971675036,0.002317608337316115,0.02713348294517157,0.0014921352781407666,corrected_control_16_8,20260823
2025-01-06,422,-0.03472359778561108,0.00018103478004783194,0.016806265999240066,0.031034066858954174,0.0017431891655313556,corrected_control_16_8,20260823
2025-01-13,422,-0.06730327274573737,0.0371272804257751,0.003332250033734427,0.04600053765557276,0.003509187890345513,corrected_control_16_8,20260823
2025-01-20,421,-0.19168758654073464,-0.038484519108401595,-0.04516528267286225,0.04587051247372034,0.003782832265268421,corrected_control_16_8,20260823
2025-01-27,421,-0.05870907356987667,-0.03604319008223748,-0.03542559154872831,0.03552575848021397,0.002533600624667396,corrected_control_16_8,20260823
2025-02-03,421,0.13797982919330898,0.0018138517060957429,0.002123275366782979,0.035194278492509445,0.002684221314774405,corrected_control_16_8,20260823
2025-02-10,422,0.026212735937896584,0.031718708540421,0.027186634178840832,0.03915096726308927,0.0031495805195414415,corrected_control_16_8,20260823
2025-02-17,422,-0.1966222257564388,-0.023598052461929378,-0.012444749284720367,0.04491250346156662,0.004190890194805005,corrected_control_16_8,20260823
2025-02-24,422,-0.06193121036032164,-0.02127565277799873,-0.03007429554459397,0.03424787641342189,0.0023853571872073064,corrected_control_16_8,20260823
2025-03-03,422,0.024286854047741148,-0.0012659418161309359,-0.020228132453723464,0.044840486642443514,0.0037086691915109255,corrected_control_16_8,20260823
2025-03-10,422,0.018368531655176604,0.017201119351866686,0.01706280389751864,0.038526935644545936,0.0023605660170929986,corrected_control_16_8,20260823
2025-03-17,422,-0.15778842460514117,-0.0029084786995655964,-0.022466905232494817,0.027177435745170477,0.0012692978351999508,corrected_control_16_8,20260823
2025-03-24,422,0.18822482296747994,-0.0023215882827052614,0.011291997621226915,0.027780144984422092,0.0014225656966862892,corrected_control_16_8,20260823
2025-03-31,423,0.24068177825638332,-0.02408152376182633,0.029698129890967054,0.09233360584438301,0.01161833357874071,corrected_control_16_8,20260823
2025-04-07,423,-0.17866864154875403,0.0032083602106789955,-0.05865270930146551,0.06584799564728483,0.007554212272130736,corrected_control_16_8,20260823
2025-04-14,423,0.23366346334957505,0.015328222289076099,0.018067602040060277,0.031579708121449404,0.0020026967397041716,corrected_control_16_8,20260823
2025-04-21,423,-0.3311088956578596,-0.006589493618243077,-0.06973809847660009,0.05947561522770843,0.005523834233241977,corrected_control_16_8,20260823
2025-04-28,423,-0.11313873705212382,-0.0372950031420342,-0.05334482172957114,0.043254758029027514,0.002970707247637708,corrected_control_16_8,20260823
2025-05-05,423,-0.023499130836255388,0.010845131548935644,-0.013024824613550678,0.0321509061113333,0.002291635235824397,corrected_control_16_8,20260823
2025-05-12,423,-0.47861416422977376,-0.0703493573309202,-0.11497169277875184,0.062229363109442506,0.006260063260011757,corrected_control_16_8,20260823
2025-05-19,423,0.26187291627425874,0.04398801537864936,0.06541097852141606,0.03474455731515394,0.002205878041771197,corrected_control_16_8,20260823
2025-05-26,423,0.058643900769623,0.02159671639117074,0.011277767293713062,0.028057316394494866,0.001611614637238202,corrected_control_16_8,20260823
2025-06-02,423,0.08923967076259973,0.021948802469030165,0.003019852149388373,0.02797288130712367,0.001683455453338108,corrected_control_16_8,20260823
2025-06-09,423,-0.10885332968248616,-0.009323856918862145,-0.009998806590321986,0.03313802552119517,0.0019238336947612453,corrected_control_16_8,20260823
2025-06-16,423,0.27605842327798713,0.009973380741479413,0.02167148983790003,0.02734303495917146,0.0014851341087636805,corrected_control_16_8,20260823
2025-06-23,423,0.10873266983890821,0.018434191686458566,0.04933080324162499,0.03634815546005643,0.0022491318119633105,corrected_control_16_8,20260823
2025-06-30,423,-0.03974196522964505,-0.00788078863117659,-0.01953146738994424,0.02893365917515802,0.0014865984741100422,corrected_control_16_8,20260823
2025-07-07,424,0.019046607000889476,0.009028303558200798,0.0007789048583013874,0.030419498642722566,0.0015990017047870177,corrected_control_16_8,20260823
2025-07-14,424,0.15105690288961832,0.02339960239919667,0.022484178355911003,0.031872810780152264,0.001835271831570609,corrected_control_16_8,20260823
2025-07-21,424,-0.19073574672743443,-0.011752075912650995,-0.022618523115738393,0.041155272198640236,0.003109414890018338,corrected_control_16_8,20260823
2025-07-28,424,0.0916870931431585,0.04450863725578995,0.05778515293842251,0.05580840243558814,0.005268046792218392,corrected_control_16_8,20260823
2025-08-04,424,0.08942231248179722,-0.01575192672077033,0.028032888181312096,0.04216860218523838,0.0039704538545803905,corrected_control_16_8,20260823
2025-08-11,425,-0.12948711134732926,-0.019150842565092654,-0.04442133497447974,0.03269465196096277,0.0021203814550236166,corrected_control_16_8,20260823
2025-08-18,425,-0.1789911053446093,-0.010153385984852298,-0.020016486587533185,0.029130723557160763,0.001663267382939424,corrected_control_16_8,20260823
2025-08-25,425,0.025397602038423662,0.004042777599541764,0.00020602632642773965,0.028427728793596486,0.0014243274757409117,corrected_control_16_8,20260823
2025-09-01,425,0.10349658438980164,0.03434557851898116,0.05538350307149644,0.031840518372730074,0.0020942654458550947,corrected_control_16_8,20260823
2025-09-08,425,0.05333479232777352,0.04007957831468274,0.05324262035896332,0.0312512261119295,0.0021262486532036685,corrected_control_16_8,20260823
2025-09-15,425,0.02859639524159385,0.04188879439663126,0.02524402270144379,0.030912035340420356,0.0018374341440334295,corrected_control_16_8,20260823
2025-09-22,425,0.0066267527473386385,-0.015927067212381643,-0.012124204753841333,0.03281130635496233,0.0019105829664214562,corrected_control_16_8,20260823
2025-09-29,425,0.016635819355645527,0.04007703457598456,0.04106507502257137,0.039910169778177344,0.003325593164023484,corrected_control_16_8,20260823
2025-10-06,425,-0.062437510747057265,-0.021258062776350894,-0.001477448480222042,0.047507588457768625,0.0035411653548900364,corrected_control_16_8,20260823
2025-10-13,425,0.15264666802144722,0.047431971976375956,0.06890546286615741,0.03483712808700895,0.002321553016200332,corrected_control_16_8,20260823
2025-10-20,425,-0.09476747276109489,0.036387105462356406,0.038040174251509934,0.036250845690271295,0.0024737691887180393,corrected_control_16_8,20260823
2025-10-27,425,0.25497960013130955,0.10286138531390031,0.13739251788991466,0.043368626880238625,0.004671772832444965,corrected_control_16_8,20260823
2025-11-03,425,-0.03331228212783918,0.020738280881214773,0.04330756915605335,0.041896783004144164,0.0037828870998566737,corrected_control_16_8,20260823
2025-11-10,425,-0.03223226149348924,-0.026822590537869426,-0.006125460801754433,0.033688472195563195,0.0020161589720897,corrected_control_16_8,20260823
2025-11-17,425,-0.08164449516187022,-0.03987015328385307,-0.012766073791036107,0.03712698711675685,0.0027790776372102594,corrected_control_16_8,20260823
2025-11-24,425,0.02351206107111275,0.0504640351449822,0.04000599174295495,0.0409701761597919,0.003073107634925904,corrected_control_16_8,20260823
2025-12-01,425,0.04790326866861547,0.02302030219429599,0.00762340793902375,0.033974745149427665,0.0021760651957947563,corrected_control_16_8,20260823
2025-12-08,425,-0.009789279517281268,-0.026800456052905538,-0.03251392186956081,0.03167217445579186,0.0020047245323387246,corrected_control_16_8,20260823
2025-12-15,425,0.12421988088352535,0.04457021925564383,0.05766576351184448,0.025771283697502603,0.0011786023657342902,corrected_control_16_8,20260823
2025-12-22,425,0.045898610307795726,0.009000545663585057,0.02454401243164685,0.017994554637219794,0.000559331867837892,corrected_control_16_8,20260823
2024-01-08,419,0.015080824212842804,-0.017650656884956758,0.008244110017780169,0.031285734537344255,0.0018758381743655098,corrected_control_16_8,20260824
2024-01-15,419,0.15430825925738623,0.0257988375266198,0.04014345658970354,0.03288264361736625,0.0022049793042292288,corrected_control_16_8,20260824
2024-01-22,419,-0.18289877438225638,-0.014065999747737314,-0.03426414534214752,0.030833370508343408,0.0018681453010499262,corrected_control_16_8,20260824
2024-01-29,419,0.18705850110196298,-0.003164020619341237,0.023569934867162384,0.031728534815356355,0.0020914281542998145,corrected_control_16_8,20260824
2024-02-05,419,0.10822728333091354,0.03406742026882015,0.05651168135677938,0.03610538283821071,0.0034858883655564167,corrected_control_16_8,20260824
2024-02-12,419,-0.03666380096476818,0.023707469896994154,-0.006995798878765263,0.03101365553374209,0.0017749364646614636,corrected_control_16_8,20260824
2024-02-19,419,0.05416168652382016,-0.002873382947812357,-0.0033140971464166984,0.02730703716525982,0.0016417597447602999,corrected_control_16_8,20260824
2024-02-26,419,0.1442671008177854,0.064111190704532,0.050217903359680634,0.034126884106044336,0.003484472698138763,corrected_control_16_8,20260824
2024-03-04,420,-0.21470286922585405,-0.0009792144094062337,-0.014478025407126756,0.03028015580427137,0.0019291057926783945,corrected_control_16_8,20260824
2024-03-11,420,-0.2353481109789252,-0.00522246777938469,-0.03159929541576411,0.037226046553321124,0.0027413110343202612,corrected_control_16_8,20260824
2024-03-18,420,0.23984036190681352,0.008970299072823474,0.011773689829651745,0.027865277961877953,0.001671615107207794,corrected_control_16_8,20260824
2024-03-25,421,-0.18950527245154122,-0.004791873153344212,-0.02097900397809251,0.02644366705109508,0.001299956986252008,corrected_control_16_8,20260824
2024-04-01,421,0.15097962905485052,-0.001674366909598662,-0.02075024950878664,0.033695970925215736,0.0020043412932113785,corrected_control_16_8,20260824
2024-04-08,421,-0.11044133563411743,-0.008972793359876427,-0.0269683109319576,0.03561575698686096,0.0018552403386332295,corrected_control_16_8,20260824
2024-04-15,421,-0.1952873594642797,-0.07816536515301241,-0.07336518004929964,0.04379874478032786,0.003791675467691836,corrected_control_16_8,20260824
2024-04-22,421,0.002490764967828155,0.023444141943018255,0.007475802915654466,0.041220436635555864,0.0032725557688664214,corrected_control_16_8,20260824
2024-04-29,421,-0.13449165912157435,0.035286584459263734,0.024782276825061903,0.034601187664877964,0.0026157681778971914,corrected_control_16_8,20260824
2024-05-06,421,0.07714729574778431,0.0020842287690235606,0.027051340623216756,0.03053145225661784,0.001830571743017663,corrected_control_16_8,20260824
2024-05-13,421,-0.0753818245560993,0.04212299567915632,0.01655184120211481,0.03012520013036713,0.0018322263826075502,corrected_control_16_8,20260824
2024-05-20,421,0.14831678773658488,0.016600125163513224,0.041832597518128796,0.03162516783556909,0.0020075151495500534,corrected_control_16_8,20260824
2024-05-27,421,0.030501900076710674,-0.014746846400157677,-0.02687158457119711,0.03210180225947629,0.002111849017523458,corrected_control_16_8,20260824
2024-06-03,421,-0.15272411950477885,-0.02939678947406979,-0.034822957158093464,0.03214113135861188,0.0017980693554722142,corrected_control_16_8,20260824
2024-06-10,421,0.04734825709767737,0.007280987094777265,0.0027880356849325745,0.030193607239748992,0.0017871394233660352,corrected_control_16_8,20260824
2024-06-17,421,-0.17211527555998304,-0.03652123676792259,-0.008637406222343515,0.03050921345525419,0.0015641583572260148,corrected_control_16_8,20260824
2024-06-24,421,-0.129935817129477,-0.016769480075549573,-0.015941631659604404,0.028228056228891813,0.0015442907951209166,corrected_control_16_8,20260824
2024-07-01,422,0.2748396009922739,0.016821372484326046,0.012562317384755634,0.02573586205531508,0.0013567921217023104,corrected_control_16_8,20260824
2024-07-08,422,-0.17188068729760259,-0.004518861925296956,-0.02082054537215495,0.03777948642049691,0.002365332900254514,corrected_control_16_8,20260824
2024-07-15,422,-0.2560476819039038,-0.02605594452771625,-0.024720846315081285,0.03878255115805781,0.002958757601377923,corrected_control_16_8,20260824
2024-07-22,422,-0.09611453608098446,-0.030898013461893824,-0.0022091152276177486,0.03816669696390582,0.0030583983992453884,corrected_control_16_8,20260824
2024-07-29,422,-0.029351535400195337,-0.03802075708421383,-0.029722156460775355,0.05004279904720736,0.004395235515668571,corrected_control_16_8,20260824
2024-08-05,422,-0.1298102037888345,0.015430741560240956,-0.00954089555785615,0.036746302585038346,0.002931359746757667,corrected_control_16_8,20260824
2024-08-12,422,-0.12971311928595627,0.012304946657292364,-0.01588733950587773,0.040448122999324626,0.003107863967486416,corrected_control_16_8,20260824
2024-08-19,422,0.07283756844517333,0.010447178250608431,0.019992018073187894,0.030255310101513364,0.001646129189683524,corrected_control_16_8,20260824
2024-08-26,422,0.02072937766677996,-0.028988717866731177,-0.017442685298261186,0.024298792016532372,0.0016007177778239708,corrected_control_16_8,20260824
2024-09-02,422,0.19054230876368877,-0.011388124538457618,0.012229479019450706,0.04972581349521017,0.0037610282475554675,corrected_control_16_8,20260824
2024-09-09,422,-0.15459389736076262,0.007201469806182852,-0.03187842862854763,0.044797122151055246,0.0039916006032881405,corrected_control_16_8,20260824
2024-09-16,422,-0.2273279143254811,-0.014932027206019237,-0.022664922424312933,0.03530074505909008,0.002415343934639047,corrected_control_16_8,20260824
2024-09-23,422,-0.2436082509372527,-0.018114017288385083,-0.06792987884806105,0.03942518841335397,0.004411879052046287,corrected_control_16_8,20260824
2024-09-30,422,0.033661097321545555,0.015488758315329988,0.02618516413067301,0.03450100820700131,0.0019103619996742609,corrected_control_16_8,20260824
2024-10-07,423,-0.04609485141771039,-0.005942750184965838,-0.03659976104754609,0.02603561647912804,0.0014540859227825395,corrected_control_16_8,20260824
2024-10-14,423,0.06614428054741144,-0.011943431717489475,0.006732883981726117,0.02964977781883629,0.001703498816228731,corrected_control_16_8,20260824
2024-10-21,423,-0.027002898705596832,0.005795510498521518,-0.001918721779257719,0.036140113236983434,0.0022643601775875805,corrected_control_16_8,20260824
2024-10-28,422,0.04324052741475545,-0.0038777206752826296,0.028854717792884253,0.03475622602633656,0.002848888400352282,corrected_control_16_8,20260824
2024-11-04,422,0.236785519207104,0.06267608197419425,0.13083812631637093,0.04892579912326645,0.004433568688784399,corrected_control_16_8,20260824
2024-11-11,423,0.08078117558122351,0.032378564185839315,0.04876560994292771,0.04534304765218254,0.003398732221420322,corrected_control_16_8,20260824
2024-11-18,423,0.25000285387584875,0.11055530769226979,0.1366861081928986,0.03647080894083408,0.003999103583787413,corrected_control_16_8,20260824
2024-11-25,423,-0.25704114591359856,-0.03302596077499133,-0.04831394281587101,0.032819798448010355,0.0021417629544358135,corrected_control_16_8,20260824
2024-12-02,423,-0.009968271242507782,0.015438352823730048,-0.0012601034511883769,0.03740983606834698,0.002883251421118633,corrected_control_16_8,20260824
2024-12-09,423,0.03993428475212186,-0.007887907377528787,0.013795243347940203,0.030635514827682217,0.0019412379195063243,corrected_control_16_8,20260824
2024-12-16,423,0.06520440410120985,-0.004309855207954495,0.003715478345058476,0.037453761656050445,0.002361286964652632,corrected_control_16_8,20260824
2024-12-23,422,-0.20001667043108634,-0.016202188247894878,-0.02985328411135634,0.019978820966072643,0.0008438921634399192,corrected_control_16_8,20260824
2024-12-30,422,0.027280665469557264,0.021546904351945177,0.013761964737302866,0.026859986229803862,0.0014524888294327667,corrected_control_16_8,20260824
2025-01-06,422,-0.004002260727618011,-0.014545163102337371,-0.007973838613355912,0.03064030506545811,0.0017040093338645274,corrected_control_16_8,20260824
2025-01-13,422,-0.10641555312897527,0.018135194439805394,-0.019747004263682567,0.04781819005501814,0.0036993853473578165,corrected_control_16_8,20260824
2025-01-20,421,-0.144528374103635,-0.03916617308379877,-0.049266533946024135,0.04573162065923659,0.003725172620779212,corrected_control_16_8,20260824
2025-01-27,421,-0.0498826825255662,-0.032393651483434344,-0.03460850820937109,0.03522435051696505,0.0024684920082554875,corrected_control_16_8,20260824
2025-02-03,421,0.13924282141059285,0.006976384431039079,0.030694484029588215,0.03505499628187483,0.0027049256832873637,corrected_control_16_8,20260824
2025-02-10,422,0.01458431186288794,-0.009217694847605973,-0.010887473889595555,0.039731230056371726,0.0032388805130208805,corrected_control_16_8,20260824
2025-02-17,422,-0.21528496497173574,-0.041756032630089875,-0.041943478142840565,0.04534256800175405,0.004291152161173889,corrected_control_16_8,20260824
2025-02-24,422,-0.12868510936896593,-0.02018364027527859,-0.020465847809973587,0.034946505955354874,0.002436735531061,corrected_control_16_8,20260824
2025-03-03,422,0.06180139177341372,0.02265356197879695,0.020856573665444002,0.04464299265721017,0.003640189004422102,corrected_control_16_8,20260824
2025-03-10,422,0.07419132241787359,0.011406489684638126,0.01526673146278957,0.03822010525649789,0.002348923259190886,corrected_control_16_8,20260824
2025-03-17,422,-0.12059739543675692,-0.004564099697648931,-0.018164896383284987,0.025410860602159704,0.001079374552396436,corrected_control_16_8,20260824
2025-03-24,422,0.1878297784449323,-0.011167422481792335,0.0006344757967827151,0.028465017950392135,0.0014762131749365063,corrected_control_16_8,20260824
2025-03-31,423,0.25178763612195054,-0.016742006091919295,0.048086746843258324,0.09033023519704583,0.011171729137526518,corrected_control_16_8,20260824
2025-04-07,423,-0.23556969386790869,0.0017303411758833112,-0.06578537411630984,0.06722971671308635,0.007917695958220073,corrected_control_16_8,20260824
2025-04-14,423,0.2515791446363306,0.024265278460123538,0.031176139010853376,0.0307755740753169,0.0018986900121195143,corrected_control_16_8,20260824
2025-04-21,423,-0.2810465226156977,-0.006982300482432827,-0.05985272264060788,0.05918005671113668,0.005488931306807791,corrected_control_16_8,20260824
2025-04-28,423,-0.15746640512479998,-0.022233240930055645,-0.03654491479842918,0.04221847238943132,0.002879851710638801,corrected_control_16_8,20260824
2025-05-05,423,-0.03488324159707965,0.015636150469943714,-0.003980862866771094,0.03269752416997658,0.0023079441614665434,corrected_control_16_8,20260824
2025-05-12,423,-0.5308860713735323,-0.051599793657468966,-0.0910688253415439,0.06813689633702015,0.007244344831564693,corrected_control_16_8,20260824
2025-05-19,423,0.016836123472621502,0.036806657026561884,0.04494652834819382,0.03844178223768711,0.00257329226628992,corrected_control_16_8,20260824
2025-05-26,423,0.028804011534891014,0.020045502675819046,0.011680579166898544,0.03085543169764505,0.001799449880758768,corrected_control_16_8,20260824
2025-06-02,423,-0.00490073922125732,0.01530014411627268,-0.019913145817625003,0.028802689481007736,0.0017898093594557695,corrected_control_16_8,20260824
2025-06-09,423,-0.12010743098961289,-0.02540319347751057,-0.04686528892507853,0.03290984555051341,0.0019181266716366695,corrected_control_16_8,20260824
2025-06-16,423,0.2817996287424618,0.017103340075836033,0.03321658145636606,0.026637696776922615,0.001427153331077061,corrected_control_16_8,20260824
2025-06-23,423,-0.03339637227985994,-0.001821364402017113,0.02555462459506896,0.03994682340982355,0.002623519822353878,corrected_control_16_8,20260824
2025-06-30,423,-0.05274152826954286,-0.009944493350834869,-0.02172673592400003,0.02996001044342971,0.001565875339049898,corrected_control_16_8,20260824
2025-07-07,424,-0.027480734566006245,0.008614893257532773,-0.006881440951542302,0.030195645109628504,0.0015888766278923446,corrected_control_16_8,20260824
2025-07-14,424,0.15520721656787964,0.023739253867645797,0.02581405544181999,0.030992006270115297,0.0017699216598145487,corrected_control_16_8,20260824
2025-07-21,424,-0.19517510095166124,-0.005333771797810451,-0.01902181749533519,0.04145007376865879,0.00316853837220491,corrected_control_16_8,20260824
2025-07-28,424,0.049674671956297566,0.015059737791970049,0.0284736180955412,0.05517068375391645,0.005233049785716376,corrected_control_16_8,20260824
2025-08-04,424,0.08324871498177754,-0.03014331743795038,0.01391644989456073,0.04145520706934043,0.003900589190243342,corrected_control_16_8,20260824
2025-08-11,425,-0.1655178127589064,0.009078075301068987,-0.009625301482565313,0.033100338391523196,0.0021572004163397467,corrected_control_16_8,20260824
2025-08-18,425,-0.18006330993731537,-0.006970988682389165,-0.012597755904050397,0.029173535383810328,0.0016780669711723326,corrected_control_16_8,20260824
2025-08-25,425,0.009126166544215348,0.0035754951565207965,0.0021326636959749577,0.02919443639838221,0.0014826271214356378,corrected_control_16_8,20260824
2025-09-01,425,0.07863047318316113,0.025625700838244107,0.05351923014939994,0.03226390387587807,0.002142923882254979,corrected_control_16_8,20260824
2025-09-08,425,0.021175220021572273,0.02075746001856547,0.014582250505705533,0.031483801552484265,0.0021785851161207712,corrected_control_16_8,20260824
2025-09-15,425,0.01711384846258461,0.019942695208413037,-0.0023786959501893162,0.031225058599130686,0.0018973486675236248,corrected_control_16_8,20260824
2025-09-22,425,-0.01056947679417236,0.0024668648942376254,-0.005537939173781563,0.032627429759561045,0.0018894725480416486,corrected_control_16_8,20260824
2025-09-29,425,-0.013363399040190087,0.05107015243096613,0.04931156034140107,0.0403230883863172,0.0033732777410726434,corrected_control_16_8,20260824
2025-10-06,425,-0.06724218786637695,-0.007123029788337343,0.007001947910087528,0.047157010056566716,0.0034487630632762736,corrected_control_16_8,20260824
2025-10-13,425,0.1502240077535133,0.0493735959256079,0.07378648743273546,0.03540332437559671,0.0024075184790721947,corrected_control_16_8,20260824
2025-10-20,425,-0.060673117506370076,0.03791125208147566,0.0505101342052463,0.037019990836558415,0.0025285753907770443,corrected_control_16_8,20260824
2025-10-27,425,0.2362662769067234,0.10447405313037593,0.12947880409626514,0.04379650265940712,0.004685229470471394,corrected_control_16_8,20260824
2025-11-03,425,-0.06411295743383721,0.018264197083202774,0.04248132069642199,0.04203322139758266,0.0037855617934069896,corrected_control_16_8,20260824
2025-11-10,425,-0.057002548029575904,-0.02195870213214803,-0.010803502994777248,0.03387953353103796,0.0020141774372695294,corrected_control_16_8,20260824
2025-11-17,425,-0.12701943067952665,-0.038313631875161014,-0.014080631277596053,0.03752069168217334,0.002819256600324564,corrected_control_16_8,20260824
2025-11-24,425,-0.012629707704651636,0.044790470715981745,0.024085967524998288,0.04114917385174707,0.003146923529575743,corrected_control_16_8,20260824
2025-12-01,425,0.05192540369855091,0.00869921734298035,-0.0027436938800510166,0.03439771346723978,0.002224567775667473,corrected_control_16_8,20260824
2025-12-08,425,-0.012351377968141815,-0.029000266974143624,-0.022339678628795056,0.0317188754324837,0.0019672107854154194,corrected_control_16_8,20260824
2025-12-15,425,0.13221287771021245,0.04754794652828454,0.05385939128060143,0.025905746868870757,0.0011754950884514319,corrected_control_16_8,20260824
2025-12-22,425,0.02838739428803677,0.011702774847715904,0.0216656740992655,0.018570283876425123,0.0005898198634703047,corrected_control_16_8,20260824
2024-01-08,419,0.10188369600503755,-0.020078271184493745,-0.0006655453580582098,0.030536090297967743,0.001806072207291367,corrected_control_16_8,20260825
2024-01-15,419,0.14732355949539722,0.013230323588694777,0.02077029077017785,0.03345272595569503,0.002247918182654651,corrected_control_16_8,20260825
2024-01-22,419,-0.20518974807380788,-0.017221814860925326,-0.03508730569182209,0.0317869148526897,0.0018931829005779802,corrected_control_16_8,20260825
2024-01-29,419,0.23926104042923538,-0.0007337305642636013,0.03000366106893285,0.031849591947105654,0.002089349629085352,corrected_control_16_8,20260825
2024-02-05,419,0.12366341107705257,0.0013655711298760816,0.01634317224577171,0.03647019514494389,0.003465963127186366,corrected_control_16_8,20260825
2024-02-12,419,-0.036456295870942276,0.02411237760731716,-0.0064386463067944745,0.03139430814404897,0.001807406157566459,corrected_control_16_8,20260825
2024-02-19,419,0.10329569734010524,0.02810674755804128,0.0304729458928168,0.02678051662396207,0.0015945380203384967,corrected_control_16_8,20260825
2024-02-26,419,0.176681778214249,0.058643296294632885,0.05925906780461493,0.03330680913420418,0.0032961099860680824,corrected_control_16_8,20260825
2024-03-04,420,-0.16726706419618512,0.02223559443241719,0.02926584679308337,0.030418785546078256,0.001882640458259175,corrected_control_16_8,20260825
2024-03-11,420,-0.24421858562528292,-0.002797951891051185,-0.03173310837764943,0.03854208884834581,0.002954559376204285,corrected_control_16_8,20260825
2024-03-18,420,0.23799454645434498,0.02064541374761075,0.03356756903034735,0.02787092891745104,0.0016610738060461303,corrected_control_16_8,20260825
2024-03-25,421,-0.14232563599901576,-0.009458203263284608,-0.03536793595079592,0.026473165239029355,0.0013270280542672498,corrected_control_16_8,20260825
2024-04-01,421,0.15402409390544164,0.013340950901170665,0.01150839473704598,0.035834500774154496,0.002127909206145985,corrected_control_16_8,20260825
2024-04-08,421,-0.11709248862607487,-0.012982976399487735,-0.03169153254057352,0.03677638866327065,0.0019733986669824084,corrected_control_16_8,20260825
2024-04-15,421,-0.19551942130884167,-0.07968350647795164,-0.0780182538355092,0.045256828264162156,0.00397326171182062,corrected_control_16_8,20260825
2024-04-22,421,0.051053766622655865,0.03214024970652949,0.020775570033595675,0.04029984481356427,0.0030733545493089546,corrected_control_16_8,20260825
2024-04-29,421,-0.13722124033276673,0.035325442493168366,0.021050922382466267,0.034874461815318746,0.0026299257147973636,corrected_control_16_8,20260825
2024-05-06,421,0.09596279934450168,0.005825254685820683,0.008601313765469985,0.03009977112840679,0.0018158291950263331,corrected_control_16_8,20260825
2024-05-13,421,-0.05570014972250679,0.04489060679173839,0.030462668937591524,0.02941062682082233,0.0017307272595314279,corrected_control_16_8,20260825
2024-05-20,421,0.13906535202479187,0.0030462686375604996,0.03259423225860656,0.03251036305355683,0.00208370199853431,corrected_control_16_8,20260825
2024-05-27,421,0.021865275474938772,-0.01037594860846274,-0.019773799943764353,0.03212198250502315,0.002101618376393308,corrected_control_16_8,20260825
2024-06-03,421,-0.17104003955504768,-0.05176376489286636,-0.05605912887109319,0.032376637674434695,0.0018697863007873597,corrected_control_16_8,20260825
2024-06-10,421,0.017922637123246772,0.0029237808748967756,-0.013461924846979858,0.030609086794981255,0.0018332570544031604,corrected_control_16_8,20260825
2024-06-17,421,-0.14611719147744412,-0.026821311265951397,-0.003933240065534988,0.031182921526077993,0.0016302800884739164,corrected_control_16_8,20260825
2024-06-24,421,-0.1319624584081812,-0.026281771579280553,-0.022178024614152102,0.028294194310694763,0.0015644740144267896,corrected_control_16_8,20260825
2024-07-01,422,0.2383350295177607,0.025657009278368476,0.020008693487857616,0.025654314593312966,0.0013579242600647173,corrected_control_16_8,20260825
2024-07-08,422,-0.13227803436775437,0.01284752400542541,-0.00029853622214570663,0.035780913355618164,0.0021361618529542035,corrected_control_16_8,20260825
2024-07-15,422,-0.29034038736876333,-0.03647829137844489,-0.04418889322922253,0.03971714228516566,0.003084851233094808,corrected_control_16_8,20260825
2024-07-22,422,-0.08802091404580427,-0.02961194842925397,0.008152618995188939,0.03834928023575547,0.003061700320338208,corrected_control_16_8,20260825
2024-07-29,422,0.008259767471438115,-0.0379352843059893,-0.042464721775618615,0.0503249961344816,0.004422732456346964,corrected_control_16_8,20260825
2024-08-05,422,-0.17427171253789672,-0.00903759756718589,-0.04948191441756916,0.03779654659557666,0.00310552854584819,corrected_control_16_8,20260825
2024-08-12,422,-0.16154294420411508,0.007997263800537967,0.003161086835164334,0.04119940791897308,0.003150751379851761,corrected_control_16_8,20260825
2024-08-19,422,0.04626739227751861,0.0013103243700905813,0.0010387642892707577,0.029161716767731768,0.0015493632488651078,corrected_control_16_8,20260825
2024-08-26,422,0.024272802343377194,0.0030014428623309827,0.01863732005106538,0.024272791621126538,0.0015653112691798295,corrected_control_16_8,20260825
2024-09-02,422,0.2373007921408818,0.0033382690729127917,0.027002254628107555,0.04963108171100276,0.0036970574422834903,corrected_control_16_8,20260825
2024-09-09,422,-0.08369251006632966,0.0022191661433317925,-0.017178768231047907,0.042373799833895456,0.0035611747085991016,corrected_control_16_8,20260825
2024-09-16,422,-0.19783083201019772,-0.0076260970766932265,-0.03280227549428867,0.033804685267452415,0.0022530876958998637,corrected_control_16_8,20260825
2024-09-23,422,-0.24238839702820833,-0.030331524880512564,-0.06853835832851227,0.03892509919659765,0.004305181279871895,corrected_control_16_8,20260825
2024-09-30,422,0.028665876098617742,0.02343506436339101,0.028657681284177533,0.034965693731650184,0.001946287942215325,corrected_control_16_8,20260825
2024-10-07,423,-0.022187457786419736,-0.00384242075674211,-0.03127543764536116,0.026009896464833697,0.0014481398908302362,corrected_control_16_8,20260825
2024-10-14,423,0.12169655943069616,-0.02057790824265714,0.01212256435179506,0.02868758315394471,0.0016555706839970097,corrected_control_16_8,20260825
2024-10-21,423,-0.025075581139320416,0.004691419221396334,-0.0053683895337209,0.03657447931375464,0.0022879981978519894,corrected_control_16_8,20260825
2024-10-28,422,0.08118220501740057,0.0014413931690063393,0.0430691035165776,0.036059967593927496,0.002922108476568142,corrected_control_16_8,20260825
2024-11-04,422,0.279261747375016,0.0654255134634335,0.11992655642749087,0.047359535220447904,0.004121399427515791,corrected_control_16_8,20260825
2024-11-11,423,0.04625799798706623,0.029814417887579145,0.0447547842509614,0.04659214300275939,0.00354363614491818,corrected_control_16_8,20260825
2024-11-18,423,0.20643653646016655,0.062113560602604576,0.08990924667961707,0.036152925561470026,0.004164632954569379,corrected_control_16_8,20260825
2024-11-25,423,-0.24468925414271786,-0.04132118029836864,-0.07065848832007134,0.032403754783935396,0.0021397789352049093,corrected_control_16_8,20260825
2024-12-02,423,-0.023478360962022524,0.01301361353852517,0.010755396897681877,0.03808869519400079,0.0029233055581637754,corrected_control_16_8,20260825
2024-12-09,423,0.06993930123166939,0.011322195099242921,0.050648982189066646,0.031750093427067416,0.002035183269488793,corrected_control_16_8,20260825
2024-12-16,423,0.08247320686223959,-0.0012598661480520065,0.002630608868706384,0.038749813958750656,0.00244355171856553,corrected_control_16_8,20260825
2024-12-23,422,-0.1641709322770923,-0.016297799771398704,-0.02856407176071386,0.019926202269340543,0.0008319470450984164,corrected_control_16_8,20260825
2024-12-30,422,0.03958740363704416,0.021951938192192776,0.031316190400543766,0.026653068253300286,0.0013978129644933949,corrected_control_16_8,20260825
2025-01-06,422,-0.014315892373844638,-0.004940932666032131,0.019791181690680525,0.03092462542309119,0.001717570977563033,corrected_control_16_8,20260825
2025-01-13,422,-0.061653050485298774,0.0274436865294204,-0.013699570939766023,0.04474547532562202,0.0033227851451974257,corrected_control_16_8,20260825
2025-01-20,421,-0.1511735767918857,-0.03693210613816806,-0.03507484907009688,0.04514290973258062,0.0036536470316669667,corrected_control_16_8,20260825
2025-01-27,421,-0.08507374356120852,-0.016378874080252438,-0.015267873163238141,0.03609475358727554,0.0025831210782286287,corrected_control_16_8,20260825
2025-02-03,421,0.11999969926842229,0.005866768097400619,0.011677508934505903,0.035409018681710314,0.00273366369859882,corrected_control_16_8,20260825
2025-02-10,422,0.02676937504485967,0.013739999363564466,0.006266814011406437,0.0393626220619782,0.0032229092315446627,corrected_control_16_8,20260825
2025-02-17,422,-0.1657924670250011,-0.04683094179323402,-0.04628847401483533,0.04551960741765651,0.004289271796397057,corrected_control_16_8,20260825
2025-02-24,422,-0.13571686965391533,-0.027073084127680006,-0.03090407936273366,0.035320328171724126,0.0024783242930939975,corrected_control_16_8,20260825
2025-03-03,422,0.0195048035671529,-0.005429784111806823,0.000834796446234836,0.044991431932298626,0.0036934130049585123,corrected_control_16_8,20260825
2025-03-10,422,-0.03263787775831564,0.026241603537013457,0.03382756996671257,0.03851915203531912,0.002384435989566561,corrected_control_16_8,20260825
2025-03-17,422,-0.09793742536529045,-0.0037718605980912485,-0.02182203409740331,0.025701130428960158,0.0011265403752797648,corrected_control_16_8,20260825
2025-03-24,422,0.1338709121764052,0.0020902132182752404,0.011200804021832869,0.02853324234081265,0.0015353261710268757,corrected_control_16_8,20260825
2025-03-31,423,0.17799148022929942,-0.006494808659050666,0.04318004450314977,0.0950093745740533,0.012221068000057187,corrected_control_16_8,20260825
2025-04-07,423,-0.13065630265797312,0.004867652135333217,-0.022292204910109727,0.064180789563233,0.007180172797329771,corrected_control_16_8,20260825
2025-04-14,423,0.25003614909408467,0.02271617660873895,0.023008494578612294,0.03329995983891082,0.002301112196900921,corrected_control_16_8,20260825
2025-04-21,423,-0.1494642957934504,0.005872143195387501,-0.02688788989384632,0.0553567183235731,0.004861798868914171,corrected_control_16_8,20260825
2025-04-28,423,-0.15423534201799463,-0.03647046983721329,-0.03831460805681025,0.04439193901627924,0.0031616852677392496,corrected_control_16_8,20260825
2025-05-05,423,-0.03181009295390737,0.00029144002174861746,-0.020016919753686434,0.03241212589377036,0.002287083598184315,corrected_control_16_8,20260825
2025-05-12,423,-0.5045896665594878,-0.05956828913893832,-0.10997875589406657,0.06323801340534092,0.0064248174216764075,corrected_control_16_8,20260825
2025-05-19,423,0.08257911736596138,0.046300026223686785,0.0574215378361551,0.037026119642271704,0.0024251812508810523,corrected_control_16_8,20260825
2025-05-26,423,0.013214159172632831,0.02128490013879779,0.016106517029714017,0.028366690116109154,0.0016166860191488043,corrected_control_16_8,20260825
2025-06-02,423,-0.0802514676948971,0.012626857752237503,-0.02181326897252504,0.030994640395527667,0.0019598110664627664,corrected_control_16_8,20260825
2025-06-09,423,-0.08156409208871106,-0.010695634697400645,-0.034762036837991256,0.03131791216656122,0.0018249251460956113,corrected_control_16_8,20260825
2025-06-16,423,0.18225691478263295,0.005638272530771557,0.008457988340540408,0.027460813925021095,0.0014798247123495095,corrected_control_16_8,20260825
2025-06-23,423,0.08458301385778692,0.003493986807117662,0.004144456775264007,0.03765510921807925,0.0023711801028335746,corrected_control_16_8,20260825
2025-06-30,423,-0.048465788053422026,0.006870474130423668,0.0025425256321122847,0.029501855544072336,0.001496223047589978,corrected_control_16_8,20260825
2025-07-07,424,-0.0019503939673018945,0.005568958185489583,0.009368026068435403,0.030940942369621034,0.0016546528610148345,corrected_control_16_8,20260825
2025-07-14,424,0.16555521445832447,0.025402613359247223,0.03159315703042199,0.0324610178106414,0.0018829490741964384,corrected_control_16_8,20260825
2025-07-21,424,-0.18269330373658896,-0.009079067698566673,-0.017222520573749147,0.040935709632787864,0.0030949611134301154,corrected_control_16_8,20260825
2025-07-28,424,0.08991506678946165,0.018935976994730895,0.023916083675972394,0.056109572390307484,0.005335044255221414,corrected_control_16_8,20260825
2025-08-04,424,0.10042254075455954,-0.008858666990862199,0.02021386977549172,0.0419254769354971,0.0039079681361191086,corrected_control_16_8,20260825
2025-08-11,425,-0.12295555798721297,-0.022001898593667857,-0.044880023044454764,0.03271419815066981,0.002095648620357807,corrected_control_16_8,20260825
2025-08-18,425,-0.2053275703052946,-0.013864538269970111,-0.02138259046885887,0.02956779035952899,0.0016925734623891037,corrected_control_16_8,20260825
2025-08-25,425,0.011891482077816512,0.009114172376218399,0.007000123442706333,0.028633122793967944,0.0014441389614475717,corrected_control_16_8,20260825
2025-09-01,425,0.10068343468133999,0.009040033910547644,0.03062369351330927,0.032119910114540504,0.002123043830670749,corrected_control_16_8,20260825
2025-09-08,425,0.04907708180269185,0.02254868595170122,0.02856940386017646,0.03161602697615813,0.0021421355417639894,corrected_control_16_8,20260825
2025-09-15,425,0.03945428397242501,0.04034819007254564,0.02407088020023495,0.030819468336464144,0.0018268329898609764,corrected_control_16_8,20260825
2025-09-22,425,-0.023175657719904333,-0.01338950321906849,-0.02259296762780139,0.03341339335699219,0.0019589068647448415,corrected_control_16_8,20260825
2025-09-29,425,0.05898782260711886,0.04084082320490448,0.045846014818374047,0.03950217975414018,0.003276037327738301,corrected_control_16_8,20260825
2025-10-06,425,-0.01602069687827297,0.0007927540874046804,0.009003509702204093,0.04707686918759996,0.0034738825495931125,corrected_control_16_8,20260825
2025-10-13,425,0.15089540573072177,0.04733159822775686,0.07561113912757587,0.0348132051829308,0.0023326293084005587,corrected_control_16_8,20260825
2025-10-20,425,-0.03239483515968174,0.03841944833457324,0.042532124892453,0.035241184303143415,0.0023329981350399434,corrected_control_16_8,20260825
2025-10-27,425,0.2247280799112098,0.08348453888224004,0.13184043196196105,0.04509871389195856,0.004751995945660966,corrected_control_16_8,20260825
2025-11-03,425,-0.016722108455393854,0.010890160372301736,0.026082988789476787,0.04237604365552894,0.0038182884198575805,corrected_control_16_8,20260825
2025-11-10,425,-0.02942270716418377,-0.031324532097968344,-0.01677323726029123,0.03405037070355843,0.002019456691606967,corrected_control_16_8,20260825
2025-11-17,425,-0.11254490315924405,-0.04274375627462147,-0.029337921135369854,0.03771336607784391,0.002857077928438839,corrected_control_16_8,20260825
2025-11-24,425,0.07958325176967897,0.05682329832077812,0.03756816197585539,0.040719081536833776,0.003003935976702585,corrected_control_16_8,20260825
2025-12-01,425,0.04899892138625315,0.02408393041160642,0.010295918235921669,0.03397700527931697,0.002163311093692462,corrected_control_16_8,20260825
2025-12-08,425,0.010777539822732177,-0.0180361985974516,-0.026318324884038846,0.03128111287476664,0.00197397142988654,corrected_control_16_8,20260825
2025-12-15,425,0.15093417329727532,0.03797085147751263,0.04622503139627348,0.025458503241254784,0.0011521446820031871,corrected_control_16_8,20260825
2025-12-22,425,0.07448375044942239,0.017715769169370465,0.03092669123400121,0.018039564025277233,0.0005566174388660089,corrected_control_16_8,20260825
2024-01-08,419,0.06268040463493296,-0.02756663170757108,-0.00011716134266896196,0.03079114361763137,0.0018292366871281327,corrected_control_16_8,ensemble
2024-01-15,419,0.1437059235200172,0.002268153223302751,0.02214377315544242,0.033096236359041076,0.002223026492411076,corrected_control_16_8,ensemble
2024-01-22,419,-0.20190571895131623,-0.007332210458358054,-0.026107639603797504,0.031328166874775444,0.0018786516101696317,corrected_control_16_8,ensemble
2024-01-29,419,0.22312800878307726,0.016645769014245946,0.04528925703094215,0.03170416571268158,0.002082513635113646,corrected_control_16_8,ensemble
2024-02-05,419,0.12364057246609692,0.001365571129876085,0.017781013698008385,0.03607987262418237,0.003457618248169489,corrected_control_16_8,ensemble
2024-02-12,419,-0.04369009962528365,0.01976954539774562,-0.013641429267179404,0.031097645000028585,0.001786639006944174,corrected_control_16_8,ensemble
2024-02-19,419,0.07971939828903732,0.021935712794632356,0.026793274529033465,0.026967287038971534,0.0016140361614970444,corrected_control_16_8,ensemble
2024-02-26,419,0.16730832287923106,0.06808060846405402,0.0660622396259384,0.03362771416618219,0.003395682241508839,corrected_control_16_8,ensemble
2024-03-04,420,-0.1934802027546317,0.01820994165686865,0.021870328339186985,0.03021217694715126,0.0018944063352917412,corrected_control_16_8,ensemble
2024-03-11,420,-0.23482818577688727,-0.0052224677793846885,-0.023734312976166173,0.03770113723521576,0.002816392732467192,corrected_control_16_8,ensemble
2024-03-18,420,0.24318181266009764,0.012960301037578986,0.026238084919495214,0.02759858491331145,0.0016378855113470606,corrected_control_16_8,ensemble
2024-03-25,421,-0.16117539404680156,-0.005663262097458138,-0.03147996763190185,0.026245042926269016,0.0012879306114849524,corrected_control_16_8,ensemble
2024-04-01,421,0.15336409265105327,0.0062568948240880684,-0.005429348605238323,0.03460431029426622,0.00204405596351836,corrected_control_16_8,ensemble
2024-04-08,421,-0.11478473570198305,-0.011452611109109306,-0.027384369628030647,0.03620000723040208,0.001915396340332654,corrected_control_16_8,ensemble
2024-04-15,421,-0.20436109015996667,-0.07731950342007192,-0.07701087958008701,0.04450594180447185,0.003851655018216801,corrected_control_16_8,ensemble
2024-04-22,421,0.03374127757845154,0.02600997341559786,0.014906984681112727,0.04063033885711484,0.0031596545610206622,corrected_control_16_8,ensemble
2024-04-29,421,-0.15041290283154046,0.03729716646669809,0.009798277394735766,0.03477736913879554,0.00263058852218439,corrected_control_16_8,ensemble
2024-05-06,421,0.08709137897484306,0.0019056927716795576,0.03160485160594183,0.030150348923711025,0.0018117761558294886,corrected_control_16_8,ensemble
2024-05-13,421,-0.0625836861970644,0.04489060679173838,0.023346979481835513,0.02973547298517899,0.001784043511439049,corrected_control_16_8,ensemble
2024-05-20,421,0.15257833092372836,0.006362315932201144,0.03809850404459212,0.03205402473308574,0.002041710356968052,corrected_control_16_8,ensemble
2024-05-27,421,0.01650871558674015,-0.01644496754509458,-0.02687495717765018,0.032151482683711596,0.0021161729162135637,corrected_control_16_8,ensemble
2024-06-03,421,-0.13900987505206025,-0.026796363326871242,-0.03075597827941165,0.03198101636295671,0.0018027327358548727,corrected_control_16_8,ensemble
2024-06-10,421,0.04603541098246799,0.006842020056427574,-0.0077567391070959505,0.030243209085211598,0.0017847118226836742,corrected_control_16_8,ensemble
2024-06-17,421,-0.1716731036491889,-0.026139654255931052,0.0036533352722827074,0.030749570493291165,0.0015885062809549225,corrected_control_16_8,ensemble
2024-06-24,421,-0.1334291278623775,-0.023623122157931914,-0.015564189066567636,0.02808132075366282,0.0015263422482564622,corrected_control_16_8,ensemble
2024-07-01,422,0.282532430096164,0.023053335967372204,0.015856996219096836,0.02537475711750808,0.0013259122096145582,corrected_control_16_8,ensemble
2024-07-08,422,-0.15289459920347598,0.009335365762754948,0.002898947643072268,0.03666102769089759,0.0022327433922590062,corrected_control_16_8,ensemble
2024-07-15,422,-0.2693083391835529,-0.03391838307965995,-0.032757695973765634,0.03919487333275144,0.0030132936898312336,corrected_control_16_8,ensemble
2024-07-22,422,-0.08207943827673092,-0.02840066393620011,0.003802923452595891,0.03805683442812545,0.0030362766396832596,corrected_control_16_8,ensemble
2024-07-29,422,-0.02458417533780577,-0.03589392259972432,-0.05503938856237724,0.05021926318011185,0.004415149371091643,corrected_control_16_8,ensemble
2024-08-05,422,-0.15356828262065245,0.013271065706942219,-0.027455221447637835,0.03702776828650838,0.0029839419485695093,corrected_control_16_8,ensemble
2024-08-12,422,-0.15431238423810745,0.010839061059917908,-0.0173532251032522,0.04057220506299262,0.0030990621433075,corrected_control_16_8,ensemble
2024-08-19,422,0.06120786694249525,0.0076499692572232145,0.010151037612280232,0.02984576714848531,0.0016041197134326571,corrected_control_16_8,ensemble
2024-08-26,422,0.033828919381619624,0.0005115952982567562,0.00662289148173528,0.024047498347805393,0.0015530995194296315,corrected_control_16_8,ensemble
2024-09-02,422,0.22066213706782928,-0.003009409533539245,0.0225233990341381,0.04995491123182858,0.0037614884854469035,corrected_control_16_8,ensemble
2024-09-09,422,-0.1190057205606215,0.007322134499720662,-0.015999196869143605,0.0434248240525787,0.0037294458917232457,corrected_control_16_8,ensemble
2024-09-16,422,-0.22594206498258593,-0.013604661236395664,-0.022095066590331097,0.03461731930116368,0.002335252072996792,corrected_control_16_8,ensemble
2024-09-23,422,-0.25338855653148373,-0.02559610101315107,-0.09477197555352689,0.039095530148635566,0.004375700972147193,corrected_control_16_8,ensemble
2024-09-30,422,0.03260067267744289,0.021320004920425815,0.030239479548723122,0.03458763156744691,0.001908758262806054,corrected_control_16_8,ensemble
2024-10-07,423,-0.033663368220380095,-0.009924376171495747,-0.03970784459801449,0.025837366462808726,0.0014336493081337817,corrected_control_16_8,ensemble
2024-10-14,423,0.08118579175711868,-0.013519087285904433,0.010691594168093326,0.029220042674028376,0.0016862644486666518,corrected_control_16_8,ensemble
2024-10-21,423,-0.015538165497614706,0.010838328963977259,0.0019954010137424472,0.03630905785763424,0.0022661687028420765,corrected_control_16_8,ensemble
2024-10-28,422,0.07048007568120228,-0.005058143596358892,0.03795286459215112,0.035222436275340725,0.002856829340607333,corrected_control_16_8,ensemble
2024-11-04,422,0.25238794154538674,0.0750767759847521,0.14767720093640652,0.04841916288721337,0.004322591851602265,corrected_control_16_8,ensemble
2024-11-11,423,0.061894225213929704,0.03854598378425432,0.05508770102654382,0.04558752007647178,0.003428732473335248,corrected_control_16_8,ensemble
2024-11-18,423,0.23632137305674836,0.06196349454770814,0.083638136110674,0.036168829556769,0.0040775270769355275,corrected_control_16_8,ensemble
2024-11-25,423,-0.26533419203286646,-0.03933922789544582,-0.0563524010545451,0.03249611657305583,0.0021282860129889524,corrected_control_16_8,ensemble
2024-12-02,423,-0.014116062691407867,0.01773932757902856,-0.000388506991559099,0.03758395976328045,0.0028793152312699354,corrected_control_16_8,ensemble
2024-12-09,423,0.05387990763589364,0.00578539018114786,0.03476169631146404,0.031046413281169073,0.0019634903582691006,corrected_control_16_8,ensemble
2024-12-16,423,0.0718371286711149,-0.004398858925022786,-0.00547924807644716,0.03824111150610527,0.0024142232717587952,corrected_control_16_8,ensemble
2024-12-23,422,-0.17066457615628564,-0.014448774453290894,-0.026941469588463513,0.019757528268466943,0.0008291784777136726,corrected_control_16_8,ensemble
2024-12-30,422,0.02665855819453483,0.025001637549677255,0.011143429469780496,0.02680663715629284,0.0014382211417021439,corrected_control_16_8,ensemble
2025-01-06,422,-0.015717230527231927,-0.0017160943950233001,0.01640505232797034,0.030765681115813102,0.0017133358337824479,corrected_control_16_8,ensemble
2025-01-13,422,-0.08045502931656583,0.019836630036539758,-0.021574693558323962,0.04609393612054964,0.0035003579093210216,corrected_control_16_8,ensemble
2025-01-20,421,-0.16549113324338188,-0.03848451910840159,-0.03947453067366742,0.045538447443210395,0.003713574927530162,corrected_control_16_8,ensemble
2025-01-27,421,-0.06832540763600867,-0.036485856282115856,-0.03363680912260102,0.03555615080519546,0.0025204201820939747,corrected_control_16_8,ensemble
2025-02-03,421,0.1370113770213495,0.004961156882677876,0.016754884997873754,0.035150981299181615,0.0026988037535911865,corrected_control_16_8,ensemble
2025-02-10,422,0.01965585938906543,0.025712436148449484,0.03398593275836676,0.039340316503847964,0.0031959769482385355,corrected_control_16_8,ensemble
2025-02-17,422,-0.20144643135011894,-0.038571340498289884,-0.038028872719891194,0.04520745848546248,0.004245610680383272,corrected_control_16_8,ensemble
2025-02-24,422,-0.11027977182906326,-0.02140520606197718,-0.029311657873739967,0.034757024370373785,0.002423635950881339,corrected_control_16_8,ensemble
2025-03-03,422,0.03765353782395466,-0.00780281964532687,-0.009158122929959572,0.044797121779917834,0.0036736466369287415,corrected_control_16_8,ensemble
2025-03-10,422,0.015029176048774106,0.024519421247590382,0.017637262089663226,0.03835673989370577,0.002346511221978227,corrected_control_16_8,ensemble
2025-03-17,422,-0.13217967243720666,-0.007369248124122067,-0.024427811359295712,0.02601859260761612,0.0011440023538769463,corrected_control_16_8,ensemble
2025-03-24,422,0.17501542194575329,-0.0016554271638819645,0.013946741592797636,0.028099631566107536,0.0014627516347711963,corrected_control_16_8,ensemble
2025-03-31,423,0.22764812725495825,-0.005329903271709624,0.04395820303742068,0.09254576582909513,0.011655276187613754,corrected_control_16_8,ensemble
2025-04-07,423,-0.18467858698898976,0.009936473172905191,-0.052468250326388015,0.06566710761690928,0.00752737182106014,corrected_control_16_8,ensemble
2025-04-14,423,0.24883752123759278,0.022716176608738953,0.020561166923516325,0.031648919858306854,0.002022621752977232,corrected_control_16_8,ensemble
2025-04-21,423,-0.2590306144775219,-0.0049953422057211275,-0.06755115495538538,0.05793047110554953,0.005271770733721299,corrected_control_16_8,ensemble
2025-04-28,423,-0.14737145350433756,-0.029071490049421486,-0.03799668441887599,0.04303069314274016,0.0029722539797589443,corrected_control_16_8,ensemble
2025-05-05,423,-0.026627454412504286,0.018275601885293334,-0.00559435427719299,0.032324809084962235,0.002283141513524668,corrected_control_16_8,ensemble
2025-05-12,423,-0.5214316563324651,-0.0643473109633706,-0.1040418648622644,0.06449454156390161,0.006621189701936469,corrected_control_16_8,ensemble
2025-05-19,423,0.12215333811516085,0.04319317613695117,0.06093015844922532,0.03665076898735996,0.0023856551510598417,corrected_control_16_8,ensemble
2025-05-26,423,0.034760684862054955,0.022511456309266018,0.01362485750070799,0.02888333303031402,0.0016598194984555256,corrected_control_16_8,ensemble
2025-06-02,423,0.003909334421822768,0.009846669687986923,-0.017404773111255312,0.029076987943120688,0.0017938699953540058,corrected_control_16_8,ensemble
2025-06-09,423,-0.10439153243903702,-0.009323856918862146,-0.011380711282619594,0.03238533730185782,0.0018764250410059369,corrected_control_16_8,ensemble
2025-06-16,423,0.2607128157417255,0.011094344779219993,0.02128626688404294,0.026783026980587918,0.0014456046151558911,corrected_control_16_8,ensemble
2025-06-23,423,0.054285158006421856,0.0049217590920779195,0.02105568517094219,0.03789439014151097,0.0024012473517191274,corrected_control_16_8,ensemble
2025-06-30,423,-0.04702997140416399,-0.0045320937106630476,-0.01625629558821384,0.029365559483460854,0.0015063528605962825,corrected_control_16_8,ensemble
2025-07-07,424,-0.002913705024362213,0.008614893257532771,-0.0005306904058384604,0.030472044878581843,0.0016075245494847294,corrected_control_16_8,ensemble
2025-07-14,424,0.16027534418022524,0.02678987915258124,0.034337334785847835,0.031664797212755266,0.001818698717178356,corrected_control_16_8,ensemble
2025-07-21,424,-0.19031131681897967,-0.004417889648032705,-0.01491194039103318,0.04114090033461245,0.003118483776392021,corrected_control_16_8,ensemble
2025-07-28,424,0.07845435725474452,0.04005077951920441,0.05383495440249019,0.05566255878721774,0.005271514237277401,corrected_control_16_8,ensemble
2025-08-04,424,0.09605702096173675,-0.014228608946460929,0.02302598647074835,0.041746631298727396,0.003913768656300668,corrected_control_16_8,ensemble
2025-08-11,425,-0.141085022901002,-0.010471379462251837,-0.03410606625487643,0.03274144364915632,0.002113508146846052,corrected_control_16_8,ensemble
2025-08-18,425,-0.19529411764705884,-0.012158880345563125,-0.021444192846178968,0.02916852444821351,0.0016708040777335712,corrected_control_16_8,ensemble
2025-08-25,425,0.016442763127041942,0.004868929419930022,0.002765919635559525,0.028679651934423303,0.0014419884961012121,corrected_control_16_8,ensemble
2025-09-01,425,0.09319300933235372,0.029356837058966148,0.054872634457875887,0.032019515163640495,0.0021129226534583895,corrected_control_16_8,ensemble
2025-09-08,425,0.04184224101546013,0.049144387581276615,0.05378246434592996,0.0313981233606613,0.0021403327489025077,corrected_control_16_8,ensemble
2025-09-15,425,0.029583404980381738,0.041067386081299326,0.019048253369046093,0.030868469042852457,0.0018458463351912493,corrected_control_16_8,ensemble
2025-09-22,425,-0.00710243704178456,-0.013707447049057207,-0.020092107213611574,0.03289298364025978,0.0019119554317890872,corrected_control_16_8,ensemble
2025-09-29,425,0.023920370167732255,0.04487793417179596,0.04565222420185114,0.03985075116655817,0.003314930736628538,corrected_control_16_8,ensemble
2025-10-06,425,-0.04983383095465133,-0.012349628457363489,0.0011495255639817625,0.04720727866991687,0.00347895845162616,corrected_control_16_8,ensemble
2025-10-13,425,0.15205593159400357,0.04988887812318557,0.08097947730729294,0.03492787981532544,0.002343910821177416,corrected_control_16_8,ensemble
2025-10-20,425,-0.061416266745869225,0.03828245094176687,0.04073608887645598,0.03611200091494025,0.0024332392467443956,corrected_control_16_8,ensemble
2025-10-27,425,0.23882399837426335,0.0923292572145707,0.1288007556002032,0.044062481028508724,0.00469238508373587,corrected_control_16_8,ensemble
2025-11-03,425,-0.03886010848665802,0.021537218896297616,0.04650617573135331,0.04200193769335051,0.0037867794156464774,corrected_control_16_8,ensemble
2025-11-10,425,-0.03634943958981413,-0.032848419626553625,-0.021693220489182843,0.033797413254799076,0.002006104565932634,corrected_control_16_8,ensemble
2025-11-17,425,-0.11224164074346189,-0.037657459787294845,-0.015502370069365765,0.03741367098658039,0.0028087893823911356,corrected_control_16_8,ensemble
2025-11-24,425,0.03239983869252627,0.049662640504902766,0.03019389656845131,0.04086806840187442,0.0030632347951807764,corrected_control_16_8,ensemble
2025-12-01,425,0.05139688296259243,0.02302030219429599,0.009038593697387076,0.03406458691689849,0.002178874035662768,corrected_control_16_8,ensemble
2025-12-08,425,-0.005908614841099874,-0.02645038227455284,-0.026852616477654374,0.03145607568817518,0.0019739503477901135,corrected_control_16_8,ensemble
2025-12-15,425,0.13876850447859188,0.03797085147751263,0.04844721504788904,0.025653692078233342,0.0011618938482738637,corrected_control_16_8,ensemble
2025-12-22,425,0.04984430445045412,0.010488109890803812,0.025828247637752252,0.01808193072276025,0.0005605282476301312,corrected_control_16_8,ensemble
2024-01-08,419,-0.09213487178566943,-0.0407668076217057,-0.048438875922087676,0.03345390009252573,0.002176351611550643,coherent_candidate_10_5,20260823
2024-01-15,419,0.26503522855739914,0.03714151192222081,0.0764097551871083,0.0329850342167457,0.0021430948893140637,coherent_candidate_10_5,20260823
2024-01-22,419,-0.13578125732186538,-0.02600927523989254,-0.03839805476233576,0.03208779967847883,0.0019302933170805934,coherent_candidate_10_5,20260823
2024-01-29,419,0.21023235023988698,0.010554589553519747,0.05623432375619051,0.03238632070821786,0.002106138190316339,coherent_candidate_10_5,20260823
2024-02-05,419,0.14724068796421516,0.08381215985605853,0.10407465228717001,0.03547381658822852,0.003361155709439265,coherent_candidate_10_5,20260823
2024-02-12,419,-0.06025363908795639,0.01806797961661988,-0.0025408091882845284,0.0312958223211665,0.001822411108561954,coherent_candidate_10_5,20260823
2024-02-19,419,-0.010095318985872655,-0.014344879917128236,-0.027054610410627497,0.028344488606552476,0.0017846283631570501,coherent_candidate_10_5,20260823
2024-02-26,419,0.12530338647660594,0.055775265609415536,0.021876673290205796,0.03427517318547648,0.0034672320175992873,coherent_candidate_10_5,20260823
2024-03-04,420,-0.13959764916062853,0.02790543188933802,0.01469298695770014,0.02991187932302127,0.001914722294318499,coherent_candidate_10_5,20260823
2024-03-11,420,-0.24444923157160753,-0.01262378718348615,-0.03315241915357133,0.037419926149803114,0.0028210367568778164,coherent_candidate_10_5,20260823
2024-03-18,420,0.22301616546255118,-0.0038103485097667183,0.014558057984744514,0.027746556664366026,0.001632749415708879,coherent_candidate_10_5,20260823
2024-03-25,421,-0.04677147778204841,-0.007067218360364205,-0.029532341918198687,0.025381644879534107,0.0012580743635110248,coherent_candidate_10_5,20260823
2024-04-01,421,0.13932250163633353,-0.0034484878862508974,0.005783147993842223,0.03378098378462284,0.002003735397531997,coherent_candidate_10_5,20260823
2024-04-08,421,-0.06428209585778452,-0.014793991099665796,-0.029699104016028852,0.03604485917750521,0.0019041825972084436,coherent_candidate_10_5,20260823
2024-04-15,421,-0.11871756481408516,-0.043039116570375,-0.033593579117903116,0.04286094918288854,0.003518511061537995,coherent_candidate_10_5,20260823
2024-04-22,421,0.05543962291156401,0.02049827424854117,0.015588496783300938,0.04002955762453737,0.003138643592112267,coherent_candidate_10_5,20260823
2024-04-29,421,-0.12859201340587345,0.017704434081395427,0.007596103405279105,0.03485488588356562,0.0026673622748929157,coherent_candidate_10_5,20260823
2024-05-06,421,-0.0015112163224871627,-0.008663146672675334,-0.003464062861556611,0.03093523151223719,0.0019159512188618886,coherent_candidate_10_5,20260823
2024-05-13,421,-0.06897190009279257,0.006323437451521457,-0.03153233322493473,0.029797704807024785,0.0019385678678228528,coherent_candidate_10_5,20260823
2024-05-20,421,0.10679926730854898,0.01999266670854319,0.045823653035042974,0.031954496698964364,0.0020424810873183384,coherent_candidate_10_5,20260823
2024-05-27,421,-0.0020642729291736957,0.010918318639322775,0.014511111987168094,0.03347211433231205,0.002168648609735875,coherent_candidate_10_5,20260823
2024-06-03,421,-0.15947586506463593,-0.01902041480190075,-0.006981781026187453,0.03282350505081793,0.0018361611043310137,coherent_candidate_10_5,20260823
2024-06-10,421,0.11605939191351293,0.018077070869755067,0.007396236857426847,0.02960444256678208,0.0017747103822283452,coherent_candidate_10_5,20260823
2024-06-17,421,-0.11215205245884459,-0.028650746533470883,-0.01432786275864429,0.030740425823824587,0.0016091434276554678,coherent_candidate_10_5,20260823
2024-06-24,421,-0.14924374856268002,-0.008803150221942335,-0.0025159188579696613,0.028017731795442546,0.001515742516840692,coherent_candidate_10_5,20260823
2024-07-01,422,0.17739438447586867,0.02530532453572438,0.025716616991417893,0.026875416205805223,0.0014397334395978084,coherent_candidate_10_5,20260823
2024-07-08,422,-0.11460689838086843,0.0036682196744662263,-0.006098613593741843,0.03619535683331301,0.0021790785037878336,coherent_candidate_10_5,20260823
2024-07-15,422,-0.25360092888152985,-0.02070378325827607,-0.04521290643872239,0.03989245368082469,0.00309176510283732,coherent_candidate_10_5,20260823
2024-07-22,422,-0.10804539115673552,-0.04118835587480645,-0.04219334993020865,0.03888998116001171,0.0031514388587459037,coherent_candidate_10_5,20260823
2024-07-29,422,-0.04483427811085374,-0.0314812124361913,-0.011368671346473465,0.05097603630591322,0.0045998201993752656,coherent_candidate_10_5,20260823
2024-08-05,422,-0.09321669141283581,-0.0030202860325075176,-0.005129063791436772,0.036028674519790437,0.0027718245542827998,coherent_candidate_10_5,20260823
2024-08-12,422,0.11980427253248681,0.04157761547107853,0.04291526492922797,0.038835479179963814,0.0027257228323939193,coherent_candidate_10_5,20260823
2024-08-19,422,0.1383287302025657,0.01629381749753419,0.024810343503275406,0.029939977695844507,0.0016062286031719318,coherent_candidate_10_5,20260823
2024-08-26,422,0.07178864065009571,-0.004180634005322145,0.02375241310961396,0.024019348267168873,0.0014775281005082708,coherent_candidate_10_5,20260823
2024-09-02,422,0.11180278496796572,-0.032313900106613884,-0.007347051588057617,0.05069369280228188,0.003966863112135651,coherent_candidate_10_5,20260823
2024-09-09,422,-0.040654854133328804,0.019080079701114402,-0.009129782155249587,0.0430217022495822,0.003701450202305602,coherent_candidate_10_5,20260823
2024-09-16,422,-0.10507090082841984,-0.0027482107722057673,-0.02334464568821299,0.03167330350458465,0.002055455596603244,coherent_candidate_10_5,20260823
2024-09-23,422,-0.26793302861893065,-0.026013032323088787,-0.07278305216612463,0.04333277306524345,0.0049131524835131874,coherent_candidate_10_5,20260823
2024-09-30,422,-0.06600748205353843,0.0017106563245624623,-0.028256475013829278,0.03487782828808734,0.0020923573345302737,coherent_candidate_10_5,20260823
2024-10-07,423,-0.11458279823161167,-0.013743606519201628,-0.029356215035692173,0.027023127586226985,0.0015631883945687024,coherent_candidate_10_5,20260823
2024-10-14,423,0.09680521282620594,-0.006986153094931363,0.025936933988461496,0.02882659726891661,0.0016670813112211358,coherent_candidate_10_5,20260823
2024-10-21,423,-0.03393353647909477,0.01678230202377208,0.008808521509153342,0.03741905912102693,0.002396945999864852,coherent_candidate_10_5,20260823
2024-10-28,422,0.04518812557529156,-0.0018261212161744672,0.013100168544135373,0.037612253490316425,0.0030497429094442953,coherent_candidate_10_5,20260823
2024-11-04,422,0.2854520024298275,0.03801223858086309,0.06976268173780062,0.04679141122824509,0.004166301011750178,coherent_candidate_10_5,20260823
2024-11-11,423,0.0902739593975912,0.020727859811683593,0.03444644731278414,0.04505692291935927,0.00332384788860434,coherent_candidate_10_5,20260823
2024-11-18,423,0.2492085250979355,0.056397126030373404,0.03316875385798883,0.03547937775446838,0.004123125810152317,coherent_candidate_10_5,20260823
2024-11-25,423,-0.2848052356572127,-0.046690540641279164,-0.0889681875533332,0.0334046826515736,0.002169233113148008,coherent_candidate_10_5,20260823
2024-12-02,423,0.03541770912409476,0.007921246241079958,0.0028997471844382835,0.03744829184167723,0.0028210526641111737,coherent_candidate_10_5,20260823
2024-12-09,423,0.061354049935217016,-0.003358334884946015,0.017339785090012595,0.032287121956251254,0.0020782737793185713,coherent_candidate_10_5,20260823
2024-12-16,423,-0.009830175361157987,-0.0006311223007033559,-0.006672641642829921,0.0400298567450527,0.002582265188065577,coherent_candidate_10_5,20260823
2024-12-23,422,-0.14079145107080773,-0.015451533247406316,-0.012615348594657233,0.020206003708420975,0.000876260619830914,coherent_candidate_10_5,20260823
2024-12-30,422,-0.01231783582036525,0.008912135270369475,-0.008736089253201268,0.026481298986094394,0.0014363148258320546,coherent_candidate_10_5,20260823
2025-01-06,422,-0.034301727297775024,-0.0059415272300549025,0.017970106195613532,0.03186349460397142,0.0018332037724514301,coherent_candidate_10_5,20260823
2025-01-13,422,-0.02161064308024218,0.03455166601969036,0.014955797587576217,0.04534241618649691,0.00334943915951428,coherent_candidate_10_5,20260823
2025-01-20,421,-0.16313320478533072,-0.06735935050546106,-0.0767291345245891,0.04578250140022348,0.0037097962464417997,coherent_candidate_10_5,20260823
2025-01-27,421,-0.07746362675835496,-0.025150191205882678,-0.014558063866415765,0.03571447084674864,0.0026067359416425476,coherent_candidate_10_5,20260823
2025-02-03,421,0.07921165227115269,0.008919321186065032,0.003313192177627668,0.0361994963296315,0.002842941730753238,coherent_candidate_10_5,20260823
2025-02-10,422,0.06635254720274877,0.03967789516666366,0.037312266785230405,0.03949801437676965,0.0031887882930869377,coherent_candidate_10_5,20260823
2025-02-17,422,-0.23372750759251115,-0.03821198559114216,-0.011020281710378353,0.04586809039031496,0.004421717476202494,coherent_candidate_10_5,20260823
2025-02-24,422,-0.04403428903286032,-0.031546707115994596,-0.027582676962906744,0.03465882251336615,0.0024287984625472048,coherent_candidate_10_5,20260823
2025-03-03,422,-0.02414458054105609,-0.017184708326939205,-0.020895766505683023,0.04544136395875533,0.0038399499294593043,coherent_candidate_10_5,20260823
2025-03-10,422,0.08826953340597107,0.02143272358953536,0.009431251320225367,0.039776469940986804,0.0024925266028398953,coherent_candidate_10_5,20260823
2025-03-17,422,0.0072510786479482005,0.006386733898124325,-0.010789786153757345,0.023849652626975682,0.0009983713829007969,coherent_candidate_10_5,20260823
2025-03-24,422,-0.0028444323372683856,-0.00563680050491604,-0.0130903943029293,0.03269982797630268,0.0018681857951116528,coherent_candidate_10_5,20260823
2025-03-31,423,0.09918661367336312,-0.0523867278164547,0.013430255820695569,0.09465476590394811,0.012350359541808829,coherent_candidate_10_5,20260823
2025-04-07,423,-0.13182448917207792,0.022844198932584985,-0.03006517107919729,0.058896565251603826,0.0063607328221645205,coherent_candidate_10_5,20260823
2025-04-14,423,0.18125821678421464,0.008676957119124902,0.026402560102916788,0.03727755848995406,0.00240500509365198,coherent_candidate_10_5,20260823
2025-04-21,423,-0.4151837610659036,-0.022151743691187577,-0.07628097806080462,0.06199256122281485,0.005947133479138452,coherent_candidate_10_5,20260823
2025-04-28,423,-0.13312395397522708,-0.018090604249032777,-0.025740638674485318,0.043887193122077305,0.003207843891469652,coherent_candidate_10_5,20260823
2025-05-05,423,-0.03833611427679932,0.0056263536516345785,-0.021989730639650245,0.033535120152407706,0.0023629712404291173,coherent_candidate_10_5,20260823
2025-05-12,423,-0.41882657503822607,-0.026804116288254746,-0.047288997651395326,0.0647481392279581,0.006625844840562205,coherent_candidate_10_5,20260823
2025-05-19,423,0.15304797111623963,0.0652516069493754,0.06987704493775738,0.0413364319700217,0.002872527604743985,coherent_candidate_10_5,20260823
2025-05-26,423,0.02810695233119455,0.020512076564374274,0.01582189175991266,0.03202913044532886,0.0018860174364973405,coherent_candidate_10_5,20260823
2025-06-02,423,0.11052807922613356,0.018131913307676217,-0.0005330836399682834,0.028062296824786052,0.0017290619279207932,coherent_candidate_10_5,20260823
2025-06-09,423,-0.08655988123436642,-0.003973813784569088,-0.01177188930285191,0.036174641702462755,0.002130507692497671,coherent_candidate_10_5,20260823
2025-06-16,423,0.043319457154761876,0.004783685705258382,0.014868101210847886,0.02899256758316482,0.001619947246759868,coherent_candidate_10_5,20260823
2025-06-23,423,0.014707766284057044,0.01126277320131329,0.021765342949857838,0.036850173906350904,0.002321568135842602,coherent_candidate_10_5,20260823
2025-06-30,423,-0.08739011785238866,0.014372895510672888,-0.013811008498851689,0.029796649302935206,0.0015947109876710086,coherent_candidate_10_5,20260823
2025-07-07,424,0.002563109547311498,-0.002550971761915654,-0.009816202239505967,0.031081494289151336,0.0017074190871523036,coherent_candidate_10_5,20260823
2025-07-14,424,0.12811832400563597,0.017479495382305428,0.022811788556236966,0.03216155714785794,0.0018455688206587555,coherent_candidate_10_5,20260823
2025-07-21,424,-0.19057642808227265,-0.01814208552295049,-0.0219740230008102,0.04159026794898686,0.0031934130673442656,coherent_candidate_10_5,20260823
2025-07-28,424,0.027923426295447924,0.025901517503780565,0.03311229201112246,0.05622394434751269,0.005455308203486315,coherent_candidate_10_5,20260823
2025-08-04,424,0.13147062759266692,-0.0014081109025515584,0.044194409446865084,0.040538120172134665,0.003808736228291032,coherent_candidate_10_5,20260823
2025-08-11,425,0.015361804567694738,-0.012024212305680551,-0.007862041006316467,0.03134527766739677,0.0020130410432561306,coherent_candidate_10_5,20260823
2025-08-18,425,-0.19005486861233997,-0.017331202004436184,-0.027334952670970164,0.029751518520367247,0.0016660763584306019,coherent_candidate_10_5,20260823
2025-08-25,425,-0.03689265448406309,0.013783021717618717,-0.0014613682259630445,0.030853173366905972,0.0016258456211852602,coherent_candidate_10_5,20260823
2025-09-01,425,0.025123571618389587,0.02440051338977603,0.03070868181475825,0.03233053169965473,0.0021754924379221454,coherent_candidate_10_5,20260823
2025-09-08,425,-0.02614309609041597,0.008217800813629808,-0.006007827276386725,0.0318858707143561,0.002310476958642775,coherent_candidate_10_5,20260823
2025-09-15,425,0.17402823154241767,0.04218949934360526,0.041511311644592,0.029513677152487663,0.0016899863107470226,coherent_candidate_10_5,20260823
2025-09-22,425,-0.07053555517343797,0.0043431829055603196,0.004782877790721395,0.032826882722722224,0.0018998345768973103,coherent_candidate_10_5,20260823
2025-09-29,425,-0.010911663097340984,0.04343531080160455,0.01926848481497765,0.04051744803294592,0.0034863952228508803,coherent_candidate_10_5,20260823
2025-10-06,425,-0.020241672007628456,-0.01091004035516159,-0.007481329751203324,0.046613925505869944,0.0034466156419559694,coherent_candidate_10_5,20260823
2025-10-13,425,0.08344515483578496,0.050069379941740794,0.046859852703404106,0.034267881640275895,0.002223948947000999,coherent_candidate_10_5,20260823
2025-10-20,425,-0.08329602476121993,0.02256561964411319,0.0026652384641898397,0.035640678703471325,0.0024093457580807273,coherent_candidate_10_5,20260823
2025-10-27,425,0.22476481530693596,0.07797855972424919,0.09890667904969824,0.04356932980140711,0.004824749001708565,coherent_candidate_10_5,20260823
2025-11-03,425,0.028390989667192952,0.016958520934164056,0.08123788535498476,0.04140457464322499,0.0034278056833039654,coherent_candidate_10_5,20260823
2025-11-10,425,-0.022115958793828456,-0.023034693681372106,0.016763023846505846,0.03258207559062965,0.0018438887444148474,coherent_candidate_10_5,20260823
2025-11-17,425,-0.2022816588766785,-0.050630539081572515,-0.05256707894541458,0.04015537154735601,0.0032821381545007503,coherent_candidate_10_5,20260823
2025-11-24,425,0.13684099579657183,0.059970385616803845,0.06054082703910392,0.037152336530414665,0.0026169914197144302,coherent_candidate_10_5,20260823
2025-12-01,425,0.03474246142783449,0.006466511998201805,-0.019934310425857336,0.03423250878122797,0.0022430320582268316,coherent_candidate_10_5,20260823
2025-12-08,425,-0.09010035797470729,-0.014743942396189013,-0.03369689065128823,0.03136722727066909,0.0019127212119013943,coherent_candidate_10_5,20260823
2025-12-15,425,0.14038783198636887,0.024259550577126317,0.034228013432343864,0.02503648015166776,0.0011552206362016994,coherent_candidate_10_5,20260823
2025-12-22,425,0.09346391333573026,0.0191094855457836,0.030856840136113048,0.018522945358593477,0.0005755648083866892,coherent_candidate_10_5,20260823
2024-01-08,419,-0.027497850723576134,-0.019028608841491854,-0.0033009362656265056,0.03202653421673619,0.0019720011169287706,coherent_candidate_10_5,20260824
2024-01-15,419,0.1729802919100746,0.006894552848571437,0.007911134234156023,0.03345494140101515,0.0022206120392435935,coherent_candidate_10_5,20260824
2024-01-22,419,-0.1849917699434092,-0.025879277753450357,-0.04454297977005153,0.031810795176832954,0.0019060295496458072,coherent_candidate_10_5,20260824
2024-01-29,419,0.20962255932737028,0.004261337333141814,0.04760808524799666,0.03207818663013835,0.0020881021958698526,coherent_candidate_10_5,20260824
2024-02-05,419,0.1729453814618995,0.0901469785190967,0.11339037012744796,0.03555852410406539,0.0033334007414430127,coherent_candidate_10_5,20260824
2024-02-12,419,-0.0889585104005403,0.00874133119678618,-0.013986642674714651,0.03125054067343867,0.0018427628558042172,coherent_candidate_10_5,20260824
2024-02-19,419,-0.0004679468442727637,-0.005872992747270666,-0.016305195239212297,0.02768841381021759,0.0016818404065321332,coherent_candidate_10_5,20260824
2024-02-26,419,0.10726316768271296,0.029262187789415348,0.024327091141315378,0.03415557021558522,0.003530436849437174,coherent_candidate_10_5,20260824
2024-03-04,420,-0.1417280467252406,0.022877028144193845,0.016826476396361194,0.029448919124833828,0.001805249276355506,coherent_candidate_10_5,20260824
2024-03-11,420,-0.12504379276526512,0.006269281959399059,-0.006226463575299238,0.035770157465905165,0.002560808132341758,coherent_candidate_10_5,20260824
2024-03-18,420,0.24664781870321584,0.007965991748733671,0.012794838308356466,0.027677122291315342,0.001591244508175001,coherent_candidate_10_5,20260824
2024-03-25,421,-0.03644351955639681,-0.00499772244221959,-0.026083859542729144,0.025029847640529904,0.0012363168166642168,coherent_candidate_10_5,20260824
2024-04-01,421,0.1793180308676025,0.027547154541974393,0.03483598667485807,0.033060708303221976,0.0018610112844640923,coherent_candidate_10_5,20260824
2024-04-08,421,-0.12538962427852568,-0.008631935055041978,-0.02328871843687204,0.0363081681499128,0.0019492218046594997,coherent_candidate_10_5,20260824
2024-04-15,421,-0.10530155978366626,-0.05362673847887528,-0.042898191566906996,0.04268579531199666,0.003480678564939441,coherent_candidate_10_5,20260824
2024-04-22,421,0.08927497961618933,0.05809335628157758,0.05588754359221394,0.04008675787126644,0.0030481298628654064,coherent_candidate_10_5,20260824
2024-04-29,421,-0.1431110760883025,0.02261409371086522,0.002110088515179964,0.03489083089898154,0.0026751009015211565,coherent_candidate_10_5,20260824
2024-05-06,421,0.04786681612114175,-0.009618740228807139,0.0028406679704192986,0.030560543940795517,0.0018467697492648557,coherent_candidate_10_5,20260824
2024-05-13,421,-0.057915431710615826,0.04044982098245881,0.003268878052173227,0.029600913523898962,0.001854547443982247,coherent_candidate_10_5,20260824
2024-05-20,421,0.16263144944573726,-0.00292252184785091,0.013807352306628886,0.03212887836942324,0.0020348111108127935,coherent_candidate_10_5,20260824
2024-05-27,421,-0.034692039619373546,-0.02229653431152144,-0.03745053024199641,0.0336323862704717,0.002242889251494972,coherent_candidate_10_5,20260824
2024-06-03,421,-0.1424896771272609,-0.04544738477900962,-0.037289080690194154,0.03275596061444056,0.0018755937666001562,coherent_candidate_10_5,20260824
2024-06-10,421,0.1288601843010157,0.0059047787297406475,6.646922311371456e-05,0.02916306698321111,0.001693784032646356,coherent_candidate_10_5,20260824
2024-06-17,421,-0.10061698621206032,-0.03069354380371766,-0.030828036802901745,0.030214054883001596,0.0016159582917240492,coherent_candidate_10_5,20260824
2024-06-24,421,-0.1164530722061314,-0.006616997213385557,-0.0023553033078768442,0.02807632278297662,0.0015108468774860753,coherent_candidate_10_5,20260824
2024-07-01,422,0.20837935066914462,0.021276301206915156,0.02468193286530601,0.026263563723556142,0.001367031767530632,coherent_candidate_10_5,20260824
2024-07-08,422,-0.16330930731404789,-0.010286806191189449,-0.015270114947581917,0.03750870088824055,0.0023003240096482317,coherent_candidate_10_5,20260824
2024-07-15,422,-0.2923817167845454,-0.046475102846335506,-0.07534211260404103,0.040291126812354645,0.003141436836042525,coherent_candidate_10_5,20260824
2024-07-22,422,-0.13077833428381938,-0.02763957436935749,-0.01925784346345538,0.03936012403374952,0.0032279216607025768,coherent_candidate_10_5,20260824
2024-07-29,422,0.11512106301782228,-0.026080167269249402,-0.011232800854530135,0.04910230080005475,0.0042840376642177625,coherent_candidate_10_5,20260824
2024-08-05,422,-0.16207866543299093,0.0006351964858156544,-0.017970746846834196,0.03722724331444078,0.0030261114258151116,coherent_candidate_10_5,20260824
2024-08-12,422,0.07966030962770888,0.04337122281625606,0.021991358934943465,0.0399459315884589,0.0028855167173910787,coherent_candidate_10_5,20260824
2024-08-19,422,0.04355956497520074,-3.947187481534442e-06,0.004536140806506595,0.029809767371177187,0.00160191733528967,coherent_candidate_10_5,20260824
2024-08-26,422,0.04524656789116892,-0.006200458352989447,0.021930113169968672,0.024236628924490397,0.0015121675838714389,coherent_candidate_10_5,20260824
2024-09-02,422,0.1957984445881019,-0.023772806072106245,-0.035437840602345616,0.04911053014784147,0.003717001024421672,coherent_candidate_10_5,20260824
2024-09-09,422,-0.07222089023774605,0.01811583208566063,-0.0016383371726170215,0.04262805221678465,0.0035657617602826907,coherent_candidate_10_5,20260824
2024-09-16,422,-0.16164801262992737,-0.013284254515175974,-0.02962605828748763,0.03295063988039298,0.0021974216955682087,coherent_candidate_10_5,20260824
2024-09-23,422,-0.2946804478757217,-0.024578330358519335,-0.06946817018142883,0.04095157340310265,0.004614807102090909,coherent_candidate_10_5,20260824
2024-09-30,422,-0.10759142529870452,-0.019359771576707117,-0.023734798906527105,0.03454329880025728,0.0019980452553157073,coherent_candidate_10_5,20260824
2024-10-07,423,-0.02693614865014843,-0.021722210720878505,-0.027555250570919933,0.025879551415865665,0.001431874676906452,coherent_candidate_10_5,20260824
2024-10-14,423,0.16381501049909214,-0.016697971204942336,0.00023649995140199997,0.02849569791005563,0.0016248531844146642,coherent_candidate_10_5,20260824
2024-10-21,423,0.014332165080710993,0.031688316774532974,0.03090030799934203,0.036653724010657245,0.0022813575389596286,coherent_candidate_10_5,20260824
2024-10-28,422,0.07476025676615515,0.021042221719484583,0.05856112476286098,0.03679712665233863,0.002939601341092364,coherent_candidate_10_5,20260824
2024-11-04,422,0.2541075987748033,0.055219162778799895,0.08691902612707379,0.04786947996954105,0.004296600395687497,coherent_candidate_10_5,20260824
2024-11-11,423,0.143270433909626,0.04533057843077471,0.07278570570645065,0.04338089444412491,0.0031025875776916185,coherent_candidate_10_5,20260824
2024-11-18,423,0.29501323247101885,0.059208034684493344,0.020038691479298057,0.03497347334636843,0.004214952743973314,coherent_candidate_10_5,20260824
2024-11-25,423,-0.3014155858404632,-0.04021809596137106,-0.07324055475294491,0.03277702964659014,0.002132169331371934,coherent_candidate_10_5,20260824
2024-12-02,423,0.05433335679853476,0.016667443584988895,0.015881097393903046,0.03724175032110856,0.002789742474779649,coherent_candidate_10_5,20260824
2024-12-09,423,-0.021069055551010494,-0.0027261545954018734,0.011361974616788666,0.032062799594734834,0.0020842866421899096,coherent_candidate_10_5,20260824
2024-12-16,423,0.013479806925785908,0.002615169824462943,0.004306146027205221,0.04028143160693995,0.00260732899573303,coherent_candidate_10_5,20260824
2024-12-23,422,-0.14603912393691074,-0.015748229394721945,-0.02563922123224268,0.02001413729607874,0.0008629061287116672,coherent_candidate_10_5,20260824
2024-12-30,422,-0.01213452494979909,-0.000327809869609068,-0.02262672820299818,0.027057847878197296,0.0015184302190244757,coherent_candidate_10_5,20260824
2025-01-06,422,-0.010901328213403236,-0.004830954547590863,0.013197362453830214,0.030960614690395176,0.0017094824302321624,coherent_candidate_10_5,20260824
2025-01-13,422,-0.06251052380841747,0.01949968036392325,-0.004566690428649961,0.04855165477186469,0.0037838603271867833,coherent_candidate_10_5,20260824
2025-01-20,421,-0.22350755929799282,-0.08233335950112142,-0.09458380774660577,0.046252545793968924,0.003795488485014507,coherent_candidate_10_5,20260824
2025-01-27,421,-0.0934972829626723,-0.03406789380989468,-0.032373910974789144,0.035696854343826384,0.0026251915693508657,coherent_candidate_10_5,20260824
2025-02-03,421,0.12920208554936938,0.008738725226223475,0.006650581091700097,0.03556734504228547,0.0027580005560471714,coherent_candidate_10_5,20260824
2025-02-10,422,0.00048230878444693496,0.03593366374593017,0.040022961572477166,0.039636719329288264,0.0032068016333212067,coherent_candidate_10_5,20260824
2025-02-17,422,-0.19916191164176522,-0.020896383547172395,-0.009834598070916998,0.044664079683039,0.004163647633385996,coherent_candidate_10_5,20260824
2025-02-24,422,-0.13525939086979333,-0.02596204211694909,-0.03204574181909584,0.03579648688358878,0.0025137534453471347,coherent_candidate_10_5,20260824
2025-03-03,422,0.008708304261873951,-0.04067372254655954,-0.06594066836269293,0.045810317654078746,0.003871732584411811,coherent_candidate_10_5,20260824
2025-03-10,422,0.039074197070842386,0.0063695259245744006,0.015376545055654833,0.039419851986618695,0.0024882871788082825,coherent_candidate_10_5,20260824
2025-03-17,422,-0.05400780556209572,0.008573158766529494,0.0009137559444597123,0.02390040154837397,0.0010125048491772762,coherent_candidate_10_5,20260824
2025-03-24,422,0.12928582489156548,-0.013899327482006944,-0.002591138281660129,0.029942377993129758,0.0016337377672094363,coherent_candidate_10_5,20260824
2025-03-31,423,0.1439650355814899,-0.033961300012690016,0.02567743370740347,0.09345113416421234,0.011992149200766246,coherent_candidate_10_5,20260824
2025-04-07,423,-0.17854782747115525,0.0345288170194565,-0.007573332849798581,0.061380792407453366,0.0067807841321785274,coherent_candidate_10_5,20260824
2025-04-14,423,0.33265601346522045,0.000319161499910528,0.03290456770878292,0.03159713431951398,0.0019399419908731324,coherent_candidate_10_5,20260824
2025-04-21,423,-0.42307076407135197,-0.01195553185434383,-0.06978152665924106,0.06184129117524817,0.0059149434697885325,coherent_candidate_10_5,20260824
2025-04-28,423,-0.1688877748203168,-0.006100530348729229,-0.031791696237278205,0.051881088683894544,0.00420190309464368,coherent_candidate_10_5,20260824
2025-05-05,423,-0.03079458879771284,0.00822819165403228,-0.024883178372385285,0.03319923445947524,0.002376885951742314,coherent_candidate_10_5,20260824
2025-05-12,423,-0.47673456988602886,-0.007994976778097178,-0.06665294132493768,0.06522942485082586,0.006766602933645789,coherent_candidate_10_5,20260824
2025-05-19,423,0.3123183428747916,0.025060184661762165,0.05527144479963401,0.034259165415371856,0.002166987450180689,coherent_candidate_10_5,20260824
2025-05-26,423,-0.01110466919078784,0.01867610109878224,0.00953466491876525,0.02968746989745062,0.0017422140108173333,coherent_candidate_10_5,20260824
2025-06-02,423,-0.09347220663710878,0.022045951428368828,-0.025788093488470436,0.03273270905228276,0.002159759100700999,coherent_candidate_10_5,20260824
2025-06-09,423,-0.07308047014594053,-0.011238889663005907,-0.01424783880242734,0.03353213704629595,0.0018683058834935767,coherent_candidate_10_5,20260824
2025-06-16,423,0.07783962232441212,0.0076249367533009395,0.011765385378991945,0.028251531307509,0.0015666635815203803,coherent_candidate_10_5,20260824
2025-06-23,423,-0.17961485994128626,-0.011467744949179414,-0.024254007788015137,0.04112545624349394,0.0027393941016920684,coherent_candidate_10_5,20260824
2025-06-30,423,-0.018519434577432943,0.003702571115137332,-0.012388423451261088,0.029477458573785913,0.0015778075004257623,coherent_candidate_10_5,20260824
2025-07-07,424,-0.024192032493446994,0.0033757178173535792,-0.0029733399682147126,0.03236230990546034,0.0018207760131880365,coherent_candidate_10_5,20260824
2025-07-14,424,0.11557261041710942,0.015145984175870472,0.013407955082469367,0.03272145783796552,0.0018812957032829662,coherent_candidate_10_5,20260824
2025-07-21,424,-0.17090813202037136,-0.007849233515107093,-0.01533975669783454,0.04025241409542045,0.003024385126447688,coherent_candidate_10_5,20260824
2025-07-28,424,0.08405160538723717,0.04734547570115614,0.039176287713842656,0.05525740757312667,0.005241481996352397,coherent_candidate_10_5,20260824
2025-08-04,424,0.10517218850607284,-0.021177641679425215,-0.014577623849259326,0.041565088371016266,0.00390810267056983,coherent_candidate_10_5,20260824
2025-08-11,425,-0.1168560754091698,-0.019793939745294024,-0.01160025703813761,0.0331642810668477,0.0020763943524192505,coherent_candidate_10_5,20260824
2025-08-18,425,-0.22319629206984418,-0.019333398890580562,-0.03484105187051477,0.029435133699414234,0.0016735753833121455,coherent_candidate_10_5,20260824
2025-08-25,425,0.013714182989166965,0.01136409406885783,-0.0035412936318667343,0.030577582925760096,0.0016147673263321972,coherent_candidate_10_5,20260824
2025-09-01,425,0.08359147113535821,0.055975831235409515,0.08647987346251448,0.03167511741288437,0.0020776515165935126,coherent_candidate_10_5,20260824
2025-09-08,425,0.059347516843569745,0.03401389576571221,0.03669989177948672,0.03071848786514023,0.0021200377095340326,coherent_candidate_10_5,20260824
2025-09-15,425,0.1302546466367573,0.03791739414789967,0.03792100434928164,0.02992701028045428,0.0017372775631770002,coherent_candidate_10_5,20260824
2025-09-22,425,-0.04755092151130982,-0.018956253574675626,-0.02260136540454701,0.03303069797936042,0.001993956406535617,coherent_candidate_10_5,20260824
2025-09-29,425,0.04149395819980929,0.032795910128914085,0.015034228753555208,0.0394985672984826,0.0033475424549535633,coherent_candidate_10_5,20260824
2025-10-06,425,-0.01796970502258836,-0.0105124704020269,0.0013390013260826533,0.04498949825266235,0.003257488147117649,coherent_candidate_10_5,20260824
2025-10-13,425,0.15001782057494806,0.04986614850785921,0.05356613689901802,0.034452629311864394,0.0022862856013997814,coherent_candidate_10_5,20260824
2025-10-20,425,-0.0607614387769458,0.04037676760757775,0.03446914347888122,0.035401445774460125,0.002396112279968439,coherent_candidate_10_5,20260824
2025-10-27,425,0.1737548264057151,0.08097679321052746,0.10553897397339002,0.04422406863708893,0.004857608454899531,coherent_candidate_10_5,20260824
2025-11-03,425,0.025194853918181676,0.022323050464505903,0.08813004468205289,0.04131744652982123,0.0034590945877498807,coherent_candidate_10_5,20260824
2025-11-10,425,-0.06429116318331744,-0.02620869325276962,-0.014921359156018305,0.03404025590989151,0.0019963769679352643,coherent_candidate_10_5,20260824
2025-11-17,425,-0.17004345719153993,-0.046623409105233674,-0.03394488377573583,0.039500437588470855,0.0031731474985754807,coherent_candidate_10_5,20260824
2025-11-24,425,0.09682458054526982,0.040016016063717894,0.016577956761732016,0.03895898174332553,0.002810858243160895,coherent_candidate_10_5,20260824
2025-12-01,425,0.007448687686607995,0.011362752335791709,0.0007175281441827962,0.03461378259588221,0.0023432363741858874,coherent_candidate_10_5,20260824
2025-12-08,425,-0.02937362242266027,-0.021250199569646123,-0.018039092188129432,0.03069120024339053,0.00181991791333019,coherent_candidate_10_5,20260824
2025-12-15,425,0.132654640383924,0.019040616894434422,0.029659603059613234,0.025284852451987184,0.0011650111987496778,coherent_candidate_10_5,20260824
2025-12-22,425,0.06890215879070204,0.012968938293492868,0.026196950718483672,0.018022374603913042,0.0005490623291663406,coherent_candidate_10_5,20260824
2024-01-08,419,0.022735347807574916,-0.019479059713095912,0.000528888576974933,0.032115407829890405,0.0020094353785429435,coherent_candidate_10_5,20260825
2024-01-15,419,0.23167568519911189,0.027677927366948653,0.05240576859712606,0.033355974191565566,0.0022119622581329187,coherent_candidate_10_5,20260825
2024-01-22,419,-0.13006801012076732,0.0058460598878668935,-0.006868551856198682,0.031513107342540356,0.0018372220406046537,coherent_candidate_10_5,20260825
2024-01-29,419,0.17693675499227565,0.01764391809080858,0.06291809258241349,0.032643144449793375,0.0021258431525791595,coherent_candidate_10_5,20260825
2024-02-05,419,0.1653613312952592,0.0782197871461634,0.08969740667065458,0.03555701516823024,0.0032936694287458764,coherent_candidate_10_5,20260825
2024-02-12,419,-0.04853465840778992,0.011217894124288731,-0.014609067500793008,0.031107783501358784,0.0018283843638015383,coherent_candidate_10_5,20260825
2024-02-19,419,-0.029134809352036384,-0.03173428959846227,-0.02179954744101556,0.028225150217463038,0.0017854916370249733,coherent_candidate_10_5,20260825
2024-02-26,419,0.08266321042354204,0.013153287654514005,0.014585559501951655,0.03452195336890396,0.0035579856964398286,coherent_candidate_10_5,20260825
2024-03-04,420,-0.11628102848007722,0.020951181453454933,0.018121653479866287,0.02957527286730192,0.0018475556086989249,coherent_candidate_10_5,20260825
2024-03-11,420,-0.1644416513537087,-0.006078667216050996,-0.02057649857496442,0.0369337516269937,0.002712329133457611,coherent_candidate_10_5,20260825
2024-03-18,420,0.22632263059476365,0.008528048787906979,0.012660246172266918,0.0275352201224102,0.001585160850528881,coherent_candidate_10_5,20260825
2024-03-25,421,-0.04874102830897193,-0.003455341489901218,-0.01973742453351657,0.025109159965567434,0.001226646157303172,coherent_candidate_10_5,20260825
2024-04-01,421,0.1343036616882459,0.0005287002125191533,0.0073068894027348945,0.03388029044051262,0.0020057734214580427,coherent_candidate_10_5,20260825
2024-04-08,421,-0.07435033136758885,0.0014118882196490767,-0.014800885126988569,0.03517359568838001,0.0018028901151603193,coherent_candidate_10_5,20260825
2024-04-15,421,-0.17797776516241917,-0.07299996596413821,-0.06852896563633397,0.04334639937770181,0.003710225902806194,coherent_candidate_10_5,20260825
2024-04-22,421,0.08403388778370485,0.04697193302581382,0.023551950103104492,0.03998678295139043,0.0030704645361195717,coherent_candidate_10_5,20260825
2024-04-29,421,-0.13729248315822823,0.026128411124502763,0.01820171492128499,0.03473216447707079,0.002686300146207381,coherent_candidate_10_5,20260825
2024-05-06,421,-0.010754611083325158,0.0018147885895626638,0.018100620693100873,0.031029344867798535,0.0019021730000424637,coherent_candidate_10_5,20260825
2024-05-13,421,-0.0563144783754706,0.00017787599280254598,-0.018876090603141594,0.030202357125083772,0.0019208709667677157,coherent_candidate_10_5,20260825
2024-05-20,421,0.1248877081199131,0.016808997453898092,0.03437872022328777,0.03189983522689633,0.002032637503667682,coherent_candidate_10_5,20260825
2024-05-27,421,-0.0092778100309255,-0.006151348933347995,-0.0027614625745163036,0.03356887345448992,0.0021768876286875102,coherent_candidate_10_5,20260825
2024-06-03,421,-0.16045034795005408,-0.02832770585581692,-0.031199232327198307,0.0325974486151973,0.001844376728982296,coherent_candidate_10_5,20260825
2024-06-10,421,0.100004346134166,0.021753338020920047,0.014976249216080022,0.029612462847053492,0.0017416333926596568,coherent_candidate_10_5,20260825
2024-06-17,421,-0.10318148680325115,-0.019442311110080792,-0.00861129352617113,0.029827854767029146,0.0015570044760262675,coherent_candidate_10_5,20260825
2024-06-24,421,-0.09906950115548466,-0.001730040704466884,0.006386268273689557,0.028025443042056036,0.0015197937140502935,coherent_candidate_10_5,20260825
2024-07-01,422,0.22788040179251848,0.023044711647342522,0.016012438690556293,0.02628580647221962,0.0013930821717965365,coherent_candidate_10_5,20260825
2024-07-08,422,-0.1789245831454118,-0.009353339642306002,-0.014056283164526229,0.037135453480027204,0.002259890573920732,coherent_candidate_10_5,20260825
2024-07-15,422,-0.227337974068378,-0.028131439726239528,-0.04739875748166711,0.03947864040956351,0.0030370943829480927,coherent_candidate_10_5,20260825
2024-07-22,422,-0.06995185933988447,-0.011292339013803773,0.012724071280606717,0.03842487522379252,0.0030862599202257945,coherent_candidate_10_5,20260825
2024-07-29,422,0.0272752364019621,-0.014059883930642933,-0.008127247595781636,0.05003376170063308,0.00441158312907944,coherent_candidate_10_5,20260825
2024-08-05,422,-0.046329028162569605,0.02496204670559279,0.007229353359769517,0.03565220265409224,0.0027410747009708474,coherent_candidate_10_5,20260825
2024-08-12,422,0.031273585007342425,0.01910433844145651,-0.007684832677066121,0.04141058767351869,0.003098188763333448,coherent_candidate_10_5,20260825
2024-08-19,422,0.10315491900270266,-0.0013203964194802749,0.012875036665909504,0.031014140928204443,0.0016672092237670357,coherent_candidate_10_5,20260825
2024-08-26,422,0.06081122565113084,-0.0017376644344272152,0.023525318712335992,0.02418519416025675,0.0015176924514193183,coherent_candidate_10_5,20260825
2024-09-02,422,0.0674132912037688,-0.03176694954149437,-0.036423837751314345,0.05263089710032338,0.004229896609241536,coherent_candidate_10_5,20260825
2024-09-09,422,-0.03705330649777157,0.018079195759662547,0.0035227091916543093,0.04268159106200073,0.0036456016930261586,coherent_candidate_10_5,20260825
2024-09-16,422,-0.10348050337995389,-0.0027616706746572753,-0.02473065428855176,0.031801248059641324,0.0020424282695278217,coherent_candidate_10_5,20260825
2024-09-23,422,-0.28477016401612404,-0.021719662841223227,-0.07421514169618548,0.04269102190299302,0.00480651265676995,coherent_candidate_10_5,20260825
2024-09-30,422,-0.07466684486782657,0.010533123335801718,0.017772893232118336,0.03366724620738921,0.001912811308089648,coherent_candidate_10_5,20260825
2024-10-07,423,-0.049563261865940136,-0.008775990007005973,-0.018676743259132392,0.026045105803859415,0.0014614532623442001,coherent_candidate_10_5,20260825
2024-10-14,423,0.08426829477112865,-0.00658491640595949,0.00964664253987002,0.029181319506433368,0.0016952706775607645,coherent_candidate_10_5,20260825
2024-10-21,423,0.02288388367490597,0.02060804044319745,0.01948047911257502,0.03774711918533063,0.002390821648453355,coherent_candidate_10_5,20260825
2024-10-28,422,0.045878415552170905,0.014698906475436693,0.05688595194506173,0.03736740155948559,0.002994088818210595,coherent_candidate_10_5,20260825
2024-11-04,422,0.24171910474192768,0.06974891994100924,0.10303574990824953,0.047443513688449644,0.004192016122683501,coherent_candidate_10_5,20260825
2024-11-11,423,0.13901482937310494,0.04765380057514103,0.07030823063417047,0.0435945176209398,0.0031017172722909727,coherent_candidate_10_5,20260825
2024-11-18,423,0.2763975588580184,0.060765273836725545,0.03871482746070358,0.03550914324275943,0.004200211112871249,coherent_candidate_10_5,20260825
2024-11-25,423,-0.3262255969832629,-0.033849591032652435,-0.0639845965141994,0.033575889691515336,0.0021849946206734167,coherent_candidate_10_5,20260825
2024-12-02,423,0.05766589104663043,0.015076095177131273,0.026400923752572025,0.03736322302604304,0.002794950260576358,coherent_candidate_10_5,20260825
2024-12-09,423,0.028674793236694755,-0.011245865601976086,0.0005486240315320211,0.03274968058288103,0.002168477450625843,coherent_candidate_10_5,20260825
2024-12-16,423,0.03077572150737917,0.00328732731024161,0.023620865977382374,0.03943602075495315,0.0025073193228767367,coherent_candidate_10_5,20260825
2024-12-23,422,-0.14276571553394365,-0.02000845225260229,-0.03730208798438227,0.02025456612757885,0.0008901096020247931,coherent_candidate_10_5,20260825
2024-12-30,422,-0.02439830961190071,0.03758589450542699,0.0330608299790971,0.026859608330431856,0.0014535460308732946,coherent_candidate_10_5,20260825
2025-01-06,422,-0.013921646259360453,-0.0015355864157220022,0.001299584061896777,0.03112651914018839,0.0017434173357350963,coherent_candidate_10_5,20260825
2025-01-13,422,-0.00507178704386551,0.031299717752693405,0.006624784170694585,0.046317709591107765,0.0034915126682143194,coherent_candidate_10_5,20260825
2025-01-20,421,-0.19214945876359119,-0.04648970507941289,-0.05281921777527887,0.04599370124272515,0.003743176385857511,coherent_candidate_10_5,20260825
2025-01-27,421,-0.11806962498612936,-0.02830129569394881,-0.03811540453186971,0.03691116989756677,0.0027708506754500605,coherent_candidate_10_5,20260825
2025-02-03,421,0.10391144436029598,0.015723256995238476,0.035060401563902145,0.0357766217621553,0.002806679482952329,coherent_candidate_10_5,20260825
2025-02-10,422,0.03922269803741602,0.006721460699638811,-0.0051144523043782746,0.04044797010868227,0.0033476760592981176,coherent_candidate_10_5,20260825
2025-02-17,422,-0.19945140868735448,-0.054077036230332096,-0.011207008077516657,0.04504393991042545,0.00429429453867817,coherent_candidate_10_5,20260825
2025-02-24,422,-0.03083063696296043,-0.032656090089423315,-0.03025679942999558,0.03474762062704353,0.002362290117731144,coherent_candidate_10_5,20260825
2025-03-03,422,0.051271078505478275,-0.030632301098677463,-0.019375074117679515,0.04487901368885521,0.0037898956067040934,coherent_candidate_10_5,20260825
2025-03-10,422,0.08755193841265722,0.02103764419275898,0.018005640632565306,0.03963717032829696,0.002475768061440069,coherent_candidate_10_5,20260825
2025-03-17,422,-0.029335088518951166,0.009500193028824775,0.0016008633097878595,0.024180042740615863,0.0010066783546316244,coherent_candidate_10_5,20260825
2025-03-24,422,0.1165711875938137,-0.021595350672559244,-0.016638085722945655,0.03134649527169175,0.0017602623848126699,coherent_candidate_10_5,20260825
2025-03-31,423,0.14369042930537293,-0.0551175543652441,0.004329004736126324,0.09347924507215612,0.011954145164524053,coherent_candidate_10_5,20260825
2025-04-07,423,-0.19788600731987444,0.017395272481389515,-0.044341112771448664,0.06305401868987134,0.0071933867559339434,coherent_candidate_10_5,20260825
2025-04-14,423,0.26814605248721624,0.005788685790722944,0.028541403620705688,0.03279923298993601,0.0020177759287215978,coherent_candidate_10_5,20260825
2025-04-21,423,-0.49985984298609276,-0.033022571772931976,-0.09487102347020532,0.06524785723061383,0.006808313283301199,coherent_candidate_10_5,20260825
2025-04-28,423,-0.1475556870452428,-0.024864909965376537,-0.05163259298722478,0.044919995174190444,0.0034123054814023668,coherent_candidate_10_5,20260825
2025-05-05,423,-0.04016735127977305,0.00022160379745432817,-0.012892750588324765,0.03688463148459722,0.0025919571819604512,coherent_candidate_10_5,20260825
2025-05-12,423,-0.3544242685991846,-0.023366753473871855,-0.020004346219523572,0.06450021083433302,0.006517942862873225,coherent_candidate_10_5,20260825
2025-05-19,423,0.19910381956401657,0.06500294274149031,0.07291780158561137,0.03802501679149265,0.0025031317725519846,coherent_candidate_10_5,20260825
2025-05-26,423,-0.022745470690753347,0.01702518699043399,-0.010290471560425434,0.030117592159919878,0.0017685026430514128,coherent_candidate_10_5,20260825
2025-06-02,423,0.07589431257005132,0.009870061299082463,-0.013423652829866222,0.027734023739013364,0.0017472469864583087,coherent_candidate_10_5,20260825
2025-06-09,423,-0.1111989779001792,-0.016633387978216237,-0.005301938343207987,0.03510986698474587,0.0020417721109015088,coherent_candidate_10_5,20260825
2025-06-16,423,-0.07234924083731449,-0.011186654740783378,-0.0017821098595352672,0.031054105550303083,0.001808289783633055,coherent_candidate_10_5,20260825
2025-06-23,423,-0.02156023929431895,-0.0017862828866269075,-0.016032277792681304,0.04045488361803378,0.0027012182456703612,coherent_candidate_10_5,20260825
2025-06-30,423,-0.065999842719731,0.020536792594650063,0.011615571334352117,0.02888813409170797,0.0015204314834279895,coherent_candidate_10_5,20260825
2025-07-07,424,0.035782621358459075,-0.005279747520771804,-0.006879813627600342,0.030902114224106415,0.0016926332577489522,coherent_candidate_10_5,20260825
2025-07-14,424,0.0941979360993695,0.02565680187665816,0.024365343322842944,0.03264058950197822,0.0018694382734451235,coherent_candidate_10_5,20260825
2025-07-21,424,-0.1458815657937201,-0.01128944572958923,-0.00925677548139881,0.04077535079100521,0.003089203376889474,coherent_candidate_10_5,20260825
2025-07-28,424,0.04963578687195472,0.004751974708111666,0.011878276538497934,0.05536295641878155,0.005331890870737674,coherent_candidate_10_5,20260825
2025-08-04,424,0.08985666044820176,-0.019643971838261352,-0.012719579725642988,0.04133296192333133,0.0038673107955837917,coherent_candidate_10_5,20260825
2025-08-11,425,-0.003442653702458927,-0.004174884036408881,-0.006403149823736477,0.0318500230082444,0.0020023084522141064,coherent_candidate_10_5,20260825
2025-08-18,425,-0.21958074752622284,-0.021192940241614812,-0.02667419804915636,0.02965521675144925,0.0016688457115558125,coherent_candidate_10_5,20260825
2025-08-25,425,-0.04999437245001642,0.007117196523115227,0.001430873326243438,0.03140751824848113,0.0016786667728434115,coherent_candidate_10_5,20260825
2025-09-01,425,0.049598255459505095,0.04126033861383806,0.05917230267900298,0.0319497400905899,0.0021110459995575333,coherent_candidate_10_5,20260825
2025-09-08,425,0.04113582717168717,0.012078617215374433,0.019348163806503928,0.03126135297419909,0.002217136299899808,coherent_candidate_10_5,20260825
2025-09-15,425,0.14557361929624363,0.03844807724351129,0.03941680587134678,0.029899321714984443,0.0017313409263224478,coherent_candidate_10_5,20260825
2025-09-22,425,-0.0519344703068578,-0.012047763088692431,-0.027632561378848224,0.032880847012305904,0.0019456986454541739,coherent_candidate_10_5,20260825
2025-09-29,425,0.03160572759531663,0.04668924981427232,0.03607011259682623,0.04036031854102837,0.003431005237637376,coherent_candidate_10_5,20260825
2025-10-06,425,-0.051398915133419834,-0.023559536402562378,0.006487278869439193,0.04571717534092543,0.0033360325780611966,coherent_candidate_10_5,20260825
2025-10-13,425,0.14538447108846198,0.020896778137140908,0.022167795605481294,0.03461154283534777,0.0023151271368562873,coherent_candidate_10_5,20260825
2025-10-20,425,-0.06837942192556003,0.02634877711434952,0.004521514343399237,0.0354347582645955,0.002361248205409818,coherent_candidate_10_5,20260825
2025-10-27,425,0.19804942864735584,0.0570472681383332,0.07593008710335183,0.043933414021662544,0.004878248615316159,coherent_candidate_10_5,20260825
2025-11-03,425,-0.002283378405840146,0.013724902381766452,0.05654238375084383,0.04191996642329314,0.003515739402273324,coherent_candidate_10_5,20260825
2025-11-10,425,-0.04101155210954964,-0.017875359208490108,0.007995602408232102,0.033527019698737656,0.0019372089963857347,coherent_candidate_10_5,20260825
2025-11-17,425,-0.16309343296181084,-0.04934959244698596,-0.04959297540634904,0.03948954011866781,0.0031290303226387205,coherent_candidate_10_5,20260825
2025-11-24,425,0.12924794552406357,0.03440870156640945,0.029922729243027447,0.037100403575449685,0.0026752639584331087,coherent_candidate_10_5,20260825
2025-12-01,425,0.06201294336496225,0.014720526121955525,0.011640884214404654,0.033786421489642116,0.0021479179758985448,coherent_candidate_10_5,20260825
2025-12-08,425,-0.10425208297509811,-0.021622523864484267,-0.033761989106250986,0.03168479533534857,0.0018935525879563942,coherent_candidate_10_5,20260825
2025-12-15,425,0.08983226774632255,0.03200304958975743,0.046211278457488736,0.02567397245120081,0.0011843197966121084,coherent_candidate_10_5,20260825
2025-12-22,425,0.053717934689156026,0.014745958428949484,0.0201429115697222,0.01877570670386503,0.0005815973536248748,coherent_candidate_10_5,20260825
2024-01-08,419,-0.03919073013407896,-0.029575802737590695,-0.0035575465078088713,0.032387801965341474,0.00203335787286121,coherent_candidate_10_5,ensemble
2024-01-15,419,0.23521257037147003,0.028888296651351404,0.05889568781463095,0.032868618696927095,0.002163146045537622,coherent_candidate_10_5,ensemble
2024-01-22,419,-0.15660468158898005,-0.010526164995309848,-0.027294917926484495,0.03169619487342475,0.001872249008963162,coherent_candidate_10_5,ensemble
2024-01-29,419,0.20398386941534788,0.00907065410386633,0.05933657564398592,0.032222179531523024,0.0020932474893226994,coherent_candidate_10_5,ensemble
2024-02-05,419,0.17475844090590983,0.07655588473151322,0.08945521422503303,0.03538721679173365,0.00331221202774976,coherent_candidate_10_5,ensemble
2024-02-12,419,-0.07576464485144299,0.01524486557625683,-0.013941130431417866,0.031029819853166506,0.0018139476304903993,coherent_candidate_10_5,ensemble
2024-02-19,419,-0.007362842206521498,-0.02015744164786213,-0.019727734739223943,0.027911608211198174,0.0017316247047568,coherent_candidate_10_5,ensemble
2024-02-26,419,0.11311768246826658,0.01969992838860704,-0.002237950125001144,0.034206147270456407,0.0035013454030879284,coherent_candidate_10_5,ensemble
2024-03-04,420,-0.1424567518604333,0.017168839464722495,0.008707566271091566,0.029520207909461995,0.0018397780914817178,coherent_candidate_10_5,ensemble
2024-03-11,420,-0.18628677033316515,-0.0006571234335451329,-0.01936937672976941,0.0366180202205456,0.0026804598475338465,coherent_candidate_10_5,ensemble
2024-03-18,420,0.24609420364384962,0.010320304713295692,0.02681389753653597,0.027529650774005744,0.0015897788577991573,coherent_candidate_10_5,ensemble
2024-03-25,421,-0.03974642057068237,-0.01162030494609835,-0.03435556052251852,0.025019388467407182,0.001225598830270677,coherent_candidate_10_5,ensemble
2024-04-01,421,0.15535631865966998,-0.005802788301702852,-3.663551522533129e-05,0.033504932784357656,0.0019428682224666247,coherent_candidate_10_5,ensemble
2024-04-08,421,-0.09167713330449312,-0.01572317726425436,-0.04112392640814325,0.03581027383506042,0.001869844208350798,coherent_candidate_10_5,ensemble
2024-04-15,421,-0.13864111145240482,-0.06647013800000122,-0.048562976929538315,0.04288673523510633,0.003549009265226305,coherent_candidate_10_5,ensemble
2024-04-22,421,0.07944829427307391,0.027441170164740562,0.015053393009499774,0.039816957129328645,0.0030645863902682793,coherent_candidate_10_5,ensemble
2024-04-29,421,-0.1404022405305741,0.026610413260431027,0.018770271374410064,0.0346746072893098,0.002660304742894116,coherent_candidate_10_5,ensemble
2024-05-06,421,0.005693636552233213,-0.0007364965708660035,-0.0027845697836295404,0.03070405458700165,0.0018693726086655435,coherent_candidate_10_5,ensemble
2024-05-13,421,-0.05631045789999308,0.002401074694265936,-0.03910633298391569,0.029723957094321216,0.0018858831305939277,coherent_candidate_10_5,ensemble
2024-05-20,421,0.13912051294834332,0.0009357258726970354,0.026034246208621124,0.03189328051733709,0.0020226370349773885,coherent_candidate_10_5,ensemble
2024-05-27,421,-0.02334754437398785,-0.00837084942957417,-0.005216655779077883,0.03346978584467324,0.0021813381078787607,coherent_candidate_10_5,ensemble
2024-06-03,421,-0.15970961551829632,-0.028419157558472397,-0.0211447333289631,0.03262670464205815,0.001835162418687694,coherent_candidate_10_5,ensemble
2024-06-10,421,0.11936156937497575,0.02285874028957033,0.011520375100574774,0.02924795108558328,0.0017209865449315821,coherent_candidate_10_5,ensemble
2024-06-17,421,-0.11564632824634621,-0.01820449568889789,-0.004440625972437273,0.030100997127878486,0.0015786244662037083,coherent_candidate_10_5,ensemble
2024-06-24,421,-0.12504595403470797,-0.01659712616416011,-0.013510704573734267,0.027962677310161894,0.0015015502690322625,coherent_candidate_10_5,ensemble
2024-07-01,422,0.22428124933384144,0.027348746816005645,0.023329460459415592,0.02621474996963236,0.0013832410147106924,coherent_candidate_10_5,ensemble
2024-07-08,422,-0.15795145631145477,-0.008756221239306104,-0.01767439242514763,0.03679028453675221,0.0022305445413437685,coherent_candidate_10_5,ensemble
2024-07-15,422,-0.26615277348309263,-0.0342298191139153,-0.06054321510599794,0.03979931901166104,0.0030733741553473633,coherent_candidate_10_5,ensemble
2024-07-22,422,-0.1069171031676933,-0.02749899243118786,-0.01133385155780451,0.03875586936356716,0.003134125802661361,coherent_candidate_10_5,ensemble
2024-07-29,422,0.025937929310506026,-0.02247257058422579,-0.008572966669484927,0.049917083168565475,0.004408047687506655,coherent_candidate_10_5,ensemble
2024-08-05,422,-0.10989079510371556,0.013690058045527576,0.007774254051371299,0.03607205416237235,0.0028041627494955266,coherent_candidate_10_5,ensemble
2024-08-12,422,0.08391334537468592,0.032906878298881025,0.01713560216839599,0.039938087939523075,0.002877171210903031,coherent_candidate_10_5,ensemble
2024-08-19,422,0.10637275930204866,0.008056106965278274,0.02439690646394126,0.030022334726648506,0.0015971684129700524,coherent_candidate_10_5,ensemble
2024-08-26,422,0.061101840445930845,-0.004255246855536037,0.015192575826418711,0.023926665966363135,0.0014844745481504263,coherent_candidate_10_5,ensemble
2024-09-02,422,0.1332164646694245,-0.03073076490026854,-0.019253066309241236,0.05072887008681786,0.003948805040809743,coherent_candidate_10_5,ensemble
2024-09-09,422,-0.052298767018829524,0.014341642696128976,-0.003983421437793309,0.04263532795831376,0.0036171286115355833,coherent_candidate_10_5,ensemble
2024-09-16,422,-0.13173832117741147,-0.012542211141444923,-0.025340356418256126,0.03196928551721412,0.0020816283672797898,coherent_candidate_10_5,ensemble
2024-09-23,422,-0.29168967034462046,-0.02436757862110147,-0.07157520357913555,0.04217755351575195,0.004754523591119082,coherent_candidate_10_5,ensemble
2024-09-30,422,-0.08392021154840922,-0.005733470136821565,-0.009315732351149974,0.0342378504197895,0.001980034132831503,coherent_candidate_10_5,ensemble
2024-10-07,423,-0.06955577202732363,-0.011012566703665357,-0.015059792979078234,0.026112241581117045,0.001466370935383095,coherent_candidate_10_5,ensemble
2024-10-14,423,0.1160013330771187,-0.02388608667640255,-0.004706427258517401,0.028686578587505045,0.001648588845640475,coherent_candidate_10_5,ensemble
2024-10-21,423,0.003674761672620238,0.015246614869059129,0.007844753990025393,0.037134203932552595,0.0023369412157022715,coherent_candidate_10_5,ensemble
2024-10-28,422,0.059350487111114104,0.013000021961750551,0.05806154009396766,0.03712295628452879,0.0029752134746545596,coherent_candidate_10_5,ensemble
2024-11-04,422,0.27414141787530977,0.05802818456152722,0.09731238363209077,0.047262598392440236,0.004194152689932872,coherent_candidate_10_5,ensemble
2024-11-11,423,0.12638167228246014,0.05229850365542334,0.06672006907530062,0.043917476309632233,0.0031512486964216393,coherent_candidate_10_5,ensemble
2024-11-18,423,0.2840503854952077,0.05994215478606482,0.0380253751445404,0.035203608593940824,0.0041556922019856946,coherent_candidate_10_5,ensemble
2024-11-25,423,-0.31737002022446686,-0.03860989413586521,-0.06906355729031,0.0330929078653333,0.0021428309517399586,coherent_candidate_10_5,ensemble
2024-12-02,423,0.05090727884206207,0.009609829551751613,0.02201989365575568,0.03723516801783969,0.0027813049315099825,coherent_candidate_10_5,ensemble
2024-12-09,423,0.026592415159027476,-0.017377437109427428,-0.0012412763059575158,0.032176557170333034,0.002089659849552857,coherent_candidate_10_5,ensemble
2024-12-16,423,0.010030422316548103,0.0009361819394642507,0.01829967540400898,0.03982194194542236,0.002546110092798896,coherent_candidate_10_5,ensemble
2024-12-23,422,-0.14713324073579517,-0.02253401598955746,-0.025320727571805875,0.019876165979731183,0.0008577630120084772,coherent_candidate_10_5,ensemble
2024-12-30,422,-0.015239312900398727,0.023496538534773383,0.004769147757305515,0.026521233802965154,0.0014439049794148788,coherent_candidate_10_5,ensemble
2025-01-06,422,-0.02113703677179338,-0.001339165887909539,0.01430199663055067,0.031171256647789428,0.001745930174541616,coherent_candidate_10_5,ensemble
2025-01-13,422,-0.03210151781560508,0.023830670928341943,-0.0001972527285575565,0.04663953428002515,0.0035185546342727542,coherent_candidate_10_5,ensemble
2025-01-20,421,-0.20374258021250627,-0.0622080962019363,-0.07489403807473402,0.04595767818509843,0.0037317310248214286,coherent_candidate_10_5,ensemble
2025-01-27,421,-0.0970502575516591,-0.03191733706312187,-0.020169982491790583,0.03587985971082322,0.002645879638673622,coherent_candidate_10_5,ensemble
2025-02-03,421,0.10712726200502978,0.010604655407350727,0.007162913217047244,0.035618439396931455,0.0027848373641027628,coherent_candidate_10_5,ensemble
2025-02-10,422,0.036653950672609584,0.04256334603683769,0.03867086685699417,0.03972382007242708,0.00322660522266139,coherent_candidate_10_5,ensemble
2025-02-17,422,-0.2312545673029135,-0.04319850250978774,-0.012687785277361932,0.045014287595105375,0.004263671439356817,coherent_candidate_10_5,ensemble
2025-02-24,422,-0.07664015126021036,-0.01883677444380166,-0.02238772135106669,0.034938510023461565,0.0024048221299973,coherent_candidate_10_5,ensemble
2025-03-03,422,0.011812932534014907,-0.02975520560879283,-0.048627845680127,0.04517066639607215,0.0038076615668701202,coherent_candidate_10_5,ensemble
2025-03-10,422,0.08231560271712059,0.01640822003532754,0.013691354781626593,0.039444334854286674,0.0024617040195974473,coherent_candidate_10_5,ensemble
2025-03-17,422,-0.023468182590082008,0.008290681395713356,-0.005180001986491059,0.02375616027855436,0.0009847630383107348,coherent_candidate_10_5,ensemble
2025-03-24,422,0.08248294903450623,-0.0020612309344939933,-0.003775602121757298,0.03122159554591187,0.0017167387658893437,coherent_candidate_10_5,ensemble
2025-03-31,423,0.1356578786316363,-0.04997048410322197,0.0017180843637808196,0.09378196363180573,0.012069234432395591,coherent_candidate_10_5,ensemble
2025-04-07,423,-0.18572881330134458,0.008706782032119928,-0.04980107074051448,0.06093185279315163,0.006710279724162305,coherent_candidate_10_5,ensemble
2025-04-14,423,0.27531165909755373,0.008162464869552783,0.03092975539369817,0.032998788147091895,0.0020261644235947396,coherent_candidate_10_5,ensemble
2025-04-21,423,-0.4774462948129855,-0.01281925830934251,-0.06449063564007372,0.0629367412696864,0.006170878617323972,coherent_candidate_10_5,ensemble
2025-04-28,423,-0.15453499898211762,-0.020959606464536987,-0.03709034423355079,0.046489616493721235,0.003535661085578183,coherent_candidate_10_5,ensemble
2025-05-05,423,-0.045745568723550116,0.0068668252718674435,-0.026255079933737404,0.034027711458189155,0.0023958368482040093,coherent_candidate_10_5,ensemble
2025-05-12,423,-0.4421035792042506,-0.03206852756995351,-0.0393353227161522,0.06468991029230199,0.006605482183068223,coherent_candidate_10_5,ensemble
2025-05-19,423,0.24859573453373693,0.06936526254193656,0.0809041384583048,0.03748023647189078,0.0024593870060287677,coherent_candidate_10_5,ensemble
2025-05-26,423,-0.011960673430696228,0.023196293467423554,0.013794888701756037,0.030284588311951428,0.0017701426146082221,coherent_candidate_10_5,ensemble
2025-06-02,423,0.03802084177687552,0.015521972322882542,-0.010220912597723592,0.028682466991061265,0.0018126957321984167,coherent_candidate_10_5,ensemble
2025-06-09,423,-0.100527622209608,-0.011053892352228865,-0.02194265793425372,0.0347680611038537,0.0019899520601324764,coherent_candidate_10_5,ensemble
2025-06-16,423,0.012047795444326272,-0.01233567133955126,-0.007649525880492192,0.02916156590623103,0.0016337655814248964,coherent_candidate_10_5,ensemble
2025-06-23,423,-0.06178260695851035,-0.0005616136274377397,-0.0153229680524351,0.03923089180328449,0.0025420613174815363,coherent_candidate_10_5,ensemble
2025-06-30,423,-0.05835716319667073,0.011809333651498931,-0.0067375520296615865,0.02906224265484958,0.0015312551564189512,coherent_candidate_10_5,ensemble
2025-07-07,424,0.00210750859958596,-0.005279747520771804,-0.014467026835169913,0.03132988459427856,0.0017250271841652224,coherent_candidate_10_5,ensemble
2025-07-14,424,0.11076235231145849,0.021453674120516745,0.022391602438732488,0.03240540539166403,0.0018517230869573094,coherent_candidate_10_5,ensemble
2025-07-21,424,-0.17874072149935846,-0.003883651811598811,-0.014867300689492258,0.04073962145254874,0.0030833675021192447,coherent_candidate_10_5,ensemble
2025-07-28,424,0.05752505096779779,0.026823021706881126,0.02613836404876664,0.055522961242243485,0.00532438988916788,coherent_candidate_10_5,ensemble
2025-08-04,424,0.12257617619508662,0.005263307333844582,0.035810978119012536,0.04098145083015724,0.0038316270652851885,coherent_candidate_10_5,ensemble
2025-08-11,425,-0.028072564130621692,-0.01744001162034836,-0.024986097472159234,0.031876127704918274,0.00199455560973823,coherent_candidate_10_5,ensemble
2025-08-18,425,-0.22989448343780777,-0.018370959992507093,-0.03018040690349809,0.02938577274207414,0.0016464924851430271,coherent_candidate_10_5,ensemble
2025-08-25,425,-0.033993371996686,0.01854314319445899,0.0029118905698434037,0.03082717442302798,0.0016143887299412882,coherent_candidate_10_5,ensemble
2025-09-01,425,0.05330587297369121,0.054498696728599125,0.07726813039520307,0.03179985570900605,0.0020968270923329996,coherent_candidate_10_5,ensemble
2025-09-08,425,0.025969579965922057,0.028786591292054055,0.018147232384642296,0.031148438800325993,0.002198294669178421,coherent_candidate_10_5,ensemble
2025-09-15,425,0.14998874490003283,0.047786131570343005,0.04437987285558355,0.029677918038114162,0.0017017982456762639,coherent_candidate_10_5,ensemble
2025-09-22,425,-0.06240140063466258,-0.018183443471893154,-0.019563248114911128,0.03279576576879621,0.0019293943768499086,coherent_candidate_10_5,ensemble
2025-09-29,425,0.011406574854230822,0.04402885825113599,0.03596650724097396,0.03996180771192206,0.0034027582933409046,coherent_candidate_10_5,ensemble
2025-10-06,425,-0.03623798283597255,-0.014255203520990294,0.0102625734581384,0.045668052663116084,0.0033266802913856,coherent_candidate_10_5,ensemble
2025-10-13,425,0.13772349971080647,0.042486606539682226,0.02649873464412298,0.034107103013323606,0.0022451566467455593,coherent_candidate_10_5,ensemble
2025-10-20,425,-0.07422629003767332,0.03720716017181359,0.01330731847920593,0.03528937586252799,0.002366957395639872,coherent_candidate_10_5,ensemble
2025-10-27,425,0.2088804301949321,0.06634481904825816,0.07317425635469936,0.04379246729166972,0.0048312417804668144,coherent_candidate_10_5,ensemble
2025-11-03,425,0.02194650701098936,0.02227912493821641,0.06993443112433483,0.0414027354628505,0.003440705999202039,coherent_candidate_10_5,ensemble
2025-11-10,425,-0.04453611792843633,-0.02228604443349308,0.005342105983981858,0.03314716336837408,0.001894331957088331,coherent_candidate_10_5,ensemble
2025-11-17,425,-0.18794047302684033,-0.04934959244698596,-0.048166623274264436,0.03959631166227316,0.0031689905625981968,coherent_candidate_10_5,ensemble
2025-11-24,425,0.12194385432242175,0.04819794250439756,0.03240732085905401,0.03754037772980795,0.002674480619226428,coherent_candidate_10_5,ensemble
2025-12-01,425,0.035383220521798944,0.00937454141017703,-0.00341725189056195,0.03395190801150122,0.0022170199634130635,coherent_candidate_10_5,ensemble
2025-12-08,425,-0.07971737193415766,-0.02162252386448427,-0.023936287792572678,0.030989992328266484,0.0018530725628687276,coherent_candidate_10_5,ensemble
2025-12-15,425,0.12738100076597209,0.024080799305314163,0.029035752824100827,0.02515218943662022,0.0011491228231441679,coherent_candidate_10_5,ensemble
2025-12-22,425,0.06371277610167107,0.01994535825192347,0.030350456494687414,0.018197882739745534,0.0005496969950988264,coherent_candidate_10_5,ensemble
2024-01-08,419,,,,0.03255037343327873,0.0019448299235608952,zero_return,control
2024-01-15,419,,,,0.03343845844633852,0.002266256320747739,zero_return,control
2024-01-22,419,,,,0.028207337141227484,0.0016776842582263052,zero_return,control
2024-01-29,419,,,,0.03228124831106585,0.0021425873332639716,zero_return,control
2024-02-05,419,,,,0.036828801724625326,0.0037577034614153723,zero_return,control
2024-02-12,419,,,,0.02788191175844865,0.0016365848256694382,zero_return,control
2024-02-19,419,,,,0.02936355798165501,0.00178150116409271,zero_return,control
2024-02-26,419,,,,0.035878966908408395,0.0038363748004082822,zero_return,control
2024-03-04,420,,,,0.027564403016902383,0.0017667727660640841,zero_return,control
2024-03-11,420,,,,0.031169171771222536,0.0021423186613541683,zero_return,control
2024-03-18,420,,,,0.02983404378754621,0.0016741850633022032,zero_return,control
2024-03-25,421,,,,0.02241127315835516,0.001000438521189408,zero_return,control
2024-04-01,421,,,,0.030578946270977316,0.0016153089620387123,zero_return,control
2024-04-08,421,,,,0.029533225026755754,0.0012922099063369858,zero_return,control
2024-04-15,421,,,,0.038848891873721106,0.0028376111689921843,zero_return,control
2024-04-22,421,,,,0.04182125273545804,0.0032909466061435983,zero_return,control
2024-04-29,421,,,,0.03307480291261778,0.0025017973104367315,zero_return,control
2024-05-06,421,,,,0.031030383423942032,0.0018801903820248403,zero_return,control
2024-05-13,421,,,,0.029489882740615526,0.0018467663536779768,zero_return,control
2024-05-20,421,,,,0.03169576964612095,0.0020428030160102957,zero_return,control
2024-05-27,421,,,,0.030212258614883677,0.0018703133237135223,zero_return,control
2024-06-03,421,,,,0.029360350455242212,0.001477568595091757,zero_return,control
2024-06-10,421,,,,0.02894804108115247,0.0016954231496806819,zero_return,control
2024-06-17,421,,,,0.02664601134259339,0.001278260008528359,zero_return,control
2024-06-24,421,,,,0.024343002601222356,0.0012343497002997512,zero_return,control
2024-07-01,422,,,,0.026133956584446106,0.0013221696484446825,zero_return,control
2024-07-08,422,,,,0.03482441331726739,0.0019386331244385146,zero_return,control
2024-07-15,422,,,,0.0347180048981728,0.002453061727134603,zero_return,control
2024-07-22,422,,,,0.03569416772784715,0.002817162985902609,zero_return,control
2024-07-29,422,,,,0.04757819267842758,0.00399843311300804,zero_return,control
2024-08-05,422,,,,0.03328141707308283,0.0024722433158445743,zero_return,control
2024-08-12,422,,,,0.03847592588993889,0.0027168147923797834,zero_return,control
2024-08-19,422,,,,0.03079500383113503,0.0016558539864504416,zero_return,control
2024-08-26,422,,,,0.023006488737286796,0.0014507026676143506,zero_return,control
2024-09-02,422,,,,0.04583814811414175,0.0033765411355645477,zero_return,control
2024-09-09,422,,,,0.042091516491563986,0.0032636377056299484,zero_return,control
2024-09-16,422,,,,0.03041973570896303,0.001915243802567702,zero_return,control
2024-09-23,422,,,,0.03810664170961947,0.004052772435102217,zero_return,control
2024-09-30,422,,,,0.03048926896397849,0.0016621546874241312,zero_return,control
2024-10-07,423,,,,0.02458641983452417,0.0012555312322748246,zero_return,control
2024-10-14,423,,,,0.027963582104048076,0.0015928192266157627,zero_return,control
2024-10-21,423,,,,0.03182350734646538,0.001881120840789052,zero_return,control
2024-10-28,422,,,,0.03343772234722312,0.00279698420460397,zero_return,control
2024-11-04,422,,,,0.050374887599264395,0.0048001941166081665,zero_return,control
2024-11-11,423,,,,0.04166073227279079,0.0030661904895167356,zero_return,control
2024-11-18,423,,,,0.038459299055886596,0.004433181192493096,zero_return,control
2024-11-25,423,,,,0.027969388472298497,0.0015814716286715168,zero_return,control
2024-12-02,423,,,,0.034642646272581984,0.0026524127803897028,zero_return,control
2024-12-09,423,,,,0.028714475380071828,0.0017420403531544994,zero_return,control
2024-12-16,423,,,,0.03677312051709806,0.0020959154552934573,zero_return,control
2024-12-23,422,,,,0.01596081669688024,0.0005183273614386949,zero_return,control
2024-12-30,422,,,,0.024399270066668553,0.0012362585286012206,zero_return,control
2025-01-06,422,,,,0.029492999712654126,0.001586819133499178,zero_return,control
2025-01-13,422,,,,0.04246443746517955,0.0029638490268152746,zero_return,control
2025-01-20,421,,,,0.04239137013159026,0.0032015821538299645,zero_return,control
2025-01-27,421,,,,0.03337013290116928,0.002209884073569431,zero_return,control
2025-02-03,421,,,,0.03499282261828087,0.00266144388415298,zero_return,control
2025-02-10,422,,,,0.03818540948277228,0.0031029085088757373,zero_return,control
2025-02-17,422,,,,0.04183984745022873,0.003649616577961052,zero_return,control
2025-02-24,422,,,,0.03210468476099836,0.002138192070511905,zero_return,control
2025-03-03,422,,,,0.044448114451421335,0.003609081816578323,zero_return,control
2025-03-10,422,,,,0.03759163911191292,0.002313752794398898,zero_return,control
2025-03-17,422,,,,0.020554703222421467,0.000738542501972959,zero_return,control
2025-03-24,422,,,,0.0297838888444061,0.00154712782622855,zero_return,control
2025-03-31,423,,,,0.09635177711636951,0.012583635025101948,zero_return,control
2025-04-07,423,,,,0.05610587255783988,0.0055701432156244025,zero_return,control
2025-04-14,423,,,,0.03305199839364788,0.0019957094052256226,zero_return,control
2025-04-21,423,,,,0.05320094774293145,0.004432783686172463,zero_return,control
2025-04-28,423,,,,0.03896431667181983,0.0024854385819685658,zero_return,control
2025-05-05,423,,,,0.03025336040082351,0.002049380144348746,zero_return,control
2025-05-12,423,,,,0.053244843485082245,0.004719976448425882,zero_return,control
2025-05-19,423,,,,0.035804933497331735,0.0023473349095341238,zero_return,control
2025-05-26,423,,,,0.02606461167124502,0.001438123573636648,zero_return,control
2025-06-02,423,,,,0.02987935301049006,0.0018230790770361305,zero_return,control
2025-06-09,423,,,,0.02741734310952224,0.0014708005405840176,zero_return,control
2025-06-16,423,,,,0.027446937598008668,0.0014833743886553954,zero_return,control
2025-06-23,423,,,,0.03857426809181419,0.0024856546977936327,zero_return,control
2025-06-30,423,,,,0.02712240522066451,0.0013238624876930206,zero_return,control
2025-07-07,424,,,,0.02542143714565103,0.0012019033555440066,zero_return,control
2025-07-14,424,,,,0.029623207768992237,0.0016614605576392653,zero_return,control
2025-07-21,424,,,,0.040649281219846164,0.0031052617803703025,zero_return,control
2025-07-28,424,,,,0.05053742037416376,0.004632419007300569,zero_return,control
2025-08-04,424,,,,0.04192032357869321,0.0039052153476746535,zero_return,control
2025-08-11,425,,,,0.030191580580557403,0.001863471502005989,zero_return,control
2025-08-18,425,,,,0.027642263292204157,0.0014257141408469814,zero_return,control
2025-08-25,425,,,,0.02425715113346323,0.0010972124397089166,zero_return,control
2025-09-01,425,,,,0.03204892200013379,0.0022901958714116174,zero_return,control
2025-09-08,425,,,,0.030089123889867127,0.0020922497193724948,zero_return,control
2025-09-15,425,,,,0.0301215031080594,0.0018193407600035508,zero_return,control
2025-09-22,425,,,,0.02946996926550232,0.0016194771795913377,zero_return,control
2025-09-29,425,,,,0.039922288265349215,0.003408298075111998,zero_return,control
2025-10-06,425,,,,0.04265223246747332,0.002886623100855271,zero_return,control
2025-10-13,425,,,,0.036032153001496696,0.0025078214593709947,zero_return,control
2025-10-20,425,,,,0.03308120202253588,0.002173277294945392,zero_return,control
2025-10-27,425,,,,0.043935753604313246,0.005034645277663562,zero_return,control
2025-11-03,425,,,,0.03958062089064896,0.0035163547695459475,zero_return,control
2025-11-10,425,,,,0.03056195961482025,0.0016346163720589745,zero_return,control
2025-11-17,425,,,,0.03454399315962447,0.0022419877313323206,zero_return,control
2025-11-24,425,,,,0.03854269487431718,0.0028806490133393057,zero_return,control
2025-12-01,425,,,,0.03195544837611569,0.0019919336998414157,zero_return,control
2025-12-08,425,,,,0.028534186129992534,0.0015402080001356844,zero_return,control
2025-12-15,425,,,,0.025049282336011145,0.0011961022430882558,zero_return,control
2025-12-22,425,,,,0.016308900555111236,0.0004692126281895006,zero_return,control
2024-01-08,419,-0.1393037812583096,-0.009903194703691868,0.0037711080089515873,0.05717306233827768,0.005166348409663545,persistence_1w,control
2024-01-15,419,0.22777485044788148,0.035046796767113024,0.06364271316021287,0.04108566716152079,0.0032192140159160334,persistence_1w,control
2024-01-22,419,-0.23374339515527812,-0.015065234928660593,-0.04875185276247266,0.04666140614896362,0.004060542011948198,persistence_1w,control
2024-01-29,419,-0.13981471361197526,0.00027615138055372447,-0.010932476681100648,0.04696143102305064,0.004079014844302117,persistence_1w,control
2024-02-05,419,0.07709825659831941,0.0033284986821217957,-0.0048468348948755915,0.04997697070649714,0.0052795790727062095,persistence_1w,control
2024-02-12,419,-0.04468618932882217,0.010589509412934173,0.007898405959047028,0.04899385978823526,0.0049810225466916085,persistence_1w,control
2024-02-19,419,-0.075082752243598,0.0025989076899982973,-0.0006183737448222718,0.041888538059036175,0.003364207005915924,persistence_1w,control
2024-02-26,419,-0.14099253340554685,0.025492949685990585,-0.03735000896839687,0.04598827174580754,0.005475075605657939,persistence_1w,control
2024-03-04,420,-0.12347462287201175,-0.01761676636551817,-0.02755963913684776,0.04672925820246869,0.005289648700225108,persistence_1w,control
2024-03-11,420,-0.0048958813339563785,0.007537362359455485,0.008656843762650275,0.04288637418327424,0.0036601607580120793,persistence_1w,control
2024-03-18,420,-0.07894294833223058,-0.02019699416685864,-0.016221208366164263,0.04750448919209475,0.004390082124771462,persistence_1w,control
2024-03-25,421,-0.15934366541924716,-0.0038093535792852293,-0.030304773929531292,0.039372422669723905,0.0028203548001956512,persistence_1w,control
2024-04-01,421,0.015230848273320309,0.01567128795168446,0.019702358732808817,0.03644735709194567,0.0023851357752913403,persistence_1w,control
2024-04-08,421,0.07509974799659708,0.01603878688805887,0.023200354866057368,0.03360080301904516,0.0021921930833758776,persistence_1w,control
2024-04-15,421,-0.09479589654190863,-0.02260493714307076,-0.0038220751365449016,0.04051243018261375,0.0032220470737760413,persistence_1w,control
2024-04-22,421,-0.2566319351191749,-0.007598986159183585,-0.06585593500779595,0.06865785225524018,0.009132318441983167,persistence_1w,control
2024-04-29,421,0.06644816722604882,0.030695082437266975,0.03536940896734226,0.05037036455068068,0.00474582109594974,persistence_1w,control
2024-05-06,421,-0.14343126675533155,-0.01279331399215276,-0.006811593180112893,0.04798072811237435,0.004575496681819014,persistence_1w,control
2024-05-13,421,-0.09959505770990501,0.009051176871044286,0.0067818731413882664,0.04072628647982353,0.003317090402651901,persistence_1w,control
2024-05-20,421,0.03472999290788126,-0.023845337649048937,-0.012448768332788643,0.04565226122565503,0.004074513825434216,persistence_1w,control
2024-05-27,421,-0.062987985211083,-0.007143933781739517,-0.02470099511808571,0.04422579458632009,0.0038953999930156974,persistence_1w,control
2024-06-03,421,-0.11696086296132405,-0.021645110451749838,-0.02881869700445927,0.0432620901956415,0.003716607002730815,persistence_1w,control
2024-06-10,421,0.1368055341688579,0.048877344711979624,0.0403463871144723,0.03788556877942857,0.002589909248753154,persistence_1w,control
2024-06-17,421,-0.19405164172510903,-0.0264892650170037,-0.024113770925834624,0.044616681142846934,0.0036326205006967345,persistence_1w,control
2024-06-24,421,0.06845647513657556,0.014665983800297527,0.020306165987484415,0.033569303913280155,0.0021710654771264276,persistence_1w,control
2024-07-01,422,0.0791625918719992,0.027388179169228727,0.023885968084785703,0.0353145903326287,0.0023511393217544017,persistence_1w,control
2024-07-08,422,-0.20288353747825083,-0.0022595889299529964,-0.015346625705852678,0.04443280111149872,0.0034848276015952855,persistence_1w,control
2024-07-15,422,0.14525989305854592,0.036434162727632634,0.04180697229647531,0.05393667280007312,0.004699592487505538,persistence_1w,control
2024-07-22,422,0.30842716638359674,0.020106635562086795,0.0783671274945755,0.04397011453480717,0.003865736377822378,persistence_1w,control
2024-07-29,422,0.19030566528792306,0.005083929835991218,0.011600974903153764,0.057007872111611325,0.006106152450315253,persistence_1w,control
2024-08-05,422,-0.22951902213550623,-0.020801306670683452,-0.03399364091905473,0.06526069833368238,0.00767232894903975,persistence_1w,control
2024-08-12,422,0.05719754245271383,-0.004583023063155119,-0.03548218618382344,0.051076172025948496,0.004974996166111533,persistence_1w,control
2024-08-19,422,-0.06244457660498209,-0.014848601142408397,-0.041618196909249644,0.03739457318356812,0.002955863773510154,persistence_1w,control
2024-08-26,422,-0.11405121734465742,-0.026625259567222045,0.014611180178457375,0.037618209368870954,0.002999989116269582,persistence_1w,control
2024-09-02,422,0.0990679488527542,-3.292077995446091e-05,0.017189713999300374,0.05436014920112319,0.004587591808325536,persistence_1w,control
2024-09-09,422,-0.24761618025015392,-0.0145515179794109,-0.07533872833421612,0.07846230535791693,0.010321983163998303,persistence_1w,control
2024-09-16,422,0.14808492434953588,0.028406184101809052,0.02408991101464307,0.04201562412354325,0.0032836094653768263,persistence_1w,control
2024-09-23,422,0.12681447622551423,0.001763377149848179,0.023549895549354168,0.04427877209720156,0.00453056991452973,persistence_1w,control
2024-09-30,422,-0.0855634625666987,0.07097314732076375,0.04854265275656007,0.05060959713883797,0.004841347274277491,persistence_1w,control
2024-10-07,423,0.07496275692017328,-0.05278419660663411,-0.03033227173057146,0.04026551294176138,0.0031473457837342643,persistence_1w,control
2024-10-14,423,0.21119426459741641,-0.00853317233512586,0.041987853837582585,0.03432499714845018,0.002411257310146968,persistence_1w,control
2024-10-21,423,-0.028920861900664764,0.0103442220793802,0.004900922661946722,0.04492973681602159,0.003476930340779138,persistence_1w,control
2024-10-28,422,0.04436698087263567,0.01810722237689125,0.022476118052066937,0.044608498191735735,0.004340015958264045,persistence_1w,control
2024-11-04,422,0.12333412946354713,0.012908577551248648,0.022877354218909282,0.06341288864194818,0.007363715933389772,persistence_1w,control
2024-11-11,423,0.13091315667339068,0.01465481069848482,0.02349925569565092,0.075711540095901,0.009180393553582682,persistence_1w,control
2024-11-18,423,-0.07624890363602808,0.007135440107890818,-0.06823413112334016,0.06796746205168934,0.009968009283423606,persistence_1w,control
2024-11-25,423,-0.2747848019061354,-0.017679897336613196,-0.0492420182780336,0.04616993041346948,0.005452624055480434,persistence_1w,control
2024-12-02,423,-0.0400473299454656,0.02042629759340596,-0.0014156378909435455,0.04725813359215807,0.004024290440947065,persistence_1w,control
2024-12-09,423,0.11134650301908354,0.015110755741474751,0.033780106029093905,0.043175905201282366,0.004252259282456473,persistence_1w,control
2024-12-16,423,0.09215117551146211,0.0007452966616890086,0.003809166723978352,0.03713191346241127,0.0026449662165731734,persistence_1w,control
2024-12-23,422,0.02099125033901733,-0.00019811757308817526,0.017636458196454097,0.03625906287031136,0.0022076213317648342,persistence_1w,control
2024-12-30,422,0.18763695920798212,0.0006838320721313847,-0.00443693161862119,0.029612145419647618,0.0015861579212334957,persistence_1w,control
2025-01-06,422,0.014452258354487083,-0.0038621338657799115,-0.005289473410293579,0.03395558493661068,0.002378945155180425,persistence_1w,control
2025-01-13,422,-0.028096143358042776,-0.0044629744874768,-0.004487409484336315,0.053012030614127424,0.004743674038835551,persistence_1w,control
2025-01-20,421,-0.18569016286142065,-0.01744772968233311,-0.0298532040060501,0.05628931012898453,0.006385306551965017,persistence_1w,control
2025-01-27,421,-0.14080348398322978,-0.028775186654923065,-0.026415582739732903,0.05497577656400795,0.006043755263736515,persistence_1w,control
2025-02-03,421,-0.05522058962767948,0.022716280187741935,-0.010694530741740645,0.05236886871889935,0.0052776394960562046,persistence_1w,control
2025-02-10,422,0.09172833216122696,0.03044725680371826,0.045962702205790275,0.05147120080777132,0.004925686625571254,persistence_1w,control
2025-02-17,422,0.029222355527122146,0.0024505837860305107,0.034220981343470784,0.05955887176964878,0.006718964832625474,persistence_1w,control
2025-02-24,422,0.024745930604297982,-0.03245344732188418,-0.02476504398989047,0.05061569909449205,0.005891519125800605,persistence_1w,control
2025-03-03,422,0.025919725966216355,0.005570703237319466,0.03949493806543842,0.055260003296502214,0.005356878894367773,persistence_1w,control
2025-03-10,422,-0.04912595604483165,0.0069535228888421945,-0.011388517434833219,0.05798141363586673,0.0059536591734748335,persistence_1w,control
2025-03-17,422,0.09018104423484519,0.013512912678727677,0.0019936519717191747,0.04178072658640465,0.002978729682669903,persistence_1w,control
2025-03-24,422,-0.025577136854145043,-0.014505478322688621,0.0019423939399936738,0.03699179813532023,0.0024250994427312007,persistence_1w,control
2025-03-31,423,0.40860519705874815,0.002601924678529141,0.049702943764223836,0.08116554341458762,0.009370729412502651,persistence_1w,control
2025-04-07,423,-0.28466761542183777,-0.036780489590097824,-0.08535159444163033,0.13897566612524687,0.028095879225831025,persistence_1w,control
2025-04-14,423,-0.2609942396101479,-0.015234070331396237,-0.035170654001486557,0.0742827425135832,0.009419313642909918,persistence_1w,control
2025-04-21,423,-0.2058053542516091,-0.02316556555898342,-0.06372824341550179,0.05727011719603417,0.005471081458006755,persistence_1w,control
2025-04-28,423,0.14011674254805453,0.01655402754427874,0.021780260539305284,0.047231987955794356,0.003923707670074703,persistence_1w,control
2025-05-05,423,-0.054186857838296854,-0.013919772264811728,-0.007476632810133496,0.051915755220981574,0.00459826568271181,persistence_1w,control
2025-05-12,423,0.09676224613981581,0.03334569499003125,0.027235212249245015,0.061491286280928814,0.006565971994019532,persistence_1w,control
2025-05-19,423,-0.40456052531609843,-0.029996390696680073,-0.07981871669238075,0.08299637299444022,0.010830252713564645,persistence_1w,control
2025-05-26,423,0.13387008926725832,0.009129899020330713,0.019555025115651267,0.04619317747289978,0.003989345580976738,persistence_1w,control
2025-06-02,423,-0.15167367735830348,0.011076368406767255,-0.0007407658543544422,0.04051783978288318,0.0035290007077367763,persistence_1w,control
2025-06-09,423,0.0837788617045742,0.012255731632178362,0.016987343675654125,0.04179180185219894,0.0031603868134870957,persistence_1w,control
2025-06-16,423,-0.16889562967344499,-0.013346114137758927,-0.011627825645263328,0.04338545334761891,0.003424340148198571,persistence_1w,control
2025-06-23,423,-0.14804829772647563,-0.005738477236932809,-0.01908374515111814,0.06128839971376027,0.005585592713310714,persistence_1w,control
2025-06-30,423,-0.16937990985557488,-0.032015322344873115,-0.05299799821042375,0.04495455310323018,0.003947121749938951,persistence_1w,control
2025-07-07,424,0.13389472689919,-0.013646860772924086,-0.018228360403868858,0.04162065044881751,0.0031394973772632577,persistence_1w,control
2025-07-14,424,-0.14689808801882856,0.005831385687798689,-0.016863803316964066,0.04230892263597551,0.003317779694435938,persistence_1w,control
2025-07-21,424,-0.11160554466668239,-0.01954479032569071,-0.03003033088183794,0.05284195907396381,0.005270375276422468,persistence_1w,control
2025-07-28,424,-0.026450515975157626,-0.023280361669585616,-0.00880010146309209,0.07700335936188979,0.010185261313759433,persistence_1w,control
2025-08-04,424,0.08522618682157727,0.000304459447073583,-0.0021021216743885053,0.07482731774795551,0.009431314482196527,persistence_1w,control
2025-08-11,425,-0.16515764955995688,-0.025215081113068326,-0.05691507609136083,0.05313411769066845,0.006235826885736932,persistence_1w,control
2025-08-18,425,0.203895202513639,0.0006972038020051641,0.004120223941024678,0.033366887598893884,0.002604191466441204,persistence_1w,control
2025-08-25,425,0.059743164871582446,0.004191571426823387,0.027128487538868335,0.038555969071693126,0.002549882485579225,persistence_1w,control
2025-09-01,425,-0.03227384283503463,0.05929084540827784,0.04341974746562764,0.042300151196607454,0.0032905967975068126,persistence_1w,control
2025-09-08,425,-0.07472620406121525,0.05303380245048295,0.02609630686449346,0.043246795472882495,0.0035726209000834495,persistence_1w,control
2025-09-15,425,0.15196979881508807,0.05337318965126717,0.034713113208677863,0.0388251902797716,0.003124110743943593,persistence_1w,control
2025-09-22,425,0.02020321708274062,0.015864593036889606,0.01816267796395747,0.04139701276168884,0.0032190507116243313,persistence_1w,control
2025-09-29,425,-0.12329571211955417,-0.035890730795040585,-0.04705094062152561,0.05576584722622945,0.006027686956167956,persistence_1w,control
2025-10-06,425,-0.045729783808288134,-0.026879933364535966,-0.02049564455275929,0.06781320117550287,0.008168452786548926,persistence_1w,control
2025-10-13,425,-0.1601092682621813,-0.01523310999710502,-0.03825676809705241,0.06926840560546292,0.007685992484076015,persistence_1w,control
2025-10-20,425,0.027913116881086743,0.01409909315608543,0.019098446517236495,0.04229948342776495,0.003265355890301391,persistence_1w,control
2025-10-27,425,0.09425020712510357,-0.009333503133989889,0.000576616995814655,0.05706081878628453,0.007041463744061629,persistence_1w,control
2025-11-03,425,-0.0049772553188163395,-0.015942749676368523,-0.018807199293020847,0.06183621832498881,0.009718298681841374,persistence_1w,control
2025-11-10,425,0.17258898563411545,-0.011368578560040081,0.02760913625552605,0.045871276493048695,0.004095926212365733,persistence_1w,control
2025-11-17,425,0.10545528442575541,0.017339367904003953,0.05077500216451088,0.04328701153913355,0.003498063439110914,persistence_1w,control
2025-11-24,425,-0.3112639442584902,-0.01059560028925572,-0.02994155078577522,0.06330567663623676,0.007116240357890174,persistence_1w,control
2025-12-01,425,0.13809429272639165,0.01866327596207676,0.009293135016537803,0.060425085798217835,0.005809965662271251,persistence_1w,control
2025-12-08,425,0.03298494630379391,-0.00930066260290963,-0.01183705725993306,0.0430511511046541,0.003430333558431226,persistence_1w,control
2025-12-15,425,0.044927076331462694,0.010577226414621192,-0.002697425917957441,0.03778409670640565,0.002662750980213845,persistence_1w,control
2025-12-22,425,-0.032076565943943355,-0.006089901725330715,0.0027813532265438274,0.030552701791710855,0.0017355676072240795,persistence_1w,control
2024-01-08,419,0.1393037812583096,-0.013674302712643456,-0.003771108008951589,0.042154642963284576,0.0032235676309636512,reversal_1w,control
2024-01-15,419,-0.22777485044788148,-0.02859591639309985,-0.06364271316021287,0.05213602255408363,0.005076311139412672,reversal_1w,control
2024-01-22,419,0.23374339515527812,0.03368661783381207,0.04875185276247266,0.037779909714680954,0.002822356666698498,reversal_1w,control
2024-01-29,419,0.13981471361197526,0.011208628061654378,0.010932476681100652,0.042490270893163325,0.003527239616123772,reversal_1w,control
2024-02-05,419,-0.07709825659831941,0.008175333576997387,0.004846834894875595,0.0541533919968866,0.006323140890511218,reversal_1w,control
2024-02-12,419,0.04468618932882217,0.002691103453887145,-0.007898405959047028,0.04609610508534975,0.004750760394698896,reversal_1w,control
2024-02-19,419,0.075082752243598,0.0032172814348205656,0.0006183737448222648,0.04150850243423935,0.0034036377144251676,reversal_1w,control
2024-02-26,419,0.14099253340554685,0.06284295865438744,0.03735000896839683,0.04685002660053683,0.005032978803493297,reversal_1w,control
2024-03-04,420,0.12347462287201175,0.009942872771329587,0.02755963913684776,0.04319552834327307,0.004496753160328533,reversal_1w,control
2024-03-11,420,0.0048958813339563785,-0.0011194814031947904,-0.008656843762650274,0.04224706262880067,0.00394267580255527,reversal_1w,control
2024-03-18,420,0.07894294833223058,-0.003975785800694381,0.01622120836616426,0.0408419217952494,0.003192463568245974,reversal_1w,control
2024-03-25,421,0.15934366541924716,0.02649542035024607,0.0303047739295313,0.035826727728230014,0.0023830270084040143,reversal_1w,control
2024-04-01,421,-0.015230848273320309,-0.004031070781124349,-0.01970235873280881,0.03753061068794659,0.0026876334952676247,reversal_1w,control
2024-04-08,421,-0.07509974799659708,-0.007161567977998495,-0.023200354866057364,0.04912434100848615,0.003783474139700851,reversal_1w,control
2024-04-15,421,0.09479589654190863,-0.01878286200652587,0.0038220751365449016,0.057516928093506246,0.005239265700928607,reversal_1w,control
2024-04-22,421,0.2566319351191749,0.058256948848612336,0.06585593500779592,0.04241713639553412,0.003416259584105229,reversal_1w,control
2024-04-29,421,-0.06644816722604882,-0.004674326530075287,-0.03536940896734225,0.057153003254492574,0.006204203448932904,reversal_1w,control
2024-05-06,421,0.14343126675533155,-0.005981720812039869,0.00681159318011289,0.044302743516237204,0.003769853760289259,reversal_1w,control
2024-05-13,421,0.09959505770990501,0.0022693037296560234,-0.0067818731413882595,0.04675134017959069,0.003912020767657167,reversal_1w,control
2024-05-20,421,-0.03472999290788126,-0.011396569316260294,0.012448768332788657,0.04108324947007297,0.0034427473288792822,reversal_1w,control
2024-05-27,421,0.062987985211083,0.017557061336346193,0.024700995118085708,0.04554395305244796,0.0038363402394996776,reversal_1w,control
2024-06-03,421,0.11696086296132405,0.007173586552709428,0.028818697004459257,0.03830648624541628,0.002797448249561651,reversal_1w,control
2024-06-10,421,-0.1368055341688579,0.008530957597507329,-0.040346387114472304,0.04517145921890788,0.003725058043231031,reversal_1w,control
2024-06-17,421,0.19405164172510903,-0.002375494091169071,0.024113770925834627,0.03551777188956048,0.002180510862157266,reversal_1w,control
2024-06-24,421,-0.06845647513657556,-0.005640182187186886,-0.020306165987484415,0.036707800208305365,0.002740020270330307,reversal_1w,control
2024-07-01,422,-0.0791625918719992,0.003502211084443027,-0.023885968084785686,0.03799263553878786,0.0028132608711796056,reversal_1w,control
2024-07-08,422,0.20288353747825083,0.013087036775899681,0.015346625705852678,0.0432288315144468,0.0031183158989095427,reversal_1w,control
2024-07-15,422,-0.14525989305854592,-0.005372809568842675,-0.04180697229647531,0.04691340635104408,0.003865618977797021,reversal_1w,control
2024-07-22,422,-0.30842716638359674,-0.058260491932488695,-0.07836712749457549,0.059845331766912035,0.00714550163541918,reversal_1w,control
2024-07-29,422,-0.19030566528792306,-0.0065170450671625454,-0.011600974903153764,0.06615991892696267,0.008629689827359607,reversal_1w,control
2024-08-05,422,0.22951902213550623,0.013192334248371275,0.03399364091905473,0.056118504122946555,0.0063186444849668835,reversal_1w,control
2024-08-12,422,-0.05719754245271383,0.030899163120668323,0.03548218618382344,0.052588774286655704,0.005085855706969545,reversal_1w,control
2024-08-19,422,0.06244457660498209,0.026769595766841243,0.041618196909249644,0.05887515938426889,0.005213507161740608,reversal_1w,control
2024-08-26,422,0.11405121734465742,-0.041236439745679414,-0.014611180178457372,0.04114238927398718,0.0030701412768665524,reversal_1w,control
2024-09-02,422,-0.0990679488527542,-0.017222634779254835,-0.01718971399930038,0.05296943689581977,0.005754725365330149,reversal_1w,control
2024-09-09,422,0.24761618025015392,0.06078721035480523,0.07533872833421612,0.04086778030122717,0.0031082113897831515,reversal_1w,control
2024-09-16,422,-0.14808492434953588,0.004316273087165985,-0.024089911014643067,0.0583118322624515,0.00629566097654896,reversal_1w,control
2024-09-23,422,-0.12681447622551423,-0.021786518399505985,-0.023549895549354168,0.05727227040614413,0.007002912415229951,reversal_1w,control
2024-09-30,422,0.0855634625666987,0.022430494564203665,-0.04854265275656009,0.04373603771768151,0.005192328410976757,reversal_1w,control
2024-10-07,423,-0.07496275692017328,-0.022451924876062658,0.030332271730571448,0.038710898453512416,0.0026351533345946687,reversal_1w,control
2024-10-14,423,-0.21119426459741641,-0.050521026172708434,-0.04198785383758258,0.0426294744646708,0.003227598430473875,reversal_1w,control
2024-10-21,423,0.028920861900664764,0.005443299417433482,-0.004900922661946715,0.044600217540328384,0.0036018035642174898,reversal_1w,control
2024-10-28,422,-0.04436698087263567,-0.004368895675175687,-0.022476118052066937,0.0533671206913067,0.005392704628561631,reversal_1w,control
2024-11-04,422,-0.12333412946354713,-0.00996877666766063,-0.02287735421890928,0.06364731302910258,0.00887307799074479,reversal_1w,control
2024-11-11,423,-0.13091315667339068,-0.008844444997166107,-0.023499255695650926,0.057639177826378424,0.005810376837632575,reversal_1w,control
2024-11-18,423,0.07624890363602808,0.07536957123123098,0.06823413112334016,0.04731917412289816,0.0050991173965350385,reversal_1w,control
2024-11-25,423,0.2747848019061354,0.031562120941420406,0.0492420182780336,0.04666618547550041,0.004559465177323823,reversal_1w,control
2024-12-02,423,0.0400473299454656,0.0218419354843495,0.0014156378909435455,0.044530684055230134,0.0040641252514512375,reversal_1w,control
2024-12-09,423,-0.11134650301908354,-0.018669350287619145,-0.03378010602909389,0.04720976821056837,0.0043312819826479,reversal_1w,control
2024-12-16,423,-0.09215117551146211,-0.0030638700622893436,-0.003809166723978352,0.05755698886531785,0.005296200092326056,reversal_1w,control
2024-12-23,422,-0.02099125033901733,-0.017834575769542275,-0.017636458196454104,0.045961417175592705,0.003434558723202254,reversal_1w,control
2024-12-30,422,-0.18763695920798212,0.005120763690752573,0.004436931618621189,0.03442065851487183,0.0022895102580474847,reversal_1w,control
2025-01-06,422,-0.014452258354487083,0.001427339544513669,0.005289473410293577,0.03765003729401355,0.00248428233476722,reversal_1w,control
2025-01-13,422,0.028096143358042776,2.4434996859522273e-05,0.004487409484336319,0.050293668280272,0.004199318105186401,reversal_1w,control
2025-01-20,421,0.18569016286142065,0.012405474323716999,0.029853204006050106,0.06124597663219043,0.0055421847169537086,reversal_1w,control
2025-01-27,421,0.14080348398322978,-0.0023596039151901615,0.026415582739732896,0.046211289914045606,0.003451266753804112,reversal_1w,control
2025-02-03,421,0.05522058962767948,0.03341081092948258,0.010694530741740645,0.05122090813812916,0.00477679577924521,reversal_1w,control
2025-02-10,422,-0.09172833216122696,-0.015515445402072014,-0.045962702205790275,0.056479699001564146,0.006556298166547424,reversal_1w,control
2025-02-17,422,-0.029222355527122146,-0.03177039755744029,-0.034220981343470805,0.05654140708754423,0.007307242530526193,reversal_1w,control
2025-02-24,422,-0.024745930604297982,-0.007688403331993707,0.024765043989890472,0.05612492495438271,0.008034854862542328,reversal_1w,control
2025-03-03,422,-0.025919725966216355,-0.03392423482811897,-0.03949493806543843,0.05889593494063744,0.006710013663950995,reversal_1w,control
2025-03-10,422,0.04912595604483165,0.018342040323675417,0.011388517434833222,0.05797808391069397,0.006285668688640746,reversal_1w,control
2025-03-17,422,-0.09018104423484519,0.0115192607070085,-0.0019936519717191764,0.045928490932988245,0.003363014187364635,reversal_1w,control
2025-03-24,422,0.025577136854145043,-0.016447872262682295,-0.0019423939399936738,0.035916994028153695,0.0021655215526014356,reversal_1w,control
2025-03-31,423,-0.40860519705874815,-0.047101019085694695,-0.049702943764223864,0.11639565998748122,0.019556065045559838,reversal_1w,control
2025-04-07,423,0.28466761542183777,0.04857110485153252,0.08535159444163035,0.08379836522926574,0.011594683311230789,reversal_1w,control
2025-04-14,423,0.2609942396101479,0.019936583670090317,0.03517065400148654,0.05072649968759316,0.005047060390638455,reversal_1w,control
2025-04-21,423,0.2058053542516091,0.04056267785651839,0.06372824341550182,0.07413298181766338,0.008018847759905912,reversal_1w,control
2025-04-28,423,-0.14011674254805453,-0.005226232995026545,-0.021780260539305277,0.07718859572703042,0.008898901511751666,reversal_1w,control
2025-05-05,423,0.054186857838296854,-0.00644313945467823,0.007476632810133499,0.047970138257261534,0.004217803128381814,reversal_1w,control
2025-05-12,423,-0.09676224613981581,0.006110482740786231,-0.027235212249245015,0.062074213016654535,0.006660451092100423,reversal_1w,control
2025-05-19,423,0.40456052531609843,0.04982232599570067,0.07981871669238075,0.03845569280297805,0.0027301232254657287,reversal_1w,control
2025-05-26,423,-0.13387008926725832,-0.010425126095320557,-0.019555025115651273,0.04499785809376862,0.003819728313847007,reversal_1w,control
2025-06-02,423,0.15167367735830348,0.011817134261121697,0.0007407658543544353,0.0396480370438353,0.003073810982014565,reversal_1w,control
2025-06-09,423,-0.0837788617045742,-0.004731612043475766,-0.016987343675654125,0.040899639625594654,0.0033905236331759295,reversal_1w,control
2025-06-16,423,0.16889562967344499,-0.0017182884924955993,0.011627825645263325,0.03599201731793469,0.0024657106037070595,reversal_1w,control
2025-06-23,423,0.14804829772647563,0.013345267914185333,0.019083745151118138,0.03652542579774529,0.0027600272810549414,reversal_1w,control
2025-06-30,423,0.16937990985557488,0.020982675865550637,0.05299799821042375,0.04661494914346528,0.0033529729284211465,reversal_1w,control
2025-07-07,424,-0.13389472689919,0.004581499630944772,0.018228360403868858,0.04061434239170329,0.002687876972554315,reversal_1w,control
2025-07-14,424,0.14689808801882856,0.022695189004762754,0.016863803316964063,0.03756771604029842,0.0024768849047275623,reversal_1w,control
2025-07-21,424,0.11160554466668239,0.01048554055614723,0.030030330881837944,0.049437878459871375,0.004154919487900875,reversal_1w,control
2025-07-28,424,0.026450515975157626,-0.014480260206493532,0.008800101463092083,0.053678045659959796,0.005128067357123041,reversal_1w,control
2025-08-04,424,-0.08522618682157727,0.0024065811214620883,0.002102121674388507,0.06666223128382125,0.009048945862825038,reversal_1w,control
2025-08-11,425,0.16515764955995688,0.03169999497829251,0.056915076091360844,0.054001593734102814,0.005898189228635191,reversal_1w,control
2025-08-18,425,-0.203895202513639,-0.0034230201390195118,-0.004120223941024683,0.04948856011135096,0.0038502385570112953,reversal_1w,control
2025-08-25,425,-0.059743164871582446,-0.022936916112044944,-0.02712848753886833,0.034137125290389564,0.0024016399237825345,reversal_1w,control
2025-09-01,425,0.03227384283503463,0.0158710979426502,-0.043419747465627635,0.038683774019568545,0.0034789649933734106,reversal_1w,control
2025-09-08,425,0.07472620406121525,0.02693749558598949,-0.026096306864493473,0.041311248596492225,0.004216397857762501,reversal_1w,control
2025-09-15,425,-0.15196979881508807,0.0186600764425893,-0.03471311320867786,0.045935151835189945,0.004436899815711508,reversal_1w,control
2025-09-22,425,-0.02020321708274062,-0.0022980849270678666,-0.01816267796395747,0.04152774031497238,0.0034427184952622414,reversal_1w,control
2025-09-29,425,0.12329571211955417,0.011160209826485034,0.047050940621525615,0.046216363341114106,0.003970869596289648,reversal_1w,control
2025-10-06,425,0.045729783808288134,-0.0063842888117766755,0.020495644552759297,0.04789505567007045,0.0041254937998661916,reversal_1w,control
2025-10-13,425,0.1601092682621813,0.023023658099947407,0.038256768097052425,0.0413912988075382,0.0032661732866677215,reversal_1w,control
2025-10-20,425,-0.027913116881086743,-0.004999353361151067,-0.019098446517236488,0.05498935790121779,0.005515080588060369,reversal_1w,control
2025-10-27,425,-0.09425020712510357,-0.009910120129804545,-0.0005766169958146602,0.05544678914735284,0.007076418028675743,reversal_1w,control
2025-11-03,425,0.0049772553188163395,0.00286444961665232,0.01880719929302084,0.06180132886798,0.007035860303899601,reversal_1w,control
2025-11-10,425,-0.17258898563411545,-0.038977714815566125,-0.027609136255526044,0.056041948868619296,0.007151678055698725,reversal_1w,control
2025-11-17,425,-0.10545528442575541,-0.03343563426050693,-0.05077500216451088,0.04874229525302448,0.004421965453323702,reversal_1w,control
2025-11-24,425,0.3112639442584902,0.019345950496519493,0.029941550785775217,0.04072057873655624,0.0034219678841492843,reversal_1w,control
2025-12-01,425,-0.13809429272639165,0.009370140945538953,-0.009293135016537807,0.07087065409394858,0.008214253196242373,reversal_1w,control
2025-12-08,425,-0.03298494630379391,0.0025363946570234274,0.01183705725993306,0.043889607400031755,0.003380213705373852,reversal_1w,control
2025-12-15,425,-0.044927076331462694,0.013274652332578631,0.002697425917957439,0.03873628091215877,0.002818942705853397,reversal_1w,control
2025-12-22,425,0.032076565943943355,-0.008871254951874541,-0.0027813532265438265,0.028495585408168576,0.0016054791238861268,reversal_1w,control
2024-01-08,419,-0.1841509827943693,-0.008071573647806099,-0.02373653345545851,0.06263834590841852,0.007094832014854656,momentum_4w,control
2024-01-15,419,-0.06844519630601782,0.00978133004306434,0.036036011031838934,0.0576146025620627,0.006017923583638984,momentum_4w,control
2024-01-22,419,-0.27003476362853324,-0.012543713608646569,-0.013372799820449857,0.06630939418446084,0.007893590213213264,momentum_4w,control
2024-01-29,419,0.20873830576407024,0.027046882750577733,0.03951185938478787,0.059478397447804476,0.006537752194713151,momentum_4w,control
2024-02-05,419,0.12360419382150321,0.049440324596234,0.03639537174979744,0.07659118611265993,0.012151548324762207,momentum_4w,control
2024-02-12,419,-0.05927402581089304,0.015966397850294963,0.012214565587765732,0.08328186438805231,0.014342958368837559,momentum_4w,control
2024-02-19,419,0.0876013295171645,0.015518272614048667,0.015507805896062985,0.07287287780194068,0.010947319718078575,momentum_4w,control
2024-02-26,419,0.024494247117033196,0.05610416437867413,0.048698299490171765,0.08145217818074557,0.013299424746992541,momentum_4w,control
2024-03-04,420,-0.16354287722719515,0.015469216945247439,0.005780555739213211,0.09032071785253691,0.01969084722188512,momentum_4w,control
2024-03-11,420,-0.06388050466758395,-0.014593516746000137,-0.015824585681704615,0.085921792414677,0.016541956498571406,momentum_4w,control
2024-03-18,420,0.009186964940682364,-0.0017510820033131667,-0.001885706753932067,0.06768995915456626,0.013455893994341616,momentum_4w,control
2024-03-25,421,-0.03866298283900247,0.018529987023339727,0.01004239274987832,0.07020748262513335,0.010989949557544471,momentum_4w,control
2024-04-01,421,0.23847932751918974,0.04557355386035271,0.06186154468296794,0.06959887543646007,0.009069764377940106,momentum_4w,control
2024-04-08,421,0.034303822507265,0.00975009898132734,0.023043731700153128,0.06280504599869464,0.007283654936520429,momentum_4w,control
2024-04-15,421,-0.06412481485710426,-0.010655008212601933,0.0034996739837533444,0.06376028504534456,0.0077579551732264995,momentum_4w,control
2024-04-22,421,-0.13333746102149024,-0.005467661992181811,-0.04033070695895909,0.1020828128762393,0.016692299697687027,momentum_4w,control
2024-04-29,421,-0.09849200005789485,0.0031120900520619707,-0.011103552266429003,0.0773472691339574,0.009919187549394318,momentum_4w,control
2024-05-06,421,-0.015064239157179683,-0.019570108096574543,-0.007491407661983055,0.07344369720078424,0.00848501807991283,momentum_4w,control
2024-05-13,421,0.12693171785268012,0.013265911863903534,0.009701276924642281,0.06634829630681593,0.008366146630351002,momentum_4w,control
2024-05-20,421,0.18771809069227763,-0.0026232193128031735,0.012170037184601875,0.10039532739656233,0.018375238171818235,momentum_4w,control
2024-05-27,421,-0.005524294125120413,-0.03131496241686678,-0.03995117878640292,0.07957387735402247,0.012363683328999158,momentum_4w,control
2024-06-03,421,0.04049616046586702,0.004109099760605886,-0.011449237135402912,0.07019145982802089,0.009396450326126987,momentum_4w,control
2024-06-10,421,0.15436198087065744,0.01880734962900722,0.03247651553742489,0.06171982310678139,0.00678579996451139,momentum_4w,control
2024-06-17,421,-0.19074471230059312,-0.03037080062284542,-0.03790866067886188,0.07543686597318112,0.009854921567171526,momentum_4w,control
2024-06-24,421,-0.01694566086163614,-0.010367360975047719,-0.008989735468825071,0.06230942420934977,0.007237258059427045,momentum_4w,control
2024-07-01,422,0.11311773707520643,0.022218414862620453,0.020536686908125143,0.059926917111352423,0.0064252639273680075,momentum_4w,control
2024-07-08,422,-0.23355729035555686,-0.01480357343751448,-0.014495713360103604,0.07223833125665459,0.009026000016356535,momentum_4w,control
2024-07-15,422,0.04427923578847747,-0.0378544557421794,-0.0602121520502424,0.06630329851850655,0.008753806945961576,momentum_4w,control
2024-07-22,422,0.18744247084530824,0.02127978620718651,0.06681032439090047,0.060224910968523906,0.006663333742859371,momentum_4w,control
2024-07-29,422,0.1742634092580453,-0.016136003939189944,0.02623992433896785,0.0820128820596697,0.012089526998203733,momentum_4w,control
2024-08-05,422,-0.3251964384358505,-0.021975295425367414,-0.03353602626649395,0.1047831347953553,0.01905086934620252,momentum_4w,control
2024-08-12,422,-0.4248608661710088,-0.006298827505424168,-0.08311415589992896,0.10629410444315245,0.021069743851467756,momentum_4w,control
2024-08-19,422,-0.0028083448920577614,0.011015762905625857,0.0017598969642205545,0.06638808586476658,0.007816328988713442,momentum_4w,control
2024-08-26,422,-0.06647885286356571,-0.009008886611530384,0.022033008342260456,0.06702166209865551,0.008263410353770673,momentum_4w,control
2024-09-02,422,-0.21264068969597305,-0.019806387093267284,-0.0076417562893471985,0.11479361107056602,0.02006171511377901,momentum_4w,control
2024-09-09,422,-0.10970429066397579,-0.012433499478789117,-0.043346085501951556,0.0649816051168653,0.008293561438392242,momentum_4w,control
2024-09-16,422,-0.18900923588188936,0.0023093854622835037,-0.0038759467785648392,0.06606060002583324,0.007683274217143681,momentum_4w,control
2024-09-23,422,-0.039814466405289003,-0.014709238051201685,-0.06661254903169557,0.06784541504238656,0.009623410255521448,momentum_4w,control
2024-09-30,422,0.0644656268565116,0.0749314126344497,0.06015120319619535,0.07384987496127138,0.00949753907311191,momentum_4w,control
2024-10-07,423,0.0278428884267724,-0.024386862042444155,-0.026044907557274385,0.09396600903032332,0.021476459981246594,momentum_4w,control
2024-10-14,423,-0.25456683555269743,-0.053109857212824595,-0.05692838729524562,0.08710568719280866,0.016820153579853628,momentum_4w,control
2024-10-21,423,0.07810487732554727,0.00852694091140887,0.0032107225590439128,0.07165733383229406,0.00942556730285595,momentum_4w,control
2024-10-28,422,0.08858489836186668,0.035687491901422334,0.04842606505240081,0.0642422055777657,0.007567397131360022,momentum_4w,control
2024-11-04,422,0.32690373356594254,0.04818950500590486,0.10273958272591321,0.08110987510907978,0.010839524963263614,momentum_4w,control
2024-11-11,423,0.2005751511127262,0.041413684736800745,0.08737150975982355,0.08333098681311554,0.012492553890500333,momentum_4w,control
2024-11-18,423,0.1749410040442592,0.051571649179194795,-0.0028625114462341034,0.09748616653748612,0.019563988430040587,momentum_4w,control
2024-11-25,423,-0.3456324284010114,-0.03633388573304985,-0.06885289549401018,0.10224185907927821,0.019931191256056555,momentum_4w,control
2024-12-02,423,-0.030010565682586855,0.024333396010201628,0.03410047718650158,0.0863380292963182,0.013382397534492567,momentum_4w,control
2024-12-09,423,-0.003214256949029143,0.0008033348692032104,-0.0030023739930912143,0.07033306008133783,0.012049072605437498,momentum_4w,control
2024-12-16,423,0.1059965956432097,-0.009116611819292873,-0.0028356002750035414,0.06765594409617855,0.012123059464208897,momentum_4w,control
2024-12-23,422,0.062224380010460545,0.006164813860096422,0.0004857334662071906,0.06425988213710584,0.007240646034078831,momentum_4w,control
2024-12-30,422,0.014998996820083335,0.007265111474384997,-0.009224583100384818,0.07183210849879233,0.009659157032802084,momentum_4w,control
2025-01-06,422,-0.07311253475102257,-0.00905931139354606,-0.021618099164459396,0.06801227586291576,0.007898631390656986,momentum_4w,control
2025-01-13,422,-0.22715354544860109,0.006240089915684366,-0.04003696937629019,0.0947757557905191,0.013488973463564617,momentum_4w,control
2025-01-20,421,-0.19478110119215136,-0.0661665225607433,-0.0712934393945887,0.0696029423295343,0.009046289767088813,momentum_4w,control
2025-01-27,421,-0.2419888809730194,-0.05452867414336021,-0.06533265957803,0.07974992286816282,0.01212693720363703,momentum_4w,control
2025-02-03,421,0.07483045955765366,0.012821221487136752,-0.012046609069689128,0.07731264947101397,0.010120481443205214,momentum_4w,control
2025-02-10,422,0.1079455921200597,0.02163223118054371,0.04451856078030078,0.07426454731104874,0.009493467752570163,momentum_4w,control
2025-02-17,422,0.008095458337455036,-0.006477825774372739,0.023540708678244204,0.09431726165908857,0.016256316147672544,momentum_4w,control
2025-02-24,422,0.07364602048147688,-0.02441279146038607,-0.024127650414089638,0.0868901191766224,0.016375979303800685,momentum_4w,control
2025-03-03,422,0.1210824985942308,-0.0018712199278575195,-0.014671736164951786,0.08360047131033357,0.012891972004479125,momentum_4w,control
2025-03-10,422,-0.023584747864919372,0.004061366840216442,0.007758688323067815,0.09427565752846563,0.015667042073702755,momentum_4w,control
2025-03-17,422,-0.23603629842658438,0.000587364621109553,-0.025628919418207566,0.09127068203579021,0.014750399379075572,momentum_4w,control
2025-03-24,422,0.21683752728156494,-0.016191538012555864,0.016705034085812795,0.06396888404729521,0.007027845428409073,momentum_4w,control
2025-03-31,423,0.29265339424138587,-0.010577056226452206,0.033363355766641636,0.07554102459795066,0.010643173036076443,momentum_4w,control
2025-04-07,423,-0.18498331751017724,-0.03261827100162547,-0.08657637916810278,0.16942847595810354,0.039899477057801995,momentum_4w,control
2025-04-14,423,0.07102757922200806,0.03347311764402136,0.027207465997234694,0.08837448141146058,0.012744124124439243,momentum_4w,control
2025-04-21,423,-0.4719628894668516,-0.038234356786228836,-0.09512700417307715,0.13922658438584196,0.028695304763508733,momentum_4w,control
2025-04-28,423,-0.005261278675903078,0.014066185714224196,0.009047604897412263,0.08703154189817512,0.01154686741974487,momentum_4w,control
2025-05-05,423,0.15247513481392413,0.016534616918640173,0.03138949986500626,0.0890403657361859,0.014182028977757928,momentum_4w,control
2025-05-12,423,0.14387577268688603,0.026892473724418317,-0.006221096758980915,0.08904918023315599,0.013833870711477883,momentum_4w,control
2025-05-19,423,-0.3179338192532612,-0.012921913863360508,-0.04777652056756636,0.16503080950021434,0.041484785186290306,momentum_4w,control
2025-05-26,423,0.06992297349141645,0.01432012454423507,0.0256330744252887,0.074629089786113,0.009746976341947405,momentum_4w,control
2025-06-02,423,0.11543587386296339,0.00565889019278586,0.012400408622304867,0.0700230068734063,0.008730859831708699,momentum_4w,control
2025-06-09,423,-0.006367790014343506,0.013904930306839062,0.01093863878548679,0.07652247684872424,0.009962334122182729,momentum_4w,control
2025-06-16,423,-0.05540197475524844,-0.0011809268395294148,0.01715591632849803,0.061830623896314094,0.006927974496315749,momentum_4w,control
2025-06-23,423,-0.0899514714266779,0.011028569018809727,0.04054824930994095,0.07279690443260499,0.008791048608983736,momentum_4w,control
2025-06-30,423,0.001977101768578573,-0.01976651041572293,-0.025689047822646315,0.06375694791042275,0.008817222131272687,momentum_4w,control
2025-07-07,424,0.23064459505199109,-0.003552903968068148,0.022654683286172234,0.0667987846599542,0.008296719284391572,momentum_4w,control
2025-07-14,424,-0.029651529821081383,0.002178474848402598,-0.015432180235900544,0.06590671443009269,0.007647418049373835,momentum_4w,control
2025-07-21,424,-0.0230999441125306,0.004429241201258295,-1.9027004451353802e-05,0.0687964830103197,0.008217367152401752,momentum_4w,control
2025-07-28,424,-0.013214631496918317,-0.0013085181299828733,0.004405219874585829,0.10080727241157499,0.016525168106005534,momentum_4w,control
2025-08-04,424,0.11900473075621255,-0.023352706999724325,0.0045629848543394785,0.08329527537316547,0.011741890077753047,momentum_4w,control
2025-08-11,425,-0.21678463678854482,-0.02958511628423418,-0.0733931615564806,0.09134556063638034,0.014766733560661428,momentum_4w,control
2025-08-18,425,-0.13424114051679667,-0.01119910038579848,-0.01683804904923153,0.08458546083182299,0.012155374049564488,momentum_4w,control
2025-08-25,425,0.010243235215957233,0.0035918371261877417,0.016570579559999857,0.07180591503806723,0.009038640043024761,momentum_4w,control
2025-09-01,425,0.13865110753310095,0.038044552144733824,0.04908883617313705,0.06973121321028576,0.008479599389011988,momentum_4w,control
2025-09-08,425,-0.03365915805599412,0.03890784724502418,0.03891227100569247,0.07443754837899902,0.00950277716287749,momentum_4w,control
2025-09-15,425,0.08707820731268857,0.0656672444064691,0.04840292042524456,0.0640682934810525,0.00851198387284236,momentum_4w,control
2025-09-22,425,0.020116459020493662,-0.00835309218449828,-0.01127745828141032,0.07977683059769372,0.01696660945168566,momentum_4w,control
2025-09-29,425,0.009015647715371028,0.07773415372464146,0.08476583879423345,0.07748726651853989,0.011304573916299842,momentum_4w,control
2025-10-06,425,-0.07120070031733129,-0.02286427449088855,-0.029442743682514563,0.09356937335908909,0.018511448385223766,momentum_4w,control
2025-10-13,425,0.028860421128323772,0.031145373721408347,0.030922095939738808,0.07766207605778382,0.009847115898025378,momentum_4w,control
2025-10-20,425,-0.044971707686752925,0.038469195246405664,0.02734008664259318,0.06994067844931234,0.008319798317216824,momentum_4w,control
2025-10-27,425,0.13763783589438966,0.0065971857043305325,0.01860334890030902,0.08187485115235654,0.014747327547005369,momentum_4w,control
2025-11-03,425,-0.06887495896578137,-0.00400745850706535,-0.012416277981799714,0.08696853035088004,0.016141132303551187,momentum_4w,control
2025-11-10,425,-0.09178471494896126,-0.021274450724049942,-0.002286912341993609,0.089043869450391,0.01724156282590688,momentum_4w,control
2025-11-17,425,0.006000375169998906,-0.014885467560386698,0.025488809569944065,0.08306192899751155,0.013674554616946893,momentum_4w,control
2025-11-24,425,-0.21031905903921555,0.003337190156468668,0.001019312808715915,0.10230616242376991,0.01680076845372897,momentum_4w,control
2025-12-01,425,-0.25306044926607374,-0.012479058330307281,-0.03316817376266081,0.08432903409711157,0.012899862465576093,momentum_4w,control
2025-12-08,425,0.1437975019930906,0.04404950719135068,0.06855627942184653,0.06578515251123979,0.007615257201593471,momentum_4w,control
2025-12-15,425,-0.04349377061480984,0.010184653310583557,0.005630393498781811,0.0687426539205284,0.008453474925746288,momentum_4w,control
2025-12-22,425,-0.108100232918041,-0.0003044724354154017,0.008793168341423107,0.08410690017855747,0.013532353261132373,momentum_4w,control
2024-01-08,419,-0.031247461243692876,-0.015812545880086237,-0.0063558922722777925,0.03187873060830575,0.0018805381117289013,ridge,control
2024-01-15,419,-0.2268565751545277,-0.0318577812818897,-0.041508760669328355,0.033985443143446224,0.0023210572292654834,ridge,control
2024-01-22,419,0.22115948365163288,0.021942175010794762,0.03999229508951327,0.027685230269062,0.0016290825909538544,ridge,control
2024-01-29,419,0.08073824178584887,0.009270617669118315,0.01666877661441346,0.032232720358341516,0.0021253022576454483,ridge,control
2024-02-05,419,0.025099633440294162,-0.0015463189557562446,0.00942316385981046,0.036502466122824206,0.0037175510366340603,ridge,control
2024-02-12,419,0.060898666714519,0.003913981300144189,-0.006259773567334698,0.027715275756997514,0.0016273276857408077,ridge,control
2024-02-19,419,0.010698829304989648,0.007596972559976588,0.01877218304395467,0.028762467680819838,0.0017135005896112357,ridge,control
2024-02-26,419,0.22636130356266015,0.08139608362288672,0.10250742635198512,0.03495733925841486,0.003676918600801276,ridge,control
2024-03-04,420,0.08241316560751477,-0.004021048977975238,1.2941362711911108e-05,0.02738657489799862,0.0017536993408795174,ridge,control
2024-03-11,420,-0.018847369559108287,-0.02190373732591333,-0.010319029560067156,0.031632607793835844,0.0021743508106787084,ridge,control
2024-03-18,420,0.01470351710772575,-0.0035575921676714965,-0.005805445076573074,0.02915001206104712,0.0016022231071449447,ridge,control
2024-03-25,421,0.24183159997233913,0.01691362866885315,0.029103077489735764,0.02197342761131905,0.0009578472385381837,ridge,control
2024-04-01,421,-0.0317971364565459,0.0023045324346951893,-0.0011974201822989045,0.031242200099368168,0.0016654246510308445,ridge,control
2024-04-08,421,0.04866672992214752,0.008553058948777436,0.009323012781892787,0.03054162464918765,0.0013651084338566035,ridge,control
2024-04-15,421,0.004872494640706189,-0.02455758279174187,0.025332453194059308,0.039962877416920166,0.0029553329247561325,ridge,control
2024-04-22,421,0.2382372948954435,0.015856559835996584,0.022940266398025606,0.040521454897762814,0.0031006796239721208,ridge,control
2024-04-29,421,0.03453347206654048,-0.007806922901312226,-0.03732042281936535,0.0330858487910478,0.0025141035546436827,ridge,control
2024-05-06,421,0.009430427280051848,-0.013256933579504245,-0.027337543116054536,0.030386634552536273,0.0018362733339819073,ridge,control
2024-05-13,421,0.21854709665383867,0.03841121370236222,0.044328592660683716,0.028692875349551856,0.0017641968605094321,ridge,control
2024-05-20,421,0.019013471809230048,-0.0011792843651897596,0.013864687546729766,0.03217301637811611,0.002079914938525365,ridge,control
2024-05-27,421,0.019757903048646143,0.0018107749061813602,-0.00421774156625526,0.03097294765557207,0.0019326057222112012,ridge,control
2024-06-03,421,0.15690107205580886,0.0031318920682329864,0.00831361177714228,0.0292722548289525,0.0014684367591171362,ridge,control
2024-06-10,421,-0.06741099340364588,0.00890571242750415,0.0191890794770058,0.029443834243636325,0.0017147382385726386,ridge,control
2024-06-17,421,0.19550077416268685,-0.007153901991970247,0.010951769313844546,0.025932968117713638,0.0012369913478296084,ridge,control
2024-06-24,421,0.008000585381229526,-0.013556388636404779,-0.013601909113637872,0.024605428216149205,0.001258015174935017,ridge,control
2024-07-01,422,-0.0731593205394162,0.017765221650384626,0.006982739020114741,0.02606940878392036,0.0012954414139226464,ridge,control
2024-07-08,422,0.11752374478560015,0.015500989148583555,0.02173732918192975,0.033902808440745086,0.00184380491907601,ridge,control
2024-07-15,422,-0.12020203157306197,-0.004037023942904663,-0.014672863467685728,0.03496796341670991,0.0024934121798300263,ridge,control
2024-07-22,422,-0.22347710861592232,-0.04815481215851461,-0.050539585961488276,0.036261770760505053,0.0028900401411336273,ridge,control
2024-07-29,422,-0.296547248736165,-0.011397845470161885,-0.03437570044243494,0.04889127398212811,0.004190016176291803,ridge,control
2024-08-05,422,0.16985388862156056,0.006659610195186928,0.03667842577727537,0.033059897338149125,0.0024196570048202947,ridge,control
2024-08-12,422,0.02175946340373317,0.008597081278046745,0.01093166648940222,0.03674900221470887,0.002529115982946198,ridge,control
2024-08-19,422,-0.15513377022956418,0.006870170892617725,-0.0019854884246277016,0.029992202069746204,0.0015887643739139732,ridge,control
2024-08-26,422,-0.07729994265148157,-0.06084189239458725,-0.057309968632765815,0.022976116520953892,0.0014909792745735624,ridge,control
2024-09-02,422,-0.38991571452397744,-0.04357768919313581,-0.0660978035082671,0.04798096033733571,0.0036834510622396777,ridge,control
2024-09-09,422,0.2569231988928535,0.0859210658788809,0.10463305149219079,0.03947529016196906,0.0028944930517661002,ridge,control
2024-09-16,422,0.032729213836681356,0.030965002995011617,0.01058980700993746,0.03009497255518924,0.0018855824764037789,ridge,control
2024-09-23,422,0.15091714117116647,0.059325872162070435,0.06761917318563318,0.03750771082039852,0.00393350662609622,ridge,control
2024-09-30,422,0.17201593495210565,0.01752636411993036,-0.019059593317298635,0.030511843036190145,0.001663712319470984,ridge,control
2024-10-07,423,-0.030217154584307612,0.004686833576794374,0.004728392112850319,0.02420935926571263,0.001219603937521717,ridge,control
2024-10-14,423,-0.3636942915506883,-0.05773095946306754,-0.049799264544582306,0.028711170956574314,0.001690236389167073,ridge,control
2024-10-21,423,0.06345601128739659,0.013031428490170485,0.017545873885238955,0.03310554881492509,0.001959617318025279,ridge,control
2024-10-28,422,-0.05353324118289484,-0.039541978294986284,-0.0592674446875771,0.03421674246843994,0.0028664717573480734,ridge,control
2024-11-04,422,-0.05148217343628181,0.007987681938717704,0.007374194177903415,0.05005305313996503,0.004719488171003789,ridge,control
2024-11-11,423,-0.18827732443431425,-0.00466811164096536,-0.0011958919916281105,0.04223145710231769,0.0031711439228395816,ridge,control
2024-11-18,423,0.16936912854681274,0.06554500072953946,0.07157733367121022,0.03643072212277214,0.004157359879597347,ridge,control
2024-11-25,423,0.2836952365006916,0.038110806800635645,0.05392646080582266,0.027015807735611942,0.0015034896373819265,ridge,control
2024-12-02,423,0.06812407764318054,0.061502787622283235,0.05642504357835326,0.03452407147348289,0.0026022187614037537,ridge,control
2024-12-09,423,-0.08045393115056225,-0.020329033483244732,-0.03942811235674615,0.029643903823321913,0.0018293997479451587,ridge,control
2024-12-16,423,-0.13903924586647792,-0.0019668980771527303,-0.016535027954783895,0.03914917394162115,0.0023354520301518277,ridge,control
2024-12-23,422,0.05632937067286348,0.008445905465131836,0.011871994216259788,0.017248936723121347,0.0005727946429093612,ridge,control
2024-12-30,422,0.06604644359745668,-0.001364095625634896,-0.003132214294084165,0.024407109764097528,0.0012197450757858378,ridge,control
2025-01-06,422,-0.04002747746916989,-0.024147680892011667,-0.024161331863685135,0.02999517433531524,0.0016330080705999786,ridge,control
2025-01-13,422,0.016775898708289095,0.019075256662760783,0.025906435742342405,0.041314899830572516,0.0028370522428041497,ridge,control
2025-01-20,421,0.05700278377722062,-0.006430132449478538,0.015252930587207149,0.04227973998195025,0.0031931358009012808,ridge,control
2025-01-27,421,-0.02999982309907899,-0.028407899164939753,-0.023829269653385256,0.03352651950951901,0.002240965112008,ridge,control
2025-02-03,421,0.05633530670339135,0.04188837020720641,0.04073378485686709,0.03515296222836591,0.0026523926798734643,ridge,control
2025-02-10,422,-0.12838539290202106,-0.020877432829210243,-0.05152754579663414,0.03781210986569298,0.0030944795122272405,ridge,control
2025-02-17,422,-0.11747168960807004,-0.050056895883589816,-0.06157552836984248,0.042606318223356296,0.003793315710210487,ridge,control
2025-02-24,422,-0.05311951429645153,-0.00013856780018758896,0.033605107280252955,0.03286416234666755,0.002264392938980742,ridge,control
2025-03-03,422,-0.06208482103757307,-0.005910928166827656,0.0032488191854792327,0.044972919462479735,0.0037063592399477763,ridge,control
2025-03-10,422,0.05075355857417037,0.02412243785499442,0.026363047775684576,0.03876498112541817,0.0024304728890096245,ridge,control
2025-03-17,422,-0.04941896601651188,-0.0013688101524033608,-0.005774878733359849,0.02083123121487149,0.0007394583563895833,ridge,control
2025-03-24,422,-0.2840008445394019,-0.020726580435492283,-0.024343646977635344,0.03103391726459718,0.0016758846781218925,ridge,control
2025-03-31,423,-0.43108397180878016,-0.05235333685501509,-0.10377360639565844,0.09929895297862537,0.0133347197053658,ridge,control
2025-04-07,423,0.3290406284107781,0.08404739440909031,0.12535552619517695,0.05225279267557973,0.004849533758584541,ridge,control
2025-04-14,423,-0.05577218587229983,-0.006574646668968837,-0.0361353188209467,0.03394108770075524,0.0020774353571570816,ridge,control
2025-04-21,423,0.5375127710944233,0.07879699492716176,0.10240277215721592,0.05031952182000892,0.003974383955468412,ridge,control
2025-04-28,423,0.05123262068882416,0.01939848696684171,0.02018995450013978,0.037125658811113404,0.0022999885406216427,ridge,control
2025-05-05,423,0.29093234855590705,0.0448594475195913,0.0633736985246534,0.030007457495349714,0.001998642057842393,ridge,control
2025-05-12,423,0.3152462609469921,0.039117646370692385,0.09299645566752957,0.04995711496148216,0.004266992464464979,ridge,control
2025-05-19,423,-0.12234248666447235,-0.011151768471915957,-0.0025567751573268675,0.03708756998022689,0.002464109206327181,ridge,control
2025-05-26,423,-0.0800546295278576,0.002693557279825178,-0.008632416390110071,0.025292688966121607,0.0013974181631712646,ridge,control
2025-06-02,423,0.3142375075642579,0.012884274833251191,0.02037969854275227,0.0281608106650285,0.0016812937692306982,ridge,control
2025-06-09,423,0.05486370423507666,-0.006518199418999442,-0.00703993608586608,0.027892930479156926,0.001494372606734577,ridge,control
2025-06-16,423,0.10178601892563624,-0.0017161802624465583,0.01385341112293224,0.027374937684856653,0.0014691794441431339,ridge,control
2025-06-23,423,0.08293918136888374,0.005810457107363963,0.019018142017332793,0.036827601830220255,0.002321500314530811,ridge,control
2025-06-30,423,0.23413260882938453,0.020986044592920007,0.05275055991962917,0.026575615312693722,0.0012737760416688438,ridge,control
2025-07-07,424,0.0415450130272904,-0.003599436460738287,0.0005331470967809178,0.025369297812393127,0.0012023225796627835,ridge,control
2025-07-14,424,-0.020086271361214093,0.03750098227395971,0.026346249066581194,0.029773369214005585,0.0016569372145708971,ridge,control
2025-07-21,424,0.19892743287600065,0.009866764794082234,0.020998475490813396,0.0397969608842924,0.002998838261524594,ridge,control
2025-07-28,424,-0.04582457631788162,-0.023121449885224923,-0.0008315827039211757,0.05102799760820732,0.004698309405079062,ridge,control
2025-08-04,424,-0.07326957438937035,-0.006782687500607161,-0.0028117452645129784,0.041126280304150054,0.0038305234345975144,ridge,control
2025-08-11,425,0.2286845601913367,0.033277267898766755,0.05589819678375316,0.02909595263472908,0.0017715156538446173,ridge,control
2025-08-18,425,-0.08971283863000423,0.0074437821373213725,0.01667826713148394,0.026830959285248306,0.0013622641775177587,ridge,control
2025-08-25,425,-0.06368088665176408,-0.005835103393258137,-0.00028514033507107996,0.02476008831115111,0.0011336785044493874,ridge,control
2025-09-01,425,0.033163621015772776,-0.020235715663039344,-0.04815056254672824,0.0314552816526777,0.0022358637823038973,ridge,control
2025-09-08,425,-0.04768723327757891,-0.008763839111097694,-0.03785777438151483,0.030302356243181672,0.0021019806231302846,ridge,control
2025-09-15,425,0.003359803661033906,0.017604711888474615,0.003935431385793154,0.029939601727588704,0.0017792914728476262,ridge,control
2025-09-22,425,-0.036252051710931515,0.0045344609595226945,-0.003988393219545155,0.02994934771311144,0.0016477442995044562,ridge,control
2025-09-29,425,0.19934313986024918,0.06372911987654921,0.10500933619098562,0.03905403612807294,0.003250598867124193,ridge,control
2025-10-06,425,0.04864735583311188,0.0003135937860012719,0.020870432567000913,0.04340949667108554,0.0029661816744529666,ridge,control
2025-10-13,425,0.08280126932516296,0.021622397512785677,0.007185095656332484,0.03437406380258778,0.002304830368405234,ridge,control
2025-10-20,425,0.05347172937737413,-0.008464967392452083,-0.03647517957520343,0.03265543798166118,0.0021427617726257945,ridge,control
2025-10-27,425,-0.0570586672085789,-0.00978775420974339,-0.00480673361651548,0.044437376703463254,0.005069287854069942,ridge,control
2025-11-03,425,-0.14642822528958438,0.01605463802389914,0.04040765505345277,0.040505217538093635,0.0035967392475065984,ridge,control
2025-11-10,425,-0.24148598583733255,-0.05248818378716165,-0.07218737062887412,0.03124796007198496,0.001748973457840722,ridge,control
2025-11-17,425,-0.11484391364837192,-0.021393087484374806,-0.02669118029776528,0.035603582058370255,0.0023690461917024452,ridge,control
2025-11-24,425,0.3228570884798227,0.0234022040597544,0.031884516001965194,0.036431376032991764,0.002623739709613592,ridge,control
2025-12-01,425,-0.1174963655406356,0.001102126021197006,-0.025207734347442196,0.03222350590299216,0.0020144367491375563,ridge,control
2025-12-08,425,0.0439331884760282,0.02040020841312391,0.020601221796786164,0.028510062935705342,0.0015247464596867934,ridge,control
2025-12-15,425,-0.1491915086523581,0.0017122794369746276,-0.00633739897035516,0.025539720869656012,0.0012331493665295814,ridge,control
2025-12-22,425,-0.06884713385752919,-0.018050676530159876,-0.0021127779305897144,0.015860506812954096,0.0004561962714166707,ridge,control
2024-01-08,419,0.18587758178261882,0.024513378268780125,0.024156731138548493,0.03149987053915418,0.0018607346999523935,causal_historical_mean,control
2024-01-15,419,0.4017463380734327,0.03964746159230128,0.05523461015673283,0.032692901798685,0.002178833790388478,causal_historical_mean,control
2024-01-22,419,-0.16038235097398518,-0.013619871615283123,-0.04525472628623983,0.02809420375749037,0.001692191909573418,causal_historical_mean,control
2024-01-29,419,0.2465062634890546,0.03597965849940026,0.044247005040152075,0.031843772459170284,0.002093459258878263,causal_historical_mean,control
2024-02-05,419,0.24778702016486218,0.08265816992885124,0.07518867312654953,0.036102160936794546,0.003629633091374076,causal_historical_mean,control
2024-02-12,419,-0.13695009926639118,0.018771307058194187,0.013669671139505745,0.027771183354629168,0.001590705159188462,causal_historical_mean,control
2024-02-19,419,0.1355416150299927,0.012511345618444346,0.009993142723099716,0.028184564161465264,0.0016713085637556524,causal_historical_mean,control
2024-02-26,419,0.28729912218167464,0.04885658320207714,0.03292012762385836,0.03477147867926769,0.0037010008745045554,causal_historical_mean,control
2024-03-04,420,-0.1731673244017418,-0.00372938636509359,0.01617153905320666,0.027737111632387325,0.00180097780310216,causal_historical_mean,control
2024-03-11,420,-0.13925929285313407,-0.02375076379783722,-0.03486642570555252,0.03215608594325837,0.0022278237910754103,causal_historical_mean,control
2024-03-18,420,0.25191007723561765,0.028385925517702453,0.050506539291660914,0.02850667069742397,0.0015692066996748073,causal_historical_mean,control
2024-03-25,421,-0.12887232095616555,-0.008665757019481734,-0.027486738692103132,0.02274825636964511,0.001025027889868085,causal_historical_mean,control
2024-04-01,421,0.029067072788296233,0.0002855541662197432,-0.002759406670848499,0.031653168085875566,0.001682299305663255,causal_historical_mean,control
2024-04-08,421,0.01631139065030387,0.004055890724940187,0.007105454079411214,0.031243933636618176,0.0014192865610348226,causal_historical_mean,control
2024-04-15,421,-0.3568327980740314,-0.07819744595334265,-0.08322505384952267,0.04056930493507859,0.0031073892768657095,causal_historical_mean,control
2024-04-22,421,0.20923583626694026,0.07706469996771141,0.06624644413050998,0.04062544014936695,0.0031269830500726624,causal_historical_mean,control
2024-04-29,421,-0.145277469094605,-0.006262788973342869,-0.04192949143100123,0.033179312435747906,0.0025182743748560082,causal_historical_mean,control
2024-05-06,421,0.07169086724872431,-0.005349382880390807,0.0018005109397019863,0.029919427459559722,0.0017940266297191926,causal_historical_mean,control
2024-05-13,421,-0.007014603975124514,0.01344116539101774,-0.005138385778482104,0.028874513069325224,0.0017955219952211674,causal_historical_mean,control
2024-05-20,421,0.25155455704813473,0.031120474423072534,0.04488402489832633,0.031709435019625413,0.0020255707072600357,causal_historical_mean,control
2024-05-27,421,-0.2857302067971767,-0.02106479841658726,-0.05756117905427788,0.03143396974984777,0.001977630261879949,causal_historical_mean,control
2024-06-03,421,0.0776254942219936,0.016020118833584045,0.02513802555442849,0.029302013489202586,0.00145620864471841,causal_historical_mean,control
2024-06-10,421,0.3922285170809308,0.0522134528195493,0.07645651325381249,0.028712285318826372,0.0016264177044402381,causal_historical_mean,control
2024-06-17,421,-0.17436022874737392,-0.030351840017950993,-0.012894107923995044,0.02662173743027674,0.0012918730834602435,causal_historical_mean,control
2024-06-24,421,-0.10206041327271528,0.0023418447125727036,0.0013471270190648194,0.02495246412436267,0.0012714652479383333,causal_historical_mean,control
2024-07-01,422,0.18092822844494502,0.0550983441833343,0.04664558904550149,0.025633449166056834,0.0012435470281275437,causal_historical_mean,control
2024-07-08,422,-0.10412081399926597,-0.012976877681196347,-0.01891554846275461,0.033797890880536224,0.0018471514894524625,causal_historical_mean,control
2024-07-15,422,-0.2487823120339036,-0.06344135283169669,-0.053776221152073804,0.03577445802977406,0.002607522256365974,causal_historical_mean,control
2024-07-22,422,-0.15724551784562465,-0.04363060951342917,-0.05213471345087923,0.03618869326265055,0.0028958076287489546,causal_historical_mean,control
2024-07-29,422,-0.0898596114975197,-0.03602261771400657,-0.024306039112555133,0.04874747074049974,0.00417786113022259,causal_historical_mean,control
2024-08-05,422,0.11421776197706204,0.025809899655640397,0.0031725005976236467,0.03311257287342125,0.002431664574576107,causal_historical_mean,control
2024-08-12,422,0.1088244623566417,0.051704122616419705,0.04551168652145554,0.0369789132425145,0.0025496420442150808,causal_historical_mean,control
2024-08-19,422,-0.09831187135089814,-0.005358505715884917,-0.004400233153779777,0.02947836570064115,0.001562293005432425,causal_historical_mean,control
2024-08-26,422,-0.09316096363075603,-0.025009973842616454,-0.00904524475131207,0.022866875992616897,0.001471160670339144,causal_historical_mean,control
2024-09-02,422,-0.17934357942099158,-0.03363765495314656,-0.03146868415928517,0.047551891900250345,0.003585671922549756,causal_historical_mean,control
2024-09-09,422,0.3820579375722695,0.07935058061765454,0.10874477593713071,0.04037004394687693,0.0030282975050413227,causal_historical_mean,control
2024-09-16,422,-0.019450512891201248,0.048311351310645886,0.029649803400467918,0.029777709301656286,0.0018375175380814877,causal_historical_mean,control
2024-09-23,422,-0.08566645517254816,-0.009352161885961788,-0.06177583233070006,0.03729484251799212,0.003999120682799152,causal_historical_mean,control
2024-09-30,422,0.11109014000687098,0.0372699659347534,0.0012352021456164403,0.030983518793849092,0.001700831253642375,causal_historical_mean,control
2024-10-07,423,0.26199721842233936,0.01406787898962197,0.035237045745029,0.023779918626034798,0.0011866079997361599,causal_historical_mean,control
2024-10-14,423,0.03725100725962597,-0.0033162272566496956,0.05154839266884665,0.027763589830716154,0.0015886356678138562,causal_historical_mean,control
2024-10-21,423,0.07096027812923839,0.022180806706829967,0.018129804548356068,0.03315254455816473,0.00197860670528761,causal_historical_mean,control
2024-10-28,422,-0.06312847944351418,-0.012100446905782073,-0.01579131349367602,0.03424310365845656,0.0028540791291205856,causal_historical_mean,control
2024-11-04,422,0.2978753862073178,0.0617549420149363,0.09050475291496787,0.04902683417987942,0.004569192613885222,causal_historical_mean,control
2024-11-11,423,-0.07766537734897765,-0.011054620544447565,-0.008963046467411154,0.04334103123413359,0.003246104839615232,causal_historical_mean,control
2024-11-18,423,0.25889648231262874,0.06088894580339442,0.06091993441809543,0.03686532243229526,0.004265747823016158,causal_historical_mean,control
2024-11-25,423,-0.08586725798974254,-0.03468854657953664,-0.05215995998188257,0.02747758238486625,0.0015634162521877516,causal_historical_mean,control
2024-12-02,423,0.09778773886148112,0.013534700636964377,0.0006929372735417424,0.03452125169071151,0.0026159629134612276,causal_historical_mean,control
2024-12-09,423,0.0006939674772308272,-0.0034537731217913117,-0.009104540447693465,0.02983977825660579,0.0018218408118180847,causal_historical_mean,control
2024-12-16,423,-0.10619604985530849,-0.0077758656487547095,-0.001988720090132401,0.03856462840501267,0.0022735387899727043,causal_historical_mean,control
2024-12-23,422,-0.2541079079878431,-0.000646532599413956,-0.02101477964985749,0.017155471688784153,0.0005872756072556352,causal_historical_mean,control
2024-12-30,422,0.1457087492058991,0.04361524757260261,0.028190745943611716,0.024177167434498277,0.0011778512267064266,causal_historical_mean,control
2025-01-06,422,-0.0010333591453561793,0.001009990542432805,0.03626499882403351,0.0300295671932305,0.0016358133678682117,causal_historical_mean,control
2025-01-13,422,0.18141716388542722,0.026860540202035897,0.036741679673883004,0.04069325641684005,0.002784058077494329,causal_historical_mean,control
2025-01-20,421,-0.29009756889888827,-0.1004707134107151,-0.11101769425679058,0.04219668281682358,0.0032739318848598975,causal_historical_mean,control
2025-01-27,421,-0.16864913632145792,-0.06360166996519144,-0.0569529222170259,0.03380309469966007,0.0023187599651092712,causal_historical_mean,control
2025-02-03,421,0.10175092116132733,0.0221112217246464,0.0032328606587841216,0.03498971882045335,0.0026596398345069654,causal_historical_mean,control
2025-02-10,422,-0.12641208650963728,-0.023196832501497167,-0.007922992727373068,0.03779464776888975,0.003093451959679847,causal_historical_mean,control
2025-02-17,422,-0.261926084681798,-0.07531388758841365,-0.04628798548818869,0.04269167535088911,0.003788786633780841,causal_historical_mean,control
2025-02-24,422,-0.16332974615675905,-0.04057984410637307,-0.02244951417381924,0.032764392168482113,0.0022288805399206008,causal_historical_mean,control
2025-03-03,422,-0.35009190692885556,-0.07880634710033352,-0.10831495206966824,0.04522084029374863,0.003735019849303961,causal_historical_mean,control
2025-03-10,422,-0.02440789031942159,0.010362151199136464,-0.004946688973724467,0.03873982524864026,0.0024150878356073457,causal_historical_mean,control
2025-03-17,422,0.08086731909688101,0.013263020192040283,0.009533280271997197,0.020598007165468574,0.0007291769523963093,causal_historical_mean,control
2025-03-24,422,-0.01661957416068709,-0.016631548497088755,0.0007217263798759768,0.03067499736521583,0.0016479200363908474,causal_historical_mean,control
2025-03-31,423,0.0022081071636723165,-0.04053629930430683,-0.02979159111893978,0.0982637400786113,0.01299081944473843,causal_historical_mean,control
2025-04-07,423,0.3126485997299599,0.08529440656437548,0.08904281850285084,0.05481439091464529,0.005349181752479823,causal_historical_mean,control
2025-04-14,423,-0.3553132509260827,-0.04305040846874694,-0.052554682089704555,0.03424734075607415,0.002104785027381434,causal_historical_mean,control
2025-04-21,423,0.16467513697018588,0.05018169561974177,0.023274200262873468,0.05208125358667474,0.004245743975794752,causal_historical_mean,control
2025-04-28,423,0.11307056112906938,0.02661191772093812,0.020079212175687026,0.03771374864875273,0.002357995125292455,causal_historical_mean,control
2025-05-05,423,0.088443039491934,0.024040085363083715,0.021417504269816506,0.030306368070985825,0.0020421406989321335,causal_historical_mean,control
2025-05-12,423,0.20563554863860609,0.04448837830450582,0.0467315816157913,0.05174897557690494,0.00450399466710062,causal_historical_mean,control
2025-05-19,423,-0.09577940300722412,-0.012902613705332924,0.0030871823583952726,0.03685867393119684,0.002455580025664292,causal_historical_mean,control
2025-05-26,423,0.06158814947032661,0.009694983982454431,0.01684927534745276,0.025693557580335452,0.001423757579842536,causal_historical_mean,control
2025-06-02,423,0.11952753924901928,-0.0011054949054849616,0.009065344929674257,0.028964734028033776,0.001753732914427326,causal_historical_mean,control
2025-06-09,423,-0.12070492163197162,-0.007004295811946008,-0.006174005796695972,0.028144149361102377,0.0015046877949199098,causal_historical_mean,control
2025-06-16,423,0.20660317110000423,0.04038051229368053,0.04294977185858674,0.026928765750881354,0.0014425314659410968,causal_historical_mean,control
2025-06-23,423,0.12542023321873436,0.027527402377768094,0.03271779086405968,0.03718021036516849,0.0023371634105624223,causal_historical_mean,control
2025-06-30,423,0.0236226402410447,-0.017754614113128002,-0.027327683784775562,0.02665314708271179,0.0013074586277125344,causal_historical_mean,control
2025-07-07,424,-0.014699191599562345,0.0022907006343260844,0.000612301621981001,0.0257706174151128,0.0012406304150668738,causal_historical_mean,control
2025-07-14,424,0.18890877748128554,0.024792025052455646,0.031130164031489084,0.02962358201036661,0.0016476713592405304,causal_historical_mean,control
2025-07-21,424,-0.10191717634464464,-0.00853736113984549,-0.004619323733684504,0.03985903273613645,0.003015684347257055,causal_historical_mean,control
2025-07-28,424,0.15809541801465665,0.031109395846874686,0.05816919466012827,0.05169224049622165,0.0047758033850595575,causal_historical_mean,control
2025-08-04,424,-0.07438511976448546,-0.016080374516463377,-0.03875360348501075,0.041490646405553624,0.0038841334340665966,causal_historical_mean,control
2025-08-11,425,-0.19082005908927482,-0.031047251722692813,-0.05251378936756927,0.029821093404552936,0.0018464085027839667,causal_historical_mean,control
2025-08-18,425,-0.18457613606165296,-0.026059310846998713,-0.03871889352733608,0.02696755136237512,0.00138278648156506,causal_historical_mean,control
2025-08-25,425,0.15928248737709275,0.023378062083251494,0.02392142444204114,0.024831451771933175,0.0011226557385615773,causal_historical_mean,control
2025-09-01,425,0.07098435228462896,0.015834823752729266,0.016365894203653572,0.03146176718877431,0.002209084001509204,causal_historical_mean,control
2025-09-08,425,0.14391911960106923,0.053763983128730514,0.03994632941197775,0.029830773916335932,0.0020352420304090577,causal_historical_mean,control
2025-09-15,425,0.18685576276750404,0.030063703801659698,0.013441254099325433,0.029675077167020104,0.001743474454456884,causal_historical_mean,control
2025-09-22,425,0.021622297603601633,-0.014421965454926189,0.0013894809209947442,0.030063547105036358,0.0016684694196594486,causal_historical_mean,control
2025-09-29,425,0.04560910412530679,0.031198504730192412,0.02739906638512644,0.038973125738182665,0.0032382037568418737,causal_historical_mean,control
2025-10-06,425,0.0600581513498304,0.03224424082750712,0.05646011962110016,0.04413341430400227,0.0030594816578315975,causal_historical_mean,control
2025-10-13,425,-0.02726626127464007,0.007462952490708372,0.0015713683326017205,0.03493387608381021,0.0023675684207792994,causal_historical_mean,control
2025-10-20,425,-0.02662065623485642,0.03192797608800836,0.00048726032505405636,0.032286647567663584,0.002043312011917607,causal_historical_mean,control
2025-10-27,425,0.13157540135373844,0.01367124050643332,-0.027803081191487916,0.04416370204898804,0.005117455672716213,causal_historical_mean,control
2025-11-03,425,-0.1534201435025246,-0.024806987500542742,-0.029930938788313505,0.04018758542810065,0.0035335338427238323,causal_historical_mean,control
2025-11-10,425,-0.17373981960575885,-0.009607950131418932,0.0003793265629849288,0.030655107739580963,0.0016368678754158424,causal_historical_mean,control
2025-11-17,425,-0.11713510809585594,-0.04634680469583115,-0.04198022634240116,0.035509762332355074,0.002432480266528521,causal_historical_mean,control
2025-11-24,425,0.1283236985635562,0.04636557257651491,0.025665486248086684,0.037279779684783285,0.0027293202650636055,causal_historical_mean,control
2025-12-01,425,0.07672273373872536,0.008412057440878412,0.0011523884356804369,0.0315139302069765,0.001938760889096231,causal_historical_mean,control
2025-12-08,425,-0.24440496474965223,-0.023537564062793576,-0.034664074110370945,0.028971768319523063,0.0016064966437664293,causal_historical_mean,control
2025-12-15,425,0.09230401275577997,0.0023226409729195634,0.010755188784473953,0.025049325342308446,0.0011685514003753198,causal_historical_mean,control
2025-12-22,425,0.040334057619859004,-0.0021377769536290612,0.0038191098097850335,0.01555212576446529,0.0004461292155318232,causal_historical_mean,control
2024-01-08,419,,,,0.030830133478199476,0.0017754675134418296,causal_majority_sign,control
2024-01-15,419,,,,0.038388837941133146,0.0026889700460378785,causal_majority_sign,control
2024-01-22,419,,,,0.029826052337149387,0.0016789586325999825,causal_majority_sign,control
2024-01-29,419,,,,0.03671077074240842,0.0024654163248423733,causal_majority_sign,control
2024-02-05,419,,,,0.03791063223048582,0.0036036996167837184,causal_majority_sign,control
2024-02-12,419,,,,0.0335056083700752,0.0019619037820888903,causal_majority_sign,control
2024-02-19,419,,,,0.026681289039721053,0.001611329458682298,causal_majority_sign,control
2024-02-26,419,,,,0.034832708983183934,0.0033174843990719013,causal_majority_sign,control
2024-03-04,420,,,,0.03178980287949888,0.0020461886827962163,causal_majority_sign,control
2024-03-11,420,,,,0.0424044349839804,0.002945908083852113,causal_majority_sign,control
2024-03-18,420,,,,0.02801491110391156,0.0014556588283707792,causal_majority_sign,control
2024-03-25,421,,,,0.03011541998754172,0.001349953832653349,causal_majority_sign,control
2024-04-01,421,,,,0.04512509346573372,0.002790761802998366,causal_majority_sign,control
2024-04-08,421,,,,0.0483445914121362,0.0029115350822203415,causal_majority_sign,control
2024-04-15,421,,,,0.05584199123058501,0.004767019854163083,causal_majority_sign,control
2024-04-22,421,,,,0.03549424030128482,0.0024681425788312603,causal_majority_sign,control
2024-04-29,421,,,,0.03584721565138686,0.0025898098357999694,causal_majority_sign,control
2024-05-06,421,,,,0.027418557671624724,0.0016294745592068747,causal_majority_sign,control
2024-05-13,421,,,,0.02867867187405517,0.0015891809189646586,causal_majority_sign,control
2024-05-20,421,,,,0.043340063698379006,0.0029982939368735076,causal_majority_sign,control
2024-05-27,421,,,,0.04240042927415859,0.002893991423163844,causal_majority_sign,control
2024-06-03,421,,,,0.03677713848100317,0.0021537438300025043,causal_majority_sign,control
2024-06-10,421,,,,0.0387835408258799,0.0023398251670943867,causal_majority_sign,control
2024-06-17,421,,,,0.027982395446022188,0.0014579278580620283,causal_majority_sign,control
2024-06-24,421,,,,0.03451890496348407,0.0019380822242657113,causal_majority_sign,control
2024-07-01,422,,,,0.03043868272460547,0.0014774251907349926,causal_majority_sign,control
2024-07-08,422,,,,0.025947509361356192,0.0011768780871286042,causal_majority_sign,control
2024-07-15,422,,,,0.04681737920798925,0.003782338721745668,causal_majority_sign,control
2024-07-22,422,,,,0.04094410835512762,0.003399561331542609,causal_majority_sign,control
2024-07-29,422,,,,0.0617003800714378,0.0059479636688145,causal_majority_sign,control
2024-08-05,422,,,,0.039890969903355035,0.002798837584098239,causal_majority_sign,control
2024-08-12,422,,,,0.02776232802738557,0.0016250568999888735,causal_majority_sign,control
2024-08-19,422,,,,0.02268389578318282,0.0010554012997960524,causal_majority_sign,control
2024-08-26,422,,,,0.02848737422674635,0.0019187526603555724,causal_majority_sign,control
2024-09-02,422,,,,0.06379087327958334,0.005691986980357648,causal_majority_sign,control
2024-09-09,422,,,,0.03275116034982636,0.002177475882660725,causal_majority_sign,control
2024-09-16,422,,,,0.028741092058547933,0.0016105023330461436,causal_majority_sign,control
2024-09-23,422,,,,0.03614951705944382,0.0033248182212320307,causal_majority_sign,control
2024-09-30,422,,,,0.041658038652747635,0.0024087975122915823,causal_majority_sign,control
2024-10-07,423,,,,0.02860554331073958,0.0014320015952578294,causal_majority_sign,control
2024-10-14,423,,,,0.035174975943290256,0.002221855173423614,causal_majority_sign,control
2024-10-21,423,,,,0.0498518403999584,0.0034759796883009264,causal_majority_sign,control
2024-10-28,422,,,,0.045205247272135755,0.0036813619429139255,causal_majority_sign,control
2024-11-04,422,,,,0.04523475095113321,0.0038130289378826114,causal_majority_sign,control
2024-11-11,423,,,,0.05953498569422163,0.005155999426142557,causal_majority_sign,control
2024-11-18,423,,,,0.03126134004578702,0.003696754752421458,causal_majority_sign,control
2024-11-25,423,,,,0.026453476873159708,0.0014317119091228805,causal_majority_sign,control
2024-12-02,423,,,,0.040828956841405556,0.0029943617908392965,causal_majority_sign,control
2024-12-09,423,,,,0.044672188509836196,0.0030447248354370017,causal_majority_sign,control
2024-12-16,423,,,,0.05755633395231268,0.0042528136105405975,causal_majority_sign,control
2024-12-23,422,,,,0.031445006413292446,0.0013345506980984995,causal_majority_sign,control
2024-12-30,422,,,,0.032273707247235744,0.0015638762542908337,causal_majority_sign,control
2025-01-06,422,,,,0.04029839326203845,0.0025258583275853215,causal_majority_sign,control
2025-01-13,422,,,,0.0310280245878152,0.001877056466132722,causal_majority_sign,control
2025-01-20,421,,,,0.038485987752654376,0.0032837952123879618,causal_majority_sign,control
2025-01-27,421,,,,0.04189088258694237,0.003235077537202697,causal_majority_sign,control
2025-02-03,421,,,,0.043269573044886746,0.0033356553102156456,causal_majority_sign,control
2025-02-10,422,,,,0.03790594201478929,0.003175771232630345,causal_majority_sign,control
2025-02-17,422,,,,0.052297550075497884,0.005001349887350441,causal_majority_sign,control
2025-02-24,422,,,,0.04245319494485093,0.0033039931792549055,causal_majority_sign,control
2025-03-03,422,,,,0.05079514252478027,0.004535577215977332,causal_majority_sign,control
2025-03-10,422,,,,0.05272505317944644,0.0038596061563848953,causal_majority_sign,control
2025-03-17,422,,,,0.028260033372664528,0.0011843317608164138,causal_majority_sign,control
2025-03-24,422,,,,0.04456302722185101,0.0029740331153823678,causal_majority_sign,control
2025-03-31,423,,,,0.1189848838060684,0.0176782570699666,causal_majority_sign,control
2025-04-07,423,,,,0.04814600851233298,0.004237466822134743,causal_majority_sign,control
2025-04-14,423,,,,0.04408500851829217,0.0030159232434998724,causal_majority_sign,control
2025-04-21,423,,,,0.04148984093632944,0.0028733451531245606,causal_majority_sign,control
2025-04-28,423,,,,0.029834938671190997,0.0016831339549340581,causal_majority_sign,control
2025-05-05,423,,,,0.037885745371938666,0.002603638591352014,causal_majority_sign,control
2025-05-12,423,,,,0.03980323696963645,0.0030979383486912995,causal_majority_sign,control
2025-05-19,423,,,,0.05179918014602915,0.003964006573862559,causal_majority_sign,control
2025-05-26,423,,,,0.027958834171121376,0.0015937442023331039,causal_majority_sign,control
2025-06-02,423,,,,0.027991555428602103,0.0016190137776264165,causal_majority_sign,control
2025-06-09,423,,,,0.03908731252173358,0.002231631644218673,causal_majority_sign,control
2025-06-16,423,,,,0.034218394295542916,0.0019398424983052632,causal_majority_sign,control
2025-06-23,423,,,,0.028998619534376616,0.0016920274925343675,causal_majority_sign,control
2025-06-30,423,,,,0.028037102425265657,0.0014351639099388412,causal_majority_sign,control
2025-07-07,424,,,,0.035753683224352004,0.002032966480083303,causal_majority_sign,control
2025-07-14,424,,,,0.03774544351057884,0.0022503843256474927,causal_majority_sign,control
2025-07-21,424,,,,0.0344976075929725,0.0024224761747454215,causal_majority_sign,control
2025-07-28,424,,,,0.0684477224133023,0.007033648696702916,causal_majority_sign,control
2025-08-04,424,,,,0.039429237952281884,0.0037638408805071217,causal_majority_sign,control
2025-08-11,425,,,,0.02862560976608651,0.0016902826479861255,causal_majority_sign,control
2025-08-18,425,,,,0.023327547954619346,0.0011711488790057184,causal_majority_sign,control
2025-08-25,425,,,,0.03737755338476421,0.002047342013318983,causal_majority_sign,control
2025-09-01,425,,,,0.03352923165869095,0.0021723299436376253,causal_majority_sign,control
2025-09-08,425,,,,0.03696484451298689,0.0024919287568404115,causal_majority_sign,control
2025-09-15,425,,,,0.03450398915859555,0.0019490518619120843,causal_majority_sign,control
2025-09-22,425,,,,0.04014751287982463,0.002449045819739028,causal_majority_sign,control
2025-09-29,425,,,,0.037534562289176364,0.0028888465208075065,causal_majority_sign,control
2025-10-06,425,,,,0.06162664251645728,0.005104612567830319,causal_majority_sign,control
2025-10-13,425,,,,0.029812356985633778,0.0017940062751423866,causal_majority_sign,control
2025-10-20,425,,,,0.030663300280845827,0.001917715537717877,causal_majority_sign,control
2025-10-27,425,,,,0.05419517870000854,0.005897361625359931,causal_majority_sign,control
2025-11-03,425,,,,0.05009641522334233,0.004565012751507936,causal_majority_sign,control
2025-11-10,425,,,,0.03673181072428319,0.0022111081888767227,causal_majority_sign,control
2025-11-17,425,,,,0.04663785005334227,0.0036662742889905704,causal_majority_sign,control
2025-11-24,425,,,,0.030499803767314284,0.0019248329202064087,causal_majority_sign,control
2025-12-01,425,,,,0.03446251617876683,0.0019914276095609885,causal_majority_sign,control
2025-12-08,425,,,,0.034630590815152046,0.0020572129796676687,causal_majority_sign,control
2025-12-15,425,,,,0.03464770242920534,0.001887038441391619,causal_majority_sign,control
2025-12-22,425,,,,0.022065637189242083,0.0007614568012108149,causal_majority_sign,control
