decision_date,rank_ic,top3_excess,top3_bottom3_spread,ndcg_at_3,prediction_dispersion,mae,mse,arm
2024-01-08,0.482517482517,0.00320268319198,0.0513292970065,0.691198033695,0.00893276239763,0.0434726985278,0.00252714622676,legacy_effective
2024-01-15,0.762237762238,0.0674421657276,0.131244760928,0.952760275,0.0116677607561,0.0500011171058,0.00382821313161,legacy_effective
2024-01-22,-0.188811188811,0.00439958237843,0.0240981475973,0.512186428265,0.0151424523934,0.0302041639197,0.00232274135544,legacy_effective
2024-01-29,0.0769230769231,0.0128155638695,0.0404058714892,0.686719766301,0.0159385017307,0.048651922062,0.00440723469703,legacy_effective
2024-02-05,-0.153846153846,-0.0225898423389,0.000347284909439,0.303332939132,0.0158779899062,0.0462980796269,0.00349033465081,legacy_effective
2024-02-12,-0.041958041958,0.0195824267163,-0.000405889503841,0.691198033695,0.0148048586019,0.046606931362,0.00256257264308,legacy_effective
2024-02-19,0.391608391608,0.015253009745,0.0414830095385,0.811041100002,0.0150920208351,0.0276115552165,0.00184400216216,legacy_effective
2024-02-26,0.454545454545,0.0357311468173,0.0568231507559,0.769270402175,0.0174378345679,0.037167953116,0.00283281457565,legacy_effective
2024-03-04,0.475524475524,0.0375115428734,0.0849935161937,0.816510127175,0.0204184142946,0.0440895431704,0.00315914503344,legacy_effective
2024-03-11,-0.300699300699,-0.0181830161969,-0.0349837217164,0.513177188043,0.0223273612718,0.0551896801758,0.00401991852196,legacy_effective
2024-03-18,0.0559440559441,-0.0245628287866,-0.0146581215332,0.649427335869,0.0212572858594,0.0487409687751,0.0047556067214,legacy_effective
2024-03-25,-0.461538461538,-0.0342554742472,-0.0381988955946,0.240676892392,0.021881934058,0.0401485363821,0.00275981917057,legacy_effective
2024-04-01,0.391608391608,0.0275062166143,0.0569687293987,0.665834417387,0.0205374924185,0.0286965407152,0.00159013659501,legacy_effective
2024-04-08,-0.48951048951,-0.010974123177,-0.0495087068572,0.460468435871,0.0196268725765,0.0405901850312,0.0019528022502,legacy_effective
2024-04-15,-0.132867132867,-0.0286607949483,-0.00568435266872,0.329687315218,0.0165273311412,0.0949774329056,0.0112937100296,legacy_effective
2024-04-22,-0.20979020979,-0.0104270411713,-0.0318168420366,0.673800192398,0.0152927633813,0.0786202251119,0.00852634548147,legacy_effective
2024-04-29,-0.251748251748,0.00476484444079,-0.0274171007013,0.674790952176,0.0124347082268,0.0349828049676,0.00205468340444,legacy_effective
2024-05-06,0.307692307692,0.00611561861825,0.00525391603636,0.69567630109,0.0106616711471,0.0273503083993,0.00117536742477,legacy_effective
2024-05-13,-0.27972027972,-0.00389056929076,-0.0294684741079,0.55494788587,0.0125641202214,0.0272533443777,0.0014528417654,legacy_effective
2024-05-20,0.0979020979021,0.0347123403488,0.0479430864265,0.679269219571,0.0117019546552,0.0324263543384,0.00237354130639,legacy_effective
2024-05-27,0.202797202797,0.02373753054,0.0314694938101,0.7339594913,0.0131813744918,0.0286523360857,0.00130575823816,legacy_effective
2024-06-03,0.125874125874,0.0196854434281,0.0136598400789,0.690207273917,0.0120170062707,0.0382278446809,0.00214707092744,legacy_effective
2024-06-10,0.65034965035,0.0139114688347,0.0554323899912,0.791146510867,0.011188406689,0.0511706515821,0.00567219784998,legacy_effective
2024-06-17,-0.657342657343,-0.0547148891609,-0.0797302856426,0.276978563046,0.0139817001809,0.0402693453544,0.0032909170307,legacy_effective
2024-06-24,-0.545454545455,-0.0247288480966,-0.0394215504858,0.298854671737,0.0102827108759,0.030939708051,0.0015904642383,legacy_effective
2024-07-01,0.216783216783,-0.000117893795355,0.022434979425,0.571354967388,0.0104644043141,0.0596145189674,0.00822953173213,legacy_effective
2024-07-08,0.0979020979021,0.00897553879055,0.0176614348668,0.71109262283,0.0120676477048,0.0280769000991,0.00135301837412,legacy_effective
2024-07-15,-0.0979020979021,0.0198934952264,-0.0317083689476,0.737446998916,0.01319917753,0.0923981354318,0.0107243907742,legacy_effective
2024-07-22,-0.34965034965,-0.00938601858057,-0.0206143133131,0.36697974565,0.0146430488395,0.0572371731771,0.0041053451677,legacy_effective
2024-07-29,0.0769230769231,0.00305273452992,0.0374620876007,0.603178370648,0.00993766893747,0.0510480332082,0.00435606657343,legacy_effective
2024-08-05,-0.174825174825,-0.0463469043312,-0.0254691716163,0.240676892392,0.0107634203904,0.0417194665885,0.00278094355064,legacy_effective
2024-08-12,0.0979020979021,0.0213265856162,0.00306424914553,0.67130344456,0.0111199325591,0.0659217304993,0.00823989689572,legacy_effective
2024-08-19,0.328671328671,0.00917371980819,0.0112882947356,0.769270402175,0.0113469303268,0.0194159848299,0.000550017621037,legacy_effective
2024-08-26,0.167832167832,0.00537462462362,0.0264248682837,0.528593509783,0.0114704080104,0.0270174768763,0.0013361842661,legacy_effective
2024-09-02,0.342657342657,0.00658425574875,0.0339644105439,0.732968731522,0.0121684187456,0.0629429252796,0.00532146457425,legacy_effective
2024-09-09,-0.405594405594,-0.0380920278668,-0.0369131609936,0.449530381525,0.0133004166667,0.0861543084239,0.011620263064,legacy_effective
2024-09-16,0.517482517483,0.0141573223341,0.0312669965957,0.754844840214,0.0143044065147,0.0266722742927,0.000982391528647,legacy_effective
2024-09-23,-0.0839160839161,0.00776557265363,-0.0393832627387,0.769270402175,0.0130734904498,0.0424135208947,0.00517126085325,legacy_effective
2024-09-30,0.34965034965,-0.0101481268089,0.0213286938768,0.595727823918,0.00743594990107,0.0310847761268,0.00126990337858,legacy_effective
2024-10-07,-0.111888111888,-0.00345558603967,-0.00567770961994,0.465937463044,0.00846769130748,0.0408148228258,0.0030060956805,legacy_effective
2024-10-14,-0.286713286713,-0.00431386238921,-0.0206172813557,0.44505211413,0.00889819631286,0.0308009681,0.0013077377114,legacy_effective
2024-10-21,-0.20979020979,-0.0035045074841,-0.0738686128238,0.675781711955,0.00819838535862,0.0384209852821,0.0046173582561,legacy_effective
2024-10-28,-0.363636363636,-0.0121336670061,-0.0423077040123,0.465937463044,0.00835789033231,0.0618930574328,0.00451318298018,legacy_effective
2024-11-04,0.657342657343,0.0682767589479,0.108194350923,0.85927158478,0.00793272383259,0.0641874982494,0.00868927828401,legacy_effective
2024-11-11,0.111888111888,0.0175611489239,0.00409931939651,0.790155751089,0.0111014717256,0.0639667115901,0.00576668011606,legacy_effective
2024-11-18,-0.027972027972,0.0216305527634,0.00918424750625,0.768279642397,0.0136756706366,0.0264453165683,0.00116989483201,legacy_effective
2024-11-25,-0.622377622378,-0.0148404471338,-0.0420501161612,0.371458013045,0.015350897973,0.0384160482052,0.00184526938764,legacy_effective
2024-12-02,0.447552447552,0.0357030520969,0.0534193550052,0.815519367396,0.0115201338153,0.0482831494207,0.00334610715933,legacy_effective
2024-12-09,0.328671328671,-0.00455110776592,0.0700704733131,0.616613172831,0.0140586311514,0.0559516925627,0.00712456744745,legacy_effective
2024-12-16,0.258741258741,0.0158457507562,0.0294478381185,0.675781711955,0.0175616130078,0.0434370942755,0.00313390805016,legacy_effective
2024-12-23,0.104895104895,0.0156598404321,0.0258058819079,0.608647397821,0.0184171122839,0.0259866893194,0.0009878398431,legacy_effective
2024-12-30,-0.230769230769,-0.0396110645579,-0.0240334065357,0.293385644564,0.0189150885089,0.0533256465617,0.00413963227533,legacy_effective
2025-01-06,-0.335664335664,-0.00223234571266,-0.0220064529805,0.549478858697,0.0185047210451,0.0409471034154,0.00220379203211,legacy_effective
2025-01-13,0.230769230769,0.0323157955356,0.0504635038457,0.890104228261,0.0197936095067,0.0375946371113,0.00213956991562,legacy_effective
2025-01-20,-0.27972027972,-0.0398398693865,-0.0934234699583,0.381405307612,0.0210434072072,0.0808644266475,0.00988162977127,legacy_effective
2025-01-27,-0.034965034965,0.00563182437102,-0.0137808573286,0.601196851091,0.0162843185974,0.0652523927181,0.00627032092354,legacy_effective
2025-02-03,-0.300699300699,-0.010605350136,-0.0246060947383,0.461459195649,0.016346868009,0.0528613661641,0.0046414638057,legacy_effective
2025-02-10,-0.496503496503,-0.00600395413809,-0.0492581056044,0.560416913043,0.0128802726012,0.0379289101749,0.00246915638911,legacy_effective
2025-02-17,-0.433566433566,-0.0157629790942,-0.0439404709703,0.345103636958,0.0123417317143,0.0552329246819,0.00461074078809,legacy_effective
2025-02-24,0.230769230769,0.0302973674796,0.0357866693619,0.654896363042,0.0116298218375,0.0617244553055,0.00511773827127,legacy_effective
2025-03-03,-0.0839160839161,-0.0150943370115,0.0184405667504,0.371458013045,0.012109801021,0.0399113224055,0.00260304657228,legacy_effective
2025-03-10,-0.27972027972,-0.0195172188601,-0.0425317933608,0.491301079351,0.0121875911449,0.0445511143864,0.00325548892051,legacy_effective
2025-03-17,-0.20979020979,-0.00130167424731,-0.0233076712241,0.728490464127,0.0125347530577,0.0301411495683,0.00127972649446,legacy_effective
2025-03-24,-0.013986013986,0.0126346921681,-0.0213469098889,0.759323107608,0.0133762421366,0.0476556369778,0.00326347445797,legacy_effective
2025-03-31,-0.0769230769231,-0.0363424916516,-0.0389695357612,0.550469618475,0.0134741307398,0.114600803315,0.0166005879053,legacy_effective
2025-04-07,-0.440559440559,-0.0612568571074,-0.103989338207,0.282447590219,0.0125223304323,0.106669891659,0.0164997075754,legacy_effective
2025-04-14,0.328671328671,0.0730390197989,0.0867469043555,0.916458604347,0.0111580146389,0.059840088924,0.00478217403632,legacy_effective
2025-04-21,-0.881118881119,-0.048883989978,-0.0990806844385,0.172551818479,0.0149495917626,0.112641589505,0.0158783401344,legacy_effective
2025-04-28,-0.398601398601,-0.0375089549444,-0.0721392864475,0.282447590219,0.00871905996967,0.054478971048,0.00430305221283,legacy_effective
2025-05-05,-0.118881118881,-0.0273967533458,-0.0173185462919,0.423176005439,0.00671770124095,0.0375294719074,0.00238188308542,legacy_effective
2025-05-12,0.0909090909091,-0.0292191292536,-0.012687888774,0.360519958699,0.00663802441668,0.102384645665,0.0130354467955,legacy_effective
2025-05-19,0.307692307692,0.00886662162513,0.0175237971323,0.700154568484,0.00577906947813,0.0327252895937,0.00145097991397,legacy_effective
2025-05-26,0.027972027972,0.00543753043979,0.0145088940192,0.545991351081,0.0111694659952,0.0341074771329,0.00183662269813,legacy_effective
2025-06-02,-0.0629370629371,-0.0572169645559,-0.0524962745084,0.402290656525,0.0118011642995,0.0545432557407,0.00559030903312,legacy_effective
2025-06-09,0.041958041958,-0.0193152946082,-0.0280615083186,0.502239133697,0.00918237252074,0.0353466364132,0.00199601770659,legacy_effective
2025-06-16,0.223776223776,0.0198269534402,0.0516716256249,0.763801375002,0.0103983992648,0.0321598802897,0.00198749313697,legacy_effective
2025-06-23,0.356643356643,-0.00448203039247,0.0124124655895,0.606665878264,0.0112673125316,0.048530962399,0.00338864475484,legacy_effective
2025-06-30,-0.146853146853,0.00596645457275,-0.0244842091075,0.732968731522,0.0158895828164,0.0419484966814,0.0027348674779,legacy_effective
2025-07-07,0.153846153846,0.0149838946045,0.0148907365629,0.731977971743,0.0157049609377,0.0270502616627,0.000981444507395,legacy_effective
2025-07-14,0.300699300699,9.35662579111e-05,0.0388482234197,0.525106002167,0.0145343381046,0.0336717495714,0.00239159655791,legacy_effective
2025-07-21,-0.195804195804,0.0138525450842,0.000185506007733,0.747394293484,0.0192694682204,0.0320371468212,0.00149165182546,legacy_effective
2025-07-28,0.566433566434,0.0246027969832,0.0499991413978,0.863749852174,0.0172673878014,0.0422639695621,0.00240085053841,legacy_effective
2025-08-04,0.104895104895,0.006457810895,0.0621242745169,0.518646215216,0.0148428775855,0.0574504640507,0.00619225098119,legacy_effective
2025-08-11,-0.167832167832,-0.00984919167749,-0.0375761497272,0.590258796745,0.0140806656515,0.023832489519,0.00186243063398,legacy_effective
2025-08-18,-0.657342657343,-0.0246757632303,-0.0657706856817,0.294376404343,0.0123430378498,0.0420567168123,0.00223397038395,legacy_effective
2025-08-25,-0.391608391608,-0.0159888036059,-0.0262707751547,0.261562241305,0.00997925113395,0.0235893641493,0.000849780791654,legacy_effective
2025-09-01,0.013986013986,-0.0315258078621,-0.0222257195338,0.367970505429,0.00807424700686,0.0561282143968,0.00479719123738,legacy_effective
2025-09-08,0.132867132867,-0.00699004793399,0.0178908340399,0.642967548917,0.00951639594914,0.052118493903,0.00516412582677,legacy_effective
2025-09-15,0.118881118881,-0.00241639901895,0.0113896166305,0.519636974995,0.0106960784017,0.0253916818403,0.0010664279164,legacy_effective
2025-09-22,0.0699300699301,-0.00733177509566,-0.00566763740137,0.50770816087,0.0104147059801,0.0307792111434,0.00137483881043,legacy_effective
2025-09-29,-0.0979020979021,0.019203733791,0.0133893464771,0.481353784784,0.0102517924561,0.0540345630652,0.00581256598916,legacy_effective
2025-10-06,-0.629370629371,-0.0352499453808,-0.021625663033,0.460468435871,0.0121023063265,0.064466579101,0.00941733076061,legacy_effective
2025-10-13,0.804195804196,0.0465682257896,0.0754097545975,0.958229302173,0.012330767393,0.0351444842075,0.00175943762665,legacy_effective
2025-10-20,0.0769230769231,0.0216983517265,0.0256692668467,0.79661553804,0.0161368916519,0.0241896524753,0.000790323123224,legacy_effective
2025-10-27,0.377622377622,0.00813155057077,0.0763029104498,0.564895180437,0.0179156348418,0.0359656031994,0.00239075078915,legacy_effective
2025-11-03,0.041958041958,0.010288046714,0.00776532391067,0.652914843485,0.0187709832055,0.0525539779897,0.00386298795529,legacy_effective
2025-11-10,0.293706293706,0.0321786375516,0.0405474078165,0.77374866957,0.0184380492834,0.0305644603139,0.00159792517789,legacy_effective
2025-11-17,-0.0629370629371,-0.061106541194,-0.0478156028625,0.339634609785,0.0203265367516,0.0686437672729,0.0097094786768,legacy_effective
2025-11-24,0.195804195804,0.00940796694863,0.031151154274,0.700154568484,0.0176891859148,0.0541320573689,0.00451155413507,legacy_effective
2025-12-01,-0.391608391608,-0.021532764327,-0.035332555334,0.423176005439,0.0181686230707,0.0337613180159,0.00174704875708,legacy_effective
2025-12-08,0.41958041958,0.0157837907978,0.0313349600218,0.779217696743,0.0142797911709,0.0326376054613,0.00166966537756,legacy_effective
2025-12-15,0.244755244755,0.0382651050481,0.0283770158684,0.868228119569,0.0136892638241,0.0323449181305,0.00132834444471,legacy_effective
2025-12-22,0.202797202797,0.020992813087,0.0297458361895,0.75833234783,0.0167152636811,0.0261768422325,0.00103956832142,legacy_effective
2024-01-08,0.482517482517,0.00320268319198,0.0513292970065,0.691198033695,0.00884112332872,0.0436296457789,0.00254119880676,stride_only_fixed
2024-01-15,0.762237762238,0.0674421657276,0.131244760928,0.952760275,0.0116878264002,0.0499481443181,0.00381526626459,stride_only_fixed
2024-01-22,-0.188811188811,0.00439958237843,0.0240981475973,0.512186428265,0.0152463264983,0.0303025855323,0.00232896109607,stride_only_fixed
2024-01-29,0.0769230769231,0.0128155638695,0.0404058714892,0.686719766301,0.0158347083923,0.0485784410061,0.00440153719219,stride_only_fixed
2024-02-05,-0.153846153846,-0.0225898423389,0.000347284909439,0.303332939132,0.0159467763172,0.0462997188791,0.00349268032629,stride_only_fixed
2024-02-12,-0.041958041958,0.0195824267163,-0.000405889503841,0.691198033695,0.0147410970247,0.0465311670233,0.00255702389167,stride_only_fixed
2024-02-19,0.363636363636,0.015253009745,0.0414830095385,0.749375813041,0.0150443266976,0.0276167885942,0.00184533904701,stride_only_fixed
2024-02-26,0.454545454545,0.0357311468173,0.0568231507559,0.769270402175,0.017509113088,0.0371144724298,0.00282827439142,stride_only_fixed
2024-03-04,0.475524475524,0.0375115428734,0.0849935161937,0.816510127175,0.0204469460453,0.0440821802749,0.00315752554309,stride_only_fixed
2024-03-11,-0.300699300699,-0.0181830161969,-0.0349837217164,0.513177188043,0.0223373998553,0.0551189664911,0.00401407172736,stride_only_fixed
2024-03-18,0.0559440559441,-0.0245628287866,-0.0146581215332,0.649427335869,0.0213059488908,0.0487106082711,0.00474855749218,stride_only_fixed
2024-03-25,-0.461538461538,-0.0342554742472,-0.0381988955946,0.240676892392,0.0219028062301,0.0401848417215,0.00276368356226,stride_only_fixed
2024-04-01,0.391608391608,0.0275062166143,0.0569687293987,0.665834417387,0.0205472706383,0.0285945697884,0.00158113680653,stride_only_fixed
2024-04-08,-0.48951048951,-0.010974123177,-0.0495087068572,0.460468435871,0.0197035092588,0.0406751479022,0.00196021594596,stride_only_fixed
2024-04-15,-0.132867132867,-0.0286607949483,-0.00568435266872,0.329687315218,0.016450440287,0.0948970356951,0.0112683484516,stride_only_fixed
2024-04-22,-0.20979020979,-0.0104270411713,-0.0318168420366,0.673800192398,0.0152319872506,0.0784259492446,0.00848795107404,stride_only_fixed
2024-04-29,-0.195804195804,0.00476484444079,-0.0274171007013,0.674790952176,0.0124575391835,0.0349840554773,0.00205723178535,stride_only_fixed
2024-05-06,0.342657342657,0.00611561861825,0.00525391603636,0.69567630109,0.010782209848,0.0272501031533,0.00116936705375,stride_only_fixed
2024-05-13,-0.293706293706,-0.00389056929076,-0.0294684741079,0.55494788587,0.0125358235635,0.0272479043728,0.00145478436769,stride_only_fixed
2024-05-20,0.0909090909091,0.00257060088302,0.0158013469607,0.658383870658,0.0117534612967,0.0324342056029,0.00237920086647,stride_only_fixed
2024-05-27,0.258741258741,0.02373753054,0.0314694938101,0.7339594913,0.0130948035909,0.0286990436202,0.00130520102891,stride_only_fixed
2024-06-03,0.125874125874,0.0196854434281,0.0136598400789,0.690207273917,0.0120210163766,0.0380854386458,0.00213200293893,stride_only_fixed
2024-06-10,0.65034965035,0.0139114688347,0.0554323899912,0.791146510867,0.0111888353286,0.0511237213263,0.00565750891275,stride_only_fixed
2024-06-17,-0.657342657343,-0.0547148891609,-0.0797302856426,0.276978563046,0.0139192870366,0.0402213521966,0.00327862684099,stride_only_fixed
2024-06-24,-0.545454545455,-0.0247288480966,-0.0394215504858,0.298854671737,0.0103290100763,0.0310101483495,0.00159754748991,stride_only_fixed
2024-07-01,0.216783216783,-0.000117893795355,0.022434979425,0.571354967388,0.0105236135655,0.0595097739624,0.00821942001822,stride_only_fixed
2024-07-08,0.0979020979021,0.00897553879055,0.0176614348668,0.71109262283,0.0120853856045,0.0280592494306,0.00135438222754,stride_only_fixed
2024-07-15,-0.0979020979021,0.0198934952264,-0.0317083689476,0.737446998916,0.013265010141,0.0924998146205,0.0107411790752,stride_only_fixed
2024-07-22,-0.34965034965,-0.00938601858057,-0.0206143133131,0.36697974565,0.0146966569259,0.0572273721077,0.0041030078719,stride_only_fixed
2024-07-29,0.0769230769231,0.00305273452992,0.0374620876007,0.603178370648,0.00996694633745,0.0511468227942,0.00437527279444,stride_only_fixed
2024-08-05,-0.174825174825,-0.0463469043312,-0.0254691716163,0.240676892392,0.0107385380475,0.0416428841159,0.00277830626701,stride_only_fixed
2024-08-12,0.0979020979021,0.0213265856162,0.00306424914553,0.67130344456,0.0111721432725,0.0659660083688,0.00825405552214,stride_only_fixed
2024-08-19,0.328671328671,0.00917371980819,0.0112882947356,0.769270402175,0.0113645101652,0.0193510424486,0.000546190743273,stride_only_fixed
2024-08-26,0.167832167832,0.00537462462362,0.0264248682837,0.528593509783,0.0114191358102,0.0270263126222,0.00133707775522,stride_only_fixed
2024-09-02,0.342657342657,0.00658425574875,0.0339644105439,0.732968731522,0.0121851236591,0.0629657933087,0.00532744000224,stride_only_fixed
2024-09-09,-0.405594405594,-0.0380920278668,-0.0369131609936,0.449530381525,0.0133561809314,0.0864649596583,0.0116856939586,stride_only_fixed
2024-09-16,0.517482517483,0.0141573223341,0.0312669965957,0.754844840214,0.0143762827387,0.0265890120271,0.000977098577211,stride_only_fixed
2024-09-23,-0.0839160839161,0.00776557265363,-0.0393832627387,0.769270402175,0.0131125508856,0.042409758489,0.0051707688479,stride_only_fixed
2024-09-30,0.363636363636,-0.0101481268089,0.0213286938768,0.595727823918,0.00748002187094,0.0310446773449,0.00126682314013,stride_only_fixed
2024-10-07,-0.0769230769231,-0.00345558603967,-0.00567770961994,0.465937463044,0.00844244170753,0.04070673501,0.00299328787348,stride_only_fixed
2024-10-14,-0.251748251748,-0.00431386238921,-0.0206172813557,0.44505211413,0.00886236100368,0.0307769420226,0.0013094263737,stride_only_fixed
2024-10-21,-0.20979020979,-0.0035045074841,-0.0738686128238,0.675781711955,0.00811333148059,0.0383539317253,0.00463345884537,stride_only_fixed
2024-10-28,-0.363636363636,-0.0121336670061,-0.0423077040123,0.465937463044,0.00836030609461,0.061913419477,0.00451450695662,stride_only_fixed
2024-11-04,0.622377622378,0.0682767589479,0.108194350923,0.85927158478,0.00788667998553,0.0642920650171,0.00870417900599,stride_only_fixed
2024-11-11,0.111888111888,0.0175611489239,0.00409931939651,0.790155751089,0.0111417812545,0.0640052264822,0.0057781301518,stride_only_fixed
2024-11-18,-0.027972027972,0.0216305527634,0.00918424750625,0.768279642397,0.0137571293502,0.026438252692,0.00116573646354,stride_only_fixed
2024-11-25,-0.552447552448,-0.0148404471338,-0.0420501161612,0.371458013045,0.0151378439244,0.0383781147844,0.00184152507422,stride_only_fixed
2024-12-02,0.447552447552,0.0357030520969,0.0534193550052,0.815519367396,0.0115186846956,0.0482053458518,0.00333539448635,stride_only_fixed
2024-12-09,0.335664335664,-0.00409367745504,0.070527903624,0.637498521744,0.0141289377131,0.055889811452,0.00711589485362,stride_only_fixed
2024-12-16,0.258741258741,0.0158457507562,0.0294478381185,0.675781711955,0.0174941464812,0.0434152639948,0.00312953151714,stride_only_fixed
2024-12-23,0.104895104895,0.0156598404321,0.0258058819079,0.608647397821,0.0184994077911,0.0260992937431,0.000996588992254,stride_only_fixed
2024-12-30,-0.230769230769,-0.0396110645579,-0.0240334065357,0.293385644564,0.0190468047792,0.0533670410402,0.00414675535905,stride_only_fixed
2025-01-06,-0.335664335664,-0.00223234571266,-0.0220064529805,0.549478858697,0.0185423392692,0.0409697830457,0.00220490014843,stride_only_fixed
2025-01-13,0.174825174825,0.0323157955356,0.0504635038457,0.890104228261,0.0198122748958,0.0375689921649,0.00213348395334,stride_only_fixed
2025-01-20,-0.27972027972,-0.0398398693865,-0.0934234699583,0.381405307612,0.0210738374211,0.0810363914639,0.00993051032694,stride_only_fixed
2025-01-27,0.027972027972,0.00563182437102,-0.0137808573286,0.601196851091,0.0162648203245,0.0652071299844,0.00626002362184,stride_only_fixed
2025-02-03,-0.300699300699,-0.010605350136,-0.0246060947383,0.461459195649,0.0163580938865,0.0528599974524,0.00464328822835,stride_only_fixed
2025-02-10,-0.496503496503,-0.00600395413809,-0.0492581056044,0.560416913043,0.0129348082464,0.037842693714,0.00244940113974,stride_only_fixed
2025-02-17,-0.398601398601,-0.0157629790942,-0.0263210907961,0.345103636958,0.0122682600298,0.0550126877866,0.00457572383878,stride_only_fixed
2025-02-24,0.230769230769,0.0302973674796,0.0357866693619,0.654896363042,0.0115301834341,0.0616406856048,0.00510571247207,stride_only_fixed
2025-03-03,-0.0839160839161,-0.0150943370115,0.0184405667504,0.371458013045,0.0121704121955,0.0400849095525,0.00262293783094,stride_only_fixed
2025-03-10,-0.27972027972,-0.0195172188601,-0.0425317933608,0.491301079351,0.0122414682779,0.0445846147781,0.00326287648726,stride_only_fixed
2025-03-17,-0.20979020979,-0.00130167424731,-0.0233076712241,0.728490464127,0.0125723898362,0.0301474676189,0.00127938862562,stride_only_fixed
2025-03-24,0.013986013986,0.0126346921681,-0.0213469098889,0.759323107608,0.0133174355557,0.0472800515936,0.00321592813592,stride_only_fixed
2025-03-31,-0.0769230769231,-0.0363424916516,-0.0389695357612,0.550469618475,0.013628796826,0.114425653633,0.0165681318057,stride_only_fixed
2025-04-07,-0.447552447552,-0.0612568571074,-0.103989338207,0.282447590219,0.0125662312544,0.106701026577,0.0165200475291,stride_only_fixed
2025-04-14,0.328671328671,0.0730390197989,0.0867469043555,0.916458604347,0.0110882413923,0.0599876510941,0.00480309895289,stride_only_fixed
2025-04-21,-0.881118881119,-0.048883989978,-0.0990806844385,0.172551818479,0.0149538287252,0.112480721798,0.0158442567549,stride_only_fixed
2025-04-28,-0.405594405594,-0.0375089549444,-0.0721392864475,0.282447590219,0.00862699295063,0.0546774651905,0.00432754317244,stride_only_fixed
2025-05-05,-0.0769230769231,-0.0273967533458,-0.0173185462919,0.423176005439,0.00675444092584,0.037385225538,0.00237197733412,stride_only_fixed
2025-05-12,0.0909090909091,-0.0292191292536,-0.012687888774,0.360519958699,0.00664044733228,0.102934180713,0.0131646622742,stride_only_fixed
2025-05-19,0.307692307692,0.00886662162513,0.0175237971323,0.700154568484,0.00585186886771,0.0329495646809,0.0014680376626,stride_only_fixed
2025-05-26,0.027972027972,0.00543753043979,0.0145088940192,0.545991351081,0.0111893588857,0.0343839244717,0.00185867090701,stride_only_fixed
2025-06-02,-0.0629370629371,-0.0572169645559,-0.0524962745084,0.402290656525,0.0118449046856,0.0547515462563,0.0056188598478,stride_only_fixed
2025-06-09,0.00699300699301,-0.0193152946082,-0.0280615083186,0.502239133697,0.00933693883794,0.0353420588969,0.00197397844506,stride_only_fixed
2025-06-16,0.223776223776,0.0198269534402,0.0516716256249,0.763801375002,0.0102857042231,0.0323490195096,0.00200945823146,stride_only_fixed
2025-06-23,0.356643356643,-0.00448203039247,0.0124124655895,0.606665878264,0.0112876950353,0.0485332819784,0.00339081056229,stride_only_fixed
2025-06-30,-0.146853146853,0.00596645457275,-0.0244842091075,0.732968731522,0.0159716080022,0.0423980724412,0.00278096180824,stride_only_fixed
2025-07-07,0.153846153846,0.0149838946045,0.0148907365629,0.731977971743,0.0157195506277,0.027140943616,0.000987445437645,stride_only_fixed
2025-07-14,0.300699300699,9.35662579111e-05,0.0388482234197,0.525106002167,0.0146026832986,0.0337176923513,0.00239195492769,stride_only_fixed
2025-07-21,-0.195804195804,0.0138525450842,0.000185506007733,0.747394293484,0.0192946232106,0.0320544435316,0.00149807668999,stride_only_fixed
2025-07-28,0.566433566434,0.0246027969832,0.0499991413978,0.863749852174,0.0173462139897,0.0421759485526,0.00239172429362,stride_only_fixed
2025-08-04,0.104895104895,0.006457810895,0.0621242745169,0.518646215216,0.0147750741247,0.0574418423716,0.00619164472087,stride_only_fixed
2025-08-11,-0.167832167832,-0.00984919167749,-0.0375761497272,0.590258796745,0.0141084975422,0.0238642342656,0.00186561234014,stride_only_fixed
2025-08-18,-0.664335664336,-0.0246757632303,-0.0657706856817,0.294376404343,0.0122563072434,0.0419636005853,0.00222519885324,stride_only_fixed
2025-08-25,-0.391608391608,-0.0159888036059,-0.0262707751547,0.261562241305,0.0100136555632,0.0237015450861,0.000854521760971,stride_only_fixed
2025-09-01,0,-0.0315258078621,-0.0222257195338,0.367970505429,0.00806006950916,0.0561664352459,0.00480508065598,stride_only_fixed
2025-09-08,0.132867132867,-0.00699004793399,0.0178908340399,0.642967548917,0.00939424376904,0.0522929078758,0.00519874355015,stride_only_fixed
2025-09-15,0.048951048951,-0.00241639901895,0.0113896166305,0.519636974995,0.010697119702,0.0253294599184,0.00106930540253,stride_only_fixed
2025-09-22,0.104895104895,-0.00733177509566,-0.00566763740137,0.535053296735,0.0103896943886,0.0307046958205,0.00136809523263,stride_only_fixed
2025-09-29,-0.0979020979021,0.019203733791,0.0133893464771,0.481353784784,0.0102198079374,0.0540076029209,0.00579681279887,stride_only_fixed
2025-10-06,-0.629370629371,-0.0352499453808,-0.021625663033,0.460468435871,0.0122105089047,0.0643355221886,0.0094214965284,stride_only_fixed
2025-10-13,0.797202797203,0.0465682257896,0.0754097545975,0.958229302173,0.0122521708007,0.0351817826701,0.00175873421412,stride_only_fixed
2025-10-20,0.0769230769231,0.0216983517265,0.0256692668467,0.79661553804,0.0160879176513,0.0242553938968,0.000795604789031,stride_only_fixed
2025-10-27,0.377622377622,0.00813155057077,0.0763029104498,0.564895180437,0.0179613146296,0.0360580006116,0.00239586272856,stride_only_fixed
2025-11-03,0.041958041958,0.010288046714,0.00776532391067,0.652914843485,0.0187635514223,0.0525894525774,0.00386444852843,stride_only_fixed
2025-11-10,0.293706293706,0.0321786375516,0.0405474078165,0.77374866957,0.018466908615,0.0304822170481,0.00159421353956,stride_only_fixed
2025-11-17,-0.0629370629371,-0.061106541194,-0.0478156028625,0.339634609785,0.0203264643195,0.0686166268123,0.0096937698525,stride_only_fixed
2025-11-24,0.195804195804,0.00940796694863,0.031151154274,0.700154568484,0.0177668406082,0.0542940007639,0.00453356865623,stride_only_fixed
2025-12-01,-0.391608391608,-0.021532764327,-0.035332555334,0.423176005439,0.0182402277262,0.0338064935693,0.00174820408387,stride_only_fixed
2025-12-08,0.41958041958,0.0157837907978,0.0313349600218,0.779217696743,0.0142920037892,0.0327939532147,0.00168242153055,stride_only_fixed
2025-12-15,0.27972027972,0.0382651050481,0.0283770158684,0.890104228261,0.0136728939091,0.0323532738279,0.00132937216958,stride_only_fixed
2025-12-22,0.188811188811,0.020992813087,0.0297458361895,0.75833234783,0.016639635194,0.0261780394313,0.00103979980324,stride_only_fixed
2024-01-08,0.482517482517,0.00320268319198,0.0513292970065,0.691198033695,0.00909981812266,0.0433487162953,0.00251329076913,canonical_close_only
2024-01-15,0.762237762238,0.0674421657276,0.131244760928,0.952760275,0.0115130578443,0.0501047035401,0.00381545963892,canonical_close_only
2024-01-22,-0.223776223776,0.00439958237843,0.0240981475973,0.512186428265,0.0153281270785,0.0306356931337,0.00236199674967,canonical_close_only
2024-01-29,0.0769230769231,0.0128155638695,0.0404058714892,0.686719766301,0.0162616454217,0.0483581275779,0.00438042625699,canonical_close_only
2024-02-05,-0.174825174825,-0.0225898423389,0.000347284909439,0.303332939132,0.0166778244816,0.0459036961665,0.00345148488593,canonical_close_only
2024-02-12,-0.034965034965,0.0195824267163,-0.000405889503841,0.706614355436,0.0152492486146,0.0472682521449,0.00262550721955,canonical_close_only
2024-02-19,0.363636363636,0.015253009745,0.0414830095385,0.749375813041,0.0143325444124,0.0270615101417,0.00182039017558,canonical_close_only
2024-02-26,0.454545454545,0.0357311468173,0.0568231507559,0.769270402175,0.0178309229167,0.036665588415,0.0027705474509,canonical_close_only
2024-03-04,0.475524475524,0.0375115428734,0.0849935161937,0.816510127175,0.0200975551731,0.0444354839077,0.00318657688737,canonical_close_only
2024-03-11,-0.300699300699,-0.0181830161969,-0.0349837217164,0.513177188043,0.0223587548111,0.0558189347404,0.00414183469474,canonical_close_only
2024-03-18,0.00699300699301,-0.0245628287866,-0.0146581215332,0.611144145658,0.0209949954725,0.0485200371074,0.00471583655873,canonical_close_only
2024-03-25,-0.461538461538,-0.0342554742472,-0.0381988955946,0.240676892392,0.0229965493569,0.0410866631579,0.00282479145098,canonical_close_only
2024-04-01,0.398601398601,0.0275062166143,0.0569687293987,0.67130344456,0.0209330697078,0.0278788845564,0.00153102999571,canonical_close_only
2024-04-08,-0.496503496503,-0.010974123177,-0.0495087068572,0.454999408698,0.0197934929002,0.0416327565841,0.00205357798301,canonical_close_only
2024-04-15,-0.132867132867,-0.0286607949483,-0.00568435266872,0.329687315218,0.0168415946984,0.096187001553,0.0115701203006,canonical_close_only
2024-04-22,-0.20979020979,-0.0104270411713,-0.0318168420366,0.673800192398,0.0153392242632,0.0781640727328,0.00838433796775,canonical_close_only
2024-04-29,-0.181818181818,0.00476484444079,-0.0274171007013,0.674790952176,0.0126139450322,0.0351871889064,0.0020532846406,canonical_close_only
2024-05-06,0.461538461538,0.00611561861825,0.046532495399,0.69567630109,0.0111368703612,0.0266177944806,0.00110119046749,canonical_close_only
2024-05-13,-0.237762237762,-0.0059796050718,-0.0161353816096,0.534062536956,0.0123403655923,0.0266341195326,0.00141182655237,canonical_close_only
2024-05-20,0.0979020979021,0.00257060088302,0.0158013469607,0.658383870658,0.0121054324956,0.0323559895079,0.00234683336835,canonical_close_only
2024-05-27,0.258741258741,0.02373753054,0.0314694938101,0.7339594913,0.0129086837763,0.0291976537851,0.00132934815708,canonical_close_only
2024-06-03,0.181818181818,0.0196854434281,0.0343757907869,0.690207273917,0.0123680423291,0.036700905268,0.00197720050277,canonical_close_only
2024-06-10,0.65034965035,0.0139114688347,0.0554323899912,0.791146510867,0.0111493078971,0.0507641400496,0.00556410669144,canonical_close_only
2024-06-17,-0.706293706294,-0.0547148891609,-0.0797302856426,0.215313276084,0.0141452684147,0.0402375622979,0.0033457049292,canonical_close_only
2024-06-24,-0.587412587413,-0.0247288480966,-0.0601459565335,0.282447590219,0.0105611877808,0.0314986930496,0.00165432812746,canonical_close_only
2024-07-01,0.20979020979,-0.000117893795355,0.022434979425,0.565885940216,0.0115442517006,0.0583423005428,0.00801525078691,canonical_close_only
2024-07-08,0.132867132867,0.00897553879055,0.0176614348668,0.71109262283,0.0122547526007,0.0285029049139,0.00140405189034,canonical_close_only
2024-07-15,-0.041958041958,0.0198934952264,0.0113272826409,0.737446998916,0.0133936650311,0.0929682353617,0.010795287226,canonical_close_only
2024-07-22,-0.34965034965,-0.00938601858057,-0.0206143133131,0.36697974565,0.0160211277745,0.0595380755142,0.00444181627451,canonical_close_only
2024-07-29,0.0699300699301,-0.00341692805325,0.0309924250176,0.582293021734,0.00966165219182,0.0516267683346,0.00443781574267,canonical_close_only
2024-08-05,-0.195804195804,-0.0463469043312,-0.0254691716163,0.240676892392,0.010697461895,0.0413570421959,0.00276844764821,canonical_close_only
2024-08-12,0.0769230769231,0.0213265856162,0.00306424914553,0.67130344456,0.0113471386902,0.0659138874102,0.00827375297765,canonical_close_only
2024-08-19,0.328671328671,0.00917371980819,0.0112882947356,0.769270402175,0.0117285443327,0.0198652803126,0.000564560220096,canonical_close_only
2024-08-26,0.181818181818,0.00474768788352,0.0257979315436,0.50770816087,0.0118290226511,0.028860375757,0.00147808971492,canonical_close_only
2024-09-02,0.293706293706,0.00658425574875,0.0339644105439,0.694685541311,0.0121775247738,0.0655677470296,0.0056961846994,canonical_close_only
2024-09-09,-0.34965034965,-0.0380920278668,-0.0451267076068,0.449530381525,0.0134099750478,0.0850251568998,0.0113666258828,canonical_close_only
2024-09-16,0.496503496503,0.0141573223341,0.0312669965957,0.754844840214,0.014981999176,0.0264571629434,0.000969238719297,canonical_close_only
2024-09-23,-0.0559440559441,0.00776557265363,-0.0393832627387,0.763801375002,0.0136821950183,0.0416990681314,0.00501841472136,canonical_close_only
2024-09-30,0.391608391608,0.00458519729028,0.036062017976,0.721039917397,0.0073760901412,0.0303447545492,0.00124216496124,canonical_close_only
2024-10-07,-0.0979020979021,-0.00345558603967,-0.00567770961994,0.465937463044,0.00858407249546,0.0405112030878,0.00299100358168,canonical_close_only
2024-10-14,-0.223776223776,0.0051901538589,0.000600907302219,0.50770816087,0.00867570247735,0.0303686236493,0.00129727015773,canonical_close_only
2024-10-21,-0.27972027972,-0.0035045074841,-0.0738686128238,0.675781711955,0.00829799747936,0.0384279062736,0.00468292702695,canonical_close_only
2024-10-28,-0.321678321678,-0.0121336670061,-0.0423077040123,0.465937463044,0.00881799783133,0.0627625823176,0.00462831545246,canonical_close_only
2024-11-04,0.587412587413,0.0682767589479,0.108194350923,0.890104228261,0.0076880183054,0.0639915968163,0.0086571295394,canonical_close_only
2024-11-11,0.034965034965,0.0175611489239,0.000406982911261,0.790155751089,0.0124305316439,0.0656656987366,0.00603086499216,canonical_close_only
2024-11-18,-0.034965034965,0.0216305527634,0.00918424750625,0.768279642397,0.0139437288589,0.0264073337693,0.00116770371559,canonical_close_only
2024-11-25,-0.622377622378,-0.0148404471338,-0.0420501161612,0.371458013045,0.0155305953019,0.0382012610726,0.00185978880584,canonical_close_only
2024-12-02,0.447552447552,0.0357030520969,0.0534193550052,0.815519367396,0.0120399395973,0.0469027469741,0.00320114070411,canonical_close_only
2024-12-09,0.335664335664,-0.00409367745504,0.070527903624,0.637498521744,0.0138507568506,0.0563326100984,0.0071224401217,canonical_close_only
2024-12-16,0.188811188811,-0.0272065456616,-0.0136044582993,0.466928222822,0.0168916059358,0.0446402721442,0.00325227811184,canonical_close_only
2024-12-23,0.153846153846,0.0156598404321,0.0258058819079,0.608647397821,0.0187976369741,0.0256102178179,0.000983960136305,canonical_close_only
2024-12-30,-0.20979020979,-0.0396110645579,-0.0240334065357,0.293385644564,0.0206550614718,0.0532956385397,0.00416195135722,canonical_close_only
2025-01-06,-0.307692307692,-0.00223234571266,-0.007175748576,0.549478858697,0.0196613141505,0.0417242823095,0.00226722062219,canonical_close_only
2025-01-13,0.153846153846,0.0323157955356,0.0504635038457,0.890104228261,0.0206746782678,0.0362073010448,0.00205812232158,canonical_close_only
2025-01-20,-0.27972027972,-0.0398398693865,-0.0934234699583,0.381405307612,0.0206562506336,0.0811802674096,0.00995743595804,canonical_close_only
2025-01-27,-0.034965034965,0.00563182437102,-0.0137808573286,0.601196851091,0.0163830785408,0.066146121478,0.00638973342385,canonical_close_only
2025-02-03,-0.356643356643,-0.0533814189841,-0.0699372114227,0.294376404343,0.0170374567358,0.0536157612401,0.00475908690279,canonical_close_only
2025-02-10,-0.440559440559,-0.00600395413809,-0.0271009651971,0.560416913043,0.0128238195576,0.0370875195702,0.00226280785665,canonical_close_only
2025-02-17,-0.447552447552,-0.0157629790942,-0.0439404709703,0.345103636958,0.0125551953926,0.0561856958193,0.00477940939189,canonical_close_only
2025-02-24,0.251748251748,0.0302973674796,0.0357866693619,0.654896363042,0.0120340219025,0.0632750431168,0.00538720903366,canonical_close_only
2025-03-03,-0.104895104895,-0.0150943370115,-0.00727721092515,0.376927040218,0.0124157025938,0.0418286631111,0.00283093427921,canonical_close_only
2025-03-10,-0.27972027972,-0.0258653308956,-0.0488799053963,0.470415730438,0.0120107645668,0.0446425326627,0.00317227583006,canonical_close_only
2025-03-17,-0.195804195804,-0.00130167424731,-0.0222177116345,0.728490464127,0.0125829704075,0.0297414246796,0.00125734521406,canonical_close_only
2025-03-24,-0.00699300699301,0.0126346921681,-0.0213469098889,0.759323107608,0.0127075026655,0.0481311519545,0.0032834190514,canonical_close_only
2025-03-31,-0.132867132867,-0.0363424916516,-0.0667993601199,0.550469618475,0.0132531294049,0.11523330347,0.0167548283276,canonical_close_only
2025-04-07,-0.48951048951,-0.0612568571074,-0.103989338207,0.282447590219,0.0117383967178,0.104847949478,0.0159890204823,canonical_close_only
2025-04-14,0.34965034965,0.0730390197989,0.0867469043555,0.916458604347,0.0110525448708,0.0606739495635,0.00489400402913,canonical_close_only
2025-04-21,-0.867132867133,-0.048883989978,-0.0990806844385,0.172551818479,0.013958761758,0.110033522323,0.0151611006853,canonical_close_only
2025-04-28,-0.391608391608,-0.0375089549444,-0.0721392864475,0.282447590219,0.00824212040895,0.0532230878151,0.00417248377875,canonical_close_only
2025-05-05,-0.146853146853,-0.0273967533458,-0.0173185462919,0.423176005439,0.007013411974,0.0374619790876,0.0023947764145,canonical_close_only
2025-05-12,-0.013986013986,-0.0292191292536,-0.012687888774,0.360519958699,0.006429016126,0.102154151046,0.0130543464288,canonical_close_only
2025-05-19,0.244755244755,0.00886662162513,0.0175237971323,0.700154568484,0.00657010308723,0.0355889901326,0.00166162912357,canonical_close_only
2025-05-26,0.041958041958,0.00976178891118,0.0188331524905,0.587762048907,0.0119243634399,0.0330320367097,0.00174046272986,canonical_close_only
2025-06-02,-0.027972027972,-0.0572169645559,-0.0524962745084,0.340625369564,0.0130038272254,0.0525311267346,0.00547923673166,canonical_close_only
2025-06-09,0.153846153846,0.011513295338,0.00276708162762,0.650418095647,0.00940527503786,0.035364996856,0.00194920714426,canonical_close_only
2025-06-16,0.244755244755,0.0198269534402,0.0516716256249,0.763801375002,0.0103943008724,0.0323938158623,0.00201002407432,canonical_close_only
2025-06-23,0.412587412587,0.0147823163107,0.0316768122927,0.71109262283,0.0110157368587,0.0476444791687,0.00327335162082,canonical_close_only
2025-06-30,-0.223776223776,-0.0159529653951,-0.0464036290754,0.580311502177,0.0162475745755,0.0442384024968,0.00298306367922,canonical_close_only
2025-07-07,0.0909090909091,0.0149838946045,0.0148907365629,0.654896363042,0.0157089874114,0.0280116067635,0.00105786089363,canonical_close_only
2025-07-14,0.265734265734,9.35662579111e-05,0.00771907349932,0.525106002167,0.015281663958,0.0341861061996,0.00245461054941,canonical_close_only
2025-07-21,-0.223776223776,0.0138525450842,0.000185506007733,0.747394293484,0.0194675051642,0.032644987517,0.0015880333248,canonical_close_only
2025-07-28,0.566433566434,0.0246027969832,0.0499991413978,0.863749852174,0.0173255447351,0.0428309507975,0.00244899758021,canonical_close_only
2025-08-04,0.104895104895,0.006457810895,0.0621242745169,0.518646215216,0.0148966856194,0.057225491004,0.00618297430363,canonical_close_only
2025-08-11,-0.153846153846,-0.00984919167749,-0.0375761497272,0.590258796745,0.0134808440861,0.0235132488636,0.00179695876281,canonical_close_only
2025-08-18,-0.72027972028,-0.0246757632303,-0.0657706856817,0.294376404343,0.0117876523045,0.0420349128732,0.00224034015885,canonical_close_only
2025-08-25,-0.552447552448,-0.0159888036059,-0.0262707751547,0.261562241305,0.00991507775548,0.0245144687207,0.000901634106018,canonical_close_only
2025-09-01,0.020979020979,-0.0315258078621,-0.0222257195338,0.367970505429,0.00787955496725,0.0551418785655,0.00470618509014,canonical_close_only
2025-09-08,0.0699300699301,-0.00699004793399,0.0178908340399,0.642967548917,0.00889241623096,0.0521197402585,0.00519663114291,canonical_close_only
2025-09-15,0.118881118881,-0.00241639901895,0.0113896166305,0.519636974995,0.0111794170072,0.0248627337503,0.00106688346996,canonical_close_only
2025-09-22,-0.00699300699301,-0.00901009146423,-0.00734595376994,0.454999408698,0.0104370338837,0.0314518323306,0.00145885575863,canonical_close_only
2025-09-29,-0.104895104895,0.019203733791,0.00977512811982,0.481353784784,0.011108639269,0.0541061255838,0.00568994666439,canonical_close_only
2025-10-06,-0.629370629371,-0.0352499453808,-0.021625663033,0.460468435871,0.0121781494008,0.0646456158541,0.00937711079702,canonical_close_only
2025-10-13,0.832167832168,0.0493265106005,0.0781680394083,0.979114651087,0.0121671274149,0.0346154447462,0.0017089957472,canonical_close_only
2025-10-20,0.104895104895,0.0216983517265,0.0257060697569,0.79661553804,0.015779951265,0.0239043258028,0.000771096969563,canonical_close_only
2025-10-27,0.377622377622,0.00813155057077,0.0763029104498,0.564895180437,0.0185185301463,0.0363151666653,0.00241518062814,canonical_close_only
2025-11-03,0.00699300699301,-0.00665614349199,-0.00917886629528,0.548488098918,0.0189855241634,0.0520481279639,0.00379507886348,canonical_close_only
2025-11-10,0.398601398601,0.0540120242106,0.0623807944755,0.963698329346,0.0185056565791,0.0301774559717,0.00157534468114,canonical_close_only
2025-11-17,-0.0769230769231,-0.061106541194,-0.0478156028625,0.339634609785,0.0203142521194,0.0689228192369,0.00972235530101,canonical_close_only
2025-11-24,0.195804195804,0.00940796694863,0.031151154274,0.700154568484,0.0179450067148,0.0545479523311,0.00453573213251,canonical_close_only
2025-12-01,-0.391608391608,-0.0219932273014,-0.0273684375721,0.381405307612,0.0184038377094,0.034392875216,0.00178904246065,canonical_close_only
2025-12-08,0.307692307692,-0.00211091302848,-0.00658546104052,0.63302025435,0.0145347540981,0.0352222932695,0.00188649188261,canonical_close_only
2025-12-15,0.244755244755,0.0382651050481,0.0283770158684,0.868228119569,0.0131914400747,0.0325698737511,0.00134932826046,canonical_close_only
2025-12-22,0.188811188811,0.020992813087,0.0273994144443,0.75833234783,0.0163769879883,0.026155264393,0.00106545549154,canonical_close_only
2024-01-08,0.482517482517,0.00320268319198,0.0513292970065,0.691198033695,0.00908267153129,0.0433730705743,0.00251646140156,canonical_independent_5ch
2024-01-15,0.762237762238,0.0674421657276,0.131244760928,0.952760275,0.011434855959,0.0502103924302,0.00383236308728,canonical_independent_5ch
2024-01-22,-0.223776223776,0.00439958237843,0.0240981475973,0.512186428265,0.0152873027617,0.0306171274811,0.0023611873119,canonical_independent_5ch
2024-01-29,0.0769230769231,0.0128155638695,0.0404058714892,0.686719766301,0.0162908731696,0.0483618548002,0.00438198689648,canonical_independent_5ch
2024-02-05,-0.174825174825,-0.0225898423389,0.000347284909439,0.303332939132,0.016714428816,0.045903596547,0.00345220882515,canonical_independent_5ch
2024-02-12,-0.034965034965,0.0195824267163,-0.000405889503841,0.706614355436,0.0152872268284,0.0472871266278,0.00262668388787,canonical_independent_5ch
2024-02-19,0.363636363636,0.015253009745,0.0414830095385,0.749375813041,0.0143483220555,0.0270944611365,0.00182321902739,canonical_independent_5ch
2024-02-26,0.454545454545,0.0357311468173,0.0568231507559,0.769270402175,0.0177917508317,0.0367036356857,0.0027746178876,canonical_independent_5ch
2024-03-04,0.475524475524,0.0375115428734,0.0849935161937,0.816510127175,0.0200873818036,0.0444314670375,0.00318286663695,canonical_independent_5ch
2024-03-11,-0.300699300699,-0.0181830161969,-0.0349837217164,0.513177188043,0.0224145973443,0.055946807263,0.00416379313281,canonical_independent_5ch
2024-03-18,0.00699300699301,-0.0245628287866,-0.0146581215332,0.611144145658,0.0210727428569,0.0485321188696,0.00471914137415,canonical_independent_5ch
2024-03-25,-0.461538461538,-0.0342554742472,-0.0381988955946,0.240676892392,0.0229427789233,0.0410384480753,0.00282165376275,canonical_independent_5ch
2024-04-01,0.398601398601,0.0275062166143,0.0569687293987,0.67130344456,0.0209052686192,0.0278953373623,0.00153228690053,canonical_independent_5ch
2024-04-08,-0.496503496503,-0.010974123177,-0.0495087068572,0.454999408698,0.0197967916916,0.0416519458931,0.00205487049344,canonical_independent_5ch
2024-04-15,-0.132867132867,-0.0286607949483,-0.00568435266872,0.329687315218,0.0168689800654,0.0962516630603,0.0115859198077,canonical_independent_5ch
2024-04-22,-0.20979020979,-0.0104270411713,-0.0318168420366,0.673800192398,0.0153050221661,0.0782034763212,0.00839362639381,canonical_independent_5ch
2024-04-29,-0.181818181818,0.00476484444079,-0.0274171007013,0.674790952176,0.0125941385873,0.0351387404765,0.00205138142448,canonical_independent_5ch
2024-05-06,0.461538461538,0.00611561861825,0.046532495399,0.69567630109,0.0111540707236,0.026640430382,0.00110009895679,canonical_independent_5ch
2024-05-13,-0.237762237762,-0.0059796050718,-0.0161353816096,0.534062536956,0.0123514726676,0.0266747975073,0.00141317656459,canonical_independent_5ch
2024-05-20,0.0979020979021,0.00257060088302,0.0158013469607,0.658383870658,0.0121126186463,0.0323313121055,0.002344450686,canonical_independent_5ch
2024-05-27,0.258741258741,0.02373753054,0.0314694938101,0.7339594913,0.0128797121484,0.0291454769839,0.00132499786107,canonical_independent_5ch
2024-06-03,0.181818181818,0.0196854434281,0.0343757907869,0.690207273917,0.0124111707245,0.0366515444811,0.00197231013358,canonical_independent_5ch
2024-06-10,0.65034965035,0.0139114688347,0.0554323899912,0.791146510867,0.0111800161872,0.0507854114821,0.00556561972668,canonical_independent_5ch
2024-06-17,-0.706293706294,-0.0547148891609,-0.0797302856426,0.215313276084,0.0140830613989,0.0401512730569,0.00333118034423,canonical_independent_5ch
2024-06-24,-0.587412587413,-0.0247288480966,-0.0601459565335,0.282447590219,0.0106072405311,0.0315415289512,0.00165800010257,canonical_independent_5ch
2024-07-01,0.20979020979,-0.000117893795355,0.022434979425,0.565885940216,0.0115339747784,0.0583840183605,0.00803522852513,canonical_independent_5ch
2024-07-08,0.0979020979021,0.00897553879055,0.0176614348668,0.71109262283,0.0121976180388,0.0284682718238,0.00140238956732,canonical_independent_5ch
2024-07-15,-0.041958041958,0.0198934952264,0.0113272826409,0.737446998916,0.0134345124739,0.0930002878427,0.0107985468458,canonical_independent_5ch
2024-07-22,-0.34965034965,-0.00938601858057,-0.0206143133131,0.36697974565,0.016005552817,0.0594654784012,0.00443258836947,canonical_independent_5ch
2024-07-29,0.0699300699301,-0.00341692805325,0.0309924250176,0.582293021734,0.00964515670568,0.0515679300592,0.00442935013642,canonical_independent_5ch
2024-08-05,-0.195804195804,-0.0463469043312,-0.0254691716163,0.240676892392,0.0106833633658,0.0413446177587,0.00276602280144,canonical_independent_5ch
2024-08-12,0.041958041958,0.0213265856162,0.00306424914553,0.643958308696,0.0113718722289,0.0660247286386,0.00829830186536,canonical_independent_5ch
2024-08-19,0.356643356643,0.0190774528243,0.0211920277517,0.852811797829,0.0117405798804,0.0198416761764,0.00056323610096,canonical_independent_5ch
2024-08-26,0.181818181818,0.00474768788352,0.0257979315436,0.50770816087,0.0118704518263,0.0289834792456,0.00148763767158,canonical_independent_5ch
2024-09-02,0.293706293706,0.00658425574875,0.0339644105439,0.694685541311,0.0121877703376,0.0655938359193,0.00570040868419,canonical_independent_5ch
2024-09-09,-0.34965034965,-0.0380920278668,-0.0451267076068,0.449530381525,0.0133763499368,0.0851204581164,0.011385187182,canonical_independent_5ch
2024-09-16,0.496503496503,0.0141573223341,0.0312669965957,0.754844840214,0.015042002465,0.026551056412,0.000975234648705,canonical_independent_5ch
2024-09-23,-0.0559440559441,0.00776557265363,-0.0393832627387,0.763801375002,0.0136460635775,0.0416657627635,0.0050111131608,canonical_independent_5ch
2024-09-30,0.391608391608,0.00458519729028,0.036062017976,0.721039917397,0.00737575168099,0.0303346872952,0.00124168367618,canonical_independent_5ch
2024-10-07,-0.0979020979021,-0.00345558603967,-0.00567770961994,0.465937463044,0.00855732768114,0.0405050151528,0.00299227266875,canonical_independent_5ch
2024-10-14,-0.223776223776,0.0051901538589,0.000600907302219,0.50770816087,0.0086574195929,0.0304211939639,0.00129777893624,canonical_independent_5ch
2024-10-21,-0.27972027972,-0.0035045074841,-0.0738686128238,0.675781711955,0.00832832839547,0.0384321306712,0.00468442539246,canonical_independent_5ch
2024-10-28,-0.321678321678,-0.0121336670061,-0.0423077040123,0.465937463044,0.00874900647512,0.062680445124,0.00461533789084,canonical_independent_5ch
2024-11-04,0.587412587413,0.0682767589479,0.108194350923,0.890104228261,0.0076892250089,0.0640278581315,0.00865921927059,canonical_independent_5ch
2024-11-11,0.034965034965,0.0175611489239,0.000406982911261,0.790155751089,0.0124859230408,0.0657554609305,0.00604529286804,canonical_independent_5ch
2024-11-18,-0.027972027972,0.0216305527634,0.00918424750625,0.768279642397,0.0139651646485,0.0263716966617,0.00116430707973,canonical_independent_5ch
2024-11-25,-0.622377622378,-0.0148404471338,-0.0420501161612,0.371458013045,0.0155086642307,0.0381766983117,0.00185730831246,canonical_independent_5ch
2024-12-02,0.447552447552,0.0357030520969,0.0534193550052,0.815519367396,0.0120729907381,0.046943868129,0.00320508655117,canonical_independent_5ch
2024-12-09,0.335664335664,-0.00409367745504,0.070527903624,0.637498521744,0.0137537084582,0.0563863751567,0.00712923932806,canonical_independent_5ch
2024-12-16,0.188811188811,-0.0272065456616,-0.0136044582993,0.466928222822,0.0169776308267,0.0446675136361,0.00325827983892,canonical_independent_5ch
2024-12-23,0.153846153846,0.0156598404321,0.0258058819079,0.608647397821,0.0188513654232,0.0256566193247,0.000985407955417,canonical_independent_5ch
2024-12-30,-0.20979020979,-0.0396110645579,-0.0240334065357,0.293385644564,0.0207141793467,0.053289903757,0.00416094798527,canonical_independent_5ch
2025-01-06,-0.307692307692,-0.00223234571266,-0.007175748576,0.549478858697,0.0196060363896,0.0416578253693,0.00225997261964,canonical_independent_5ch
2025-01-13,0.153846153846,0.0323157955356,0.0504635038457,0.890104228261,0.0207691433034,0.0361452126483,0.00205528150478,canonical_independent_5ch
2025-01-20,-0.27972027972,-0.0398398693865,-0.0934234699583,0.381405307612,0.0205602096189,0.0811271754961,0.00993789868133,canonical_independent_5ch
2025-01-27,-0.034965034965,0.00563182437102,-0.0137808573286,0.601196851091,0.0164085813222,0.0661478636698,0.00638999544923,canonical_independent_5ch
2025-02-03,-0.356643356643,-0.0533814189841,-0.0699372114227,0.294376404343,0.0170984533094,0.0536455954753,0.00476733895119,canonical_independent_5ch
2025-02-10,-0.440559440559,-0.00600395413809,-0.0271009651971,0.560416913043,0.0128745840562,0.0371468106853,0.00227300205413,canonical_independent_5ch
2025-02-17,-0.433566433566,-0.0157629790942,-0.0439404709703,0.345103636958,0.0125992537663,0.0563399132437,0.00480352011946,canonical_independent_5ch
2025-02-24,0.251748251748,0.0302973674796,0.0357866693619,0.654896363042,0.0119458047376,0.0631380124987,0.00536122975165,canonical_independent_5ch
2025-03-03,-0.0559440559441,-0.0150943370115,-0.00727721092515,0.376927040218,0.0124511287933,0.0418137475081,0.00282501714127,canonical_independent_5ch
2025-03-10,-0.27972027972,-0.0258653308956,-0.0488799053963,0.470415730438,0.0120421407682,0.0446665844812,0.00317205255639,canonical_independent_5ch
2025-03-17,-0.195804195804,-0.00130167424731,-0.0222177116345,0.728490464127,0.0125572511542,0.0297214012538,0.00125577502278,canonical_independent_5ch
2025-03-24,-0.00699300699301,0.0126346921681,-0.0213469098889,0.759323107608,0.012745966928,0.0481249424811,0.00328594550902,canonical_independent_5ch
2025-03-31,-0.132867132867,-0.0363424916516,-0.0667993601199,0.550469618475,0.0132415427043,0.115151771004,0.0167326801944,canonical_independent_5ch
2025-04-07,-0.48951048951,-0.0612568571074,-0.103989338207,0.282447590219,0.0117531197857,0.104917892348,0.0160083775699,canonical_independent_5ch
2025-04-14,0.34965034965,0.0730390197989,0.0867469043555,0.916458604347,0.0110991094415,0.0606059148021,0.00488605601523,canonical_independent_5ch
2025-04-21,-0.867132867133,-0.048883989978,-0.0990806844385,0.172551818479,0.013965025655,0.11020144732,0.0151987143604,canonical_independent_5ch
2025-04-28,-0.391608391608,-0.0375089549444,-0.0721392864475,0.282447590219,0.00824806598102,0.0530722832989,0.00415509805249,canonical_independent_5ch
2025-05-05,-0.0839160839161,-0.0273967533458,-0.0173185462919,0.423176005439,0.00697574861019,0.0374595120486,0.00239393439759,canonical_independent_5ch
2025-05-12,-0.013986013986,-0.0292191292536,-0.012687888774,0.360519958699,0.00642129341439,0.102213044418,0.0130672941871,canonical_independent_5ch
2025-05-19,0.244755244755,0.00886662162513,0.0175237971323,0.700154568484,0.0065499280928,0.0353900788781,0.00164531414914,canonical_independent_5ch
2025-05-26,0.041958041958,0.00976178891118,0.0188331524905,0.587762048907,0.0119437189744,0.0330700832093,0.00174245055293,canonical_independent_5ch
2025-06-02,-0.027972027972,-0.0572169645559,-0.0524962745084,0.340625369564,0.0130132075018,0.0524573431047,0.00547414767348,canonical_independent_5ch
2025-06-09,0.153846153846,0.011513295338,0.00276708162762,0.650418095647,0.00939978049917,0.0353366035541,0.00195351037422,canonical_independent_5ch
2025-06-16,0.244755244755,0.0198269534402,0.0516716256249,0.763801375002,0.0103315662055,0.0324446361671,0.00201451473031,canonical_independent_5ch
2025-06-23,0.412587412587,0.0147823163107,0.0316768122927,0.71109262283,0.0110281600988,0.0475803426939,0.00326415631518,canonical_independent_5ch
2025-06-30,-0.223776223776,-0.0159529653951,-0.0464036290754,0.580311502177,0.0162567074175,0.0441420273976,0.0029744648289,canonical_independent_5ch
2025-07-07,0.0909090909091,0.0149838946045,0.0148907365629,0.654896363042,0.0157317524745,0.0280334055238,0.00105936443374,canonical_independent_5ch
2025-07-14,0.300699300699,9.35662579111e-05,0.0388482234197,0.525106002167,0.0152397616748,0.0341773346478,0.00245135490591,canonical_independent_5ch
2025-07-21,-0.223776223776,0.0138525450842,0.000185506007733,0.747394293484,0.019398297935,0.0325941349559,0.0015800364531,canonical_independent_5ch
2025-07-28,0.566433566434,0.0246027969832,0.0499991413978,0.863749852174,0.0173085448432,0.0428652446146,0.00245274270695,canonical_independent_5ch
2025-08-04,0.104895104895,0.006457810895,0.0621242745169,0.518646215216,0.014882815818,0.0572357341924,0.0061830838126,canonical_independent_5ch
2025-08-11,-0.153846153846,-0.00984919167749,-0.0375761497272,0.590258796745,0.013441415087,0.0234697329628,0.00179698262188,canonical_independent_5ch
2025-08-18,-0.72027972028,-0.0246757632303,-0.0657706856817,0.294376404343,0.0117942587903,0.0420313028952,0.00223716518329,canonical_independent_5ch
2025-08-25,-0.552447552448,-0.0159888036059,-0.0262707751547,0.261562241305,0.00994208599826,0.024546296007,0.000903794676683,canonical_independent_5ch
2025-09-01,0.020979020979,-0.0315258078621,-0.0222257195338,0.367970505429,0.00788876669382,0.0551415027006,0.00470545869635,canonical_independent_5ch
2025-09-08,0.0699300699301,-0.00699004793399,0.0178908340399,0.642967548917,0.00891277271504,0.0520952986818,0.00519246193769,canonical_independent_5ch
2025-09-15,0.118881118881,-0.00241639901895,0.0113896166305,0.519636974995,0.011178647156,0.0249083192826,0.00106974415554,canonical_independent_5ch
2025-09-22,-0.00699300699301,-0.00901009146423,-0.00734595376994,0.454999408698,0.0104137511691,0.0314904285861,0.00146375586732,canonical_independent_5ch
2025-09-29,-0.104895104895,0.019203733791,0.00977512811982,0.481353784784,0.0112011421774,0.0541614590704,0.00570198536123,canonical_independent_5ch
2025-10-06,-0.629370629371,-0.0352499453808,-0.021625663033,0.460468435871,0.0122127089027,0.0646777639611,0.00938246307818,canonical_independent_5ch
2025-10-13,0.825174825175,0.0493265106005,0.0781680394083,0.979114651087,0.0120969939382,0.0347214196602,0.00172009922472,canonical_independent_5ch
2025-10-20,0.0769230769231,0.0216983517265,0.0257060697569,0.79661553804,0.0157730044134,0.0239380009107,0.00077178753309,canonical_independent_5ch
2025-10-27,0.377622377622,0.00813155057077,0.0763029104498,0.564895180437,0.0184960841867,0.0362790232633,0.00241518398996,canonical_independent_5ch
2025-11-03,0.00699300699301,-0.00665614349199,-0.00917886629528,0.548488098918,0.0189542053402,0.0520169669523,0.00378885081698,canonical_independent_5ch
2025-11-10,0.398601398601,0.0540120242106,0.0623807944755,0.963698329346,0.0185021524284,0.030126148166,0.00157288803751,canonical_independent_5ch
2025-11-17,-0.0769230769231,-0.061106541194,-0.0478156028625,0.339634609785,0.0202946630285,0.0688036637826,0.00970049613791,canonical_independent_5ch
2025-11-24,0.195804195804,0.00940796694863,0.031151154274,0.700154568484,0.0179078115542,0.0545311843531,0.00453240311332,canonical_independent_5ch
2025-12-01,-0.391608391608,-0.0219932273014,-0.0273684375721,0.381405307612,0.0184527738913,0.0343882853638,0.00179076744692,canonical_independent_5ch
2025-12-08,0.307692307692,-0.00211091302848,-0.00658546104052,0.63302025435,0.0145790586982,0.0352502825729,0.00189052789256,canonical_independent_5ch
2025-12-15,0.244755244755,0.0382651050481,0.0283770158684,0.868228119569,0.0132044646919,0.032578875622,0.00134922327379,canonical_independent_5ch
2025-12-22,0.188811188811,0.020992813087,0.0273994144443,0.75833234783,0.0163786820952,0.026156585143,0.00106425272056,canonical_independent_5ch
2024-01-08,0.482517482517,0.00320268319198,0.0513292970065,0.691198033695,0.00905687322016,0.043446511185,0.00252320994504,canonical_mixing_5ch
2024-01-15,0.762237762238,0.0674421657276,0.131244760928,0.952760275,0.0114333472067,0.0502802552188,0.00384700305202,canonical_mixing_5ch
2024-01-22,-0.223776223776,0.00439958237843,0.0240981475973,0.512186428265,0.0153034017481,0.030603175478,0.0023586148483,canonical_mixing_5ch
2024-01-29,0.0769230769231,0.0128155638695,0.0404058714892,0.686719766301,0.01623540111,0.0483307826338,0.00438394038932,canonical_mixing_5ch
2024-02-05,-0.174825174825,-0.0225898423389,0.000347284909439,0.303332939132,0.0166745415077,0.0459492415411,0.00345897403582,canonical_mixing_5ch
2024-02-12,-0.034965034965,0.0195824267163,-0.000405889503841,0.706614355436,0.0152411134471,0.0472418944868,0.00262277361954,canonical_mixing_5ch
2024-02-19,0.363636363636,0.015253009745,0.0414830095385,0.749375813041,0.0142857162862,0.0271196040676,0.001829134228,canonical_mixing_5ch
2024-02-26,0.454545454545,0.0357311468173,0.0568231507559,0.769270402175,0.017775641676,0.036814686983,0.00279210106349,canonical_mixing_5ch
2024-03-04,0.475524475524,0.0375115428734,0.0849935161937,0.816510127175,0.0199636392694,0.0443346761099,0.00316732800446,canonical_mixing_5ch
2024-03-11,-0.300699300699,-0.0181830161969,-0.0349837217164,0.513177188043,0.0223363777264,0.0558041784225,0.00413873294422,canonical_mixing_5ch
2024-03-18,0.00699300699301,-0.0245628287866,-0.0146581215332,0.611144145658,0.0211220171886,0.0486305639852,0.00472925331394,canonical_mixing_5ch
2024-03-25,-0.461538461538,-0.0342554742472,-0.0381988955946,0.240676892392,0.0230068863619,0.0410901870202,0.00283049136576,canonical_mixing_5ch
2024-04-01,0.398601398601,0.0275062166143,0.0569687293987,0.67130344456,0.020857594854,0.027901560764,0.00153215858823,canonical_mixing_5ch
2024-04-08,-0.496503496503,-0.010974123177,-0.0495087068572,0.454999408698,0.0198292498291,0.0415728759631,0.00204901425362,canonical_mixing_5ch
2024-04-15,-0.132867132867,-0.0286607949483,-0.00568435266872,0.329687315218,0.0168973257483,0.0960320423451,0.0115409977768,canonical_mixing_5ch
2024-04-22,-0.20979020979,-0.0104270411713,-0.0318168420366,0.673800192398,0.0152639310448,0.0784079282976,0.00843865395923,canonical_mixing_5ch
2024-04-29,-0.181818181818,0.00476484444079,-0.0274171007013,0.674790952176,0.0126054477783,0.0350921298614,0.00204899736614,canonical_mixing_5ch
2024-05-06,0.461538461538,0.00611561861825,0.046532495399,0.69567630109,0.0111473905241,0.0266346592526,0.00109927647172,canonical_mixing_5ch
2024-05-13,-0.230769230769,-0.00389056929076,-0.0140463458286,0.55494788587,0.0123191022496,0.0268633838004,0.00143335546088,canonical_mixing_5ch
2024-05-20,0.0979020979021,0.00257060088302,0.0158013469607,0.658383870658,0.0120784826883,0.0324406871233,0.00235693533882,canonical_mixing_5ch
2024-05-27,0.258741258741,0.02373753054,0.0314694938101,0.7339594913,0.0129627883429,0.0290547571733,0.00132284254989,canonical_mixing_5ch
2024-06-03,0.181818181818,0.0196854434281,0.0343757907869,0.690207273917,0.0124018964536,0.0368695285362,0.00199597326799,canonical_mixing_5ch
2024-06-10,0.65034965035,0.0139114688347,0.0554323899912,0.791146510867,0.011164116224,0.050821343444,0.00557111026671,canonical_mixing_5ch
2024-06-17,-0.727272727273,-0.0547148891609,-0.0797302856426,0.215313276084,0.0141520295071,0.0402019466484,0.00333073331728,canonical_mixing_5ch
2024-06-24,-0.587412587413,-0.0247288480966,-0.0601459565335,0.282447590219,0.0104738794028,0.0313842251279,0.00164380357119,canonical_mixing_5ch
2024-07-01,0.20979020979,-0.000117893795355,0.022434979425,0.565885940216,0.0115555327705,0.0584251147463,0.00804161024831,canonical_mixing_5ch
2024-07-08,0.132867132867,0.00897553879055,0.0176614348668,0.71109262283,0.0121571978388,0.0283569129865,0.00139506679934,canonical_mixing_5ch
2024-07-15,-0.041958041958,0.0198934952264,0.0113272826409,0.737446998916,0.0133168231128,0.0926266017937,0.0107236343897,canonical_mixing_5ch
2024-07-22,-0.34965034965,-0.00938601858057,-0.0206143133131,0.36697974565,0.016053757339,0.0594119212926,0.00442526498975,canonical_mixing_5ch
2024-07-29,0.104895104895,-0.00341692805325,0.0309924250176,0.582293021734,0.00966486521504,0.051395759064,0.00440823365879,canonical_mixing_5ch
2024-08-05,-0.195804195804,-0.0463469043312,-0.0254691716163,0.240676892392,0.0106408532739,0.0413826285263,0.00277268184029,canonical_mixing_5ch
2024-08-12,0.041958041958,0.0213265856162,0.00306424914553,0.643958308696,0.011319687205,0.0661066615801,0.00830990655862,canonical_mixing_5ch
2024-08-19,0.328671328671,0.00917371980819,0.0112882947356,0.769270402175,0.0117955176232,0.0198417519875,0.000565502220438,canonical_mixing_5ch
2024-08-26,0.167832167832,0.00474768788352,0.0257979315436,0.50770816087,0.0118685467315,0.0287144241979,0.00146310940138,canonical_mixing_5ch
2024-09-02,0.27972027972,0.000391622973643,0.0277717777687,0.652914843485,0.0122244139823,0.0655549489342,0.00569232469112,canonical_mixing_5ch
2024-09-09,-0.34965034965,-0.0380920278668,-0.0451267076068,0.449530381525,0.0133887714578,0.0853952870032,0.0114473572207,canonical_mixing_5ch
2024-09-16,0.496503496503,0.0141573223341,0.0312669965957,0.754844840214,0.0150318818084,0.0267146744562,0.000985756697568,canonical_mixing_5ch
2024-09-23,-0.0559440559441,0.00776557265363,-0.0393832627387,0.763801375002,0.0136600442069,0.0417721334116,0.00502460064246,canonical_mixing_5ch
2024-09-30,0.391608391608,0.00458519729028,0.036062017976,0.721039917397,0.00737518091868,0.0304247449205,0.00124461835275,canonical_mixing_5ch
2024-10-07,-0.0979020979021,-0.00345558603967,-0.00567770961994,0.465937463044,0.00856849957755,0.04051996543,0.00299111056857,canonical_mixing_5ch
2024-10-14,-0.223776223776,0.0051901538589,0.000600907302219,0.50770816087,0.00867443609027,0.0304493315002,0.00129588990689,canonical_mixing_5ch
2024-10-21,-0.27972027972,-0.0035045074841,-0.0738686128238,0.675781711955,0.00826055084583,0.0383237100053,0.00468086275071,canonical_mixing_5ch
2024-10-28,-0.328671328671,-0.0121336670061,-0.0423077040123,0.465937463044,0.00877010512666,0.0626074280536,0.00460531885742,canonical_mixing_5ch
2024-11-04,0.559440559441,0.0682767589479,0.10376986757,0.890104228261,0.00760183260693,0.0642116233907,0.00869440383016,canonical_mixing_5ch
2024-11-11,0.034965034965,0.0175611489239,0.000406982911261,0.790155751089,0.0123706879469,0.0656261355332,0.00602985619889,canonical_mixing_5ch
2024-11-18,-0.027972027972,0.0216305527634,0.00918424750625,0.768279642397,0.013970584719,0.026423092068,0.00116743619663,canonical_mixing_5ch
2024-11-25,-0.622377622378,-0.0148404471338,-0.0420501161612,0.371458013045,0.0153949763085,0.0382486511492,0.00186076725185,canonical_mixing_5ch
2024-12-02,0.447552447552,0.0357030520969,0.0534193550052,0.815519367396,0.0121109740248,0.0469512291879,0.00320614398124,canonical_mixing_5ch
2024-12-09,0.335664335664,-0.00409367745504,0.070527903624,0.637498521744,0.0136548236676,0.0563209160891,0.00713802739554,canonical_mixing_5ch
2024-12-16,0.188811188811,-0.0272065456616,-0.0136044582993,0.466928222822,0.0167640397482,0.044531370055,0.00323882340674,canonical_mixing_5ch
2024-12-23,0.153846153846,0.0156598404321,0.0258058819079,0.608647397821,0.0188412710651,0.0257328141232,0.00098948044211,canonical_mixing_5ch
2024-12-30,-0.20979020979,-0.0396110645579,-0.0240334065357,0.293385644564,0.0206176314732,0.0532943897067,0.00415854483381,canonical_mixing_5ch
2025-01-06,-0.307692307692,-0.00223234571266,-0.007175748576,0.549478858697,0.0195405309744,0.0415487953731,0.00224553585802,canonical_mixing_5ch
2025-01-13,0.153846153846,0.0323157955356,0.0504635038457,0.890104228261,0.020653835908,0.0363200504292,0.00206428437957,canonical_mixing_5ch
2025-01-20,-0.27972027972,-0.0398398693865,-0.0934234699583,0.381405307612,0.0205776106012,0.0811911636582,0.00995322965808,canonical_mixing_5ch
2025-01-27,-0.034965034965,0.00563182437102,-0.0137808573286,0.601196851091,0.0163752219019,0.0659893157294,0.00635643569931,canonical_mixing_5ch
2025-02-03,-0.356643356643,-0.0533814189841,-0.0699372114227,0.294376404343,0.0170262801128,0.0535705122484,0.00475267627348,canonical_mixing_5ch
2025-02-10,-0.440559440559,-0.00600395413809,-0.0271009651971,0.560416913043,0.0128351528488,0.0371242259882,0.00227183446929,canonical_mixing_5ch
2025-02-17,-0.433566433566,-0.0157629790942,-0.0439404709703,0.345103636958,0.012535283078,0.0560245460154,0.00475558761886,canonical_mixing_5ch
2025-02-24,0.251748251748,0.0302973674796,0.0357866693619,0.654896363042,0.0119450698442,0.0631237760414,0.00535951557999,canonical_mixing_5ch
2025-03-03,-0.132867132867,-0.0150943370115,-0.00727721092515,0.376927040218,0.0124302391023,0.0418053826536,0.00282205086433,canonical_mixing_5ch
2025-03-10,-0.27972027972,-0.0258653308956,-0.0488799053963,0.470415730438,0.0120534712421,0.0445962709406,0.00317953844043,canonical_mixing_5ch
2025-03-17,-0.181818181818,0.0125463911376,-0.00836964624963,0.770261161954,0.0126533041136,0.0297792276283,0.00125933587951,canonical_mixing_5ch
2025-03-24,-0.00699300699301,0.0126346921681,-0.0213469098889,0.759323107608,0.0127367850413,0.0481114235353,0.00328321466438,canonical_mixing_5ch
2025-03-31,-0.132867132867,-0.0363424916516,-0.0667993601199,0.550469618475,0.0133463094435,0.114968296451,0.0166954598658,canonical_mixing_5ch
2025-04-07,-0.48951048951,-0.0612568571074,-0.103989338207,0.282447590219,0.0118442603089,0.105054017931,0.0160549233213,canonical_mixing_5ch
2025-04-14,0.34965034965,0.0730390197989,0.0867469043555,0.916458604347,0.0110876700871,0.0604832061979,0.00487211449889,canonical_mixing_5ch
2025-04-21,-0.867132867133,-0.048883989978,-0.0990806844385,0.172551818479,0.0140845340505,0.110580532945,0.0152966532532,canonical_mixing_5ch
2025-04-28,-0.370629370629,-0.0375089549444,-0.0721392864475,0.282447590219,0.00823803060902,0.0532763906997,0.00417705067268,canonical_mixing_5ch
2025-05-05,-0.181818181818,-0.0273967533458,-0.0173185462919,0.423176005439,0.00694022614883,0.0374682325698,0.00238870513957,canonical_mixing_5ch
2025-05-12,-0.013986013986,-0.0292191292536,-0.012687888774,0.360519958699,0.00646887389907,0.102830720531,0.0132173752533,canonical_mixing_5ch
2025-05-19,0.237762237762,0.00886662162513,0.0175237971323,0.700154568484,0.00654043468977,0.0351280915604,0.0016257087758,canonical_mixing_5ch
2025-05-26,0.041958041958,0.00976178891118,0.0188331524905,0.587762048907,0.0120133288272,0.0331451742606,0.00175082735357,canonical_mixing_5ch
2025-06-02,-0.027972027972,-0.0572169645559,-0.0524962745084,0.340625369564,0.0128865133868,0.0527499245856,0.00548551749038,canonical_mixing_5ch
2025-06-09,0.0979020979021,0.011513295338,0.00276708162762,0.606665878264,0.00937378126619,0.0353470926712,0.00196137664395,canonical_mixing_5ch
2025-06-16,0.216783216783,0.0108473013407,0.0426919735255,0.680259979349,0.0103929953582,0.0324413267292,0.00201568856292,canonical_mixing_5ch
2025-06-23,0.377622377622,-0.00448203039247,0.0124124655895,0.606665878264,0.0109237249484,0.0478075694931,0.00330253547633,canonical_mixing_5ch
2025-06-30,-0.223776223776,-0.0159529653951,-0.0464036290754,0.580311502177,0.0162717089664,0.0440444805105,0.00296028989152,canonical_mixing_5ch
2025-07-07,0.0909090909091,0.0149838946045,0.0148907365629,0.654896363042,0.0156885238492,0.0279142902303,0.00104959424235,canonical_mixing_5ch
2025-07-14,0.265734265734,9.35662579111e-05,0.00771907349932,0.525106002167,0.0152414316026,0.0341809843004,0.0024467348661,canonical_mixing_5ch
2025-07-21,-0.223776223776,0.0138525450842,0.000185506007733,0.747394293484,0.0193884857117,0.0325318965184,0.00157031937271,canonical_mixing_5ch
2025-07-28,0.566433566434,0.0246027969832,0.0499991413978,0.863749852174,0.0173677583118,0.0428105287341,0.00244733994516,canonical_mixing_5ch
2025-08-04,0.104895104895,0.006457810895,0.0621242745169,0.518646215216,0.0148188216354,0.0573012426202,0.00619080064662,canonical_mixing_5ch
2025-08-11,-0.153846153846,-0.00984919167749,-0.0375761497272,0.590258796745,0.0135711476324,0.0235720987521,0.00180542737852,canonical_mixing_5ch
2025-08-18,-0.72027972028,-0.0246757632303,-0.0657706856817,0.294376404343,0.011848562152,0.0419995476049,0.00223377711003,canonical_mixing_5ch
2025-08-25,-0.566433566434,-0.0159888036059,-0.0262707751547,0.261562241305,0.00991565696703,0.0244757070107,0.000898152066972,canonical_mixing_5ch
2025-09-01,0.020979020979,-0.0315258078621,-0.0222257195338,0.367970505429,0.00791447981125,0.0552468877406,0.00471515049492,canonical_mixing_5ch
2025-09-08,0.0699300699301,-0.00699004793399,0.0178908340399,0.642967548917,0.00883260158302,0.0522360139106,0.00522148170106,canonical_mixing_5ch
2025-09-15,0.118881118881,-0.00241639901895,0.0113896166305,0.519636974995,0.0111316816573,0.0249774508548,0.00107031137184,canonical_mixing_5ch
2025-09-22,-0.041958041958,-0.0297268885569,-0.0280627508626,0.350572664131,0.0104135414401,0.0314777684368,0.00145477737787,canonical_mixing_5ch
2025-09-29,-0.104895104895,0.019203733791,0.00977512811982,0.481353784784,0.0111357712588,0.0541415092357,0.00570377741789,canonical_mixing_5ch
2025-10-06,-0.629370629371,-0.0352499453808,-0.021625663033,0.460468435871,0.0121705812491,0.0645070963005,0.00937756574594,canonical_mixing_5ch
2025-10-13,0.804195804196,0.0493265106005,0.0781680394083,0.979114651087,0.0120278280429,0.0349319714744,0.00173801539764,canonical_mixing_5ch
2025-10-20,0.0769230769231,0.0216983517265,0.0257060697569,0.79661553804,0.0156767046283,0.0240147362816,0.000780145555474,canonical_mixing_5ch
2025-10-27,0.377622377622,0.00813155057077,0.0763029104498,0.564895180437,0.018479184623,0.0363136552142,0.00241595393795,canonical_mixing_5ch
2025-11-03,0.00699300699301,-0.00665614349199,-0.00917886629528,0.548488098918,0.0188290770187,0.0518470707358,0.00375216252959,canonical_mixing_5ch
2025-11-10,0.398601398601,0.0540120242106,0.0623807944755,0.963698329346,0.0184286156954,0.0300452824725,0.00156506051995,canonical_mixing_5ch
2025-11-17,-0.0769230769231,-0.061106541194,-0.0478156028625,0.339634609785,0.0202052499555,0.0686364246059,0.00965758798305,canonical_mixing_5ch
2025-11-24,0.195804195804,0.00940796694863,0.031151154274,0.700154568484,0.0179442459942,0.0547818363157,0.00456750637169,canonical_mixing_5ch
2025-12-01,-0.391608391608,-0.0219932273014,-0.0273684375721,0.381405307612,0.0184465974533,0.034368986715,0.00178627895349,canonical_mixing_5ch
2025-12-08,0.307692307692,-0.00211091302848,-0.00658546104052,0.63302025435,0.0145082065675,0.0350434436709,0.00187466994311,canonical_mixing_5ch
2025-12-15,0.272727272727,0.0382651050481,0.0283770158684,0.890104228261,0.0131057754495,0.0325740866771,0.00135245609397,canonical_mixing_5ch
2025-12-22,0.202797202797,0.020992813087,0.0312167098449,0.75833234783,0.016327328292,0.0261601389876,0.00106241819577,canonical_mixing_5ch
2024-01-08,-0.181818181818,-0.0414560865205,-0.0517799423961,0.367970505429,0.166972156901,0.274446324666,0.109959396438,canonical_close_only__listnet
2024-01-15,0.412587412587,0.0157171063012,0.0507707740672,0.694685541311,0.147349367098,0.306792371065,0.109275257369,canonical_close_only__listnet
2024-01-22,-0.125874125874,0.00439958237843,-0.0189232133745,0.545000591302,0.148343872517,0.348572606647,0.144498849376,canonical_close_only__listnet
2024-01-29,0.475524475524,0.00270439827268,0.0327554127892,0.764792134781,0.0683603785285,0.198822157159,0.0458790210913,canonical_close_only__listnet
2024-02-05,-0.0909090909091,-0.0365933007755,-0.0111787856181,0.297863911959,0.12316138993,0.287769132372,0.102072927602,canonical_close_only__listnet
2024-02-12,0.517482517483,0.0451517390408,0.0818144153382,0.916458604347,0.0668982542169,0.255266868144,0.0683956162177,canonical_close_only__listnet
2024-02-19,0.300699300699,-0.0154060111855,0.00925551778547,0.564895180437,0.104164054106,0.274789023021,0.0867640099228,canonical_close_only__listnet
2024-02-26,0.762237762238,0.0396168686418,0.0750444177752,0.79661553804,0.220733351723,0.31095763014,0.131660217205,canonical_close_only__listnet
2024-03-04,0.167832167832,0.0375115428734,0.047531146432,0.770261161954,0.188851072093,0.411681761246,0.201897069036,canonical_close_only__listnet
2024-03-11,-0.685314685315,-0.0181830161969,-0.0604138955284,0.377917799996,0.204290730424,0.398549534402,0.20879098908,canonical_close_only__listnet
2024-03-18,0.335664335664,0.0185181361667,0.0493480967876,0.555938645648,0.178691170325,0.304018684892,0.125084358381,canonical_close_only__listnet
2024-03-25,-0.27972027972,-0.0296620258838,-0.0205325003705,0.276978563046,0.19588429383,0.409769255254,0.209453044262,canonical_close_only__listnet
2024-04-01,0.041958041958,0.0175707013177,0.0113370164417,0.629532746734,0.152495844386,0.346155540285,0.143970708864,canonical_close_only__listnet
2024-04-08,-0.34965034965,-0.0151799228319,-0.0242688252329,0.309792726083,0.226870190925,0.412189705892,0.22165458816,canonical_close_only__listnet
2024-04-15,-0.601398601399,-0.0197809041531,-0.0581898455683,0.419688497823,0.198085877029,0.479007817276,0.276824716614,canonical_close_only__listnet
2024-04-22,0.503496503497,0.063897551778,0.114439029349,0.832917208694,0.178381275104,0.362087346845,0.154097959025,canonical_close_only__listnet
2024-04-29,-0.0629370629371,0.00342693767803,-0.0123448164091,0.653905603263,0.212816628909,0.424790389191,0.223980578702,canonical_close_only__listnet
2024-05-06,0.195804195804,0.00622699465288,0.0139094413145,0.716561650003,0.258646339968,0.421899962061,0.240419842303,canonical_close_only__listnet
2024-05-13,0.433566433566,0.0161524368041,0.0233995646696,0.713074142387,0.241127424576,0.384301267584,0.198312091798,canonical_close_only__listnet
2024-05-20,0.132867132867,-0.00651367462238,0.0233279097077,0.55494788587,0.245676653581,0.377411203807,0.196264201751,canonical_close_only__listnet
2024-05-27,0.0629370629371,0.0217181829805,0.0205861171996,0.67130344456,0.238392672804,0.404726712359,0.215787999625,canonical_close_only__listnet
2024-06-03,0.328671328671,0.000872149838411,0.0288053172431,0.622082200004,0.138673616858,0.354423213035,0.13877966164,canonical_close_only__listnet
2024-06-10,0.0559440559441,-0.0366333298417,-0.00396208030999,0.409741203255,0.134941818984,0.297272908533,0.111144486363,canonical_close_only__listnet
2024-06-17,-0.328671328671,-0.0113529081229,-0.0468104382742,0.63302025435,0.174546332995,0.403093298143,0.198695867454,canonical_close_only__listnet
2024-06-24,-0.356643356643,-0.0068444934813,-0.0160823991858,0.402290656525,0.124384494056,0.322181615753,0.122566955016,canonical_close_only__listnet
2024-07-01,0.545454545455,0.0699590939094,0.123938093936,0.815519367396,0.184175159258,0.294117279039,0.101114064128,canonical_close_only__listnet
2024-07-08,0.13986013986,0.00227353630455,0.00210865494565,0.50770816087,0.153791399898,0.361697930656,0.152234693149,canonical_close_only__listnet
2024-07-15,-0.559440559441,-0.019245420066,-0.0765928133314,0.449530381525,0.226817447474,0.460887444733,0.271841119755,canonical_close_only__listnet
2024-07-22,-0.496503496503,-0.023788875093,-0.0386835983887,0.268022028257,0.184299577594,0.400170324222,0.196899679554,canonical_close_only__listnet
2024-07-29,-0.65034965035,-0.0247181631864,-0.0583079114826,0.371458013045,0.251472630862,0.467337969523,0.294322964619,canonical_close_only__listnet
2024-08-05,-0.146853146853,-0.0305679661252,-0.0074736984787,0.320730780429,0.247172951869,0.411364574043,0.232637372268,canonical_close_only__listnet
2024-08-12,0.601398601399,0.0356066454799,0.0776420797833,0.775730189127,0.186961274952,0.353327694087,0.14822801021,canonical_close_only__listnet
2024-08-19,0.314685314685,0.0144866620804,0.0216972276039,0.831926448915,0.230911856426,0.416370531833,0.220999800902,canonical_close_only__listnet
2024-08-26,-0.839160839161,-0.0355925597452,-0.0623780006495,0.198906194565,0.224949109291,0.471279303746,0.279035094118,canonical_close_only__listnet
2024-09-02,-0.559440559441,-0.0428920257875,-0.0559944857398,0.236198624998,0.241446018163,0.52774274779,0.34258521829,canonical_close_only__listnet
2024-09-09,0.58041958042,0.0790627450358,0.123915248039,0.920936871741,0.210209745411,0.314790419719,0.126975198484,canonical_close_only__listnet
2024-09-16,-0.447552447552,-0.00949840079646,-0.01377534474,0.527602750005,0.350768961688,0.551447687919,0.421713567574,canonical_close_only__listnet
2024-09-23,0.531468531469,0.0197140070396,0.0542492276083,0.717552409781,0.385049889491,0.592632466665,0.478090872741,canonical_close_only__listnet
2024-09-30,0.041958041958,-0.00458168702385,-0.00754325689935,0.503229893476,0.286744257964,0.552603936216,0.386579613459,canonical_close_only__listnet
2024-10-07,0.328671328671,-0.0135099442498,-0.00121782683618,0.732968731522,0.279254975631,0.484600225398,0.30691063157,canonical_close_only__listnet
2024-10-14,0.272727272727,0.0238488110101,0.0127845891899,0.81203185978,0.214916253338,0.453922322665,0.246916994628,canonical_close_only__listnet
2024-10-21,-0.0629370629371,-0.028542455205,-0.0242255370485,0.527602750005,0.261951278164,0.46719837537,0.284775976598,canonical_close_only__listnet
2024-10-28,-0.559440559441,-0.0121336670061,-0.0514313834362,0.460468435871,0.221506767926,0.470638211028,0.274522423525,canonical_close_only__listnet
2024-11-04,0.755244755245,0.0947008319934,0.130171192744,1,0.191044295151,0.285923502223,0.100301175629,canonical_close_only__listnet
2024-11-11,-0.300699300699,-0.0202687108867,-0.0394279744521,0.627551227177,0.223542888076,0.446426144204,0.251986303481,canonical_close_only__listnet
2024-11-18,0.468531468531,0.0447299985496,0.0508003666457,1,0.17829505665,0.24017897182,0.0785621237707,canonical_close_only__listnet
2024-11-25,-0.664335664336,-0.0189640174295,-0.0454154870082,0.372448772823,0.154641201605,0.300435368905,0.118685483629,canonical_close_only__listnet
2024-12-02,0.265734265734,0.00681903944059,0.0220013135824,0.674790952176,0.270692835351,0.346279945408,0.176053876765,canonical_close_only__listnet
2024-12-09,0.223776223776,0.105334849321,0.126665726171,0.920936871741,0.297977225641,0.353085046735,0.195601002132,canonical_close_only__listnet
2024-12-16,-0.188811188811,0.00678468938572,-0.00945219062225,0.613125665215,0.225442388725,0.400276594697,0.211862826453,canonical_close_only__listnet
2024-12-23,0.195804195804,0.0228601397193,0.0216105959446,0.692188793474,0.155946273575,0.323974042952,0.127154405995,canonical_close_only__listnet
2024-12-30,0.188811188811,-0.00625438103435,0.0291274219643,0.504220653254,0.403706578268,0.539631593046,0.442380743964,canonical_close_only__listnet
2025-01-06,-0.111888111888,-0.00223234571266,-0.0163064187731,0.549478858697,0.220669428284,0.337022449451,0.160605972917,canonical_close_only__listnet
2025-01-13,0.615384615385,0.0469508886673,0.0514042964412,0.994530972827,0.339937261719,0.438119825475,0.281410481806,canonical_close_only__listnet
2025-01-20,-0.832167832168,-0.0788605709961,-0.11639762189,0.225260570652,0.283302499603,0.487527057651,0.349980745734,canonical_close_only__listnet
2025-01-27,-0.41958041958,-0.0393135147336,-0.0645395970037,0.377917799996,0.241684286364,0.47152411505,0.290867827253,canonical_close_only__listnet
2025-02-03,-0.048951048951,-0.018988874911,-0.0164547723426,0.485832052178,0.188787533849,0.369685816339,0.175933572927,canonical_close_only__listnet
2025-02-10,0.34965034965,0.020757560517,0.0554678892254,0.721039917397,0.25947847041,0.46679711457,0.274085327537,canonical_close_only__listnet
2025-02-17,-0.307692307692,-0.0156744409221,-0.0385325472701,0.435104819563,0.139281482386,0.391780523907,0.176720503704,canonical_close_only__listnet
2025-02-24,-0.727272727273,-0.0419277841554,-0.0805183194032,0.346094396737,0.227422371396,0.397469781921,0.217845789594,canonical_close_only__listnet
2025-03-03,-0.223776223776,-0.0104088208467,-0.0105352071014,0.470415730438,0.460757436651,0.688679369177,0.681295002041,canonical_close_only__listnet
2025-03-10,0.356643356643,0.033732551923,0.0279567049957,0.775730189127,0.200601098739,0.388301437651,0.182819388477,canonical_close_only__listnet
2025-03-17,-0.391608391608,-0.0383986412501,-0.0401295188328,0.209844248911,0.228695072889,0.446755399403,0.255963276676,canonical_close_only__listnet
2025-03-24,-0.398601398601,-0.0066720567487,-0.0362202365709,0.611144145658,0.166112569632,0.337621654719,0.141889154477,canonical_close_only__listnet
2025-03-31,-0.412587412587,-0.0414592043667,-0.0855776425655,0.360519958699,0.159629366254,0.458991978694,0.244214209279,canonical_close_only__listnet
2025-04-07,0.342657342657,-0.00880364056519,0.0325464760455,0.534062536956,0.212683974439,0.379815090453,0.184299761822,canonical_close_only__listnet
2025-04-14,-0.503496503497,-0.0362710962862,-0.109310116085,0.383386827169,0.338085420968,0.871550023381,0.889958078746,canonical_close_only__listnet
2025-04-21,0.832167832168,0.0521157688314,0.0938739624707,0.920936871741,0.381006383244,0.651002098042,0.532258537458,canonical_close_only__listnet
2025-04-28,0.0769230769231,-0.000734642727492,0.0194683592974,0.58578052935,0.276111863242,0.602850343844,0.434860754484,canonical_close_only__listnet
2025-05-05,0.79020979021,0.0428582848031,0.0702550381489,0.931874926087,0.335731714132,0.841854230441,0.79114869361,canonical_close_only__listnet
2025-05-12,0.692307692308,0.0429904938727,0.0900116749285,0.894582495655,0.134940667014,0.256665301876,0.0766870261367,canonical_close_only__listnet
2025-05-19,-0.286713286713,-0.0141590470007,-0.0310561667023,0.407759683698,0.207274306399,0.580614343797,0.380387592898,canonical_close_only__listnet
2025-05-26,0.447552447552,0.00976178891118,0.0355753969313,0.560416913043,0.155181675523,0.361941956543,0.151154271535,canonical_close_only__listnet
2025-06-02,0.223776223776,-0.0139722129164,-0.000622197471418,0.545991351081,0.237031631824,0.559261377817,0.373478122286,canonical_close_only__listnet
2025-06-09,0.13986013986,0.0300429331206,0.0249577788323,0.78916499131,0.337413154633,0.704248308301,0.590249029851,canonical_close_only__listnet
2025-06-16,0.587412587413,0.0616782811995,0.0926146584401,0.958229302173,0.243380007702,0.520658214008,0.312002436588,canonical_close_only__listnet
2025-06-23,0.244755244755,0.0214363938974,0.0465379724167,0.629532746734,0.0980225283763,0.261642435864,0.0782372506078,canonical_close_only__listnet
2025-06-30,-0.65034965035,-0.0525105405117,-0.0673139008655,0.157135496739,0.263692018016,0.64125967188,0.490899077688,canonical_close_only__listnet
2025-07-07,0.188811188811,0.0140080063484,0.0112342291099,0.629532746734,0.208308315782,0.628212057673,0.433325453744,canonical_close_only__listnet
2025-07-14,0.405594405594,0.0063689263632,0.00676191733753,0.79661553804,0.123429356441,0.313699204876,0.1107607223,canonical_close_only__listnet
2025-07-21,-0.167832167832,-0.0191643262238,-0.0175223621155,0.399793908688,0.241720033946,0.425464457928,0.240203264369,canonical_close_only__listnet
2025-07-28,0.0979020979021,0.0100786171428,0.00807097467347,0.774739429348,0.10387795032,0.261096329937,0.0785587700588,canonical_close_only__listnet
2025-08-04,0.00699300699301,-0.0531189495935,-0.055900067467,0.548488098918,0.128141307938,0.264522326897,0.0927427328364,canonical_close_only__listnet
2025-08-11,0.230769230769,-0.004823925697,-0.0242063349928,0.561407672821,0.0916098066682,0.26339334671,0.0792162402807,canonical_close_only__listnet
2025-08-18,-0.265734265734,-0.0100968893212,-0.0234247350797,0.394324881515,0.193873443198,0.395490114066,0.192807533694,canonical_close_only__listnet
2025-08-25,-0.678321678322,-0.0149492237229,-0.0389026082454,0.339634609785,0.212268761303,0.435384214023,0.236973574642,canonical_close_only__listnet
2025-09-01,0.258741258741,0.0194340693132,0.0604309009449,0.69567630109,0.15888211287,0.246469428825,0.0860137364381,canonical_close_only__listnet
2025-09-08,0.622377622378,0.0680794188875,0.113692868211,0.92192763152,0.133997903155,0.238962045653,0.0673126333486,canonical_close_only__listnet
2025-09-15,-0.146853146853,0.0150288679244,0.00806547746152,0.587762048907,0.10454452891,0.34002465267,0.12770705041,canonical_close_only__listnet
2025-09-22,-0.202797202797,0.00509490484341,0.0142292573472,0.514167947822,0.11800521116,0.248477655207,0.0764219409072,canonical_close_only__listnet
2025-09-29,0.440559440559,0.0317035618305,0.0719935704596,0.713074142387,0.0961521467178,0.31444271564,0.107542353176,canonical_close_only__listnet
2025-10-06,0.0839160839161,0.0884961842641,0.102120466612,0.85927158478,0.147832712573,0.323498353581,0.122713373498,canonical_close_only__listnet
2025-10-13,0.566433566434,0.0511157337254,0.0759084936647,0.98458367826,0.234956246731,0.416360829927,0.214404776287,canonical_close_only__listnet
2025-10-20,0.160839160839,0.0216983517265,0.026962927869,0.81203185978,0.209444453594,0.311796912134,0.130699912792,canonical_close_only__listnet
2025-10-27,0.216783216783,0.00813155057077,0.0260922180212,0.534062536956,0.373744085164,0.500944575948,0.377446603795,canonical_close_only__listnet
2025-11-03,-0.552447552448,-0.00665614349199,-0.0466372500687,0.350572664131,0.249159216771,0.490537403454,0.308211956781,canonical_close_only__listnet
2025-11-10,0.041958041958,0.0104313723522,0.00173775464139,0.764792134781,0.299777913727,0.495804120192,0.327115927799,canonical_close_only__listnet
2025-11-17,-0.132867132867,-0.0832280947875,-0.0720806065048,0.24166765217,0.173597619767,0.431178002897,0.225792002395,canonical_close_only__listnet
2025-11-24,0.657342657343,0.0524582415822,0.0893166272152,0.85927158478,0.247175522595,0.399357728962,0.202269626955,canonical_close_only__listnet
2025-12-01,0.132867132867,0.0174430272372,0.0252543014714,0.63302025435,0.22429295398,0.363136896178,0.176563680557,canonical_close_only__listnet
2025-12-08,-0.321678321678,-0.015781086898,-0.0403790876284,0.493282598908,0.279343699773,0.488557645991,0.314900536109,canonical_close_only__listnet
2025-12-15,0.608391608392,0.0382651050481,0.0590457198918,0.775730189127,0.178173034792,0.308418607485,0.118745988453,canonical_close_only__listnet
2025-12-22,0.27972027972,0.0282232145797,0.0299904404274,0.7339594913,0.29780419892,0.415546970516,0.249599641238,canonical_close_only__listnet
2024-01-08,,,,,0,0.0498328027994,0.00323672248016,zero_return
2024-01-15,,,,,0,0.0618264368323,0.00561875935606,zero_return
2024-01-22,,,,,0,0.0318684763392,0.00225703658151,zero_return
2024-01-29,,,,,0,0.0445707202797,0.00485481452736,zero_return
2024-02-05,,,,,0,0.0475100109577,0.00415284909301,zero_return
2024-02-12,,,,,0,0.0353007475949,0.00163499355228,zero_return
2024-02-19,,,,,0,0.032051096757,0.00237533499878,zero_return
2024-02-26,,,,,0,0.0513234212262,0.00419763812686,zero_return
2024-03-04,,,,,0,0.0456005690611,0.00339261919234,zero_return
2024-03-11,,,,,0,0.0394469505945,0.00210186526459,zero_return
2024-03-18,,,,,0,0.0569671762189,0.0053405951091,zero_return
2024-03-25,,,,,0,0.0299752830863,0.00192818619081,zero_return
2024-04-01,,,,,0,0.0343882329706,0.00177999646456,zero_return
2024-04-08,,,,,0,0.0220347492435,0.000740934838462,zero_return
2024-04-15,,,,,0,0.0795706329184,0.00826184971827,zero_return
2024-04-22,,,,,0,0.0756611421095,0.00800902427242,zero_return
2024-04-29,,,,,0,0.0296077767247,0.00159850776526,zero_return
2024-05-06,,,,,0,0.031563806359,0.00149869054727,zero_return
2024-05-13,,,,,0,0.0336667321616,0.00153655131905,zero_return
2024-05-20,,,,,0,0.0345395888787,0.00276446718992,zero_return
2024-05-27,,,,,0,0.0272333095377,0.00123481866477,zero_return
2024-06-03,,,,,0,0.0411341181831,0.00259843894349,zero_return
2024-06-10,,,,,0,0.0613545757287,0.00712368333621,zero_return
2024-06-17,,,,,0,0.0309957242193,0.00183130871895,zero_return
2024-06-24,,,,,0,0.0263875128523,0.00119288461636,zero_return
2024-07-01,,,,,0,0.0696748324545,0.00963005217338,zero_return
2024-07-08,,,,,0,0.026966906549,0.00115914334933,zero_return
2024-07-15,,,,,0,0.0743177069816,0.00762129812693,zero_return
2024-07-22,,,,,0,0.0426593651669,0.00228163051049,zero_return
2024-07-29,,,,,0,0.0450969313966,0.00367065676292,zero_return
2024-08-05,,,,,0,0.0375297219282,0.00272353744151,zero_return
2024-08-12,,,,,0,0.0698853937008,0.00833537194384,zero_return
2024-08-19,,,,,0,0.0204190336343,0.000666375132398,zero_return
2024-08-26,,,,,0,0.0244194817623,0.00114681618955,zero_return
2024-09-02,,,,,0,0.0617182069558,0.00522917414212,zero_return
2024-09-09,,,,,0,0.081527166718,0.0105012341536,zero_return
2024-09-16,,,,,0,0.0255643308554,0.000984692346896,zero_return
2024-09-23,,,,,0,0.0409540554788,0.00419713074338,zero_return
2024-09-30,,,,,0,0.0323696578298,0.0014257979525,zero_return
2024-10-07,,,,,0,0.0375444716612,0.0026918486542,zero_return
2024-10-14,,,,,0,0.0261650030347,0.001070435692,zero_return
2024-10-21,,,,,0,0.0346385476108,0.0044304641824,zero_return
2024-10-28,,,,,0,0.0506105944015,0.00314380865425,zero_return
2024-11-04,,,,,0,0.0727985406315,0.0105072160792,zero_return
2024-11-11,,,,,0,0.0560028659601,0.00500758965184,zero_return
2024-11-18,,,,,0,0.0268058181516,0.00152695772828,zero_return
2024-11-25,,,,,0,0.0348341738795,0.00148163363058,zero_return
2024-12-02,,,,,0,0.0563181156632,0.00451588859048,zero_return
2024-12-09,,,,,0,0.0606301864981,0.008309701159,zero_return
2024-12-16,,,,,0,0.036818063182,0.00227641212104,zero_return
2024-12-23,,,,,0,0.0208856681085,0.000839389801583,zero_return
2024-12-30,,,,,0,0.0468677640133,0.00339109081637,zero_return
2025-01-06,,,,,0,0.031478407758,0.00151543961075,zero_return
2025-01-13,,,,,0,0.0420154289733,0.00250500912251,zero_return
2025-01-20,,,,,0,0.0736919020483,0.00804151549366,zero_return
2025-01-27,,,,,0,0.0620686870981,0.00563322149395,zero_return
2025-02-03,,,,,0,0.0484909555255,0.00351447347723,zero_return
2025-02-10,,,,,0,0.0343980613131,0.00194755332554,zero_return
2025-02-17,,,,,0,0.0502062946296,0.00336164278998,zero_return
2025-02-24,,,,,0,0.0591050227057,0.00483759892538,zero_return
2025-03-03,,,,,0,0.0363370046061,0.0024533408884,zero_return
2025-03-10,,,,,0,0.0436610510369,0.00296561379649,zero_return
2025-03-17,,,,,0,0.0255810339333,0.000932946216116,zero_return
2025-03-24,,,,,0,0.0474552163748,0.00315247442578,zero_return
2025-03-31,,,,,0,0.124816764734,0.0184837106502,zero_return
2025-04-07,,,,,0,0.0845331226803,0.0110962661754,zero_return
2025-04-14,,,,,0,0.0751548617946,0.00675628081317,zero_return
2025-04-21,,,,,0,0.0925336124142,0.0104817797802,zero_return
2025-04-28,,,,,0,0.0451756523126,0.00323435838264,zero_return
2025-05-05,,,,,0,0.0362979615204,0.00217063745034,zero_return
2025-05-12,,,,,0,0.0946194190158,0.0113612406946,zero_return
2025-05-19,,,,,0,0.0335899231738,0.00163897488684,zero_return
2025-05-26,,,,,0,0.0357161926891,0.00192981269484,zero_return
2025-06-02,,,,,0,0.0554773244629,0.00519395610914,zero_return
2025-06-09,,,,,0,0.0352547951598,0.00229240163646,zero_return
2025-06-16,,,,,0,0.0395998786273,0.0025566577436,zero_return
2025-06-23,,,,,0,0.0541002090419,0.00442811813937,zero_return
2025-06-30,,,,,0,0.0261136976944,0.00140534253572,zero_return
2025-07-07,,,,,0,0.0178344259689,0.000591807897047,zero_return
2025-07-14,,,,,0,0.0398936140802,0.00215659383796,zero_return
2025-07-21,,,,,0,0.0278616430863,0.00107360453443,zero_return
2025-07-28,,,,,0,0.033028377451,0.0015226365173,zero_return
2025-08-04,,,,,0,0.0665468760839,0.0073328782378,zero_return
2025-08-11,,,,,0,0.0210891594887,0.00144238166914,zero_return
2025-08-18,,,,,0,0.0281398367153,0.000968817069636,zero_return
2025-08-25,,,,,0,0.0194246797547,0.000464787721854,zero_return
2025-09-01,,,,,0,0.0570868797656,0.00520277378125,zero_return
2025-09-08,,,,,0,0.0606807281352,0.00633925372561,zero_return
2025-09-15,,,,,0,0.0294994350041,0.00136467441411,zero_return
2025-09-22,,,,,0,0.0295030370988,0.000996147561337,zero_return
2025-09-29,,,,,0,0.054080733822,0.00634141076702,zero_return
2025-10-06,,,,,0,0.0512453701662,0.00865406187385,zero_return
2025-10-13,,,,,0,0.0467189173952,0.0033529877142,zero_return
2025-10-20,,,,,0,0.0320295295667,0.00165953851078,zero_return
2025-10-27,,,,,0,0.0445199650278,0.00315792207504,zero_return
2025-11-03,,,,,0,0.047983039662,0.00288240729141,zero_return
2025-11-10,,,,,0,0.0331421726599,0.00191879430283,zero_return
2025-11-17,,,,,0,0.0587212169767,0.00635507790147,zero_return
2025-11-24,,,,,0,0.061079353813,0.00612096320963,zero_return
2025-12-01,,,,,0,0.0219133986624,0.000915072497539,zero_return
2025-12-08,,,,,0,0.0258988593896,0.00109520762869,zero_return
2025-12-15,,,,,0,0.0321528350318,0.00171293947328,zero_return
2025-12-22,,,,,0,0.0279789325457,0.00161225796403,zero_return
2024-01-08,0.440559440559,0.000886111763744,0.0227872927046,0.754844840214,0.00311900678862,0.0464382691187,0.00285619550416,historical_mean
2024-01-15,0.230769230769,0.0181259078378,0.00783547056412,0.713074142387,0.00314535188334,0.0587244556036,0.0050236214629,historical_mean
2024-01-22,-0.447552447552,-0.0393235072402,-0.0628456075548,0.539531564129,0.00314535188334,0.0287699289714,0.00231547819752,historical_mean
2024-01-29,0.391608391608,0.0159085084156,-0.0218390261855,0.728490464127,0.00314004984744,0.0432393926328,0.00458618359462,historical_mean
2024-02-05,0.153846153846,-0.0077214025455,0.0191165205551,0.590258796745,0.00316420978949,0.0450852317111,0.0037493996388,historical_mean
2024-02-12,0.307692307692,0.0268589858521,0.0488938145673,0.732968731522,0.0031643924754,0.0354331964597,0.00173420892753,historical_mean
2024-02-19,0.13986013986,0.00804641706045,-0.00350642085065,0.727499704349,0.00318545658301,0.0300444005826,0.00211040076865,historical_mean
2024-02-26,0.377622377622,0.0416764898308,0.0563988268602,0.838386235867,0.00318545658301,0.0470580742219,0.00364274096931,historical_mean
2024-03-04,-0.300699300699,-0.00981792139918,-0.0282594665608,0.691198033695,0.00323311182899,0.0453674085812,0.00351776250616,historical_mean
2024-03-11,-0.496503496503,-0.0261631939627,-0.0556161670455,0.402290656525,0.00322253183154,0.0421863134212,0.0024846135637,historical_mean
2024-03-18,-0.0769230769231,-0.0273125443725,-0.0705454940206,0.590258796745,0.00318048640169,0.0538934409409,0.00495742163159,historical_mean
2024-03-25,-0.440559440559,-0.00917115130876,-0.0621603448699,0.440573846736,0.00313691299532,0.0304344372033,0.00193963061464,historical_mean
2024-04-01,-0.734265734266,-0.0564961708036,-0.0821760462141,0.198906194565,0.00313691299532,0.0345319043656,0.00190609174847,historical_mean
2024-04-08,-0.104895104895,0.000111029350373,-0.00668563213989,0.548488098918,0.00302107858965,0.0234685946227,0.000816799622978,historical_mean
2024-04-15,-0.545454545455,-0.0464753102897,-0.0741464173524,0.262553001084,0.00300602979972,0.0853523334765,0.00938448704063,historical_mean
2024-04-22,0.468531468531,0.0631621828349,0.0645740223333,0.889113468482,0.00293158512719,0.0710356585593,0.00717708569083,historical_mean
2024-04-29,0,0.0084644310631,0.0145805765879,0.616613172831,0.0030048405976,0.0294196562985,0.00157246866238,historical_mean
2024-05-06,-0.377622377622,-0.0361799792538,-0.0438394387758,0.335156342391,0.00299552331078,0.0282626409826,0.00138711652923,historical_mean
2024-05-13,0.342657342657,0.0228050912959,0.021696236661,0.79661553804,0.00296137498464,0.0286460943868,0.00114395065386,historical_mean
2024-05-20,0.398601398601,0.0327380535352,0.0657813538092,0.763801375002,0.00298023162209,0.0303687173778,0.00235050256452,historical_mean
2024-05-27,-0.181818181818,0.0194857834141,0.0194300617036,0.71109262283,0.00303763672641,0.029205223259,0.00126019152955,historical_mean
2024-06-03,0.20979020979,0.000872149838411,0.0282275068483,0.622082200004,0.00303763672641,0.0376905053468,0.00216489615957,historical_mean
2024-06-10,0.125874125874,-0.0328205334879,-0.00563179425704,0.548488098918,0.00307859739628,0.0583097666966,0.00658768206432,historical_mean
2024-06-17,-0.342657342657,-0.012852216245,-0.0390842969617,0.455990168476,0.00308148944814,0.0323224468035,0.00215498138698,historical_mean
2024-06-24,-0.174825174825,0.0143158957524,0.0224670779416,0.534062536956,0.00308148944814,0.0267048279642,0.00117890453055,historical_mean
2024-07-01,0.552447552448,0.0746898988045,0.136950354977,0.707605115214,0.00300945771448,0.0646132925845,0.00872746371766,historical_mean
2024-07-08,0.405594405594,0.021618992735,0.0282322596692,0.817500886953,0.00300945771448,0.0259803718823,0.00109709830903,historical_mean
2024-07-15,-0.342657342657,-0.026216799262,-0.0431614318821,0.423176005439,0.00309673842718,0.0800984546286,0.00865279507519,historical_mean
2024-07-22,-0.531468531469,-0.0254367580268,-0.0357555959764,0.324218288045,0.00303455300571,0.0482624408177,0.00288674687695,historical_mean
2024-07-29,-0.202797202797,-0.0176876014306,-0.000434217353656,0.418697738044,0.00299444124028,0.0493435252091,0.00416816671851,historical_mean
2024-08-05,-0.272727272727,-0.0364057493332,-0.0166934477841,0.28890737717,0.00297279810784,0.0374944273989,0.00260999167926,historical_mean
2024-08-12,0.594405594406,0.0562826693226,0.0727349861878,0.905520550001,0.00293788163017,0.0648654634079,0.00738383416649,historical_mean
2024-08-19,0.79020979021,0.0276043556108,0.0493423938563,0.963698329346,0.00300820687396,0.0181968265518,0.000530006919319,historical_mean
2024-08-26,-0.475524475524,-0.0302805063542,-0.0276809298046,0.204375221738,0.00304267820814,0.0277320163309,0.00150698355037,historical_mean
2024-09-02,-0.230769230769,0.00401955670412,0.0163232047131,0.465937463044,0.0029974685305,0.0661221656559,0.00600764278399,historical_mean
2024-09-09,0.685314685315,0.0489515064629,0.0990998775804,0.890104228261,0.0029974685305,0.0760196617462,0.00938635369981,historical_mean
2024-09-16,-0.391608391608,-0.00942923639085,-0.0133513933811,0.41421947065,0.00305203509208,0.0231515155981,0.000847767781804,historical_mean
2024-09-23,0.202797202797,0.0345708690265,0.00134877812078,0.869218879347,0.00302631234477,0.0379860555218,0.00386056640488,historical_mean
2024-09-30,-0.00699300699301,-0.0025411244922,-0.00630953682188,0.681250739128,0.0030359475395,0.0301178651723,0.00133366186207,historical_mean
2024-10-07,0.13986013986,-0.0285142973828,-0.0272703325391,0.601196851091,0.00302862245426,0.0374910299255,0.00266882393378,historical_mean
2024-10-14,-0.00699300699301,-0.0130049101379,-0.0151620561671,0.569373447832,0.00302082572168,0.0255736470489,0.0011235502683,historical_mean
2024-10-21,0.363636363636,0.0677335191076,0.0897304495278,0.894582495655,0.00300357995392,0.034505129942,0.0041826119669,historical_mean
2024-10-28,-0.433566433566,-0.0256058518068,-0.0443544256437,0.360519958699,0.00304161281475,0.0558082625911,0.00377334944134,historical_mean
2024-11-04,0.244755244755,0.0683342294865,0.0688545850105,0.852811797829,0.00301019728561,0.0670715321408,0.00959112435711,historical_mean
2024-11-11,-0.0629370629371,0.0133250170728,0.0168810658763,0.64843657609,0.0030473024384,0.0618574690443,0.00569768251842,historical_mean
2024-11-18,0,0.0228618947717,0.0277583850937,0.639480041301,0.00304635489535,0.0251534832905,0.00132968666437,historical_mean
2024-11-25,-0.0559440559441,-0.0134775459021,0.0158758519151,0.393334121736,0.00304969937182,0.0318395968861,0.00131632771743,historical_mean
2024-12-02,0.237762237762,0.00598715964433,0.0461856028723,0.470415730438,0.00304969937182,0.0508212361698,0.00391876000481,historical_mean
2024-12-09,-0.195804195804,-0.0303584434017,-0.0326116168213,0.339634609785,0.00305879964087,0.0611139349422,0.0081223359992,historical_mean
2024-12-16,0.223776223776,-0.000107371398802,0.0217157655993,0.574842475004,0.00303864614818,0.040650487713,0.00262927543678,historical_mean
2024-12-23,0.545454545455,0.00861003470049,0.0310699177809,0.791146510867,0.00305285943832,0.0196095343511,0.000759043591688,historical_mean
2024-12-30,-0.111888111888,0.00247034021262,-0.0256051972016,0.649427335869,0.00305285943832,0.0461777370211,0.00316846229921,historical_mean
2025-01-06,-0.839160839161,-0.0378075371098,-0.0754414755908,0.219791543479,0.00307277514624,0.0351110527464,0.00190411865882,historical_mean
2025-01-13,0.041958041958,0.0259145645473,0.000337184804087,0.628541986955,0.00306559656861,0.0385302921234,0.00226921710657,historical_mean
2025-01-20,-0.447552447552,-0.0475372109366,-0.0276792360599,0.346094396737,0.0030068304638,0.0771731854402,0.00873199910785,historical_mean
2025-01-27,-0.34965034965,-0.0401954935615,-0.0351514172706,0.36697974565,0.0030068304638,0.0649077860117,0.00622535024007,historical_mean
2025-02-03,-0.020979020979,-0.025281319887,-0.0121863867941,0.559426153264,0.0028728394507,0.0490010503088,0.00366643322159,historical_mean
2025-02-10,-0.0839160839161,0.0118519480693,0.0081214722741,0.696667060868,0.00285538529445,0.0333254312934,0.00168747115719,historical_mean
2025-02-17,-0.587412587413,-0.0224821424685,-0.0437933011072,0.387865094563,0.00286552336176,0.0540167252469,0.00392415142829,historical_mean
2025-02-24,-0.503496503497,-0.0516439255737,-0.0677824182162,0.282447590219,0.00286552336176,0.0637181210455,0.00558594348591,historical_mean
2025-03-03,-0.461538461538,-0.0335349037619,-0.0633233189586,0.394324881515,0.00275409929169,0.0404123580206,0.00294987252379,historical_mean
2025-03-10,-0.0979020979021,0.0230145745007,-0.00851542551567,0.759323107608,0.00270333383938,0.0450033374892,0.00307910390809,historical_mean
2025-03-17,0.020979020979,0.003666330016,0.0178605421197,0.525106002167,0.00271339783785,0.0261492113395,0.00094845553292,historical_mean
2025-03-24,-0.048951048951,0.0213566151083,0.0223636903522,0.545000591302,0.00270885389896,0.0512267412216,0.00356201065887,historical_mean
2025-03-31,-0.195804195804,-0.00875971314471,0.0122747714701,0.386874334785,0.0027007219302,0.130061775312,0.019822077741,historical_mean
2025-04-07,0.503496503497,0.025062396296,0.0589070037533,0.806562832608,0.00270301516655,0.080529164714,0.0101599298357,historical_mean
2025-04-14,-0.629370629371,-0.0507835313286,-0.0764723310036,0.236198624998,0.00275798516656,0.0793064158999,0.00749478625468,historical_mean
2025-04-21,0.412587412587,0.0337752844592,0.044151444901,0.821979154348,0.00275798516656,0.0874240415108,0.00948753754251,historical_mean
2025-04-28,0.146853146853,-0.0064060357361,0.0195961901203,0.602187610869,0.00270829118861,0.0417791623121,0.00296952398809,historical_mean
2025-05-05,0.286713286713,0.0352629189457,0.0309586131157,0.832917208694,0.00271346416012,0.0346431895804,0.00217458234282,historical_mean
2025-05-12,0.51048951049,0.0632091204868,0.0755396912756,0.947291247828,0.00273235900078,0.0894451873147,0.0102447586037,historical_mean
2025-05-19,0.048951048951,-0.00854467667074,-0.012694646869,0.470415730438,0.00278848650647,0.038257347166,0.00201019664155,historical_mean
2025-05-26,0.223776223776,-0.00390940187321,0.0134622731074,0.581302261956,0.0027826777641,0.0306552306824,0.00156013686094,historical_mean
2025-06-02,0.027972027972,-0.0474728557236,-0.0766241827327,0.592240316302,0.0027826777641,0.0515847933657,0.00502102125713,historical_mean
2025-06-09,-0.272727272727,0.00903786150553,-0.0144179418847,0.496770106524,0.00274266221369,0.0344031576883,0.00209613449592,historical_mean
2025-06-16,0.251748251748,0.048158584226,0.0681578031568,0.754844840214,0.00272292846067,0.0365662573442,0.00227221468307,historical_mean
2025-06-23,0.622377622378,0.027831535423,0.0627498640594,0.838386235867,0.00272292846067,0.0501482426439,0.00381154074477,historical_mean
2025-06-30,-0.181818181818,-0.038845232413,-0.0398223017835,0.407759683698,0.0028113248301,0.0280899225631,0.00164496683414,historical_mean
2025-07-07,0.0699300699301,0.0192559637513,0.0130505926946,0.838386235867,0.0028113248301,0.0170501298027,0.000466610280248,historical_mean
2025-07-14,0.853146853147,0.0486496658036,0.0966156876006,0.963698329346,0.0027877752626,0.0373537133461,0.00192096952403,historical_mean
2025-07-21,-0.167832167832,-0.00793613791116,-0.00514547347935,0.462449955428,0.00285326874654,0.0249840469964,0.00093338109503,historical_mean
2025-07-28,0.468531468531,0.0122078215285,0.0251283966012,0.749375813041,0.00284738811294,0.0351217069891,0.00167181760518,historical_mean
2025-08-04,-0.0699300699301,0.0173605659901,-0.00850345319239,0.606665878264,0.00286448009903,0.0634354157044,0.00699760918195,historical_mean
2025-08-11,-0.363636363636,-0.0104264472511,-0.00580074040503,0.415210230428,0.0028757484618,0.0202946603418,0.00133883335437,historical_mean
2025-08-18,-0.356643356643,-0.00171911831813,-0.0231001585159,0.590258796745,0.00285756938059,0.0307895357975,0.00119363425436,historical_mean
2025-08-25,-0.783216783217,-0.0258518027912,-0.047162250157,0.193437167392,0.002831405737,0.0211070343977,0.000560385916649,historical_mean
2025-09-01,-0.244755244755,-0.052424898194,-0.0770511641912,0.318749260872,0.00279517664464,0.056059100425,0.00500486114089,historical_mean
2025-09-08,0.27972027972,0.0240374915439,-0.00227963191832,0.748385053262,0.00279517664464,0.0560224207133,0.00572811288843,historical_mean
2025-09-15,-0.412587412587,0.00121292493163,-0.012161213967,0.428645032612,0.00276445675655,0.0291608399931,0.0012208520676,historical_mean
2025-09-22,0.188811188811,0.0201305479235,0.0273515785908,0.712083382609,0.00274623368958,0.0289772086032,0.00103070977808,historical_mean
2025-09-29,0.104895104895,-0.0156772577786,-0.0316204563451,0.649427335869,0.00275071959637,0.051541628222,0.00600463905264,historical_mean
2025-10-06,0.0559440559441,0.0814889555557,0.11151322425,0.692188793474,0.00274002862593,0.0553631804163,0.00850103144324,historical_mean
2025-10-13,-0.034965034965,0.00853498882942,-0.0171379124857,0.540522323908,0.00280301373547,0.0436153663486,0.00291500452661,historical_mean
2025-10-20,-0.391608391608,-0.000178205298594,-0.0158110517464,0.504220653254,0.00280539185774,0.0285527029607,0.00136514494272,historical_mean
2025-10-27,0.223776223776,0.0299478627845,0.0192850740837,0.815519367396,0.00279802175164,0.0405615571518,0.00285699126089,historical_mean
2025-11-03,-0.86013986014,-0.0513404063185,-0.0993519380872,0.172551818479,0.00283057401911,0.0521465415034,0.0033615490662,historical_mean
2025-11-10,-0.167832167832,-0.0113575980844,-0.015457938391,0.561407672821,0.00275650092871,0.0322037814489,0.00182175262999,historical_mean
2025-11-17,-0.321678321678,-0.0497283560994,-0.057408937175,0.318749260872,0.0027423942787,0.06294779217,0.00697829564974,historical_mean
2025-11-24,0.020979020979,0.00120625846737,-0.0166990938207,0.545000591302,0.00268838722933,0.0573226181032,0.0054594696734,historical_mean
2025-12-01,-0.027972027972,0.0266074326998,0.014193352728,0.800103045656,0.00268838722933,0.0212390343496,0.000873847508268,historical_mean
2025-12-08,-0.377622377622,-0.00600259000103,-0.0191796709545,0.44505211413,0.00270292110195,0.0285752126403,0.00138129367793,historical_mean
2025-12-15,0.0769230769231,0.0172824524782,-0.00436638025681,0.763801375002,0.00267329862982,0.0300993559037,0.00156191943402,historical_mean
2025-12-22,-0.0699300699301,-0.0187057686772,-0.0449546692298,0.596718583696,0.00267911005099,0.0254611732756,0.00145633858531,historical_mean
2024-01-08,,,,,0,0.0381445744776,0.00232532814991,majority_sign
2024-01-15,,,,,0,0.0512302464721,0.00385120288145,majority_sign
2024-01-22,,,,,0,0.0272079213786,0.0025634594746,majority_sign
2024-01-29,,,,,0,0.0480605213329,0.00443826623337,majority_sign
2024-02-05,,,,,0,0.0408220996214,0.0028091175478,majority_sign
2024-02-12,,,,,0,0.0448069249939,0.00300425314578,majority_sign
2024-02-19,,,,,0,0.033798076485,0.00176386935421,majority_sign
2024-02-26,,,,,0,0.0386858976242,0.0027052294542,majority_sign
2024-03-04,,,,,0,0.0505846771134,0.00448810002997,majority_sign
2024-03-11,,,,,0,0.0514130858015,0.00404178813066,majority_sign
2024-03-18,,,,,0,0.0407946995012,0.00352369023197,majority_sign
2024-03-25,,,,,0,0.0349712646232,0.00210101548381,majority_sign
2024-04-01,,,,,0,0.0368703416082,0.00206995794316,majority_sign
2024-04-08,,,,,0,0.0335803606968,0.00155944859753,majority_sign
2024-04-15,,,,,0,0.107226203107,0.013427822728,majority_sign
2024-04-22,,,,,0,0.0620407713113,0.00545712494631,majority_sign
2024-04-29,,,,,0,0.0384309679407,0.00199629410701,majority_sign
2024-05-06,,,,,0,0.0251457647004,0.00116995023834,majority_sign
2024-05-13,,,,,0,0.0176145869351,0.000521724837513,majority_sign
2024-05-20,,,,,0,0.0324245076511,0.00215457231491,majority_sign
2024-05-27,,,,,0,0.0406454353951,0.00221894411837,majority_sign
2024-06-03,,,,,0,0.0307482958568,0.00147290455408,majority_sign
2024-06-10,,,,,0,0.0498615750627,0.00524251564483,majority_sign
2024-06-17,,,,,0,0.0427696496324,0.00327280078167,majority_sign
2024-06-24,,,,,0,0.0317872019132,0.00158467362852,majority_sign
2024-07-01,,,,,0,0.0534972706819,0.00682345826058,majority_sign
2024-07-08,,,,,0,0.0321688688096,0.00182256551079,majority_sign
2024-07-15,,,,,0,0.0979251628737,0.0122829115566,majority_sign
2024-07-22,,,,,0,0.0686452718151,0.00532507198682,majority_sign
2024-07-29,,,,,0,0.0668697816335,0.00643257796727,majority_sign
2024-08-05,,,,,0,0.0411091606938,0.00234587595104,majority_sign
2024-08-12,,,,,0,0.0524588753086,0.00525622137091,majority_sign
2024-08-19,,,,,0,0.0270101021906,0.00110556130169,majority_sign
2024-08-26,,,,,0,0.0465835749159,0.0029675664517,majority_sign
2024-09-02,,,,,0,0.0879076750074,0.00935251314538,majority_sign
2024-09-09,,,,,0,0.062446524923,0.00685644629866,majority_sign
2024-09-16,,,,,0,0.0193384010387,0.000634272290183,majority_sign
2024-09-23,,,,,0,0.0420454354698,0.00330282044763,majority_sign
2024-09-30,,,,,0,0.0299360479192,0.00152370531108,majority_sign
2024-10-07,,,,,0,0.0416333459473,0.00313797163551,majority_sign
2024-10-14,,,,,0,0.033028899149,0.00175559262467,majority_sign
2024-10-21,,,,,0,0.0452663663702,0.00439390369097,majority_sign
2024-10-28,,,,,0,0.0738434259635,0.00640455186259,majority_sign
2024-11-04,,,,,0,0.0483954281334,0.00722052018525,majority_sign
2024-11-11,,,,,0,0.0839731766419,0.00892276305143,majority_sign
2024-11-18,,,,,0,0.0274258698441,0.00126457982739,majority_sign
2024-11-25,,,,,0,0.0267796938025,0.00120612654611,majority_sign
2024-12-02,,,,,0,0.0367615418206,0.00249572273654,majority_sign
2024-12-09,,,,,0,0.0674260021942,0.00778568331579,majority_sign
2024-12-16,,,,,0,0.0586068987549,0.00477534747098,majority_sign
2024-12-23,,,,,0,0.0305453915461,0.00137537903893,majority_sign
2024-12-30,,,,,0,0.0460100928299,0.00286252776769,majority_sign
2025-01-06,,,,,0,0.0482353309026,0.00315287854219,majority_sign
2025-01-13,,,,,0,0.0345194087617,0.00211881406497,majority_sign
2025-01-20,,,,,0,0.0902031416146,0.011052578266,majority_sign
2025-01-27,,,,,0,0.072891612825,0.00825429731927,majority_sign
2025-02-03,,,,,0,0.0546488947814,0.00470022621002,majority_sign
2025-02-10,,,,,0,0.0339110679558,0.00143732314002,majority_sign
2025-02-17,,,,,0,0.0672161721906,0.00619712018133,majority_sign
2025-02-24,,,,,0,0.0815202826169,0.00838440386678,majority_sign
2025-03-03,,,,,0,0.0602241397773,0.00505104104191,majority_sign
2025-03-10,,,,,0,0.0564227213054,0.00433847700803,majority_sign
2025-03-17,,,,,0,0.0315741715273,0.00162221681134,majority_sign
2025-03-24,,,,,0,0.0676835440736,0.00587376088541,majority_sign
2025-03-31,,,,,0,0.152961731172,0.0263017770945,majority_sign
2025-04-07,,,,,0,0.0657014748151,0.00730076089926,majority_sign
2025-04-14,,,,,0,0.0951721877038,0.0105071592881,majority_sign
2025-04-21,,,,,0,0.0663730917624,0.00604446998008,majority_sign
2025-04-28,,,,,0,0.0407968318649,0.00251067834443,majority_sign
2025-05-05,,,,,0,0.0406227464382,0.00312613748456,majority_sign
2025-05-12,,,,,0,0.0679825007221,0.00678454671097,majority_sign
2025-05-19,,,,,0,0.0598078175285,0.00424106033693,majority_sign
2025-05-26,,,,,0,0.021871498535,0.000704936727915,majority_sign
2025-06-02,,,,,0,0.0408639213559,0.0042507945603,majority_sign
2025-06-09,,,,,0,0.0357488959619,0.00164837276939,majority_sign
2025-06-16,,,,,0,0.035417906714,0.00226169562571,majority_sign
2025-06-23,,,,,0,0.0441595626395,0.00259297728443,majority_sign
2025-06-30,,,,,0,0.0427942843761,0.00288833315208,majority_sign
2025-07-07,,,,,0,0.024193041562,0.000779279957373,majority_sign
2025-07-14,,,,,0,0.0379034168671,0.00253135661909,majority_sign
2025-07-21,,,,,0,0.024089753755,0.000951376749317,majority_sign
2025-07-28,,,,,0,0.0484488235688,0.0032178455232,majority_sign
2025-08-04,,,,,0,0.056540492421,0.00633850941892,majority_sign
2025-08-11,,,,,0,0.0279580533811,0.00132151703175,majority_sign
2025-08-18,,,,,0,0.0428440411941,0.00243988352019,majority_sign
2025-08-25,,,,,0,0.0268781567405,0.00113214249855,majority_sign
2025-09-01,,,,,0,0.0532533337633,0.00426529860541,majority_sign
2025-09-08,,,,,0,0.0417789529273,0.00392065915434,majority_sign
2025-09-15,,,,,0,0.0265409936034,0.00106388655877,majority_sign
2025-09-22,,,,,0,0.035366075549,0.00190146372327,majority_sign
2025-09-29,,,,,0,0.0533296000129,0.00508965811562,majority_sign
2025-10-06,,,,,0,0.0750382142961,0.00949244736185,majority_sign
2025-10-13,,,,,0,0.0360269520913,0.00184967958158,majority_sign
2025-10-20,,,,,0,0.0195203221484,0.000770615183407,majority_sign
2025-10-27,,,,,0,0.0357058670509,0.0027819619022,majority_sign
2025-11-03,,,,,0,0.0628734314372,0.00492292537718,majority_sign
2025-11-10,,,,,0,0.0341443331492,0.00191688783905,majority_sign
2025-11-17,,,,,0,0.0777818781867,0.00940873650222,majority_sign
2025-11-24,,,,,0,0.0458004075101,0.00349685380172,majority_sign
2025-12-01,,,,,0,0.032070624182,0.00153299005608,majority_sign
2025-12-08,,,,,0,0.0442265588122,0.0028079580177,majority_sign
2025-12-15,,,,,0,0.0331238525562,0.00170609031851,majority_sign
2025-12-22,,,,,0,0.0260011737314,0.00125844112898,majority_sign
2024-01-08,0.041958041958,0.0122261858023,-0.00393107848795,0.553957126091,0.0402484768949,0.0728503354602,0.00675722777383,persistence_1w
2024-01-15,0.405594405594,0.039980152098,0.0838737161887,0.731977971743,0.0502864797333,0.0480057401402,0.00322840890369,persistence_1w
2024-01-22,0.013986013986,0.0047025976985,0.0319732591369,0.571354967388,0.0666942243975,0.059842923555,0.00550707243574,persistence_1w
2024-01-29,-0.0629370629371,0.0222048349233,0.0410782100825,0.485832052178,0.0488636297304,0.0620647796699,0.00684799615828,persistence_1w
2024-02-05,0.0839160839161,0.0233306447295,0.0437017728209,0.576823994561,0.0692733447741,0.0586316504136,0.00800531835881,persistence_1w
2024-02-12,-0.027972027972,0.0165964090986,0.0228413049822,0.587762048907,0.054256542474,0.0651649107838,0.0065406829916,persistence_1w
2024-02-19,-0.307692307692,-0.0284493288528,-0.0487239738882,0.293385644564,0.04064966938,0.0576589514756,0.00577693542841,persistence_1w
2024-02-26,0.118881118881,0.0357232634535,0.0139114298008,0.832917208694,0.0316458998932,0.0457016540565,0.00375615742021,persistence_1w
2024-03-04,0.174825174825,0.000912047187668,0.0231361569766,0.639480041301,0.0525531522049,0.0666118032498,0.00742743848283,persistence_1w
2024-03-11,0.020979020979,-0.0138467837034,0.00220551962978,0.440573846736,0.0605131712446,0.0582041102953,0.00501982071822,persistence_1w
2024-03-18,-0.034965034965,-0.00753087873466,0.0342144817224,0.559426153264,0.0424125524206,0.0712603946589,0.00945089369728,persistence_1w
2024-03-25,0.125874125874,0.017604184215,0.0155355796175,0.680259979349,0.0587231592527,0.0511724471994,0.00383803559383,persistence_1w
2024-04-01,-0.167832167832,0.0256798754105,-0.0112127869549,0.848333530434,0.0305765207764,0.0402444520045,0.00289582486923,persistence_1w
2024-04-08,-0.265734265734,-0.014394739106,-0.0145057684564,0.356041691304,0.0431436539537,0.0457614333265,0.0031031854128,persistence_1w
2024-04-15,-0.230769230769,0.00330140340607,-0.0109902354033,0.548488098918,0.028412407734,0.080600281077,0.00919819011558,persistence_1w
2024-04-22,-0.664335664336,-0.0233018370173,-0.0871993887953,0.409741203255,0.0458895602535,0.144515537652,0.0295298769724,persistence_1w
2024-04-29,-0.013986013986,0.0137345391775,0.0187808709388,0.686719766301,0.0694445001103,0.079078503259,0.00899662567144,persistence_1w
2024-05-06,-0.167832167832,-0.02520716527,-0.0254131654484,0.339634609785,0.0411703028954,0.0515098323324,0.00408306434825,persistence_1w
2024-05-13,-0.559440559441,-0.0186289198299,-0.0313161910075,0.418697738044,0.0347523465843,0.0371195115762,0.00250500643894,persistence_1w
2024-05-20,-0.440559440559,-0.0146896481727,-0.0183813538155,0.465937463044,0.0234004038899,0.0449473598207,0.00299473197276,persistence_1w
2024-05-27,0.132867132867,0.0299192369389,0.0193594824182,0.810050340224,0.0483888828742,0.0423901014167,0.00245898138627,persistence_1w
2024-06-03,-0.335664335664,-0.0108252903204,-0.0327201419822,0.601196851091,0.0325805401381,0.0513763137,0.00381767478472,persistence_1w
2024-06-10,0.811188811189,0.0779356359558,0.151856377509,0.920936871741,0.0395158403463,0.036484433809,0.00338935195918,persistence_1w
2024-06-17,-0.825174825175,-0.0547148891609,-0.0917589332246,0.214322516306,0.0726599529533,0.0854288619765,0.0144704495448,persistence_1w
2024-06-24,0.202797202797,-0.00220953969233,0.0266907684619,0.523124482611,0.0181962239271,0.0260899674383,0.00111709283155,persistence_1w
2024-07-01,0.0839160839161,0.024384434577,0.0490142290818,0.590258796745,0.0353647816036,0.0702323363275,0.00718622633207,persistence_1w
2024-07-08,-0.041958041958,0.0120688930296,-0.00331907527271,0.587762048907,0.0756012186719,0.0655595632503,0.0095838883498,persistence_1w
2024-07-15,-0.524475524476,-0.0460500569211,-0.0760657047873,0.251614946738,0.0355056580001,0.0816399075804,0.0111053961269,persistence_1w
2024-07-22,0.384615384615,0.0260032577575,0.0324907359525,0.900051522828,0.0542074201501,0.0426541755481,0.00289051178242,persistence_1w
2024-07-29,0.244755244755,0.025531404942,0.0262147225536,0.637498521744,0.0258576236887,0.0408876798331,0.00252655561135,persistence_1w
2024-08-05,0.0769230769231,0.0301683124227,0.0234384298704,0.752863320657,0.0511933353868,0.0631776718438,0.00727933811938,persistence_1w
2024-08-12,-0.223776223776,-0.0362891682482,-0.0556500590674,0.44505211413,0.0500293147411,0.0818200190584,0.00980131474111,persistence_1w
2024-08-19,0.244755244755,-0.00785694087246,-0.0023512332298,0.632029494571,0.0622482087078,0.0665110661989,0.00790621619224,persistence_1w
2024-08-26,-0.363636363636,-0.0183379963822,-0.0210641253152,0.360519958699,0.0261998225634,0.0350496479716,0.00223786393057,persistence_1w
2024-09-02,0.552447552448,0.0220115358181,0.0558864816973,0.795624778262,0.0294964466228,0.0477269123154,0.00289937438367,persistence_1w
2024-09-09,-0.517482517483,-0.00818481675816,-0.0749847352757,0.623072959782,0.0425782893567,0.140269474901,0.0286799008846,persistence_1w
2024-09-16,-0.41958041958,-0.0130539082242,-0.0129067658135,0.423176005439,0.0677629987399,0.0741922623997,0.00915682791665,persistence_1w
2024-09-23,-0.153846153846,-0.0240818713748,-0.0546894503148,0.502239133697,0.0250452850346,0.0503520748308,0.00451649773381,persistence_1w
2024-09-30,-0.0559440559441,-0.0284852152112,-0.00907396812446,0.303332939132,0.0599877392914,0.0512907764614,0.00689041072369,persistence_1w
2024-10-07,-0.0979020979021,-0.0184599391727,0.0147221725603,0.376927040218,0.0373211703288,0.0498608193784,0.00331148458631,persistence_1w
2024-10-14,0.482517482517,0.0186009884167,0.0391512905982,0.775730189127,0.0538288087623,0.0375558834212,0.00282210645176,persistence_1w
2024-10-21,0.188811188811,-0.0250021256218,-0.00764206914301,0.512186428265,0.0341267148819,0.0458665792794,0.00490448328033,persistence_1w
2024-10-28,-0.0979020979021,-0.00878844946863,0.00734672203304,0.471406490217,0.0678261903968,0.0657862306349,0.009716154618,persistence_1w
2024-11-04,-0.20979020979,-0.016976663016,-0.00429723458089,0.502239133697,0.0355735350224,0.117338282733,0.0215381897201,persistence_1w
2024-11-11,-0.027972027972,-0.00362404059349,-0.0170858701209,0.673800192398,0.0753724465771,0.128801406592,0.0227019094858,persistence_1w
2024-11-18,0.111888111888,0.0285508479206,0.0258629238547,0.852811797829,0.0451816775747,0.0766806545048,0.00862408218046,persistence_1w
2024-11-25,-0.335664335664,-0.0189640174295,-0.0105082636008,0.339634609785,0.0358456397213,0.044882012202,0.00314761150253,persistence_1w
2024-12-02,0.167832167832,-0.0134035882669,-0.0175143209468,0.538540804351,0.0361578781849,0.058300145402,0.00541185663864,persistence_1w
2024-12-09,0.552447552448,0.0986676673073,0.150871450161,0.880156933693,0.0467605025657,0.0619740344416,0.00578791936141,persistence_1w
2024-12-16,0.314685314685,0.0158457507562,0.0133840478463,0.737446998916,0.0920316737882,0.0717353215579,0.0108406983866,persistence_1w
2024-12-23,0.125874125874,-0.000827701921351,0.00854642713419,0.49229183913,0.03824198867,0.0428606133002,0.00259219656615,persistence_1w
2024-12-30,0.181818181818,0.0110227252262,0.0355644255684,0.586771289129,0.033263669604,0.0472345889459,0.00368689456453,persistence_1w
2025-01-06,-0.111888111888,-0.0177789719837,-0.00462963922548,0.356041691304,0.0382448542092,0.0410379482696,0.00272075762735,persistence_1w
2025-01-13,0.132867132867,0.0324463569917,0.0279227611279,0.880156933693,0.0477601118692,0.0486334400939,0.00364868714207,persistence_1w
2025-01-20,-0.566433566434,-0.0788605709961,-0.181978906892,0.308801966305,0.0475050216942,0.113472132106,0.0173713212633,persistence_1w
2025-01-27,-0.34965034965,-0.030330025529,-0.0757016446965,0.371458013045,0.0338456434259,0.0779094907885,0.0107337993659,persistence_1w
2025-02-03,-0.125874125874,0.0351886559331,-0.00835490365277,0.77374866957,0.0704958167681,0.0841442561632,0.0105788810399,persistence_1w
2025-02-10,0.0629370629371,-0.00202213941828,0.00945486026074,0.451511901082,0.0614702691874,0.0559271288985,0.00532658939548,persistence_1w
2025-02-17,-0.153846153846,0.00557468593782,-0.00185708136682,0.639480041301,0.0392616137582,0.0773190793387,0.00789737146017,persistence_1w
2025-02-24,0.51048951049,0.0285054705781,0.0603481900636,0.749375813041,0.0338864350863,0.0491120124457,0.0031641368918,persistence_1w
2025-03-03,0.027972027972,0.00286382819263,0.0100977800405,0.49229183913,0.0513643102971,0.0511176321707,0.00363898315346,persistence_1w
2025-03-10,0.146853146853,0.0249174537552,0.0134299788094,0.654896363042,0.0394151889965,0.0509996654969,0.00508059462237,persistence_1w
2025-03-17,-0.307692307692,-0.0220492997866,-0.035868325447,0.324218288045,0.0558463386298,0.0582718684583,0.00557189718596,persistence_1w
2025-03-24,0.678321678322,0.0246509931419,0.0461069850296,0.81203185978,0.0318455361592,0.046906009667,0.00308636161178,persistence_1w
2025-03-31,0.335664335664,0.0112402550281,0.0671905792271,0.685729006522,0.0464345446825,0.0909138962721,0.0118116845938,persistence_1w
2025-04-07,-0.230769230769,-0.0104534233655,-0.0424607656828,0.670312684782,0.0562896976666,0.206123597643,0.0509663735807,persistence_1w
2025-04-14,-0.72027972028,-0.0468254256483,-0.136638519399,0.297863911959,0.0699516593951,0.159687984475,0.0319900980217,persistence_1w
2025-04-21,-0.622377622378,-0.048883989978,-0.07823873483,0.172551818479,0.065463323861,0.119805241887,0.0171848168662,persistence_1w
2025-04-28,0.286713286713,-0.000734642727492,0.0626723022029,0.486822811957,0.0457579841467,0.0731536579475,0.00791620536319,persistence_1w
2025-05-05,0.125874125874,-0.00246982797261,0.0386394317639,0.465937463044,0.0523105398378,0.051689425727,0.00378713529314,persistence_1w
2025-05-12,0.636363636364,0.0567610999204,0.0891529093051,0.905520550001,0.048588883942,0.0971684929345,0.0113497656984,persistence_1w
2025-05-19,0.104895104895,-0.00477716783114,0.00212264363017,0.539531564129,0.0512577044116,0.125842640942,0.0187683327426,persistence_1w
2025-05-26,-0.013986013986,0.00325481882915,-0.000663207709775,0.504220653254,0.0269157331363,0.0686719427904,0.00580312929902,persistence_1w
2025-06-02,-0.125874125874,0.0067134179256,-0.0391222365183,0.560416913043,0.0179820087083,0.052986957039,0.00544586391375,persistence_1w
2025-06-09,-0.153846153846,-0.000163506121398,0.0012285341439,0.637498521744,0.0680584802537,0.05972522576,0.0076370135587,persistence_1w
2025-06-16,-0.153846153846,0.0220384275051,-0.0134837441619,0.77374866957,0.0422849129258,0.0504158086822,0.00395770986955,persistence_1w
2025-06-23,-0.230769230769,-0.0182311516166,-0.0315287855456,0.627551227177,0.0435656214206,0.0711162715572,0.0065630207911,persistence_1w
2025-06-30,-0.181818181818,-0.00739006824628,-0.00836955391233,0.440573846736,0.0498501378364,0.0756055152944,0.00739114949991,persistence_1w
2025-07-07,-0.426573426573,-0.0197928443232,-0.0338008506716,0.235207865219,0.0334006686975,0.0361060536851,0.00217693295897,persistence_1w
2025-07-14,-0.0839160839161,0.00936896397483,-0.0145779398187,0.806562832608,0.02264104841,0.0391497633443,0.00255027801355,persistence_1w
2025-07-21,0.013986013986,-0.00793613791116,-0.00822051862142,0.590258796745,0.0478304638796,0.0387321027705,0.00248077626998,persistence_1w
2025-07-28,0.0769230769231,-0.00169487533648,0.0156840548626,0.611144145658,0.0296092703672,0.0408273598834,0.00261510262041,persistence_1w
2025-08-04,-0.34965034965,-0.0223748233887,-0.0198697919781,0.376927040218,0.0374132644207,0.0825732119693,0.0102983812002,persistence_1w
2025-08-11,-0.167832167832,-0.00629741125751,-0.0319101317141,0.643958308696,0.0830902863243,0.0747035502632,0.0117001414869,persistence_1w
2025-08-18,-0.188811188811,-0.0146587456165,-0.00574249352279,0.506717401092,0.0357752059617,0.0387497907643,0.00244902878924,persistence_1w
2025-08-25,0.482517482517,0.0102819715488,0.0262411798673,0.752863320657,0.0301659195994,0.0261671297891,0.000856996842917,persistence_1w
2025-09-01,0.34965034965,-0.00748742899566,0.0513104341572,0.591249556523,0.0223651818886,0.0537652993285,0.00447199205239,persistence_1w
2025-09-08,0.0979020979021,0.0422395505583,0.0521102051213,0.639480041301,0.0635493717515,0.0739697778149,0.00761869284499,persistence_1w
2025-09-15,-0.160839160839,0.00368031200956,-0.0224032822815,0.713074142387,0.0583041269391,0.0590024795005,0.00515140275126,persistence_1w
2025-09-22,0.111888111888,0.0156974586183,0.0162837077874,0.77374866957,0.032759897706,0.0360539836458,0.00199371595706,persistence_1w
2025-09-29,-0.216783216783,-0.0521289514184,-0.119125835025,0.324218288045,0.0329191829389,0.0648334382138,0.00889424592572,persistence_1w
2025-10-06,0.020979020979,-0.0263354395048,-0.00415656368264,0.576823994561,0.074078922628,0.0901192725322,0.0150992097169,persistence_1w
2025-10-13,-0.286713286713,-0.019158840607,-0.0305997363746,0.612134905437,0.0971628255166,0.0825986284217,0.0102811104878,persistence_1w
2025-10-20,0.188811188811,0.0305200788097,0.0389288976371,0.838386235867,0.0431352562866,0.0336011740924,0.00170805221305,persistence_1w
2025-10-27,-0.370629370629,0.000153577164899,-0.0173027913991,0.471406490217,0.0289649186838,0.0519312546238,0.00402882139971,persistence_1w
2025-11-03,-0.118881118881,-0.0247507920906,-0.0272735148939,0.357032451083,0.0544969542484,0.0726406838544,0.00682512876672,persistence_1w
2025-11-10,0.433566433566,0.0439250592855,0.0552826573699,0.931874926087,0.051430479668,0.0400832187962,0.00318858729345,persistence_1w
2025-11-17,-0.286713286713,-0.061106541194,-0.0787637655597,0.527602750005,0.0432296026068,0.075441515554,0.0104905003799,persistence_1w
2025-11-24,-0.244755244755,-0.0295273712699,-0.0590248056171,0.449530381525,0.0725563599195,0.110689269118,0.0200316120631,persistence_1w
2025-12-01,0,-0.0118590870281,-0.0143388879343,0.449530381525,0.0607529430094,0.0752355401745,0.00849370799475,persistence_1w
2025-12-08,-0.0839160839161,-0.00945581540684,-0.00164242288002,0.491301079351,0.0313812801627,0.0380487427367,0.00216941914657,persistence_1w
2025-12-15,0.237762237762,0.0280989244124,0.0414824692056,0.597709343475,0.0304864115184,0.0394311916055,0.00212296381313,persistence_1w
2025-12-22,-0.125874125874,0.00265321028754,0.00256726491716,0.632029494571,0.040515155989,0.0340786432044,0.00199867995193,persistence_1w
2024-01-08,-0.041958041958,0.0161572642903,0.00393107848795,0.732968731522,0.0410615540115,0.0500990314705,0.00425001908973,reversal_1w
2024-01-15,-0.405594405594,-0.0438935640907,-0.0838737161887,0.261562241305,0.0492215392945,0.104557428418,0.0139188922943,reversal_1w
2024-01-22,-0.013986013986,-0.0272706614384,-0.0319732591369,0.483335304341,0.060477044764,0.0855747001483,0.0105438972067,reversal_1w
2024-01-29,0.0629370629371,-0.0188733751591,-0.0410782100825,0.602187610869,0.0542067543828,0.0605065188234,0.0077407899448,reversal_1w
2024-02-05,-0.0839160839161,-0.0203711280914,-0.0437017728209,0.528593509783,0.0610964908535,0.0732610334304,0.00877416019383,reversal_1w
2024-02-12,0.027972027972,-0.0062448958836,-0.0228413049822,0.592240316302,0.0488378337189,0.0488212883823,0.00432741025028,reversal_1w
2024-02-19,0.307692307692,0.0202746450354,0.0487239738882,0.715570890225,0.0414570643552,0.0411133517004,0.00222797050148,reversal_1w
2024-02-26,-0.118881118881,0.0218118336527,-0.0139114298008,0.679269219571,0.0302609927301,0.0627498314207,0.00656727652156,reversal_1w
2024-03-04,-0.174825174825,-0.0222241097889,-0.0231361569766,0.434114059784,0.0479186485963,0.0692435343778,0.00700799436305,reversal_1w
2024-03-11,-0.020979020979,-0.0160523033332,-0.00220551962978,0.376927040218,0.0637127873147,0.0586544091648,0.00675105973794,reversal_1w
2024-03-18,0.034965034965,-0.0417453604571,-0.0342144817224,0.35156342391,0.0441992914247,0.0583781901309,0.00552275582076,reversal_1w
2024-03-25,-0.125874125874,0.00206860459754,-0.0155355796175,0.622082200004,0.052645999429,0.0622782329071,0.00906419596594,reversal_1w
2024-04-01,0.167832167832,0.0368926623654,0.0112127869549,0.905520550001,0.0298274780998,0.0370594751271,0.0022804600547,reversal_1w
2024-04-08,0.265734265734,0.000111029350373,0.0145057684564,0.632029494571,0.0427719585204,0.0371930567326,0.00191585772762,reversal_1w
2024-04-15,0.230769230769,0.0142916388094,0.0109902354033,0.681250739128,0.0284682731387,0.0829641542068,0.00891955014722,reversal_1w
2024-04-22,0.664335664336,0.063897551778,0.0871993887953,0.92192763152,0.0539804012054,0.0443921936443,0.0034666280598,reversal_1w
2024-04-29,0.013986013986,-0.00504633176126,-0.0187808709388,0.627551227177,0.0643455013744,0.0757796216444,0.00864021919246,reversal_1w
2024-05-06,0.167832167832,0.000206000178338,0.0254131654484,0.544009831524,0.0398537503985,0.0357655297941,0.00202828106033,reversal_1w
2024-05-13,0.559440559441,0.0126872711776,0.0313161910075,0.858280825001,0.0351056870804,0.0541650088208,0.00344318421552,reversal_1w
2024-05-20,0.440559440559,0.00369170564286,0.0183813538155,0.723021436954,0.0218041182173,0.0605723010254,0.00540419806584,reversal_1w
2024-05-27,-0.132867132867,0.0105597545208,-0.0193594824182,0.742916026089,0.0439333778361,0.042137920942,0.00478558045541,reversal_1w
2024-06-03,0.335664335664,0.0218948516618,0.0327201419822,0.81203185978,0.0324592840591,0.0414555255962,0.00327918920964,reversal_1w
2024-06-10,-0.811188811189,-0.0739207415534,-0.151856377509,0.183489872825,0.0370401886869,0.0988617080224,0.0153365534385,reversal_1w
2024-06-17,0.825174825175,0.0370440440637,0.0917589332246,0.838386235867,0.0622618054902,0.0410276818632,0.0023557379023,reversal_1w
2024-06-24,-0.202797202797,-0.0289003081543,-0.0266907684619,0.423176005439,0.0183602828245,0.0347036205489,0.00191101137191,reversal_1w
2024-07-01,-0.0839160839161,-0.0246297945048,-0.0490142290818,0.430626552168,0.034772974051,0.0812184261009,0.0141077344165,reversal_1w
2024-07-08,0.041958041958,0.0153879683023,0.00331907527271,0.664843657609,0.059991361962,0.0589561081512,0.00665381257536,reversal_1w
2024-07-15,0.524475524476,0.0300156478661,0.0760657047873,0.723021436954,0.0363161577007,0.0734695998876,0.00669277686252,reversal_1w
2024-07-22,-0.384615384615,-0.00648747819491,-0.0324907359525,0.44505211413,0.0639806459366,0.125589806849,0.0201715783016,reversal_1w
2024-07-29,-0.244755244755,-0.000683317611618,-0.0262147225536,0.439583086957,0.0280609997638,0.0841087532799,0.00989636480407,reversal_1w
2024-08-05,-0.0769230769231,0.00672988255232,-0.0234384298704,0.587762048907,0.0575426802993,0.0627470079583,0.00630601437818,reversal_1w
2024-08-12,0.223776223776,0.0193608908192,0.0556500590674,0.67130344456,0.0463085039864,0.0911475001877,0.0116681208582,reversal_1w
2024-08-19,-0.244755244755,-0.00550570764265,0.0023512332298,0.517655455438,0.0528262889203,0.0701969054969,0.00802782280024,reversal_1w
2024-08-26,0.363636363636,0.00272612893302,0.0210641253152,0.571354967388,0.0261883417051,0.0224760950824,0.00143679985476,reversal_1w
2024-09-02,-0.552447552448,-0.0338749458792,-0.0558864816973,0.267031268478,0.0314124339461,0.0799469748696,0.0102350046847,reversal_1w
2024-09-09,0.517482517483,0.0667999185175,0.0749847352757,0.916458604347,0.0485045559104,0.0442145856689,0.00276570822306,reversal_1w
2024-09-16,0.41958041958,-0.000147142410764,0.0129067658135,0.691198033695,0.0564131326318,0.0904947092257,0.0109281333835,reversal_1w
2024-09-23,0.153846153846,0.03060757894,0.0546894503148,0.713074142387,0.0240490875838,0.0585626966873,0.00572573793332,reversal_1w
2024-09-30,0.0559440559441,-0.0194112470868,0.00907396812446,0.371458013045,0.0529925131487,0.0535095452601,0.00367126060901,reversal_1w
2024-10-07,0.0979020979021,-0.033182111733,-0.0147221725603,0.527602750005,0.0367308329891,0.0515512362623,0.00486986010371,reversal_1w
2024-10-14,-0.482517482517,-0.0205503021815,-0.0391512905982,0.513177188043,0.0571219075167,0.0578611537652,0.00492052134174,reversal_1w
2024-10-21,-0.188811188811,-0.0173600564787,0.00764206914301,0.55494788587,0.0347023383064,0.0532262874258,0.00612771199536,reversal_1w
2024-10-28,0.0979020979021,-0.0161351715017,-0.00734672203304,0.538540804351,0.0572649158622,0.0590881885392,0.00466056924355,reversal_1w
2024-11-04,0.20979020979,-0.0126794284351,0.00429723458089,0.548488098918,0.0381127643646,0.0544119782907,0.0056463530706,reversal_1w
2024-11-11,0.027972027972,0.0134618295274,0.0170858701209,0.576823994561,0.0577417873144,0.0485164126878,0.0055650111023,reversal_1w
2024-11-18,-0.111888111888,0.00268792406582,-0.0258629238547,0.595727823918,0.0517832494851,0.0636809160873,0.00539016602964,reversal_1w
2024-11-25,0.335664335664,-0.00845575382863,0.0105082636008,0.57036420761,0.033905458458,0.0430957364318,0.00268033649492,reversal_1w
2024-12-02,-0.167832167832,0.00411073267994,0.0175143209468,0.50770816087,0.0363668864897,0.0671848699092,0.00594790188676,reversal_1w
2024-12-09,-0.552447552448,-0.0522037828541,-0.150871450161,0.381405307612,0.0425560687341,0.0980735955366,0.0184118163192,reversal_1w
2024-12-16,-0.314685314685,0.00246170290989,-0.0133840478463,0.472397249995,0.0805389100384,0.0797897374258,0.00854025388097,reversal_1w
2024-12-23,-0.125874125874,-0.00937412905554,-0.00854642713419,0.498751626081,0.0422965022327,0.0451722762272,0.00421831261973,reversal_1w
2024-12-30,-0.181818181818,-0.0245417003422,-0.0355644255684,0.423176005439,0.0305438300357,0.0661562322111,0.00641547090669,reversal_1w
2025-01-06,0.111888111888,-0.0131493327582,0.00462963922548,0.434114059784,0.040712410655,0.0499142158127,0.00386416392266,reversal_1w
2025-01-13,-0.132867132867,0.00452359586376,-0.0279227611279,0.639480041301,0.0440693641325,0.0533931662248,0.00531836186967,reversal_1w
2025-01-20,0.566433566434,0.103118335896,0.181978906892,0.968176596741,0.0482099429924,0.0476510106396,0.00378058521384,reversal_1w
2025-01-27,0.34965034965,0.0453716191676,0.0757016446965,0.811041100002,0.0326279986492,0.0539147736594,0.00410634352985,reversal_1w
2025-02-03,0.125874125874,0.0435435595859,0.00835490365277,0.811041100002,0.0773268948392,0.0853048533591,0.00867838484193,reversal_1w
2025-02-10,-0.0629370629371,-0.011476999679,-0.00945486026074,0.403281416304,0.0634343775858,0.0632159747854,0.00581590066845,reversal_1w
2025-02-17,0.153846153846,0.00743176730465,0.00185708136682,0.684738246744,0.0374337199497,0.0412694956907,0.00263680579506,reversal_1w
2025-02-24,-0.51048951049,-0.0318427194855,-0.0603481900636,0.425157524996,0.0354093512883,0.0800936904285,0.00938799990651,reversal_1w
2025-03-03,-0.027972027972,-0.00723395184783,-0.0100977800405,0.477866277168,0.0563084064637,0.0865941078204,0.0124983827499,reversal_1w
2025-03-10,-0.146853146853,0.0114874749457,-0.0134299788094,0.519636974995,0.0434088732572,0.0606470082109,0.00625393019094,reversal_1w
2025-03-17,0.307692307692,0.0138190256604,0.035868325447,0.764792134781,0.0567845675628,0.0414086340154,0.0024250207924,reversal_1w
2025-03-24,-0.678321678322,-0.0214559918877,-0.0461069850296,0.303332939132,0.0320804350106,0.0596018250502,0.00517668128137,reversal_1w
2025-03-31,-0.335664335664,-0.055950324199,-0.0671905792271,0.308801966305,0.0494824441857,0.16250384824,0.0328929305981,reversal_1w
2025-04-07,0.230769230769,0.0320073423173,0.0424607656828,0.743906785868,0.0806461902574,0.0905628456644,0.0134398562086,reversal_1w
2025-04-14,0.72027972028,0.0898130937504,0.136638519399,0.98458367826,0.0571319772712,0.0344145628576,0.00247986228793,reversal_1w
2025-04-21,0.622377622378,0.029354744852,0.07823873483,0.753854080435,0.061116777373,0.0893710122362,0.0106569424517,reversal_1w
2025-04-28,-0.286713286713,-0.0634069449304,-0.0626723022029,0.172551818479,0.0378736703013,0.114357254584,0.0167254281369,reversal_1w
2025-05-05,-0.125874125874,-0.0411092597365,-0.0386394317639,0.28890737717,0.0499836832297,0.0717661664138,0.00673704499822,reversal_1w
2025-05-12,-0.636363636364,-0.0323918093847,-0.0891529093051,0.325209047824,0.051201303625,0.104455546083,0.0156193480595,reversal_1w
2025-05-19,-0.104895104895,-0.00689981146131,-0.00212264363017,0.454999408698,0.0428871092789,0.0650889812613,0.00534781523153,reversal_1w
2025-05-26,0.013986013986,0.00391802653893,0.000663207709775,0.623072959782,0.0287034256499,0.0290467230477,0.00141674200012,reversal_1w
2025-06-02,0.125874125874,0.0458356544439,0.0391222365183,0.77374866957,0.0174043871833,0.0626204416726,0.00569566188892,reversal_1w
2025-06-09,0.153846153846,-0.00139204026529,-0.0012285341439,0.653905603263,0.0709880864343,0.0667020452039,0.00674397756686,reversal_1w
2025-06-16,0.153846153846,0.035522171667,0.0134837441619,0.837395476088,0.0397550527733,0.0528399398281,0.0053291337699,reversal_1w
2025-06-23,0.230769230769,0.013297633929,0.0315287855456,0.602187610869,0.0427903402544,0.0550493588793,0.00553172705225,reversal_1w
2025-06-30,0.181818181818,0.00097948566605,0.00836955391233,0.754844840214,0.0463199662918,0.0554793626648,0.00373626796434,reversal_1w
2025-07-07,0.426573426573,0.0140080063484,0.0338008506716,0.768279642397,0.0329047289035,0.0278325184426,0.00109504816458,reversal_1w
2025-07-14,0.0839160839161,0.0239469037936,0.0145779398187,0.737446998916,0.0217882042239,0.0421771295986,0.00285926012247,reversal_1w
2025-07-21,-0.013986013986,0.000284380710261,0.00822051862142,0.550469618475,0.0486837134927,0.0502242549621,0.00398301598481,reversal_1w
2025-07-28,-0.0769230769231,-0.017378930199,-0.0156840548626,0.407759683698,0.0290940125751,0.0407087909571,0.002556938064,reversal_1w
2025-08-04,0.34965034965,-0.00250503141069,0.0198697919781,0.587762048907,0.0382111396189,0.0636749131176,0.0074422893977,reversal_1w
2025-08-11,0.167832167832,0.0256127204566,0.0319101317141,0.722030677176,0.0885547549981,0.0611232454612,0.00540574022671,reversal_1w
2025-08-18,0.188811188811,-0.00891625209367,0.00574249352279,0.591249556523,0.0321263355011,0.0348654512162,0.00208318807629,reversal_1w
2025-08-25,-0.482517482517,-0.0159592083185,-0.0262411798673,0.315261753256,0.0304988857125,0.0384252802176,0.00206267874755,reversal_1w
2025-09-01,-0.34965034965,-0.0587978631529,-0.0513104341572,0.246145919565,0.0222914703497,0.0643817698338,0.00684574874538,reversal_1w
2025-09-08,-0.0979020979021,-0.00987065456302,-0.0521102051213,0.586771289129,0.0634596723786,0.075931287584,0.0120428121299,reversal_1w
2025-09-15,0.160839160839,0.0260835942911,0.0224032822815,0.858280825001,0.0497012098596,0.0707316499959,0.00844378670346,reversal_1w
2025-09-22,-0.111888111888,-0.000586249169162,-0.0162837077874,0.565885940216,0.0316476587607,0.0377756921973,0.00260306497155,reversal_1w
2025-09-29,0.216783216783,0.0669968836061,0.119125835025,0.582293021734,0.0329934849047,0.0581234638059,0.00572601346142,reversal_1w
2025-10-06,-0.020979020979,-0.0221788758222,0.00415656368264,0.753854080435,0.0648471564103,0.0776915556323,0.0135513627297,reversal_1w
2025-10-13,0.286713286713,0.0114408957676,0.0305997363746,0.660365390215,0.0772711062166,0.0513731060965,0.00949793235405,reversal_1w
2025-10-20,-0.188811188811,-0.00840881882739,-0.0389288976371,0.544009831524,0.0400833859659,0.068993411099,0.0075480565603,reversal_1w
2025-10-27,0.370629370629,0.017456368564,0.0173027913991,0.716561650003,0.0268009449175,0.0646322698996,0.00535824067473,reversal_1w
2025-11-03,0.118881118881,0.00252272280329,0.0272735148939,0.643958308696,0.0570027025903,0.0558319877193,0.00561592749661,reversal_1w
2025-11-10,-0.433566433566,-0.0113575980844,-0.0552826573699,0.638489281523,0.0522224014248,0.0656662324578,0.00646855271125,reversal_1w
2025-11-17,0.286713286713,0.0176572243657,0.0787637655597,0.634011014128,0.0413070939566,0.0645877892319,0.00595558335587,reversal_1w
2025-11-24,0.244755244755,0.0294974343471,0.0590248056171,0.7339594913,0.0829330408401,0.0622572076823,0.00560913609597,reversal_1w
2025-12-01,0,0.00247980090618,0.0143388879343,0.691198033695,0.0526458101598,0.0700960485525,0.00753060767788,reversal_1w
2025-12-08,0.0839160839161,-0.00781339252682,0.00164242288002,0.611144145658,0.031536675618,0.031709668703,0.00186968088762,reversal_1w
2025-12-15,-0.237762237762,-0.0133835447933,-0.0414824692056,0.440573846736,0.0320468042991,0.042759442005,0.00365504014837,reversal_1w
2025-12-22,0.125874125874,8.59453703832e-05,-0.00256726491716,0.634011014128,0.0388646599091,0.0408826012618,0.00430515534005,reversal_1w
2024-01-08,0.48951048951,0.00320268319198,0.0321180271686,0.691198033695,0.0747590961067,0.064503945699,0.00631316142732,momentum_4w
2024-01-15,0.118881118881,-0.00138729409007,0.00667348046106,0.606665878264,0.0657435685134,0.0693929226944,0.00576154846744,momentum_4w
2024-01-22,0.433566433566,0.0150706168692,0.0465030876676,0.691198033695,0.110155196227,0.0843221829272,0.0103938076234,momentum_4w
2024-01-29,0.342657342657,0.00313948192285,0.0307297895425,0.701145328263,0.134563461789,0.110957293806,0.0196442374441,momentum_4w
2024-02-05,0.0699300699301,-0.0225898423389,0.000347284909439,0.491301079351,0.168909943911,0.130398069141,0.0355808615582,momentum_4w
2024-02-12,0,0.00081917484036,0.0140173569976,0.559426153264,0.137674303381,0.163121845635,0.0367000075635,momentum_4w
2024-02-19,0.0699300699301,0.00682837316143,-0.0070316716559,0.524115242389,0.120162195506,0.0945608645919,0.0162899847051,momentum_4w
2024-02-26,0.230769230769,-0.0081436519479,0.0182219848087,0.602187610869,0.118080500987,0.0931697321151,0.0162972420265,momentum_4w
2024-03-04,0.412587412587,0.0375115428734,0.0597356526624,0.811041100002,0.111028935618,0.133123865231,0.0263738876362,momentum_4w
2024-03-11,-0.328671328671,-0.0187094449374,-0.0355101504569,0.464946703265,0.11349266768,0.121290276872,0.0224520541067,momentum_4w
2024-03-18,0.0909090909091,0.0185181361667,0.0176824702387,0.754844840214,0.100246235494,0.0811084051804,0.0103343763944,momentum_4w
2024-03-25,0.132867132867,0.0286745574901,0.0395179300409,0.736456239138,0.103490689269,0.0784513926213,0.0103989567108,momentum_4w
2024-04-01,0.461538461538,0.0135504347901,0.0650779034915,0.747394293484,0.112009660248,0.0704032520575,0.0100300956212,momentum_4w
2024-04-08,-0.0979020979021,0.00679666149027,0.00668563213989,0.555938645648,0.11587346661,0.0926744340574,0.0124856128299,momentum_4w
2024-04-15,-0.00699300699301,0.0276711070626,0.0113018292804,0.665834417387,0.109224921198,0.132729710142,0.0306145820007,momentum_4w
2024-04-22,-0.461538461538,-0.00141183949838,-0.0645740223333,0.493282598908,0.0747045124223,0.145424465673,0.0305283954435,momentum_4w
2024-04-29,-0.125874125874,-0.0135024095236,0.000405969338642,0.472397249995,0.0657009911685,0.0695583533227,0.00681659477757,momentum_4w
2024-05-06,-0.657342657343,-0.0405282528153,-0.0605446269331,0.162604523912,0.0797961945418,0.0963895174112,0.0118191485263,momentum_4w
2024-05-13,0.0979020979021,0.000304107639271,0.000442458858803,0.64843657609,0.0423509839178,0.0438188739554,0.00342135303934,momentum_4w
2024-05-20,0.356643356643,0.04719168038,0.0770332647101,0.862759092396,0.0778496763894,0.102214688079,0.0137437523145,momentum_4w
2024-05-27,0.377622377622,0.0166835067894,0.0335777938361,0.72650894457,0.0649848397973,0.0955319955757,0.0108883578491,momentum_4w
2024-06-03,0.573426573427,0.0178352808678,0.0621537689071,0.747394293484,0.0745056198511,0.0551519257307,0.00572273110166,momentum_4w
2024-06-10,0.566433566434,0.0266404257637,0.0656330989087,0.879166173915,0.100012051729,0.0721688088714,0.0114825662327,momentum_4w
2024-06-17,-0.79020979021,-0.044748925975,-0.0778171235331,0.282447590219,0.124363295312,0.135858897338,0.0372167808284,momentum_4w
2024-06-24,-0.65034965035,-0.0247288480966,-0.0601459565335,0.282447590219,0.101827856904,0.106683222926,0.0202793800176,momentum_4w
2024-07-01,0.265734265734,0.00179560162392,0.0427808381632,0.712083382609,0.0567952781178,0.0688515096392,0.00678371394303,momentum_4w
2024-07-08,-0.216783216783,-0.000574560914819,-0.01266594011,0.486822811957,0.120702493171,0.120814539957,0.028659314706,momentum_4w
2024-07-15,-0.146853146853,-0.0219716884252,-0.0375092802067,0.55494788587,0.115143673445,0.153299233214,0.0374394821956,momentum_4w
2024-07-22,0.020979020979,0.00799772483649,0.00717924644211,0.503229893476,0.126439884143,0.0813303281238,0.0174795165821,momentum_4w
2024-07-29,0.034965034965,0.018844915279,0.05204216528,0.565885940216,0.0778138714373,0.0615069745977,0.00683914186776,momentum_4w
2024-08-05,0.0559440559441,-0.000353563269461,-0.0238474846184,0.64843657609,0.0851843016229,0.160822210151,0.0342514593715,momentum_4w
2024-08-12,-0.741258741259,-0.0503277977413,-0.096902807216,0.267031268478,0.106456005681,0.200100971219,0.0589026902597,momentum_4w
2024-08-19,0.0909090909091,0.0181568249569,0.028198448932,0.702136088041,0.0656390052499,0.0547764194628,0.00427285905251,momentum_4w
2024-08-26,-0.041958041958,-0.00875324686768,-0.00179121400989,0.590258796745,0.0764704819147,0.0811975157359,0.0119987846016,momentum_4w
2024-09-02,-0.398601398601,-0.0202881528298,-0.0333906127821,0.455990168476,0.0643997287688,0.135649227022,0.0252881632038,momentum_4w
2024-09-09,-0.181818181818,-0.0380920278668,-0.0670243995666,0.377917799996,0.0468672519729,0.105346056184,0.0165350653511,momentum_4w
2024-09-16,0.0769230769231,0.00286987028506,0.0206007172291,0.664843657609,0.0547066414305,0.0447681896032,0.00392941947282,momentum_4w
2024-09-23,0.0769230769231,0.00776557265363,-0.0228420062864,0.763801375002,0.0664825094794,0.0585154591694,0.0100263827992,momentum_4w
2024-09-30,-0.202797202797,-0.0284852152112,-0.0443192011399,0.367970505429,0.0871853812377,0.0817661444818,0.0132833583674,momentum_4w
2024-10-07,-0.0909090909091,0.0236454167379,0.0114452496941,0.663852897831,0.0970473714023,0.152416781085,0.0317910476716,momentum_4w
2024-10-14,0.0629370629371,0.0117940298903,0.0126113949039,0.759323107608,0.0707607042759,0.0856902900527,0.0101154765527,momentum_4w
2024-10-21,-0.342657342657,-0.0113592529635,-0.0687737758857,0.561407672821,0.0918478384589,0.0970277707329,0.0178890848856,momentum_4w
2024-10-28,-0.041958041958,-0.0121336670061,-0.00430969075295,0.465937463044,0.0611103126078,0.0811990051224,0.0102509703206,momentum_4w
2024-11-04,0.195804195804,-0.0146989398298,0.0207941687923,0.680259979349,0.0678515715923,0.101723862986,0.017345958718,momentum_4w
2024-11-11,0.244755244755,0.0317746330123,0.0411436518328,0.852811797829,0.150861240514,0.109547145442,0.0275532496495,momentum_4w
2024-11-18,-0.132867132867,-0.000601059926292,-0.0130473651834,0.590258796745,0.163317916989,0.112511967534,0.0215993910266,momentum_4w
2024-11-25,-0.384615384615,-0.0331997587011,-0.0538902731795,0.282447590219,0.114430694611,0.0958783349201,0.0160035573853,momentum_4w
2024-12-02,0.020979020979,0.0160036673557,0.0136622345841,0.747394293484,0.116437595897,0.0786428230046,0.0107232654383,momentum_4w
2024-12-09,0.405594405594,0.0223336327502,0.0774166602969,0.821979154348,0.108174521966,0.083754216468,0.0130807895054,momentum_4w
2024-12-16,0.391608391608,0.0215975359642,0.0250596330262,0.696667060868,0.150671383562,0.12820626698,0.0315476420173,momentum_4w
2024-12-23,-0.048951048951,0.0156598404321,0.0287919377446,0.731977971743,0.15111739599,0.117041584616,0.0200807207256,momentum_4w
2024-12-30,-0.41958041958,-0.0396110645579,-0.0721883519217,0.339634609785,0.178005695272,0.143569318355,0.0434795140291,momentum_4w
2025-01-06,-0.321678321678,-0.00223234571266,-0.0220064529805,0.534062536956,0.136354251199,0.107694051548,0.0216496156227,momentum_4w
2025-01-13,0.00699300699301,0.0105036064295,-0.0102809429899,0.674790952176,0.103846317136,0.0774272292172,0.010536165981,momentum_4w
2025-01-20,-0.447552447552,-0.043522151713,-0.0980750667796,0.356041691304,0.0546774332188,0.0979012186866,0.0126850633946,momentum_4w
2025-01-27,-0.293706293706,-0.00318026158574,-0.035469291281,0.504220653254,0.0702387762644,0.0997744150804,0.0160284006589,momentum_4w
2025-02-03,-0.020979020979,-0.00726645615432,-0.0351153680445,0.643958308696,0.0777056734478,0.0774883903361,0.00942549591784,momentum_4w
2025-02-10,-0.398601398601,-0.0241792798256,-0.0360312278949,0.444061354352,0.0840957283237,0.092636351921,0.0119897662793,momentum_4w
2025-02-17,0.13986013986,0.0235605732376,0.0454951173478,0.608647397821,0.0907534890352,0.0693422375973,0.010969611829,momentum_4w
2025-02-24,0.916083916084,0.0545759985216,0.112417592539,0.952760275,0.0987626955357,0.0419094894032,0.00319935628405,momentum_4w
2025-03-03,-0.13986013986,0.00286382819263,-0.00324358750432,0.49229183913,0.106009160881,0.0923995516362,0.0122092005147,momentum_4w
2025-03-10,-0.041958041958,-0.0380352154993,-0.0275872863049,0.347085156515,0.0925550911861,0.111866668183,0.0169857667119,momentum_4w
2025-03-17,0.181818181818,-0.0088566064715,0.00651100099993,0.477866277168,0.0931277558243,0.123179826102,0.0197937435291,momentum_4w
2025-03-24,0.230769230769,0.0246509931419,0.0041174849235,0.858280825001,0.0749077897181,0.0620805864188,0.0110720941187,momentum_4w
2025-03-31,0.034965034965,0.0138364018286,0.022321820708,0.595727823918,0.0637035929859,0.0624955537148,0.00997118712306,momentum_4w
2025-04-07,-0.251748251748,-0.0407063640487,-0.0827950925867,0.362501478256,0.0716630364686,0.244635010579,0.073273159446,momentum_4w
2025-04-14,-0.223776223776,-0.0259315056769,-0.0674035615392,0.42963579239,0.0791063001771,0.0774629794476,0.0126433690871,momentum_4w
2025-04-21,-0.363636363636,0.0071575373382,-0.0177120529811,0.637498521744,0.0923215859763,0.201678675446,0.0527100168296,momentum_4w
2025-04-28,-0.00699300699301,-0.0276195191858,-0.0423196405354,0.485832052178,0.0741070726488,0.0866351760531,0.0100391407891,momentum_4w
2025-05-05,0.104895104895,0.00752352737544,0.048632787112,0.61760393261,0.0928862728197,0.111568709707,0.0186000196593,momentum_4w
2025-05-12,0.601398601399,0.0429904938727,0.0753823032573,0.852811797829,0.0755500496465,0.0554973393303,0.00455894454314,momentum_4w
2025-05-19,0.125874125874,-0.0141748042849,0.0149534303686,0.424166765217,0.16967464565,0.269098799698,0.093972624056,momentum_4w
2025-05-26,0.216783216783,0.0121696348578,0.0212409984371,0.608647397821,0.125520656855,0.117091250916,0.0165975847844,momentum_4w
2025-06-02,0.167832167832,-0.0237163217488,-0.0189956317012,0.424166765217,0.109872639686,0.114153473553,0.0218503406239,momentum_4w
2025-06-09,-0.202797202797,-0.00094464550627,-0.00969085921668,0.64843657609,0.0869444305789,0.125671936175,0.0191885129437,momentum_4w
2025-06-16,-0.503496503497,-0.0218302092028,-0.0733921419388,0.506717401092,0.0737570242166,0.0880078420488,0.0101712276474,momentum_4w
2025-06-23,0.314685314685,-0.0182311516166,0.00270132397514,0.504220653254,0.0852384771355,0.0551123061832,0.00938560648405,momentum_4w
2025-06-30,-0.265734265734,-0.021055376345,-0.0135139757376,0.324218288045,0.106733304889,0.12558170523,0.0262520548271,momentum_4w
2025-07-07,0.405594405594,0.00970643964789,0.0181190063375,0.652914843485,0.0674923135134,0.0797640616493,0.00867194559204,momentum_4w
2025-07-14,0.363636363636,0.0423743056984,0.0328708063269,0.931874926087,0.0680665153385,0.0742957344852,0.00765983327675,momentum_4w
2025-07-21,0.230769230769,0.0138525450842,0.0135681643739,0.747394293484,0.0915056645129,0.0789682938315,0.00904343606815,momentum_4w
2025-07-28,0.370629370629,0.019383482864,0.0197251955778,0.821979154348,0.0767853453782,0.0803845685492,0.00862306480574,momentum_4w
2025-08-04,-0.363636363636,0.00925987253552,-0.0777605395754,0.539531564129,0.0943936045411,0.0953488168385,0.0178272782224,momentum_4w
2025-08-11,-0.034965034965,-0.00163990274242,-0.0339980242805,0.774739429348,0.105399380546,0.103368867662,0.0165486277751,momentum_4w
2025-08-18,-0.608391608392,-0.016046013798,-0.0393927431248,0.308801966305,0.064004853252,0.0873977081203,0.0100625981881,momentum_4w
2025-08-25,0.020979020979,0.00891765276258,0.00502043007924,0.67130344456,0.0578664382344,0.050175106735,0.00412220215611,momentum_4w
2025-09-01,0.538461538462,0.045817973914,0.102347070174,0.791146510867,0.0736661826474,0.0585909997653,0.00497991066507,momentum_4w
2025-09-08,0.0769230769231,0.0302926545203,0.0390710180107,0.566876699994,0.100841790048,0.079735708489,0.00954592353323,momentum_4w
2025-09-15,0.440559440559,0.0367784781452,0.0508774176049,0.916458604347,0.112317686208,0.0950102376112,0.0127965168136,momentum_4w
2025-09-22,-0.132867132867,-0.00901009146423,-0.0137655863731,0.472397249995,0.140770281051,0.145308929386,0.039056110683,momentum_4w
2025-09-29,-0.0559440559441,0.019203733791,-0.0261782969541,0.663852897831,0.114304102419,0.103141566528,0.0160356301636,momentum_4w
2025-10-06,-0.146853146853,-0.0364749708533,-0.0134322956331,0.418697738044,0.12753132703,0.1599669698,0.0393767670765,momentum_4w
2025-10-13,0.167832167832,0.0134918382855,-0.000347022472679,0.79661553804,0.118508127242,0.0771692529477,0.0118658452956,momentum_4w
2025-10-20,0.202797202797,0.0258043058772,0.0304552978678,0.832917208694,0.150052209113,0.0826719467018,0.0178964632724,momentum_4w
2025-10-27,0.167832167832,0.00568489405283,0.052610399946,0.513177188043,0.185328535898,0.117334728661,0.0417764146254,momentum_4w
2025-11-03,-0.307692307692,0.010288046714,0.00776532391067,0.498751626081,0.161201705293,0.135097556775,0.0439897609192,momentum_4w
2025-11-10,0.384615384615,0.0321786375516,0.0460806696624,0.77374866957,0.105455007741,0.082743463977,0.0125071202093,momentum_4w
2025-11-17,0.258741258741,0.0250464197287,0.0166119322318,0.762810615224,0.119215911389,0.115742494833,0.0254849113651,momentum_4w
2025-11-24,-0.454545454545,-0.0295273712699,-0.0549462895814,0.372448772823,0.136556765129,0.153618232785,0.0324284227856,momentum_4w
2025-12-01,-0.412587412587,-0.0330979467365,-0.0344691149049,0.268022028257,0.115282131352,0.101295367524,0.0172895950363,momentum_4w
2025-12-08,-0.160839160839,-0.0369624604704,-0.0248645166522,0.235207865219,0.0610361835173,0.0593618027328,0.00703962410278,momentum_4w
2025-12-15,-0.125874125874,-0.0186979441852,-0.0249756317049,0.612134905437,0.0779030296561,0.0760823721882,0.00743804463937,momentum_4w
2025-12-22,-0.167832167832,0.00034478803612,-0.0129471918647,0.569373447832,0.101443008004,0.0704864517509,0.0114230045101,momentum_4w
2024-01-08,0.202797202797,-0.0186696833224,-0.0115685107086,0.611144145658,0.00161303339454,0.0469610408327,0.00291994470693,ridge
2024-01-15,-0.146853146853,0.0157171063012,0.0325275498634,0.525106002167,0.0013319104436,0.0598734321025,0.00522039117115,ridge
2024-01-22,0.048951048951,-0.0393235072402,-0.0397447761755,0.398803148909,0.000930764091255,0.0287141942424,0.00225256586897,ridge
2024-01-29,0.342657342657,0.0159085084156,0.0300774742438,0.763801375002,0.00120606984486,0.0439758678782,0.00462285665099,ridge
2024-02-05,-0.643356643357,-0.0359030172817,-0.057621255459,0.315261753256,0.00107866732704,0.045980631875,0.00379672728917,ridge
2024-02-12,0.153846153846,-0.0062448958836,-0.00907963333194,0.607656638042,0.00158754350693,0.0346564516869,0.00177715029922,ridge
2024-02-19,0.503496503497,0.015253009745,0.0448880646957,0.748385053262,0.000958959004812,0.0296336256622,0.00208003570768,ridge
2024-02-26,0.391608391608,0.0049343875014,0.031300024258,0.691198033695,0.00130979756432,0.0467952360842,0.00369192582434,ridge
2024-03-04,0.188811188811,-0.0152092138157,-0.00584315707554,0.664843657609,0.00138583367807,0.0451861252812,0.00345289785007,ridge
2024-03-11,-0.440559440559,-0.0185655427088,-0.0363576176194,0.377917799996,0.00154659132906,0.0417043918822,0.00245963186193,ridge
2024-03-18,0.244755244755,-0.032055479725,-0.0172176246281,0.569373447832,0.00174382606192,0.0527318241011,0.00478562895838,ridge
2024-03-25,-0.244755244755,-0.00917115130876,-0.0510899715948,0.548488098918,0.00121252476934,0.0297601001477,0.00186985307457,ridge
2024-04-01,0.0839160839161,0.0118493229094,0.00595120975836,0.603178370648,0.000973381639383,0.0327243791875,0.00172602108376,ridge
2024-04-08,0.013986013986,0.000111029350373,0.0104918851151,0.603178370648,0.00121185941102,0.0229222239241,0.000777588791178,ridge
2024-04-15,-0.461538461538,-0.0425555278312,-0.0580651801903,0.325209047824,0.00094811608182,0.085192664367,0.00923481354111,ridge
2024-04-22,0.629370629371,0.063897551778,0.0871993887953,0.915467844568,0.0012608409514,0.0707322687266,0.00712616462505,ridge
2024-04-29,0.0559440559441,-0.001705294097,0.0132073304623,0.64843657609,0.000685450947548,0.0298150281498,0.00155264784375,ridge
2024-05-06,-0.342657342657,-0.0361799792538,-0.0454720219443,0.318749260872,0.00126556029911,0.027673546285,0.00133305406295,ridge
2024-05-13,0.79020979021,0.0228050912959,0.0395988411128,0.868228119569,0.0015600822532,0.0288160275076,0.00117094662727,ridge
2024-05-20,0.202797202797,0.0400816916883,0.0741872904218,0.713074142387,0.000981320228829,0.0313626157241,0.00248282522167,ridge
2024-05-27,-0.0909090909091,-0.00419602541529,-0.0341152623542,0.529584269562,0.0009589800973,0.0292689702957,0.00131785462801,ridge
2024-06-03,0.426573426573,0.014774888229,0.0416648359602,0.753854080435,0.000691486375104,0.0374566160308,0.00222759928141,ridge
2024-06-10,-0.405594405594,-0.0272199983251,-0.0859776347462,0.456980928255,0.00106705041428,0.0589978557408,0.0067440715879,ridge
2024-06-17,0.188811188811,-0.012852216245,-0.00674891105102,0.477866277168,0.00124653938351,0.0311442431545,0.00195832168203,ridge
2024-06-24,-0.454545454545,-0.0435756387197,-0.0524614577047,0.193437167392,0.00133642609368,0.0260564873986,0.00118809192515,ridge
2024-07-01,0.251748251748,-0.0246297945048,0.0214052078577,0.428645032612,0.00150948401691,0.0661568005389,0.00895730535858,ridge
2024-07-08,0.356643356643,0.0118687743887,0.0337051282663,0.706614355436,0.00113635196883,0.02650698996,0.00113958503739,ridge
2024-07-15,-0.286713286713,0.0039758297975,-0.0521077181151,0.638489281523,0.00162187904179,0.0794298859476,0.00847987965642,ridge
2024-07-22,-0.587412587413,-0.0254367580268,-0.0408756155685,0.219791543479,0.00203799003772,0.0488665897857,0.00294915763107,ridge
2024-07-29,-0.426573426573,-0.0176876014306,-0.0549317656132,0.36697974565,0.00158172316661,0.0495844557787,0.00420604057661,ridge
2024-08-05,-0.412587412587,-0.0394922052528,-0.0691686013407,0.24166765217,0.00163576077986,0.0372215932362,0.00255042444678,ridge
2024-08-12,0.58041958042,0.0600622660809,0.0917235107807,0.85927158478,0.00136090832386,0.0655513720613,0.00748308572619,ridge
2024-08-19,0.258741258741,-0.00455563187722,0.0133021223289,0.602187610869,0.000846884992791,0.0197360049808,0.000616879038841,ridge
2024-08-26,-0.629370629371,-0.037895032523,-0.0555297669733,0.178020845652,0.00149292337659,0.0276053028709,0.00149719366619,ridge
2024-09-02,-0.342657342657,-0.00715460779411,-0.0202570677464,0.462449955428,0.00150653614335,0.0671550396666,0.00614031814751,ridge
2024-09-09,0.713286713287,0.0790627450358,0.103281410176,0.942812980433,0.00148612093737,0.0754774289131,0.00928988305671,ridge
2024-09-16,0.0629370629371,0.0121757078708,0.00201128571827,0.806562832608,0.000909450100447,0.0232175366394,0.000817845181466,ridge
2024-09-23,0.741258741259,0.0197140070396,0.0653618346258,0.821979154348,0.00141349237685,0.0379452974719,0.00382289448233,ridge
2024-09-30,0.328671328671,-0.00820131241618,0.0181748274967,0.487813571735,0.00109964706365,0.030425602688,0.00132079720007,ridge
2024-10-07,-0.0769230769231,-0.0070268542628,-0.0157609328826,0.529584269562,0.00175835401245,0.0375100643669,0.00270950680458,ridge
2024-10-14,-0.160839160839,-0.00773043127598,-0.0133880415258,0.590258796745,0.00189362769715,0.0256667742911,0.00109112185254,ridge
2024-10-21,0.0699300699301,0.049466221538,0.056788334896,0.595727823918,0.00117369687081,0.0352999875134,0.00425944922392,ridge
2024-10-28,-0.447552447552,-0.00304950606796,-0.0423472224981,0.49229183913,0.000698942020946,0.0552238919794,0.0036709921338,ridge
2024-11-04,0.685314685315,0.0947008319934,0.13559200249,1,0.00150899138852,0.0666258700186,0.00947213042195,ridge
2024-11-11,0.146853146853,0.0133250170728,0.0274169249885,0.752863320657,0.000754857096705,0.060381562317,0.00550783758559,ridge
2024-11-18,0.41958041958,0.0447299985496,0.0484628439215,1,0.00185494692565,0.0239272778283,0.00124125068071,ridge
2024-11-25,-0.41958041958,-0.0134775459021,-0.0209650021304,0.392343361958,0.0011712542779,0.0322953533329,0.00134078120648,ridge
2024-12-02,0.167832167832,0.0135189869671,0.0140518780869,0.71109262283,0.00162499385167,0.0515796865815,0.00393602498034,ridge
2024-12-09,-0.293706293706,-0.0102786429613,-0.0668586261173,0.595727823918,0.0009257153612,0.0605740228906,0.00815469800797,ridge
2024-12-16,-0.405594405594,-0.000107371398802,-0.0270883160265,0.574842475004,0.000933029513888,0.0403602885834,0.00266409423887,ridge
2024-12-23,-0.020979020979,-0.00142518355837,0.00371724338265,0.611144145658,0.00196856992386,0.0209843568841,0.000824455131819,ridge
2024-12-30,0.0909090909091,-0.00625438103435,0.00404364619891,0.397812389131,0.00191310848512,0.0465002237114,0.00319736325808,ridge
2025-01-06,-0.314685314685,0.0183733598481,-0.0100131910427,0.63302025435,0.00261541230933,0.034336590197,0.00174666285881,ridge
2025-01-13,0.615384615385,0.0298569210087,0.0753102859487,0.817500886953,0.0021271808377,0.0385229961465,0.00220940601529,ridge
2025-01-20,-0.615384615385,-0.0759824972537,-0.139320227472,0.329687315218,0.00140494047623,0.076608994678,0.00855917285866,ridge
2025-01-27,-0.461538461538,-0.0601010557796,-0.103517523684,0.407759683698,0.0014443847418,0.0644375350095,0.0060539486583,ridge
2025-02-03,-0.0559440559441,0.0435435595859,0.00835490365277,0.811041100002,0.00227412257864,0.0480022863738,0.0036359109661,ridge
2025-02-10,0.160839160839,-0.0165350030209,0.00764427680468,0.398803148909,0.00133020516668,0.0338617811775,0.00169412752765,ridge
2025-02-17,-0.314685314685,-0.0436919953948,-0.0378862572177,0.256093214132,0.00107615321309,0.0531551620885,0.00382940262767,ridge
2025-02-24,-0.41958041958,-0.0479383060824,-0.0848523648692,0.319740020651,0.00122164917403,0.0633862139813,0.00551999306976,ridge
2025-03-03,-0.34965034965,-0.042508292574,-0.0461001372306,0.214322516306,0.00148719413749,0.0412320498478,0.0029643101174,ridge
2025-03-10,0.230769230769,0.0488979654747,0.0560827768441,0.78916499131,0.00134249943181,0.0448862120379,0.00306667503885,ridge
2025-03-17,-0.328671328671,-0.0161269127235,-0.0368602751774,0.508698920649,0.000789661909636,0.0257924283798,0.000965475779591,ridge
2025-03-24,-0.566433566434,0.0093403141345,-0.0106889597436,0.413228710871,0.00150748911098,0.0515720569721,0.00365598350986,ridge
2025-03-31,-0.321678321678,0.00262704410963,-0.0224354478112,0.465937463044,0.00136254105807,0.131570698271,0.0202687768162,ridge
2025-04-07,0.188811188811,-0.00880364056519,0.0234148458523,0.564895180437,0.00205550262692,0.0787494301317,0.00981243985889,ridge
2025-04-14,-0.0559440559441,-0.0221224505886,-0.000149050591955,0.44505211413,0.00149558925709,0.0791319152361,0.00742153144601,ridge
2025-04-21,0.818181818182,0.0337752844592,0.0741251485352,0.900051522828,0.00208104203498,0.0855795355913,0.00910089042935,ridge
2025-04-28,-0.111888111888,-0.0064060357361,-0.0492955142669,0.602187610869,0.000890872175302,0.0419501607895,0.00295894202016,ridge
2025-05-05,0.643356643357,0.0502294033088,0.0526992312814,0.963698329346,0.00158718401145,0.0344140133333,0.00220954590044,ridge
2025-05-12,0.307692307692,0.0278212962425,0.0408353514906,0.629532746734,0.000767994670083,0.0883988875927,0.010213634474,ridge
2025-05-19,0.167832167832,0.00550135129138,0.00844476194927,0.612134905437,0.000762257746995,0.0378539214267,0.00196987769706,ridge
2025-05-26,0.251748251748,0.000208272694856,0.0191478790101,0.555938645648,0.00114749306968,0.0303966410205,0.00150813537115,ridge
2025-06-02,0.27972027972,-0.0141527052276,-0.00893848450683,0.525106002167,0.00119633669973,0.0511835965888,0.00491490291775,ridge
2025-06-09,-0.216783216783,0.011513295338,-0.00921039219674,0.742916026089,0.00188038673601,0.0330353620178,0.00199643185594,ridge
2025-06-16,0.566433566434,0.0505890405167,0.109093788534,0.79661553804,0.000837714320697,0.0373298537729,0.00233253320263,ridge
2025-06-23,0.391608391608,0.0131749116056,0.061927629392,0.592240316302,0.00100715065345,0.0504197119607,0.00392082759257,ridge
2025-06-30,-0.307692307692,-0.0263543763296,-0.0367605688766,0.329687315218,0.00124063663065,0.0268028688007,0.00158813824939,ridge
2025-07-07,0.34965034965,0.0140080063484,0.0338008506716,0.629532746734,0.00136044589556,0.0168676034194,0.000474666921828,ridge
2025-07-14,0.643356643357,0.0486496658036,0.078426868261,0.98458367826,0.000719336315131,0.0387203825276,0.00207540339053,ridge
2025-07-21,-0.20979020979,0.00271209523011,-0.0050856460558,0.587762048907,0.000781432936778,0.0245985657534,0.00094215054279,ridge
2025-07-28,0.181818181818,0.0122078215285,0.026669674636,0.634011014128,0.000936882261817,0.0354645329303,0.00171497613504,ridge
2025-08-04,0.293706293706,-0.0596343527122,-0.026567351777,0.544009831524,0.000804068817826,0.0632231876782,0.00696109002415,ridge
2025-08-11,0.328671328671,0.0407488903411,0.043862278644,1,0.00134878300798,0.0189075378816,0.00123456860556,ridge
2025-08-18,-0.356643356643,0.00316236339573,-0.0201843659311,0.679269219571,0.000949084974831,0.0304043979251,0.00115585285954,ridge
2025-08-25,-0.636363636364,-0.0159592083185,-0.0304693201151,0.287916617391,0.000974853420623,0.0197323571863,0.000496774613258,ridge
2025-09-01,-0.0839160839161,-0.052424898194,-0.0657431965413,0.423176005439,0.000815664228259,0.0553733850826,0.00491810128697,ridge
2025-09-08,0.328671328671,0.0240374915439,0.0582922566597,0.732968731522,0.00095635264217,0.0562751207786,0.00574712130777,ridge
2025-09-15,0.223776223776,0.00220058151835,-0.00338743049692,0.728490464127,0.000676614168244,0.0280206500692,0.00120271252539,ridge
2025-09-22,-0.125874125874,-0.00781133733383,-0.00422330701118,0.496770106524,0.00106410789789,0.0295887091203,0.00105672603354,ridge
2025-09-29,0.125874125874,0.0246388937072,0.0649289023362,0.705623595657,0.00130001641058,0.0523768685324,0.00592734782957,ridge
2025-10-06,-0.286713286713,-0.0337246085512,-0.0164256215809,0.365988985872,0.00136267290317,0.0554018210299,0.00870081066886,ridge
2025-10-13,0.265734265734,0.0354952978557,0.0406832173783,0.79661553804,0.00142443498479,0.0428741768773,0.00287515199531,ridge
2025-10-20,-0.13986013986,-0.000178205298594,0.00447278669198,0.611144145658,0.00113398636679,0.0286534566084,0.00134894815035,ridge
2025-10-27,0.300699300699,0.00813155057077,0.0637519141021,0.555938645648,0.00122730849679,0.0409757669124,0.00290784401958,ridge
2025-11-03,-0.384615384615,-0.000610591967249,-0.0193637351748,0.42963579239,0.00148156140029,0.0511772660042,0.00323479691608,ridge
2025-11-10,-0.34965034965,-0.0215852498629,-0.058246894365,0.527602750005,0.00151384433884,0.0323942781708,0.00181728756204,ridge
2025-11-17,-0.440559440559,-0.0832280947875,-0.103060339589,0.262553001084,0.00118171211456,0.0629307563629,0.00694004050006,ridge
2025-11-24,0.265734265734,0.0211131742054,0.0394563850477,0.774739429348,0.002082815655,0.0564653391279,0.00523641959508,ridge
2025-12-01,-0.041958041958,-0.0124600138273,-0.00553021696219,0.408750443477,0.00104359861484,0.0214555112071,0.000914779776772,ridge
2025-12-08,0.160839160839,0.000889140414636,0.00507538908553,0.728490464127,0.0012366013942,0.0274519596655,0.00131831356694,ridge
2025-12-15,0.181818181818,-0.000596438945776,0.0201841758979,0.462449955428,0.00136662517691,0.0311312165463,0.00155995965002,ridge
2025-12-22,0.356643356643,0.00988361178025,0.029496247668,0.67130344456,0.00120131240936,0.0251333942317,0.00138685422869,ridge
